paragraph_id,text,article_title,article_url,source_portal,publish_date,aceh_confidence,word_count,query_used,collector,topic,topic_score,topic_method,sentiment,sentiment_pos_count,sentiment_neg_count,sentiment_method,labeling_notes
39,"Menurutnya, kolaborasi yang dibangun mencakup pengembangan kapasitas sumber daya manusia, akses pembiayaan, penguatan jejaring kemitraan, adopsi teknologi, hingga penyusunan regulasi yang mendukung pertumbuhan startup dan technopreneur.",Pemko Banda Aceh Dukung Deklarasi Nasional Pengembangan Startup Digital dan Techpreneur 2026,https://www.noa.co.id/pemko-banda-aceh-dukung-deklarasi-nasional-pengembangan-startup-digital-dan-techpreneur-2026/,noa.co.id,2026-06-23,medium,26,startup Aceh,Aulia,,4.0,needs_review,positive,6,0,auto,
47,"Harapannya, inovasi yang lahir dari Banda Aceh tidak hanya mampu bersaing di tingkat nasional, tetapi juga menembus pasar internasional serta menjadi motor penggerak ekonomi daerah yang berkelanjutan, ujarnya.",Pemko Banda Aceh Dukung Deklarasi Nasional Pengembangan Startup Digital dan Techpreneur 2026,https://www.noa.co.id/pemko-banda-aceh-dukung-deklarasi-nasional-pengembangan-startup-digital-dan-techpreneur-2026/,noa.co.id,2026-06-23,high,28,startup Aceh,Aulia,,2.0,needs_review,positive,2,0,auto,
110,Banda Aceh (ANTARA) - Kementerian Komunikasi dan Digital (Kemkomdigi) mendukung penuh upaya Pemerintah Kota Banda Aceh untuk mengejar target melahirkan 100startup(perusahaan rintisan digital) dalam jangka waktu lima tahun ke depan melalui program Banda Aceh Academy.,Komdigi dukung target Pemkot Banda Aceh lahirkan 100 startup,https://www.antaranews.com/berita/5085353/komdigi-dukung-target-pemkot-banda-aceh-lahirkan-100-startup,antaranews.com,2025-09-03,high,35,startup Aceh,Aulia,,2.0,needs_review,neutral,1,0,auto,
112,"Pernyataan itu disampaikan Sonny Hendra Sudaryana saat melihat Gedung Banda Aceh Academy yang sedang dalam proses renovasi, turut didampingi langsung Wali Kota Banda Aceh Illiza Sa'aduddin Djamal, di Banda Aceh.",Komdigi dukung target Pemkot Banda Aceh lahirkan 100 startup,https://www.antaranews.com/berita/5085353/komdigi-dukung-target-pemkot-banda-aceh-lahirkan-100-startup,antaranews.com,2025-09-03,high,30,startup Aceh,Aulia,,2.0,needs_review,neutral,0,0,auto,
113,Dirinya mengaku kaget melihat antusiasme Wali Kota Banda Aceh untuk bisa membantu pengembanganstartupdengan target 100startupdalam lima tahun ke depan melalui program Banda Aceh Academy ini.,Komdigi dukung target Pemkot Banda Aceh lahirkan 100 startup,https://www.antaranews.com/berita/5085353/komdigi-dukung-target-pemkot-banda-aceh-lahirkan-100-startup,antaranews.com,2025-09-03,high,25,startup Aceh,Aulia,,0.0,needs_review,neutral,1,0,auto,
114,"Ia menyampaikan, di tengah bonus demografi ini, generasi muda harus memiliki channel untuk menyalurkan bakat mereka, sehingga nantinya tidak mengarah pada hal-hal negatif.",Komdigi dukung target Pemkot Banda Aceh lahirkan 100 startup,https://www.antaranews.com/berita/5085353/komdigi-dukung-target-pemkot-banda-aceh-lahirkan-100-startup,antaranews.com,2025-09-03,medium,23,startup Aceh,Aulia,,1.0,needs_review,neutral,0,0,auto,
116,"Dirinya menegaskan, dukungan pasti Komdigi terhadap pengembangan Banda Aceh Academy ini nantinya melalui program yang sudah berjalan, seperti Digital Talent Scholarship (DTS).",Komdigi dukung target Pemkot Banda Aceh lahirkan 100 startup,https://www.antaranews.com/berita/5085353/komdigi-dukung-target-pemkot-banda-aceh-lahirkan-100-startup,antaranews.com,2025-09-03,high,22,startup Aceh,Aulia,,2.0,needs_review,positive,2,0,auto,
120,"""Jadi harapannya Kota Banda Aceh bisa kontribusi terhadap performa nasional. Karena ini juga mendukung target pemerintah untuk menciptakan 1.000startup,"" katanya.",Komdigi dukung target Pemkot Banda Aceh lahirkan 100 startup,https://www.antaranews.com/berita/5085353/komdigi-dukung-target-pemkot-banda-aceh-lahirkan-100-startup,antaranews.com,2025-09-03,high,20,startup Aceh,Aulia,,1.0,needs_review,positive,3,0,auto,
122,"Dilarang keras mengambil konten, melakukan crawling atau pengindeksan otomatis untuk AI di situs web ini tanpa izin tertulis dari Kantor Berita ANTARA.",Komdigi dukung target Pemkot Banda Aceh lahirkan 100 startup,https://www.antaranews.com/berita/5085353/komdigi-dukung-target-pemkot-banda-aceh-lahirkan-100-startup,antaranews.com,2025-09-03,medium,22,startup Aceh,Aulia,,0.0,needs_review,neutral,0,0,auto,
195,"Kanalinsirasi.com, Banda Aceh | Sebanyak 12 tim terpilih mengikuti private class program Aceh Digital Innovation and Creativity Techfest (ADICT). Kegiatan tersebut merupakan kolaborasi Aneuk Muda Aceh Unggul dan Hebat (AMANAH) bersama Markas Aceh.",AMANAH dan Markas Aceh Kembangkan 12 Startup Lokal,https://www.kanalinspirasi.com/news/amanah-dan-markas-aceh-kembangkan-12-startup-lokal/index.html,kanalinspirasi.com,2024-07-20,high,33,startup Aceh,Aulia,,2.0,needs_review,positive,2,0,auto,
200,"Menurut Muammar, perkembangan startup di Aceh belum signifikan karena terkendala berbagai hal. Melalui ADICT, para peserta akan mendapatkan pendampingan untuk mengatasi kendala-kendala tersebut.",AMANAH dan Markas Aceh Kembangkan 12 Startup Lokal,https://www.kanalinspirasi.com/news/amanah-dan-markas-aceh-kembangkan-12-startup-lokal/index.html,kanalinspirasi.com,2024-07-20,high,23,startup Aceh,Aulia,,0.0,needs_review,neutral,1,1,auto,
206,"Pada kesempatan itu, ia mewakili startup bernama e-tikbroh.yak yang fokus pada pengelolaan sampah melalui sistem digital. Mereka berharap kegiatan ADICT yang diinisiasi AMANAH bisa menambah motivasi generasi muda dalam mengembangkan startup ke depannya.",AMANAH dan Markas Aceh Kembangkan 12 Startup Lokal,https://www.kanalinspirasi.com/news/amanah-dan-markas-aceh-kembangkan-12-startup-lokal/index.html,kanalinspirasi.com,2024-07-20,medium,33,startup Aceh,Aulia,,2.0,needs_review,neutral,0,0,auto,
259,"Karenanya, ketika ada kesempatan kompetisi yang diadakan Belmawa Dikti Kemendikbud dan Kemenpora, UTU mengirimkan banyak proposal bidang kewirausahaan. Hal tersebut merupakan menjadi acuan bahwa semangat kewirausahaan mahasiswa di UTU sangat tinggi.",Telkom Ciptakan Kesetaraan Akses Startup Digital,https://www.cnbcindonesia.com/tech/20230517181431-37-438290/telkom-ciptakan-kesetaraan-akses-startup-digital,cnbcindonesia.com,2023-05-17,low,31,startup Aceh,Aulia,,2.0,needs_review,neutral,0,0,auto,
261,"""Ini menjadi tantangan bersama karena sebenarnya kan startup itu tak ada batasan jarak dan waktu. Semuanya bisa maju berkembang menyediakan layanannya kepada seluruh dunia tanpa melihat lokasinya dari mana,"" sambungnya.",Telkom Ciptakan Kesetaraan Akses Startup Digital,https://www.cnbcindonesia.com/tech/20230517181431-37-438290/telkom-ciptakan-kesetaraan-akses-startup-digital,cnbcindonesia.com,2023-05-17,low,30,startup Aceh,Aulia,,2.0,needs_review,neutral,1,1,auto,
262,"Dia mengapresiasi salah satu upaya PT. Telkom untuk mengajak masyarakat Aceh dengan sokongannya pada program terkait startup seperti IndigoSpace Aceh. Ini dinilainya mampu membuka mata generasi muda atas peluang hadirnya startup baru dari Aceh yang dapat mendunia, dan sejauh ini telah ada 7 startup dari Tanah Rencong tersebut.",Telkom Ciptakan Kesetaraan Akses Startup Digital,https://www.cnbcindonesia.com/tech/20230517181431-37-438290/telkom-ciptakan-kesetaraan-akses-startup-digital,cnbcindonesia.com,2023-05-17,high,48,startup Aceh,Aulia,,1.0,needs_review,neutral,1,0,auto,
266,"Padahal, riset dari Deloitte menunjukkan, praktik inklusi dalam bisnis memiliki dampak langsung terhadap performa perusahaan. Perusahaan yang menduduki peringkat tertinggi pada ranah praktik inklusi bisnis memiliki arus kas 2,3 kali lebih tinggi dan 1,8 kali lebih cepat beradaptasi terhadap perubahan.",Telkom Ciptakan Kesetaraan Akses Startup Digital,https://www.cnbcindonesia.com/tech/20230517181431-37-438290/telkom-ciptakan-kesetaraan-akses-startup-digital,cnbcindonesia.com,2023-05-17,low,40,startup Aceh,Aulia,,1.0,needs_review,neutral,0,0,auto,
267,Studi Deloitte di Australia menyebut kegiatan inklusi bisnis secara keseluruhan diperkirakan mampu menambah PDB negara sebesar US$5miliar (sekitar Rp78 triliun) setiap tahunnya.,Telkom Ciptakan Kesetaraan Akses Startup Digital,https://www.cnbcindonesia.com/tech/20230517181431-37-438290/telkom-ciptakan-kesetaraan-akses-startup-digital,cnbcindonesia.com,2023-05-17,low,22,startup Aceh,Aulia,,2.0,needs_review,neutral,0,0,auto,
324,CEO Telkomsel Ventures Mia Melinda memberikan apresiasi terhadap capaian para peserta.,Telkomsel Ventures Sukses Gelar Demo Day TINC Batch X,https://www.tek.id/future/telkomsel-ventures-sukses-gelar-demo-day-tinc-batch-x-b2nwb9tME,tek.id,"Sat, 25 Oct 2025 07:00:00 GMT",low,11,startup Aceh,Aulia,,2.0,needs_review,neutral,0,0,auto,
325,"Setiap startup menunjukkan dedikasi luar biasa dalam menghadirkan solusi yang tidak hanya inovatif, tetapi juga relevan dengan kebutuhan pasar. Melalui TINC, kami ingin membangun ruang kolaborasi antara korporasi dan startup agar dapat menghadirkan solusi digital yang bermanfaat bagi Indonesia, ujarnya.",Telkomsel Ventures Sukses Gelar Demo Day TINC Batch X,https://www.tek.id/future/telkomsel-ventures-sukses-gelar-demo-day-tinc-batch-x-b2nwb9tME,tek.id,"Sat, 25 Oct 2025 07:00:00 GMT",low,40,startup Aceh,Aulia,,2.0,needs_review,positive,2,0,auto,
326,Startup yang lolos ke tahap akhir merupakan hasil seleksi ketat dari 12 peserta sebelumnya. Mereka menghadirkan inovasi lintas sektor:,Telkomsel Ventures Sukses Gelar Demo Day TINC Batch X,https://www.tek.id/future/telkomsel-ventures-sukses-gelar-demo-day-tinc-batch-x-b2nwb9tME,tek.id,"Sat, 25 Oct 2025 07:00:00 GMT",low,19,startup Aceh,Aulia,,1.0,needs_review,neutral,1,0,auto,
328,"Selain itu, AppWorks turut menghadirkan enam startup potensial dari Asia Tenggara, di antaranya Gapai, Farmio, Momofin, Trainge, Tokban, dan Alpha Story, yang siap memperluas pasar di Indonesia.",Telkomsel Ventures Sukses Gelar Demo Day TINC Batch X,https://www.tek.id/future/telkomsel-ventures-sukses-gelar-demo-day-tinc-batch-x-b2nwb9tME,tek.id,"Sat, 25 Oct 2025 07:00:00 GMT",low,27,startup Aceh,Aulia,,2.0,needs_review,positive,2,0,auto,
329,Partner AppWorks Jamie Lin menekankan pentingnya sinergi lintas sektor dalam mempercepat inovasi regional.,Telkomsel Ventures Sukses Gelar Demo Day TINC Batch X,https://www.tek.id/future/telkomsel-ventures-sukses-gelar-demo-day-tinc-batch-x-b2nwb9tME,tek.id,"Sat, 25 Oct 2025 07:00:00 GMT",low,13,startup Aceh,Aulia,,1.0,needs_review,neutral,1,0,auto,
331,Demo Day TINC Batch X juga menghadirkan bukti konkret dari kolaborasi strategis antara Telkomsel dan mitra bisnis.,Telkomsel Ventures Sukses Gelar Demo Day TINC Batch X,https://www.tek.id/future/telkomsel-ventures-sukses-gelar-demo-day-tinc-batch-x-b2nwb9tME,tek.id,"Sat, 25 Oct 2025 07:00:00 GMT",low,17,startup Aceh,Aulia,,2.0,needs_review,positive,2,0,auto,
332,"Salah satunya adalah penandatanganan Nota Kesepakatan antara Telkomsel Enterprise dan SiCepat Ekspres untuk menghadirkan Paket Telkomsel Khusus Kurir SiCepat, yang mendukung produktivitas pekerja logistik melalui solusi digital.",Telkomsel Ventures Sukses Gelar Demo Day TINC Batch X,https://www.tek.id/future/telkomsel-ventures-sukses-gelar-demo-day-tinc-batch-x-b2nwb9tME,tek.id,"Sat, 25 Oct 2025 07:00:00 GMT",low,27,startup Aceh,Aulia,,2.0,needs_review,neutral,1,0,auto,
364,"Pasalnya, apabila perusahaan rintisan (startup) daerah, terlebih usaha dari kalangan para generasi penerus bangsa itu memperoleh dukungan yang memadai berupa wadah dan fasilitas yang lengkap melalui AMANAH, maka bukan tidak mungkin akan mewujudkan pergerakan roda perekonomian wilayah berjuluk Negeri Rencong itu.",BIN Inisiasi AMANAH dengan Fasilitas Lengkap untuk Kembangkan Startup Daerah,https://minews.id/news/bin-inisiasi-amanah-dengan-fasilitas-lengkap-untuk-kembangkan-startup-daerah,minews.id,2024-07-27,low,41,startup Aceh,Aulia,,2.0,needs_review,neutral,1,0,auto,
366,"Seluruh fasilitas lengkap yang terdapat dalam AMANAH tersebut, semata-mata merupakan komitmen kuat dari Pemerintah Republik Indonesia (RI) melalui inisiasi lembaga pimpinan Jenderal Polisi (Purn) Prof. Dr. Budi Gunawan demi memajukan kemandirian para pemuda Aceh.",BIN Inisiasi AMANAH dengan Fasilitas Lengkap untuk Kembangkan Startup Daerah,https://minews.id/news/bin-inisiasi-amanah-dengan-fasilitas-lengkap-untuk-kembangkan-startup-daerah,minews.id,2024-07-27,high,34,startup Aceh,Aulia,,2.0,needs_review,neutral,0,0,auto,
370,"Gedung tersebut berdiri dengan sangat megah di atas tanah seluas 5 hektare dengan bangunan seluas 1,9 hektare. Keberadaan AMANAH bukan hanya sekedar menjadi bangunan fisik semata, melainkan mampu menjadi wadah bagi para anak muda Aceh untuk terus mengembangkan potensi dan kreativitas mereka.",BIN Inisiasi AMANAH dengan Fasilitas Lengkap untuk Kembangkan Startup Daerah,https://minews.id/news/bin-inisiasi-amanah-dengan-fasilitas-lengkap-untuk-kembangkan-startup-daerah,minews.id,2024-07-27,high,42,startup Aceh,Aulia,,2.0,needs_review,neutral,1,0,auto,
374,"Upaya pengembangan startup daerah tersebut, terwujud dalam kegiatan bertajuk Aceh Digital Innovation and Creativity Techfest (ADICT) sebagai wadah untuk menyalurkan dan lebih mengasah lagi bagaimana ide serta potensi perusahaan rintisan di Negeri Rencong yang sebenarnya sangat luar biasa dan ke depannya akan semakin berkembang ekosistemnya berkat AMANAH.",BIN Inisiasi AMANAH dengan Fasilitas Lengkap untuk Kembangkan Startup Daerah,https://minews.id/news/bin-inisiasi-amanah-dengan-fasilitas-lengkap-untuk-kembangkan-startup-daerah,minews.id,2024-07-27,high,47,startup Aceh,Aulia,,2.0,needs_review,positive,3,0,auto,
376,"Salah satu mentor dalam kegiatan ADICT, Muammar Khadafi menilai bahwa meski memiliki potensi yang sangat luar biasa, namun selama ini perkembangan startup di Aceh mengalami hambatan dan kendala.",BIN Inisiasi AMANAH dengan Fasilitas Lengkap untuk Kembangkan Startup Daerah,https://minews.id/news/bin-inisiasi-amanah-dengan-fasilitas-lengkap-untuk-kembangkan-startup-daerah,minews.id,2024-07-27,high,28,startup Aceh,Aulia,,2.0,needs_review,neutral,2,2,auto,
377,"Justru itu, kehadiran AMANAH kemudian berupaya untuk mencarikan solusi konkret kepada para pemuda pelaku startup agar mereka bisa menghadapi berbagai kendala tersebut, alhasil perkembangan perusahaan rintisan di sana akan semakin signifikan terjadi.",BIN Inisiasi AMANAH dengan Fasilitas Lengkap untuk Kembangkan Startup Daerah,https://minews.id/news/bin-inisiasi-amanah-dengan-fasilitas-lengkap-untuk-kembangkan-startup-daerah,minews.id,2024-07-27,low,32,startup Aceh,Aulia,,0.0,needs_review,neutral,1,1,auto,
378,"Gedung multifungsi dalam program unggulan dan strategis inisiasi BIN tersebut menurut Ketua Pengembangan Bisnis Universitas Syiah Kuala (USK), Syaifullah Muhammad dapat terus meningkatkan kemampuan para generasi muda pada berbagai bidang termasuk dari segi kreatif, riset dan teknologi, kewirausahaan, industri kreatif, pendidikan, literasi, budaya dan juga bahasa.",BIN Inisiasi AMANAH dengan Fasilitas Lengkap untuk Kembangkan Startup Daerah,https://minews.id/news/bin-inisiasi-amanah-dengan-fasilitas-lengkap-untuk-kembangkan-startup-daerah,minews.id,2024-07-27,high,46,startup Aceh,Aulia,,4.0,needs_review,positive,4,0,auto,
417,"ACEHTREND.COM, Jakarta - Bepahkupi Startup yang fokus terhadap tanaman Kopi dan kesejahteraan petani kopi di Gayo, Aceh Tengah lolos untuk berkompetisi di ajang Kompetisi Startup Internasional mewakili Indonesia di Volkswagen Arena, Instanbul, Turki pada 14-16 April 2020 mendatang.",Bepahkupi Startup Kopi Gayo Wakili Indonesia di Kompetisi Startup Global di Turki,https://www.acehtrend.com/news/bepahkupi-startup-kopi-gayo-wakili-indonesia-di-kompetisi-startup-global-di-turki/index.html,acehtrend.com,"Tue, 10 Mar 2020 07:00:00 GMT",high,38,startup Aceh,Aulia,,0.0,needs_review,neutral,0,0,auto,
419,"Managing Partner Startup Turkey, Elif, mengatakan mereka menerima 160.916 startup yang mendaftar dari 166 negara.",Bepahkupi Startup Kopi Gayo Wakili Indonesia di Kompetisi Startup Global di Turki,https://www.acehtrend.com/news/bepahkupi-startup-kopi-gayo-wakili-indonesia-di-kompetisi-startup-global-di-turki/index.html,acehtrend.com,"Tue, 10 Mar 2020 07:00:00 GMT",low,15,startup Aceh,Aulia,,0.0,needs_review,neutral,0,0,auto,
421,"Sementara itu, CEO Etohum, Burak Buyukdemir, mengatakan Bepahkupi adalah startup yang terpilih dan mereka berharap melihat Bepahkupi di Arena Kompetisi Startup Instanbul dan mengepakkan sayapnya di pangung startup global.",Bepahkupi Startup Kopi Gayo Wakili Indonesia di Kompetisi Startup Global di Turki,https://www.acehtrend.com/news/bepahkupi-startup-kopi-gayo-wakili-indonesia-di-kompetisi-startup-global-di-turki/index.html,acehtrend.com,"Tue, 10 Mar 2020 07:00:00 GMT",low,29,startup Aceh,Aulia,,0.0,needs_review,neutral,0,0,auto,
424,"CEO Bepahkupi, Maulana Wiga, berharap terpilihnya Bepahkupi sebagai perwakilan Indonesia untuk berkompetisi melawan top 100 startup dari 100 negara mampu membawa nama baik Indonesia dan Aceh, serta memamerkan salah satu kopi terbaik dunia yaitu kopi Gayo di panggung internasional.",Bepahkupi Startup Kopi Gayo Wakili Indonesia di Kompetisi Startup Global di Turki,https://www.acehtrend.com/news/bepahkupi-startup-kopi-gayo-wakili-indonesia-di-kompetisi-startup-global-di-turki/index.html,acehtrend.com,"Tue, 10 Mar 2020 07:00:00 GMT",high,39,startup Aceh,Aulia,,1.0,needs_review,neutral,1,0,auto,
549,"Jadi Kominfo memberikan dukungan cukup besar dalam pembentukan markas ini. Kita mulai di Jakarta di gedung Midpoint yang kita dedikasikan untuk markas. Lalu dikembangkan juga di Surabaya dan ketiga di Aceh, Kata Nezar Patria, di Kuala Village Resto Banda Aceh, Kamis, 28 Maret 2024.",Wamenkominfo Launching Markas Startup Digital di Aceh,https://www.ajnn.net/news/wamenkominfo-launching-markas-startup-digital-di-aceh/index.html,ajnn.net,"Thu, 28 Mar 2024 07:00:00 GMT",high,44,startup Aceh,Aulia,,2.0,needs_review,neutral,1,0,auto,
551,"Nah, karena itu kita menyediakan sejumlah program di markas ini. Pertama kita buat sejumlah kelas. Nantinya tentang bagaimana untuk mengelola usaha rintisan atau startup, ucapnya.",Wamenkominfo Launching Markas Startup Digital di Aceh,https://www.ajnn.net/news/wamenkominfo-launching-markas-startup-digital-di-aceh/index.html,ajnn.net,"Thu, 28 Mar 2024 07:00:00 GMT",medium,25,startup Aceh,Aulia,,0.0,needs_review,neutral,0,0,auto,
552,"Kominfo, kata Nezar, juga memberikan beasiswa berupa digital talent scholarship untuk mendalami, memberikan dan membagi pengalaman dalam satu forum-forum akademik.",Wamenkominfo Launching Markas Startup Digital di Aceh,https://www.ajnn.net/news/wamenkominfo-launching-markas-startup-digital-di-aceh/index.html,ajnn.net,"Thu, 28 Mar 2024 07:00:00 GMT",medium,20,startup Aceh,Aulia,,2.0,needs_review,neutral,0,0,auto,
553,"Digital talent scholarship ini ada program jangka panjang, ada jangka pendek, bahkan juga bisa sampai program master, selain yang short course, ucapnya.",Wamenkominfo Launching Markas Startup Digital di Aceh,https://www.ajnn.net/news/wamenkominfo-launching-markas-startup-digital-di-aceh/index.html,ajnn.net,"Thu, 28 Mar 2024 07:00:00 GMT",medium,22,startup Aceh,Aulia,,2.0,needs_review,neutral,0,0,auto,
555,"Jika usaha rintisan sudah maju, kata Nezar, maka para pimpinan atau CEO dapat ikut dalam program digital leadership academy atau kepemimpinan digital, agar para pimpinan-pimpinan, organisasi, perusahaan, lembaga bisa mempunyai wawasan digital.",Wamenkominfo Launching Markas Startup Digital di Aceh,https://www.ajnn.net/news/wamenkominfo-launching-markas-startup-digital-di-aceh/index.html,ajnn.net,"Thu, 28 Mar 2024 07:00:00 GMT",medium,32,startup Aceh,Aulia,,2.0,needs_review,neutral,0,0,auto,
558,"Diharapkan dengan adanya markas ini segala macam permasalahan dapat diatasi. Menjadi wadah berbincang, mengadu, berbagi dan lainnya.",Wamenkominfo Launching Markas Startup Digital di Aceh,https://www.ajnn.net/news/wamenkominfo-launching-markas-startup-digital-di-aceh/index.html,ajnn.net,"Thu, 28 Mar 2024 07:00:00 GMT",medium,17,startup Aceh,Aulia,,0.0,needs_review,neutral,0,1,auto,
560,"Liputan6.com, Jakarta - Aneuk Muda Aceh Unggul dan Hebat (AMANAH) bersama Markas Aceh berkolaborasi untuk memilih 12 tim mengikuti private class program Aceh Digital Innovation and Creativity Techfest (ADICT).",Amanah dan Markas Aceh Kembangkan 12 Startup Lokal dengan ADICT,https://www.liputan6.com/news/read/5649399/amanah-dan-markas-aceh-kembangkan-12-startup-lokal-dengan-adict,liputan6.com,2024-07-20,high,29,startup Aceh,Aulia,,2.0,needs_review,positive,2,0,auto,
561,"Mentor dari ADICT, Muammar Khadafi mengatakan kelas diwali dengan pengenalam masing-masing tim beserta produk layanannya. Menurut dia, startup memiliki potensi di Aceh ini. Maka dari itu, ADICT mencoba untuj mengembangkan ekosistem mereka.",Amanah dan Markas Aceh Kembangkan 12 Startup Lokal dengan ADICT,https://www.liputan6.com/news/read/5649399/amanah-dan-markas-aceh-kembangkan-12-startup-lokal-dengan-adict,liputan6.com,2024-07-20,high,32,startup Aceh,Aulia,,4.0,needs_review,neutral,1,0,auto,
562,"Jadi, ketika mereka punya ide itu mereka juga punya wadah, ujar Muammar melalui siaran pers, Sabtu (20/7/2024).",Amanah dan Markas Aceh Kembangkan 12 Startup Lokal dengan ADICT,https://www.liputan6.com/news/read/5649399/amanah-dan-markas-aceh-kembangkan-12-startup-lokal-dengan-adict,liputan6.com,2024-07-20,medium,17,startup Aceh,Aulia,,0.0,needs_review,neutral,0,0,auto,
563,"Menurut Muammar, perkembangan startup di Aceh belum signifikan karena terkendala berbagai hal. Dia meyakini, melalui ADICT nantinya para peserta akan mendapatkan pendampingan untuk mengatasi kendala-kendala tersebut.",Amanah dan Markas Aceh Kembangkan 12 Startup Lokal dengan ADICT,https://www.liputan6.com/news/read/5649399/amanah-dan-markas-aceh-kembangkan-12-startup-lokal-dengan-adict,liputan6.com,2024-07-20,high,26,startup Aceh,Aulia,,0.0,needs_review,neutral,1,1,auto,
564,SERAMBINEWS.COM- Kisah kelam dan bangkit dari keterpurukan yang dialami salah seorang co-founder perusahaan rintisan (startup) asal Banda Aceh satu ini layak disebut menginspirasi.,"Kisah Firman, Co-Founder Startup Asal Aceh Raih Omzet Miliaran, Dulu Hampir Tewas Diterjang Tsunami",https://aceh.tribunnews.com/2022/07/15/kisah-firman-co-founder-startup-asal-aceh-raih-omzet-miliaran-dulu-hampir-tewas-diterjang-tsunami?page=all,aceh.tribunnews.com,"Fri, 15 Jul 2022 07:00:00 GMT",high,23,startup Aceh,Aulia,,0.0,needs_review,neutral,0,0,auto,
565,Pria yang kini punya perusahaan dengan omzet miliaran per bulan di Jakarta itu pernah mengalami cerita pahit dan memilukan pada Desember 2004 lalu.,"Kisah Firman, Co-Founder Startup Asal Aceh Raih Omzet Miliaran, Dulu Hampir Tewas Diterjang Tsunami",https://aceh.tribunnews.com/2022/07/15/kisah-firman-co-founder-startup-asal-aceh-raih-omzet-miliaran-dulu-hampir-tewas-diterjang-tsunami?page=all,aceh.tribunnews.com,"Fri, 15 Jul 2022 07:00:00 GMT",medium,23,startup Aceh,Aulia,,2.0,needs_review,neutral,0,0,auto,
566,Ia harus kehilangan orang tua dan keluarga tersayangnya dalam musibah terjangan ganas ombaktsunamiyang meluluhlantakkan Aceh jelang dua dekade silam.,"Kisah Firman, Co-Founder Startup Asal Aceh Raih Omzet Miliaran, Dulu Hampir Tewas Diterjang Tsunami",https://aceh.tribunnews.com/2022/07/15/kisah-firman-co-founder-startup-asal-aceh-raih-omzet-miliaran-dulu-hampir-tewas-diterjang-tsunami?page=all,aceh.tribunnews.com,"Fri, 15 Jul 2022 07:00:00 GMT",high,19,startup Aceh,Aulia,,0.0,needs_review,neutral,0,0,auto,
567,"AdalahFirmansyah Asnawi (33), pria asal Banda Aceh yang kini jadi Co-Founder sekaligus COOPT Amanah Karya IndonesiadanPT Bisatopup Teknologi Indonesia.","Kisah Firman, Co-Founder Startup Asal Aceh Raih Omzet Miliaran, Dulu Hampir Tewas Diterjang Tsunami",https://aceh.tribunnews.com/2022/07/15/kisah-firman-co-founder-startup-asal-aceh-raih-omzet-miliaran-dulu-hampir-tewas-diterjang-tsunami?page=all,aceh.tribunnews.com,"Fri, 15 Jul 2022 07:00:00 GMT",high,19,startup Aceh,Aulia,,1.0,needs_review,neutral,0,0,auto,
569,"PerusahaanPT Amanah Karya Indonesiayang selanjutnya disebut Amanah Corp, bergerak di bidang software house atau pengembangan aplikasi.","Kisah Firman, Co-Founder Startup Asal Aceh Raih Omzet Miliaran, Dulu Hampir Tewas Diterjang Tsunami",https://aceh.tribunnews.com/2022/07/15/kisah-firman-co-founder-startup-asal-aceh-raih-omzet-miliaran-dulu-hampir-tewas-diterjang-tsunami?page=all,aceh.tribunnews.com,"Fri, 15 Jul 2022 07:00:00 GMT",medium,16,startup Aceh,Aulia,,2.0,needs_review,neutral,1,0,auto,
570,"Salah satu produk sekaligus anak usahanya yakni Bisatopup, sebuah aplikasi dengan sejumlah fitur pembayaran.","Kisah Firman, Co-Founder Startup Asal Aceh Raih Omzet Miliaran, Dulu Hampir Tewas Diterjang Tsunami",https://aceh.tribunnews.com/2022/07/15/kisah-firman-co-founder-startup-asal-aceh-raih-omzet-miliaran-dulu-hampir-tewas-diterjang-tsunami?page=all,aceh.tribunnews.com,"Fri, 15 Jul 2022 07:00:00 GMT",medium,14,startup Aceh,Aulia,,2.0,needs_review,neutral,0,0,auto,
571,"Fitur pembayaran melalui Bisatopup seperti pulsa, tagihan listrik, air hingga internet rumahan dan sebagainya.","Kisah Firman, Co-Founder Startup Asal Aceh Raih Omzet Miliaran, Dulu Hampir Tewas Diterjang Tsunami",https://aceh.tribunnews.com/2022/07/15/kisah-firman-co-founder-startup-asal-aceh-raih-omzet-miliaran-dulu-hampir-tewas-diterjang-tsunami?page=all,aceh.tribunnews.com,"Fri, 15 Jul 2022 07:00:00 GMT",medium,14,startup Aceh,Aulia,,2.0,needs_review,neutral,0,0,auto,
572,"Firman tak sendiri, ia bersama seorang temannya lainnya yakni Muammar Khadafi sebagai Founder sekaligus CEO Amanah Corp.","Kisah Firman, Co-Founder Startup Asal Aceh Raih Omzet Miliaran, Dulu Hampir Tewas Diterjang Tsunami",https://aceh.tribunnews.com/2022/07/15/kisah-firman-co-founder-startup-asal-aceh-raih-omzet-miliaran-dulu-hampir-tewas-diterjang-tsunami?page=all,aceh.tribunnews.com,"Fri, 15 Jul 2022 07:00:00 GMT",medium,17,startup Aceh,Aulia,,0.0,needs_review,neutral,0,0,auto,
574,Namun kini perusahaan yang dirintis keduanya sudah beromzet miliaran rupiah per bulan.,"Kisah Firman, Co-Founder Startup Asal Aceh Raih Omzet Miliaran, Dulu Hampir Tewas Diterjang Tsunami",https://aceh.tribunnews.com/2022/07/15/kisah-firman-co-founder-startup-asal-aceh-raih-omzet-miliaran-dulu-hampir-tewas-diterjang-tsunami?page=all,aceh.tribunnews.com,"Fri, 15 Jul 2022 07:00:00 GMT",medium,12,startup Aceh,Aulia,,2.0,needs_review,neutral,0,0,auto,
575,"Tahun 2004 lalu,Firmanmasih seorang remaja biasa yang menetap di Banda Aceh dan duduk di kelas 1 SMA.","Kisah Firman, Co-Founder Startup Asal Aceh Raih Omzet Miliaran, Dulu Hampir Tewas Diterjang Tsunami",https://aceh.tribunnews.com/2022/07/15/kisah-firman-co-founder-startup-asal-aceh-raih-omzet-miliaran-dulu-hampir-tewas-diterjang-tsunami?page=all,aceh.tribunnews.com,"Fri, 15 Jul 2022 07:00:00 GMT",high,17,startup Aceh,Aulia,,0.0,needs_review,neutral,0,0,auto,
576,"Tepatnya pada 26 Desember, cerita pahit harus dialaminya terombang-ambing dibawa gelombangtsunamisejauh 3 Km dari Gampong Deah Baro sampai ke Punge dekat kapal PLTD Apung bersemayam.","Kisah Firman, Co-Founder Startup Asal Aceh Raih Omzet Miliaran, Dulu Hampir Tewas Diterjang Tsunami",https://aceh.tribunnews.com/2022/07/15/kisah-firman-co-founder-startup-asal-aceh-raih-omzet-miliaran-dulu-hampir-tewas-diterjang-tsunami?page=all,aceh.tribunnews.com,"Fri, 15 Jul 2022 07:00:00 GMT",medium,25,startup Aceh,Aulia,,0.0,needs_review,neutral,0,0,auto,
577,Ia juga harus mengikhlaskan orang tua serta keluarganya dalam musibah itu.,"Kisah Firman, Co-Founder Startup Asal Aceh Raih Omzet Miliaran, Dulu Hampir Tewas Diterjang Tsunami",https://aceh.tribunnews.com/2022/07/15/kisah-firman-co-founder-startup-asal-aceh-raih-omzet-miliaran-dulu-hampir-tewas-diterjang-tsunami?page=all,aceh.tribunnews.com,"Fri, 15 Jul 2022 07:00:00 GMT",medium,11,startup Aceh,Aulia,,0.0,needs_review,neutral,0,0,auto,
578,"Awalnya pada Minggu pagi,Firmanbaru saja melaksanakan salat subuh berjamaah di masjid bersama teman-teman seusianya.","Kisah Firman, Co-Founder Startup Asal Aceh Raih Omzet Miliaran, Dulu Hampir Tewas Diterjang Tsunami",https://aceh.tribunnews.com/2022/07/15/kisah-firman-co-founder-startup-asal-aceh-raih-omzet-miliaran-dulu-hampir-tewas-diterjang-tsunami?page=all,aceh.tribunnews.com,"Fri, 15 Jul 2022 07:00:00 GMT",medium,14,startup Aceh,Aulia,,0.0,needs_review,neutral,0,0,auto,
579,"Ia lalu pulang ke rumah karena persiapan menonton film kartun di televisi, budaya setiap hari Minggu yang sulit dilupakan kala itu.","Kisah Firman, Co-Founder Startup Asal Aceh Raih Omzet Miliaran, Dulu Hampir Tewas Diterjang Tsunami",https://aceh.tribunnews.com/2022/07/15/kisah-firman-co-founder-startup-asal-aceh-raih-omzet-miliaran-dulu-hampir-tewas-diterjang-tsunami?page=all,aceh.tribunnews.com,"Fri, 15 Jul 2022 07:00:00 GMT",medium,21,startup Aceh,Aulia,,0.0,needs_review,neutral,0,1,auto,
580,"Firman kemudian duduk di sofa untuk persiapan menonton,. namun tiba-tiba lemari kaca di sampingnya bergetar hebat.","Kisah Firman, Co-Founder Startup Asal Aceh Raih Omzet Miliaran, Dulu Hampir Tewas Diterjang Tsunami",https://aceh.tribunnews.com/2022/07/15/kisah-firman-co-founder-startup-asal-aceh-raih-omzet-miliaran-dulu-hampir-tewas-diterjang-tsunami?page=all,aceh.tribunnews.com,"Fri, 15 Jul 2022 07:00:00 GMT",medium,16,startup Aceh,Aulia,,1.0,needs_review,neutral,0,0,auto,
581,"Karena berada di sofa, ia pun tak begitu merasakan guncangan dahsyat gempa sebelum beberapa menit jelangtsunamipagi itu.","Kisah Firman, Co-Founder Startup Asal Aceh Raih Omzet Miliaran, Dulu Hampir Tewas Diterjang Tsunami",https://aceh.tribunnews.com/2022/07/15/kisah-firman-co-founder-startup-asal-aceh-raih-omzet-miliaran-dulu-hampir-tewas-diterjang-tsunami?page=all,aceh.tribunnews.com,"Fri, 15 Jul 2022 07:00:00 GMT",medium,17,startup Aceh,Aulia,,0.0,needs_review,neutral,0,0,auto,
582,"Namun ketika berdiri dan menginjakkan kaki ke lantai, ia baru terasa bahwa guncangan bumi begitu dahsyat, terakhir diketahui berkekuatan 9,1 skala richter.","Kisah Firman, Co-Founder Startup Asal Aceh Raih Omzet Miliaran, Dulu Hampir Tewas Diterjang Tsunami",https://aceh.tribunnews.com/2022/07/15/kisah-firman-co-founder-startup-asal-aceh-raih-omzet-miliaran-dulu-hampir-tewas-diterjang-tsunami?page=all,aceh.tribunnews.com,"Fri, 15 Jul 2022 07:00:00 GMT",medium,22,startup Aceh,Aulia,,0.0,needs_review,neutral,0,0,auto,
583,Semua panik berhamburan ke jalan.Firmanyang merupakan anak ke-7 dari 8 bersaudara sempat dengan sangat pedenya berdiri saat diayak gempa.,"Kisah Firman, Co-Founder Startup Asal Aceh Raih Omzet Miliaran, Dulu Hampir Tewas Diterjang Tsunami",https://aceh.tribunnews.com/2022/07/15/kisah-firman-co-founder-startup-asal-aceh-raih-omzet-miliaran-dulu-hampir-tewas-diterjang-tsunami?page=all,aceh.tribunnews.com,"Fri, 15 Jul 2022 07:00:00 GMT",medium,19,startup Aceh,Aulia,,0.0,needs_review,neutral,0,0,auto,
584,Namun kembali berjongkok dan memegang tanah sangking tak kuasanya menahan ayakan gempa yang begitu dahsyat kala itu.,"Kisah Firman, Co-Founder Startup Asal Aceh Raih Omzet Miliaran, Dulu Hampir Tewas Diterjang Tsunami",https://aceh.tribunnews.com/2022/07/15/kisah-firman-co-founder-startup-asal-aceh-raih-omzet-miliaran-dulu-hampir-tewas-diterjang-tsunami?page=all,aceh.tribunnews.com,"Fri, 15 Jul 2022 07:00:00 GMT",medium,17,startup Aceh,Aulia,,0.0,needs_review,neutral,0,0,auto,
585,"AyahFirmansaat itu sedang dinas di luar kota, tepatnya di Meulaboh. Sedangkan dua abangnya sedang di Jakarta dan seorang kakaknya di Batam, sudah berkeluarga di sana.","Kisah Firman, Co-Founder Startup Asal Aceh Raih Omzet Miliaran, Dulu Hampir Tewas Diterjang Tsunami",https://aceh.tribunnews.com/2022/07/15/kisah-firman-co-founder-startup-asal-aceh-raih-omzet-miliaran-dulu-hampir-tewas-diterjang-tsunami?page=all,aceh.tribunnews.com,"Fri, 15 Jul 2022 07:00:00 GMT",high,25,startup Aceh,Aulia,,1.0,needs_review,neutral,0,0,auto,
586,"Rumahnya yang berjarak sekitar 300 meter dari pelabuhan Ulee Lheue,Firmanmelihat jelas orang-orang yang berdekatan dengan laut tiba-tiba berlari sambil berteriak air surut.","Kisah Firman, Co-Founder Startup Asal Aceh Raih Omzet Miliaran, Dulu Hampir Tewas Diterjang Tsunami",https://aceh.tribunnews.com/2022/07/15/kisah-firman-co-founder-startup-asal-aceh-raih-omzet-miliaran-dulu-hampir-tewas-diterjang-tsunami?page=all,aceh.tribunnews.com,"Fri, 15 Jul 2022 07:00:00 GMT",medium,22,startup Aceh,Aulia,,0.0,needs_review,neutral,0,0,auto,
587,"""Saya bingung kenapa air surut harus lari. Kalaupun banjir, belum pernah kejadian di sini ada banjir. Dan saya bisa berenang,"" pikirnya dengan pede kala itu.","Kisah Firman, Co-Founder Startup Asal Aceh Raih Omzet Miliaran, Dulu Hampir Tewas Diterjang Tsunami",https://aceh.tribunnews.com/2022/07/15/kisah-firman-co-founder-startup-asal-aceh-raih-omzet-miliaran-dulu-hampir-tewas-diterjang-tsunami?page=all,aceh.tribunnews.com,"Fri, 15 Jul 2022 07:00:00 GMT",medium,25,startup Aceh,Aulia,,0.0,needs_review,neutral,0,0,auto,
588,Kakak dan adiknya yang di rumah pada berlarian menjauh dari sekitar laut.,"Kisah Firman, Co-Founder Startup Asal Aceh Raih Omzet Miliaran, Dulu Hampir Tewas Diterjang Tsunami",https://aceh.tribunnews.com/2022/07/15/kisah-firman-co-founder-startup-asal-aceh-raih-omzet-miliaran-dulu-hampir-tewas-diterjang-tsunami?page=all,aceh.tribunnews.com,"Fri, 15 Jul 2022 07:00:00 GMT",medium,12,startup Aceh,Aulia,,0.0,needs_review,neutral,0,0,auto,
589,Kemudian seorang kakaknya tiba-tiba kembali masuk ke rumah mengecek sang ibu.,"Kisah Firman, Co-Founder Startup Asal Aceh Raih Omzet Miliaran, Dulu Hampir Tewas Diterjang Tsunami",https://aceh.tribunnews.com/2022/07/15/kisah-firman-co-founder-startup-asal-aceh-raih-omzet-miliaran-dulu-hampir-tewas-diterjang-tsunami?page=all,aceh.tribunnews.com,"Fri, 15 Jul 2022 07:00:00 GMT",medium,11,startup Aceh,Aulia,,0.0,needs_review,neutral,0,0,auto,
590,Firman yang masih di depan pagar kemudian mencoba mencegat kakaknya.,"Kisah Firman, Co-Founder Startup Asal Aceh Raih Omzet Miliaran, Dulu Hampir Tewas Diterjang Tsunami",https://aceh.tribunnews.com/2022/07/15/kisah-firman-co-founder-startup-asal-aceh-raih-omzet-miliaran-dulu-hampir-tewas-diterjang-tsunami?page=all,aceh.tribunnews.com,"Fri, 15 Jul 2022 07:00:00 GMT",medium,10,startup Aceh,Aulia,,0.0,needs_review,neutral,0,0,auto,
591,"Sang kakak menjawab kalau ibu mereka belum kelihatan di mana, entah masih di rumah atau sudah keluar.","Kisah Firman, Co-Founder Startup Asal Aceh Raih Omzet Miliaran, Dulu Hampir Tewas Diterjang Tsunami",https://aceh.tribunnews.com/2022/07/15/kisah-firman-co-founder-startup-asal-aceh-raih-omzet-miliaran-dulu-hampir-tewas-diterjang-tsunami?page=all,aceh.tribunnews.com,"Fri, 15 Jul 2022 07:00:00 GMT",medium,17,startup Aceh,Aulia,,0.0,needs_review,neutral,0,0,auto,
592,Ia pun menyuruh kakaknya untuk pergi saja danFirmanmasuk ke rumah sambil berusaha mencari sang ibu.,"Kisah Firman, Co-Founder Startup Asal Aceh Raih Omzet Miliaran, Dulu Hampir Tewas Diterjang Tsunami",https://aceh.tribunnews.com/2022/07/15/kisah-firman-co-founder-startup-asal-aceh-raih-omzet-miliaran-dulu-hampir-tewas-diterjang-tsunami?page=all,aceh.tribunnews.com,"Fri, 15 Jul 2022 07:00:00 GMT",medium,15,startup Aceh,Aulia,,0.0,needs_review,neutral,0,0,auto,
593,"Dipanggil-panggil tidak ada yang menyahuti, akhirnya ia pun memutuskan untuk keluar lagi dari rumah untuk menyelamatkan diri.","Kisah Firman, Co-Founder Startup Asal Aceh Raih Omzet Miliaran, Dulu Hampir Tewas Diterjang Tsunami",https://aceh.tribunnews.com/2022/07/15/kisah-firman-co-founder-startup-asal-aceh-raih-omzet-miliaran-dulu-hampir-tewas-diterjang-tsunami?page=all,aceh.tribunnews.com,"Fri, 15 Jul 2022 07:00:00 GMT",medium,17,startup Aceh,Aulia,,0.0,needs_review,neutral,0,0,auto,
594,"Kebetulan rumahFirmanmenghadap ke laut, segala yang terjadi kelihatan langsung ke pelabuhan Ulee Lheue.","Kisah Firman, Co-Founder Startup Asal Aceh Raih Omzet Miliaran, Dulu Hampir Tewas Diterjang Tsunami",https://aceh.tribunnews.com/2022/07/15/kisah-firman-co-founder-startup-asal-aceh-raih-omzet-miliaran-dulu-hampir-tewas-diterjang-tsunami?page=all,aceh.tribunnews.com,"Fri, 15 Jul 2022 07:00:00 GMT",medium,13,startup Aceh,Aulia,,0.0,needs_review,neutral,0,0,auto,
595,"""Langsung saya lihat di situ buih putih raksasa dan ombaktsunamimenghantam pagar pelabuhan,"" kenangFirman.","Kisah Firman, Co-Founder Startup Asal Aceh Raih Omzet Miliaran, Dulu Hampir Tewas Diterjang Tsunami",https://aceh.tribunnews.com/2022/07/15/kisah-firman-co-founder-startup-asal-aceh-raih-omzet-miliaran-dulu-hampir-tewas-diterjang-tsunami?page=all,aceh.tribunnews.com,"Fri, 15 Jul 2022 07:00:00 GMT",medium,13,startup Aceh,Aulia,,0.0,needs_review,neutral,0,0,auto,
596,"Jantung saya berdetak lebih kencang dan langsung lari sambil teriak air laut naik,"" tambahnya.","Kisah Firman, Co-Founder Startup Asal Aceh Raih Omzet Miliaran, Dulu Hampir Tewas Diterjang Tsunami",https://aceh.tribunnews.com/2022/07/15/kisah-firman-co-founder-startup-asal-aceh-raih-omzet-miliaran-dulu-hampir-tewas-diterjang-tsunami?page=all,aceh.tribunnews.com,"Fri, 15 Jul 2022 07:00:00 GMT",medium,14,startup Aceh,Aulia,,2.0,needs_review,neutral,0,0,auto,
597,"Lari sekencang-kencang namun apa daya, baru sekitar 100 meter ia pun langsung digulung oleh ombaktsunami.","Kisah Firman, Co-Founder Startup Asal Aceh Raih Omzet Miliaran, Dulu Hampir Tewas Diterjang Tsunami",https://aceh.tribunnews.com/2022/07/15/kisah-firman-co-founder-startup-asal-aceh-raih-omzet-miliaran-dulu-hampir-tewas-diterjang-tsunami?page=all,aceh.tribunnews.com,"Fri, 15 Jul 2022 07:00:00 GMT",medium,15,startup Aceh,Aulia,,0.0,needs_review,neutral,0,0,auto,
598,Firman saat itu sudah pasrah karena tidak bisa lagi berbuat apa-apa akibat ganasnya terjangantsunami.,"Kisah Firman, Co-Founder Startup Asal Aceh Raih Omzet Miliaran, Dulu Hampir Tewas Diterjang Tsunami",https://aceh.tribunnews.com/2022/07/15/kisah-firman-co-founder-startup-asal-aceh-raih-omzet-miliaran-dulu-hampir-tewas-diterjang-tsunami?page=all,aceh.tribunnews.com,"Fri, 15 Jul 2022 07:00:00 GMT",medium,14,startup Aceh,Aulia,,0.0,needs_review,neutral,0,0,auto,
599,"Dikira kiamat, sekitar belasan hafalan surah dalam Alquran diucapkannya saat terombang-ambingtsunamipagi itu.","Kisah Firman, Co-Founder Startup Asal Aceh Raih Omzet Miliaran, Dulu Hampir Tewas Diterjang Tsunami",https://aceh.tribunnews.com/2022/07/15/kisah-firman-co-founder-startup-asal-aceh-raih-omzet-miliaran-dulu-hampir-tewas-diterjang-tsunami?page=all,aceh.tribunnews.com,"Fri, 15 Jul 2022 07:00:00 GMT",medium,12,startup Aceh,Aulia,,0.0,needs_review,neutral,0,0,auto,
600,Terlintas di pikirannya bahwa ajal sudah dekat dan mulai membandingkan kualitas serta kuantitas ibadahnya saat puasa di tahun tersebut dengan puasa tahun sebelumnya.,"Kisah Firman, Co-Founder Startup Asal Aceh Raih Omzet Miliaran, Dulu Hampir Tewas Diterjang Tsunami",https://aceh.tribunnews.com/2022/07/15/kisah-firman-co-founder-startup-asal-aceh-raih-omzet-miliaran-dulu-hampir-tewas-diterjang-tsunami?page=all,aceh.tribunnews.com,"Fri, 15 Jul 2022 07:00:00 GMT",medium,23,startup Aceh,Aulia,,0.0,needs_review,neutral,0,0,auto,
601,Kejadian tersebut kebetulan sekitar beberapa bulan setelah hari raya Idulfitri.,"Kisah Firman, Co-Founder Startup Asal Aceh Raih Omzet Miliaran, Dulu Hampir Tewas Diterjang Tsunami",https://aceh.tribunnews.com/2022/07/15/kisah-firman-co-founder-startup-asal-aceh-raih-omzet-miliaran-dulu-hampir-tewas-diterjang-tsunami?page=all,aceh.tribunnews.com,"Fri, 15 Jul 2022 07:00:00 GMT",medium,10,startup Aceh,Aulia,,0.0,needs_review,neutral,0,0,auto,
602,"Setelah sekian lama terombang-ambing dalam gulungantsunami,Firmanpun kemudian menggeser puing-puing seperti papan dan sebagainya yang ada di sekitar kepalanya.","Kisah Firman, Co-Founder Startup Asal Aceh Raih Omzet Miliaran, Dulu Hampir Tewas Diterjang Tsunami",https://aceh.tribunnews.com/2022/07/15/kisah-firman-co-founder-startup-asal-aceh-raih-omzet-miliaran-dulu-hampir-tewas-diterjang-tsunami?page=all,aceh.tribunnews.com,"Fri, 15 Jul 2022 07:00:00 GMT",medium,18,startup Aceh,Aulia,,0.0,needs_review,neutral,0,0,auto,
603,"Cahaya matahari pun tembus ke dalam air, ia mengikuti cahaya tersebut sampai mengambang ke permukaan air.","Kisah Firman, Co-Founder Startup Asal Aceh Raih Omzet Miliaran, Dulu Hampir Tewas Diterjang Tsunami",https://aceh.tribunnews.com/2022/07/15/kisah-firman-co-founder-startup-asal-aceh-raih-omzet-miliaran-dulu-hampir-tewas-diterjang-tsunami?page=all,aceh.tribunnews.com,"Fri, 15 Jul 2022 07:00:00 GMT",medium,16,startup Aceh,Aulia,,0.0,needs_review,neutral,0,0,auto,
604,"Ketika sampai di permukaan air, yang terlihat hanya gunung-gunung dan pulau.","Kisah Firman, Co-Founder Startup Asal Aceh Raih Omzet Miliaran, Dulu Hampir Tewas Diterjang Tsunami",https://aceh.tribunnews.com/2022/07/15/kisah-firman-co-founder-startup-asal-aceh-raih-omzet-miliaran-dulu-hampir-tewas-diterjang-tsunami?page=all,aceh.tribunnews.com,"Fri, 15 Jul 2022 07:00:00 GMT",medium,11,startup Aceh,Aulia,,0.0,needs_review,neutral,0,0,auto,
605,Ia pun mengira hanya dirinya sendiri yang selamat.,"Kisah Firman, Co-Founder Startup Asal Aceh Raih Omzet Miliaran, Dulu Hampir Tewas Diterjang Tsunami",https://aceh.tribunnews.com/2022/07/15/kisah-firman-co-founder-startup-asal-aceh-raih-omzet-miliaran-dulu-hampir-tewas-diterjang-tsunami?page=all,aceh.tribunnews.com,"Fri, 15 Jul 2022 07:00:00 GMT",medium,8,startup Aceh,Aulia,,0.0,needs_review,neutral,0,0,auto,
606,"Aneh dan ajaibnya, selama di dalam air ia melafalkan hampir belasan surah pendek. Namun selama itu pulaFirmantidak merasakan sedikit pun kekurangan oksigen.","Kisah Firman, Co-Founder Startup Asal Aceh Raih Omzet Miliaran, Dulu Hampir Tewas Diterjang Tsunami",https://aceh.tribunnews.com/2022/07/15/kisah-firman-co-founder-startup-asal-aceh-raih-omzet-miliaran-dulu-hampir-tewas-diterjang-tsunami?page=all,aceh.tribunnews.com,"Fri, 15 Jul 2022 07:00:00 GMT",medium,22,startup Aceh,Aulia,,0.0,needs_review,negative,0,3,auto,
607,"""Kepikiran untuk sesak napas pun tidak. Saya yakin ini kekuasaan Allah, sebab kalau kita lafalkan saja Alfatihah sambil tahan nafas, pasti sudah sesak. Ini bayangkan, belasan surah di dalam air,"" ungkapnya.","Kisah Firman, Co-Founder Startup Asal Aceh Raih Omzet Miliaran, Dulu Hampir Tewas Diterjang Tsunami",https://aceh.tribunnews.com/2022/07/15/kisah-firman-co-founder-startup-asal-aceh-raih-omzet-miliaran-dulu-hampir-tewas-diterjang-tsunami?page=all,aceh.tribunnews.com,"Fri, 15 Jul 2022 07:00:00 GMT",medium,31,startup Aceh,Aulia,,0.0,needs_review,neutral,0,0,auto,
608,Firman kemudian nyangkut di pucuk pohon nangka bersama puing-puing lainnya termasuk kayu.,"Kisah Firman, Co-Founder Startup Asal Aceh Raih Omzet Miliaran, Dulu Hampir Tewas Diterjang Tsunami",https://aceh.tribunnews.com/2022/07/15/kisah-firman-co-founder-startup-asal-aceh-raih-omzet-miliaran-dulu-hampir-tewas-diterjang-tsunami?page=all,aceh.tribunnews.com,"Fri, 15 Jul 2022 07:00:00 GMT",medium,12,startup Aceh,Aulia,,0.0,needs_review,neutral,0,0,auto,
609,Ia juga merasakan sakit yang luar biasa saat itu dan mulai pasrah tanpa daya akibat dihantam puing-puing lainnya yang ikut terbawa arustsunami.,"Kisah Firman, Co-Founder Startup Asal Aceh Raih Omzet Miliaran, Dulu Hampir Tewas Diterjang Tsunami",https://aceh.tribunnews.com/2022/07/15/kisah-firman-co-founder-startup-asal-aceh-raih-omzet-miliaran-dulu-hampir-tewas-diterjang-tsunami?page=all,aceh.tribunnews.com,"Fri, 15 Jul 2022 07:00:00 GMT",medium,22,startup Aceh,Aulia,,0.0,needs_review,neutral,0,0,auto,
610,"Semakin lama,Firmanpun kembali tenggelam akibat terhantam benda-benda di sekitarnya, kemudian terbebas dan muncul lagi ke permukaan sambil memegang kulkas kecil yang mengapung.","Kisah Firman, Co-Founder Startup Asal Aceh Raih Omzet Miliaran, Dulu Hampir Tewas Diterjang Tsunami",https://aceh.tribunnews.com/2022/07/15/kisah-firman-co-founder-startup-asal-aceh-raih-omzet-miliaran-dulu-hampir-tewas-diterjang-tsunami?page=all,aceh.tribunnews.com,"Fri, 15 Jul 2022 07:00:00 GMT",medium,22,startup Aceh,Aulia,,0.0,needs_review,neutral,0,0,auto,
611,"Ia berpegangan di kulkas tersebut sebagai pelampung, kemudian melihat seorang yang selamat duduk di atas genteng.","Kisah Firman, Co-Founder Startup Asal Aceh Raih Omzet Miliaran, Dulu Hampir Tewas Diterjang Tsunami",https://aceh.tribunnews.com/2022/07/15/kisah-firman-co-founder-startup-asal-aceh-raih-omzet-miliaran-dulu-hampir-tewas-diterjang-tsunami?page=all,aceh.tribunnews.com,"Fri, 15 Jul 2022 07:00:00 GMT",medium,16,startup Aceh,Aulia,,0.0,needs_review,neutral,0,0,auto,
612,"""Saya panggil-panggil minta tolong, dia pun menyahuti sembari memotong kabel listrik di rumah itu dan melemparinya ke saya untuk ditarik ke atas genteng,"" kenangFirman.","Kisah Firman, Co-Founder Startup Asal Aceh Raih Omzet Miliaran, Dulu Hampir Tewas Diterjang Tsunami",https://aceh.tribunnews.com/2022/07/15/kisah-firman-co-founder-startup-asal-aceh-raih-omzet-miliaran-dulu-hampir-tewas-diterjang-tsunami?page=all,aceh.tribunnews.com,"Fri, 15 Jul 2022 07:00:00 GMT",medium,24,startup Aceh,Aulia,,0.0,needs_review,neutral,0,0,auto,
613,"Anehnya lagi, ternyata yang menyelamatkanFirmanadalah orang kampungnya sendiri yang diketahui sebagai disabilitas tuna rungu atau keterbatasan indera pendengaran.","Kisah Firman, Co-Founder Startup Asal Aceh Raih Omzet Miliaran, Dulu Hampir Tewas Diterjang Tsunami",https://aceh.tribunnews.com/2022/07/15/kisah-firman-co-founder-startup-asal-aceh-raih-omzet-miliaran-dulu-hampir-tewas-diterjang-tsunami?page=all,aceh.tribunnews.com,"Fri, 15 Jul 2022 07:00:00 GMT",medium,18,startup Aceh,Aulia,,0.0,needs_review,negative,0,2,auto,
614,"Tapi ajaibnya, tiga kali dipanggil-panggil, ia pun menyahut lalu kemudian menolongFirman.","Kisah Firman, Co-Founder Startup Asal Aceh Raih Omzet Miliaran, Dulu Hampir Tewas Diterjang Tsunami",https://aceh.tribunnews.com/2022/07/15/kisah-firman-co-founder-startup-asal-aceh-raih-omzet-miliaran-dulu-hampir-tewas-diterjang-tsunami?page=all,aceh.tribunnews.com,"Fri, 15 Jul 2022 07:00:00 GMT",medium,11,startup Aceh,Aulia,,0.0,needs_review,neutral,0,0,auto,
615,"""Waktu itu mata kanan saya masuk lumpur, masih bisa melihat tapi ada bercak darah,"" kenangnya.","Kisah Firman, Co-Founder Startup Asal Aceh Raih Omzet Miliaran, Dulu Hampir Tewas Diterjang Tsunami",https://aceh.tribunnews.com/2022/07/15/kisah-firman-co-founder-startup-asal-aceh-raih-omzet-miliaran-dulu-hampir-tewas-diterjang-tsunami?page=all,aceh.tribunnews.com,"Fri, 15 Jul 2022 07:00:00 GMT",medium,15,startup Aceh,Aulia,,0.0,needs_review,neutral,0,0,auto,
616,"""Kemudian tangan kanan saya terkilir, telapak kaki kanan ada luka sejengkal dan perut tergores lumayan dalam (sejari), selebihnya lecet-lecet,"" tambahnya.","Kisah Firman, Co-Founder Startup Asal Aceh Raih Omzet Miliaran, Dulu Hampir Tewas Diterjang Tsunami",https://aceh.tribunnews.com/2022/07/15/kisah-firman-co-founder-startup-asal-aceh-raih-omzet-miliaran-dulu-hampir-tewas-diterjang-tsunami?page=all,aceh.tribunnews.com,"Fri, 15 Jul 2022 07:00:00 GMT",medium,20,startup Aceh,Aulia,,0.0,needs_review,neutral,0,0,auto,
617,"Ayah, ibu dan tiga kakaknya tidak ditemukan sama sekali dalam bencana amat dahsyat tersebut.","Kisah Firman, Co-Founder Startup Asal Aceh Raih Omzet Miliaran, Dulu Hampir Tewas Diterjang Tsunami",https://aceh.tribunnews.com/2022/07/15/kisah-firman-co-founder-startup-asal-aceh-raih-omzet-miliaran-dulu-hampir-tewas-diterjang-tsunami?page=all,aceh.tribunnews.com,"Fri, 15 Jul 2022 07:00:00 GMT",medium,14,startup Aceh,Aulia,,0.0,needs_review,neutral,0,0,auto,
618,"Genap setelah seminggutsunami,Firmandibawa ke Jakarta karena abang yang sedang mengikuti pendidikan akan segera ujian.","Kisah Firman, Co-Founder Startup Asal Aceh Raih Omzet Miliaran, Dulu Hampir Tewas Diterjang Tsunami",https://aceh.tribunnews.com/2022/07/15/kisah-firman-co-founder-startup-asal-aceh-raih-omzet-miliaran-dulu-hampir-tewas-diterjang-tsunami?page=all,aceh.tribunnews.com,"Fri, 15 Jul 2022 07:00:00 GMT",medium,14,startup Aceh,Aulia,,1.0,needs_review,neutral,0,0,auto,
619,"Firman kemudian melanjutkan SMA di Pekanbaru, sempat ingin ditawari SMA ke Jakarta namun merasa minder karena menyangka sekolah di sana terlalu elite untuknya.","Kisah Firman, Co-Founder Startup Asal Aceh Raih Omzet Miliaran, Dulu Hampir Tewas Diterjang Tsunami",https://aceh.tribunnews.com/2022/07/15/kisah-firman-co-founder-startup-asal-aceh-raih-omzet-miliaran-dulu-hampir-tewas-diterjang-tsunami?page=all,aceh.tribunnews.com,"Fri, 15 Jul 2022 07:00:00 GMT",medium,23,startup Aceh,Aulia,,1.0,needs_review,neutral,0,0,auto,
620,"DahuluFirmansempat berpikir kenapa tidak meninggal bersama keluarganya saja saat peristiwatsunamitersebut, karena tidak sanggup lagi menanggung beban kesedihan setelahnya.","Kisah Firman, Co-Founder Startup Asal Aceh Raih Omzet Miliaran, Dulu Hampir Tewas Diterjang Tsunami",https://aceh.tribunnews.com/2022/07/15/kisah-firman-co-founder-startup-asal-aceh-raih-omzet-miliaran-dulu-hampir-tewas-diterjang-tsunami?page=all,aceh.tribunnews.com,"Fri, 15 Jul 2022 07:00:00 GMT",medium,18,startup Aceh,Aulia,,0.0,needs_review,neutral,0,0,auto,
621,"Namun ia kembali merenung bahwa saat Allah menyelamatkannya, berarti ada hikmah yang harus diwujudkan dalam bentuk nyata di sini.","Kisah Firman, Co-Founder Startup Asal Aceh Raih Omzet Miliaran, Dulu Hampir Tewas Diterjang Tsunami",https://aceh.tribunnews.com/2022/07/15/kisah-firman-co-founder-startup-asal-aceh-raih-omzet-miliaran-dulu-hampir-tewas-diterjang-tsunami?page=all,aceh.tribunnews.com,"Fri, 15 Jul 2022 07:00:00 GMT",medium,19,startup Aceh,Aulia,,0.0,needs_review,neutral,0,0,auto,
622,"""Mereka (keluarga) tidak butuh tangis saya, tapi doa-doa saya istiqamah,"" ucapFirmansambil menahan tangis.","Kisah Firman, Co-Founder Startup Asal Aceh Raih Omzet Miliaran, Dulu Hampir Tewas Diterjang Tsunami",https://aceh.tribunnews.com/2022/07/15/kisah-firman-co-founder-startup-asal-aceh-raih-omzet-miliaran-dulu-hampir-tewas-diterjang-tsunami?page=all,aceh.tribunnews.com,"Fri, 15 Jul 2022 07:00:00 GMT",medium,13,startup Aceh,Aulia,,0.0,needs_review,neutral,0,0,auto,
623,"""Saya harus menjadi manfaat bagi orang lain biar bisa mengalir ke mereka (pahala),"" tambahnya.","Kisah Firman, Co-Founder Startup Asal Aceh Raih Omzet Miliaran, Dulu Hampir Tewas Diterjang Tsunami",https://aceh.tribunnews.com/2022/07/15/kisah-firman-co-founder-startup-asal-aceh-raih-omzet-miliaran-dulu-hampir-tewas-diterjang-tsunami?page=all,aceh.tribunnews.com,"Fri, 15 Jul 2022 07:00:00 GMT",medium,14,startup Aceh,Aulia,,0.0,needs_review,neutral,1,0,auto,
624,Duet Bareng Khadafi Hasilkan Rp 20 Miliar per Bulan,"Kisah Firman, Co-Founder Startup Asal Aceh Raih Omzet Miliaran, Dulu Hampir Tewas Diterjang Tsunami",https://aceh.tribunnews.com/2022/07/15/kisah-firman-co-founder-startup-asal-aceh-raih-omzet-miliaran-dulu-hampir-tewas-diterjang-tsunami?page=all,aceh.tribunnews.com,"Fri, 15 Jul 2022 07:00:00 GMT",medium,9,startup Aceh,Aulia,,1.0,needs_review,neutral,0,0,auto,
627,"Namun seiring waktu, ia pun memutuskan resign agar tidak menjalani tanggung jawab setengah hati di Bank BSM tempatnya bekerja dan mulai fokus di Amanah Corp dalam membangun perusahaan sendiri.","Kisah Firman, Co-Founder Startup Asal Aceh Raih Omzet Miliaran, Dulu Hampir Tewas Diterjang Tsunami",https://aceh.tribunnews.com/2022/07/15/kisah-firman-co-founder-startup-asal-aceh-raih-omzet-miliaran-dulu-hampir-tewas-diterjang-tsunami?page=all,aceh.tribunnews.com,"Fri, 15 Jul 2022 07:00:00 GMT",medium,29,startup Aceh,Aulia,,0.0,needs_review,neutral,0,0,auto,
628,Firman awalnya mengonsultasikan hal ini ke keluarga terkait rencananya keluar dari perusahaan BUMN tersebut.,"Kisah Firman, Co-Founder Startup Asal Aceh Raih Omzet Miliaran, Dulu Hampir Tewas Diterjang Tsunami",https://aceh.tribunnews.com/2022/07/15/kisah-firman-co-founder-startup-asal-aceh-raih-omzet-miliaran-dulu-hampir-tewas-diterjang-tsunami?page=all,aceh.tribunnews.com,"Fri, 15 Jul 2022 07:00:00 GMT",medium,14,startup Aceh,Aulia,,0.0,needs_review,neutral,0,0,auto,
629,"""Saya ajukan resign, pas pula grade saya lagi naik. Banyak yang menyanggah saya agar jangan pindah,"" kenangnya.","Kisah Firman, Co-Founder Startup Asal Aceh Raih Omzet Miliaran, Dulu Hampir Tewas Diterjang Tsunami",https://aceh.tribunnews.com/2022/07/15/kisah-firman-co-founder-startup-asal-aceh-raih-omzet-miliaran-dulu-hampir-tewas-diterjang-tsunami?page=all,aceh.tribunnews.com,"Fri, 15 Jul 2022 07:00:00 GMT",medium,17,startup Aceh,Aulia,,2.0,needs_review,neutral,0,0,auto,
630,"Selain meminta pendapat pada keluarga dan salat istikharah,Firmanjuga meminta saran dari guru spiritual atau ustaznya terkait keputusan tersebut.","Kisah Firman, Co-Founder Startup Asal Aceh Raih Omzet Miliaran, Dulu Hampir Tewas Diterjang Tsunami",https://aceh.tribunnews.com/2022/07/15/kisah-firman-co-founder-startup-asal-aceh-raih-omzet-miliaran-dulu-hampir-tewas-diterjang-tsunami?page=all,aceh.tribunnews.com,"Fri, 15 Jul 2022 07:00:00 GMT",medium,18,startup Aceh,Aulia,,0.0,needs_review,neutral,0,0,auto,
632,Tapi alangkah lebih mulia lagi kalauFirmanpunya kapal kecil milik sendiri atau punya bisnis yang dirintisnya dari nol.,"Kisah Firman, Co-Founder Startup Asal Aceh Raih Omzet Miliaran, Dulu Hampir Tewas Diterjang Tsunami",https://aceh.tribunnews.com/2022/07/15/kisah-firman-co-founder-startup-asal-aceh-raih-omzet-miliaran-dulu-hampir-tewas-diterjang-tsunami?page=all,aceh.tribunnews.com,"Fri, 15 Jul 2022 07:00:00 GMT",medium,17,startup Aceh,Aulia,,1.0,needs_review,neutral,0,1,auto,
633,"""Coba rasain pada saat kamu bisa menggaji para karyawan dan mereka punya keluarga, jadi perantara dari Allah memberi rezeki ke orang lain,"" ucapFirmanmenirukan ustaznya.","Kisah Firman, Co-Founder Startup Asal Aceh Raih Omzet Miliaran, Dulu Hampir Tewas Diterjang Tsunami",https://aceh.tribunnews.com/2022/07/15/kisah-firman-co-founder-startup-asal-aceh-raih-omzet-miliaran-dulu-hampir-tewas-diterjang-tsunami?page=all,aceh.tribunnews.com,"Fri, 15 Jul 2022 07:00:00 GMT",medium,24,startup Aceh,Aulia,,0.0,needs_review,neutral,0,0,auto,
634,"""Dan (rezeki) itu bisa digunakan kembali buat keluarganya, makin banyak (yang diberi) makin banyak keluarga yang bisa terbantukan,"" tambahnya.","Kisah Firman, Co-Founder Startup Asal Aceh Raih Omzet Miliaran, Dulu Hampir Tewas Diterjang Tsunami",https://aceh.tribunnews.com/2022/07/15/kisah-firman-co-founder-startup-asal-aceh-raih-omzet-miliaran-dulu-hampir-tewas-diterjang-tsunami?page=all,aceh.tribunnews.com,"Fri, 15 Jul 2022 07:00:00 GMT",medium,19,startup Aceh,Aulia,,0.0,needs_review,neutral,0,0,auto,
635,"Kemudian dengan bismillah, lanjutFirman, langsung resign dan mulai fokus membangun Amanah Corp yang salah satu produk suksesnya adalah aplikasi Bisatopup.","Kisah Firman, Co-Founder Startup Asal Aceh Raih Omzet Miliaran, Dulu Hampir Tewas Diterjang Tsunami",https://aceh.tribunnews.com/2022/07/15/kisah-firman-co-founder-startup-asal-aceh-raih-omzet-miliaran-dulu-hampir-tewas-diterjang-tsunami?page=all,aceh.tribunnews.com,"Fri, 15 Jul 2022 07:00:00 GMT",medium,20,startup Aceh,Aulia,,2.0,needs_review,neutral,1,0,auto,
637,Semangatnya lahir aplikasi Bisatopup yakni membuka lapangan kerja seluas-luasnya dengan harga yang murah namun punya banyak fitur.,"Kisah Firman, Co-Founder Startup Asal Aceh Raih Omzet Miliaran, Dulu Hampir Tewas Diterjang Tsunami",https://aceh.tribunnews.com/2022/07/15/kisah-firman-co-founder-startup-asal-aceh-raih-omzet-miliaran-dulu-hampir-tewas-diterjang-tsunami?page=all,aceh.tribunnews.com,"Fri, 15 Jul 2022 07:00:00 GMT",medium,17,startup Aceh,Aulia,,2.0,needs_review,neutral,0,0,auto,
638,"Saat awal-awal merintis, bahkan pulsa 100 ribu pun berani dijual seharga Rp 94 ribu saja di aplikasi tersebut.","Kisah Firman, Co-Founder Startup Asal Aceh Raih Omzet Miliaran, Dulu Hampir Tewas Diterjang Tsunami",https://aceh.tribunnews.com/2022/07/15/kisah-firman-co-founder-startup-asal-aceh-raih-omzet-miliaran-dulu-hampir-tewas-diterjang-tsunami?page=all,aceh.tribunnews.com,"Fri, 15 Jul 2022 07:00:00 GMT",medium,18,startup Aceh,Aulia,,2.0,needs_review,neutral,0,0,auto,
640,"Provit yang kecil tidak jadi masalah bagi keduanya, asalkan orang lain bisa mencari nafkah dari aplikasi tersebut dengan lebih untung, semisal membuka counter.","Kisah Firman, Co-Founder Startup Asal Aceh Raih Omzet Miliaran, Dulu Hampir Tewas Diterjang Tsunami",https://aceh.tribunnews.com/2022/07/15/kisah-firman-co-founder-startup-asal-aceh-raih-omzet-miliaran-dulu-hampir-tewas-diterjang-tsunami?page=all,aceh.tribunnews.com,"Fri, 15 Jul 2022 07:00:00 GMT",medium,23,startup Aceh,Aulia,,2.0,needs_review,neutral,0,1,auto,
641,"Alasan ini pula yang membuat Khadafi danFirman, menabalkan nama Amanah di perusahaan mereka.","Kisah Firman, Co-Founder Startup Asal Aceh Raih Omzet Miliaran, Dulu Hampir Tewas Diterjang Tsunami",https://aceh.tribunnews.com/2022/07/15/kisah-firman-co-founder-startup-asal-aceh-raih-omzet-miliaran-dulu-hampir-tewas-diterjang-tsunami?page=all,aceh.tribunnews.com,"Fri, 15 Jul 2022 07:00:00 GMT",medium,13,startup Aceh,Aulia,,0.0,needs_review,neutral,0,0,auto,
642,Tujuannya seolah ingin menyampaikan bahwa ada harga yang lebih sesuai dan lebih jujur dibandingkan kompetitor lain.,"Kisah Firman, Co-Founder Startup Asal Aceh Raih Omzet Miliaran, Dulu Hampir Tewas Diterjang Tsunami",https://aceh.tribunnews.com/2022/07/15/kisah-firman-co-founder-startup-asal-aceh-raih-omzet-miliaran-dulu-hampir-tewas-diterjang-tsunami?page=all,aceh.tribunnews.com,"Fri, 15 Jul 2022 07:00:00 GMT",medium,16,startup Aceh,Aulia,,1.0,needs_review,neutral,0,0,auto,
643,Agar manfaat yang didapat bisa dirasakan lagi oleh orang banyak.,"Kisah Firman, Co-Founder Startup Asal Aceh Raih Omzet Miliaran, Dulu Hampir Tewas Diterjang Tsunami",https://aceh.tribunnews.com/2022/07/15/kisah-firman-co-founder-startup-asal-aceh-raih-omzet-miliaran-dulu-hampir-tewas-diterjang-tsunami?page=all,aceh.tribunnews.com,"Fri, 15 Jul 2022 07:00:00 GMT",medium,10,startup Aceh,Aulia,,0.0,needs_review,neutral,1,0,auto,
644,"Hingga saat ini, aplikasi Bisatopup yang dibangun Khadafi bersamaFirmanitu sudah tembus di angka 600 ribu transaksi per bulan.","Kisah Firman, Co-Founder Startup Asal Aceh Raih Omzet Miliaran, Dulu Hampir Tewas Diterjang Tsunami",https://aceh.tribunnews.com/2022/07/15/kisah-firman-co-founder-startup-asal-aceh-raih-omzet-miliaran-dulu-hampir-tewas-diterjang-tsunami?page=all,aceh.tribunnews.com,"Fri, 15 Jul 2022 07:00:00 GMT",medium,18,startup Aceh,Aulia,,2.0,needs_review,neutral,0,0,auto,
645,"Kemudian dari sisi penghasilan, omzet bisnis keduanya kini sudah mencapai sekitar Rp 20 miliar per sebulan.","Kisah Firman, Co-Founder Startup Asal Aceh Raih Omzet Miliaran, Dulu Hampir Tewas Diterjang Tsunami",https://aceh.tribunnews.com/2022/07/15/kisah-firman-co-founder-startup-asal-aceh-raih-omzet-miliaran-dulu-hampir-tewas-diterjang-tsunami?page=all,aceh.tribunnews.com,"Fri, 15 Jul 2022 07:00:00 GMT",medium,16,startup Aceh,Aulia,,2.0,needs_review,neutral,0,0,auto,
646,Sementara jumlah total member sampai saat ini sudah menyentuh 200 ribu orang lebih dan sudah punya sertifikat ISO/IEC 27001 standar keamanan informasi berstandar internasional.,"Kisah Firman, Co-Founder Startup Asal Aceh Raih Omzet Miliaran, Dulu Hampir Tewas Diterjang Tsunami",https://aceh.tribunnews.com/2022/07/15/kisah-firman-co-founder-startup-asal-aceh-raih-omzet-miliaran-dulu-hampir-tewas-diterjang-tsunami?page=all,aceh.tribunnews.com,"Fri, 15 Jul 2022 07:00:00 GMT",medium,24,startup Aceh,Aulia,,0.0,needs_review,neutral,0,0,auto,
648,Kemudian Bisatopup juga sudah memperoleh sertifikat Kominfo sebagai penyelenggara sistem elektronik yang terdaftar dan berlisensi.,"Kisah Firman, Co-Founder Startup Asal Aceh Raih Omzet Miliaran, Dulu Hampir Tewas Diterjang Tsunami",https://aceh.tribunnews.com/2022/07/15/kisah-firman-co-founder-startup-asal-aceh-raih-omzet-miliaran-dulu-hampir-tewas-diterjang-tsunami?page=all,aceh.tribunnews.com,"Fri, 15 Jul 2022 07:00:00 GMT",medium,15,startup Aceh,Aulia,,2.0,needs_review,neutral,0,0,auto,
649,"Sertifikat lainnya yakni ETA, konsultan syariah yang menegaskan SOP yang dijalankan sudah sesuai dengan syariah.","Kisah Firman, Co-Founder Startup Asal Aceh Raih Omzet Miliaran, Dulu Hampir Tewas Diterjang Tsunami",https://aceh.tribunnews.com/2022/07/15/kisah-firman-co-founder-startup-asal-aceh-raih-omzet-miliaran-dulu-hampir-tewas-diterjang-tsunami?page=all,aceh.tribunnews.com,"Fri, 15 Jul 2022 07:00:00 GMT",medium,15,startup Aceh,Aulia,,0.0,needs_review,neutral,0,0,auto,
650,Kedua founder tersebut menjamin setiap transaksi saldo klien di Bisatopup tidak akan dimainkan atau diputarkan terlebih dahulu uangnya ke tempat lain.,"Kisah Firman, Co-Founder Startup Asal Aceh Raih Omzet Miliaran, Dulu Hampir Tewas Diterjang Tsunami",https://aceh.tribunnews.com/2022/07/15/kisah-firman-co-founder-startup-asal-aceh-raih-omzet-miliaran-dulu-hampir-tewas-diterjang-tsunami?page=all,aceh.tribunnews.com,"Fri, 15 Jul 2022 07:00:00 GMT",medium,21,startup Aceh,Aulia,,2.0,needs_review,neutral,0,0,auto,
651,Diputarkan dimaksud seperti ke saham dan sebagainya.,"Kisah Firman, Co-Founder Startup Asal Aceh Raih Omzet Miliaran, Dulu Hampir Tewas Diterjang Tsunami",https://aceh.tribunnews.com/2022/07/15/kisah-firman-co-founder-startup-asal-aceh-raih-omzet-miliaran-dulu-hampir-tewas-diterjang-tsunami?page=all,aceh.tribunnews.com,"Fri, 15 Jul 2022 07:00:00 GMT",medium,7,startup Aceh,Aulia,,0.0,needs_review,neutral,0,0,auto,
652,"Karena setiap uang yang ada di Bisatopup, menurut mereka merupakan uang amanah dari nasabah.","Kisah Firman, Co-Founder Startup Asal Aceh Raih Omzet Miliaran, Dulu Hampir Tewas Diterjang Tsunami",https://aceh.tribunnews.com/2022/07/15/kisah-firman-co-founder-startup-asal-aceh-raih-omzet-miliaran-dulu-hampir-tewas-diterjang-tsunami?page=all,aceh.tribunnews.com,"Fri, 15 Jul 2022 07:00:00 GMT",medium,14,startup Aceh,Aulia,,1.0,needs_review,neutral,0,0,auto,
653,"Selain itu, bertransaksi di Bisatopup juga dianggap sudah berinfak.","Kisah Firman, Co-Founder Startup Asal Aceh Raih Omzet Miliaran, Dulu Hampir Tewas Diterjang Tsunami",https://aceh.tribunnews.com/2022/07/15/kisah-firman-co-founder-startup-asal-aceh-raih-omzet-miliaran-dulu-hampir-tewas-diterjang-tsunami?page=all,aceh.tribunnews.com,"Fri, 15 Jul 2022 07:00:00 GMT",medium,9,startup Aceh,Aulia,,2.0,needs_review,neutral,0,0,auto,
654,Hingga saat ini Bisatopup dan Amanah Corp sudah membantu pembangunan dan renovasi lima masjid dan sebuah yayasan yatim.,"Kisah Firman, Co-Founder Startup Asal Aceh Raih Omzet Miliaran, Dulu Hampir Tewas Diterjang Tsunami",https://aceh.tribunnews.com/2022/07/15/kisah-firman-co-founder-startup-asal-aceh-raih-omzet-miliaran-dulu-hampir-tewas-diterjang-tsunami?page=all,aceh.tribunnews.com,"Fri, 15 Jul 2022 07:00:00 GMT",medium,18,startup Aceh,Aulia,,0.0,needs_review,neutral,0,0,auto,
655,"Tidak hanya memikirkan untung rugi dunia, namun akhirat juga menjadi prioritas yang harus dipikirkan bagi milenial asal Aceh ini dalam membangun bisnisnya.","Kisah Firman, Co-Founder Startup Asal Aceh Raih Omzet Miliaran, Dulu Hampir Tewas Diterjang Tsunami",https://aceh.tribunnews.com/2022/07/15/kisah-firman-co-founder-startup-asal-aceh-raih-omzet-miliaran-dulu-hampir-tewas-diterjang-tsunami?page=all,aceh.tribunnews.com,"Fri, 15 Jul 2022 07:00:00 GMT",high,22,startup Aceh,Aulia,,1.0,needs_review,neutral,0,0,auto,
657,"Demikian kisahFirman. Sosok yang dulunya hampir tewas diterjangtsunami, kini meraih omzet miliaran daristartupyang dirintisnya bersama sang teman.","Kisah Firman, Co-Founder Startup Asal Aceh Raih Omzet Miliaran, Dulu Hampir Tewas Diterjang Tsunami",https://aceh.tribunnews.com/2022/07/15/kisah-firman-co-founder-startup-asal-aceh-raih-omzet-miliaran-dulu-hampir-tewas-diterjang-tsunami?page=all,aceh.tribunnews.com,"Fri, 15 Jul 2022 07:00:00 GMT",medium,17,startup Aceh,Aulia,,2.0,needs_review,neutral,0,0,auto,
686,"Industri pembuatan kapal nelayan tradisional di Gampong Jawa, Kecamatan Kuta Raja, Banda Aceh, terus menjadi motor penggerak ekonomi masyarakat pesisir. Aktivitas ini menciptakan lapangan kerja, memacu perputaran ekonomi, dan meningkatkan kesejahteraan penduduk lokal.","Kapal Nelayan Tradisional, Ikon Ekonomi Pesisir Aceh - Bisnisia.id",https://bisnisia.id/kapal-nelayan-tradisional-ikon-ekonomi-pesisir-aceh/,bisnisia.id,2024-11-16,high,33,startup Aceh,Aulia,,2.0,needs_review,neutral,1,0,auto,
687,"Pembuatan kapal ini melibatkan tenaga ahli setempat yang menggunakan bahan kayu berkualitas dan alat tradisional, berpadu dengan keterampilan tinggi yang diwariskan secara turun-temurun. Setiap tahunnya, seorang pengrajin mampu menghasilkan hingga 46 unit kapal dengan nilai jual antara Rp50 juta hingga Rp200 juta per unit, tergantung ukuran dan spesifikasi.","Kapal Nelayan Tradisional, Ikon Ekonomi Pesisir Aceh - Bisnisia.id",https://bisnisia.id/kapal-nelayan-tradisional-ikon-ekonomi-pesisir-aceh/,bisnisia.id,2024-11-16,medium,48,startup Aceh,Aulia,,2.0,needs_review,neutral,0,1,auto,
688,"Kontribusi industri ini tidak hanya terasa di sektor pembuatan kapal, tetapi juga berdampak besar bagi sektor perikanan di Aceh. Kapal berkualitas memungkinkan para nelayan meningkatkan efisiensi dan produktivitas tangkapan mereka, yang secara langsung mendukung ketahanan pangan serta memperkuat perekonomian daerah.","Kapal Nelayan Tradisional, Ikon Ekonomi Pesisir Aceh - Bisnisia.id",https://bisnisia.id/kapal-nelayan-tradisional-ikon-ekonomi-pesisir-aceh/,bisnisia.id,2024-11-16,high,40,startup Aceh,Aulia,,2.0,needs_review,positive,3,0,auto,
689,"Keberlanjutan dan potensi industri ini menjadikannya sebagai salah satu ikon ekonomi kreatif Aceh. Dengan dukungan pemerintah dan promosi yang lebih luas, industri ini diharapkan mampu membuka pasar yang lebih besar dan menjadi kebanggaan lokal yang mendunia.","Kapal Nelayan Tradisional, Ikon Ekonomi Pesisir Aceh - Bisnisia.id",https://bisnisia.id/kapal-nelayan-tradisional-ikon-ekonomi-pesisir-aceh/,bisnisia.id,2024-11-16,high,36,startup Aceh,Aulia,,2.0,needs_review,positive,2,0,auto,
740,"Trailer terbaru untuk serial anime Ghost in the Shell dari Science Saru telah dirilis, menampilkan gaya visual retro yang setia pada manga asli. Serial ini akan tayang eksklusif di Prime Video mulai Juli mendatang.",Lirik Himne Aceh 'Aceh Mulia' - Bisnisia.id,https://bisnisia.id/lirik-himne-aceh-aceh-mulia/,bisnisia.id,2025-05-14,medium,34,startup Aceh,Aulia,,0.0,needs_review,neutral,0,0,auto,
758,"ACEH SELATAN Dewan Pimpinan Pusat (DPP) Partai Demokrasi Indonesia Perjuangan (PDIP) resmi menetapkan Muniruddin sebagai Ketua Dewan Pimpinan Cabang (DPC) Aceh Selatan periode 20252030. Ia menggantikan Zahrizal Ujang, yang sebelumnya memimpin partai berlambang banteng moncong putih tersebut.","Cut Munir Nahkodai PDIP Aceh Selatan, Siap Bawa Semangat Baru Partai Banteng",https://www.ajnn.net/news/cut-munir-nahkodai-pdip-aceh-selatan-siap-bawa-semangat-baru-partai-banteng/index.html,ajnn.net,"Mon, 03 Nov 2025 08:00:00 GMT",high,37,startup Aceh,Aulia,,1.0,needs_review,neutral,0,0,auto,
759,"Penetapan itu disampaikan dalam Konferensi Daerah (Konferda) PDIP Aceh yang digelar di Banda Aceh, Ahad, 2 November 2025. Sosok Muniruddin atau akrab disapa Cut Munir, dikenal sebagai figur muda yang energik dan dinilai mampu membawa perubahan di tubuh partai.","Cut Munir Nahkodai PDIP Aceh Selatan, Siap Bawa Semangat Baru Partai Banteng",https://www.ajnn.net/news/cut-munir-nahkodai-pdip-aceh-selatan-siap-bawa-semangat-baru-partai-banteng/index.html,ajnn.net,"Mon, 03 Nov 2025 08:00:00 GMT",high,39,startup Aceh,Aulia,,0.0,needs_review,neutral,0,0,auto,
760,"Saat dihubungi AJNN, pengusaha ikan asal Meukek itu menegaskan komitmennya untuk memperkuat konsolidasi dan kaderisasi di tingkat akar rumput.","Cut Munir Nahkodai PDIP Aceh Selatan, Siap Bawa Semangat Baru Partai Banteng",https://www.ajnn.net/news/cut-munir-nahkodai-pdip-aceh-selatan-siap-bawa-semangat-baru-partai-banteng/index.html,ajnn.net,"Mon, 03 Nov 2025 08:00:00 GMT",medium,19,startup Aceh,Aulia,,0.0,needs_review,neutral,0,0,auto,
761,"Kami akan memperkuat jaringan partai hingga ke tingkat ranting, membangun kaderisasi berkelanjutan, dan memastikan perjuangan PDIP di Aceh Selatan selaras dengan semangat gotong royong partai, ujar Munir kepada AJNN, Senin, 3 November 2025.","Cut Munir Nahkodai PDIP Aceh Selatan, Siap Bawa Semangat Baru Partai Banteng",https://www.ajnn.net/news/cut-munir-nahkodai-pdip-aceh-selatan-siap-bawa-semangat-baru-partai-banteng/index.html,ajnn.net,"Mon, 03 Nov 2025 08:00:00 GMT",high,33,startup Aceh,Aulia,,2.0,needs_review,neutral,0,0,auto,
762,"Cut Munir juga menekankan bahwa ke depan, PDIP Aceh Selatan harus tampil sebagai partai yang responsif terhadap persoalan masyarakat, terutama dalam bidang pemberdayaan ekonomi rakyat dan kesejahteraan sosial.","Cut Munir Nahkodai PDIP Aceh Selatan, Siap Bawa Semangat Baru Partai Banteng",https://www.ajnn.net/news/cut-munir-nahkodai-pdip-aceh-selatan-siap-bawa-semangat-baru-partai-banteng/index.html,ajnn.net,"Mon, 03 Nov 2025 08:00:00 GMT",high,28,startup Aceh,Aulia,,0.0,needs_review,neutral,1,0,auto,
763,"Insya Allah, pada Pemilu 2029 mendatang, kita menargetkan PDIP kembali mendapatkan kursi di DPRK Aceh Selatan, minimal dua kursi, pungkasnya optimistis.***","Cut Munir Nahkodai PDIP Aceh Selatan, Siap Bawa Semangat Baru Partai Banteng",https://www.ajnn.net/news/cut-munir-nahkodai-pdip-aceh-selatan-siap-bawa-semangat-baru-partai-banteng/index.html,ajnn.net,"Mon, 03 Nov 2025 08:00:00 GMT",high,21,startup Aceh,Aulia,,0.0,needs_review,neutral,1,1,auto,
764,"Bisnisia.id, Banda Aceh Gubernur Aceh Muzakir Manaf atau Mualem secara resmi menyerahkan dokumen usulan pembangunan terowongan Geurutee kepada Menteri Perencanaan Pembangunan Nasional/Kepala Bappenas, Rachmat Pambudy, di Meuligoe Gubernur Aceh, Rabu (9/7/2025).",Mualem Serahkan Usulan Terowongan Geurutee Ke Bappenas - Bisnisia.id,https://bisnisia.id/mualem-serahkan-usulan-terowongan-geurutee-ke-bappenas/,bisnisia.id,2025-07-10,high,31,startup Aceh,Aulia,,1.0,needs_review,neutral,0,0,auto,
765,"Pembangunan terowongan ini dinilai sangat penting untuk menunjang aksesibilitas dan keselamatan transportasi di wilayah barat selatan Aceh, khususnya jalur di Gunung Geurutee, Kabupaten Aceh Jaya, yang rawan kecelakaan dan longsor.",Mualem Serahkan Usulan Terowongan Geurutee Ke Bappenas - Bisnisia.id,https://bisnisia.id/mualem-serahkan-usulan-terowongan-geurutee-ke-bappenas/,bisnisia.id,2025-07-10,high,30,startup Aceh,Aulia,,0.0,needs_review,neutral,0,0,auto,
766,"Dalam sambutannya saat membuka Musyawarah Perencanaan Pembangunan (Musrenbang) RPJM Aceh pagi harinya, Mualem menegaskan urgensi pembangunan tersebut.",Mualem Serahkan Usulan Terowongan Geurutee Ke Bappenas - Bisnisia.id,https://bisnisia.id/mualem-serahkan-usulan-terowongan-geurutee-ke-bappenas/,bisnisia.id,2025-07-10,high,17,startup Aceh,Aulia,,0.0,needs_review,neutral,0,0,auto,
767,"Terowongan Geurutee, Pak. Karena di situ selalu rawan kecelakaan. Hampir setiap bulan ada saja kecelakaan. Saya kasihan juga, satu keluarga kadang terjun ke laut, kata Mualem di hadapan Menteri Bappenas.",Mualem Serahkan Usulan Terowongan Geurutee Ke Bappenas - Bisnisia.id,https://bisnisia.id/mualem-serahkan-usulan-terowongan-geurutee-ke-bappenas/,bisnisia.id,2025-07-10,low,30,startup Aceh,Aulia,,0.0,needs_review,neutral,0,0,auto,
768,"Sebelumnya, pada 25 Juni 2025, Mualem juga telah menyampaikan usulan serupa kepada Menteri Pekerjaan Umum, Dody Hanggodo.",Mualem Serahkan Usulan Terowongan Geurutee Ke Bappenas - Bisnisia.id,https://bisnisia.id/mualem-serahkan-usulan-terowongan-geurutee-ke-bappenas/,bisnisia.id,2025-07-10,low,17,startup Aceh,Aulia,,0.0,needs_review,neutral,0,0,auto,
769,"Kepala Biro Administrasi Pimpinan Sekretariat Daerah Aceh, Akkar Arafat, menyampaikan bahwa penyerahan dokumen usulan ini merupakan bentuk komitmen Gubernur Aceh dalam memperjuangkan keselamatan dan kenyamanan masyarakat di kawasan barat selatan.",Mualem Serahkan Usulan Terowongan Geurutee Ke Bappenas - Bisnisia.id,https://bisnisia.id/mualem-serahkan-usulan-terowongan-geurutee-ke-bappenas/,bisnisia.id,2025-07-10,high,30,startup Aceh,Aulia,,1.0,needs_review,neutral,0,0,auto,
770,"Pak Gubernur sangat berharap dukungan dari pemerintah pusat untuk merealisasikan pembangunan terowongan di kawasan Gunung Geurutee, demi mengurangi risiko kecelakaan lalu lintas, ujarnya.",Mualem Serahkan Usulan Terowongan Geurutee Ke Bappenas - Bisnisia.id,https://bisnisia.id/mualem-serahkan-usulan-terowongan-geurutee-ke-bappenas/,bisnisia.id,2025-07-10,low,23,startup Aceh,Aulia,,1.0,needs_review,neutral,1,0,auto,
771,"Jalur Geurutee dikenal berbahaya karena berada di sisi tebing curam dan rawan longsor, terutama saat hujan deras. Jalan ini juga menjadi akses utama yang menghubungkan wilayah barat selatan Aceh dengan Banda Aceh.",Mualem Serahkan Usulan Terowongan Geurutee Ke Bappenas - Bisnisia.id,https://bisnisia.id/mualem-serahkan-usulan-terowongan-geurutee-ke-bappenas/,bisnisia.id,2025-07-10,high,32,startup Aceh,Aulia,,0.0,needs_review,neutral,0,0,auto,
787,"BANDA ACEH - RM (33) warga Gampong Santan, Ingin Jaya, Aceh Besar ditangkap Opsnal Satresnarkoba Polresta Banda Aceh di pinggir jalan gampong setempat, pada Rabu (13/7) dini hari",Warga Aceh Besar Ditangkap Polisi Gegara Sabu,https://www.ajnn.net/news/warga-aceh-besar-ditangkap-polisi-gegara-sabu/amp.html,ajnn.net,"Fri, 15 Jul 2022 07:00:00 GMT",high,28,startup Aceh,Aulia,,0.0,needs_review,neutral,0,0,auto,
788,"RM ditangkap lantaran menyimpan narkotika jenis sabu sebanyak 2,91 gram dan berbagai alat lainnya untuk dipergunakan dalam tindak pidana tersebut.",Warga Aceh Besar Ditangkap Polisi Gegara Sabu,https://www.ajnn.net/news/warga-aceh-besar-ditangkap-polisi-gegara-sabu/amp.html,ajnn.net,"Fri, 15 Jul 2022 07:00:00 GMT",medium,20,startup Aceh,Aulia,,2.0,needs_review,neutral,0,0,auto,
789,"Kapolresta Banda Aceh, Kombes Pol Joko Krisdiyanto melalui Kasatresnarkoba Kompol Tendri Wardi mengatakan, penangkapan tersebut dilakukan lantaran pelaku menyimpan 2,91 gram narkotika jenis sabu.",Warga Aceh Besar Ditangkap Polisi Gegara Sabu,https://www.ajnn.net/news/warga-aceh-besar-ditangkap-polisi-gegara-sabu/amp.html,ajnn.net,"Fri, 15 Jul 2022 07:00:00 GMT",high,24,startup Aceh,Aulia,,0.0,needs_review,neutral,0,0,auto,
790,"""RM diamankan karena memiliki, menyimpan narkotika jenis sabu yang disimpan di rumahnya di Gampong Santan, Aceh Besar,"" kata Kompol Tendri Wardi, Jumat (15/7).",Warga Aceh Besar Ditangkap Polisi Gegara Sabu,https://www.ajnn.net/news/warga-aceh-besar-ditangkap-polisi-gegara-sabu/amp.html,ajnn.net,"Fri, 15 Jul 2022 07:00:00 GMT",high,23,startup Aceh,Aulia,,0.0,needs_review,neutral,0,0,auto,
791,"Tendri menjelaskan, berdasarkan pengakuan warga setempat, RM sangat meresahkan warga desa sekitar. Bahkan pihaknya mendapatkan informasi keberadaan pelaku dari warga hingga berhasil diringkus.",Warga Aceh Besar Ditangkap Polisi Gegara Sabu,https://www.ajnn.net/news/warga-aceh-besar-ditangkap-polisi-gegara-sabu/amp.html,ajnn.net,"Fri, 15 Jul 2022 07:00:00 GMT",medium,23,startup Aceh,Aulia,,2.0,needs_review,neutral,1,0,auto,
792,"""RM sempat membuang barang haram tersebut ke samping rumahnya, kemudian dia melarikan diri sehingga sempat terjadi aksi saling kejar oleh personel opsnal, namun akhirnya RM tertangkap,"" sebutnya.",Warga Aceh Besar Ditangkap Polisi Gegara Sabu,https://www.ajnn.net/news/warga-aceh-besar-ditangkap-polisi-gegara-sabu/amp.html,ajnn.net,"Fri, 15 Jul 2022 07:00:00 GMT",medium,27,startup Aceh,Aulia,,1.0,needs_review,neutral,0,0,auto,
793,"Saat dibawa ke Polresta untuk dilakukan introgasi, RM tidak mengakui narkotika tersebut miliknya, namun setelah di introgasi ulang, ia mengaku memiliki narkotika.",Warga Aceh Besar Ditangkap Polisi Gegara Sabu,https://www.ajnn.net/news/warga-aceh-besar-ditangkap-polisi-gegara-sabu/amp.html,ajnn.net,"Fri, 15 Jul 2022 07:00:00 GMT",medium,22,startup Aceh,Aulia,,0.0,needs_review,neutral,0,0,auto,
794,"""Barang bukti narkotika jenis sabu tersebut diperoleh dengan cara dibeli dari AM di kawasan Montasik, Aceh Besar senilai Rp 3,3 juta,"" ucapnya.",Warga Aceh Besar Ditangkap Polisi Gegara Sabu,https://www.ajnn.net/news/warga-aceh-besar-ditangkap-polisi-gegara-sabu/amp.html,ajnn.net,"Fri, 15 Jul 2022 07:00:00 GMT",high,22,startup Aceh,Aulia,,1.0,needs_review,neutral,0,0,auto,
795,"Selain itu, Kasatresnarkoba juga menyebutkan, narkotika jenis sabu tersebut berasal dari Timur Tengah yang sudah diperkecil paketnya, sehingga memudahkan masyarakat untuk memperolehnya.",Warga Aceh Besar Ditangkap Polisi Gegara Sabu,https://www.ajnn.net/news/warga-aceh-besar-ditangkap-polisi-gegara-sabu/amp.html,ajnn.net,"Fri, 15 Jul 2022 07:00:00 GMT",medium,22,startup Aceh,Aulia,,0.0,needs_review,neutral,0,0,auto,
796,"""Saat ini, RM harus mendekam di rumah tahanan Polresta Banda Aceh untuk mempertanggungjawabkan perbuatannya,"" tutupnya.",Warga Aceh Besar Ditangkap Polisi Gegara Sabu,https://www.ajnn.net/news/warga-aceh-besar-ditangkap-polisi-gegara-sabu/amp.html,ajnn.net,"Fri, 15 Jul 2022 07:00:00 GMT",high,15,startup Aceh,Aulia,,0.0,needs_review,neutral,0,1,auto,
823,"Bisnisia.id, Banda Aceh Provinsi Aceh kembali tercatat sebagai daerah penghasil minyak nilam terbesar di Indonesia dalam kurun waktu lima tahun terakhir. Berdasarkan data produksi periode 2015 hingga 2020, Aceh menyumbang rata-rata produksi sebesar 415 ton per tahun atau setara dengan 18,78 persen dari total produksi nasional.",10 Provinsi Penghasil Minyak Nilam Terbesar Di Indonesia - Bisnisia.id,https://bisnisia.id/10-provinsi-penghasil-minyak-nilam-terbesar-di-indonesia/,bisnisia.id,2025-05-13,high,46,startup Aceh,Aulia,,2.0,needs_review,neutral,0,0,auto,
824,"Mengutip data dalam buku Statistik Perkebunan Indonesia Komoditas Nilam Tahun 2018-2020 yang diterbitkan oleh Kementerian Pertanian, Dominasi Aceh diikuti oleh Sumatera Barat dengan kontribusi sebesar 15,93 persen ataudsekitar 352 ton per tahun. Posisi ketiga ditempati Sulawesi Tenggara (13,89%), disusul Jambi (11,95%), Sumatera Utara (11,69%), dan Jawa Barat (7,60%).",10 Provinsi Penghasil Minyak Nilam Terbesar Di Indonesia - Bisnisia.id,https://bisnisia.id/10-provinsi-penghasil-minyak-nilam-terbesar-di-indonesia/,bisnisia.id,2025-05-13,high,48,startup Aceh,Aulia,,1.0,needs_review,neutral,1,0,auto,
825,"Sementara itu, provinsi lainnya yang tercatat sebagai sentra produksi nilam adalah Jawa Timur (5,61%), Jawa Tengah (4,37%), Sulawesi Selatan (3,54%), dan Sulawesi Tengah (2,24%). Sisanya berasal dari wilayah lain dengan kontribusi sebesar 4,40 persen.",10 Provinsi Penghasil Minyak Nilam Terbesar Di Indonesia - Bisnisia.id,https://bisnisia.id/10-provinsi-penghasil-minyak-nilam-terbesar-di-indonesia/,bisnisia.id,2025-05-13,low,34,startup Aceh,Aulia,,2.0,needs_review,neutral,1,0,auto,
826,"Secara total, sepuluh provinsi ini menyumbang 95,60 persen dari keseluruhan produksi minyak nilam Indonesia. Data ini menunjukkan bahwa produksi nilam di Indonesia sangat terpusat di wilayah-wilayah tertentu, terutama di Sumatera dan Sulawesi.",10 Provinsi Penghasil Minyak Nilam Terbesar Di Indonesia - Bisnisia.id,https://bisnisia.id/10-provinsi-penghasil-minyak-nilam-terbesar-di-indonesia/,bisnisia.id,2025-05-13,low,32,startup Aceh,Aulia,,2.0,needs_review,neutral,0,0,auto,
827,"Namun demikian, tren produktivitas nilam nasional menunjukkan kecenderungan menurun dalam beberapa tahun terakhir. Dari tahun 2014 hingga 2018, rata-rata penurunan produktivitas mencapai 7,48 persen setiap tahunnya. Penurunan paling tajam terjadi pada 20162017, yakni sebesar 19,47 persen.",10 Provinsi Penghasil Minyak Nilam Terbesar Di Indonesia - Bisnisia.id,https://bisnisia.id/10-provinsi-penghasil-minyak-nilam-terbesar-di-indonesia/,bisnisia.id,2025-05-13,low,36,startup Aceh,Aulia,,2.0,needs_review,neutral,0,1,auto,
828,"Penurunan ini diduga kuat dipengaruhi oleh faktor cuaca dan iklim, khususnya fenomena La Nina. Kandungan minyak dalam tanaman nilam sangat bergantung pada kondisi iklim, sehingga perubahan cuaca ekstrem dapat berdampak signifikan terhadap kualitas dan kuantitas produksi.",10 Provinsi Penghasil Minyak Nilam Terbesar Di Indonesia - Bisnisia.id,https://bisnisia.id/10-provinsi-penghasil-minyak-nilam-terbesar-di-indonesia/,bisnisia.id,2025-05-13,low,36,startup Aceh,Aulia,,2.0,needs_review,neutral,0,0,auto,
969,Langkah ini menjadi bagian dari upaya pemerintah membangun jaringan inovasi yang tidak hanya terkonsentrasi di kota-kota besar.,"Startup RI Masih Terlalu Jawa Sentris, Pemerintah Siapkan Jurus Ini untuk Ekspansi di Daerah",https://mediaasuransinews.co.id/ekonomi-digital/startup-ri-masih-terlalu-jawa-sentris-pemerintah-siapkan-jurus-ini-untuk-ekspansi-di-daerah/,mediaasuransinews.co.id,2026-08-28,low,17,startup Banda Aceh,Aulia,,2.0,needs_review,neutral,1,1,auto,
1036,"Tiga hal utama dimaksud, jelas Anggara, yakni ekspansi wilayah operasional dan penguatan SDM, pengembangan fitur-fitur baru, serta peningkatan kapasitaslabdan fasilitaspackaging.",Startup kemasan Tjetak dapat suntikan dana dari Grup Temasek,https://sulteng.antaranews.com/berita/148302/startup-kemasan-tjetak-dapat-suntikan-dana-dari-grup-temasek,sulteng.antaranews.com,"Tue, 25 Aug 2020 07:00:00 GMT",low,20,startup Banda Aceh,Aulia,,2.0,needs_review,neutral,1,0,auto,
1040,"Oleh karena itu, Tjetak sebagai startup solusipackagingyang memiliki spesialisasi di bidang kemasan memiliki potensi besar untuk bertumbuh dan melayani lebih banyak perusahaan di Indonesia.",Startup kemasan Tjetak dapat suntikan dana dari Grup Temasek,https://sulteng.antaranews.com/berita/148302/startup-kemasan-tjetak-dapat-suntikan-dana-dari-grup-temasek,sulteng.antaranews.com,"Tue, 25 Aug 2020 07:00:00 GMT",low,24,startup Banda Aceh,Aulia,,2.0,needs_review,positive,2,0,auto,
1041,"Berdiri sejak tahun 2018, Tjetak merupakan perusahaan teknologi yang diprakarsai oleh tiga alumni Universitas Indonesia, yaitu Anggara Pranaspati, Raffisal Damanhuri, dan Hasandi Patriawan.",Startup kemasan Tjetak dapat suntikan dana dari Grup Temasek,https://sulteng.antaranews.com/berita/148302/startup-kemasan-tjetak-dapat-suntikan-dana-dari-grup-temasek,sulteng.antaranews.com,"Tue, 25 Aug 2020 07:00:00 GMT",low,23,startup Banda Aceh,Aulia,,2.0,needs_review,neutral,0,0,auto,
1043,"Tjetak kemudian hadir melayani klien dengan menawarkan kombinasi kecanggihan teknologi dan keahlian dalam kemasan. Misalnya, dalam proses permintaan harga, terdapat teknologi Tjetak Pricing Engine yang dapat mengkalkulasi harga hingga 70 persen lebih cepat dibandingkan prosedur konvensional.",Startup kemasan Tjetak dapat suntikan dana dari Grup Temasek,https://sulteng.antaranews.com/berita/148302/startup-kemasan-tjetak-dapat-suntikan-dana-dari-grup-temasek,sulteng.antaranews.com,"Tue, 25 Aug 2020 07:00:00 GMT",low,36,startup Banda Aceh,Aulia,,2.0,needs_review,neutral,0,0,auto,
1048,"Pemkot Banda Aceh memanfaatkan HUT Kemerdekaan RI untuk dorong inovasi teknologi lokal, target jadi model kota pintar di Aceh. Cari tahu strategi revolusioner yang akan mengubah wajah kota ini!","Pemkot Banda Aceh Manfaatkan HUT Kemerdekaan RI untuk Dorong Inovasi Teknologi Lokal, Target Jadi Model Kota Pintar di Aceh – Berita Hari Ini",https://lifestyle.teknokrat.ac.id/pemkot-banda-aceh-manfaatkan-hut-kemerdekaan-ri-untuk-dorong-inovasi-teknologi-lokal-target-jadi-model-kota-pintar-di-aceh/,lifestyle.teknokrat.ac.id,"Tue, 18 Aug 2026 18:52:07 GMT",high,29,startup Banda Aceh,Aulia,,2.0,needs_review,positive,2,0,auto,
1049,"Hari Ulang Tahun Kemerdekaan 2026 menjadi momentum strategis bagi Pemerintah Kota Banda Aceh dalam mempercepat transisi menuju kota pintar, dengan fokus pada inovasi teknologi lokal. Menurut pengumuman resmi, kota ini akan memanfaatkan peringatan 77 tahun kemerdekaan Indonesia untuk mengimplementasikan sejumlah proyek yang menargetkan peningkatan kualitas hidup warga sekaligus menempatkan Banda Aceh sebagai contoh kota pintar di wilayah Aceh.","Pemkot Banda Aceh Manfaatkan HUT Kemerdekaan RI untuk Dorong Inovasi Teknologi Lokal, Target Jadi Model Kota Pintar di Aceh – Berita Hari Ini",https://lifestyle.teknokrat.ac.id/pemkot-banda-aceh-manfaatkan-hut-kemerdekaan-ri-untuk-dorong-inovasi-teknologi-lokal-target-jadi-model-kota-pintar-di-aceh/,lifestyle.teknokrat.ac.id,"Tue, 18 Aug 2026 18:52:07 GMT",high,58,startup Banda Aceh,Aulia,,2.0,needs_review,positive,3,0,auto,
1050,Visi Pemerintah Kota: Inovasi Sebagai Kunci Pembangunan Berkelanjutan,"Pemkot Banda Aceh Manfaatkan HUT Kemerdekaan RI untuk Dorong Inovasi Teknologi Lokal, Target Jadi Model Kota Pintar di Aceh – Berita Hari Ini",https://lifestyle.teknokrat.ac.id/pemkot-banda-aceh-manfaatkan-hut-kemerdekaan-ri-untuk-dorong-inovasi-teknologi-lokal-target-jadi-model-kota-pintar-di-aceh/,lifestyle.teknokrat.ac.id,"Tue, 18 Aug 2026 18:52:07 GMT",medium,8,startup Banda Aceh,Aulia,,1.0,needs_review,neutral,1,0,auto,
1051,"Wali Kota Illiza Saaduddin Djamal menegaskan bahwa inovasi bukan sekadar kata kunci, melainkan strategi inti yang akan mempercepat pelayanan publik, memperkuat tata kelola, dan memastikan manfaat pembangunan dirasakan seluruh lapisan masyarakat. Ia menyoroti bahwa pemerataan pembangunan tidak hanya diukur dari besarnya anggaran atau jumlah proyek fisik, melainkan dari kemampuan pemerintah untuk menghadirkan solusi yang relevan dengan kebutuhan warga.","Pemkot Banda Aceh Manfaatkan HUT Kemerdekaan RI untuk Dorong Inovasi Teknologi Lokal, Target Jadi Model Kota Pintar di Aceh – Berita Hari Ini",https://lifestyle.teknokrat.ac.id/pemkot-banda-aceh-manfaatkan-hut-kemerdekaan-ri-untuk-dorong-inovasi-teknologi-lokal-target-jadi-model-kota-pintar-di-aceh/,lifestyle.teknokrat.ac.id,"Tue, 18 Aug 2026 18:52:07 GMT",medium,58,startup Banda Aceh,Aulia,,2.0,needs_review,positive,2,0,auto,
1053,Strategi Implementasi Teknologi Lokal di Seluruh Sektor,"Pemkot Banda Aceh Manfaatkan HUT Kemerdekaan RI untuk Dorong Inovasi Teknologi Lokal, Target Jadi Model Kota Pintar di Aceh – Berita Hari Ini",https://lifestyle.teknokrat.ac.id/pemkot-banda-aceh-manfaatkan-hut-kemerdekaan-ri-untuk-dorong-inovasi-teknologi-lokal-target-jadi-model-kota-pintar-di-aceh/,lifestyle.teknokrat.ac.id,"Tue, 18 Aug 2026 18:52:07 GMT",medium,7,startup Banda Aceh,Aulia,,1.0,needs_review,neutral,0,0,auto,
1054,"Strategi Kota Pintar Banda Aceh didasarkan pada tiga pilar utama: (1) digitalisasi layanan publik, (2) integrasi data lintas sektor, dan (3) pengembangan ekosistem startup teknologi lokal. Untuk mencapai hal tersebut, pemerintah kota telah menyiapkan beberapa inisiatif kunci, di antaranya:","Pemkot Banda Aceh Manfaatkan HUT Kemerdekaan RI untuk Dorong Inovasi Teknologi Lokal, Target Jadi Model Kota Pintar di Aceh – Berita Hari Ini",https://lifestyle.teknokrat.ac.id/pemkot-banda-aceh-manfaatkan-hut-kemerdekaan-ri-untuk-dorong-inovasi-teknologi-lokal-target-jadi-model-kota-pintar-di-aceh/,lifestyle.teknokrat.ac.id,"Tue, 18 Aug 2026 18:52:07 GMT",high,39,startup Banda Aceh,Aulia,,5.0,needs_review,neutral,1,0,auto,
1058,Implementasi teknologi lokal diharapkan membawa dampak positif yang signifikan bagi masyarakat. Berikut beberapa aspek yang menjadi fokus:,"Pemkot Banda Aceh Manfaatkan HUT Kemerdekaan RI untuk Dorong Inovasi Teknologi Lokal, Target Jadi Model Kota Pintar di Aceh – Berita Hari Ini",https://lifestyle.teknokrat.ac.id/pemkot-banda-aceh-manfaatkan-hut-kemerdekaan-ri-untuk-dorong-inovasi-teknologi-lokal-target-jadi-model-kota-pintar-di-aceh/,lifestyle.teknokrat.ac.id,"Tue, 18 Aug 2026 18:52:07 GMT",medium,17,startup Banda Aceh,Aulia,,1.0,needs_review,neutral,1,0,auto,
1059,"â Peningkatan Akses Layanan Kesehatan â Dengan Ambulans Pusling dan sistem telemedicine, akses ke layanan kesehatan primer menjadi lebih cepat dan terjangkau. Hal ini diharapkan dapat menurunkan angka kematian ibu dan anak serta meningkatkan deteksi dini penyakit.","Pemkot Banda Aceh Manfaatkan HUT Kemerdekaan RI untuk Dorong Inovasi Teknologi Lokal, Target Jadi Model Kota Pintar di Aceh – Berita Hari Ini",https://lifestyle.teknokrat.ac.id/pemkot-banda-aceh-manfaatkan-hut-kemerdekaan-ri-untuk-dorong-inovasi-teknologi-lokal-target-jadi-model-kota-pintar-di-aceh/,lifestyle.teknokrat.ac.id,"Tue, 18 Aug 2026 18:52:07 GMT",medium,37,startup Banda Aceh,Aulia,,2.0,needs_review,neutral,1,1,auto,
1064,"Wali Kota juga menekankan pentingnya keterbukaan data publik. Dengan membangun portal data terbuka, warga dapat mengakses informasi real-time mengenai kondisi kota, mulai dari kepadatan lalu lintas hingga status proyek pembangunan. Transparansi ini diharapkan meningkatkan akuntabilitas pemerintah sekaligus memicu partisipasi masyarakat dalam pengambilan keputusan.","Pemkot Banda Aceh Manfaatkan HUT Kemerdekaan RI untuk Dorong Inovasi Teknologi Lokal, Target Jadi Model Kota Pintar di Aceh – Berita Hari Ini",https://lifestyle.teknokrat.ac.id/pemkot-banda-aceh-manfaatkan-hut-kemerdekaan-ri-untuk-dorong-inovasi-teknologi-lokal-target-jadi-model-kota-pintar-di-aceh/,lifestyle.teknokrat.ac.id,"Tue, 18 Aug 2026 18:52:07 GMT",medium,43,startup Banda Aceh,Aulia,,2.0,needs_review,neutral,1,0,auto,
1065,Target Jangka Panjang: Menjadi Kota Pintar Model di Aceh,"Pemkot Banda Aceh Manfaatkan HUT Kemerdekaan RI untuk Dorong Inovasi Teknologi Lokal, Target Jadi Model Kota Pintar di Aceh – Berita Hari Ini",https://lifestyle.teknokrat.ac.id/pemkot-banda-aceh-manfaatkan-hut-kemerdekaan-ri-untuk-dorong-inovasi-teknologi-lokal-target-jadi-model-kota-pintar-di-aceh/,lifestyle.teknokrat.ac.id,"Tue, 18 Aug 2026 18:52:07 GMT",high,9,startup Banda Aceh,Aulia,,0.0,needs_review,neutral,0,0,auto,
1066,"Melalui serangkaian inisiatif yang telah direncanakan, Pemerintah Kota Banda Aceh memiliki target ambisius untuk menjadi kota pintar model di wilayah Aceh pada tahun 2030. Rencana ini mencakup:","Pemkot Banda Aceh Manfaatkan HUT Kemerdekaan RI untuk Dorong Inovasi Teknologi Lokal, Target Jadi Model Kota Pintar di Aceh – Berita Hari Ini",https://lifestyle.teknokrat.ac.id/pemkot-banda-aceh-manfaatkan-hut-kemerdekaan-ri-untuk-dorong-inovasi-teknologi-lokal-target-jadi-model-kota-pintar-di-aceh/,lifestyle.teknokrat.ac.id,"Tue, 18 Aug 2026 18:52:07 GMT",high,27,startup Banda Aceh,Aulia,,1.0,needs_review,neutral,0,0,auto,
1067,â Peningkatan cakupan internet ke 95% wilayah kota.,"Pemkot Banda Aceh Manfaatkan HUT Kemerdekaan RI untuk Dorong Inovasi Teknologi Lokal, Target Jadi Model Kota Pintar di Aceh – Berita Hari Ini",https://lifestyle.teknokrat.ac.id/pemkot-banda-aceh-manfaatkan-hut-kemerdekaan-ri-untuk-dorong-inovasi-teknologi-lokal-target-jadi-model-kota-pintar-di-aceh/,lifestyle.teknokrat.ac.id,"Tue, 18 Aug 2026 18:52:07 GMT",medium,8,startup Banda Aceh,Aulia,,2.0,needs_review,neutral,0,0,auto,
1071,"Dengan komitmen ini, Banda Aceh tidak hanya berfokus pada peningkatan kualitas hidup warga, tetapi juga memperkuat posisi strategisnya sebagai pelopor inovasi di pulau Sumatra Utara.","Pemkot Banda Aceh Manfaatkan HUT Kemerdekaan RI untuk Dorong Inovasi Teknologi Lokal, Target Jadi Model Kota Pintar di Aceh – Berita Hari Ini",https://lifestyle.teknokrat.ac.id/pemkot-banda-aceh-manfaatkan-hut-kemerdekaan-ri-untuk-dorong-inovasi-teknologi-lokal-target-jadi-model-kota-pintar-di-aceh/,lifestyle.teknokrat.ac.id,"Tue, 18 Aug 2026 18:52:07 GMT",high,25,startup Banda Aceh,Aulia,,1.0,needs_review,positive,2,0,auto,
1072,Kesimpulan: Inovasi sebagai Pilar Pembangunan Berkelanjutan,"Pemkot Banda Aceh Manfaatkan HUT Kemerdekaan RI untuk Dorong Inovasi Teknologi Lokal, Target Jadi Model Kota Pintar di Aceh – Berita Hari Ini",https://lifestyle.teknokrat.ac.id/pemkot-banda-aceh-manfaatkan-hut-kemerdekaan-ri-untuk-dorong-inovasi-teknologi-lokal-target-jadi-model-kota-pintar-di-aceh/,lifestyle.teknokrat.ac.id,"Tue, 18 Aug 2026 18:52:07 GMT",medium,6,startup Banda Aceh,Aulia,,1.0,needs_review,neutral,1,0,auto,
1073,"Perayaan Ulang Tahun Kemerdekaan 2026 menjadi tonggak penting bagi Pemerintah Kota Banda Aceh dalam mengimplementasikan visi kota pintar. Melalui serangkaian inisiatif yang berfokus pada inovasi teknologi lokal, kolaborasi lintas sektor, dan keterlib","Pemkot Banda Aceh Manfaatkan HUT Kemerdekaan RI untuk Dorong Inovasi Teknologi Lokal, Target Jadi Model Kota Pintar di Aceh – Berita Hari Ini",https://lifestyle.teknokrat.ac.id/pemkot-banda-aceh-manfaatkan-hut-kemerdekaan-ri-untuk-dorong-inovasi-teknologi-lokal-target-jadi-model-kota-pintar-di-aceh/,lifestyle.teknokrat.ac.id,"Tue, 18 Aug 2026 18:52:07 GMT",high,32,startup Banda Aceh,Aulia,,2.0,needs_review,positive,2,0,auto,
1125,Jakarta (ANTARA) Perubahan perilaku konsumen di era digital mendorong pelaku usaha untuk memperkuat strategi pemasaran melalui berbagai kanal digital secara terintegrasi.,Digibos Soroti Pentingnya Digital Marketing untuk Daya Saing Bisnis,https://aceh.antaranews.com/rilis-pers/5713575/digibos-soroti-pentingnya-digital-marketing-untuk-daya-saing-bisnis,aceh.antaranews.com,"Thu, 27 Aug 2026 08:37:00 GMT",low,21,bisnis digital Aceh,Aulia,,2.0,needs_review,neutral,1,0,auto,
1128,Beragamnya kanal tersebut membuat bisnis perlu membangun strategi yang saling terhubung.,Digibos Soroti Pentingnya Digital Marketing untuk Daya Saing Bisnis,https://aceh.antaranews.com/rilis-pers/5713575/digibos-soroti-pentingnya-digital-marketing-untuk-daya-saing-bisnis,aceh.antaranews.com,"Thu, 27 Aug 2026 08:37:00 GMT",low,11,bisnis digital Aceh,Aulia,,1.0,needs_review,neutral,0,0,auto,
1129,Data yang diperoleh dari berbagai aktivitas tersebut selanjutnya dapat digunakan untuk mengukur kinerja pemasaran dan menjadi dasar dalam menentukan strategi berikutnya.,Digibos Soroti Pentingnya Digital Marketing untuk Daya Saing Bisnis,https://aceh.antaranews.com/rilis-pers/5713575/digibos-soroti-pentingnya-digital-marketing-untuk-daya-saing-bisnis,aceh.antaranews.com,"Thu, 27 Aug 2026 08:37:00 GMT",low,21,bisnis digital Aceh,Aulia,,0.0,needs_review,neutral,0,0,auto,
1130,"Namun, pengelolaan pemasaran melalui berbagai kanal digital membutuhkan kompetensi yang semakin luas.",Digibos Soroti Pentingnya Digital Marketing untuk Daya Saing Bisnis,https://aceh.antaranews.com/rilis-pers/5713575/digibos-soroti-pentingnya-digital-marketing-untuk-daya-saing-bisnis,aceh.antaranews.com,"Thu, 27 Aug 2026 08:37:00 GMT",low,12,bisnis digital Aceh,Aulia,,2.0,needs_review,neutral,0,0,auto,
1132,Program tersebut turut melibatkan mentor yang berasal dari kalangan praktisi dari berbagai perusahaan.,Digibos Soroti Pentingnya Digital Marketing untuk Daya Saing Bisnis,https://aceh.antaranews.com/rilis-pers/5713575/digibos-soroti-pentingnya-digital-marketing-untuk-daya-saing-bisnis,aceh.antaranews.com,"Thu, 27 Aug 2026 08:37:00 GMT",low,13,bisnis digital Aceh,Aulia,,2.0,needs_review,neutral,0,0,auto,
1268,Ketua PWI Aceh Tanggapi Tantangan dan Peluang Media Online,Ketua PWI Aceh Tanggapi Tantangan dan Peluang Media Online,https://dialeksis.com/ekonomi/ketua-pwi-aceh-tanggapi-tantangan-dan-peluang-media-online/,dialeksis.com,"Sun, 19 Oct 2025 07:00:00 GMT",high,9,bisnis digital Aceh,Aulia,,2.0,needs_review,neutral,1,1,auto,
1269,"Ketua PWI Aceh, Nasir Nurdin. Foto : Dok PWI Aceh.",Ketua PWI Aceh Tanggapi Tantangan dan Peluang Media Online,https://dialeksis.com/ekonomi/ketua-pwi-aceh-tanggapi-tantangan-dan-peluang-media-online/,dialeksis.com,"Sun, 19 Oct 2025 07:00:00 GMT",high,10,bisnis digital Aceh,Aulia,,0.0,needs_review,neutral,0,0,auto,
1271,"Ia mengungkapkan bahwa sekitar 45 media di Aceh (siber dan cetak) telah terverifikasi administrasi dan faktual oleh Dewan Pers hingga pertengahan 2024, yang mencerminkan peningkatan profesionalisme pers daerah tersebut.",Ketua PWI Aceh Tanggapi Tantangan dan Peluang Media Online,https://dialeksis.com/ekonomi/ketua-pwi-aceh-tanggapi-tantangan-dan-peluang-media-online/,dialeksis.com,"Sun, 19 Oct 2025 07:00:00 GMT",high,29,bisnis digital Aceh,Aulia,,0.0,needs_review,neutral,0,0,auto,
1273,"Nasir mengakui disrupsi digital telah membawa dampak serius bagi bisnis media massa di Aceh, sejalan dengan tren nasional.",Ketua PWI Aceh Tanggapi Tantangan dan Peluang Media Online,https://dialeksis.com/ekonomi/ketua-pwi-aceh-tanggapi-tantangan-dan-peluang-media-online/,dialeksis.com,"Sun, 19 Oct 2025 07:00:00 GMT",high,18,bisnis digital Aceh,Aulia,,2.0,needs_review,neutral,0,0,auto,
1275,Tantangan lain adalah soal kredibilitas dan profesionalisme. Nasir Nurdin menyoroti masih adanya oknum-oknum yang menyalahgunakan profesi kewartawanan demi keuntungan pribadi.,Ketua PWI Aceh Tanggapi Tantangan dan Peluang Media Online,https://dialeksis.com/ekonomi/ketua-pwi-aceh-tanggapi-tantangan-dan-peluang-media-online/,dialeksis.com,"Sun, 19 Oct 2025 07:00:00 GMT",medium,20,bisnis digital Aceh,Aulia,,0.0,needs_review,neutral,0,1,auto,
1276,"Baru-baru ini, PWI Aceh mengecam keras tindakan seorang oknum yang mengaku wartawan dan melakukan pemerasan terhadap sejumlah kepala sekolah di Aceh Utara dengan dalih dana Bantuan Operasional Sekolah (BOS).",Ketua PWI Aceh Tanggapi Tantangan dan Peluang Media Online,https://dialeksis.com/ekonomi/ketua-pwi-aceh-tanggapi-tantangan-dan-peluang-media-online/,dialeksis.com,"Sun, 19 Oct 2025 07:00:00 GMT",high,29,bisnis digital Aceh,Aulia,,2.0,needs_review,neutral,1,0,auto,
1277,"Proses pendidikan tidak boleh diganggu oleh siapapun... Apalagi, jika ada yang mengancam dengan motif dana BOS dan memeras kepala sekolah, tegas Nasir Nurdin kepada Dialeksis, seraya mendukung langkah hukum agar pelaku mendapat efek jera.",Ketua PWI Aceh Tanggapi Tantangan dan Peluang Media Online,https://dialeksis.com/ekonomi/ketua-pwi-aceh-tanggapi-tantangan-dan-peluang-media-online/,dialeksis.com,"Sun, 19 Oct 2025 07:00:00 GMT",medium,34,bisnis digital Aceh,Aulia,,2.0,needs_review,neutral,1,1,auto,
1278,"Kasus tersebut mencuatkan fakta bahwa pelaku bukan wartawan terdaftar di organisasi pers manapun, sehingga dicap sebagai wartawan gadungan. Fenomena media abal-abal dan wartawan tanpa kompetensi ini turut mencederai citra pers lokal.",Ketua PWI Aceh Tanggapi Tantangan dan Peluang Media Online,https://dialeksis.com/ekonomi/ketua-pwi-aceh-tanggapi-tantangan-dan-peluang-media-online/,dialeksis.com,"Sun, 19 Oct 2025 07:00:00 GMT",medium,31,bisnis digital Aceh,Aulia,,2.0,needs_review,neutral,0,0,auto,
1279,"Bahkan, sebuah investigasi nasional mengungkap sindikat wartawan gadungan beranggotakan ratusan orang yang beroperasi lintas provinsi diduga jaringannya juga merambah Aceh.",Ketua PWI Aceh Tanggapi Tantangan dan Peluang Media Online,https://dialeksis.com/ekonomi/ketua-pwi-aceh-tanggapi-tantangan-dan-peluang-media-online/,dialeksis.com,"Sun, 19 Oct 2025 07:00:00 GMT",high,20,bisnis digital Aceh,Aulia,,2.0,needs_review,neutral,0,0,auto,
1280,"Situasi ini menjadi alarm bagi industri media di Aceh untuk terus meningkatkan standar etik dan kompetensi, tandas Nasir.",Ketua PWI Aceh Tanggapi Tantangan dan Peluang Media Online,https://dialeksis.com/ekonomi/ketua-pwi-aceh-tanggapi-tantangan-dan-peluang-media-online/,dialeksis.com,"Sun, 19 Oct 2025 07:00:00 GMT",high,18,bisnis digital Aceh,Aulia,,2.0,needs_review,neutral,1,0,auto,
1285,"Meskipun kebijakan ini dimaksudkan untuk memastikan penggunaan anggaran publik pada media yang akuntabel, ia sekaligus menjadi pemicu bagi para pengelola media untuk segera melengkapi persyaratan verifikasi dan meningkatkan kualitas pengelolaan perusahaannya.",Ketua PWI Aceh Tanggapi Tantangan dan Peluang Media Online,https://dialeksis.com/ekonomi/ketua-pwi-aceh-tanggapi-tantangan-dan-peluang-media-online/,dialeksis.com,"Sun, 19 Oct 2025 07:00:00 GMT",medium,31,bisnis digital Aceh,Aulia,,2.0,needs_review,neutral,1,0,auto,
1286,"Di balik tantangan tersebut, terdapat perkembangan positif dan peluang bagi media online di Aceh.",Ketua PWI Aceh Tanggapi Tantangan dan Peluang Media Online,https://dialeksis.com/ekonomi/ketua-pwi-aceh-tanggapi-tantangan-dan-peluang-media-online/,dialeksis.com,"Sun, 19 Oct 2025 07:00:00 GMT",high,14,bisnis digital Aceh,Aulia,,2.0,needs_review,positive,2,1,auto,
1288,"Hingga 25 Juli 2024, sudah 45 media di Aceh yang terverifikasi Dewan Pers. Katakanlah jumlah media di Aceh ada 100, berarti sudah hampir 50 persen terverifikasi, ujar Nasir Nurdin menegaskan kepada Dialeksis.",Ketua PWI Aceh Tanggapi Tantangan dan Peluang Media Online,https://dialeksis.com/ekonomi/ketua-pwi-aceh-tanggapi-tantangan-dan-peluang-media-online/,dialeksis.com,"Sun, 19 Oct 2025 07:00:00 GMT",high,32,bisnis digital Aceh,Aulia,,0.0,needs_review,neutral,0,0,auto,
1289,"Capaian ini menunjukkan tren profesionalisasi yang menggembirakan hampir separuh media Aceh kini diakui secara administrasi dan faktual oleh Dewan Pers, sehingga lebih dipercaya oleh publik maupun mitra kerja.",Ketua PWI Aceh Tanggapi Tantangan dan Peluang Media Online,https://dialeksis.com/ekonomi/ketua-pwi-aceh-tanggapi-tantangan-dan-peluang-media-online/,dialeksis.com,"Sun, 19 Oct 2025 07:00:00 GMT",high,28,bisnis digital Aceh,Aulia,,2.0,needs_review,neutral,0,0,auto,
1291,"Hingga akhir 2024, jumlah wartawan Aceh yang dinyatakan kompeten mencapai 367 orang (dengan berbagai jenjang kualifikasi) setelah mengikuti UKW yang digelar Dewan Pers bersama PWI.",Ketua PWI Aceh Tanggapi Tantangan dan Peluang Media Online,https://dialeksis.com/ekonomi/ketua-pwi-aceh-tanggapi-tantangan-dan-peluang-media-online/,dialeksis.com,"Sun, 19 Oct 2025 07:00:00 GMT",high,25,bisnis digital Aceh,Aulia,,0.0,needs_review,neutral,0,0,auto,
1293,"Selain itu, era digital juga membuka peluang bagi media Aceh memperluas jangkauan audiens.",Ketua PWI Aceh Tanggapi Tantangan dan Peluang Media Online,https://dialeksis.com/ekonomi/ketua-pwi-aceh-tanggapi-tantangan-dan-peluang-media-online/,dialeksis.com,"Sun, 19 Oct 2025 07:00:00 GMT",high,13,bisnis digital Aceh,Aulia,,2.0,needs_review,neutral,1,0,auto,
1295,"Media lokal Aceh dapat memanfaatkan tren ini dengan menyajikan konten-konten khas Aceh yang mampu menjangkau pembaca, bukan hanya di daerah tetapi juga diaspora Aceh dan masyarakat luas di tingkat nasional bahkan global.",Ketua PWI Aceh Tanggapi Tantangan dan Peluang Media Online,https://dialeksis.com/ekonomi/ketua-pwi-aceh-tanggapi-tantangan-dan-peluang-media-online/,dialeksis.com,"Sun, 19 Oct 2025 07:00:00 GMT",high,32,bisnis digital Aceh,Aulia,,0.0,needs_review,neutral,1,0,auto,
1298,Kalangan dunia usaha seperti perbankan daerah juga menunjukkan itikad membantu.,Ketua PWI Aceh Tanggapi Tantangan dan Peluang Media Online,https://dialeksis.com/ekonomi/ketua-pwi-aceh-tanggapi-tantangan-dan-peluang-media-online/,dialeksis.com,"Sun, 19 Oct 2025 07:00:00 GMT",medium,10,bisnis digital Aceh,Aulia,,0.0,needs_review,neutral,0,0,auto,
1301,"Nasir Nurdin menyimpulkan bahwa kondisi media online di Aceh ibarat dua sisi mata uang: satu sisi penuh tantangan berat, namun di sisi lain tersedia peluang untuk bangkit dan berbenah.",Ketua PWI Aceh Tanggapi Tantangan dan Peluang Media Online,https://dialeksis.com/ekonomi/ketua-pwi-aceh-tanggapi-tantangan-dan-peluang-media-online/,dialeksis.com,"Sun, 19 Oct 2025 07:00:00 GMT",high,29,bisnis digital Aceh,Aulia,,2.0,needs_review,negative,1,2,auto,
1302,"Adaptasi teknologi, peningkatan kompetensi, serta menjaga integritas jurnalistik menjadi kunci agar media siber Aceh dapat terus eksis dan berdaya saing.",Ketua PWI Aceh Tanggapi Tantangan dan Peluang Media Online,https://dialeksis.com/ekonomi/ketua-pwi-aceh-tanggapi-tantangan-dan-peluang-media-online/,dialeksis.com,"Sun, 19 Oct 2025 07:00:00 GMT",high,20,bisnis digital Aceh,Aulia,,2.0,needs_review,neutral,0,0,auto,
1303,"Dengan hampir separuh media lokal telah terverifikasi Dewan Pers dan dukungan berbagai pihak, pers Aceh berada pada jalur yang tepat menuju ekosistem media yang lebih sehat, profesional, dan berkelanjutan, harapnya.",Ketua PWI Aceh Tanggapi Tantangan dan Peluang Media Online,https://dialeksis.com/ekonomi/ketua-pwi-aceh-tanggapi-tantangan-dan-peluang-media-online/,dialeksis.com,"Sun, 19 Oct 2025 07:00:00 GMT",high,30,bisnis digital Aceh,Aulia,,2.0,needs_review,neutral,1,0,auto,
1317,"Kalau dulu fungsi komunikasi hanya sebatas penyampai informasi, hari ini jauh lebih luas. Kita mengelola data, sistem digital, hingga keamanan informasi. Ini menjadikan Diskominfo sebagai dinas terdepan, ujarnya.","Kadis Kominsa Aceh: Media Harus Bangkit Pasca Bencana, Perkuat Ekosistem Bisnis",https://www.meuseuraya.id/news/kadis-kominsa-aceh-media-harus-bangkit-pasca-bencana-perkuat-ekosistem-bisnis/index.html,meuseuraya.id,2026-04-15,medium,28,bisnis digital Aceh,Aulia,,2.0,needs_review,neutral,0,0,auto,
1318,"BANDA ACEH | MEUSEURAYA.id -- Kepala Dinas Komunikasi, Informatika dan Persandian Aceh, DR. Edi Yandra, menegaskan pentingnya peran media dalam menjaga kualitas informasi publik, khususnya pasca bencana hidrometeorologi yang melanda sejumlah wilayah di Aceh.","Kadis Kominsa Aceh: Media Harus Bangkit Pasca Bencana, Perkuat Ekosistem Bisnis",https://www.meuseuraya.id/news/kadis-kominsa-aceh-media-harus-bangkit-pasca-bencana-perkuat-ekosistem-bisnis/index.html,meuseuraya.id,2026-04-15,high,34,bisnis digital Aceh,Aulia,,1.0,needs_review,neutral,0,0,auto,
1320,"Dalam paparannya, Edi menyebutkan bahwa Dinas Komunikasi, Informatika dan Persandian saat ini menjadi salah satu garda terdepan dalam roda pemerintahan, tidak hanya dalam penyebaran informasi, tetapi juga dalam pengelolaan data, aplikasi, serta keamanan informasi.","Kadis Kominsa Aceh: Media Harus Bangkit Pasca Bencana, Perkuat Ekosistem Bisnis",https://www.meuseuraya.id/news/kadis-kominsa-aceh-media-harus-bangkit-pasca-bencana-perkuat-ekosistem-bisnis/index.html,meuseuraya.id,2026-04-15,medium,34,bisnis digital Aceh,Aulia,,2.0,needs_review,neutral,0,0,auto,
1321,"Ia mengakui, sebagai pejabat yang baru menjabat sekitar enam bulan, dirinya masih melakukan penyesuaian sekaligus memetakan berbagai persoalan yang ada di internal dinas maupun ekosistem komunikasi di Aceh.","Kadis Kominsa Aceh: Media Harus Bangkit Pasca Bencana, Perkuat Ekosistem Bisnis",https://www.meuseuraya.id/news/kadis-kominsa-aceh-media-harus-bangkit-pasca-bencana-perkuat-ekosistem-bisnis/index.html,meuseuraya.id,2026-04-15,high,28,bisnis digital Aceh,Aulia,,2.0,needs_review,neutral,0,0,auto,
1322,"Di sisi lain, Edi juga menyoroti tantangan besar yang dihadapi media saat ini, terutama maraknya konten hoaks dan informasi yang tidak terverifikasi.","Kadis Kominsa Aceh: Media Harus Bangkit Pasca Bencana, Perkuat Ekosistem Bisnis",https://www.meuseuraya.id/news/kadis-kominsa-aceh-media-harus-bangkit-pasca-bencana-perkuat-ekosistem-bisnis/index.html,meuseuraya.id,2026-04-15,medium,22,bisnis digital Aceh,Aulia,,0.0,needs_review,neutral,0,1,auto,
1323,Ia mengingatkan pentingnya proses verifikasi sebelum informasi dipublikasikan kepada masyarakat.,"Kadis Kominsa Aceh: Media Harus Bangkit Pasca Bencana, Perkuat Ekosistem Bisnis",https://www.meuseuraya.id/news/kadis-kominsa-aceh-media-harus-bangkit-pasca-bencana-perkuat-ekosistem-bisnis/index.html,meuseuraya.id,2026-04-15,medium,10,bisnis digital Aceh,Aulia,,0.0,needs_review,neutral,0,0,auto,
1324,"Sekarang banyak sekali konten yang beredar tanpa kejelasan sumber. Ini harus diverifikasi terlebih dahulu agar tidak menyesatkan publik, katanya.","Kadis Kominsa Aceh: Media Harus Bangkit Pasca Bencana, Perkuat Ekosistem Bisnis",https://www.meuseuraya.id/news/kadis-kominsa-aceh-media-harus-bangkit-pasca-bencana-perkuat-ekosistem-bisnis/index.html,meuseuraya.id,2026-04-15,medium,19,bisnis digital Aceh,Aulia,,0.0,needs_review,neutral,0,0,auto,
1327,"Selain itu, Edi juga menekankan pentingnya peningkatan kompetensi insan media. Ia menilai, kualitas pemberitaan sangat ditentukan oleh kapasitas dan profesionalitas jurnalis.","Kadis Kominsa Aceh: Media Harus Bangkit Pasca Bencana, Perkuat Ekosistem Bisnis",https://www.meuseuraya.id/news/kadis-kominsa-aceh-media-harus-bangkit-pasca-bencana-perkuat-ekosistem-bisnis/index.html,meuseuraya.id,2026-04-15,medium,21,bisnis digital Aceh,Aulia,,2.0,needs_review,neutral,0,0,auto,
1328,"Semakin tinggi kompetensi, maka cara berpikir juga semakin matang. Dalam pemberitaan, fakta dan kebenaran itu yang utama, tegasnya.","Kadis Kominsa Aceh: Media Harus Bangkit Pasca Bencana, Perkuat Ekosistem Bisnis",https://www.meuseuraya.id/news/kadis-kominsa-aceh-media-harus-bangkit-pasca-bencana-perkuat-ekosistem-bisnis/index.html,meuseuraya.id,2026-04-15,medium,18,bisnis digital Aceh,Aulia,,2.0,needs_review,neutral,0,0,auto,
1330,"Menurutnya, angka tersebut tidak benar dan perlu diklarifikasi agar tidak menimbulkan persepsi keliru di masyarakat.","Kadis Kominsa Aceh: Media Harus Bangkit Pasca Bencana, Perkuat Ekosistem Bisnis",https://www.meuseuraya.id/news/kadis-kominsa-aceh-media-harus-bangkit-pasca-bencana-perkuat-ekosistem-bisnis/index.html,meuseuraya.id,2026-04-15,medium,15,bisnis digital Aceh,Aulia,,0.0,needs_review,neutral,0,0,auto,
1448,"HABADAILY.COM - Pj Gubernur Aceh Bustami bersama Wakil Menteri Komunikasi dan Informatika RI, Nezar Patria, meninjau lokasi lahan yang rencananya akan dibangun markas kreatif digital untuk anak muda Aceh pada Jumat, (29/3/2024).",Pemerintah Bangun Markas Kreatif Digital di Aceh,https://habadaily.com/2024/03/29/pemerintah-bangun-markas-kreatif-digital-di-aceh/?page=show-all,habadaily.com,2024-03-29,high,32,bisnis digital Aceh,Aulia,,2.0,needs_review,neutral,0,0,auto,
1450,"Wamen Kominfo RI, Nezar Patria, menjelaskan, markas kreatif digital yang akan dibangun oleh Kominfo RI itu bertujuan untuk menyediakan wadah dan jaringan kepada generasi muda Aceh yang bergelut di bidang ekonomi digital.",Pemerintah Bangun Markas Kreatif Digital di Aceh,https://habadaily.com/2024/03/29/pemerintah-bangun-markas-kreatif-digital-di-aceh/?page=show-all,habadaily.com,2024-03-29,high,32,bisnis digital Aceh,Aulia,,2.0,needs_review,neutral,0,0,auto,
1451,"""Anak muda Aceh nanti bisa berdiskusi di sana membahas perkembangan bisnis digital, mendalami digital marketing, data science, artifikal inteligen, dan lain sebagainya yang bisa menopang bisnis yang sedang mereka jalankan,"" kata Nezar yang juga putra asli Aceh itu.",Pemerintah Bangun Markas Kreatif Digital di Aceh,https://habadaily.com/2024/03/29/pemerintah-bangun-markas-kreatif-digital-di-aceh/?page=show-all,habadaily.com,2024-03-29,high,38,bisnis digital Aceh,Aulia,,2.0,needs_review,neutral,1,0,auto,
1454,Nezar mengajak generasi muda Aceh kreatif dan berpikir out of the box sehingga tidak lagi tergantung pada anggaran pendapatan belanja Aceh atau APBA.,Pemerintah Bangun Markas Kreatif Digital di Aceh,https://habadaily.com/2024/03/29/pemerintah-bangun-markas-kreatif-digital-di-aceh/?page=show-all,habadaily.com,2024-03-29,high,23,bisnis digital Aceh,Aulia,,2.0,needs_review,neutral,0,0,auto,
1505,"Data Dewan Pers menunjukkan Aceh memiliki lebih dari 100 media siber dan cetak, namun hanya sekitar 45 yang terverifikasi hingga pertengahan 2024. Hal ini mengindikasikan banyak media bermunculan tetapi tidak semuanya mampu bertahan lama.","Jumlah Media Online di Aceh Menurun, Dr. Ainol Akademisi Unimal Paparkan Penyebabnya",https://dialeksis.com/ekonomi/jumlah-media-online-di-aceh-menurun-dr-ainol-akademisi-unimal-paparkan-penyebabnya/,dialeksis.com,"Sun, 19 Oct 2025 07:00:00 GMT",high,34,bisnis digital Aceh,Aulia,,0.0,needs_review,neutral,0,0,auto,
1506,"Dr. Ainol menjelaskan bahwa sejumlah media didirikan bukan untuk bisnis jangka panjang, melainkan demi kepentingan politik sesaat.","Jumlah Media Online di Aceh Menurun, Dr. Ainol Akademisi Unimal Paparkan Penyebabnya",https://dialeksis.com/ekonomi/jumlah-media-online-di-aceh-menurun-dr-ainol-akademisi-unimal-paparkan-penyebabnya/,dialeksis.com,"Sun, 19 Oct 2025 07:00:00 GMT",medium,17,bisnis digital Aceh,Aulia,,1.0,needs_review,neutral,0,0,auto,
1507,"Media yang didirikan bukan atas orientasi bisnis berkelanjutan, melainkan untuk agenda politik tertentu, cenderung tidak bertahan lama setelah momen politik berlalu, ujarnya.","Jumlah Media Online di Aceh Menurun, Dr. Ainol Akademisi Unimal Paparkan Penyebabnya",https://dialeksis.com/ekonomi/jumlah-media-online-di-aceh-menurun-dr-ainol-akademisi-unimal-paparkan-penyebabnya/,dialeksis.com,"Sun, 19 Oct 2025 07:00:00 GMT",medium,22,bisnis digital Aceh,Aulia,,2.0,needs_review,neutral,0,0,auto,
1508,"Pandangan ini sejalan dengan temuan organisasi pers di Aceh melalui Ramadhansyah yang dipublikasi Dialeksis berjudul Banyak Media Siber di Aceh Belum Terverifikasi Dewan Pers. Saat itu dirinya berstatus Dewan Penasehat SMSI; pernah mencatat banyak media musiman yang hanya muncul dalam kondisi situasional Kalau ada kepentingan, dia muncul. Artinya, begitu tujuan politik tercapai atau momentum usai, media semacam itu kerap mati suri dan meninggalkan lanskap pemberitaan Aceh.","Jumlah Media Online di Aceh Menurun, Dr. Ainol Akademisi Unimal Paparkan Penyebabnya",https://dialeksis.com/ekonomi/jumlah-media-online-di-aceh-menurun-dr-ainol-akademisi-unimal-paparkan-penyebabnya/,dialeksis.com,"Sun, 19 Oct 2025 07:00:00 GMT",high,66,bisnis digital Aceh,Aulia,,0.0,needs_review,neutral,0,0,auto,
1509,Lebih mendalam Dr. Ainol juga menyoroti kurangnya sajian konten berita yang inovatif dan berkualitas sebagai faktor internal yang membuat media online Aceh ditinggalkan pembaca.,"Jumlah Media Online di Aceh Menurun, Dr. Ainol Akademisi Unimal Paparkan Penyebabnya",https://dialeksis.com/ekonomi/jumlah-media-online-di-aceh-menurun-dr-ainol-akademisi-unimal-paparkan-penyebabnya/,dialeksis.com,"Sun, 19 Oct 2025 07:00:00 GMT",high,24,bisnis digital Aceh,Aulia,,2.0,needs_review,neutral,0,1,auto,
1510,"Jika konten yang disuguhkan monoton atau hanya mengejar klik, publik lama-kelamaan kehilangan minat, tuturnya.","Jumlah Media Online di Aceh Menurun, Dr. Ainol Akademisi Unimal Paparkan Penyebabnya",https://dialeksis.com/ekonomi/jumlah-media-online-di-aceh-menurun-dr-ainol-akademisi-unimal-paparkan-penyebabnya/,dialeksis.com,"Sun, 19 Oct 2025 07:00:00 GMT",medium,14,bisnis digital Aceh,Aulia,,0.0,needs_review,neutral,0,0,auto,
1511,"Pendapat ini didukung pengamatan banyak pihak dari tracking media menyampaikan bahwa media yang hanya menjadi penyebar berita tidak bermutu dan tidak mencerdaskan akan kehilangan peran kontrol sosialnya. Dengan minimnya variasi dan kedalaman isi berita, sejumlah media lokal gagal membangun audiens loyal, berimbas pada turunnya trafik dan pendapatan. Kualitas produk jurnalistik yang rendah pada akhirnya mempercepat kejatuhan media tersebut di tengah persaingan era digital.","Jumlah Media Online di Aceh Menurun, Dr. Ainol Akademisi Unimal Paparkan Penyebabnya",https://dialeksis.com/ekonomi/jumlah-media-online-di-aceh-menurun-dr-ainol-akademisi-unimal-paparkan-penyebabnya/,dialeksis.com,"Sun, 19 Oct 2025 07:00:00 GMT",medium,63,bisnis digital Aceh,Aulia,,2.0,needs_review,negative,0,3,auto,
1513,"Kemampuan perusahan pers di Aceh sangat butuh penguatan dari aspek konten, jejaring dan kapasitas sumber daya perusahannya, ujarnya.","Jumlah Media Online di Aceh Menurun, Dr. Ainol Akademisi Unimal Paparkan Penyebabnya",https://dialeksis.com/ekonomi/jumlah-media-online-di-aceh-menurun-dr-ainol-akademisi-unimal-paparkan-penyebabnya/,dialeksis.com,"Sun, 19 Oct 2025 07:00:00 GMT",high,18,bisnis digital Aceh,Aulia,,2.0,needs_review,neutral,0,0,auto,
1540,"Perlu ketahui bahwa mendirikan bisnis di usia muda tidaklah mudah. Sebab, butuh kerja keras dan tekad yang sangat kuat. Walaupun pengalaman para pengusaha ini masih minim, namun dengan terus belajar dan berinovasi, bisnisnya bisa terus dinikmati oleh masyarakat.",Beragam Kisah Pengusaha Muda Aceh yang Kini Sukses dengan Bisnisnya,https://dialeksis.com/aceh/beragam-kisah-pengusaha-muda-aceh-yang-kini-sukses-dengan-bisnisnya/,dialeksis.com,"Tue, 20 Dec 2022 08:00:00 GMT",medium,38,bisnis digital Aceh,Aulia,,1.0,needs_review,neutral,1,1,auto,
1542,"Fazir Ramli, pemuda berusia 35 tahun asal Gampong Gunci, Kecamatan Sawang, Kabupaten Aceh Utara, sukses mengepakkan sayapnya menjadi pengusaha di usia mudanya.",Beragam Kisah Pengusaha Muda Aceh yang Kini Sukses dengan Bisnisnya,https://dialeksis.com/aceh/beragam-kisah-pengusaha-muda-aceh-yang-kini-sukses-dengan-bisnisnya/,dialeksis.com,"Tue, 20 Dec 2022 08:00:00 GMT",high,22,bisnis digital Aceh,Aulia,,2.0,needs_review,neutral,1,0,auto,
1543,"Fazir diusia 25 tahun awalnya membangun sebuah bisnis kecil di Pusat Kota Lhokseumawe, yakni berjualan sendal dan sepatu, hingga menghasilkan keuntungan yang melimpah.",Beragam Kisah Pengusaha Muda Aceh yang Kini Sukses dengan Bisnisnya,https://dialeksis.com/aceh/beragam-kisah-pengusaha-muda-aceh-yang-kini-sukses-dengan-bisnisnya/,dialeksis.com,"Tue, 20 Dec 2022 08:00:00 GMT",high,23,bisnis digital Aceh,Aulia,,1.0,needs_review,neutral,0,0,auto,
1544,"Awalnya Fazir termotivasi membuka usaha, karena melihat banyak pengangguran di Aceh, khususnya Kota Lhokseumawe dan Aceh Utara. Sehingga, ia memutuskan harus lebih mampu memanfaatkan situasi untuk menjadi pengusaha.",Beragam Kisah Pengusaha Muda Aceh yang Kini Sukses dengan Bisnisnya,https://dialeksis.com/aceh/beragam-kisah-pengusaha-muda-aceh-yang-kini-sukses-dengan-bisnisnya/,dialeksis.com,"Tue, 20 Dec 2022 08:00:00 GMT",high,28,bisnis digital Aceh,Aulia,,0.0,needs_review,neutral,1,0,auto,
1546,"Kini ia memperoleh penghasilan yang sudah mencapai belasan juta, hasilnya bisa membantu ekonomi keluarga.",Beragam Kisah Pengusaha Muda Aceh yang Kini Sukses dengan Bisnisnya,https://dialeksis.com/aceh/beragam-kisah-pengusaha-muda-aceh-yang-kini-sukses-dengan-bisnisnya/,dialeksis.com,"Tue, 20 Dec 2022 08:00:00 GMT",medium,14,bisnis digital Aceh,Aulia,,1.0,needs_review,neutral,0,0,auto,
1547,"Fazir berpesan kepada seluruh generasi muda, agar tetap terus berkarya diusianya yang masih produktif dan muda. Jangan lalai dengan kegiatan yang tidak bermanfaat. ""Selagi kita mau, dan yakin, pasti kesuksesan akan kita raih dimasa mendatang,"" imbuhnya.",Beragam Kisah Pengusaha Muda Aceh yang Kini Sukses dengan Bisnisnya,https://dialeksis.com/aceh/beragam-kisah-pengusaha-muda-aceh-yang-kini-sukses-dengan-bisnisnya/,dialeksis.com,"Tue, 20 Dec 2022 08:00:00 GMT",medium,36,bisnis digital Aceh,Aulia,,2.0,needs_review,positive,2,0,auto,
1548,"Selain itu, ada juga sosok inspiratif pengusaha muda yang sukses di usia 22 tahun. Dia adalah Haifa Azzura, dara cantik Aceh itu ternyata sudah mulai berjuang sejak dirinya masih duduk di bangku sekolah Menengah Pertama. Dari tahun 2016 Haifa Azzura sudah mulai merintis bisnis online di bidang fashion dengan menjual pakaian wanita.",Beragam Kisah Pengusaha Muda Aceh yang Kini Sukses dengan Bisnisnya,https://dialeksis.com/aceh/beragam-kisah-pengusaha-muda-aceh-yang-kini-sukses-dengan-bisnisnya/,dialeksis.com,"Tue, 20 Dec 2022 08:00:00 GMT",high,52,bisnis digital Aceh,Aulia,,2.0,needs_review,neutral,1,0,auto,
1549,"Selain menggeluti bisnis online, Haifa Azzura juga sedang meneruskan usaha ayahnya yakni creative studio dengan nama Kern Design. Usaha swasta berbentuk perseroan comanditer (CV) tersebut merupakan usaha yang sudah dibangun oleh ayahnya sejak 2001 bersama keempat temannya.",Beragam Kisah Pengusaha Muda Aceh yang Kini Sukses dengan Bisnisnya,https://dialeksis.com/aceh/beragam-kisah-pengusaha-muda-aceh-yang-kini-sukses-dengan-bisnisnya/,dialeksis.com,"Tue, 20 Dec 2022 08:00:00 GMT",medium,37,bisnis digital Aceh,Aulia,,2.0,needs_review,neutral,0,0,auto,
1550,"Kini dirinya bersama kakaknya membuka lapangan pekerjaan, bahkan hingga kini usaha kern Studio tersebut sudah memiliki kantor sendiri di Ulee-lhee.",Beragam Kisah Pengusaha Muda Aceh yang Kini Sukses dengan Bisnisnya,https://dialeksis.com/aceh/beragam-kisah-pengusaha-muda-aceh-yang-kini-sukses-dengan-bisnisnya/,dialeksis.com,"Tue, 20 Dec 2022 08:00:00 GMT",medium,20,bisnis digital Aceh,Aulia,,0.0,needs_review,neutral,0,0,auto,
1551,"Pada April 2021 lalu, ia mencoba membuka coffee shop dengan nama Kern Space Coffeshop yang terletak di Ulee Lheue, Kota Banda Aceh. Untuk konsep coffeshop itu sendiri, Haifa Azzura mengaku bahwa coffeshop menerapkan konsep ramah lingkungan sesuai dengan hastag #JagaBumi pada coffeshop tersebut dengan nuansa minimalis yang enak dipandang oleh kaum muda.",Beragam Kisah Pengusaha Muda Aceh yang Kini Sukses dengan Bisnisnya,https://dialeksis.com/aceh/beragam-kisah-pengusaha-muda-aceh-yang-kini-sukses-dengan-bisnisnya/,dialeksis.com,"Tue, 20 Dec 2022 08:00:00 GMT",high,52,bisnis digital Aceh,Aulia,,0.0,needs_review,neutral,0,1,auto,
1552,Haifa berpesan kepada anak-anak muda untuk menurunkan gengsinya dan memulai bisnis kecil-kecilan apapun itu yang terpenting sesuai dengan passion masing-masing.,Beragam Kisah Pengusaha Muda Aceh yang Kini Sukses dengan Bisnisnya,https://dialeksis.com/aceh/beragam-kisah-pengusaha-muda-aceh-yang-kini-sukses-dengan-bisnisnya/,dialeksis.com,"Tue, 20 Dec 2022 08:00:00 GMT",medium,20,bisnis digital Aceh,Aulia,,1.0,needs_review,neutral,0,1,auto,
1553,"Kemudian, ada Rizky Syahputra. Kemampuanya sebagai pengusaha muda tidak perlu diragukan lagi.",Beragam Kisah Pengusaha Muda Aceh yang Kini Sukses dengan Bisnisnya,https://dialeksis.com/aceh/beragam-kisah-pengusaha-muda-aceh-yang-kini-sukses-dengan-bisnisnya/,dialeksis.com,"Tue, 20 Dec 2022 08:00:00 GMT",medium,12,bisnis digital Aceh,Aulia,,0.0,needs_review,neutral,0,0,auto,
1555,"Rizky juga dikenal di dunia usaha sebagai Direktur Utama PT. Rivelindo Jaya Persada, Direktur CV. Nikama Global Mandiri dan Direktur PT. Nykama Group.",Beragam Kisah Pengusaha Muda Aceh yang Kini Sukses dengan Bisnisnya,https://dialeksis.com/aceh/beragam-kisah-pengusaha-muda-aceh-yang-kini-sukses-dengan-bisnisnya/,dialeksis.com,"Tue, 20 Dec 2022 08:00:00 GMT",medium,23,bisnis digital Aceh,Aulia,,0.0,needs_review,neutral,0,0,auto,
1557,"Dalam rangka menjalin kerjasama tingkat internasional, Hj Rizayati yang juga Presiden Direktur PT. Baruna Cakra Nusantara, menggelar pertemuan penting dengan mitra dari Saudi Arabia, di Kantor Staf Khusus Kepresidenan Jenderal TNI (Purn) Dr. H. Moeldoko, S.I.P. di Sahid Sudirman Center, Jakarta Pusat, Jumat 28 Oktober 2022.",Beragam Kisah Pengusaha Muda Aceh yang Kini Sukses dengan Bisnisnya,https://dialeksis.com/aceh/beragam-kisah-pengusaha-muda-aceh-yang-kini-sukses-dengan-bisnisnya/,dialeksis.com,"Tue, 20 Dec 2022 08:00:00 GMT",medium,46,bisnis digital Aceh,Aulia,,2.0,needs_review,neutral,0,0,auto,
1558,"Dr. Hj. Cut Nyak Rizayati, SH., MM baru saja mendirikan perusahaan baru yang bernama PT. Baruna Cakra Nusantara dengan menggandeng Pengusaha Nasional Maya Miranda Ambarsari.",Beragam Kisah Pengusaha Muda Aceh yang Kini Sukses dengan Bisnisnya,https://dialeksis.com/aceh/beragam-kisah-pengusaha-muda-aceh-yang-kini-sukses-dengan-bisnisnya/,dialeksis.com,"Tue, 20 Dec 2022 08:00:00 GMT",medium,25,bisnis digital Aceh,Aulia,,0.0,needs_review,neutral,0,0,auto,
1560,Khadafi dan Firmansyah merupakan kedua founder Amanah Corp yang bergerak di bidang konsultansi TI dan software development tersebut pengusaha sukses di bidang aplikasi yang juga merupakan subsektor ekonomi kreatif.,Beragam Kisah Pengusaha Muda Aceh yang Kini Sukses dengan Bisnisnya,https://dialeksis.com/aceh/beragam-kisah-pengusaha-muda-aceh-yang-kini-sukses-dengan-bisnisnya/,dialeksis.com,"Tue, 20 Dec 2022 08:00:00 GMT",medium,29,bisnis digital Aceh,Aulia,,2.0,needs_review,neutral,1,0,auto,
1561,Mereka sudah banyak membuka lapangan pekerjaan dan menghasilkan omzet bisnis puluhan miliar per bulan.,Beragam Kisah Pengusaha Muda Aceh yang Kini Sukses dengan Bisnisnya,https://dialeksis.com/aceh/beragam-kisah-pengusaha-muda-aceh-yang-kini-sukses-dengan-bisnisnya/,dialeksis.com,"Tue, 20 Dec 2022 08:00:00 GMT",medium,14,bisnis digital Aceh,Aulia,,2.0,needs_review,neutral,0,0,auto,
1566,"Nama Nurchalis juga sudah tidak asing lagi dalam dunia pengusaha, ia telah banyak mendirikan bisnis dan memimpin perusahaan-perusahaan di Aceh.",Beragam Kisah Pengusaha Muda Aceh yang Kini Sukses dengan Bisnisnya,https://dialeksis.com/aceh/beragam-kisah-pengusaha-muda-aceh-yang-kini-sukses-dengan-bisnisnya/,dialeksis.com,"Tue, 20 Dec 2022 08:00:00 GMT",high,20,bisnis digital Aceh,Aulia,,1.0,needs_review,neutral,0,0,auto,
1567,Kini ia menjabat sebagai Ketua Ikatan Saudagar Muslim Indonesia (ISMI) Aceh. Ia juga aktif menyuarakan hak-hak pengusaha melalui media lokal maupun nasional.,Beragam Kisah Pengusaha Muda Aceh yang Kini Sukses dengan Bisnisnya,https://dialeksis.com/aceh/beragam-kisah-pengusaha-muda-aceh-yang-kini-sukses-dengan-bisnisnya/,dialeksis.com,"Tue, 20 Dec 2022 08:00:00 GMT",high,22,bisnis digital Aceh,Aulia,,0.0,needs_review,neutral,0,0,auto,
1668,"Di sebuah ruang di dalam gedung itu, terdapat banner Digital Innovation Lounge (DILo). Logo bewarna merah putih, terpampang di salah satu dinding ruang. DILo merupakan sebuah creative camp yang digagas PT. Telkom.","DILo, Tempat Generasi Muda Aceh Pecinta Digital dan Multimedia",https://www.kba.one/news/dilo-tempat-generasi-muda-aceh-pecinta-digital-dan-multimedia/index.html,kba.one,2017-08-17,medium,32,bisnis digital Aceh,Aulia,,2.0,needs_review,neutral,0,0,auto,
1669,"Manager DILo Banda Aceh, Fajar Ari Wibowo, saat ditemui KBA.ONE, Ahad lalu, mengatakan aktivitas di gedung itu dimulai sejak Maret 2017. Di situ, mereka mendidik para pemuda Aceh yang ingin mempelajari bisnis dan berbagai hal mengenai digital dan multimedia.","DILo, Tempat Generasi Muda Aceh Pecinta Digital dan Multimedia",https://www.kba.one/news/dilo-tempat-generasi-muda-aceh-pecinta-digital-dan-multimedia/index.html,kba.one,2017-08-17,high,39,bisnis digital Aceh,Aulia,,2.0,needs_review,neutral,0,0,auto,
1671,"DILo, kata Fajar, tidak hanya ada di Banda Aceh, melainkan sudah terbentuk dari Aceh hingga Makassar. Sumatera punya tiga yaitu Aceh, Medan dan Pekan Baru. Dari Aceh sampai makasar itu ada 17 kota yang sudah didirikan DILO, jelas Fajar. DILO sendiri sangat fokus kepada edukasi (pendidikan).","DILo, Tempat Generasi Muda Aceh Pecinta Digital dan Multimedia",https://www.kba.one/news/dilo-tempat-generasi-muda-aceh-pecinta-digital-dan-multimedia/index.html,kba.one,2017-08-17,high,46,bisnis digital Aceh,Aulia,,1.0,needs_review,neutral,0,0,auto,
1672,"Fajar menjelaskan, DILo memiliki berbagai kegiatan, mulai dari pelatihan multimedia hingga pelatihan kewirausahan (entrepreneurship).","DILo, Tempat Generasi Muda Aceh Pecinta Digital dan Multimedia",https://www.kba.one/news/dilo-tempat-generasi-muda-aceh-pecinta-digital-dan-multimedia/index.html,kba.one,2017-08-17,medium,14,bisnis digital Aceh,Aulia,,2.0,needs_review,neutral,0,0,auto,
1674,"Di Banda Aceh, Fajar mengatakan, selama ini DILo mendidik pemuda yang memiliki ide kreatif. Awalnya, mereka pada pemuda itu akan diajari cara membentuk bisnis, baru selanjutnya menyiapkan tenaga-tenaga kreatif seperti pekerja teknis dan sains.","DILo, Tempat Generasi Muda Aceh Pecinta Digital dan Multimedia",https://www.kba.one/news/dilo-tempat-generasi-muda-aceh-pecinta-digital-dan-multimedia/index.html,kba.one,2017-08-17,high,34,bisnis digital Aceh,Aulia,,1.0,needs_review,neutral,0,0,auto,
1675,"Selain itu, mereka juga memberikan pembelajaran coding (kode pembuatan website), untuk para ibu-ibu. Kegiatan itu dinamakan Coding for Mom.","DILo, Tempat Generasi Muda Aceh Pecinta Digital dan Multimedia",https://www.kba.one/news/dilo-tempat-generasi-muda-aceh-pecinta-digital-dan-multimedia/index.html,kba.one,2017-08-17,medium,19,bisnis digital Aceh,Aulia,,2.0,needs_review,neutral,0,0,auto,
1676,"Ini bertujuan untuk mengajarkan ibu-ibu membuat aplikasi. Kami mengajarkan lebih dari 20 ibu-ibu rumah tangga untuk lebih produktif, yang mungkin bisa membantu memasarkan produk-produk industri kreatif, ujarnya.","DILo, Tempat Generasi Muda Aceh Pecinta Digital dan Multimedia",https://www.kba.one/news/dilo-tempat-generasi-muda-aceh-pecinta-digital-dan-multimedia/index.html,kba.one,2017-08-17,medium,27,bisnis digital Aceh,Aulia,,2.0,needs_review,neutral,0,0,auto,
1679,"Selanjutnya, para tenaga IT di DILO melakukan talkshow ke sekolah-sekolah menengah atas (SMA) di seluruh Kota Banda Aceh.","DILo, Tempat Generasi Muda Aceh Pecinta Digital dan Multimedia",https://www.kba.one/news/dilo-tempat-generasi-muda-aceh-pecinta-digital-dan-multimedia/index.html,kba.one,2017-08-17,high,18,bisnis digital Aceh,Aulia,,2.0,needs_review,neutral,0,0,auto,
1680,"Ini dilakukan untuk memotivasi para adik-adik SMA agar dapat membentuk usaha sendiri bidang apapun setelah lulus sekolah, ujar Fajar.","DILo, Tempat Generasi Muda Aceh Pecinta Digital dan Multimedia",https://www.kba.one/news/dilo-tempat-generasi-muda-aceh-pecinta-digital-dan-multimedia/index.html,kba.one,2017-08-17,medium,19,bisnis digital Aceh,Aulia,,1.0,needs_review,neutral,0,0,auto,
1681,"Selain itu, Fajar menambahkan, DILO Banda Aceh memiliki kegiatan yang dinamakan INDIGO. Kegiatan ini membentuk para generasi muda untuk gemar berwirausaha. Kegiatan ini dibiayai oleh Telkom. Enam orang anak Aceh dikirim ke ajang nasional, satu di antaranya terpilih menjadi tim teknis terbaik, ujarnya.","DILo, Tempat Generasi Muda Aceh Pecinta Digital dan Multimedia",https://www.kba.one/news/dilo-tempat-generasi-muda-aceh-pecinta-digital-dan-multimedia/index.html,kba.one,2017-08-17,high,43,bisnis digital Aceh,Aulia,,2.0,needs_review,neutral,1,0,auto,
1682,"Fajar menambahkan, selama Ramadan kemarin, mereka juga menggelar kegiatan SDL (Sosio Digi Leaders). Kegiatan ini terdiri dari empat kelompok. Para peserta memaparkan ide-ide mereka untuk bewirausaha. Para peserta yang lolos ujian, bebas untuk mengikuti tes jika ingin bekerja di Telkom.""","DILo, Tempat Generasi Muda Aceh Pecinta Digital dan Multimedia",https://www.kba.one/news/dilo-tempat-generasi-muda-aceh-pecinta-digital-dan-multimedia/index.html,kba.one,2017-08-17,medium,40,bisnis digital Aceh,Aulia,,0.0,needs_review,neutral,0,0,auto,
1683,"Fajar berharap, kegiatan-kegiatan yang dilakukan DILo bisa memotivasi para pemuda Aceh untuk berkarya dan berwirausaha.","DILo, Tempat Generasi Muda Aceh Pecinta Digital dan Multimedia",https://www.kba.one/news/dilo-tempat-generasi-muda-aceh-pecinta-digital-dan-multimedia/index.html,kba.one,2017-08-17,high,15,bisnis digital Aceh,Aulia,,0.0,needs_review,neutral,0,0,auto,
1684,"Bagi yang mau bertukar informasi mengenai IT atau ingin mengikuti kegiatan yang kami lakukan, silahkan datang ke Gedung IT Center Banda Aceh. Kegiatan ini gratis dan tidak dipungut biaya, ujar Fajar.","DILo, Tempat Generasi Muda Aceh Pecinta Digital dan Multimedia",https://www.kba.one/news/dilo-tempat-generasi-muda-aceh-pecinta-digital-dan-multimedia/index.html,kba.one,2017-08-17,high,31,bisnis digital Aceh,Aulia,,2.0,needs_review,neutral,0,0,auto,
1733,"Selain peluncuran aplikasi, USK juga mengumumkan pendirian PT Global Mandiri USK (GMU) dengan kepemilikan 95% oleh universitas dan 5% oleh Koperasi Fakultas Pertanian. Sumber pendapatan universitas juga diperoleh dari pengelolaan USK Travel, Klinik Pratama, Apotek, USK Store, dan unit bisnis lainnya.",USK Luncurkan Super App “My USK” untuk Integrasi Layanan Akademik dan Bisnis Berbasis Digital,https://theacehpost.com/news/usk-luncurkan-super-app-my-usk-untuk-integrasi-layanan-akademik-dan-bisnis-berbasis-digital/index.html,theacehpost.com,2025-08-10,high,41,bisnis digital Aceh,Aulia,,2.0,needs_review,neutral,0,0,auto,
1746,Hal itu seiring positioning EDC BSI sebagai EDC Syariah pertama di Indonesia.,"Dorong Transaksi Digital, BSI Aceh Tebar 1.715 Mesin EDC",https://aceh.tribunnews.com/2025/05/10/dorong-transaksi-digital-bsi-aceh-tebar-1715-mesin-edc,aceh.tribunnews.com,"Sat, 10 May 2025 07:00:00 GMT",medium,12,bisnis digital Aceh,Aulia,,2.0,needs_review,neutral,0,0,auto,
1747,"Saat ini,BSI Acehmemiliki sekitar 1.715 mesin EDC yang tersebar.","Dorong Transaksi Digital, BSI Aceh Tebar 1.715 Mesin EDC",https://aceh.tribunnews.com/2025/05/10/dorong-transaksi-digital-bsi-aceh-tebar-1715-mesin-edc,aceh.tribunnews.com,"Sat, 10 May 2025 07:00:00 GMT",medium,9,bisnis digital Aceh,Aulia,,2.0,needs_review,neutral,0,0,auto,
1748,"Hal itu disampaikan oleh Regional CEOBSI Aceh, Wachjono dalam keterangannya, Sabtu (10/5/2025).","Dorong Transaksi Digital, BSI Aceh Tebar 1.715 Mesin EDC",https://aceh.tribunnews.com/2025/05/10/dorong-transaksi-digital-bsi-aceh-tebar-1715-mesin-edc,aceh.tribunnews.com,"Sat, 10 May 2025 07:00:00 GMT",high,12,bisnis digital Aceh,Aulia,,0.0,needs_review,neutral,0,0,auto,
1749,"Menurut Wachjono, sampai dengan akhir April 2025,BSI Acehmemiliki sekitar 1.715 mesin EDC.","Dorong Transaksi Digital, BSI Aceh Tebar 1.715 Mesin EDC",https://aceh.tribunnews.com/2025/05/10/dorong-transaksi-digital-bsi-aceh-tebar-1715-mesin-edc,aceh.tribunnews.com,"Sat, 10 May 2025 07:00:00 GMT",medium,12,bisnis digital Aceh,Aulia,,2.0,needs_review,neutral,0,0,auto,
1750,Jumlah ini akan terus ditambah sesuai dengan target tahun ini sebagai langkah optimalisasi layanan.,"Dorong Transaksi Digital, BSI Aceh Tebar 1.715 Mesin EDC",https://aceh.tribunnews.com/2025/05/10/dorong-transaksi-digital-bsi-aceh-tebar-1715-mesin-edc,aceh.tribunnews.com,"Sat, 10 May 2025 07:00:00 GMT",medium,14,bisnis digital Aceh,Aulia,,2.0,needs_review,neutral,0,1,auto,
1751,"EDC BSI sebagai EDC Syariah pertama di Indonesia dan akan memfasilitasi nasabah BSI dari berbagai segmen usaha di Aceh, katanya.","Dorong Transaksi Digital, BSI Aceh Tebar 1.715 Mesin EDC",https://aceh.tribunnews.com/2025/05/10/dorong-transaksi-digital-bsi-aceh-tebar-1715-mesin-edc,aceh.tribunnews.com,"Sat, 10 May 2025 07:00:00 GMT",high,20,bisnis digital Aceh,Aulia,,2.0,needs_review,neutral,1,0,auto,
1752,"Disebutkan Wachjono, mesin EDC BSI akan difokuskan pada merchant-merchant di bidang islamic ecosystem, lifestyle, fashion, modern ritel, rumah sakit, dan klinik kecantikan.","Dorong Transaksi Digital, BSI Aceh Tebar 1.715 Mesin EDC",https://aceh.tribunnews.com/2025/05/10/dorong-transaksi-digital-bsi-aceh-tebar-1715-mesin-edc,aceh.tribunnews.com,"Sat, 10 May 2025 07:00:00 GMT",medium,22,bisnis digital Aceh,Aulia,,2.0,needs_review,neutral,0,0,auto,
1753,"Kemudian, food and beverages maupun merchant-merchant potensial lainnya yang volume transaksi hariannya tinggi dan membutuhkan informasi cashflow yang cukup detail.","Dorong Transaksi Digital, BSI Aceh Tebar 1.715 Mesin EDC",https://aceh.tribunnews.com/2025/05/10/dorong-transaksi-digital-bsi-aceh-tebar-1715-mesin-edc,aceh.tribunnews.com,"Sat, 10 May 2025 07:00:00 GMT",medium,20,bisnis digital Aceh,Aulia,,2.0,needs_review,positive,2,0,auto,
1754,"Per April 2025, sebut dia, volume transaksi mesin EDCBSI Acehmencapai 155 ribu transaksi, dengan nilai transaksi mencapai lebih dari Rp 61,2 miliar, naik 65,6 persen secara year on year (YoY).","Dorong Transaksi Digital, BSI Aceh Tebar 1.715 Mesin EDC",https://aceh.tribunnews.com/2025/05/10/dorong-transaksi-digital-bsi-aceh-tebar-1715-mesin-edc,aceh.tribunnews.com,"Sat, 10 May 2025 07:00:00 GMT",medium,30,bisnis digital Aceh,Aulia,,2.0,needs_review,neutral,0,0,auto,
1927,"Dalam FGD, peserta membahas sejumlah aspek penting yang dinilai berpengaruh terhadap keberlanjutan dan daya saing UMKM. Topik tersebut meliputi penguatan identitas produk, strategi pemasaran digital, pengelolaan keuangan, hingga peningkatan nilai tambah produk berbasis kearifan lokal.",Dosen Unimal dan Sejumlah Perguruan Tinggi Kolaborasi Dampingi UMKM Aceh Tengah,https://atjehwatch.com/2026/08/24/dosen-unimal-dan-sejumlah-perguruan-tinggi-kolaborasi-dampingi-umkm-aceh-tengah/,atjehwatch.com,2026-08-24,medium,35,UMKM digital Aceh,Aulia,,2.0,needs_review,neutral,0,0,auto,
1930,"Pelaku UMKM yang hadir berasal dari beragam sektor, di antaranya pengolahan kopi, makanan ringan, oleh-oleh khas Takengon, kerajinan kerawang Gayo, pemanfaatan serat nanas, serta produk kreatif berbasis sumber daya lokal.",Dosen Unimal dan Sejumlah Perguruan Tinggi Kolaborasi Dampingi UMKM Aceh Tengah,https://atjehwatch.com/2026/08/24/dosen-unimal-dan-sejumlah-perguruan-tinggi-kolaborasi-dampingi-umkm-aceh-tengah/,atjehwatch.com,2026-08-24,high,30,UMKM digital Aceh,Aulia,,2.0,needs_review,neutral,1,0,auto,
1931,"Beberapa di antaranya berasal dari Gayo Mountain Cigar, Syalia Pie/Oleh-oleh Takengon, Ida Kerawang, Wine Kopi, usaha serat nanas Keriga, dan usaha stik pisang.",Dosen Unimal dan Sejumlah Perguruan Tinggi Kolaborasi Dampingi UMKM Aceh Tengah,https://atjehwatch.com/2026/08/24/dosen-unimal-dan-sejumlah-perguruan-tinggi-kolaborasi-dampingi-umkm-aceh-tengah/,atjehwatch.com,2026-08-24,high,23,UMKM digital Aceh,Aulia,,0.0,needs_review,neutral,0,0,auto,
1932,"Dalam kegiatan tersebut, Ikhyanuddin menekankan pentingnya pengelolaan keuangan yang tertib bagi pelaku UMKM.",Dosen Unimal dan Sejumlah Perguruan Tinggi Kolaborasi Dampingi UMKM Aceh Tengah,https://atjehwatch.com/2026/08/24/dosen-unimal-dan-sejumlah-perguruan-tinggi-kolaborasi-dampingi-umkm-aceh-tengah/,atjehwatch.com,2026-08-24,medium,13,UMKM digital Aceh,Aulia,,1.0,needs_review,neutral,0,0,auto,
1935,"Selain aspek keuangan, tim dosen juga mendorong pelaku UMKM memperkuat identitas produk melalui nama merek, desain kemasan, cerita mengenai asal-usul produk, serta penggunaan motif dan simbol daerah.",Dosen Unimal dan Sejumlah Perguruan Tinggi Kolaborasi Dampingi UMKM Aceh Tengah,https://atjehwatch.com/2026/08/24/dosen-unimal-dan-sejumlah-perguruan-tinggi-kolaborasi-dampingi-umkm-aceh-tengah/,atjehwatch.com,2026-08-24,medium,27,UMKM digital Aceh,Aulia,,2.0,needs_review,neutral,1,0,auto,
1937,Keterlibatan sejumlah perangkat daerah dalam kegiatan tersebut turut membuka ruang koordinasi yang lebih kuat antara perguruan tinggi dan Pemerintah Kabupaten Aceh Tengah.,Dosen Unimal dan Sejumlah Perguruan Tinggi Kolaborasi Dampingi UMKM Aceh Tengah,https://atjehwatch.com/2026/08/24/dosen-unimal-dan-sejumlah-perguruan-tinggi-kolaborasi-dampingi-umkm-aceh-tengah/,atjehwatch.com,2026-08-24,high,22,UMKM digital Aceh,Aulia,,2.0,needs_review,neutral,0,0,auto,
1939,Adapun Dinas Pariwisata menghubungkan pengembangan produk UMKM dengan potensi destinasi dan kegiatan pariwisata di Aceh Tengah.,Dosen Unimal dan Sejumlah Perguruan Tinggi Kolaborasi Dampingi UMKM Aceh Tengah,https://atjehwatch.com/2026/08/24/dosen-unimal-dan-sejumlah-perguruan-tinggi-kolaborasi-dampingi-umkm-aceh-tengah/,atjehwatch.com,2026-08-24,high,16,UMKM digital Aceh,Aulia,,2.0,needs_review,positive,2,0,auto,
1940,"Dengan demikian, produk lokal tidak hanya dipandang sebagai komoditas ekonomi, tetapi juga dapat menjadi bagian dari pengalaman wisata dan identitas daerah.",Dosen Unimal dan Sejumlah Perguruan Tinggi Kolaborasi Dampingi UMKM Aceh Tengah,https://atjehwatch.com/2026/08/24/dosen-unimal-dan-sejumlah-perguruan-tinggi-kolaborasi-dampingi-umkm-aceh-tengah/,atjehwatch.com,2026-08-24,medium,21,UMKM digital Aceh,Aulia,,2.0,needs_review,neutral,0,0,auto,
1941,Kegiatan PKM ini juga mendukung penelitian Universitas Terbuka mengenai strategi branding global berbasis kearifan lokal dan model konseptual Asta Cita untuk pengembangan industri kreatif.,Dosen Unimal dan Sejumlah Perguruan Tinggi Kolaborasi Dampingi UMKM Aceh Tengah,https://atjehwatch.com/2026/08/24/dosen-unimal-dan-sejumlah-perguruan-tinggi-kolaborasi-dampingi-umkm-aceh-tengah/,atjehwatch.com,2026-08-24,medium,24,UMKM digital Aceh,Aulia,,2.0,needs_review,positive,2,0,auto,
1942,"Pembahasan diarahkan pada pemanfaatan identitas budaya, strategi merek digital, analisis budaya berbasis kecerdasan buatan, serta pemanfaatan informasi keuangan untuk meningkatkan nilai tambah UMKM.",Dosen Unimal dan Sejumlah Perguruan Tinggi Kolaborasi Dampingi UMKM Aceh Tengah,https://atjehwatch.com/2026/08/24/dosen-unimal-dan-sejumlah-perguruan-tinggi-kolaborasi-dampingi-umkm-aceh-tengah/,atjehwatch.com,2026-08-24,medium,23,UMKM digital Aceh,Aulia,,2.0,needs_review,positive,2,0,auto,
1943,"Kolaborasi lima perguruan tinggi tersebut diharapkan tidak berhenti pada kegiatan diskusi, tetapi dapat dilanjutkan melalui pendampingan yang terukur dan berkelanjutan.",Dosen Unimal dan Sejumlah Perguruan Tinggi Kolaborasi Dampingi UMKM Aceh Tengah,https://atjehwatch.com/2026/08/24/dosen-unimal-dan-sejumlah-perguruan-tinggi-kolaborasi-dampingi-umkm-aceh-tengah/,atjehwatch.com,2026-08-24,medium,20,UMKM digital Aceh,Aulia,,2.0,needs_review,neutral,1,0,auto,
2110,"DIALEKSIS.COM | Banda Aceh - Yayasan Aneuk Muda Aceh Unggul dan Hebat (AMANAH) resmi melakukan peluncuran kembali (relaunching) pada Kamis (23/4/2026), dengan menghadirkan rangkaian program terpadu yang berfokus pada pengembangan UMKM dan inovasi teknologi bagi pemuda Aceh.","AMANAH Hadir Kembali, Fokus Kembangkan UMKM dan Inovasi Pemuda Aceh",https://dialeksis.com/aceh/amanah-hadir-kembali-fokus-kembangkan-umkm-dan-inovasi-pemuda-aceh/,dialeksis.com,"Thu, 23 Apr 2026 07:00:00 GMT",high,37,UMKM digital Aceh,Aulia,,2.0,needs_review,positive,3,0,auto,
2111,"Program ini menjadi bagian dari upaya memperkuat hilirisasi komoditas lokal, sejalan dengan visi Asta Cita pemerintahan Presiden Prabowo Subianto, khususnya dalam mendorong kemandirian ekonomi berbasis potensi daerah.","AMANAH Hadir Kembali, Fokus Kembangkan UMKM dan Inovasi Pemuda Aceh",https://dialeksis.com/aceh/amanah-hadir-kembali-fokus-kembangkan-umkm-dan-inovasi-pemuda-aceh/,dialeksis.com,"Thu, 23 Apr 2026 07:00:00 GMT",medium,27,UMKM digital Aceh,Aulia,,1.0,needs_review,positive,2,0,auto,
2113,"Ketua Yayasan AMANAH, Syaifullah Muhammad, mengatakan bahwa relaunching ini merupakan langkah strategis untuk memperkuat peran pemuda dalam pembangunan ekonomi daerah.","AMANAH Hadir Kembali, Fokus Kembangkan UMKM dan Inovasi Pemuda Aceh",https://dialeksis.com/aceh/amanah-hadir-kembali-fokus-kembangkan-umkm-dan-inovasi-pemuda-aceh/,dialeksis.com,"Thu, 23 Apr 2026 07:00:00 GMT",medium,20,UMKM digital Aceh,Aulia,,0.0,needs_review,neutral,1,1,auto,
2117,"Untuk mendukung hal tersebut, AMANAH menghadirkan berbagai fasilitas terpadu, seperti rumah kemasan untuk meningkatkan kualitas desain produk, studio fotografi untuk pemasaran digital, hingga rumah produksi dan formulasi khusus kosmetik dan parfum. Selain itu, tersedia juga studio kreatif yang mendukung pengembangan konten digital dan musik.","AMANAH Hadir Kembali, Fokus Kembangkan UMKM dan Inovasi Pemuda Aceh",https://dialeksis.com/aceh/amanah-hadir-kembali-fokus-kembangkan-umkm-dan-inovasi-pemuda-aceh/,dialeksis.com,"Thu, 23 Apr 2026 07:00:00 GMT",medium,44,UMKM digital Aceh,Aulia,,2.0,needs_review,positive,3,0,auto,
2118,"Beragam fasilitas ini dirancang untuk mendukung pelaku UMKM dari hulu hingga hilir, mulai dari proses produksi hingga pemasaran. Produk unggulan yang dikembangkan pun beragam, mulai dari kopi, parfum nilam, hingga sektor energi baru terbarukan seperti solar panel, kincir angin, sepeda listrik (e-bike), dan konversi motor listrik.","AMANAH Hadir Kembali, Fokus Kembangkan UMKM dan Inovasi Pemuda Aceh",https://dialeksis.com/aceh/amanah-hadir-kembali-fokus-kembangkan-umkm-dan-inovasi-pemuda-aceh/,dialeksis.com,"Thu, 23 Apr 2026 07:00:00 GMT",medium,46,UMKM digital Aceh,Aulia,,2.0,needs_review,positive,2,0,auto,
2119,"Dalam memperkuat ekosistem inovasi, AMANAH juga menjalin kolaborasi dengan sejumlah perguruan tinggi di Aceh, termasuk Universitas Syiah Kuala dan UIN Ar-Raniry. Kerja sama ini mencakup penguatan riset, transfer teknologi, serta pelibatan mahasiswa dalam berbagai program pengembangan.","AMANAH Hadir Kembali, Fokus Kembangkan UMKM dan Inovasi Pemuda Aceh",https://dialeksis.com/aceh/amanah-hadir-kembali-fokus-kembangkan-umkm-dan-inovasi-pemuda-aceh/,dialeksis.com,"Thu, 23 Apr 2026 07:00:00 GMT",high,36,UMKM digital Aceh,Aulia,,4.0,needs_review,positive,4,0,auto,
2120,"Melalui kolaborasi tersebut, mahasiswa dapat terlibat langsung dalam berbagai aktivitas, seperti pengolahan nilam, pengembangan kopi, pertanian modern, hingga energi terbarukan.","AMANAH Hadir Kembali, Fokus Kembangkan UMKM dan Inovasi Pemuda Aceh",https://dialeksis.com/aceh/amanah-hadir-kembali-fokus-kembangkan-umkm-dan-inovasi-pemuda-aceh/,dialeksis.com,"Thu, 23 Apr 2026 07:00:00 GMT",medium,20,UMKM digital Aceh,Aulia,,2.0,needs_review,positive,2,0,auto,
2122,"""Kita optimis mampu menciptakan ekosistem ekonomi baru yang digerakkan oleh generasi muda Aceh,"" tutupnya. [nh]","AMANAH Hadir Kembali, Fokus Kembangkan UMKM dan Inovasi Pemuda Aceh",https://dialeksis.com/aceh/amanah-hadir-kembali-fokus-kembangkan-umkm-dan-inovasi-pemuda-aceh/,dialeksis.com,"Thu, 23 Apr 2026 07:00:00 GMT",high,15,UMKM digital Aceh,Aulia,,2.0,needs_review,neutral,1,1,auto,
2415,Sensus Ekonomi 2026 Jadi Momentum Pemetaan Ulang Kekuatan UMKM dan Tenaga Kerja di Aceh,Sensus Ekonomi 2026 Jadi Momentum Pemetaan Ulang Kekuatan UMKM dan Tenaga Kerja di Aceh,https://dialeksis.com/ekonomi/sensus-ekonomi-2026-jadi-momentum-pemetaan-ulang-kekuatan-umkm-dan-tenaga-kerja-di-aceh/,dialeksis.com,"Sun, 22 Feb 2026 08:00:00 GMT",high,14,UMKM digital Aceh,Aulia,,2.0,needs_review,neutral,0,0,auto,
2416,"DIALEKSIS.COM | Banda Aceh - Pelaksanaan Sensus Ekonomi 2026 (SE2026) dinilai sebagai momentum strategis untuk memetakan ulang kekuatan ekonomi Aceh, mulai dari UMKM hingga kondisi tenaga kerja di berbagai sektor industri.",Sensus Ekonomi 2026 Jadi Momentum Pemetaan Ulang Kekuatan UMKM dan Tenaga Kerja di Aceh,https://dialeksis.com/ekonomi/sensus-ekonomi-2026-jadi-momentum-pemetaan-ulang-kekuatan-umkm-dan-tenaga-kerja-di-aceh/,dialeksis.com,"Sun, 22 Feb 2026 08:00:00 GMT",high,31,UMKM digital Aceh,Aulia,,2.0,needs_review,neutral,1,0,auto,
2417,"Sensus Ekonomi 2026 (SE2026) akan menjangkau seluruh pelaku usaha di Indonesia tanpa terkecuali, mulai dari usaha mikro, kecil, menengah hingga besar. Pendataan ini mencakup berbagai bentuk usaha, baik yang beroperasi secara online maupun offline.",Sensus Ekonomi 2026 Jadi Momentum Pemetaan Ulang Kekuatan UMKM dan Tenaga Kerja di Aceh,https://dialeksis.com/ekonomi/sensus-ekonomi-2026-jadi-momentum-pemetaan-ulang-kekuatan-umkm-dan-tenaga-kerja-di-aceh/,dialeksis.com,"Sun, 22 Feb 2026 08:00:00 GMT",medium,34,UMKM digital Aceh,Aulia,,2.0,needs_review,neutral,0,0,auto,
2418,"Kepala Badan Pusat Statistik (BPS) Provinsi Aceh, Agus Andria, mengatakan sensus ekonomi yang dilaksanakan setiap sepuluh tahun ini akan menjadi dasar perencanaan pembangunan ekonomi berbasis data yang lebih akurat dan mutakhir.",Sensus Ekonomi 2026 Jadi Momentum Pemetaan Ulang Kekuatan UMKM dan Tenaga Kerja di Aceh,https://dialeksis.com/ekonomi/sensus-ekonomi-2026-jadi-momentum-pemetaan-ulang-kekuatan-umkm-dan-tenaga-kerja-di-aceh/,dialeksis.com,"Sun, 22 Feb 2026 08:00:00 GMT",high,31,UMKM digital Aceh,Aulia,,0.0,needs_review,neutral,0,0,auto,
2419,"Melalui Sensus Ekonomi 2026, kita ingin mendapatkan gambaran utuh tentang jumlah usaha, skala usaha, sebaran sektor, hingga karakteristik tenaga kerja. Data ini sangat penting untuk perumusan kebijakan ekonomi, baik di tingkat pusat maupun daerah, ujar Agus Andria saat membuka workshop statistik pertanian di Banda Aceh, Selasa, 10 Februari 2026.",Sensus Ekonomi 2026 Jadi Momentum Pemetaan Ulang Kekuatan UMKM dan Tenaga Kerja di Aceh,https://dialeksis.com/ekonomi/sensus-ekonomi-2026-jadi-momentum-pemetaan-ulang-kekuatan-umkm-dan-tenaga-kerja-di-aceh/,dialeksis.com,"Sun, 22 Feb 2026 08:00:00 GMT",high,49,UMKM digital Aceh,Aulia,,2.0,needs_review,neutral,0,0,auto,
2420,"Ia mengingatkan, berdasarkan hasil Sensus Ekonomi 2016, struktur usaha di Indonesia termasuk Aceh masih didominasi oleh usaha mikro dan kecil. Kondisi tersebut menunjukkan bahwa UMKM menjadi tulang punggung ekonomi yang harus terus diperkuat.",Sensus Ekonomi 2026 Jadi Momentum Pemetaan Ulang Kekuatan UMKM dan Tenaga Kerja di Aceh,https://dialeksis.com/ekonomi/sensus-ekonomi-2026-jadi-momentum-pemetaan-ulang-kekuatan-umkm-dan-tenaga-kerja-di-aceh/,dialeksis.com,"Sun, 22 Feb 2026 08:00:00 GMT",high,33,UMKM digital Aceh,Aulia,,0.0,needs_review,neutral,0,0,auto,
2422,"Ia menjelaskan bahwa responden SE2026 tidak hanya perusahaan besar, tetapi juga usaha rumah tangga dan lembaga non-profit kecuali sektor pertanian (tanaman pangan, hortikultura, perikanan, peternakan, perkebunan dan kehutanan) yang sudah didata pada Sensus Pertanian 2023 lalu.",Sensus Ekonomi 2026 Jadi Momentum Pemetaan Ulang Kekuatan UMKM dan Tenaga Kerja di Aceh,https://dialeksis.com/ekonomi/sensus-ekonomi-2026-jadi-momentum-pemetaan-ulang-kekuatan-umkm-dan-tenaga-kerja-di-aceh/,dialeksis.com,"Sun, 22 Feb 2026 08:00:00 GMT",medium,36,UMKM digital Aceh,Aulia,,0.0,needs_review,neutral,0,0,auto,
2424,"Menurutnya, cakupan yang luas ini penting agar pemerintah memperoleh gambaran utuh tentang struktur ekonomi nasional maupun daerah.",Sensus Ekonomi 2026 Jadi Momentum Pemetaan Ulang Kekuatan UMKM dan Tenaga Kerja di Aceh,https://dialeksis.com/ekonomi/sensus-ekonomi-2026-jadi-momentum-pemetaan-ulang-kekuatan-umkm-dan-tenaga-kerja-di-aceh/,dialeksis.com,"Sun, 22 Feb 2026 08:00:00 GMT",medium,17,UMKM digital Aceh,Aulia,,1.0,needs_review,neutral,0,0,auto,
2425,"Sensus Ekonomi 2026 akan dilaksanakan di seluruh wilayah Indonesia dengan dua tahapan utama. Pada 1-31 Mei 2026, perusahaan berskala besar akan menerima pemberitahuan melalui email untuk mengisi kuesioner secara mandiri (online).",Sensus Ekonomi 2026 Jadi Momentum Pemetaan Ulang Kekuatan UMKM dan Tenaga Kerja di Aceh,https://dialeksis.com/ekonomi/sensus-ekonomi-2026-jadi-momentum-pemetaan-ulang-kekuatan-umkm-dan-tenaga-kerja-di-aceh/,dialeksis.com,"Sun, 22 Feb 2026 08:00:00 GMT",medium,31,UMKM digital Aceh,Aulia,,2.0,needs_review,neutral,0,0,auto,
2426,"Selanjutnya, pada 1 Juni hingga 31 Juli 2026, petugas BPS akan melakukan pendataan lapangan secara langsung (door to door) bagi usaha atau perusahaan yang belum melakukan pengisian mandiri.",Sensus Ekonomi 2026 Jadi Momentum Pemetaan Ulang Kekuatan UMKM dan Tenaga Kerja di Aceh,https://dialeksis.com/ekonomi/sensus-ekonomi-2026-jadi-momentum-pemetaan-ulang-kekuatan-umkm-dan-tenaga-kerja-di-aceh/,dialeksis.com,"Sun, 22 Feb 2026 08:00:00 GMT",medium,28,UMKM digital Aceh,Aulia,,0.0,needs_review,neutral,0,0,auto,
2427,"Bagi perusahaan besar yang menerima email, kami harapkan dapat mengisi kuesioner secara mandiri. Sedangkan bagi usaha yang belum memperoleh email, petugas kami akan datang langsung ke lokasi usaha, jelasnya.",Sensus Ekonomi 2026 Jadi Momentum Pemetaan Ulang Kekuatan UMKM dan Tenaga Kerja di Aceh,https://dialeksis.com/ekonomi/sensus-ekonomi-2026-jadi-momentum-pemetaan-ulang-kekuatan-umkm-dan-tenaga-kerja-di-aceh/,dialeksis.com,"Sun, 22 Feb 2026 08:00:00 GMT",medium,29,UMKM digital Aceh,Aulia,,0.0,needs_review,neutral,0,0,auto,
2428,"Ia menegaskan bahwa SE2026 mencakup seluruh jenis usaha non-pertanian, mulai dari perdagangan, industri pengolahan, jasa, konstruksi, transportasi, hingga pariwisata.",Sensus Ekonomi 2026 Jadi Momentum Pemetaan Ulang Kekuatan UMKM dan Tenaga Kerja di Aceh,https://dialeksis.com/ekonomi/sensus-ekonomi-2026-jadi-momentum-pemetaan-ulang-kekuatan-umkm-dan-tenaga-kerja-di-aceh/,dialeksis.com,"Sun, 22 Feb 2026 08:00:00 GMT",medium,19,UMKM digital Aceh,Aulia,,3.0,needs_review,neutral,0,0,auto,
2429,"Agus Andria menyebutkan bahwa SE2026 akan menjawab berbagai isu strategis, seperti daya saing usaha, struktur perekonomian wilayah, kontribusi UMKM terhadap ekonomi nasional, hingga perkembangan ekonomi digital dan ekonomi lingkungan.",Sensus Ekonomi 2026 Jadi Momentum Pemetaan Ulang Kekuatan UMKM dan Tenaga Kerja di Aceh,https://dialeksis.com/ekonomi/sensus-ekonomi-2026-jadi-momentum-pemetaan-ulang-kekuatan-umkm-dan-tenaga-kerja-di-aceh/,dialeksis.com,"Sun, 22 Feb 2026 08:00:00 GMT",medium,29,UMKM digital Aceh,Aulia,,2.0,needs_review,positive,3,0,auto,
2431,"Data tersebut, lanjutnya, akan menjadi dasar bagi pemerintah dalam merumuskan strategi pembangunan dan pengembangan ekonomi ke depan.",Sensus Ekonomi 2026 Jadi Momentum Pemetaan Ulang Kekuatan UMKM dan Tenaga Kerja di Aceh,https://dialeksis.com/ekonomi/sensus-ekonomi-2026-jadi-momentum-pemetaan-ulang-kekuatan-umkm-dan-tenaga-kerja-di-aceh/,dialeksis.com,"Sun, 22 Feb 2026 08:00:00 GMT",medium,17,UMKM digital Aceh,Aulia,,1.0,needs_review,neutral,1,0,auto,
2434,"Pelaku usaha bisa melihat tren industri, memahami peluang dan tantangan bisnis di berbagai wilayah. Jadi data ini bukan hanya untuk pemerintah, tetapi juga untuk dunia usaha, katanya.",Sensus Ekonomi 2026 Jadi Momentum Pemetaan Ulang Kekuatan UMKM dan Tenaga Kerja di Aceh,https://dialeksis.com/ekonomi/sensus-ekonomi-2026-jadi-momentum-pemetaan-ulang-kekuatan-umkm-dan-tenaga-kerja-di-aceh/,dialeksis.com,"Sun, 22 Feb 2026 08:00:00 GMT",medium,27,UMKM digital Aceh,Aulia,,2.0,needs_review,neutral,1,1,auto,
2435,"Sementara bagi akademisi dan peneliti, SE2026 menyediakan data yang lengkap dan detail untuk mendukung penelitian ekonomi, sosial, dan kebijakan publik berbasis data. Masyarakat pun akan merasakan manfaatnya melalui kebijakan ekonomi yang lebih terarah dan transparan.",Sensus Ekonomi 2026 Jadi Momentum Pemetaan Ulang Kekuatan UMKM dan Tenaga Kerja di Aceh,https://dialeksis.com/ekonomi/sensus-ekonomi-2026-jadi-momentum-pemetaan-ulang-kekuatan-umkm-dan-tenaga-kerja-di-aceh/,dialeksis.com,"Sun, 22 Feb 2026 08:00:00 GMT",medium,35,UMKM digital Aceh,Aulia,,2.0,needs_review,positive,2,0,auto,
2436,"SE2026 akan menghasilkan peta ekonomi Indonesia yang menggambarkan potret terkini struktur ekonomi di seluruh wilayah, termasuk Aceh. Selain itu, akan tersedia analisis sektoral berdasarkan skala usaha mikro, kecil, menengah, dan besar maupun berdasarkan wilayah, mulai dari tingkat nasional hingga kabupaten/kota.",Sensus Ekonomi 2026 Jadi Momentum Pemetaan Ulang Kekuatan UMKM dan Tenaga Kerja di Aceh,https://dialeksis.com/ekonomi/sensus-ekonomi-2026-jadi-momentum-pemetaan-ulang-kekuatan-umkm-dan-tenaga-kerja-di-aceh/,dialeksis.com,"Sun, 22 Feb 2026 08:00:00 GMT",high,40,UMKM digital Aceh,Aulia,,0.0,needs_review,neutral,0,0,auto,
2437,"Partisipasi aktif masyarakat sangat menentukan kualitas data. Kami mengimbau seluruh pelaku usaha di Aceh untuk menerima petugas dengan baik dan memberikan informasi yang benar. Data yang akurat akan kembali dalam bentuk kebijakan yang lebih berpihak kepada masyarakat, ujar Agus Andria.",Sensus Ekonomi 2026 Jadi Momentum Pemetaan Ulang Kekuatan UMKM dan Tenaga Kerja di Aceh,https://dialeksis.com/ekonomi/sensus-ekonomi-2026-jadi-momentum-pemetaan-ulang-kekuatan-umkm-dan-tenaga-kerja-di-aceh/,dialeksis.com,"Sun, 22 Feb 2026 08:00:00 GMT",high,40,UMKM digital Aceh,Aulia,,2.0,needs_review,neutral,0,0,auto,
2438,"Berdasarkan hasil pendataan Sensus Ekonomi 2016 yang dilaksanakan oleh Badan Pusat Statistik (BPS), jumlah tenaga kerja pada usaha non-pertanian di Provinsi Aceh tercatat sebanyak 1.172.055 orang.",Sensus Ekonomi 2026 Jadi Momentum Pemetaan Ulang Kekuatan UMKM dan Tenaga Kerja di Aceh,https://dialeksis.com/ekonomi/sensus-ekonomi-2026-jadi-momentum-pemetaan-ulang-kekuatan-umkm-dan-tenaga-kerja-di-aceh/,dialeksis.com,"Sun, 22 Feb 2026 08:00:00 GMT",high,26,UMKM digital Aceh,Aulia,,2.0,needs_review,neutral,0,0,auto,
2439,"Dari jumlah tersebut, 1.061.217 orang bekerja pada kategori Usaha Mikro dan Kecil (UMK), sementara 110.838 orang lainnya bekerja pada kategori Usaha Menengah dan Besar (UMB).",Sensus Ekonomi 2026 Jadi Momentum Pemetaan Ulang Kekuatan UMKM dan Tenaga Kerja di Aceh,https://dialeksis.com/ekonomi/sensus-ekonomi-2026-jadi-momentum-pemetaan-ulang-kekuatan-umkm-dan-tenaga-kerja-di-aceh/,dialeksis.com,"Sun, 22 Feb 2026 08:00:00 GMT",medium,25,UMKM digital Aceh,Aulia,,0.0,needs_review,neutral,0,0,auto,
2440,"Data tersebut menunjukkan bahwa struktur ketenagakerjaan di Aceh masih didominasi oleh UMK, yang menjadi penopang utama aktivitas ekonomi daerah.",Sensus Ekonomi 2026 Jadi Momentum Pemetaan Ulang Kekuatan UMKM dan Tenaga Kerja di Aceh,https://dialeksis.com/ekonomi/sensus-ekonomi-2026-jadi-momentum-pemetaan-ulang-kekuatan-umkm-dan-tenaga-kerja-di-aceh/,dialeksis.com,"Sun, 22 Feb 2026 08:00:00 GMT",high,19,UMKM digital Aceh,Aulia,,0.0,needs_review,neutral,0,0,auto,
2441,"Sementara itu, dari sisi jumlah usaha, hasil pendataan UMK dan UMB di Provinsi Aceh tercatat sebanyak 426.881 unit usaha. Jumlah tersebut terdiri atas 422.469 unit usaha mikro dan kecil, serta 4.412 unit usaha menengah dan besar.",Sensus Ekonomi 2026 Jadi Momentum Pemetaan Ulang Kekuatan UMKM dan Tenaga Kerja di Aceh,https://dialeksis.com/ekonomi/sensus-ekonomi-2026-jadi-momentum-pemetaan-ulang-kekuatan-umkm-dan-tenaga-kerja-di-aceh/,dialeksis.com,"Sun, 22 Feb 2026 08:00:00 GMT",high,36,UMKM digital Aceh,Aulia,,0.0,needs_review,neutral,0,0,auto,
2442,Distribusi Jumlah Perusahaan/Usaha Berdasarkan Kategori Lapangan Usaha di Provinsi Aceh dalam Sensus Ekonomi 2016. Dokumen BPS untuk dialeksis.com.,Sensus Ekonomi 2026 Jadi Momentum Pemetaan Ulang Kekuatan UMKM dan Tenaga Kerja di Aceh,https://dialeksis.com/ekonomi/sensus-ekonomi-2026-jadi-momentum-pemetaan-ulang-kekuatan-umkm-dan-tenaga-kerja-di-aceh/,dialeksis.com,"Sun, 22 Feb 2026 08:00:00 GMT",high,18,UMKM digital Aceh,Aulia,,0.0,needs_review,neutral,0,0,auto,
2443,"Ratusan ribu usaha tersebut tersebar dalam 13 kategori lapangan usaha non-pertanian, mencakup sektor pertambangan dan penggalian, industri pengolahan, pengadaan listrik dan gas, pengadaan air dan pengelolaan sampah, konstruksi, perdagangan, transportasi dan pergudangan, akomodasi dan makan minum, informasi dan komunikasi, jasa keuangan dan asuransi, real estate, jasa perusahaan, hingga jasa pendidikan, kesehatan, dan jasa lainnya.",Sensus Ekonomi 2026 Jadi Momentum Pemetaan Ulang Kekuatan UMKM dan Tenaga Kerja di Aceh,https://dialeksis.com/ekonomi/sensus-ekonomi-2026-jadi-momentum-pemetaan-ulang-kekuatan-umkm-dan-tenaga-kerja-di-aceh/,dialeksis.com,"Sun, 22 Feb 2026 08:00:00 GMT",medium,54,UMKM digital Aceh,Aulia,,3.0,needs_review,neutral,0,0,auto,
2444,"Secara nasional, hasil Sensus Ekonomi 2016 juga menunjukkan bahwa jumlah tenaga kerja dan usaha masih terkonsentrasi di Pulau Jawa, terutama di Provinsi Jawa Barat, Jawa Tengah, dan Jawa Timur, yang menyumbang sekitar 50 persen dari total usaha di Indonesia.",Sensus Ekonomi 2026 Jadi Momentum Pemetaan Ulang Kekuatan UMKM dan Tenaga Kerja di Aceh,https://dialeksis.com/ekonomi/sensus-ekonomi-2026-jadi-momentum-pemetaan-ulang-kekuatan-umkm-dan-tenaga-kerja-di-aceh/,dialeksis.com,"Sun, 22 Feb 2026 08:00:00 GMT",medium,39,UMKM digital Aceh,Aulia,,2.0,needs_review,neutral,0,0,auto,
2445,Distribusi Tenaga Kerja Berdasarkan Kategori Lapangan Usaha di Provinsi Aceh dalam Sensus Ekonomi 2016. Dokumen BPS untuk dialeksis.com.,Sensus Ekonomi 2026 Jadi Momentum Pemetaan Ulang Kekuatan UMKM dan Tenaga Kerja di Aceh,https://dialeksis.com/ekonomi/sensus-ekonomi-2026-jadi-momentum-pemetaan-ulang-kekuatan-umkm-dan-tenaga-kerja-di-aceh/,dialeksis.com,"Sun, 22 Feb 2026 08:00:00 GMT",high,18,UMKM digital Aceh,Aulia,,2.0,needs_review,neutral,0,0,auto,
2446,"Ketua Dewan Pimpinan Wilayah (DPW) Federasi Serikat Pekerja Metal Indonesia (FSPMI) Provinsi Aceh, Habibi, menilai Sensus Ekonomi 2026 harus mampu menangkap realitas ketenagakerjaan di sektor industri dan manufaktur, termasuk di perusahaan skala kecil dan menengah.",Sensus Ekonomi 2026 Jadi Momentum Pemetaan Ulang Kekuatan UMKM dan Tenaga Kerja di Aceh,https://dialeksis.com/ekonomi/sensus-ekonomi-2026-jadi-momentum-pemetaan-ulang-kekuatan-umkm-dan-tenaga-kerja-di-aceh/,dialeksis.com,"Sun, 22 Feb 2026 08:00:00 GMT",high,35,UMKM digital Aceh,Aulia,,0.0,needs_review,neutral,0,0,auto,
2447,"Menurutnya, data ekonomi tidak hanya soal jumlah usaha, tetapi juga harus memperhatikan kondisi pekerja di dalamnya.",Sensus Ekonomi 2026 Jadi Momentum Pemetaan Ulang Kekuatan UMKM dan Tenaga Kerja di Aceh,https://dialeksis.com/ekonomi/sensus-ekonomi-2026-jadi-momentum-pemetaan-ulang-kekuatan-umkm-dan-tenaga-kerja-di-aceh/,dialeksis.com,"Sun, 22 Feb 2026 08:00:00 GMT",medium,16,UMKM digital Aceh,Aulia,,0.0,needs_review,neutral,0,0,auto,
2449,"Ia menekankan pentingnya insentif bagi pelaku industri yang patuh terhadap aturan ketenagakerjaan. Perusahaan yang taat membayar upah sesuai ketentuan, memberikan jaminan sosial, dan menjaga keselamatan kerja harus mendapat perhatian dan insentif.",Sensus Ekonomi 2026 Jadi Momentum Pemetaan Ulang Kekuatan UMKM dan Tenaga Kerja di Aceh,https://dialeksis.com/ekonomi/sensus-ekonomi-2026-jadi-momentum-pemetaan-ulang-kekuatan-umkm-dan-tenaga-kerja-di-aceh/,dialeksis.com,"Sun, 22 Feb 2026 08:00:00 GMT",medium,31,UMKM digital Aceh,Aulia,,2.0,needs_review,neutral,0,0,auto,
2454,"Hal tersebut disampaikan Muhammad Haikal, pemilik usaha Parfum Neelam Geutanyoe di Banda Aceh. Ia menilai keberhasilan Sensus Ekonomi 2026 sangat bergantung pada kejujuran dan partisipasi aktif para pelaku usaha.",Sensus Ekonomi 2026 Jadi Momentum Pemetaan Ulang Kekuatan UMKM dan Tenaga Kerja di Aceh,https://dialeksis.com/ekonomi/sensus-ekonomi-2026-jadi-momentum-pemetaan-ulang-kekuatan-umkm-dan-tenaga-kerja-di-aceh/,dialeksis.com,"Sun, 22 Feb 2026 08:00:00 GMT",high,29,UMKM digital Aceh,Aulia,,2.0,needs_review,neutral,1,0,auto,
2456,"Menurutnya, selama ini banyak program yang sebenarnya baik, namun terkadang kurang tepat sasaran karena belum sepenuhnya berbasis data terbaru.",Sensus Ekonomi 2026 Jadi Momentum Pemetaan Ulang Kekuatan UMKM dan Tenaga Kerja di Aceh,https://dialeksis.com/ekonomi/sensus-ekonomi-2026-jadi-momentum-pemetaan-ulang-kekuatan-umkm-dan-tenaga-kerja-di-aceh/,dialeksis.com,"Sun, 22 Feb 2026 08:00:00 GMT",medium,19,UMKM digital Aceh,Aulia,,1.0,needs_review,neutral,0,1,auto,
2457,"Kadang programnya bagus, tapi tidak semua pelaku usaha bisa merasakan manfaatnya. Bisa jadi karena datanya belum diperbarui atau belum lengkap. Maka Sensus Ekonomi 2026 ini menjadi sangat penting untuk memperbarui gambaran usaha yang ada, katanya.",Sensus Ekonomi 2026 Jadi Momentum Pemetaan Ulang Kekuatan UMKM dan Tenaga Kerja di Aceh,https://dialeksis.com/ekonomi/sensus-ekonomi-2026-jadi-momentum-pemetaan-ulang-kekuatan-umkm-dan-tenaga-kerja-di-aceh/,dialeksis.com,"Sun, 22 Feb 2026 08:00:00 GMT",medium,35,UMKM digital Aceh,Aulia,,1.0,needs_review,neutral,1,0,auto,
2459,"Ia menambahkan, perubahan tersebut juga berdampak pada pola tenaga kerja dan strategi produksi.",Sensus Ekonomi 2026 Jadi Momentum Pemetaan Ulang Kekuatan UMKM dan Tenaga Kerja di Aceh,https://dialeksis.com/ekonomi/sensus-ekonomi-2026-jadi-momentum-pemetaan-ulang-kekuatan-umkm-dan-tenaga-kerja-di-aceh/,dialeksis.com,"Sun, 22 Feb 2026 08:00:00 GMT",medium,13,UMKM digital Aceh,Aulia,,2.0,needs_review,neutral,0,0,auto,
2461,"Haikal berharap, melalui Sensus Ekonomi 2026, pemerintah dapat melihat potensi besar UMKM Aceh yang terus berkembang meski menghadapi berbagai tantangan.",Sensus Ekonomi 2026 Jadi Momentum Pemetaan Ulang Kekuatan UMKM dan Tenaga Kerja di Aceh,https://dialeksis.com/ekonomi/sensus-ekonomi-2026-jadi-momentum-pemetaan-ulang-kekuatan-umkm-dan-tenaga-kerja-di-aceh/,dialeksis.com,"Sun, 22 Feb 2026 08:00:00 GMT",high,20,UMKM digital Aceh,Aulia,,2.0,needs_review,positive,2,1,auto,
2463,Ia juga mengajak seluruh pelaku usaha agar tidak ragu menerima petugas sensus dan memberikan informasi yang benar.,Sensus Ekonomi 2026 Jadi Momentum Pemetaan Ulang Kekuatan UMKM dan Tenaga Kerja di Aceh,https://dialeksis.com/ekonomi/sensus-ekonomi-2026-jadi-momentum-pemetaan-ulang-kekuatan-umkm-dan-tenaga-kerja-di-aceh/,dialeksis.com,"Sun, 22 Feb 2026 08:00:00 GMT",medium,17,UMKM digital Aceh,Aulia,,0.0,needs_review,neutral,0,0,auto,
2464,"Tidak perlu takut atau khawatir. Data ini bukan untuk mempersulit usaha, tapi justru untuk membantu perencanaan pembangunan ekonomi ke depan. Kalau kita jujur dan terbuka, hasilnya juga akan kembali untuk kepentingan kita bersama, tegas Haikal.",Sensus Ekonomi 2026 Jadi Momentum Pemetaan Ulang Kekuatan UMKM dan Tenaga Kerja di Aceh,https://dialeksis.com/ekonomi/sensus-ekonomi-2026-jadi-momentum-pemetaan-ulang-kekuatan-umkm-dan-tenaga-kerja-di-aceh/,dialeksis.com,"Sun, 22 Feb 2026 08:00:00 GMT",medium,35,UMKM digital Aceh,Aulia,,0.0,needs_review,negative,0,2,auto,
2467,"Menurutnya, kolaborasi antara pemerintah, pelaku usaha, dan pekerja menjadi kunci dalam membangun ekonomi Aceh yang inklusif.",Sensus Ekonomi 2026 Jadi Momentum Pemetaan Ulang Kekuatan UMKM dan Tenaga Kerja di Aceh,https://dialeksis.com/ekonomi/sensus-ekonomi-2026-jadi-momentum-pemetaan-ulang-kekuatan-umkm-dan-tenaga-kerja-di-aceh/,dialeksis.com,"Sun, 22 Feb 2026 08:00:00 GMT",high,16,UMKM digital Aceh,Aulia,,2.0,needs_review,neutral,1,0,auto,
2510,"""UMKM memiliki peran strategis menciptakan lapangan kerja, serta meningkatkan kesejahteraan masyarakat. Karena itu, kami terus mendorong UMKM menjadi penggerak perekonomian daerah,"" katanya.",Pemkab Aceh Besar dorong UMKM jadi penggerak ekonomi daerah,https://aceh.antaranews.com/berita/378130/pemkab-aceh-besar-dorong-umkm-jadi-penggerak-ekonomi-daerah,aceh.antaranews.com,"Sat, 01 Feb 2025 08:00:00 GMT",medium,22,UMKM digital Aceh,Aulia,,2.0,needs_review,positive,3,0,auto,
2519,"Ratusan ribu UMKM tersebut bergerak di berbagai bidang, seperti kuliner, kerajinan tangan, pertanian, dan industri kreatif, telah menjadi tulang punggung perekonomian masyarakat.",Pemkab Aceh Besar dorong UMKM jadi penggerak ekonomi daerah,https://aceh.antaranews.com/berita/378130/pemkab-aceh-besar-dorong-umkm-jadi-penggerak-ekonomi-daerah,aceh.antaranews.com,"Sat, 01 Feb 2025 08:00:00 GMT",medium,22,UMKM digital Aceh,Aulia,,0.0,needs_review,neutral,0,0,auto,
2520,"""UMKM di Kabupaten Aceh Besar masih menghadapi berbagai tantangan, seperti keterbatasan akses modal, rendahnya literasi digital, serta sulitnya menembus pasar yang lebih luas,"" kata Trizna Darma.",Pemkab Aceh Besar dorong UMKM jadi penggerak ekonomi daerah,https://aceh.antaranews.com/berita/378130/pemkab-aceh-besar-dorong-umkm-jadi-penggerak-ekonomi-daerah,aceh.antaranews.com,"Sat, 01 Feb 2025 08:00:00 GMT",high,26,UMKM digital Aceh,Aulia,,2.0,needs_review,negative,0,4,auto,
2525,"KOMPAS.com - Sebagai upaya kontribusi meningkatkan prekonomian masyarakat dan daerah provinsi Aceh, PT Pos Cabang Utama Banda Aceh berkomitmen memberikan ruang promosi bagi pelaku Usaha Mikro, Kecil, dan Menengah (UMKM) di Provinsi Aceh.",PT Pos Indonesia Sediakan Ruang Promosi hingga Pengiriman Produk bagi Pelaku UMKM di Aceh,https://umkm.kompas.com/read/2024/02/16/215120383/pt-pos-indonesia-sediakan-ruang-promosi-hingga-pengiriman-produk-bagi-pelaku,umkm.kompas.com,2024-02-16,high,33,UMKM digital Aceh,Aulia,,2.0,needs_review,positive,2,0,auto,
2532,"Saudara-saudara kita di Nusa Tenggara Timur tengah dirundung duka karena gempa M 7,7. Mari kita mengulurkan tangan untuk membantu meringankan beban yang sedang mereka hadapi. Kirim bantuan Anda melalui tautan",PT Pos Indonesia Sediakan Ruang Promosi hingga Pengiriman Produk bagi Pelaku UMKM di Aceh,https://umkm.kompas.com/read/2024/02/16/215120383/pt-pos-indonesia-sediakan-ruang-promosi-hingga-pengiriman-produk-bagi-pelaku,umkm.kompas.com,2024-02-16,medium,30,UMKM digital Aceh,Aulia,,0.0,needs_review,neutral,1,0,auto,
2620,"500 pelaku UMKM unggulan itu, akan kita sebar bila dinas dan lembaga pemerintah menyediakan tempat buka lapak di dekat kawasan lokasi pertandingan cabang olah raga PON XXI tersebut, kata Dr Iskandar Majid, kepada acehtrend.com, Senin (10/6/2024).","500 UMKM Unggulan di Aceh, Siap Buka Lapak di Lokasi Tanding PON XXI",https://www.acehtrend.com/news/500-umkm-unggulan-di-aceh-siap-buka-lapak-di-lokasi-tanding-pon-xxi/index.html,acehtrend.com,"Mon, 10 Jun 2024 07:00:00 GMT",medium,36,UMKM digital Aceh,Aulia,,2.0,needs_review,neutral,1,0,auto,
2622,"Dari ribuan unit usaha UMKM unggulan yang terdapat di Aceh, ungkap Iskandar Majid, sudah ada sekitar 500 orang, mengajukan pendaftaran untuk mengikuti even buka lapak dagang di dekat lokasi tanding PON XXI tersebut.","500 UMKM Unggulan di Aceh, Siap Buka Lapak di Lokasi Tanding PON XXI",https://www.acehtrend.com/news/500-umkm-unggulan-di-aceh-siap-buka-lapak-di-lokasi-tanding-pon-xxi/index.html,acehtrend.com,"Mon, 10 Jun 2024 07:00:00 GMT",high,33,UMKM digital Aceh,Aulia,,2.0,needs_review,neutral,1,0,auto,
2624,"UMKM Unggulan yang telah mendaftar dan siap menyatakan berpartisipasi dalam even PON XXI itu, kata Iskandar Majid, berasal dari berbagai daerah. Mereka sangat ingin memasarkan produknya kepada para atlet dan pendamping yang hadir di Aceh.","500 UMKM Unggulan di Aceh, Siap Buka Lapak di Lokasi Tanding PON XXI",https://www.acehtrend.com/news/500-umkm-unggulan-di-aceh-siap-buka-lapak-di-lokasi-tanding-pon-xxi/index.html,acehtrend.com,"Mon, 10 Jun 2024 07:00:00 GMT",high,35,UMKM digital Aceh,Aulia,,2.0,needs_review,neutral,1,0,auto,
2625,"Tapi, untuk bisa ikut buka lapak dagang di kawasan lokasi tanding atlit PON tersebut, ungkap Iskandar, pihaknya belum mendapat info dari Panitia lokal maupun pusat.","500 UMKM Unggulan di Aceh, Siap Buka Lapak di Lokasi Tanding PON XXI",https://www.acehtrend.com/news/500-umkm-unggulan-di-aceh-siap-buka-lapak-di-lokasi-tanding-pon-xxi/index.html,acehtrend.com,"Mon, 10 Jun 2024 07:00:00 GMT",medium,25,UMKM digital Aceh,Aulia,,1.0,needs_review,neutral,0,0,auto,
2626,"Perekrutan UMKM Unggulan itu dilakukan, kata Iskandar Majid, setelah Tim Koordinasi UMKM Aceh, bertemu dengan Pj Gubernur Aceh, Bustami beberapa waktu.","500 UMKM Unggulan di Aceh, Siap Buka Lapak di Lokasi Tanding PON XXI",https://www.acehtrend.com/news/500-umkm-unggulan-di-aceh-siap-buka-lapak-di-lokasi-tanding-pon-xxi/index.html,acehtrend.com,"Mon, 10 Jun 2024 07:00:00 GMT",high,21,UMKM digital Aceh,Aulia,,2.0,needs_review,neutral,1,0,auto,
2627,"""Tim Koordinasi UMKM dalam laporannya kepada Pj Gubernur Aceh, menyatakan siap berpartisipasi dalam rangka memeriahkan dan mensukseskan event PON XXI Aceh - Sumut,"" jelasnya.","500 UMKM Unggulan di Aceh, Siap Buka Lapak di Lokasi Tanding PON XXI",https://www.acehtrend.com/news/500-umkm-unggulan-di-aceh-siap-buka-lapak-di-lokasi-tanding-pon-xxi/index.html,acehtrend.com,"Mon, 10 Jun 2024 07:00:00 GMT",high,24,UMKM digital Aceh,Aulia,,2.0,needs_review,neutral,1,0,auto,
2629,"Beliau sarankan Tim Koordinasi UMKM Aceh, ber koordinasi kembali dengan dinas/lembaga tehnis yang bertugas sediakan tempat untuk buka lapak dekat lokasi tanding para atlit PON XXI, tutur Iskandar Majid.","500 UMKM Unggulan di Aceh, Siap Buka Lapak di Lokasi Tanding PON XXI",https://www.acehtrend.com/news/500-umkm-unggulan-di-aceh-siap-buka-lapak-di-lokasi-tanding-pon-xxi/index.html,acehtrend.com,"Mon, 10 Jun 2024 07:00:00 GMT",high,29,UMKM digital Aceh,Aulia,,1.0,needs_review,neutral,0,0,auto,
2632,"""Yang menjadi problema kita, kawasannya sudah dijadikan lokasi parkir berbagai instansi/lembaga, sehingga jika dibuka untuk lapak jualan UMKM, kawasan parkirnya jadi terbatas,"" ujarnya.","500 UMKM Unggulan di Aceh, Siap Buka Lapak di Lokasi Tanding PON XXI",https://www.acehtrend.com/news/500-umkm-unggulan-di-aceh-siap-buka-lapak-di-lokasi-tanding-pon-xxi/index.html,acehtrend.com,"Mon, 10 Jun 2024 07:00:00 GMT",medium,23,UMKM digital Aceh,Aulia,,1.0,needs_review,neutral,0,1,auto,
2633,"Keinginan 500 UMKM unggulan untuk buka lapak dagangnya di dekat kawasan tanding para atlet itu, kata Safaruddin dan Rosti, sangat baik, untuk meningkatkan pasar produk UMKM Aceh ke 37 provinsi.","500 UMKM Unggulan di Aceh, Siap Buka Lapak di Lokasi Tanding PON XXI",https://www.acehtrend.com/news/500-umkm-unggulan-di-aceh-siap-buka-lapak-di-lokasi-tanding-pon-xxi/index.html,acehtrend.com,"Mon, 10 Jun 2024 07:00:00 GMT",high,30,UMKM digital Aceh,Aulia,,5.0,needs_review,positive,2,0,auto,
2634,"UMKM Aceh, akan mendapat nilai lebih dan nilai tambah, jika ia berjualan di dekat lokasi tanding para atlet PON XXI. Masa waktu jualannya mencapai 10 hari lebih dan pembelinya sangat banyak.","500 UMKM Unggulan di Aceh, Siap Buka Lapak di Lokasi Tanding PON XXI",https://www.acehtrend.com/news/500-umkm-unggulan-di-aceh-siap-buka-lapak-di-lokasi-tanding-pon-xxi/index.html,acehtrend.com,"Mon, 10 Jun 2024 07:00:00 GMT",high,31,UMKM digital Aceh,Aulia,,2.0,needs_review,neutral,0,0,auto,
2636,"Dinas Koperasi UKM Aceh, kata Samsul Bahri, sebagai pembina UMKM, sangat berkepentingan. Karena dengan banyaknya laku produk UMKM dari Aceh, akan menambah semangat pelaku UMKM di Aceh untuk meningkatkan produksi dan perluasan pasar produk ke depan, dengan sasaran pasar luar Aceh.","500 UMKM Unggulan di Aceh, Siap Buka Lapak di Lokasi Tanding PON XXI",https://www.acehtrend.com/news/500-umkm-unggulan-di-aceh-siap-buka-lapak-di-lokasi-tanding-pon-xxi/index.html,acehtrend.com,"Mon, 10 Jun 2024 07:00:00 GMT",high,41,UMKM digital Aceh,Aulia,,4.0,needs_review,neutral,1,0,auto,
2653,SAPA UMKM Jadi Jembatan UMKM Masuk Pasar Pengadaan Pemerintah,SAPA UMKM Jadi Jembatan UMKM Masuk Pasar Pengadaan Pemerintah,https://dialeksis.com/ekonomi/sapa-umkm-jadi-jembatan-umkm-masuk-pasar-pengadaan-pemerintah/,dialeksis.com,"Tue, 23 Jun 2026 07:00:00 GMT",low,9,UMKM digital Aceh,Aulia,,2.0,needs_review,neutral,0,0,auto,
2655,"Aplikasi ini dirancang sebagai layanan terpadu yang mengintegrasikan data UMKM nasional sekaligus menghubungkan pelaku usaha dengan berbagai program pendampingan, pembiayaan, sertifikasi, pelatihan, hingga peluang pemasaran.",SAPA UMKM Jadi Jembatan UMKM Masuk Pasar Pengadaan Pemerintah,https://dialeksis.com/ekonomi/sapa-umkm-jadi-jembatan-umkm-masuk-pasar-pengadaan-pemerintah/,dialeksis.com,"Tue, 23 Jun 2026 07:00:00 GMT",low,25,UMKM digital Aceh,Aulia,,5.0,needs_review,neutral,1,0,auto,
2658,"Selain menjadi pusat data UMKM, SAPA UMKM tengah dipersiapkan untuk terintegrasi dengan layanan e-purchasing milik LKPP dan platform Pasar Digital (PaDi) UMKM.",SAPA UMKM Jadi Jembatan UMKM Masuk Pasar Pengadaan Pemerintah,https://dialeksis.com/ekonomi/sapa-umkm-jadi-jembatan-umkm-masuk-pasar-pengadaan-pemerintah/,dialeksis.com,"Tue, 23 Jun 2026 07:00:00 GMT",low,22,UMKM digital Aceh,Aulia,,4.0,needs_review,neutral,0,0,auto,
2699,"MODUSACEH.CO, Banda Aceh | Menutup tahun 2024, BSI Aceh melalui BSI UMKM Center Aceh mengadakan seminar untuk pelaku Usaha Mikro, Kecil, dan Menengah (UMKM) dengan tema ""Strategi Optimasi Pertumbuhan Usaha di Era Digitalisasi 2025"".","Tutup Tahun 2024, BSI Aceh Gelar Grand Seminar untuk UMKM",https://modusaceh.co/news/tutup-tahun-2024-bsi-aceh-gelar-grand-seminar-untuk-umkm/index.html,modusaceh.co,2024-12-11,high,34,UMKM digital Aceh,Aulia,,4.0,needs_review,positive,2,0,auto,
2700,"Kegiatan ini berlangsung di Cinema Room, Landmark BSI Aceh. Tujuannya untuk memberikan wawasan dan strategi kepada para pelaku UMKM dalam menghadapi tantangan digitalisasi yang semakin pesat serta mempersiapkan mereka untuk tumbuh dan berkembang di tahun-tahun mendatang.","Tutup Tahun 2024, BSI Aceh Gelar Grand Seminar untuk UMKM",https://modusaceh.co/news/tutup-tahun-2024-bsi-aceh-gelar-grand-seminar-untuk-umkm/index.html,modusaceh.co,2024-12-11,high,36,UMKM digital Aceh,Aulia,,4.0,needs_review,positive,2,1,auto,
2702,"Wachjono, Regional CEO BSI Aceh, mengungkap pentingnya seminar ini sebagai bagian dari tanggung jawab dan komitmen BSI Aceh dalam mendukung perkembangan sektor UMKM di Aceh.","Tutup Tahun 2024, BSI Aceh Gelar Grand Seminar untuk UMKM",https://modusaceh.co/news/tutup-tahun-2024-bsi-aceh-gelar-grand-seminar-untuk-umkm/index.html,modusaceh.co,2024-12-11,high,25,UMKM digital Aceh,Aulia,,2.0,needs_review,positive,2,0,auto,
2703,"Wachjono menekankan. ""Di tengah pesatnya kemajuan teknologi, UMKM harus siap untuk beradaptasi dan memanfaatkan berbagai peluang digital yang ada. BSI Aceh percaya bahwa dengan memberikan pelatihan dan strategi yang tepat, para pelaku UMKM di Aceh dapat mengoptimalkan potensi usaha mereka dan bersaing di pasar yang semakin digital.""","Tutup Tahun 2024, BSI Aceh Gelar Grand Seminar untuk UMKM",https://modusaceh.co/news/tutup-tahun-2024-bsi-aceh-gelar-grand-seminar-untuk-umkm/index.html,modusaceh.co,2024-12-11,high,47,UMKM digital Aceh,Aulia,,3.0,needs_review,positive,4,0,auto,
2710,"Dalam talkshow yang dipandu oleh Teuku Sahreza, para pelaku UMKM mendapatkan wadah untuk mencari solusi dalam meningkatkan kualitas dan produktivitas usaha mereka. Empat mentor berpengalaman di bidang wirausaha turut hadir memberikan pelatihan, yaitu Doctor of Digital Entrepreneurship Coach Faran, Enterpreneur Content Creator Deryansha, Owner Skin Mandatory Vicky Shu, dan Content Creator Monalisa.","Ingin UMKM di Aceh Maju dan Bersaing di Kancah Internasional, AMANAH Gelar Kelas Bisnis",https://acehekspres.com/news/ingin-umkm-di-aceh-maju-dan-bersaing-di-kancah-internasional-amanah-gelar-kelas-bisnis/index.html,acehekspres.com,2024-07-04,medium,52,UMKM digital Aceh,Aulia,,2.0,needs_review,neutral,1,0,auto,
2713,"Sementara Monalisa berbagi kiat agar produk UMKM terlihat menarik melalui fotografi dan videografi, serta konsistensi dalam mengenalkan produk melalui media sosial dan membangun jejaring antar UMKM.","Ingin UMKM di Aceh Maju dan Bersaing di Kancah Internasional, AMANAH Gelar Kelas Bisnis",https://acehekspres.com/news/ingin-umkm-di-aceh-maju-dan-bersaing-di-kancah-internasional-amanah-gelar-kelas-bisnis/index.html,acehekspres.com,2024-07-04,medium,26,UMKM digital Aceh,Aulia,,2.0,needs_review,neutral,0,0,auto,
2715,"""Saat ini, tidak ada penjual yang tidak membuat konten. Teman-teman UMKM bisa mempelajarinya di kelas-kelas yang diadakan oleh AMANAH. Jadi, jangan ragu untuk terus belajar dan mengikuti program-program AMANAH agar UMKM kita semakin maju dan dikenal luas,"" ungkapnya.","Ingin UMKM di Aceh Maju dan Bersaing di Kancah Internasional, AMANAH Gelar Kelas Bisnis",https://acehekspres.com/news/ingin-umkm-di-aceh-maju-dan-bersaing-di-kancah-internasional-amanah-gelar-kelas-bisnis/index.html,acehekspres.com,2024-07-04,medium,38,UMKM digital Aceh,Aulia,,1.0,needs_review,neutral,0,0,auto,
2718,"Tak hanya itu, Deryansha mengapresiasi Presiden Joko Widodo yang telah membangun ekosistem kreatif di Aceh, terutama sektor UMKM, dengan program AMANAH.","Ingin UMKM di Aceh Maju dan Bersaing di Kancah Internasional, AMANAH Gelar Kelas Bisnis",https://acehekspres.com/news/ingin-umkm-di-aceh-maju-dan-bersaing-di-kancah-internasional-amanah-gelar-kelas-bisnis/index.html,acehekspres.com,2024-07-04,high,21,UMKM digital Aceh,Aulia,,2.0,needs_review,neutral,0,0,auto,
2720,"Salah satu peserta, Farhaniza, menilai pelatihan yang diadakan AMANAH ini sangat relevan dengan situasi yang dihadapi UMKM, terutama dalam hal branding dan marketing.","Ingin UMKM di Aceh Maju dan Bersaing di Kancah Internasional, AMANAH Gelar Kelas Bisnis",https://acehekspres.com/news/ingin-umkm-di-aceh-maju-dan-bersaing-di-kancah-internasional-amanah-gelar-kelas-bisnis/index.html,acehekspres.com,2024-07-04,medium,23,UMKM digital Aceh,Aulia,,2.0,needs_review,neutral,0,0,auto,
2721,"Farhaniza merasakan bahwa pelatihan One Day Business Class yang diadakan oleh AMANAH sebenarnya terasa kurang lama karena materi-materinya sangat berbobot. Begitu mendapatkan ilmunya, ia langsung ingin mengimplementasikannya, terutama dalam hal branding dan marketing yang sangat relevan dengan bisnis skincare-nya.","Ingin UMKM di Aceh Maju dan Bersaing di Kancah Internasional, AMANAH Gelar Kelas Bisnis",https://acehekspres.com/news/ingin-umkm-di-aceh-maju-dan-bersaing-di-kancah-internasional-amanah-gelar-kelas-bisnis/index.html,acehekspres.com,2024-07-04,medium,39,UMKM digital Aceh,Aulia,,2.0,needs_review,neutral,0,1,auto,
2722,"Farhaniza mengajak teman-teman untuk bergabung dengan AMANAH karena program ini berbeda dengan program-program pemerintah lainnya. AMANAH benar-benar memberikan sesuatu yang bermanfaat dan dapat langsung diimplementasikan dengan hasil yang terlihat nyata. Sejak hari pertama mengikuti program AMANAH, ia langsung merasakan manfaat dan exposure-nya.","Ingin UMKM di Aceh Maju dan Bersaing di Kancah Internasional, AMANAH Gelar Kelas Bisnis",https://acehekspres.com/news/ingin-umkm-di-aceh-maju-dan-bersaing-di-kancah-internasional-amanah-gelar-kelas-bisnis/index.html,acehekspres.com,2024-07-04,medium,42,UMKM digital Aceh,Aulia,,1.0,needs_review,neutral,1,0,auto,
2723,"Teman-teman, ayo gabung AMANAH karena ini benar-benar memberikan sesuatu yang bermanfaat, pungkasnya.","Ingin UMKM di Aceh Maju dan Bersaing di Kancah Internasional, AMANAH Gelar Kelas Bisnis",https://acehekspres.com/news/ingin-umkm-di-aceh-maju-dan-bersaing-di-kancah-internasional-amanah-gelar-kelas-bisnis/index.html,acehekspres.com,2024-07-04,medium,12,UMKM digital Aceh,Aulia,,0.0,needs_review,neutral,1,0,auto,
2725,"MANAH bukan hanya sekadar bangunan fisik, melainkan menjadi wadah bagi anak muda Aceh untuk mengembangkan potensi dan kreativitasnya. Dengan berbagai fasilitas dan program, AMANAH diharapkan dapat menjadi katalisator bagi kemajuan di berbagai sektor, seperti perkebunan, pertanian, perikanan, termasuk teknologi hingga pengembangan UMKM.","Ingin UMKM di Aceh Maju dan Bersaing di Kancah Internasional, AMANAH Gelar Kelas Bisnis",https://acehekspres.com/news/ingin-umkm-di-aceh-maju-dan-bersaing-di-kancah-internasional-amanah-gelar-kelas-bisnis/index.html,acehekspres.com,2024-07-04,high,42,UMKM digital Aceh,Aulia,,2.0,needs_review,positive,3,0,auto,
2727,Banda Aceh (ANTARA) - Bank Indonesia Provinsi Aceh menggelar Aceh Economic Forum dengan tema Strategi Peningkatan Ekonomi Syariah melalui Pengembangan Hiliriasi Produk UMKM yang Kompetitif dan Menjadi Bagian dari Global Halal Value Chain untuk mendorong produk UMKM Aceh masuk ke dalam rantai nilai halal global atau global halal value chain.,Aceh Economic Forum: BI Aceh dorong hiliriasi produk UMKM masuk ke rantai nilai halal global,https://aceh.antaranews.com/berita/392945/aceh-economic-forum-bi-aceh-dorong-hiliriasi-produk-umkm-masuk-ke-rantai-nilai-halal-global?page=all,aceh.antaranews.com,"Fri, 26 Sep 2025 07:00:00 GMT",high,50,UMKM digital Aceh,Aulia,,2.0,needs_review,positive,2,0,auto,
2729,"Seperti yang kita tahu bersama, UMKM merupakan tulang punggung bagi perekonomian kita. Lebih dari 60 persen PDB Aceh itudi-supportoleh UMKM. Jadi, ini memang luar biasa. Namun, kita tahu UMKM masih menghadapi banyak kendala. Karena itu, pada kesempatan ini kami menggelar Aceh Economic Forum dengan harapan dapat memberikan sumbangsih untuk perekonomian Aceh, katanya.",Aceh Economic Forum: BI Aceh dorong hiliriasi produk UMKM masuk ke rantai nilai halal global,https://aceh.antaranews.com/berita/392945/aceh-economic-forum-bi-aceh-dorong-hiliriasi-produk-umkm-masuk-ke-rantai-nilai-halal-global?page=all,aceh.antaranews.com,"Fri, 26 Sep 2025 07:00:00 GMT",high,52,UMKM digital Aceh,Aulia,,0.0,needs_review,neutral,1,1,auto,
2733,"Kita terus berkomitmen agar potensi Aceh dengan jumlah penduduk terbanyak dapat menjadi pemain bukan hanya penonton, katanya.",Aceh Economic Forum: BI Aceh dorong hiliriasi produk UMKM masuk ke rantai nilai halal global,https://aceh.antaranews.com/berita/392945/aceh-economic-forum-bi-aceh-dorong-hiliriasi-produk-umkm-masuk-ke-rantai-nilai-halal-global?page=all,aceh.antaranews.com,"Fri, 26 Sep 2025 07:00:00 GMT",high,17,UMKM digital Aceh,Aulia,,0.0,needs_review,neutral,1,0,auto,
2736,"Kegiatan Aceh Economic Forum ini juga menghadirkan Pembina Industri Ahli Madya Kementerian Industri, Indra Akbar Maulana, Founder Capli dan Dirut PT Rayeuk Aceh Utama, Fitriana, Ketua Pengurus Koperasi Kopi Baitul Qiradh (KBQ) Baburrayyan, Riswandi, dan Direktur Atsiri Research Centre Universitas Syiah Kuala Banda Aceh, Syaifullah Muhammad.",Aceh Economic Forum: BI Aceh dorong hiliriasi produk UMKM masuk ke rantai nilai halal global,https://aceh.antaranews.com/berita/392945/aceh-economic-forum-bi-aceh-dorong-hiliriasi-produk-umkm-masuk-ke-rantai-nilai-halal-global?page=all,aceh.antaranews.com,"Fri, 26 Sep 2025 07:00:00 GMT",high,46,UMKM digital Aceh,Aulia,,2.0,needs_review,neutral,0,0,auto,
2739,"Karena itu, dia pun mendorong pelaku industri di Aceh untuk meningkatkan inovasi dan berfokus dalam menciptakan produk bahan baku yang diperlukan oleh industri besar.",Aceh Economic Forum: BI Aceh dorong hiliriasi produk UMKM masuk ke rantai nilai halal global,https://aceh.antaranews.com/berita/392945/aceh-economic-forum-bi-aceh-dorong-hiliriasi-produk-umkm-masuk-ke-rantai-nilai-halal-global?page=all,aceh.antaranews.com,"Fri, 26 Sep 2025 07:00:00 GMT",high,24,UMKM digital Aceh,Aulia,,2.0,needs_review,positive,3,0,auto,
2740,"Di Aceh kita punya sumber daya alam melimpah. Tapi, bagaimana agar sumber daya tersebut dapat diolah menjadi produk baku misalnya seperti gurita dapat diolah menjadi sasimi gurita, frozen food, takoyaki, atau hal lainnya yang dibutuhkan buyer, katanya.",Aceh Economic Forum: BI Aceh dorong hiliriasi produk UMKM masuk ke rantai nilai halal global,https://aceh.antaranews.com/berita/392945/aceh-economic-forum-bi-aceh-dorong-hiliriasi-produk-umkm-masuk-ke-rantai-nilai-halal-global?page=all,aceh.antaranews.com,"Fri, 26 Sep 2025 07:00:00 GMT",high,37,UMKM digital Aceh,Aulia,,2.0,needs_review,neutral,0,0,auto,
2804,"Masalah lain yang sering dihadapi pelaku UMKM adalah pengelolaan usaha yang belum rapi. Banyak pelaku usaha belum terbiasa membuat pencatatan keuangan, belum memiliki izin usaha lengkap, dan masih lemah dalam hal pemasaran digital. Akibatnya, UMKM sulit berkembang lebih besar dan belum siap masuk ke pasar modern atau bermitra dengan lembaga yang lebih besar.","UMKM Banda Aceh, Siapkah Naik Kelas?",https://rri.co.id/banda-aceh/umkm/2059975/umkm-banda-aceh-siapkah-naik-kelas,rri.co.id,"Tue, 23 Dec 2025 08:00:00 GMT",medium,53,UMKM digital Aceh,Aulia,,3.0,needs_review,negative,1,2,auto,
2810,"Pada akhirnya, tantangan UMKM Banda Aceh bukan lagi soal jumlah, melainkan kesiapan untuk tumbuh lebih besar, lebih profesional, dan lebih berdaya saing.","UMKM Banda Aceh, Siapkah Naik Kelas?",https://rri.co.id/banda-aceh/umkm/2059975/umkm-banda-aceh-siapkah-naik-kelas,rri.co.id,"Tue, 23 Dec 2025 08:00:00 GMT",high,22,UMKM digital Aceh,Aulia,,2.0,needs_review,neutral,1,1,auto,
2833,"Transformasi tersebut, kata dia, menjadi penting di tengah upaya memperkuat kemandirian ekonomi daerah yang berbasis potensi lokal, mulai dari sektor pertanian, kelautan, hingga usaha mikro di tingkat desa. Pemerintah menilai koperasi dapat menjadi instrumen strategis untuk memperpendek rantai distribusi sekaligus meningkatkan nilai tambah ekonomi masyarakat.",Aceh Dorong Transformasi Koperasi Jadi Pilar Ekonomi Digital dan Inklusif,https://infopublik.id/kategori/nusantara/965378/aceh-dorong-transformasi-koperasi-jadi-pilar-ekonomi-digital-dan-inklusif,infopublik.id,"Fri, 10 Apr 2026 12:20:02 GMT",medium,45,ekonomi digital Aceh,Aulia,,2.0,needs_review,positive,3,0,auto,
2834,"""Salah satu langkah yang didorong adalah reaktivasi koperasi desa melalui Program Koperasi Desa Merah Putih. Program ini menyasar koperasi yang sebelumnya tidak aktif untuk kembali dihidupkan melalui pendekatan penataan ulang organisasi dan penguatan tata kelola,"" ujar Reza, Kamis (9/4/2026).",Aceh Dorong Transformasi Koperasi Jadi Pilar Ekonomi Digital dan Inklusif,https://infopublik.id/kategori/nusantara/965378/aceh-dorong-transformasi-koperasi-jadi-pilar-ekonomi-digital-dan-inklusif,infopublik.id,"Fri, 10 Apr 2026 12:20:02 GMT",medium,39,ekonomi digital Aceh,Aulia,,0.0,needs_review,neutral,0,1,auto,
2835,"Upaya ini, kata dia, diharapkan dapat menekan biaya transaksi ekonomi sekaligus meningkatkan efisiensi distribusi di tingkat lokal.",Aceh Dorong Transformasi Koperasi Jadi Pilar Ekonomi Digital dan Inklusif,https://infopublik.id/kategori/nusantara/965378/aceh-dorong-transformasi-koperasi-jadi-pilar-ekonomi-digital-dan-inklusif,infopublik.id,"Fri, 10 Apr 2026 12:20:02 GMT",medium,17,ekonomi digital Aceh,Aulia,,2.0,needs_review,neutral,1,0,auto,
2836,"Banyak koperasi yang sebelumnya vakum kini kita dorong untuk aktif kembali. Ini bukan hanya soal menghidupkan lembaga, tetapi membangun kembali kepercayaan masyarakat terhadap koperasi, jelasnya.",Aceh Dorong Transformasi Koperasi Jadi Pilar Ekonomi Digital dan Inklusif,https://infopublik.id/kategori/nusantara/965378/aceh-dorong-transformasi-koperasi-jadi-pilar-ekonomi-digital-dan-inklusif,infopublik.id,"Fri, 10 Apr 2026 12:20:02 GMT",medium,25,ekonomi digital Aceh,Aulia,,0.0,needs_review,neutral,0,0,auto,
2839,"Dengan sistem digital, kita bisa memastikan setiap kebijakan tepat sasaran. Data menjadi fondasi utama dalam pengambilan keputusan, kata Reza.",Aceh Dorong Transformasi Koperasi Jadi Pilar Ekonomi Digital dan Inklusif,https://infopublik.id/kategori/nusantara/965378/aceh-dorong-transformasi-koperasi-jadi-pilar-ekonomi-digital-dan-inklusif,infopublik.id,"Fri, 10 Apr 2026 12:20:02 GMT",medium,19,ekonomi digital Aceh,Aulia,,2.0,needs_review,neutral,0,0,auto,
2840,"Tak hanya itu, Pemerintah Aceh juga memperkuat kapasitas sumber daya manusia koperasi melalui skema pendampingan Kakak Asuh. Pendekatan ini menekankan transfer pengetahuan dan pengalaman manajerial antar pelaku usaha, termasuk penguatan kepemimpinan dan tata kelola organisasi.",Aceh Dorong Transformasi Koperasi Jadi Pilar Ekonomi Digital dan Inklusif,https://infopublik.id/kategori/nusantara/965378/aceh-dorong-transformasi-koperasi-jadi-pilar-ekonomi-digital-dan-inklusif,infopublik.id,"Fri, 10 Apr 2026 12:20:02 GMT",high,35,ekonomi digital Aceh,Aulia,,3.0,needs_review,neutral,0,0,auto,
2841,"Dalam penguatan SDM tersebut, pemerintah turut melibatkan berbagai pihak, termasuk kementerian terkait, untuk menghadirkan manajer profesional yang diharapkan mampu membawa disiplin kerja dan manajemen yang lebih adaptif. Integrasi tenaga P3K juga menjadi bagian dari upaya memperkuat operasional koperasi di lapangan.",Aceh Dorong Transformasi Koperasi Jadi Pilar Ekonomi Digital dan Inklusif,https://infopublik.id/kategori/nusantara/965378/aceh-dorong-transformasi-koperasi-jadi-pilar-ekonomi-digital-dan-inklusif,infopublik.id,"Fri, 10 Apr 2026 12:20:02 GMT",medium,40,ekonomi digital Aceh,Aulia,,2.0,needs_review,neutral,0,0,auto,
2842,"Transformasi koperasi di Aceh bukan sekadar mengaktifkan kembali lembaga yang ada, tetapi membangun sistem ekonomi baru yang berbasis kolaborasi, profesionalisme, dan teknologi, sebutnya.",Aceh Dorong Transformasi Koperasi Jadi Pilar Ekonomi Digital dan Inklusif,https://infopublik.id/kategori/nusantara/965378/aceh-dorong-transformasi-koperasi-jadi-pilar-ekonomi-digital-dan-inklusif,infopublik.id,"Fri, 10 Apr 2026 12:20:02 GMT",high,23,ekonomi digital Aceh,Aulia,,2.0,needs_review,neutral,1,0,auto,
2844,"Di sektor kelautan, pembangunan Stasiun Pengisian Bahan Bakar Umum Nelayan (SPBUN) menjadi salah satu intervensi strategis untuk menekan biaya operasional nelayan. Kebijakan ini dinilai dapat memperkuat daya saing ekonomi pesisir sekaligus menjaga stabilitas biaya produksi.",Aceh Dorong Transformasi Koperasi Jadi Pilar Ekonomi Digital dan Inklusif,https://infopublik.id/kategori/nusantara/965378/aceh-dorong-transformasi-koperasi-jadi-pilar-ekonomi-digital-dan-inklusif,infopublik.id,"Fri, 10 Apr 2026 12:20:02 GMT",medium,35,ekonomi digital Aceh,Aulia,,2.0,needs_review,neutral,1,0,auto,
2845,"Intervensi seperti SPBUN sangat penting untuk menjaga stabilitas biaya produksi nelayan. Ini bagian dari strategi besar memperkuat ekonomi berbasis komunitas, ujar Reza.",Aceh Dorong Transformasi Koperasi Jadi Pilar Ekonomi Digital dan Inklusif,https://infopublik.id/kategori/nusantara/965378/aceh-dorong-transformasi-koperasi-jadi-pilar-ekonomi-digital-dan-inklusif,infopublik.id,"Fri, 10 Apr 2026 12:20:02 GMT",medium,22,ekonomi digital Aceh,Aulia,,2.0,needs_review,neutral,0,0,auto,
2848,Sinergi data BPS dan kebijakan Asta Cita kunci akselerasi ekonomi digital.,Strategi Transformasi Ekonomi Digital Aceh: Menuju Pusat Talenta Global,https://bernas.id/nasional/news/strategi-transformasi-ekonomi-digital-aceh-talenta-global,bernas.id,"Mon, 13 Apr 2026 07:00:00 GMT",medium,11,ekonomi digital Aceh,Aulia,,2.0,needs_review,neutral,0,0,auto,
2849,Bayangkan seorang pemuda di Lhokseumawe harus memanjat pohon atau berkendara puluhan kilometer hanya untuk mengirim file portofolio ke klien di London.,Strategi Transformasi Ekonomi Digital Aceh: Menuju Pusat Talenta Global,https://bernas.id/nasional/news/strategi-transformasi-ekonomi-digital-aceh-talenta-global,bernas.id,"Mon, 13 Apr 2026 07:00:00 GMT",high,21,ekonomi digital Aceh,Aulia,,0.0,needs_review,neutral,0,0,auto,
2850,"Ini bukan adegan film petualangan, melainkan realitas pahit yang masih menghantui beberapa titik di Aceh di tengah gegap gempita revolusi industri 4.0.",Strategi Transformasi Ekonomi Digital Aceh: Menuju Pusat Talenta Global,https://bernas.id/nasional/news/strategi-transformasi-ekonomi-digital-aceh-talenta-global,bernas.id,"Mon, 13 Apr 2026 07:00:00 GMT",high,22,ekonomi digital Aceh,Aulia,,0.0,needs_review,neutral,0,0,auto,
2851,"Padahal, potensi intelektual anak muda Aceh tidak perlu diragukan lagi, namun tanpa infrastruktur mumpuni, talenta ini layaknya pedang tajam yang hanya tersimpan di dalam sarung yang berkarat.",Strategi Transformasi Ekonomi Digital Aceh: Menuju Pusat Talenta Global,https://bernas.id/nasional/news/strategi-transformasi-ekonomi-digital-aceh-talenta-global,bernas.id,"Mon, 13 Apr 2026 07:00:00 GMT",high,27,ekonomi digital Aceh,Aulia,,2.0,needs_review,neutral,1,0,auto,
2852,Apakah kita hanya akan diam melihat potensi emas ini menguap begitu saja ke daerah lain yang lebih siap secara infrastruktur?,Strategi Transformasi Ekonomi Digital Aceh: Menuju Pusat Talenta Global,https://bernas.id/nasional/news/strategi-transformasi-ekonomi-digital-aceh-talenta-global,bernas.id,"Mon, 13 Apr 2026 07:00:00 GMT",medium,20,ekonomi digital Aceh,Aulia,,2.0,needs_review,neutral,1,0,auto,
2853,Menggugat Lambatnya Penetrasi Digital di Tanah Rencong.,Strategi Transformasi Ekonomi Digital Aceh: Menuju Pusat Talenta Global,https://bernas.id/nasional/news/strategi-transformasi-ekonomi-digital-aceh-talenta-global,bernas.id,"Mon, 13 Apr 2026 07:00:00 GMT",high,7,ekonomi digital Aceh,Aulia,,2.0,needs_review,neutral,0,1,auto,
2856,Kita menantang para pemangku kebijakan di Aceh: Di mana cetak biru ekonomi digital yang konkret untuk pemuda gampong?,Strategi Transformasi Ekonomi Digital Aceh: Menuju Pusat Talenta Global,https://bernas.id/nasional/news/strategi-transformasi-ekonomi-digital-aceh-talenta-global,bernas.id,"Mon, 13 Apr 2026 07:00:00 GMT",high,18,ekonomi digital Aceh,Aulia,,2.0,needs_review,neutral,0,0,auto,
2891,"Direktur Konten Digital Kemenekraf RI Yuana Rochma Astuti mengatakan pemulihan pascabencana tidak hanya membutuhkan perbaikan infrastruktur, tetapi juga pembekalan produktif agar masyarakat dapat kembali menjalankan kegiatan ekonomi.","Perkuat keterampilan digital, Shopee-Kemenekraf latih 120 warga Sumatra terdampak bencana",https://aceh.antaranews.com/berita/410249/perkuat-keterampilan-digital-shopee-kemenekraf-latih-120-warga-sumatra-terdampak-bencana,aceh.antaranews.com,"Mon, 31 Aug 2026 09:35:11 GMT",low,27,ekonomi digital Aceh,Aulia,,2.0,needs_review,neutral,0,0,auto,
2892,"Dukungan pemulihan pascabencana tidak hanya diberikan melalui perbaikan infrastruktur, tetapi penting juga untuk memberikan bekal produktif agar masyarakat dapat memanfaatkan setiap peluang ekonomi secara optimal, katanya dalam keterangan di Jakarta, Senin.","Perkuat keterampilan digital, Shopee-Kemenekraf latih 120 warga Sumatra terdampak bencana",https://aceh.antaranews.com/berita/410249/perkuat-keterampilan-digital-shopee-kemenekraf-latih-120-warga-sumatra-terdampak-bencana,aceh.antaranews.com,"Mon, 31 Aug 2026 09:35:11 GMT",low,31,ekonomi digital Aceh,Aulia,,2.0,needs_review,positive,3,0,auto,
2894,Deputy Director of Government Relations Shopee Indonesia Balques Manisang mengatakan penguatan keterampilan digital menjadi salah satu upaya perusahaan mendukung ketahanan ekonomi masyarakat Sumatra.,"Perkuat keterampilan digital, Shopee-Kemenekraf latih 120 warga Sumatra terdampak bencana",https://aceh.antaranews.com/berita/410249/perkuat-keterampilan-digital-shopee-kemenekraf-latih-120-warga-sumatra-terdampak-bencana,aceh.antaranews.com,"Mon, 31 Aug 2026 09:35:11 GMT",low,23,ekonomi digital Aceh,Aulia,,2.0,needs_review,neutral,1,0,auto,
2895,"Pelatihan Gen Matic ini diharapkan dapat membekali teman-teman di Sumatra dengan teori dan pengetahuan praktis yang dapat langsung diterapkan untuk memulai langkah produktif di sektor ekonomi digital, ujarnya.","Perkuat keterampilan digital, Shopee-Kemenekraf latih 120 warga Sumatra terdampak bencana",https://aceh.antaranews.com/berita/410249/perkuat-keterampilan-digital-shopee-kemenekraf-latih-120-warga-sumatra-terdampak-bencana,aceh.antaranews.com,"Mon, 31 Aug 2026 09:35:11 GMT",low,28,ekonomi digital Aceh,Aulia,,2.0,needs_review,neutral,0,1,auto,
2896,"Kepala Dinas Pariwisata Kota Bukittinggi Rofie Hendria menilai ekonomi digital dapat menjadi katalis bagi penguatan ekonomi daerah, khususnya ketika aktivitas ekonomi lokal menghadapi tekanan.","Perkuat keterampilan digital, Shopee-Kemenekraf latih 120 warga Sumatra terdampak bencana",https://aceh.antaranews.com/berita/410249/perkuat-keterampilan-digital-shopee-kemenekraf-latih-120-warga-sumatra-terdampak-bencana,aceh.antaranews.com,"Mon, 31 Aug 2026 09:35:11 GMT",low,24,ekonomi digital Aceh,Aulia,,2.0,needs_review,neutral,0,0,auto,
2940,"BI Aceh Gelar Meuseuraya Festival 2025, Dorong Ekonomi Syariah yang Inklusif dan Digital","BI Aceh Gelar Meuseuraya Festival 2025, Dorong Ekonomi Syariah yang Inklusif dan Digital",https://dialeksis.com/ekonomi/bi-aceh-gelar-meuseuraya-festival-2025-dorong-ekonomi-syariah-yang-inklusif-dan-digital/,dialeksis.com,"Thu, 25 Sep 2025 07:00:00 GMT",high,13,ekonomi digital Aceh,Aulia,,2.0,needs_review,neutral,0,0,auto,
2942,"Festival ini berlangsung selama lima hari, mulai Rabu hingga Minggu, 24 - 28 September 2025, di Balee Meuseuraya Aceh (BMA), Banda Aceh.","BI Aceh Gelar Meuseuraya Festival 2025, Dorong Ekonomi Syariah yang Inklusif dan Digital",https://dialeksis.com/ekonomi/bi-aceh-gelar-meuseuraya-festival-2025-dorong-ekonomi-syariah-yang-inklusif-dan-digital/,dialeksis.com,"Thu, 25 Sep 2025 07:00:00 GMT",high,22,ekonomi digital Aceh,Aulia,,0.0,needs_review,neutral,0,0,auto,
2943,"Meuseuraya sendiri berarti gotong royong dalam bahasa Aceh, menggambarkan semangat kebersamaan yang ingin dibangun melalui festival ini.","BI Aceh Gelar Meuseuraya Festival 2025, Dorong Ekonomi Syariah yang Inklusif dan Digital",https://dialeksis.com/ekonomi/bi-aceh-gelar-meuseuraya-festival-2025-dorong-ekonomi-syariah-yang-inklusif-dan-digital/,dialeksis.com,"Thu, 25 Sep 2025 07:00:00 GMT",high,17,ekonomi digital Aceh,Aulia,,0.0,needs_review,neutral,0,0,auto,
2944,"Kepala Perwakilan Bank Indonesia Provinsi Aceh, Agus Chusaini, mengatakan, Festival ini menjadi wadah bagi insan kreatif Aceh untuk belajar, berkarya, dan menyalurkan gagasan dalam berbagai bidang, mulai dari UMKM hingga kebudayaan Islami.","BI Aceh Gelar Meuseuraya Festival 2025, Dorong Ekonomi Syariah yang Inklusif dan Digital",https://dialeksis.com/ekonomi/bi-aceh-gelar-meuseuraya-festival-2025-dorong-ekonomi-syariah-yang-inklusif-dan-digital/,dialeksis.com,"Thu, 25 Sep 2025 07:00:00 GMT",high,32,ekonomi digital Aceh,Aulia,,1.0,needs_review,neutral,0,0,auto,
2945,"Pada malam pembukaan, penonton disuguhi Tarian Kolosal Ratoh Jaroe yang melibatkan ratusan penari, menampilkan kekompakan dan kebersamaan khas budaya Aceh. Selain itu, ada juga pagelaran busana Islami Aceh Fashion Collaboration yang menampilkan karya para desainer lokal dengan sentuhan budaya Aceh kontemporer.","BI Aceh Gelar Meuseuraya Festival 2025, Dorong Ekonomi Syariah yang Inklusif dan Digital",https://dialeksis.com/ekonomi/bi-aceh-gelar-meuseuraya-festival-2025-dorong-ekonomi-syariah-yang-inklusif-dan-digital/,dialeksis.com,"Thu, 25 Sep 2025 07:00:00 GMT",high,41,ekonomi digital Aceh,Aulia,,0.0,needs_review,neutral,0,0,auto,
2946,"Selama lima hari, festival menghadirkan berbagai kegiatan edukatif dan inspiratif, di antaranya expo dan bazaar UMKM dengan tema khas Aceh seperti Kupie Nanggroe (kopi), Kuliner Nanggroe (makanan khas), Kreasi Nanggroe (produk kreatif), Aroma Nanggroe (parfum), serta Galeri Kriya dan Wastra Aceh.","BI Aceh Gelar Meuseuraya Festival 2025, Dorong Ekonomi Syariah yang Inklusif dan Digital",https://dialeksis.com/ekonomi/bi-aceh-gelar-meuseuraya-festival-2025-dorong-ekonomi-syariah-yang-inklusif-dan-digital/,dialeksis.com,"Thu, 25 Sep 2025 07:00:00 GMT",high,41,ekonomi digital Aceh,Aulia,,2.0,needs_review,neutral,0,0,auto,
2949,"Tidak hanya itu, festival ini juga menjadi ajang kompetisi seni dan budaya, termasuk lomba tari Ratoh Jaroe, lomba nasyid Islami, hingga berbagai kompetisi komunitas seperti QRIS Hip Hop Competition; Lomba Rangking 1 Cinta, Bangga, Paham (CBP) Rupiah; Kejuaraan Sepatu Roda Open Tournament; Meuseuraya Festival X Cross Competition; dan Perlombaan mewarnai untuk anak-anak.","BI Aceh Gelar Meuseuraya Festival 2025, Dorong Ekonomi Syariah yang Inklusif dan Digital",https://dialeksis.com/ekonomi/bi-aceh-gelar-meuseuraya-festival-2025-dorong-ekonomi-syariah-yang-inklusif-dan-digital/,dialeksis.com,"Thu, 25 Sep 2025 07:00:00 GMT",medium,52,ekonomi digital Aceh,Aulia,,3.0,needs_review,neutral,1,0,auto,
2951,"Meuseuraya Festival bukan hanya sekadar acara, tapi momentum untuk memperkuat sinergi antara pemerintah, pelaku usaha, dan masyarakat dalam membangun ekonomi Aceh yang berkelanjutan dan berbasis syariah. ucap Agus.","BI Aceh Gelar Meuseuraya Festival 2025, Dorong Ekonomi Syariah yang Inklusif dan Digital",https://dialeksis.com/ekonomi/bi-aceh-gelar-meuseuraya-festival-2025-dorong-ekonomi-syariah-yang-inklusif-dan-digital/,dialeksis.com,"Thu, 25 Sep 2025 07:00:00 GMT",high,28,ekonomi digital Aceh,Aulia,,1.0,needs_review,neutral,0,0,auto,
2952,"Sejak pertama kali digelar tahun 2023, Meuseuraya Festival konsisten menjadi ruang inspirasi yang inklusif bagi UMKM, komunitas, serta insan kreatif di Aceh. Pada tahun 2025 ini, kami berharap festival ini dapat memberikan dampak lebih luas dalam memperkuat ekonomi dan keuangan syariah, mendorong UMKM naik kelas, sekaligus memperlihatkan kekayaan budaya Aceh yang bernilai ekonomi tinggi, pungkasnya.","BI Aceh Gelar Meuseuraya Festival 2025, Dorong Ekonomi Syariah yang Inklusif dan Digital",https://dialeksis.com/ekonomi/bi-aceh-gelar-meuseuraya-festival-2025-dorong-ekonomi-syariah-yang-inklusif-dan-digital/,dialeksis.com,"Thu, 25 Sep 2025 07:00:00 GMT",high,55,ekonomi digital Aceh,Aulia,,2.0,needs_review,neutral,1,0,auto,
3000,Wakil Menteri Komunikasi dan Informatika Nezar Patria menyatakan Aceh memiliki potensi lebih maju dalam penerapan keuangan syariah digital.,Wamen Nezar Patria Dukung Penerapan Keuangan Syariah Digital di Aceh,https://sudutberita.id/2024/08/06/wamen-nezar-patria-dukung-penerapan-keuangan-syariah-digital-di-aceh/,sudutberita.id,2024-08-06,high,18,ekonomi digital Aceh,Aulia,,2.0,needs_review,neutral,1,0,auto,
3003,"Di era serba digital ini kita melihat bagaimana ekonomi syariah memiliki kesempatan yang lebih besar untuk memberikan kebermanfaatan bagi masyarakat luas melalui kemudahan dan kecepatan transaksi. Sehingga bisa memberikan manfaat yang luas bagi masyarakat, jelasnya.",Wamen Nezar Patria Dukung Penerapan Keuangan Syariah Digital di Aceh,https://sudutberita.id/2024/08/06/wamen-nezar-patria-dukung-penerapan-keuangan-syariah-digital-di-aceh/,sudutberita.id,2024-08-06,medium,35,ekonomi digital Aceh,Aulia,,2.0,needs_review,neutral,1,0,auto,
3006,Wamen Nezar Patria menegaskan ekonomi syariah telah menjadi salah satu varian ekonomi yang cukup diminati.,Wamen Nezar Patria Dukung Penerapan Keuangan Syariah Digital di Aceh,https://sudutberita.id/2024/08/06/wamen-nezar-patria-dukung-penerapan-keuangan-syariah-digital-di-aceh/,sudutberita.id,2024-08-06,medium,15,ekonomi digital Aceh,Aulia,,0.0,needs_review,neutral,0,0,auto,
3007,"Tentu saja Indonesia dengan mayoritas populasi muslim menjadi salah satu potensi yang besar untuk pengembangan ekonomi syariah di tataran global setelah Malaysia, Arab Saudi dan Uni Emirat Arab yang mengadopsi ekonomi syariah, tandasnya.",Wamen Nezar Patria Dukung Penerapan Keuangan Syariah Digital di Aceh,https://sudutberita.id/2024/08/06/wamen-nezar-patria-dukung-penerapan-keuangan-syariah-digital-di-aceh/,sudutberita.id,2024-08-06,medium,33,ekonomi digital Aceh,Aulia,,0.0,needs_review,positive,2,0,auto,
3009,"FGD diawali dengan opening welcoming remarks oleh Kepala Perwakilan Bank Indonesia Provinsi Aceh Rony Widijarto, opening speech Deputi Bisnis PT Pegadaian Kantor Area Aceh Rahmat Hidayat, dan keynote speech Wamenkominfo Nezar Patria.",Wamen Nezar Patria Dukung Penerapan Keuangan Syariah Digital di Aceh,https://sudutberita.id/2024/08/06/wamen-nezar-patria-dukung-penerapan-keuangan-syariah-digital-di-aceh/,sudutberita.id,2024-08-06,high,32,ekonomi digital Aceh,Aulia,,1.0,needs_review,neutral,0,0,auto,
3015,"RRI. CO. ID, Banda Aceh Masyarakat Ekonomi Syariah (MES) Aceh Besar terus mendorong penguatan literasi ekonomi dan keuangan syariah agar memberikan manfaat nyata bagi masyarakat. Hal tersebut disampaikan dalam program Ekonomi Digital RRI Banda Aceh, Jumat (28/8/2026), bersama Ketua MES Aceh Besar Amalia, S.H., M.Ag., dan Ketua Dewan Pakar MES Aceh Besar Prof. Dr. Hafas Furqani, M.Ec.",Hilirisasi Didorong Perkuat Ekonomi Syariah Aceh,https://rri.co.id/banda-aceh/asta-cita/2690438/hilirisasi-didorong-perkuat-ekonomi-syariah-aceh,rri.co.id,"Sat, 29 Aug 2026 22:18:00 GMT",high,57,ekonomi digital Aceh,Aulia,,2.0,needs_review,positive,2,0,auto,
3018,"Masyarakat Ekonomi Syariah (MES) Aceh Besar terus mendorong penguatan literasi ekonomi dan keuangan syariah agar memberikan manfaat nyata bagi masyarakat. Hal tersebut disampaikan dalam program Ekonomi Digital RRI Banda Aceh, Jumat (28/8), bersama Ketua MES Aceh Besar Amalia, S.H., M.Ag., dan Ketua Dewan Pakar MES Aceh Besar Prof. Dr. Hafas Furqani, M.Ec. Foto : RRI/Lis",Hilirisasi Didorong Perkuat Ekonomi Syariah Aceh,https://rri.co.id/banda-aceh/asta-cita/2690438/hilirisasi-didorong-perkuat-ekonomi-syariah-aceh,rri.co.id,"Sat, 29 Aug 2026 22:18:00 GMT",high,55,ekonomi digital Aceh,Aulia,,2.0,needs_review,positive,2,0,auto,
3019,"Sementara itu, Ketua Dewan Pakar MES Aceh Besar Prof. Dr. Hafas Furqani, M.Ec., menilai perkembangan ekonomi syariah di Aceh cukup positif. Menurutnya, Aceh Besar memiliki potensi besar pada sektor pertanian, UMKM, dan pesantren yang perlu diarahkan untuk menggerakkan sektor riil. Digitalisasi juga dinilai dapat memperluas pasar, mempermudah transaksi, dan memperbaiki pencatatan keuangan pelaku usaha.",Hilirisasi Didorong Perkuat Ekonomi Syariah Aceh,https://rri.co.id/banda-aceh/asta-cita/2690438/hilirisasi-didorong-perkuat-ekonomi-syariah-aceh,rri.co.id,"Sat, 29 Aug 2026 22:18:00 GMT",high,54,ekonomi digital Aceh,Aulia,,4.0,needs_review,positive,2,0,auto,
3047,"Penggunaan layanan digital cukup banyak, tetapi bagaimana memahami risikonya masih perlu diperjuangkan, kata Hendra dalam Dialog Beranda Asta Cita RRI Banda Aceh Jumat 21 Agustus 2026.",Literasi Keuangan Digital Masyarakat Aceh Perlu Diperkuat,https://rri.co.id/banda-aceh/ekonomi/keuangan/2685622/literasi-keuangan-digital-masyarakat-aceh-perlu-diperkuat,rri.co.id,"Thu, 27 Aug 2026 14:33:00 GMT",high,26,ekonomi digital Aceh,Aulia,,2.0,needs_review,neutral,0,0,auto,
3048,"Ia menjelaskan, literasi keuangan digital tidak hanya berkaitan dengan kemampuan menggunakan aplikasi. Masyarakat juga perlu memahami produk keuangan, cara kerja transaksi, keamanan siber, serta mampu mengambil keputusan berdasarkan pertimbangan risiko.",Literasi Keuangan Digital Masyarakat Aceh Perlu Diperkuat,https://rri.co.id/banda-aceh/ekonomi/keuangan/2685622/literasi-keuangan-digital-masyarakat-aceh-perlu-diperkuat,rri.co.id,"Thu, 27 Aug 2026 14:33:00 GMT",medium,30,ekonomi digital Aceh,Aulia,,4.0,needs_review,neutral,0,0,auto,
3050,"Ia juga memperkenalkan prinsip 2L, yakni legal dan logis, sebagai salah satu langkah sederhana yang dapat digunakan masyarakat dalam menyaring berbagai tawaran keuangan digital.",Literasi Keuangan Digital Masyarakat Aceh Perlu Diperkuat,https://rri.co.id/banda-aceh/ekonomi/keuangan/2685622/literasi-keuangan-digital-masyarakat-aceh-perlu-diperkuat,rri.co.id,"Thu, 27 Aug 2026 14:33:00 GMT",medium,24,ekonomi digital Aceh,Aulia,,2.0,needs_review,neutral,0,1,auto,
3051,"Hendra menilai edukasi harus dilakukan secara bersama-sama dengan melibatkan pemerintah, perguruan tinggi, lembaga keuangan, masyarakat, dan media.",Literasi Keuangan Digital Masyarakat Aceh Perlu Diperkuat,https://rri.co.id/banda-aceh/ekonomi/keuangan/2685622/literasi-keuangan-digital-masyarakat-aceh-perlu-diperkuat,rri.co.id,"Thu, 27 Aug 2026 14:33:00 GMT",medium,17,ekonomi digital Aceh,Aulia,,1.0,needs_review,neutral,0,0,auto,
3052,"Ia berharap penguatan literasi dapat membuat masyarakat Aceh menjadi pengguna layanan keuangan digital yang lebih kritis, aman, dan bertanggung jawab.",Literasi Keuangan Digital Masyarakat Aceh Perlu Diperkuat,https://rri.co.id/banda-aceh/ekonomi/keuangan/2685622/literasi-keuangan-digital-masyarakat-aceh-perlu-diperkuat,rri.co.id,"Thu, 27 Aug 2026 14:33:00 GMT",high,20,ekonomi digital Aceh,Aulia,,2.0,needs_review,neutral,0,0,auto,
3066,"Pasca merger, kami membawa semangat Bersama, Melaju Tanpa Batas. Tidak hanya memperkuat konektivitas, tetapi juga membuka akses baru untuk pendidikan, usaha, dan komunikasi yang setara bagi semua, ujar Jeremiah dalam keterangan tertulis, Jumat (20/6/2025).",XLSMART Perluas Akses Digital hingga Wilayah Terpencil Aceh,https://kabarsdgs.com/csr/2025/07/18458/xlsmart-perluas-akses-digital-hingga-wilayah-terpencil-aceh/,kabarsdgs.com,2025-07-18,medium,34,ekonomi digital Aceh,Aulia,,1.0,needs_review,neutral,0,0,auto,
3241,Thaler mengemukakan sebuah gagasan menarik namun masih tergolong baru di dunia akademis. Dimana profesor dari University of Chicago ini melakukan pendekatan riset dengan menjembatani ilmu psikologi dan ekonomi secara empiris.,Nudge Theory - Gagasan Strategis Mendorong Transformasi Keuangan Digital di Aceh,https://kumparan.com/lazuardi-imam-pratama/nudge-theory-gagasan-strategis-mendorong-transformasi-keuangan-digital-di-aceh-1yLXbjk1M1j,kumparan.com,"Sun, 26 Jun 2022 07:00:00 GMT",medium,30,ekonomi digital Aceh,Aulia,,0.0,needs_review,neutral,0,0,auto,
3242,"Pada prinsipnya, kosmologiNudge Theory(Teori Dorongan) tetap mempertahankan kebebasan individu dalam menentukan pilihan, namun elemen lain dari lingkungan eksternal pemilih - baik lembaga pemerintahan maupun lembaga swasta - dianjurkan untuk memberikan dorongan lembut sehingga dengan tanpa merasa terpaksa, individu tersebut dapat menentukan pilihan yang lebih baik dan rasional bagi dirinya atau memilih pilihan yang sesuai dengan harapan suatu pihak.",Nudge Theory - Gagasan Strategis Mendorong Transformasi Keuangan Digital di Aceh,https://kumparan.com/lazuardi-imam-pratama/nudge-theory-gagasan-strategis-mendorong-transformasi-keuangan-digital-di-aceh-1yLXbjk1M1j,kumparan.com,"Sun, 26 Jun 2022 07:00:00 GMT",medium,58,ekonomi digital Aceh,Aulia,,1.0,needs_review,neutral,1,0,auto,
3243,"Agar bisa dianggap sebagaiNudge(dorongan) maka sebuah intervensi terhadap pilihan harus memenuhi unsur kemudahan serta tanpa ada konsekuensi timbulnya biaya tambahan jika tidak dipatuhi. Dengan kata yang lebih sederhana, dorongan tidak boleh menjadi sebuah keharusan.",Nudge Theory - Gagasan Strategis Mendorong Transformasi Keuangan Digital di Aceh,https://kumparan.com/lazuardi-imam-pratama/nudge-theory-gagasan-strategis-mendorong-transformasi-keuangan-digital-di-aceh-1yLXbjk1M1j,kumparan.com,"Sun, 26 Jun 2022 07:00:00 GMT",medium,34,ekonomi digital Aceh,Aulia,,2.0,needs_review,neutral,0,0,auto,
3245,Contoh teori dorongan yang tidak kalah menarik adalah bagaimana sebuah perusahaan keramik meletakkan gambar lalat di bagian bawah dekat lubang pembuangan pada urinal toilet laki-laki. Tujuannya agar dapat mendorong pengguna urinal toilet untuk buang air kecil lebih tepat sasaran (meminimalisir cipratan air seni) sehingga memudahkan petugas kebersihan dalam membersihkan urinal toilet itu sendiri.,Nudge Theory - Gagasan Strategis Mendorong Transformasi Keuangan Digital di Aceh,https://kumparan.com/lazuardi-imam-pratama/nudge-theory-gagasan-strategis-mendorong-transformasi-keuangan-digital-di-aceh-1yLXbjk1M1j,kumparan.com,"Sun, 26 Jun 2022 07:00:00 GMT",medium,53,ekonomi digital Aceh,Aulia,,1.0,needs_review,neutral,1,1,auto,
3246,"Kurang lebih 9 bulan belakangan ini energi dan pikiran saya tersita untuk bagaimana caranya bisa memformulasikan langkah strategis terhadap upaya menggalakkan transformasi keuangan berbasis digital di daerah tempat saya bekerja, salah satu kota yang terletak di kepulauan bagian utara Provinsi Aceh. Hingga pada suatu malam, akhirnya saya teringat kembali dengan teori sebuah buku yang sudah saya selesaikan dua tahun lalu dan mendapatkan dorongan untuk menulis artikel ini. Selain menjadi strategi saya dalam menjalankan misi dan tanggung jawab pekerjaan, artikel ini juga bisa menjadi salah satu referensi bilamana ada pihak-pihak lain yang memerlukan.",Nudge Theory - Gagasan Strategis Mendorong Transformasi Keuangan Digital di Aceh,https://kumparan.com/lazuardi-imam-pratama/nudge-theory-gagasan-strategis-mendorong-transformasi-keuangan-digital-di-aceh-1yLXbjk1M1j,kumparan.com,"Sun, 26 Jun 2022 07:00:00 GMT",high,92,ekonomi digital Aceh,Aulia,,2.0,needs_review,negative,1,2,auto,
3247,"Sejatinya, uang sebagai alat pembayaran yang sah senantiasa mengalami perubahan dan transformasi, baik dari segi bentuk maupun skala penggunaanya. Sekitar 5000 tahun yang lalu, masyarakat di seputar wilayah Mesopotamia (saat ini terletak pada wilayah Irak dan Kuwait) tentu tidak menyangka bahwa tablet dari tanah liat yang mereka gunakan sebagai alat pembayaran yang sangat spesifik dan bersifatpeer to peer, saat ini sudah berubah bentuknya menjadi selembar uang kertas yang lebih praktis dan efisien.",Nudge Theory - Gagasan Strategis Mendorong Transformasi Keuangan Digital di Aceh,https://kumparan.com/lazuardi-imam-pratama/nudge-theory-gagasan-strategis-mendorong-transformasi-keuangan-digital-di-aceh-1yLXbjk1M1j,kumparan.com,"Sun, 26 Jun 2022 07:00:00 GMT",medium,72,ekonomi digital Aceh,Aulia,,1.0,needs_review,neutral,0,0,auto,
3248,"Di tahun 2022 saat dunia sedang dalam euforia menyukseskan revolusi industri 4.0, bentuk uang kembali mengalami perubahan. Dari awalnya berbentuk tablet dari tanah liat, berubah menjadi koin, dimodifikasi ke dalam bentuk kertas, hingga ditemukannya metode pembayaran menggunakan uang elektronik. Elektronifikasi uang sebagai alat pembayaran yang sah telah menjadi salah satuglobal megatrenddan merupakan gejala kemajuan dari perilaku ekonomi manusia.",Nudge Theory - Gagasan Strategis Mendorong Transformasi Keuangan Digital di Aceh,https://kumparan.com/lazuardi-imam-pratama/nudge-theory-gagasan-strategis-mendorong-transformasi-keuangan-digital-di-aceh-1yLXbjk1M1j,kumparan.com,"Sun, 26 Jun 2022 07:00:00 GMT",medium,58,ekonomi digital Aceh,Aulia,,2.0,needs_review,neutral,1,0,auto,
3249,"Transaksi keuangan secara digital memungkinkan untuk terjadinya desentralisasi ekonomi sehingga bisa menjadi salah satu solusi untuk mengarungi disparitas kesejahteraan antara hulu dan hilir. Selain itu, transaksi keuangan digital juga dapat meningkatkan efisiensi penggunaan uang, meminimalisir ketiadaan uang kembalian, mengurangi risikofrauddan tindak kejahatan, serta menjaga kualitas uang yang beredar di masyarakat(clean money policy and fresh for circulation).",Nudge Theory - Gagasan Strategis Mendorong Transformasi Keuangan Digital di Aceh,https://kumparan.com/lazuardi-imam-pratama/nudge-theory-gagasan-strategis-mendorong-transformasi-keuangan-digital-di-aceh-1yLXbjk1M1j,kumparan.com,"Sun, 26 Jun 2022 07:00:00 GMT",medium,56,ekonomi digital Aceh,Aulia,,2.0,needs_review,neutral,1,1,auto,
3250,"Di Indonesia, beberapa kota besar yang sering dijadikan sebagai pusat industri dan relatif lebih maju, metode transaksi keuangan secara digital bukanlah suatu hal yang sulit untuk diterapkan. Namun di wilayah dengan stereotip masyarakat yang cenderung tertutup, tantangannya akan lebih terasa. Sebagai praktisi ekonomi, saya sendiri kerap kesulitan dalam rangka mewujudkan percepatan budaya elektronifikasi keuangan seperti yang sudah lumrah terjadi di kota-kota besar.",Nudge Theory - Gagasan Strategis Mendorong Transformasi Keuangan Digital di Aceh,https://kumparan.com/lazuardi-imam-pratama/nudge-theory-gagasan-strategis-mendorong-transformasi-keuangan-digital-di-aceh-1yLXbjk1M1j,kumparan.com,"Sun, 26 Jun 2022 07:00:00 GMT",medium,62,ekonomi digital Aceh,Aulia,,2.0,needs_review,negative,0,4,auto,
3253,"Dalam ruang lingkup Provinsi Aceh, Banda Aceh sebagai ibukota provinsi menopang hingga 60% transaksi keuangan digital di seluruh Provinsi Aceh. Sementara di beberapa kabupaten/kota lainnya, implementasinya masih cukup rendah. Guna mengatasi tantangan ini, dibutuhkan sebuah formulasi kongkrit agar dapat mengarahkan pilihan masyarakat dari kebiasaan transaksi secara konvensional menuju transaksi keuangan berbasis digital.",Nudge Theory - Gagasan Strategis Mendorong Transformasi Keuangan Digital di Aceh,https://kumparan.com/lazuardi-imam-pratama/nudge-theory-gagasan-strategis-mendorong-transformasi-keuangan-digital-di-aceh-1yLXbjk1M1j,kumparan.com,"Sun, 26 Jun 2022 07:00:00 GMT",high,52,ekonomi digital Aceh,Aulia,,2.0,needs_review,neutral,0,1,auto,
3259,"Semakin familiar dua instrumen tadi di mata masyarakat, maka akan semakin mulus pula dorongan yang dapat kita lakukan untuk mempercepat transformasi keuangan digital di Aceh. Karena pada dasarnya persoalan yang menjadi penghambat utama dari misi digitalisasi keuangan hanya satu; yaitu karena masyarakat belum familiar. Soal infrastruktur kualitas jaringan dan keberagaman fitur dari dua alat tadi akan terus berkembang seiring dengan meningkatnya volume penggunaan oleh masyarakat.",Nudge Theory - Gagasan Strategis Mendorong Transformasi Keuangan Digital di Aceh,https://kumparan.com/lazuardi-imam-pratama/nudge-theory-gagasan-strategis-mendorong-transformasi-keuangan-digital-di-aceh-1yLXbjk1M1j,kumparan.com,"Sun, 26 Jun 2022 07:00:00 GMT",high,65,ekonomi digital Aceh,Aulia,,4.0,needs_review,positive,2,0,auto,
3261,"Oleh sebab itu, saya berpendapat bahwa upaya pemerintah melalui lembaga perbankan maupun bank sentral yang bertujuan untuk menumbuhkan sentimen positif masyarakat dalam meningkatkan volume transaksi keuangan berbasis digital tidak hanya sekedar memberikan stimulus berupa apresiasi kepada masyarakat yang terlibat aktif, namun juga dengan perbaikan layanan dan perluasan jangkauan terhadap penggunaan instrumen pembayaran agar menjadi lebih inklusif.",Nudge Theory - Gagasan Strategis Mendorong Transformasi Keuangan Digital di Aceh,https://kumparan.com/lazuardi-imam-pratama/nudge-theory-gagasan-strategis-mendorong-transformasi-keuangan-digital-di-aceh-1yLXbjk1M1j,kumparan.com,"Sun, 26 Jun 2022 07:00:00 GMT",medium,56,ekonomi digital Aceh,Aulia,,4.0,needs_review,neutral,1,0,auto,
3262,"Sebagai catatan yang tidak kalah penting penting, intervensi berupa dorongan ini perlu terus dijaga intensitasnya. Harus tetap diawasi agar tidak melampaui kebebasan masyarakat untuk memilih. Sebab sekali lagi, agar tetap memenuhi unsur sebagai teori dorongan, intervensi dari pemerintah maupun swasta terhadap pilihan masyarakat harus memenuhi unsur kemudahan serta tanpa ada konsekuensi timbulnya biaya tambahan jika tidak dipatuhi.",Nudge Theory - Gagasan Strategis Mendorong Transformasi Keuangan Digital di Aceh,https://kumparan.com/lazuardi-imam-pratama/nudge-theory-gagasan-strategis-mendorong-transformasi-keuangan-digital-di-aceh-1yLXbjk1M1j,kumparan.com,"Sun, 26 Jun 2022 07:00:00 GMT",medium,57,ekonomi digital Aceh,Aulia,,2.0,needs_review,neutral,0,0,auto,
3264,"Meulaboh Bupati Aceh Barat Tarmizi SP, MM diwakili oleh Asisten Administrasi Umum Setdakab, Safrizal, membuka kegiatan Pendidikan Kecakapan Wirausaha (PKW) Dekranasda di Aula KPPN Meulaboh pada Rabu (24/6/2026).","Dekranasda Aceh Barat Gelar PKW, Cetak Wirausaha Muda Berbasis Potensi Lokal",https://www.noa.co.id/dekranasda-aceh-barat-gelar-pkw-cetak-wirausaha-muda-berbasis-potensi-lokal/,noa.co.id,2026-06-24,high,28,wirausaha muda Aceh,Aulia,,1.0,needs_review,neutral,0,0,auto,
3265,"Safrizal mengatakan, Pemkab Aceh Barat memberikan apresiasi yang setinggi tingginya kepada Dekranasda yang telah konsisten berupaya meningkatkan kapasitas SDM melalui berbagai program pemberdayaan masyarakat khususnya dalam bidang kewirausahaan dan pengembangan ekonomi kreatif.","Dekranasda Aceh Barat Gelar PKW, Cetak Wirausaha Muda Berbasis Potensi Lokal",https://www.noa.co.id/dekranasda-aceh-barat-gelar-pkw-cetak-wirausaha-muda-berbasis-potensi-lokal/,noa.co.id,2026-06-24,high,32,wirausaha muda Aceh,Aulia,,2.0,needs_review,positive,3,0,auto,
3267,"Maka dari itu kata Safrizal, PKW merupakan program yang sangat strategis dalam menyiapkan wirausaha yang mandiri, kreatif dan mampu menciptakan berbagai peluang usaha. PKW ini juga tidak hanya membekali peserta dengan keterampilan teknis saja, tetapi juga membangun karakter, mental dan jiwa kewirausahaan yang kuat.","Dekranasda Aceh Barat Gelar PKW, Cetak Wirausaha Muda Berbasis Potensi Lokal",https://www.noa.co.id/dekranasda-aceh-barat-gelar-pkw-cetak-wirausaha-muda-berbasis-potensi-lokal/,noa.co.id,2026-06-24,medium,44,wirausaha muda Aceh,Aulia,,2.0,needs_review,positive,2,0,auto,
3268,"Program PKW ini juga menjadi sarana untuk menumbuhkan wirausaha muda sekaligus mengembangkan potensi kerajinan daerah, termasuk sulaman benang emas, bordir, serta berbagai produk kreatif unggulan Aceh Barat lainnya, ujar Safrial.","Dekranasda Aceh Barat Gelar PKW, Cetak Wirausaha Muda Berbasis Potensi Lokal",https://www.noa.co.id/dekranasda-aceh-barat-gelar-pkw-cetak-wirausaha-muda-berbasis-potensi-lokal/,noa.co.id,2026-06-24,high,30,wirausaha muda Aceh,Aulia,,2.0,needs_review,positive,2,0,auto,
3270,"Kami berharap para peserta dapat mengikuti seluruh rangkaian pelatihan dengan sungguh sungguh, menyerap ilmu dan pengalaman dari narasumber, serta menjadikannya sebagai bekal untuk membangun usaha, katanya.","Dekranasda Aceh Barat Gelar PKW, Cetak Wirausaha Muda Berbasis Potensi Lokal",https://www.noa.co.id/dekranasda-aceh-barat-gelar-pkw-cetak-wirausaha-muda-berbasis-potensi-lokal/,noa.co.id,2026-06-24,medium,26,wirausaha muda Aceh,Aulia,,2.0,needs_review,neutral,0,0,auto,
3323,"Gusti mengatakan bahwa melalui program ini, para wirausaha muda di Aceh tidak hanya mampu meningkatkan skala bisnis mereka, tetapi juga menjadi motor penggerak ekonomi daerah dan pada akhirnya mendorong kesejahteraan masyarakat Aceh secara menyeluruh.",BSI Lahirkan Bibit Wirausaha Muda Unggulan Aceh,https://investortrust.id/financial/45588/bsi-lahirkan-bibit-wirausaha-muda-unggulan-aceh,investortrust.id,2024-10-27,high,34,wirausaha muda Aceh,Aulia,,2.0,needs_review,positive,2,0,auto,
3325,"Data BSI Institute menunjukkan Aceh memiliki sekitar 914 ribu wirausaha muda, dengan 406 ribu diantaranya berada dalam segmen milenial berusia 15-34 tahun. Potensi ekonomi yang besar ini menjadikan Aceh sebagai wilayah yang sangat strategis bagi pengembangan.",BSI Lahirkan Bibit Wirausaha Muda Unggulan Aceh,https://investortrust.id/financial/45588/bsi-lahirkan-bibit-wirausaha-muda-unggulan-aceh,investortrust.id,2024-10-27,high,36,wirausaha muda Aceh,Aulia,,2.0,needs_review,positive,3,0,auto,
3326,"Melihat potensi tersebut, BSI terus fokus mendukung dan mendorong pertumbuhan sektor UMKM di Aceh dengan pendampingan dan penguatan ekonomi kemasyarakatan. Diantaranya, penyaluran pembiayaan UMKM, program BSI Aceh Muslimpreneur, pembangunan fasilitas BSI UMKM Center di Aceh, dan pendampingan UMKM naik kelas lewat program-program pelatihan di BSI UMKM Center.",BSI Lahirkan Bibit Wirausaha Muda Unggulan Aceh,https://investortrust.id/financial/45588/bsi-lahirkan-bibit-wirausaha-muda-unggulan-aceh,investortrust.id,2024-10-27,high,47,wirausaha muda Aceh,Aulia,,6.0,needs_review,positive,5,0,auto,
3327,"Ajang BSI Aceh Muslimpreneur 2024 sendiri pada Oktober 2024 telah memasuki tahap akhir dengan jumlah pendaftar lebih dari 2.500, naik dibandingkan pendaftar tahun lalu dengan 2.234 wirausaha. Peningkatan ini mencerminkan antusiasme tinggi terhadap program BSI AMP dan komitmen para wirausahawan muda dalam mengembangkan usaha mereka. BSI AMP 2024 dibagi dalam tiga kategori jenis usaha, yaitu pemula (starter), scale-up, dan sustainable.",BSI Lahirkan Bibit Wirausaha Muda Unggulan Aceh,https://investortrust.id/financial/45588/bsi-lahirkan-bibit-wirausaha-muda-unggulan-aceh,investortrust.id,2024-10-27,high,60,wirausaha muda Aceh,Aulia,,2.0,needs_review,neutral,0,0,auto,
3329,"Seleksi BSI AMP 2024 dilakukan melalui serangkaian tahapan intensif yang mencakup kurasi ketat, pelatihan, dan pendampingan bisnis. Peserta yang terpilih merupakan wirausaha muda berbakat yang tidak hanya memiliki potensi besar untuk berkembang di tingkat lokal, tetapi juga berpeluang menembus pasar global.",BSI Lahirkan Bibit Wirausaha Muda Unggulan Aceh,https://investortrust.id/financial/45588/bsi-lahirkan-bibit-wirausaha-muda-unggulan-aceh,investortrust.id,2024-10-27,medium,41,wirausaha muda Aceh,Aulia,,4.0,needs_review,positive,3,0,auto,
3334,1) Naia Zahrina; Nama brand: Bungong Jaroe (Lukeh); Bidang Fashion,BSI Lahirkan Bibit Wirausaha Muda Unggulan Aceh,https://investortrust.id/financial/45588/bsi-lahirkan-bibit-wirausaha-muda-unggulan-aceh,investortrust.id,2024-10-27,medium,10,wirausaha muda Aceh,Aulia,,0.0,needs_review,neutral,0,0,auto,
3335,2) Rio Delvino; Nama brand; Majestic Natural: Bidang: Makanan Olahan,BSI Lahirkan Bibit Wirausaha Muda Unggulan Aceh,https://investortrust.id/financial/45588/bsi-lahirkan-bibit-wirausaha-muda-unggulan-aceh,investortrust.id,2024-10-27,medium,10,wirausaha muda Aceh,Aulia,,0.0,needs_review,neutral,0,0,auto,
3336,3) Angelina Deby: Nama brand: Milyers: Bidang: Food & Beverage,BSI Lahirkan Bibit Wirausaha Muda Unggulan Aceh,https://investortrust.id/financial/45588/bsi-lahirkan-bibit-wirausaha-muda-unggulan-aceh,investortrust.id,2024-10-27,medium,10,wirausaha muda Aceh,Aulia,,0.0,needs_review,neutral,0,0,auto,
3337,4) Sabrina M Phonna; Nama brand:Sabit.clo: Bidang: Fashion,BSI Lahirkan Bibit Wirausaha Muda Unggulan Aceh,https://investortrust.id/financial/45588/bsi-lahirkan-bibit-wirausaha-muda-unggulan-aceh,investortrust.id,2024-10-27,medium,8,wirausaha muda Aceh,Aulia,,0.0,needs_review,neutral,0,0,auto,
3338,1) Faraisha Hirza; Nama brand:Educate ; Bidang Teknologi,BSI Lahirkan Bibit Wirausaha Muda Unggulan Aceh,https://investortrust.id/financial/45588/bsi-lahirkan-bibit-wirausaha-muda-unggulan-aceh,investortrust.id,2024-10-27,medium,8,wirausaha muda Aceh,Aulia,,1.0,needs_review,neutral,0,0,auto,
3339,2) Ika Puspita Yuda; Nama brand; Balela Parfume: Bidang: Olahan,BSI Lahirkan Bibit Wirausaha Muda Unggulan Aceh,https://investortrust.id/financial/45588/bsi-lahirkan-bibit-wirausaha-muda-unggulan-aceh,investortrust.id,2024-10-27,medium,10,wirausaha muda Aceh,Aulia,,0.0,needs_review,neutral,0,0,auto,
3340,3) Cut Tria Hajaton: Nama brand: Talam durian cut Abang: Bidang: Food & Beverage,BSI Lahirkan Bibit Wirausaha Muda Unggulan Aceh,https://investortrust.id/financial/45588/bsi-lahirkan-bibit-wirausaha-muda-unggulan-aceh,investortrust.id,2024-10-27,medium,14,wirausaha muda Aceh,Aulia,,0.0,needs_review,neutral,0,0,auto,
3341,4) Saiful Anwar; Nama brand:madu Bang Unoe; Bidang: Food & Beverage,BSI Lahirkan Bibit Wirausaha Muda Unggulan Aceh,https://investortrust.id/financial/45588/bsi-lahirkan-bibit-wirausaha-muda-unggulan-aceh,investortrust.id,2024-10-27,medium,11,wirausaha muda Aceh,Aulia,,0.0,needs_review,neutral,0,0,auto,
3342,1) Ratu Nur Annisa; Nama brand: Bitata Food; Bidang Food & Beverage,BSI Lahirkan Bibit Wirausaha Muda Unggulan Aceh,https://investortrust.id/financial/45588/bsi-lahirkan-bibit-wirausaha-muda-unggulan-aceh,investortrust.id,2024-10-27,medium,12,wirausaha muda Aceh,Aulia,,0.0,needs_review,neutral,0,0,auto,
3343,2) Farhaniza; Nama brand; Yagi Natural: Bidang: Olahan,BSI Lahirkan Bibit Wirausaha Muda Unggulan Aceh,https://investortrust.id/financial/45588/bsi-lahirkan-bibit-wirausaha-muda-unggulan-aceh,investortrust.id,2024-10-27,medium,8,wirausaha muda Aceh,Aulia,,0.0,needs_review,neutral,0,0,auto,
3344,3) Ihsanudin: Nama brand: Ulonowih: Bidang: Food & Beverage,BSI Lahirkan Bibit Wirausaha Muda Unggulan Aceh,https://investortrust.id/financial/45588/bsi-lahirkan-bibit-wirausaha-muda-unggulan-aceh,investortrust.id,2024-10-27,medium,9,wirausaha muda Aceh,Aulia,,0.0,needs_review,neutral,0,0,auto,
3345,: Perjanjian Kerja Sama tentang Pembinaan UMKM Muda melalui Pengembangan Kreativitas Digital dan Fotografi Produk.,Dispora Kota Banda Aceh dan GeoAceh Jalin Kerja Sama Pembinaan UMKM,https://infopublik.id/kategori/nusantara/945243/dispora-kota-banda-aceh-dan-geoaceh-jalin-kerja-sama-pembinaan-umkm,infopublik.id,"Mon, 03 Nov 2025 08:00:00 GMT",medium,15,wirausaha muda Aceh,Aulia,,2.0,needs_review,positive,2,0,auto,
3346,"Oleh MC KOTA BANDA ACEH , Senin, 3 November 2025 | 11:21 WIB - Redaktur: Juli - 210",Dispora Kota Banda Aceh dan GeoAceh Jalin Kerja Sama Pembinaan UMKM,https://infopublik.id/kategori/nusantara/945243/dispora-kota-banda-aceh-dan-geoaceh-jalin-kerja-sama-pembinaan-umkm,infopublik.id,"Mon, 03 Nov 2025 08:00:00 GMT",high,18,wirausaha muda Aceh,Aulia,,0.0,needs_review,neutral,0,0,auto,
3347,"Banda Aceh, InfoPublik Dinas Pemuda dan Olahraga (Dispora) Kota Banda Aceh bersama Komunitas Fotografi Geonusantara Regional Aceh (GEOACEH) resmi menandatangani Perjanjian Kerja Sama tentang Pembinaan UMKM Muda melalui Pengembangan Kreativitas Digital dan Fotografi Produk.",Dispora Kota Banda Aceh dan GeoAceh Jalin Kerja Sama Pembinaan UMKM,https://infopublik.id/kategori/nusantara/945243/dispora-kota-banda-aceh-dan-geoaceh-jalin-kerja-sama-pembinaan-umkm,infopublik.id,"Mon, 03 Nov 2025 08:00:00 GMT",high,34,wirausaha muda Aceh,Aulia,,2.0,needs_review,positive,2,0,auto,
3348,"Penandatanganan dilaksanakan pada Minggu pagi, 2 November 2025, di Panggung Utama Car Free Day (CFD) Banda Aceh, dan turut disaksikan oleh Bapak Dadi Soerjadi, selaku Asisten Deputi Olahraga Layanan Khusus Kementerian Pemuda dan Olahraga Republik Indonesia (Kemenpora RI).",Dispora Kota Banda Aceh dan GeoAceh Jalin Kerja Sama Pembinaan UMKM,https://infopublik.id/kategori/nusantara/945243/dispora-kota-banda-aceh-dan-geoaceh-jalin-kerja-sama-pembinaan-umkm,infopublik.id,"Mon, 03 Nov 2025 08:00:00 GMT",high,38,wirausaha muda Aceh,Aulia,,2.0,needs_review,neutral,0,0,auto,
3351,"Sementara itu, Ketua GEOACEH, Nur Wahyuniati menegaskan bahwa komunitasnya berkomitmen untuk berperan aktif dalam pengembangan kapasitas pemuda Aceh.",Dispora Kota Banda Aceh dan GeoAceh Jalin Kerja Sama Pembinaan UMKM,https://infopublik.id/kategori/nusantara/945243/dispora-kota-banda-aceh-dan-geoaceh-jalin-kerja-sama-pembinaan-umkm,infopublik.id,"Mon, 03 Nov 2025 08:00:00 GMT",high,18,wirausaha muda Aceh,Aulia,,2.0,needs_review,neutral,1,0,auto,
3426,"Sebanyak 12 grand finalis telah melalui tahap akhir kompetisi ini, yang memuncak pada 26 Oktober 2024.","BSI Kembangkan Wirausaha Muda Aceh, Siap Tembus Pasar Global",https://rm.id/baca-berita/ekonomi-bisnis/240851/bsi-kembangkan-wirausaha-muda-aceh-siap-tembus-pasar-global,rm.id,"Sat, 26 Oct 2024 07:00:00 GMT",medium,16,wirausaha muda Aceh,Aulia,,0.0,needs_review,neutral,0,0,auto,
3429,"Kompetisi tahun ini mencatat peningkatan partisipasi, dengan lebih dari 2.500 pendaftar dibandingkan tahun lalu. Peserta terbagi dalam tiga kategori usaha: pemula (starter), scale-up, dan sustainable. Kategori usaha yang paling banyak diikuti adalah sektor food & beverages dan fesyen, yang mencerminkan tingginya minat generasi muda terhadap industri kreatif.","BSI Kembangkan Wirausaha Muda Aceh, Siap Tembus Pasar Global",https://rm.id/baca-berita/ekonomi-bisnis/240851/bsi-kembangkan-wirausaha-muda-aceh-siap-tembus-pasar-global,rm.id,"Sat, 26 Oct 2024 07:00:00 GMT",medium,47,wirausaha muda Aceh,Aulia,,1.0,needs_review,neutral,0,0,auto,
3431,"Potensi besar wirausaha muda Aceh didukung oleh data BSI Institute yang menunjukkan sekitar 914 ribu wirausaha di Aceh, dengan segmen milenial mencapai 406 ribu.","BSI Kembangkan Wirausaha Muda Aceh, Siap Tembus Pasar Global",https://rm.id/baca-berita/ekonomi-bisnis/240851/bsi-kembangkan-wirausaha-muda-aceh-siap-tembus-pasar-global,rm.id,"Sat, 26 Oct 2024 07:00:00 GMT",high,24,wirausaha muda Aceh,Aulia,,2.0,needs_review,neutral,1,0,auto,
3449,"Kita berharap banyak kepada anak muda yang biasanya memiliki tingkat kreativitas dan inovasi yang tinggi untuk terlibat penuh dalam dunia bisnis. Karena masa depan itu di tangan anak muda zaman sekarang, katanya.",Pj Gubernur ajak anak muda manfaatkan potensi Aceh untuk berwirausaha,https://aceh.antaranews.com/berita/375082/pj-gubernur-ajak-anak-muda-manfaatkan-potensi-aceh-untuk-berwirausaha,aceh.antaranews.com,"Mon, 09 Dec 2024 08:00:00 GMT",medium,32,wirausaha muda Aceh,Aulia,,1.0,needs_review,neutral,1,0,auto,
3451,"Ia menjelaskan Aceh memiliki potensi besar di sektor agrikultur, perikanan, pariwisata, dan ekonomi kreatif. Pada 2023, sektor pertanian, kehutanan, dan perikanan menyumbang Rp69,77 triliun terhadap Produk Domestik Regional Bruto (PDRB) Aceh.",Pj Gubernur ajak anak muda manfaatkan potensi Aceh untuk berwirausaha,https://aceh.antaranews.com/berita/375082/pj-gubernur-ajak-anak-muda-manfaatkan-potensi-aceh-untuk-berwirausaha,aceh.antaranews.com,"Mon, 09 Dec 2024 08:00:00 GMT",high,31,wirausaha muda Aceh,Aulia,,2.0,needs_review,neutral,1,0,auto,
3452,"Ini peluang besar untuk anak muda Aceh. Semua tantangan bisa diatasi dengan memanfaatkan sektor yang menyumbang PDRB terbesar, ujarnya.Baca:Anak panti asuhan di Aceh dibekali pendidikan wirausahaMenurut Safrizal, keterlibatan anak muda sangat penting dalam berbagai sektor ekonomi, tidak hanya sektor industri kreatif, tetapi juga pada sektor pertanian, kehutanan, perikanan, kuliner, hingga pertambangan.",Pj Gubernur ajak anak muda manfaatkan potensi Aceh untuk berwirausaha,https://aceh.antaranews.com/berita/375082/pj-gubernur-ajak-anak-muda-manfaatkan-potensi-aceh-untuk-berwirausaha,aceh.antaranews.com,"Mon, 09 Dec 2024 08:00:00 GMT",high,51,wirausaha muda Aceh,Aulia,,2.0,needs_review,positive,2,1,auto,
3453,"Saya kira tidak ada industri yang tidak dapat dimasuki oleh anak-anak muda dengan semangat dan ketekunan anak muda, ujarnya.",Pj Gubernur ajak anak muda manfaatkan potensi Aceh untuk berwirausaha,https://aceh.antaranews.com/berita/375082/pj-gubernur-ajak-anak-muda-manfaatkan-potensi-aceh-untuk-berwirausaha,aceh.antaranews.com,"Mon, 09 Dec 2024 08:00:00 GMT",medium,19,wirausaha muda Aceh,Aulia,,1.0,needs_review,neutral,0,0,auto,
3454,"Khususnya pariwisata berbasis halal yang juga bisa digarap generasi muda, Safrizal juga mendorong pemuda untuk memanfaatkan keunikan tradisi dan budaya lokal Aceh guna menarik wisatawan.",Pj Gubernur ajak anak muda manfaatkan potensi Aceh untuk berwirausaha,https://aceh.antaranews.com/berita/375082/pj-gubernur-ajak-anak-muda-manfaatkan-potensi-aceh-untuk-berwirausaha,aceh.antaranews.com,"Mon, 09 Dec 2024 08:00:00 GMT",high,25,wirausaha muda Aceh,Aulia,,1.0,needs_review,positive,2,0,auto,
3455,"Halal tourismkita harus menjadi berbeda dibanding daerah lain, sehingga wisatawan rindu kembali ke Aceh, ujarnya.",Pj Gubernur ajak anak muda manfaatkan potensi Aceh untuk berwirausaha,https://aceh.antaranews.com/berita/375082/pj-gubernur-ajak-anak-muda-manfaatkan-potensi-aceh-untuk-berwirausaha,aceh.antaranews.com,"Mon, 09 Dec 2024 08:00:00 GMT",high,15,wirausaha muda Aceh,Aulia,,0.0,needs_review,neutral,0,0,auto,
3456,"Aceh Youth Business Forum 2024 menjadi wadah bagi generasi muda untuk berbagi ide, membangun jaringan, dan mempersiapkan diri menghadapi tantangan dunia bisnis.",Pj Gubernur ajak anak muda manfaatkan potensi Aceh untuk berwirausaha,https://aceh.antaranews.com/berita/375082/pj-gubernur-ajak-anak-muda-manfaatkan-potensi-aceh-untuk-berwirausaha,aceh.antaranews.com,"Mon, 09 Dec 2024 08:00:00 GMT",high,22,wirausaha muda Aceh,Aulia,,2.0,needs_review,neutral,0,1,auto,
3457,Forum tersebut diharapkan mampu melahirkan wirausaha muda yang inovatif dan berdampak nyata bagi pembangunan ekonomi Tanah Rencong itu.Baca:AINS Banda Aceh gelar bazar tumbuhkan semangat wirausaha pelajar,Pj Gubernur ajak anak muda manfaatkan potensi Aceh untuk berwirausaha,https://aceh.antaranews.com/berita/375082/pj-gubernur-ajak-anak-muda-manfaatkan-potensi-aceh-untuk-berwirausaha,aceh.antaranews.com,"Mon, 09 Dec 2024 08:00:00 GMT",high,26,wirausaha muda Aceh,Aulia,,2.0,needs_review,neutral,1,0,auto,
3523,"Tahapan BSI Aceh MuslimPreneur dimulai dengan Kick Off di Banda Aceh, diikuti dengan Scouting (sosialisasi dan seleksi administratif). Sebanyak 2.234 orang mendaftar sebagai peserta, yang kemudian terkurasi menjadi 573 peserta. Tahapan selanjutnya adalah Incubation, yaitu pelatihan yang dilaksanakan secara daring.",BSI Aceh Muslimpreneur: Generasi Baru Pengusaha Muslim Aceh,https://dialeksis.com/aceh/bsi-aceh-muslimpreneur-generasi-baru-pengusaha-muslim-aceh/,dialeksis.com,"Mon, 07 Aug 2023 07:00:00 GMT",high,40,wirausaha muda Aceh,Aulia,,2.0,needs_review,neutral,0,0,auto,
3526,"Program BSI Aceh MuslimPreneur diharapkan dapat membangkitan potensi UMKM yang ada di Aceh, katanya.",BSI Aceh Muslimpreneur: Generasi Baru Pengusaha Muslim Aceh,https://dialeksis.com/aceh/bsi-aceh-muslimpreneur-generasi-baru-pengusaha-muslim-aceh/,dialeksis.com,"Mon, 07 Aug 2023 07:00:00 GMT",high,14,wirausaha muda Aceh,Aulia,,2.0,needs_review,neutral,1,0,auto,
3527,"Dengan hadirnya BSI Aceh Muslimprenuer diharapkan masa depan generasi wirausaha muda Aceh yang mandiri secara ekonomis terbuka lebar. Program ini telah membuktikan bahwa pengembangan kapasitas dan kewirausahaan dapat menciptakan dampak yang besar. Para wirausaha muda Aceh memiliki kesempatan untuk mengembangkan minat dan bakat mereka menjadi mata pencaharian yang menghasilkan, sambil tetap memegang teguh nilai-nilai Islam dan budaya lokal.",BSI Aceh Muslimpreneur: Generasi Baru Pengusaha Muslim Aceh,https://dialeksis.com/aceh/bsi-aceh-muslimpreneur-generasi-baru-pengusaha-muslim-aceh/,dialeksis.com,"Mon, 07 Aug 2023 07:00:00 GMT",high,58,wirausaha muda Aceh,Aulia,,2.0,needs_review,neutral,1,0,auto,
3536,"Sebagai narasumber seminar hadir Ketua Pimpinan Pusat (PP) Pemuda Muhammadiyah Bidang Ekonomi dan Kewirausahaan Horo Wahyudi, S.H. PT. Pegadaian Syariah Aceh Anwar Hidayat beserta Staf.",Pemuda Muhammadiyah Jaring Pengusaha Muda di Aceh,https://web.suaramuhammadiyah.id/2022/10/21/pemuda-muhammadiyah-jaring-pengusaha-muda-di-aceh/,web.suaramuhammadiyah.id,2022-10-21,high,25,wirausaha muda Aceh,Aulia,,1.0,needs_review,neutral,0,0,auto,
3537,"Acara yang dibuka oleh Penjabat Sementara Pimpinan Wilayah Pemuda Muhammadiyah (PWPM) Aceh Musliadi M. Tamin S. Sos. I, M.A menyampaikan selamat datang kepada ketua dari PP Pemuda Muhammadiyah di Banda Aceh.",Pemuda Muhammadiyah Jaring Pengusaha Muda di Aceh,https://web.suaramuhammadiyah.id/2022/10/21/pemuda-muhammadiyah-jaring-pengusaha-muda-di-aceh/,web.suaramuhammadiyah.id,2022-10-21,high,31,wirausaha muda Aceh,Aulia,,1.0,needs_review,neutral,0,0,auto,
3539,"kita jangan menjadi konseptor saja mari kita pergunakan peluang yang ada ini, lakukan dengan tindakan yang nyata dan terbaik. Kata Musliadi M. Tamin",Pemuda Muhammadiyah Jaring Pengusaha Muda di Aceh,https://web.suaramuhammadiyah.id/2022/10/21/pemuda-muhammadiyah-jaring-pengusaha-muda-di-aceh/,web.suaramuhammadiyah.id,2022-10-21,medium,23,wirausaha muda Aceh,Aulia,,1.0,needs_review,positive,2,0,auto,
3540,"sementara itu Anwar Hidayat dari Pegadaian Syariah menyampaikan mengajak kita untuk saling berkolaborasi, antara Pegadaian dan Pemuda Muhammadiyah Aceh serta calon pengusaha muda muhammadiyah.",Pemuda Muhammadiyah Jaring Pengusaha Muda di Aceh,https://web.suaramuhammadiyah.id/2022/10/21/pemuda-muhammadiyah-jaring-pengusaha-muda-di-aceh/,web.suaramuhammadiyah.id,2022-10-21,high,24,wirausaha muda Aceh,Aulia,,2.0,needs_review,neutral,1,0,auto,
3541,"Kami juga mengajak yang pengusaha Muhammadiyah untuk saling berkolaborasi, baik dari segi modal atau bentuk program lainnya yang dimiliki oleh Pegadaian Syariah.",Pemuda Muhammadiyah Jaring Pengusaha Muda di Aceh,https://web.suaramuhammadiyah.id/2022/10/21/pemuda-muhammadiyah-jaring-pengusaha-muda-di-aceh/,web.suaramuhammadiyah.id,2022-10-21,medium,22,wirausaha muda Aceh,Aulia,,2.0,needs_review,neutral,1,0,auto,
3542,"sebagian orang sukses selalu berniat untuk membahagiakan orang lain, saat ini dimana kita harus bersama-sama untuk menjalankan sebuah bisnis dan tidak bisa dilakukan dengan sendiri-sendiri. Kata Anwar Hidayat",Pemuda Muhammadiyah Jaring Pengusaha Muda di Aceh,https://web.suaramuhammadiyah.id/2022/10/21/pemuda-muhammadiyah-jaring-pengusaha-muda-di-aceh/,web.suaramuhammadiyah.id,2022-10-21,medium,28,wirausaha muda Aceh,Aulia,,2.0,needs_review,neutral,1,0,auto,
3543,"Anwar mengajak seluruh Ortom dan Aum Muhammadiyah untuk melakukan kolaborasi dengan Pegadaian Syariah agar semua usaha baik kecil maupun besar dapat dibantu apalagi ini adalah program pemerintah, memberikan modal bagi pelaku usaha.",Pemuda Muhammadiyah Jaring Pengusaha Muda di Aceh,https://web.suaramuhammadiyah.id/2022/10/21/pemuda-muhammadiyah-jaring-pengusaha-muda-di-aceh/,web.suaramuhammadiyah.id,2022-10-21,medium,32,wirausaha muda Aceh,Aulia,,2.0,needs_review,neutral,1,0,auto,
3544,"Ketua Pimpinan Pusat (PP) Pemuda Muhammadiyah Bidang Ekonomi dan Kewirausahaan Horo Wahyudi, S.H. dalam sesi tanya jawab yang di pandu oleh Mimi asri, mengatakan temu pengusaha muda Banda Aceh merupakan rangkaian kegiatan PP Pemuda Muhammadiyah dalam upaya kemandirian ekonomi Pemuda Muhammadiyah.",Pemuda Muhammadiyah Jaring Pengusaha Muda di Aceh,https://web.suaramuhammadiyah.id/2022/10/21/pemuda-muhammadiyah-jaring-pengusaha-muda-di-aceh/,web.suaramuhammadiyah.id,2022-10-21,high,41,wirausaha muda Aceh,Aulia,,0.0,needs_review,neutral,0,0,auto,
3620,Menteri Pariwisata dan Ekonomi Kreatif (Menparekraf) Sandiaga Uno mendorong lahirnya bibit unggul wirausaha muda berintegritas. Salah satunya melalui pemberian 'Beasiswa Kepemimpinan untuk Milenial di Aceh'.,Sandiaga Beri Beasiswa Kepemimpinan ke Pengusaha Muda di Aceh,https://www.detik.com/sumut/sumut-bercahaya/d-6673775/sandiaga-beri-beasiswa-kepemimpinan-ke-pengusaha-muda-di-aceh,detik.com,2023-04-14,high,25,wirausaha muda Aceh,Aulia,,2.0,needs_review,positive,2,0,auto,
3623,"Hal tersebut ia sampaikan di AAC Dayan Dawood, Kopelma Darussalam, Banda Aceh, Kamis (13/4) kemarin. Dikatakan Sandiaga, strategi untuk menjadi owner muda, yaitu Gercep, Geber, dan Gaspol. Ia pun optimistis dengan antusiasme tinggi dari peserta yang hadir maka bisa mencetak wirausaha baru di masa akan datang.",Sandiaga Beri Beasiswa Kepemimpinan ke Pengusaha Muda di Aceh,https://www.detik.com/sumut/sumut-bercahaya/d-6673775/sandiaga-beri-beasiswa-kepemimpinan-ke-pengusaha-muda-di-aceh,detik.com,2023-04-14,high,46,wirausaha muda Aceh,Aulia,,0.0,needs_review,neutral,1,0,auto,
3624,"""Peserta harus adaptif, inovatif, dan kolaboratif, karena peluang ini tidak datang berkali-kali. Mereka perlu Gercep (Gerak Cepet), Geber (Gerak Bersama), dan Gaspol (Garap Semua Potensi),"" tutur Sandiaga.",Sandiaga Beri Beasiswa Kepemimpinan ke Pengusaha Muda di Aceh,https://www.detik.com/sumut/sumut-bercahaya/d-6673775/sandiaga-beri-beasiswa-kepemimpinan-ke-pengusaha-muda-di-aceh,detik.com,2023-04-14,medium,27,wirausaha muda Aceh,Aulia,,1.0,needs_review,positive,2,0,auto,
3625,"Dia menjelaskan seorang pebisnis muda harus memiliki panduan. Di Aceh yang kental dengan syariat Islam, maka konten yang disajikan tidak hanya cerdas, tapi juga fatanah, amanah, bertanggung jawab, sidiq, tabliq, uniq, dan otentik.",Sandiaga Beri Beasiswa Kepemimpinan ke Pengusaha Muda di Aceh,https://www.detik.com/sumut/sumut-bercahaya/d-6673775/sandiaga-beri-beasiswa-kepemimpinan-ke-pengusaha-muda-di-aceh,detik.com,2023-04-14,high,33,wirausaha muda Aceh,Aulia,,1.0,needs_review,neutral,0,0,auto,
3626,"""Dikarenakan owner harus fokus kepada kualitas dan sustainabilitas, saya yakin antusias mereka dapat menjadi pemimpin entrepreneur,"" sambungnya.",Sandiaga Beri Beasiswa Kepemimpinan ke Pengusaha Muda di Aceh,https://www.detik.com/sumut/sumut-bercahaya/d-6673775/sandiaga-beri-beasiswa-kepemimpinan-ke-pengusaha-muda-di-aceh,detik.com,2023-04-14,medium,17,wirausaha muda Aceh,Aulia,,0.0,needs_review,neutral,0,0,auto,
3627,"Menurut Sandiaga, pihaknya akan terus memonitor program yang dijalankan Sandination dalam menciptakan pengusaha sukses masa depan yang berkompeten.",Sandiaga Beri Beasiswa Kepemimpinan ke Pengusaha Muda di Aceh,https://www.detik.com/sumut/sumut-bercahaya/d-6673775/sandiaga-beri-beasiswa-kepemimpinan-ke-pengusaha-muda-di-aceh,detik.com,2023-04-14,medium,18,wirausaha muda Aceh,Aulia,,2.0,needs_review,neutral,1,0,auto,
3628,"""Harapannya pelatihan ini terus bergulir, karena ada para ambassador yang akan memonitor, memantau, dan mengevaluasi agar program ini tidak hanya ceremonial, tetapi akan berjenjang dan dalam 5 tahun kedepan bisa diperlihatkan sebagai pengusaha sukses,"" imbuhnya.",Sandiaga Beri Beasiswa Kepemimpinan ke Pengusaha Muda di Aceh,https://www.detik.com/sumut/sumut-bercahaya/d-6673775/sandiaga-beri-beasiswa-kepemimpinan-ke-pengusaha-muda-di-aceh,detik.com,2023-04-14,medium,35,wirausaha muda Aceh,Aulia,,2.0,needs_review,positive,2,0,auto,
3630,"Tak hanya itu, selama kegiatan ini Sandiaga didampingi oleh tiga orang terpilih dalam program Sandiaga Uno Youth Ambassador (SYA) tahun 2023 asal Aceh yang memiliki prestasi akademik dan non akademik diharapkan akan menjadi pemimpin masa depan bangsa.",Sandiaga Beri Beasiswa Kepemimpinan ke Pengusaha Muda di Aceh,https://www.detik.com/sumut/sumut-bercahaya/d-6673775/sandiaga-beri-beasiswa-kepemimpinan-ke-pengusaha-muda-di-aceh,detik.com,2023-04-14,high,37,wirausaha muda Aceh,Aulia,,2.0,needs_review,neutral,1,0,auto,
3777,"ACEHTREND.COM, Banda Aceh - Presiden Joko Widodo akan kembali berkunjung ke Aceh, untuk meresmikan Gedung Pusat Pembinaan Aneuk Muda Aceh Unggul Hebat (Amanah) di Kawasan Industri Aceh (KIA) Ladong, Aceh Besar dan Proyek Bendungan Kerto, di Aceh Utara, pada hari Selasa (15/10/2024) mendatang.",Presiden Joko Widodo akan Resmikan HUB UMKM Aneuk Muda Unggul Aceh di KIA Ladong,https://www.acehtrend.com/news/presiden-joko-widodo-akan-resmikan-hub-umkm-aneuk-muda-unggul-aceh-di-kia-ladong/index.html,acehtrend.com,"Mon, 14 Oct 2024 07:00:00 GMT",high,43,wirausaha muda Aceh,Aulia,,2.0,needs_review,neutral,1,0,auto,
3780,"Untuk Indonesia, sebut Kadisperindag Aceh itu, program sejenis Amanah itu, hanya ada di dua provinsi saja. Pertama di Papua dan kedua di Aceh.",Presiden Joko Widodo akan Resmikan HUB UMKM Aneuk Muda Unggul Aceh di KIA Ladong,https://www.acehtrend.com/news/presiden-joko-widodo-akan-resmikan-hub-umkm-aneuk-muda-unggul-aceh-di-kia-ladong/index.html,acehtrend.com,"Mon, 14 Oct 2024 07:00:00 GMT",high,23,wirausaha muda Aceh,Aulia,,0.0,needs_review,neutral,0,0,auto,
3781,"Di Papua, program itu sudah diresmikan Presiden Joko Widodo dan telah berjalan lima tahun lalu, pasca pelaksanaan PON XX di Papua, ujar Mohd Tanwir.",Presiden Joko Widodo akan Resmikan HUB UMKM Aneuk Muda Unggul Aceh di KIA Ladong,https://www.acehtrend.com/news/presiden-joko-widodo-akan-resmikan-hub-umkm-aneuk-muda-unggul-aceh-di-kia-ladong/index.html,acehtrend.com,"Mon, 14 Oct 2024 07:00:00 GMT",medium,24,wirausaha muda Aceh,Aulia,,1.0,needs_review,neutral,0,0,auto,
3782,"Di Aceh, sambungnya, hal yang sama dilakukan Presiden Joko Widodo, setelah penyelenggaraan PON XXI Aceh-Sumut pada September 2024 lalu.",Presiden Joko Widodo akan Resmikan HUB UMKM Aneuk Muda Unggul Aceh di KIA Ladong,https://www.acehtrend.com/news/presiden-joko-widodo-akan-resmikan-hub-umkm-aneuk-muda-unggul-aceh-di-kia-ladong/index.html,acehtrend.com,"Mon, 14 Oct 2024 07:00:00 GMT",high,19,wirausaha muda Aceh,Aulia,,0.0,needs_review,neutral,0,0,auto,
3783,"Pelaksanaan Program Unggul Amanah Presiden Joko Widodo itu, kata Mohd Tanwir, dilakukan oleh Badan Inteligen Negara (BIN) Pusat, atas perintah Presiden.",Presiden Joko Widodo akan Resmikan HUB UMKM Aneuk Muda Unggul Aceh di KIA Ladong,https://www.acehtrend.com/news/presiden-joko-widodo-akan-resmikan-hub-umkm-aneuk-muda-unggul-aceh-di-kia-ladong/index.html,acehtrend.com,"Mon, 14 Oct 2024 07:00:00 GMT",medium,21,wirausaha muda Aceh,Aulia,,0.0,needs_review,neutral,1,0,auto,
3784,"Program Amanah itu, sebut Mohd Tanwir, meliputi sejumlah bidang usaha yaitu pertanian, perkebunan, peternakan, perikanan, industri kreatif, UMKM, olahraga, sosial, program, dan lainnya.",Presiden Joko Widodo akan Resmikan HUB UMKM Aneuk Muda Unggul Aceh di KIA Ladong,https://www.acehtrend.com/news/presiden-joko-widodo-akan-resmikan-hub-umkm-aneuk-muda-unggul-aceh-di-kia-ladong/index.html,acehtrend.com,"Mon, 14 Oct 2024 07:00:00 GMT",medium,23,wirausaha muda Aceh,Aulia,,0.0,needs_review,neutral,0,0,auto,
3785,"Kegiatan Unggulan Program Amanah itu, menurut Mohd Tanwir, sudah berjalan. BIN selaku pihak yang ditunjuk Presiden Joko Widodo untuk penyelenggara program itu, telah merangkul pemuda di Aceh menjadi wirausaha unggul lewat pelatihan hilirisasi produk nilam.",Presiden Joko Widodo akan Resmikan HUB UMKM Aneuk Muda Unggul Aceh di KIA Ladong,https://www.acehtrend.com/news/presiden-joko-widodo-akan-resmikan-hub-umkm-aneuk-muda-unggul-aceh-di-kia-ladong/index.html,acehtrend.com,"Mon, 14 Oct 2024 07:00:00 GMT",high,35,wirausaha muda Aceh,Aulia,,2.0,needs_review,neutral,1,0,auto,
3786,"Selain itu, BIN juga sudah merangkul pemuda Aceh, untuk menjadi pengolah kopi siap saji (barista), yang handal dan profesional untuk komoditi kopi. Kemudian merangkul pemuda menjadi petani cabe merah milenial di Bener Meriah dan Aceh Tengah.",Presiden Joko Widodo akan Resmikan HUB UMKM Aneuk Muda Unggul Aceh di KIA Ladong,https://www.acehtrend.com/news/presiden-joko-widodo-akan-resmikan-hub-umkm-aneuk-muda-unggul-aceh-di-kia-ladong/index.html,acehtrend.com,"Mon, 14 Oct 2024 07:00:00 GMT",high,36,wirausaha muda Aceh,Aulia,,0.0,needs_review,neutral,0,0,auto,
3792,"Harapan Presiden membangun HUB UMKM di KIA Ladong itu, menurut Moh Tanwir, untuk memperkuat UMKM di Aceh dan menjadi andalan bagi anak muda Aceh untuk membangun industri pengolahan UMKM yang kuat dan handal.",Presiden Joko Widodo akan Resmikan HUB UMKM Aneuk Muda Unggul Aceh di KIA Ladong,https://www.acehtrend.com/news/presiden-joko-widodo-akan-resmikan-hub-umkm-aneuk-muda-unggul-aceh-di-kia-ladong/index.html,acehtrend.com,"Mon, 14 Oct 2024 07:00:00 GMT",high,33,wirausaha muda Aceh,Aulia,,2.0,needs_review,neutral,1,0,auto,
3795,"Program Amanah itu, kata Mohd Tanwir, merupakan legacy Presiden Joko Widodo untuk masyarakat dan anak muda di Aceh. []",Presiden Joko Widodo akan Resmikan HUB UMKM Aneuk Muda Unggul Aceh di KIA Ladong,https://www.acehtrend.com/news/presiden-joko-widodo-akan-resmikan-hub-umkm-aneuk-muda-unggul-aceh-di-kia-ladong/index.html,acehtrend.com,"Mon, 14 Oct 2024 07:00:00 GMT",high,19,wirausaha muda Aceh,Aulia,,1.0,needs_review,neutral,0,0,auto,
3797,"Kegiatan yang dihadiri oleh puluhan pelaku ekonomi UKM di wilayah Aceh Besar ini dibuka secara langsung oleh Kepala Dinas (Kadis) Diskop UKM Aceh, Azhari.",Diskop dan UKM Aceh Bekali Puluhan Wirausaha Laundry Pemula di Aceh Besar,https://ruangberita.co/news/diskop-dan-ukm-aceh-bekali-puluhan-wirausaha-laundry-pemula-di-aceh-besar/index.html,ruangberita.co,2022-07-04,high,24,wirausaha muda Aceh,Aulia,,1.0,needs_review,neutral,0,0,auto,
3798,"Dalam sambutannya, Kadiskop dan UKM Aceh, Azhari mengatakan kegiatan bimtek ini dilakukan untuk dapat membentuk karakter maupun sikap profesionalisme bagi pelaku usaha dalam mengelola usaha bisnis.",Diskop dan UKM Aceh Bekali Puluhan Wirausaha Laundry Pemula di Aceh Besar,https://ruangberita.co/news/diskop-dan-ukm-aceh-bekali-puluhan-wirausaha-laundry-pemula-di-aceh-besar/index.html,ruangberita.co,2022-07-04,high,26,wirausaha muda Aceh,Aulia,,1.0,needs_review,neutral,0,0,auto,
3800,"Selain itu, kegiatan bimtek terhadap para pelaku wirausaha laundry ini juga dilakukan sebagai langkah aspek penguatan keahlian terhadap para pelaku usaha.",Diskop dan UKM Aceh Bekali Puluhan Wirausaha Laundry Pemula di Aceh Besar,https://ruangberita.co/news/diskop-dan-ukm-aceh-bekali-puluhan-wirausaha-laundry-pemula-di-aceh-besar/index.html,ruangberita.co,2022-07-04,medium,21,wirausaha muda Aceh,Aulia,,2.0,needs_review,neutral,0,1,auto,
3802,"Selanjutnya, Kadiskop UKM Aceh juga menyebutkan bahwa kedepan Indonesia akan memasuki yang namanya bonus demografi, dimana munculnya kekuatan generasi muda yang mendominasi.",Diskop dan UKM Aceh Bekali Puluhan Wirausaha Laundry Pemula di Aceh Besar,https://ruangberita.co/news/diskop-dan-ukm-aceh-bekali-puluhan-wirausaha-laundry-pemula-di-aceh-besar/index.html,ruangberita.co,2022-07-04,high,22,wirausaha muda Aceh,Aulia,,1.0,needs_review,neutral,0,0,auto,
3803,"""Kedepan kaum generasi muda bakal mendominasi Indonesia secara 70% dan keadaan bonus demografi ini harus dapat dimanfaatkan karena disana juga bakal menjadi satu tantangan untuk dapat bersaing,"" katanya.",Diskop dan UKM Aceh Bekali Puluhan Wirausaha Laundry Pemula di Aceh Besar,https://ruangberita.co/news/diskop-dan-ukm-aceh-bekali-puluhan-wirausaha-laundry-pemula-di-aceh-besar/index.html,ruangberita.co,2022-07-04,medium,28,wirausaha muda Aceh,Aulia,,1.0,needs_review,neutral,1,1,auto,
3806,"Kegiatan Bimtek tersebut juga menghadirkan Divisi Pemasaran dan Expo dari Pusat Layanan Usaha Terpadu (PLUT) UMKM Aceh Besar Teuku Fiza yang memberikan materi motivasi dan semangat kewirausahaan serta strategi menjadi wirausaha kreatif, inovatif dan mandiri.",Diskop dan UKM Aceh Bekali Puluhan Wirausaha Laundry Pemula di Aceh Besar,https://ruangberita.co/news/diskop-dan-ukm-aceh-bekali-puluhan-wirausaha-laundry-pemula-di-aceh-besar/index.html,ruangberita.co,2022-07-04,high,35,wirausaha muda Aceh,Aulia,,2.0,needs_review,neutral,0,0,auto,
3829,"BSI Aceh MuslimPreneur merupakan program inkubator bagi para wirausaha muda untuk membangun dan meningkatkan kapasitas usahanya, sehingga mampu bersaing di kancah global.","Gandeng Unsam Langsa, BSI Komitmen Bangun Ekosistem Wirausaha Muda",https://sudutberita.id/2023/03/21/gandeng-unsam-langsa-bsi-komitmen-bangun-ekosistem-wirausaha-muda/,sudutberita.id,2023-03-21,high,22,wirausaha muda Aceh,Aulia,,2.0,needs_review,neutral,1,0,auto,
3832,"Area Manager BSI Lhokseumawe, Hijazi menegaskan bahwa sebagai market leader perbankan syariah di Aceh, BSI berinisiatif untuk terus bersinergi dan berkolaborasi dengan perguruan tinggi, baik memperkuat kehadiran di kampus, maupun menumbuhkan jiwa kewirausahaan.","Gandeng Unsam Langsa, BSI Komitmen Bangun Ekosistem Wirausaha Muda",https://sudutberita.id/2023/03/21/gandeng-unsam-langsa-bsi-komitmen-bangun-ekosistem-wirausaha-muda/,sudutberita.id,2023-03-21,high,33,wirausaha muda Aceh,Aulia,,2.0,needs_review,neutral,1,0,auto,
3833,"Pemilihan UNSAM serta sebagai lokasi scouting Aceh MuslimPreneur dilakukan karena sebagai perguruan tinggi terbaik di Aceh Timur, UNSAM memiliki potensi dan daya tarik yang luar biasa besar sebagai tempat berkumpulnya mahasiswa.","Gandeng Unsam Langsa, BSI Komitmen Bangun Ekosistem Wirausaha Muda",https://sudutberita.id/2023/03/21/gandeng-unsam-langsa-bsi-komitmen-bangun-ekosistem-wirausaha-muda/,sudutberita.id,2023-03-21,high,31,wirausaha muda Aceh,Aulia,,2.0,needs_review,positive,2,0,auto,
3834,"Selain itu, UNSAM memiliki komitmen yang sejalan dengan BSI dalam pengembangan Enterpreneur Community Based, kata Hijazi.","Gandeng Unsam Langsa, BSI Komitmen Bangun Ekosistem Wirausaha Muda",https://sudutberita.id/2023/03/21/gandeng-unsam-langsa-bsi-komitmen-bangun-ekosistem-wirausaha-muda/,sudutberita.id,2023-03-21,medium,16,wirausaha muda Aceh,Aulia,,2.0,needs_review,neutral,1,0,auto,
3835,Hijazi optimis bahwa para civitas academika mampu sebagai agen kebaikan dalam pengembangan ekosistem muslimpreneur di wilayah kampus dan memberikan banyak warna di ajang kompetisi Aceh MuslimPreneur 2023.,"Gandeng Unsam Langsa, BSI Komitmen Bangun Ekosistem Wirausaha Muda",https://sudutberita.id/2023/03/21/gandeng-unsam-langsa-bsi-komitmen-bangun-ekosistem-wirausaha-muda/,sudutberita.id,2023-03-21,high,27,wirausaha muda Aceh,Aulia,,2.0,needs_review,positive,2,0,auto,
3836,"Melalui scouting ini, kata dia, BSI dapat memberikan kesempatan berkompetisi yang lebih besar bagi wirausahawan di provinsi Daerah Istimewa Aceh.","Gandeng Unsam Langsa, BSI Komitmen Bangun Ekosistem Wirausaha Muda",https://sudutberita.id/2023/03/21/gandeng-unsam-langsa-bsi-komitmen-bangun-ekosistem-wirausaha-muda/,sudutberita.id,2023-03-21,high,20,wirausaha muda Aceh,Aulia,,2.0,needs_review,neutral,0,0,auto,
3837,"Selain itu, tambahnya, juga membawa dampak yang positif bagi seluruh pihak dan dapat menumbuh kembangkan ekonomi syariah dan UMKM di Indonesia.","Gandeng Unsam Langsa, BSI Komitmen Bangun Ekosistem Wirausaha Muda",https://sudutberita.id/2023/03/21/gandeng-unsam-langsa-bsi-komitmen-bangun-ekosistem-wirausaha-muda/,sudutberita.id,2023-03-21,medium,21,wirausaha muda Aceh,Aulia,,1.0,needs_review,neutral,0,0,auto,
3838,Aceh MuslimPreneur mengajak para talenta-talenta muda ikut berkompetisi memberikan ide-ide terbaiknya dan nantinya menjadi agen-agen UMKM yang menjadi corong kebangkitan UMKM Indonesia.,"Gandeng Unsam Langsa, BSI Komitmen Bangun Ekosistem Wirausaha Muda",https://sudutberita.id/2023/03/21/gandeng-unsam-langsa-bsi-komitmen-bangun-ekosistem-wirausaha-muda/,sudutberita.id,2023-03-21,high,22,wirausaha muda Aceh,Aulia,,1.0,needs_review,neutral,1,0,auto,
3839,"Hijazi menyampaikan bahwa tahun ini, BSI menargetkan 2.000 peserta yang akan mengikuti Aceh MuslimPreneur 2023 dengan menyasar 3 kota besar di Aceh antaranya Banda Aceh, Meulaboh, Lhoksumawe dan Langsa. Kota-kota ini dipilih mengingat potensi industri kreatif yang sedang berkembang.","Gandeng Unsam Langsa, BSI Komitmen Bangun Ekosistem Wirausaha Muda",https://sudutberita.id/2023/03/21/gandeng-unsam-langsa-bsi-komitmen-bangun-ekosistem-wirausaha-muda/,sudutberita.id,2023-03-21,high,39,wirausaha muda Aceh,Aulia,,2.0,needs_review,positive,2,0,auto,
3840,"Program Aceh MuslimPreneur akan mencari 18 pemenang yang akan mendapatkan total hadiah ratusan juta rupiah dari tiga kategori yang ada di BSI AMP yaitu Starter (Pemula), Scale-up (Pebisnis Berkembang), dan Sustainable (Pebisnis Mapan), katanya. []","Gandeng Unsam Langsa, BSI Komitmen Bangun Ekosistem Wirausaha Muda",https://sudutberita.id/2023/03/21/gandeng-unsam-langsa-bsi-komitmen-bangun-ekosistem-wirausaha-muda/,sudutberita.id,2023-03-21,high,35,wirausaha muda Aceh,Aulia,,5.0,needs_review,neutral,1,0,auto,
3897,"Kegiatan berlangsung meriah dengan antusiasme tinggi peserta yang memenuhi lokasi acara. Relaunching AMANAH difokuskan pada perluasan akses pengembangan diri pemuda melalui pelatihan kepemimpinan, kewirausahaan, dan penguatan literasi digital.","Amanah Bangkit Lagi, Fokus Cetak Wirausaha Muda Aceh",https://wartaekonomi.co.id/read608877/amanah-bangkit-lagi-fokus-cetak-wirausaha-muda-aceh,wartaekonomi.co.id,"Wed, 22 Apr 2026 07:00:00 GMT",medium,28,wirausaha muda Aceh,Aulia,,2.0,needs_review,neutral,1,0,auto,
3899,"Amanah Aceh hadir sebagai ruang tumbuh bagi pemuda untuk mengembangkan potensi diri secara maksimal. Kami ingin memastikan setiap anak muda memiliki kesempatan yang sama untuk belajar, berinovasi, dan berkontribusi bagi kemajuan Aceh, ujar Syaifullah, dalam keterangan resmi di Jakarta, Rabu (22/4/2026).","Amanah Bangkit Lagi, Fokus Cetak Wirausaha Muda Aceh",https://wartaekonomi.co.id/read608877/amanah-bangkit-lagi-fokus-cetak-wirausaha-muda-aceh,wartaekonomi.co.id,"Wed, 22 Apr 2026 07:00:00 GMT",high,41,wirausaha muda Aceh,Aulia,,2.0,needs_review,positive,5,0,auto,
3900,"Menurut dia, relaunching juga menjadi momentum memperkuat kemitraan dengan berbagai pihak agar program berjalan efektif dan berkelanjutan.","Amanah Bangkit Lagi, Fokus Cetak Wirausaha Muda Aceh",https://wartaekonomi.co.id/read608877/amanah-bangkit-lagi-fokus-cetak-wirausaha-muda-aceh,wartaekonomi.co.id,"Wed, 22 Apr 2026 07:00:00 GMT",medium,17,wirausaha muda Aceh,Aulia,,1.0,needs_review,neutral,1,0,auto,
3901,"Kami tidak bisa berjalan sendiri. Sinergi dengan pemerintah, dunia usaha, dan komunitas menjadi kunci agar program ini benar-benar berdampak luas dan berkelanjutan, kata Syaifullah.","Amanah Bangkit Lagi, Fokus Cetak Wirausaha Muda Aceh",https://wartaekonomi.co.id/read608877/amanah-bangkit-lagi-fokus-cetak-wirausaha-muda-aceh,wartaekonomi.co.id,"Wed, 22 Apr 2026 07:00:00 GMT",medium,24,wirausaha muda Aceh,Aulia,,2.0,needs_review,neutral,0,0,auto,
3902,"Program Amanah dirancang lebih adaptif terhadap kebutuhan pemuda saat ini. Pendekatan baru menitikberatkan pada kolaborasi, pemanfaatan teknologi, dan program berbasis kebutuhan riil di lapangan agar mampu menjangkau peserta lebih luas.","Amanah Bangkit Lagi, Fokus Cetak Wirausaha Muda Aceh",https://wartaekonomi.co.id/read608877/amanah-bangkit-lagi-fokus-cetak-wirausaha-muda-aceh,wartaekonomi.co.id,"Wed, 22 Apr 2026 07:00:00 GMT",medium,30,wirausaha muda Aceh,Aulia,,2.0,needs_review,positive,2,1,auto,
3904,"Peluncuran ulang Amanah dinilai menjadi salah satu langkah strategis dalam menyiapkan sumber daya manusia muda yang kompetitif. Penguatan kapasitas pemuda diharapkan mendorong lahirnya pelaku usaha baru, peningkatan inovasi, dan perluasan kontribusi generasi muda terhadap pertumbuhan ekonomi Aceh.","Amanah Bangkit Lagi, Fokus Cetak Wirausaha Muda Aceh",https://wartaekonomi.co.id/read608877/amanah-bangkit-lagi-fokus-cetak-wirausaha-muda-aceh,wartaekonomi.co.id,"Wed, 22 Apr 2026 07:00:00 GMT",high,37,wirausaha muda Aceh,Aulia,,4.0,needs_review,positive,6,1,auto,
3905,"Dengan fokus pada kewirausahaan dan literasi digital, Amanah menempatkan pemuda sebagai aktor utama pembangunan daerah. Program ini sekaligus memperkuat ekosistem pembinaan talenta muda agar lebih siap menghadapi persaingan kerja dan peluang usaha di masa depan.","Amanah Bangkit Lagi, Fokus Cetak Wirausaha Muda Aceh",https://wartaekonomi.co.id/read608877/amanah-bangkit-lagi-fokus-cetak-wirausaha-muda-aceh,wartaekonomi.co.id,"Wed, 22 Apr 2026 07:00:00 GMT",medium,35,wirausaha muda Aceh,Aulia,,2.0,needs_review,neutral,1,0,auto,
3913,"Hal tersebut disampaikan saat menerima audiensi pengurus Yayasan Aneuk Muda Aceh Unggul dan Hebat (AMANAH) masa bakti 20262031 di MeuligoeWali Nanggroe, Kamis (16/4/2026).",Wali Nanggroe Dorong Pemuda Aceh Jadi Penggerak Ekosistem Ekonomi Kreatif,https://aceh.tribunnews.com/nanggroe/1021196/wali-nanggroe-dorong-pemuda-aceh-jadi-penggerak-ekosistem-ekonomi-kreatif,aceh.tribunnews.com,"Sat, 18 Apr 2026 07:00:00 GMT",high,23,wirausaha muda Aceh,Aulia,,1.0,needs_review,neutral,1,0,auto,
3914,"Dalam pertemuan itu,Wali Nanggroemenekankan bahwa masa depan Aceh sangat ditentukan oleh kemampuan pemuda dalam mengolah kreativitas menjadi kekuatan ekonomi yang produktif dan berkelanjutan.",Wali Nanggroe Dorong Pemuda Aceh Jadi Penggerak Ekosistem Ekonomi Kreatif,https://aceh.tribunnews.com/nanggroe/1021196/wali-nanggroe-dorong-pemuda-aceh-jadi-penggerak-ekosistem-ekonomi-kreatif,aceh.tribunnews.com,"Sat, 18 Apr 2026 07:00:00 GMT",high,23,wirausaha muda Aceh,Aulia,,2.0,needs_review,neutral,0,0,auto,
3915,"Pemuda Aceh harus menjadi pelaku utama dalam ekonomi kreatifmenciptakan nilai tambah dari ide, inovasi, dan kearifan lokal. Ini yang akan menggerakkan ekonomi baru Aceh, tegasnya.",Wali Nanggroe Dorong Pemuda Aceh Jadi Penggerak Ekosistem Ekonomi Kreatif,https://aceh.tribunnews.com/nanggroe/1021196/wali-nanggroe-dorong-pemuda-aceh-jadi-penggerak-ekosistem-ekonomi-kreatif,aceh.tribunnews.com,"Sat, 18 Apr 2026 07:00:00 GMT",high,25,wirausaha muda Aceh,Aulia,,1.0,needs_review,neutral,1,0,auto,
3917,"Syaifullah Muhammad juga menyampaikan bahwa AMANAH kini tengah melakukan reaktivasi organisasi dengan arah baru yang lebih progresif, yakni membangun ekosistem terintegrasi pengembangan pemuda berbasis ekonomi kreatif dan kewirausahaan.",Wali Nanggroe Dorong Pemuda Aceh Jadi Penggerak Ekosistem Ekonomi Kreatif,https://aceh.tribunnews.com/nanggroe/1021196/wali-nanggroe-dorong-pemuda-aceh-jadi-penggerak-ekosistem-ekonomi-kreatif,aceh.tribunnews.com,"Sat, 18 Apr 2026 07:00:00 GMT",medium,28,wirausaha muda Aceh,Aulia,,2.0,needs_review,positive,2,0,auto,
3921,"Ia menambahkan, pendekatan ekosistem ini diharapkan mampu melahirkan startup lokal, kreator, dan wirausaha muda yang tidak hanya bertahan, tetapi mampu bersaing di pasar nasional dan global.",Wali Nanggroe Dorong Pemuda Aceh Jadi Penggerak Ekosistem Ekonomi Kreatif,https://aceh.tribunnews.com/nanggroe/1021196/wali-nanggroe-dorong-pemuda-aceh-jadi-penggerak-ekosistem-ekonomi-kreatif,aceh.tribunnews.com,"Sat, 18 Apr 2026 07:00:00 GMT",medium,26,wirausaha muda Aceh,Aulia,,2.0,needs_review,neutral,0,0,auto,
3922,"Sementara itu,Wali Nanggroememberikan apresiasi atas komitmen AMANAH dalam membangun generasi muda.",Wali Nanggroe Dorong Pemuda Aceh Jadi Penggerak Ekosistem Ekonomi Kreatif,https://aceh.tribunnews.com/nanggroe/1021196/wali-nanggroe-dorong-pemuda-aceh-jadi-penggerak-ekosistem-ekonomi-kreatif,aceh.tribunnews.com,"Sat, 18 Apr 2026 07:00:00 GMT",medium,11,wirausaha muda Aceh,Aulia,,1.0,needs_review,neutral,0,0,auto,
3924,"Pergi belajar ke luar, lihat dunia, tapi pulanglah untuk membangun Aceh dengan perspektif yang lebih maju, pesannya.",Wali Nanggroe Dorong Pemuda Aceh Jadi Penggerak Ekosistem Ekonomi Kreatif,https://aceh.tribunnews.com/nanggroe/1021196/wali-nanggroe-dorong-pemuda-aceh-jadi-penggerak-ekosistem-ekonomi-kreatif,aceh.tribunnews.com,"Sat, 18 Apr 2026 07:00:00 GMT",high,17,wirausaha muda Aceh,Aulia,,1.0,needs_review,neutral,0,0,auto,
3925,"Di sisi lain, ia mengingatkan bahwa pengembangan ekonomi, termasuk ekonomi kreatif, harus tetap selaras dengan tata ruang, kelestarian lingkungan, serta identitas budaya Aceh.",Wali Nanggroe Dorong Pemuda Aceh Jadi Penggerak Ekosistem Ekonomi Kreatif,https://aceh.tribunnews.com/nanggroe/1021196/wali-nanggroe-dorong-pemuda-aceh-jadi-penggerak-ekosistem-ekonomi-kreatif,aceh.tribunnews.com,"Sat, 18 Apr 2026 07:00:00 GMT",high,23,wirausaha muda Aceh,Aulia,,1.0,needs_review,neutral,1,0,auto,
3926,"Ekonomi boleh tumbuh cepat, tapi jangan kehilangan jati diri. Aceh harus modern, namun tetap berakar pada nilai dan karakter keacehan, tutupnya.",Wali Nanggroe Dorong Pemuda Aceh Jadi Penggerak Ekosistem Ekonomi Kreatif,https://aceh.tribunnews.com/nanggroe/1021196/wali-nanggroe-dorong-pemuda-aceh-jadi-penggerak-ekosistem-ekonomi-kreatif,aceh.tribunnews.com,"Sat, 18 Apr 2026 07:00:00 GMT",high,21,wirausaha muda Aceh,Aulia,,2.0,needs_review,neutral,1,1,auto,
3927,"Audiensi ini menjadi momentum penting bagi kebangkitan AMANAH sebagai katalisator lahirnya ekosistem ekonomi kreatif berbasis pemuda, yang diharapkan mampu mendorong transformasi ekonomi Aceh ke arah yang lebih inovatif, inklusif, dan berkelanjutan.(*)",Wali Nanggroe Dorong Pemuda Aceh Jadi Penggerak Ekosistem Ekonomi Kreatif,https://aceh.tribunnews.com/nanggroe/1021196/wali-nanggroe-dorong-pemuda-aceh-jadi-penggerak-ekosistem-ekonomi-kreatif,aceh.tribunnews.com,"Sat, 18 Apr 2026 07:00:00 GMT",high,31,wirausaha muda Aceh,Aulia,,2.0,needs_review,neutral,1,0,auto,
3928,KabarAktual.id Yayasan Aneuk Muda Aceh Unggul dan Hebat (AMANAH) memperkuat kolaborasi strategis dengan Bank Syariah Indonesia (BSI) guna mendorong pengembangan UMKM dan kewirausahaan generasi muda sebagai motor pertumbuhan ekonomi baru di Aceh.,AMANAH Gandeng BSI Perkuat UMKM dan Wirausaha Muda Aceh,https://kabaraktual.id/2026/03/10/amanah-gandeng-bsi-perkuat-umkm-dan-wirausaha-muda-aceh/,kabaraktual.id,2026-03-10,high,32,wirausaha muda Aceh,Aulia,,5.0,needs_review,positive,7,0,auto,
3929,"Komitmen tersebut mengemuka dalam pertemuan Ketua Yayasan AMANAH, Dr. Ir. Syaifullah Muhammad, ST, M.Eng, dengan Regional CEO BSI Aceh, Imsak Ramadhan, di Gedung Landmark BSI Aceh, Selasa (10/3/2026).",AMANAH Gandeng BSI Perkuat UMKM dan Wirausaha Muda Aceh,https://kabaraktual.id/2026/03/10/amanah-gandeng-bsi-perkuat-umkm-dan-wirausaha-muda-aceh/,kabaraktual.id,2026-03-10,high,28,wirausaha muda Aceh,Aulia,,2.0,needs_review,neutral,0,0,auto,
3930,"Dalam pertemuan itu, Syaifullah didampingi Direktur Badan Pekerja AMANAH Dr. Safwan Nurdin, Wakil Ketua Yayasan Dr. Iskandarsyah Madjid, serta sejumlah koordinator bidang.",AMANAH Gandeng BSI Perkuat UMKM dan Wirausaha Muda Aceh,https://kabaraktual.id/2026/03/10/amanah-gandeng-bsi-perkuat-umkm-dan-wirausaha-muda-aceh/,kabaraktual.id,2026-03-10,medium,22,wirausaha muda Aceh,Aulia,,0.0,needs_review,neutral,0,0,auto,
3934,"Fasilitas tersebut juga dilengkapi sejumlah peralatan produksi bernilai tinggi seperti mesin roasting kopi, instalasi pengolahan minyak nilam, serta perangkat produksi dan pengemasan produk turunan seperti kosmetik dan skincare.",AMANAH Gandeng BSI Perkuat UMKM dan Wirausaha Muda Aceh,https://kabaraktual.id/2026/03/10/amanah-gandeng-bsi-perkuat-umkm-dan-wirausaha-muda-aceh/,kabaraktual.id,2026-03-10,medium,28,wirausaha muda Aceh,Aulia,,2.0,needs_review,neutral,0,1,auto,
3937,"Di sektor pangan, program pemberdayaan juga mencakup pemanfaatan greenhouse hortikultura, budidaya cabai, serta pengembangan perikanan dengan sistem bioflok untuk mendukung stabilitas harga pangan dan pengendalian inflasi daerah.",AMANAH Gandeng BSI Perkuat UMKM dan Wirausaha Muda Aceh,https://kabaraktual.id/2026/03/10/amanah-gandeng-bsi-perkuat-umkm-dan-wirausaha-muda-aceh/,kabaraktual.id,2026-03-10,medium,27,wirausaha muda Aceh,Aulia,,1.0,needs_review,positive,4,0,auto,
3938,"Regional CEO BSI Aceh, Imsak Ramadhan, menyatakan pihaknya menyambut baik inisiatif kolaborasi tersebut dan terbuka bekerja sama sepanjang memberikan dampak nyata bagi masyarakat.",AMANAH Gandeng BSI Perkuat UMKM dan Wirausaha Muda Aceh,https://kabaraktual.id/2026/03/10/amanah-gandeng-bsi-perkuat-umkm-dan-wirausaha-muda-aceh/,kabaraktual.id,2026-03-10,high,23,wirausaha muda Aceh,Aulia,,2.0,needs_review,positive,2,0,auto,
3939,"Menurutnya, BSI menjalankan tiga semangat utama dalam program pemberdayaan, yakni Sahabat Finansial, Sahabat Spiritual, dan Sahabat Sosial, sebagai bentuk komitmen dalam mendukung pembangunan ekonomi berbasis nilai syariah.",AMANAH Gandeng BSI Perkuat UMKM dan Wirausaha Muda Aceh,https://kabaraktual.id/2026/03/10/amanah-gandeng-bsi-perkuat-umkm-dan-wirausaha-muda-aceh/,kabaraktual.id,2026-03-10,medium,27,wirausaha muda Aceh,Aulia,,2.0,needs_review,positive,2,0,auto,
3941,"Melalui kolaborasi ini, AMANAH dan BSI diharapkan mampu melahirkan lebih banyak wirausaha muda Aceh serta memperkuat UMKM agar naik kelas dan berdaya saing.[]",AMANAH Gandeng BSI Perkuat UMKM dan Wirausaha Muda Aceh,https://kabaraktual.id/2026/03/10/amanah-gandeng-bsi-perkuat-umkm-dan-wirausaha-muda-aceh/,kabaraktual.id,2026-03-10,high,23,wirausaha muda Aceh,Aulia,,2.0,needs_review,neutral,1,0,auto,
3942,Laporan WartawanSerambi IndonesiaIlhami Syahputra | Aceh Selatan,Pemkab Aceh Selatan Dorong Kemandirian Pemuda Lewat Pengembangan Wirausaha Muda 2025,https://aceh.tribunnews.com/nanggroe/1004257/pemkab-aceh-selatan-dorong-kemandirian-pemuda-lewat-pengembangan-wirausaha-muda-2025,aceh.tribunnews.com,"Thu, 25 Dec 2025 08:00:00 GMT",high,7,wirausaha muda Aceh,Aulia,,0.0,needs_review,neutral,0,0,auto,
3943,"SERAMBINEWS.COM, TAPAKTUAN -Pemerintah Kabupaten Aceh Selatan melalui Dinas Kepemudaan dan Olahraga (Dispora) melaksanakan kegiatan Pemberdayaan dan Pengembangan Wirausaha Muda Tahun 2025",Pemkab Aceh Selatan Dorong Kemandirian Pemuda Lewat Pengembangan Wirausaha Muda 2025,https://aceh.tribunnews.com/nanggroe/1004257/pemkab-aceh-selatan-dorong-kemandirian-pemuda-lewat-pengembangan-wirausaha-muda-2025,aceh.tribunnews.com,"Thu, 25 Dec 2025 08:00:00 GMT",high,21,wirausaha muda Aceh,Aulia,,2.0,needs_review,positive,2,0,auto,
3944,"Kegiatan itu dibuka oleh Plt. Bupati Aceh Selatan, Baital Mukadis, dalam kesempatan ini diwakili oleh Asisten Pemerintahan, Keistimewaan Aceh dan Kesejahteraan Rakyat, Kamarsyah, di Aula Dinas Perpustakaan dan Kearsipan Rabu (24/12/2025).",Pemkab Aceh Selatan Dorong Kemandirian Pemuda Lewat Pengembangan Wirausaha Muda 2025,https://aceh.tribunnews.com/nanggroe/1004257/pemkab-aceh-selatan-dorong-kemandirian-pemuda-lewat-pengembangan-wirausaha-muda-2025,aceh.tribunnews.com,"Thu, 25 Dec 2025 08:00:00 GMT",high,31,wirausaha muda Aceh,Aulia,,2.0,needs_review,neutral,0,0,auto,
3945,"Pemberdayaan dan pengembangan tersebut diikuti olehwirausahamuda berusia 16 sampai dengan 30 tahun ini, menghadirkan narasumber yang berpengalaman di bidang kewirausahaan, yakni Novi Rosmita, Ketua Ikatan Wanita Pengusaha Indonesia (IWAPI) DPC Aceh Selatan yang saat ini juga merupakan Anggota DPRK Aceh Selatan.",Pemkab Aceh Selatan Dorong Kemandirian Pemuda Lewat Pengembangan Wirausaha Muda 2025,https://aceh.tribunnews.com/nanggroe/1004257/pemkab-aceh-selatan-dorong-kemandirian-pemuda-lewat-pengembangan-wirausaha-muda-2025,aceh.tribunnews.com,"Thu, 25 Dec 2025 08:00:00 GMT",high,41,wirausaha muda Aceh,Aulia,,0.0,needs_review,positive,2,0,auto,
3946,"Kemudian Asbahrul Amri, Dosen Politeknik Aceh Selatan yang merupakan founder Tuah Banie dan populer dengan produk minuman inovatif Aie Banie, dan Sekretaris Dispora, Deka Harwinta Zianur, sebagai moderator.",Pemkab Aceh Selatan Dorong Kemandirian Pemuda Lewat Pengembangan Wirausaha Muda 2025,https://aceh.tribunnews.com/nanggroe/1004257/pemkab-aceh-selatan-dorong-kemandirian-pemuda-lewat-pengembangan-wirausaha-muda-2025,aceh.tribunnews.com,"Thu, 25 Dec 2025 08:00:00 GMT",high,28,wirausaha muda Aceh,Aulia,,2.0,needs_review,neutral,0,0,auto,
3947,Plt. Bupati Aceh Selatan dalam sambutannya yang diwakili oleh Asisten I Kamarsyah memberikan apresiasi terhadap kegiatan yang dimaksudkan untuk memberikan semangat serta motivasi kepada generasi muda agar mandiri dan mengembangkan usaha.,Pemkab Aceh Selatan Dorong Kemandirian Pemuda Lewat Pengembangan Wirausaha Muda 2025,https://aceh.tribunnews.com/nanggroe/1004257/pemkab-aceh-selatan-dorong-kemandirian-pemuda-lewat-pengembangan-wirausaha-muda-2025,aceh.tribunnews.com,"Thu, 25 Dec 2025 08:00:00 GMT",high,31,wirausaha muda Aceh,Aulia,,1.0,needs_review,neutral,0,0,auto,
3948,"Cara Baru Cek Penerima BLT Rp900 Ribu Desember 2025, KPM Wajib Tahu",Pemkab Aceh Selatan Dorong Kemandirian Pemuda Lewat Pengembangan Wirausaha Muda 2025,https://aceh.tribunnews.com/nanggroe/1004257/pemkab-aceh-selatan-dorong-kemandirian-pemuda-lewat-pengembangan-wirausaha-muda-2025,aceh.tribunnews.com,"Thu, 25 Dec 2025 08:00:00 GMT",medium,12,wirausaha muda Aceh,Aulia,,0.0,needs_review,neutral,0,0,auto,
3949,"Dengan lahirnya para pengusaha muda, tentunya akan dapat memberikan dampak positif terhadap pembangunan daerah, khususnya membuka kesempatan kerja ditengah tantangan global yang akan semakin berat ke depannya, ujarnya.",Pemkab Aceh Selatan Dorong Kemandirian Pemuda Lewat Pengembangan Wirausaha Muda 2025,https://aceh.tribunnews.com/nanggroe/1004257/pemkab-aceh-selatan-dorong-kemandirian-pemuda-lewat-pengembangan-wirausaha-muda-2025,aceh.tribunnews.com,"Thu, 25 Dec 2025 08:00:00 GMT",medium,28,wirausaha muda Aceh,Aulia,,1.0,needs_review,negative,1,2,auto,
3950,"Lebih lanjut, katanya, dengan menjadi pengusaha, saudara dan saudari sekalian akan membuka peluang kerja bagi masyarakat, bukan lagi sebagai pencari kerja, namun hadir sebagai pembuka lapangan kerja, tentunya dengan semangat dan kerja keras yang konsisten dan berkelanjutan, serta pantang menyerah menghadapi kegagalan demi kegagalan.",Pemkab Aceh Selatan Dorong Kemandirian Pemuda Lewat Pengembangan Wirausaha Muda 2025,https://aceh.tribunnews.com/nanggroe/1004257/pemkab-aceh-selatan-dorong-kemandirian-pemuda-lewat-pengembangan-wirausaha-muda-2025,aceh.tribunnews.com,"Thu, 25 Dec 2025 08:00:00 GMT",medium,44,wirausaha muda Aceh,Aulia,,2.0,needs_review,negative,1,2,auto,
3951,"Karena hal ini merupakan langkah menuju kesuksesan, khususnya dalam dunia kewirausahaan, jelas Kamarsyah.",Pemkab Aceh Selatan Dorong Kemandirian Pemuda Lewat Pengembangan Wirausaha Muda 2025,https://aceh.tribunnews.com/nanggroe/1004257/pemkab-aceh-selatan-dorong-kemandirian-pemuda-lewat-pengembangan-wirausaha-muda-2025,aceh.tribunnews.com,"Thu, 25 Dec 2025 08:00:00 GMT",medium,13,wirausaha muda Aceh,Aulia,,2.0,needs_review,neutral,1,1,auto,
3952,"Sementara itu, Plt. Kepala Dispora Kabupaten Aceh Selatan, Erwiandi, menyampaikan bahwa Pengembangan Wirausaha Muda Pemula merupakan salah satu program unggulan Kementerian Pemuda dan Olahraga yang dimaksudkan untuk memberikan perhatian dan apresiasi kepada para pemuda yang sedang menjalankan atau baru memulai usaha.",Pemkab Aceh Selatan Dorong Kemandirian Pemuda Lewat Pengembangan Wirausaha Muda 2025,https://aceh.tribunnews.com/nanggroe/1004257/pemkab-aceh-selatan-dorong-kemandirian-pemuda-lewat-pengembangan-wirausaha-muda-2025,aceh.tribunnews.com,"Thu, 25 Dec 2025 08:00:00 GMT",high,41,wirausaha muda Aceh,Aulia,,2.0,needs_review,positive,2,0,auto,
3953,"Hal ini diyakini akan berdampak positif dan melahirkan para pemuda yang kreatif dan mandiri dalam menggeluti dunia kewirausahaan, dan nantinya akan membuka peluang kerja bagi masyarakat luas.",Pemkab Aceh Selatan Dorong Kemandirian Pemuda Lewat Pengembangan Wirausaha Muda 2025,https://aceh.tribunnews.com/nanggroe/1004257/pemkab-aceh-selatan-dorong-kemandirian-pemuda-lewat-pengembangan-wirausaha-muda-2025,aceh.tribunnews.com,"Thu, 25 Dec 2025 08:00:00 GMT",medium,27,wirausaha muda Aceh,Aulia,,1.0,needs_review,positive,2,0,auto,
3954,"Menindaklanjuti program tersebut, katanya, Dinas Kepemudaan dan Olahraga Kabupaten Aceh Selatan melaksanakan kegiatan Pemberdayaan dan Pengembangan Wirausaha Muda Kabupaten Aceh Selatan",Pemkab Aceh Selatan Dorong Kemandirian Pemuda Lewat Pengembangan Wirausaha Muda 2025,https://aceh.tribunnews.com/nanggroe/1004257/pemkab-aceh-selatan-dorong-kemandirian-pemuda-lewat-pengembangan-wirausaha-muda-2025,aceh.tribunnews.com,"Thu, 25 Dec 2025 08:00:00 GMT",high,21,wirausaha muda Aceh,Aulia,,2.0,needs_review,positive,2,0,auto,
3955,"Kegiatan ini menghadirkan para pemuda dan pemudi yang sedang menjalankan usaha dari 18 kecamatan untuk berbagi pengalaman dan mendapatkan ilmu kewirausahaan langsung dari narasumber yang sudah berpengalaman, pungkasnya.",Pemkab Aceh Selatan Dorong Kemandirian Pemuda Lewat Pengembangan Wirausaha Muda 2025,https://aceh.tribunnews.com/nanggroe/1004257/pemkab-aceh-selatan-dorong-kemandirian-pemuda-lewat-pengembangan-wirausaha-muda-2025,aceh.tribunnews.com,"Thu, 25 Dec 2025 08:00:00 GMT",medium,28,wirausaha muda Aceh,Aulia,,0.0,needs_review,neutral,0,0,auto,
3988,"BANDA ACEH Paragon Corp membimbing anak binaan Panti Asuhan Islam Media Kasih kewirausahan pertanian, kerajinan paying hias dan make up artis. Kegiatan ini digelar di Banda Aceh, Sabtu, 23 Desember 2023.",Paragon Corp Bimbing Anak Panti Media Kasih Wirausaha,https://www.ajnn.net/news/paragon-corp-bimbing-anak-panti-media-kasih-wirausaha/index.html,ajnn.net,"Sat, 23 Dec 2023 08:00:00 GMT",high,31,wirausaha muda Aceh,Aulia,,0.0,needs_review,neutral,0,0,auto,
3989,"Custemer service impolement Paragon Corp DC Aceh, Ihsan Algupram, menjelaskan kegiatan tersebut merupakan program perusahaan. Tujuannya membimbing anak-anak panti agar terjun ke wirausaha.",Paragon Corp Bimbing Anak Panti Media Kasih Wirausaha,https://www.ajnn.net/news/paragon-corp-bimbing-anak-panti-media-kasih-wirausaha/index.html,ajnn.net,"Sat, 23 Dec 2023 08:00:00 GMT",high,23,wirausaha muda Aceh,Aulia,,0.0,needs_review,neutral,0,0,auto,
3990,"Acara hari ini merupakan komitmen empat pilar perusahaan kita. Yaitu pendidikan, kesehatan, lingkungan, serta pemberdayaan perempuan, kata Ihsan.",Paragon Corp Bimbing Anak Panti Media Kasih Wirausaha,https://www.ajnn.net/news/paragon-corp-bimbing-anak-panti-media-kasih-wirausaha/index.html,ajnn.net,"Sat, 23 Dec 2023 08:00:00 GMT",low,18,wirausaha muda Aceh,Aulia,,1.0,needs_review,neutral,1,0,auto,
3991,"Ihsan mengatakan dari empat pilar itu, kegiatan hari ini merupakan komitmen di bidang pendidikan dan pemberdayaan perempuan. Dia berharap anak-anak panti dapat menimba ilmu dengan baik, sehingga bermanfaat di masa mendatang.",Paragon Corp Bimbing Anak Panti Media Kasih Wirausaha,https://www.ajnn.net/news/paragon-corp-bimbing-anak-panti-media-kasih-wirausaha/index.html,ajnn.net,"Sat, 23 Dec 2023 08:00:00 GMT",low,31,wirausaha muda Aceh,Aulia,,1.0,needs_review,positive,2,0,auto,
3992,"Dalam pelatihan itu, anak panti putra dibekali ilmu pertanian praktis. Di samping itu juga disediakan 100 bibit tanaman, seperti cabai, timun, terong.",Paragon Corp Bimbing Anak Panti Media Kasih Wirausaha,https://www.ajnn.net/news/paragon-corp-bimbing-anak-panti-media-kasih-wirausaha/index.html,ajnn.net,"Sat, 23 Dec 2023 08:00:00 GMT",low,22,wirausaha muda Aceh,Aulia,,2.0,needs_review,neutral,0,0,auto,
3993,"Kita juga mesupport bahan-bahan pertanian lain. Seperti pupuk sebagai penunjang hasil panen, sebutnya.",Paragon Corp Bimbing Anak Panti Media Kasih Wirausaha,https://www.ajnn.net/news/paragon-corp-bimbing-anak-panti-media-kasih-wirausaha/index.html,ajnn.net,"Sat, 23 Dec 2023 08:00:00 GMT",low,13,wirausaha muda Aceh,Aulia,,0.0,needs_review,neutral,0,0,auto,
3994,Ihsan menjelaskan pelatihan tersebut dibantu oleh ahli masing-masing bidang. Mulai penanaman hingga memanen.,Paragon Corp Bimbing Anak Panti Media Kasih Wirausaha,https://www.ajnn.net/news/paragon-corp-bimbing-anak-panti-media-kasih-wirausaha/index.html,ajnn.net,"Sat, 23 Dec 2023 08:00:00 GMT",low,13,wirausaha muda Aceh,Aulia,,2.0,needs_review,neutral,0,0,auto,
3995,"Sementara anak panti purti, kata Ihsan, dibimbing tentang paying hias dan make up artist. Mereka difasilitasi peralatan dari Brand Wardah And Make Over.",Paragon Corp Bimbing Anak Panti Media Kasih Wirausaha,https://www.ajnn.net/news/paragon-corp-bimbing-anak-panti-media-kasih-wirausaha/index.html,ajnn.net,"Sat, 23 Dec 2023 08:00:00 GMT",low,23,wirausaha muda Aceh,Aulia,,2.0,needs_review,neutral,0,0,auto,
3996,Ihsan menyebutkan kegiatan sudah empat kali digelar dengan panti asuhan yang berbeda. Dan akan menjadi agenda tahunan.,Paragon Corp Bimbing Anak Panti Media Kasih Wirausaha,https://www.ajnn.net/news/paragon-corp-bimbing-anak-panti-media-kasih-wirausaha/index.html,ajnn.net,"Sat, 23 Dec 2023 08:00:00 GMT",low,17,wirausaha muda Aceh,Aulia,,0.0,needs_review,neutral,0,0,auto,
3997,"Sementara itu, pengasuh Panti Asuhan Islam Media Kasih Banda Aceh, Niar, berterima kasih kepada Paragon Corp. Karena sudah memberikan bimbingan terhadap anak-anak binaan.",Paragon Corp Bimbing Anak Panti Media Kasih Wirausaha,https://www.ajnn.net/news/paragon-corp-bimbing-anak-panti-media-kasih-wirausaha/index.html,ajnn.net,"Sat, 23 Dec 2023 08:00:00 GMT",high,23,wirausaha muda Aceh,Aulia,,0.0,needs_review,neutral,0,0,auto,
3998,"Saya berharap kegiatan seperti ini dapat terus berkelanjutan, ujarnya.***",Paragon Corp Bimbing Anak Panti Media Kasih Wirausaha,https://www.ajnn.net/news/paragon-corp-bimbing-anak-panti-media-kasih-wirausaha/index.html,ajnn.net,"Sat, 23 Dec 2023 08:00:00 GMT",low,9,wirausaha muda Aceh,Aulia,,1.0,needs_review,neutral,0,0,auto,
4004,ACEH TENGAH - Persaingan dalam Pemilihan Kepala Daerah (Pilkada) Aceh Tengah semakin memanas dengan munculnya dua figur muda yang menjadi sorotan publik yaitu Andi Irham dan Sona Bale.,Dua Pengusaha Muda Andi Irham dan Sona Digadang Maju Pilkada Aceh Tengah,https://www.ajnn.net/news/dua-pengusaha-muda-andi-irham-dan-sona-digadang-maju-pilkada-aceh-tengah/index.html,ajnn.net,"Tue, 27 Feb 2024 08:00:00 GMT",high,28,wirausaha muda Aceh,Aulia,,0.0,needs_review,neutral,0,0,auto,
4005,Mereka merupakan dua pengusaha muda di Dataran Tinggi Gayo itu. Keduanya kini digadang-gadang sebagai kandidat potensial yang mampu membawa daerah tersebut menuju masa depan lebih baik.,Dua Pengusaha Muda Andi Irham dan Sona Digadang Maju Pilkada Aceh Tengah,https://www.ajnn.net/news/dua-pengusaha-muda-andi-irham-dan-sona-digadang-maju-pilkada-aceh-tengah/index.html,ajnn.net,"Tue, 27 Feb 2024 08:00:00 GMT",medium,26,wirausaha muda Aceh,Aulia,,1.0,needs_review,positive,2,0,auto,
4006,"Kedua kandidat ini bahkan mengaku siap membawa perubahan yang signifikan, sebagaimana yang telah dicapai oleh negara Swiss. Dengan fokus pada pemerataan pembangunan dan inovasi, mereka menjanjikan sebuah transformasi yang akan menyamai prestasi Swiss dalam berbagai aspek.",Dua Pengusaha Muda Andi Irham dan Sona Digadang Maju Pilkada Aceh Tengah,https://www.ajnn.net/news/dua-pengusaha-muda-andi-irham-dan-sona-digadang-maju-pilkada-aceh-tengah/index.html,ajnn.net,"Tue, 27 Feb 2024 08:00:00 GMT",medium,36,wirausaha muda Aceh,Aulia,,2.0,needs_review,positive,3,0,auto,
4007,"""Kita menyoroti beberapa kunci sukses Swiss, seperti sistem pendidikan berkualitas, infrastruktur modern, serta tata kelola pemerintahan yang efisien dan transparan,"" katanya kepada AJNN pada Selasa, 27 Februari 2024.",Dua Pengusaha Muda Andi Irham dan Sona Digadang Maju Pilkada Aceh Tengah,https://www.ajnn.net/news/dua-pengusaha-muda-andi-irham-dan-sona-digadang-maju-pilkada-aceh-tengah/index.html,ajnn.net,"Tue, 27 Feb 2024 08:00:00 GMT",medium,28,wirausaha muda Aceh,Aulia,,2.0,needs_review,neutral,1,0,auto,
4008,"Menurut salah seorang kerabat mereka, yakni Asrizal, Andi Irham dan Sona Bale masih berjiwa muda dan segar dan inovatif bagi Aceh Tengah.",Dua Pengusaha Muda Andi Irham dan Sona Digadang Maju Pilkada Aceh Tengah,https://www.ajnn.net/news/dua-pengusaha-muda-andi-irham-dan-sona-digadang-maju-pilkada-aceh-tengah/index.html,ajnn.net,"Tue, 27 Feb 2024 08:00:00 GMT",high,22,wirausaha muda Aceh,Aulia,,0.0,needs_review,neutral,0,0,auto,
4009,"""Dengan latar belakang yang sama namun memiliki visi yang sejalan untuk memajukan daerah, mereka siap memimpin dengan penuh dedikasi dan integritas,"" kata Asrizal.",Dua Pengusaha Muda Andi Irham dan Sona Digadang Maju Pilkada Aceh Tengah,https://www.ajnn.net/news/dua-pengusaha-muda-andi-irham-dan-sona-digadang-maju-pilkada-aceh-tengah/index.html,ajnn.net,"Tue, 27 Feb 2024 08:00:00 GMT",medium,23,wirausaha muda Aceh,Aulia,,0.0,needs_review,neutral,0,0,auto,
4010,"Menurut Asrizal, masyarakat Aceh Tengah pun semakin antusias menyambut kehadiran Andi Irham dan Sona Bale dalam kancah politik lokal.",Dua Pengusaha Muda Andi Irham dan Sona Digadang Maju Pilkada Aceh Tengah,https://www.ajnn.net/news/dua-pengusaha-muda-andi-irham-dan-sona-digadang-maju-pilkada-aceh-tengah/index.html,ajnn.net,"Tue, 27 Feb 2024 08:00:00 GMT",high,19,wirausaha muda Aceh,Aulia,,0.0,needs_review,neutral,0,0,auto,
4011,"""Mereka percaya bahwa dengan pemimpin yang energik dan berjiwa muda seperti Andi Irham dan Sona Bale, Aceh Tengah akan mampu bersaing dan berkembang di tingkat nasional maupun internasional,"" ujarnya.",Dua Pengusaha Muda Andi Irham dan Sona Digadang Maju Pilkada Aceh Tengah,https://www.ajnn.net/news/dua-pengusaha-muda-andi-irham-dan-sona-digadang-maju-pilkada-aceh-tengah/index.html,ajnn.net,"Tue, 27 Feb 2024 08:00:00 GMT",high,29,wirausaha muda Aceh,Aulia,,2.0,needs_review,neutral,1,0,auto,
4012,Asrizal menambahkan mereka berdua adalah putra asli Gayo dari dua tokoh Aceh Tengah yakni Haji Irham dan Syukran Bale yang ingin Takengon bisa lebih terangkat dan maju untuk go Internasional.,Dua Pengusaha Muda Andi Irham dan Sona Digadang Maju Pilkada Aceh Tengah,https://www.ajnn.net/news/dua-pengusaha-muda-andi-irham-dan-sona-digadang-maju-pilkada-aceh-tengah/index.html,ajnn.net,"Tue, 27 Feb 2024 08:00:00 GMT",high,30,wirausaha muda Aceh,Aulia,,1.0,needs_review,neutral,0,0,auto,
4013,"""Baik dari sektor wisata, bisnis dan budaya Gayo,"" ucapnya.***",Dua Pengusaha Muda Andi Irham dan Sona Digadang Maju Pilkada Aceh Tengah,https://www.ajnn.net/news/dua-pengusaha-muda-andi-irham-dan-sona-digadang-maju-pilkada-aceh-tengah/index.html,ajnn.net,"Tue, 27 Feb 2024 08:00:00 GMT",medium,9,wirausaha muda Aceh,Aulia,,1.0,needs_review,neutral,0,0,auto,
4043,"SERAMBINEWS.COM, SIGLI- Puluhananak yatimdi bawah asuhan Orphan Kafalah Program Baitul Mal MuamalatPidiemengikuti seminar kewirausahaan.",Puluhan Anak Yatim di Pidie Ikut Kegiatan Seminar Kewirausahaan,https://aceh.tribunnews.com/2021/10/04/puluhan-anak-yatim-di-pidie-ikut-kegiatan-seminar-kewirausahaan,aceh.tribunnews.com,"Mon, 04 Oct 2021 07:00:00 GMT",high,14,wirausaha muda Aceh,Aulia,,1.0,needs_review,neutral,0,0,auto,
4044,"Kegiatan itu dipusatkan di Aula Dinas InfokomPidie, Minggu (3/10/2021).",Puluhan Anak Yatim di Pidie Ikut Kegiatan Seminar Kewirausahaan,https://aceh.tribunnews.com/2021/10/04/puluhan-anak-yatim-di-pidie-ikut-kegiatan-seminar-kewirausahaan,aceh.tribunnews.com,"Mon, 04 Oct 2021 07:00:00 GMT",medium,9,wirausaha muda Aceh,Aulia,,1.0,needs_review,neutral,0,0,auto,
4045,"Anak yatim yang menjadi peserta, mereka masih duduk di bangku kelas 1 hingga kelas 3 SMA.",Puluhan Anak Yatim di Pidie Ikut Kegiatan Seminar Kewirausahaan,https://aceh.tribunnews.com/2021/10/04/puluhan-anak-yatim-di-pidie-ikut-kegiatan-seminar-kewirausahaan,aceh.tribunnews.com,"Mon, 04 Oct 2021 07:00:00 GMT",medium,16,wirausaha muda Aceh,Aulia,,0.0,needs_review,neutral,0,0,auto,
4046,"Kegiatan itu bertajuk ""Siap Menjadi Wirausaha Muda, Kreatif dan Inovatif"".",Puluhan Anak Yatim di Pidie Ikut Kegiatan Seminar Kewirausahaan,https://aceh.tribunnews.com/2021/10/04/puluhan-anak-yatim-di-pidie-ikut-kegiatan-seminar-kewirausahaan,aceh.tribunnews.com,"Mon, 04 Oct 2021 07:00:00 GMT",medium,10,wirausaha muda Aceh,Aulia,,2.0,needs_review,neutral,0,0,auto,
4047,"""Kegiatan ini bertujuan membangkitkan semangat dan motivasi anak yatim untuk menjadi wirausaha,"" kata Staff Program Orphan Kafalah Program zzz 1461 Pidie, Zikrillah, kepada Serambinews.com, Minggu (3/10/2021)",Puluhan Anak Yatim di Pidie Ikut Kegiatan Seminar Kewirausahaan,https://aceh.tribunnews.com/2021/10/04/puluhan-anak-yatim-di-pidie-ikut-kegiatan-seminar-kewirausahaan,aceh.tribunnews.com,"Mon, 04 Oct 2021 07:00:00 GMT",high,26,wirausaha muda Aceh,Aulia,,0.0,needs_review,neutral,0,0,auto,
4048,"Menurutnya, melatih dan membinaanak yatim, agar nantinya termotivasi menjadi wirausaha muda yang kreatif.",Puluhan Anak Yatim di Pidie Ikut Kegiatan Seminar Kewirausahaan,https://aceh.tribunnews.com/2021/10/04/puluhan-anak-yatim-di-pidie-ikut-kegiatan-seminar-kewirausahaan,aceh.tribunnews.com,"Mon, 04 Oct 2021 07:00:00 GMT",medium,13,wirausaha muda Aceh,Aulia,,2.0,needs_review,neutral,0,0,auto,
4049,Apalagi di tengah pandemi tentunya peluang yang tersedia dengan memanfaatkan media sosial.,Puluhan Anak Yatim di Pidie Ikut Kegiatan Seminar Kewirausahaan,https://aceh.tribunnews.com/2021/10/04/puluhan-anak-yatim-di-pidie-ikut-kegiatan-seminar-kewirausahaan,aceh.tribunnews.com,"Mon, 04 Oct 2021 07:00:00 GMT",medium,12,wirausaha muda Aceh,Aulia,,1.0,needs_review,positive,2,0,auto,
4050,"""Kami doakan supaya anak yatim binaan Orphan Kafalah Program Baitulmaal Muamalat Pidie, hendaknya menjadi generasi pengusaha di masa mendatang,"" pungkasnya.",Puluhan Anak Yatim di Pidie Ikut Kegiatan Seminar Kewirausahaan,https://aceh.tribunnews.com/2021/10/04/puluhan-anak-yatim-di-pidie-ikut-kegiatan-seminar-kewirausahaan,aceh.tribunnews.com,"Mon, 04 Oct 2021 07:00:00 GMT",high,20,wirausaha muda Aceh,Aulia,,0.0,needs_review,neutral,0,0,auto,
4051,"Koordinator Forum Koordinasi Jejaring Pemagangan (FKJP) Aceh, Jamaluddin M Jamil, yang tampil sebagai pemateri dalam paparannya, antara lain menjelaskan, dalam makalahnya berjudul",Puluhan Anak Yatim di Pidie Ikut Kegiatan Seminar Kewirausahaan,https://aceh.tribunnews.com/2021/10/04/puluhan-anak-yatim-di-pidie-ikut-kegiatan-seminar-kewirausahaan,aceh.tribunnews.com,"Mon, 04 Oct 2021 07:00:00 GMT",high,22,wirausaha muda Aceh,Aulia,,2.0,needs_review,neutral,0,0,auto,
4052,"""Menumbuhkan Jiwa Entrepreneur, Menjadikan Tantangan Sebagai Peluang Lewat Media Sosial"".",Puluhan Anak Yatim di Pidie Ikut Kegiatan Seminar Kewirausahaan,https://aceh.tribunnews.com/2021/10/04/puluhan-anak-yatim-di-pidie-ikut-kegiatan-seminar-kewirausahaan,aceh.tribunnews.com,"Mon, 04 Oct 2021 07:00:00 GMT",medium,10,wirausaha muda Aceh,Aulia,,1.0,needs_review,neutral,1,1,auto,
4053,"Bahwa, untuk menjadi orang sukses, tentunya harus memiliki kemauan. Sebab, tanpa adanya kemauan tinggi, maka semua akan berakhir sia-sia.",Puluhan Anak Yatim di Pidie Ikut Kegiatan Seminar Kewirausahaan,https://aceh.tribunnews.com/2021/10/04/puluhan-anak-yatim-di-pidie-ikut-kegiatan-seminar-kewirausahaan,aceh.tribunnews.com,"Mon, 04 Oct 2021 07:00:00 GMT",medium,19,wirausaha muda Aceh,Aulia,,2.0,needs_review,neutral,1,0,auto,
4054,"Dikatakan, untuk menjadi pengusaha ada beberapa kriteria diantara yang harus dipenuhi.",Puluhan Anak Yatim di Pidie Ikut Kegiatan Seminar Kewirausahaan,https://aceh.tribunnews.com/2021/10/04/puluhan-anak-yatim-di-pidie-ikut-kegiatan-seminar-kewirausahaan,aceh.tribunnews.com,"Mon, 04 Oct 2021 07:00:00 GMT",medium,11,wirausaha muda Aceh,Aulia,,0.0,needs_review,neutral,0,0,auto,
4055,"Antara lain, kejujuran, disiplin, gigih, network dan tidak menunda pekerjaan. (*)",Puluhan Anak Yatim di Pidie Ikut Kegiatan Seminar Kewirausahaan,https://aceh.tribunnews.com/2021/10/04/puluhan-anak-yatim-di-pidie-ikut-kegiatan-seminar-kewirausahaan,aceh.tribunnews.com,"Mon, 04 Oct 2021 07:00:00 GMT",medium,11,wirausaha muda Aceh,Aulia,,0.0,needs_review,neutral,0,0,auto,
4070,"Harapannya, dengan adanya program seperti ini dapat melahirkan pengusaha baru di Aceh.",BSI Roadshow Onboarding Talenta Wirausaha BSI 2022,https://www.gemarnews.com/2022/03/bsi-roadshow-onboarding-talenta.html,gemarnews.com,"Mon, 28 Mar 2022 07:00:00 GMT",high,12,wirausaha muda Aceh,Aulia,,0.0,needs_review,neutral,1,0,auto,
4071,Hajjul Kamil menambahkan program ini juga diharapkan bisa menjadi katalisator untuk memaksimalkan potensi ekonomi syariah di Indonesia khususnya di Provinsi Aceh.,BSI Roadshow Onboarding Talenta Wirausaha BSI 2022,https://www.gemarnews.com/2022/03/bsi-roadshow-onboarding-talenta.html,gemarnews.com,"Mon, 28 Mar 2022 07:00:00 GMT",high,21,wirausaha muda Aceh,Aulia,,0.0,needs_review,neutral,1,0,auto,
4073,Mairul Hazami menambahkan pelaku ekonomi kreatif menjadi salah satu sektor pendukung yang penting dalam upaya pemulihan ekonomi nasional apalagi Insan kreatif sangat cepat beradaptasi dan kreatif.,BSI Roadshow Onboarding Talenta Wirausaha BSI 2022,https://www.gemarnews.com/2022/03/bsi-roadshow-onboarding-talenta.html,gemarnews.com,"Mon, 28 Mar 2022 07:00:00 GMT",low,26,wirausaha muda Aceh,Aulia,,0.0,needs_review,neutral,0,0,auto,
4075,BSI juga akan terus melakukan pendampingan kepada para talenta wirausaha muda agar dapar terus berkreasi dan berinovasi.,BSI Roadshow Onboarding Talenta Wirausaha BSI 2022,https://www.gemarnews.com/2022/03/bsi-roadshow-onboarding-talenta.html,gemarnews.com,"Mon, 28 Mar 2022 07:00:00 GMT",low,17,wirausaha muda Aceh,Aulia,,2.0,needs_review,neutral,1,0,auto,
4077,"Atas dasar tersebut,BSI akan hadir dan terus berkontribusi dalam menumbuhkan perekonomian masyarakat Aceh,tutup Anton. (*)",BSI Roadshow Onboarding Talenta Wirausaha BSI 2022,https://www.gemarnews.com/2022/03/bsi-roadshow-onboarding-talenta.html,gemarnews.com,"Mon, 28 Mar 2022 07:00:00 GMT",high,15,wirausaha muda Aceh,Aulia,,2.0,needs_review,neutral,1,1,auto,
4163,DIALEKSIS.COM | Banda Aceh - Jaringan Pendidikan Pemilih untuk Rakyat (JPPR) menemukan bahwa tak satu pun partai politik memenuhi jumlah 30 persen calon anggota legislatif (caleg) perempuan di setiap dapil.,Semua Parpol Pemilu 2024 Tak Penuhi 30 Persen Caleg Perempuan,https://dialeksis.com/berita/semua-parpol-pemilu-2024-tak-penuhi-30-persen-caleg-perempuan/,dialeksis.com,"Sat, 07 Oct 2023 07:00:00 GMT",high,30,inkubator bisnis Aceh,Aulia,,2.0,needs_review,neutral,0,0,auto,
4164,Hal tersebut berdasarkan ketentuan pembulatan ke atas yang diatur Pasal 245 Undang-undang Nomor 7 Tahun 2017 tentang Pemilu.,Semua Parpol Pemilu 2024 Tak Penuhi 30 Persen Caleg Perempuan,https://dialeksis.com/berita/semua-parpol-pemilu-2024-tak-penuhi-30-persen-caleg-perempuan/,dialeksis.com,"Sat, 07 Oct 2023 07:00:00 GMT",low,18,inkubator bisnis Aceh,Aulia,,2.0,needs_review,neutral,0,0,auto,
4165,"""Data ini diperoleh dari Daftar Calon Sementara (DCS), berdasarkan jumlah daerah pemilihan (dapil) yang masih kurang dari 30 persen keterwakilan perempuannya dari setiap partai di tingkatan DPR RI,"" kata Manajer Pemantauan JPPR, Aji Pangestu, Jumat (6/10/2023).",Semua Parpol Pemilu 2024 Tak Penuhi 30 Persen Caleg Perempuan,https://dialeksis.com/berita/semua-parpol-pemilu-2024-tak-penuhi-30-persen-caleg-perempuan/,dialeksis.com,"Sat, 07 Oct 2023 07:00:00 GMT",low,36,inkubator bisnis Aceh,Aulia,,0.0,needs_review,neutral,0,1,auto,
4166,DCS itu merupakan data yang dirilis KPU RI. Data sementara itu menjadi tahapan terakhir sebelum menjadi Daftar Calon Tetap (DCT) yang tak dapat diganggu-gugat lagi.,Semua Parpol Pemilu 2024 Tak Penuhi 30 Persen Caleg Perempuan,https://dialeksis.com/berita/semua-parpol-pemilu-2024-tak-penuhi-30-persen-caleg-perempuan/,dialeksis.com,"Sat, 07 Oct 2023 07:00:00 GMT",low,25,inkubator bisnis Aceh,Aulia,,0.0,needs_review,neutral,0,0,auto,
4167,"Sebelum penetapan DCT, partai politik berkesempatan untuk mengubah sejumlah nama dalam DCS melalui masa pencermatan yang telah berakhir pada 3 Oktober 2023.",Semua Parpol Pemilu 2024 Tak Penuhi 30 Persen Caleg Perempuan,https://dialeksis.com/berita/semua-parpol-pemilu-2024-tak-penuhi-30-persen-caleg-perempuan/,dialeksis.com,"Sat, 07 Oct 2023 07:00:00 GMT",low,22,inkubator bisnis Aceh,Aulia,,0.0,needs_review,neutral,0,0,auto,
4168,"Partai Kebangkitan Bangsa (PKB) disebut jadi partai terbanyak yang tidak memenuhi 30 persen caleg perempuan, total di 31 dapil.",Semua Parpol Pemilu 2024 Tak Penuhi 30 Persen Caleg Perempuan,https://dialeksis.com/berita/semua-parpol-pemilu-2024-tak-penuhi-30-persen-caleg-perempuan/,dialeksis.com,"Sat, 07 Oct 2023 07:00:00 GMT",low,19,inkubator bisnis Aceh,Aulia,,0.0,needs_review,neutral,0,0,auto,
4169,"Sementara itu, Partai Solidaritas Indonesia (PSI) tidak memenuhi 30 persen caleg perempuan di dua dapil, menjadikannya di urutan terbawah soal ketidakpatuhan memenuhi kebijakan afirmasi caleg perempuan.",Semua Parpol Pemilu 2024 Tak Penuhi 30 Persen Caleg Perempuan,https://dialeksis.com/berita/semua-parpol-pemilu-2024-tak-penuhi-30-persen-caleg-perempuan/,dialeksis.com,"Sat, 07 Oct 2023 07:00:00 GMT",low,26,inkubator bisnis Aceh,Aulia,,2.0,needs_review,neutral,0,0,auto,
4170,"Berikut daftar partai politik yang gagal memenuhi 30 persen caleg perempuan, beserta jumlah dapilnya untuk pemilihan anggota legislatif (Pileg) DPR RI 2024, berdasarkan data DCS yang ditemukan JPPR:",Semua Parpol Pemilu 2024 Tak Penuhi 30 Persen Caleg Perempuan,https://dialeksis.com/berita/semua-parpol-pemilu-2024-tak-penuhi-30-persen-caleg-perempuan/,dialeksis.com,"Sat, 07 Oct 2023 07:00:00 GMT",low,28,inkubator bisnis Aceh,Aulia,,0.0,needs_review,neutral,0,1,auto,
4171,"Sembako diserahkan langsung oleh Rektor UBBG, Dr Lili Kasmini. Kegiatan ini juga turut dihadiri oleh Wakil Dekan UBBG, Dr Mardhatillah, Ketua Prodi PGSD Aprian Subhananto MPd, dan Ketua Prodi PBI Sri Wahyuni MPd.",Astra Bersama UBBG Salurkan Sembako untuk Warga Penyintas Covid-19,https://www.acehtrend.com/news/astra-bersama-ubbg-salurkan-sembako-untuk-warga-penyintas-covid-19/index.html,acehtrend.com,"Fri, 24 Sep 2021 07:00:00 GMT",low,33,inkubator bisnis Aceh,Aulia,,0.0,needs_review,neutral,0,0,auto,
4172,Rektor UBBG Lili Kasmini mengungkapkan rasa syukurnya atas adanya bantuan berupa sembako ini. Ia berharap seluruh masyarakat Aceh dapat lebih menjaga protokol kesehatan. Ia juga berharap agar UBBG dapat menjadi duta dan edukator untuk mitigasi Covid-19 di Aceh.,Astra Bersama UBBG Salurkan Sembako untuk Warga Penyintas Covid-19,https://www.acehtrend.com/news/astra-bersama-ubbg-salurkan-sembako-untuk-warga-penyintas-covid-19/index.html,acehtrend.com,"Fri, 24 Sep 2021 07:00:00 GMT",high,38,inkubator bisnis Aceh,Aulia,,1.0,needs_review,neutral,1,0,auto,
4173,"""Semoga bantuan ini bisa meringankan beban saudara kita yang terdampak Covid-19, "" ujarnya.",Astra Bersama UBBG Salurkan Sembako untuk Warga Penyintas Covid-19,https://www.acehtrend.com/news/astra-bersama-ubbg-salurkan-sembako-untuk-warga-penyintas-covid-19/index.html,acehtrend.com,"Fri, 24 Sep 2021 07:00:00 GMT",low,13,inkubator bisnis Aceh,Aulia,,0.0,needs_review,neutral,1,0,auto,
4174,"Kepala LIB, Zainal Abidin Suardja MPd, mengungkapkan, kegiatan ini merupakan bentuk kepedulian dan kerja sama LIB bersama dengan Astra Indonesia terhadap para penyintas Covid-19 yang melakukan isolasi mandiri.",Astra Bersama UBBG Salurkan Sembako untuk Warga Penyintas Covid-19,https://www.acehtrend.com/news/astra-bersama-ubbg-salurkan-sembako-untuk-warga-penyintas-covid-19/index.html,acehtrend.com,"Fri, 24 Sep 2021 07:00:00 GMT",low,28,inkubator bisnis Aceh,Aulia,,0.0,needs_review,neutral,1,0,auto,
4175,"Mereka telah memberikan dan melaksanakan panduan protokol kesehatan dengan baik, menjaga lingkungan dan keadaan dengan berani dan bernisiatif menahan aktivitas selama terpapar, kita sangat mengapresiasinya, ungkapnya.[]",Astra Bersama UBBG Salurkan Sembako untuk Warga Penyintas Covid-19,https://www.acehtrend.com/news/astra-bersama-ubbg-salurkan-sembako-untuk-warga-penyintas-covid-19/index.html,acehtrend.com,"Fri, 24 Sep 2021 07:00:00 GMT",low,26,inkubator bisnis Aceh,Aulia,,1.0,needs_review,neutral,0,0,auto,
4198,"BSI Aceh Muslimpreneur adalah ajang kontestasi menjaring wirausaha muda Aceh. Program ini merupakan komitmen BSI dalam mendorong wirausaha berbasis syariah di Aceh naik kelas melalui pendampingan, peningkatan kapasitas dan kapabilitas.",BSI Komit Bantu Wirausaha Muda Aceh Naik Kelas,https://rri.co.id/banda-aceh/keuangan/1073578/bsi-komit-bantu-wirausaha-muda-aceh-naik-kelas,rri.co.id,"Sat, 26 Oct 2024 07:00:00 GMT",high,30,wirausaha muda Aceh,Aulia,,2.0,needs_review,neutral,1,0,auto,
4204,"Hery menambahkan, melalui program tersebut, para wirausaha muda di Aceh tidak hanya mampu meningkatkan skala bisnis mereka, tetapi juga menjadi motor penggerak ekonomi daerah dan pada akhirnya mendorong kesejahteraan masyarakat Aceh secara menyeluruh.",BSI Komit Bantu Wirausaha Muda Aceh Naik Kelas,https://rri.co.id/banda-aceh/keuangan/1073578/bsi-komit-bantu-wirausaha-muda-aceh-naik-kelas,rri.co.id,"Sat, 26 Oct 2024 07:00:00 GMT",high,33,wirausaha muda Aceh,Aulia,,2.0,needs_review,positive,2,0,auto,
4205,"Hal senada juga diutarakan Direktur Retail Banking PT BSI, Harry Gusti Utama menyampaikan bahwa dalam kompetisi AMP tersebut, pihaknya juga memberikan pengenalan, pelatihan serta bimbingan kepada wirausaha, sehingga nantinya mereka bisa memahami sampai pada tahapan branding yang dapat diterima pasar.",BSI Komit Bantu Wirausaha Muda Aceh Naik Kelas,https://rri.co.id/banda-aceh/keuangan/1073578/bsi-komit-bantu-wirausaha-muda-aceh-naik-kelas,rri.co.id,"Sat, 26 Oct 2024 07:00:00 GMT",medium,40,wirausaha muda Aceh,Aulia,,2.0,needs_review,neutral,0,0,auto,
4208,"Kedua, mereka yang sudah dua tahun membangun perusahaan, dan ingin pengembangan lebih luas. Ketiga, wirausaha yang memang sudah terbilang pengusaha, dengan omzet lebih dari 200 juta setahun.",BSI Komit Bantu Wirausaha Muda Aceh Naik Kelas,https://rri.co.id/banda-aceh/keuangan/1073578/bsi-komit-bantu-wirausaha-muda-aceh-naik-kelas,rri.co.id,"Sat, 26 Oct 2024 07:00:00 GMT",medium,27,wirausaha muda Aceh,Aulia,,2.0,needs_review,neutral,1,0,auto,
4209,"""Maka, kedepan kita tambah lagi pendampingan, dan saluran distribusinya, supaya mereka benar-benar siap, bukan hanya nasional, tetapi juga global,"" tutup Harry Gusti Utama.",BSI Komit Bantu Wirausaha Muda Aceh Naik Kelas,https://rri.co.id/banda-aceh/keuangan/1073578/bsi-komit-bantu-wirausaha-muda-aceh-naik-kelas,rri.co.id,"Sat, 26 Oct 2024 07:00:00 GMT",medium,23,wirausaha muda Aceh,Aulia,,0.0,needs_review,neutral,0,1,auto,
4212,1. Naia Zahrina; Nama brand: Bungong Jaroe (Lukeh); Bidang Fashion.,BSI Komit Bantu Wirausaha Muda Aceh Naik Kelas,https://rri.co.id/banda-aceh/keuangan/1073578/bsi-komit-bantu-wirausaha-muda-aceh-naik-kelas,rri.co.id,"Sat, 26 Oct 2024 07:00:00 GMT",medium,10,wirausaha muda Aceh,Aulia,,0.0,needs_review,neutral,0,0,auto,
4213,2 Rio Delvino; Nama brand; Majestic Natural: Bidang: Makanan Olahan,BSI Komit Bantu Wirausaha Muda Aceh Naik Kelas,https://rri.co.id/banda-aceh/keuangan/1073578/bsi-komit-bantu-wirausaha-muda-aceh-naik-kelas,rri.co.id,"Sat, 26 Oct 2024 07:00:00 GMT",medium,10,wirausaha muda Aceh,Aulia,,0.0,needs_review,neutral,0,0,auto,
4214,3. Angelina Deby: Nama brand: Milyers: Bidang: Food & Beverage.,BSI Komit Bantu Wirausaha Muda Aceh Naik Kelas,https://rri.co.id/banda-aceh/keuangan/1073578/bsi-komit-bantu-wirausaha-muda-aceh-naik-kelas,rri.co.id,"Sat, 26 Oct 2024 07:00:00 GMT",medium,10,wirausaha muda Aceh,Aulia,,0.0,needs_review,neutral,0,0,auto,
4215,4. Sabrina M Phonna; Nama brand:Sabit.clo: Bidang: Fashion.,BSI Komit Bantu Wirausaha Muda Aceh Naik Kelas,https://rri.co.id/banda-aceh/keuangan/1073578/bsi-komit-bantu-wirausaha-muda-aceh-naik-kelas,rri.co.id,"Sat, 26 Oct 2024 07:00:00 GMT",medium,8,wirausaha muda Aceh,Aulia,,0.0,needs_review,neutral,0,0,auto,
4216,1. Faraisha Hirza; Nama brand:Educate ; Bidang Teknologi.,BSI Komit Bantu Wirausaha Muda Aceh Naik Kelas,https://rri.co.id/banda-aceh/keuangan/1073578/bsi-komit-bantu-wirausaha-muda-aceh-naik-kelas,rri.co.id,"Sat, 26 Oct 2024 07:00:00 GMT",medium,8,wirausaha muda Aceh,Aulia,,1.0,needs_review,neutral,0,0,auto,
4217,2. Ika Puspita Yuda; Nama brand; Balela Parfume: Bidang: Olahan.,BSI Komit Bantu Wirausaha Muda Aceh Naik Kelas,https://rri.co.id/banda-aceh/keuangan/1073578/bsi-komit-bantu-wirausaha-muda-aceh-naik-kelas,rri.co.id,"Sat, 26 Oct 2024 07:00:00 GMT",medium,10,wirausaha muda Aceh,Aulia,,0.0,needs_review,neutral,0,0,auto,
4218,3. Cut Tria Hajaton: Nama brand: Talam durian cut Abang: Bidang: Food & Beverage.,BSI Komit Bantu Wirausaha Muda Aceh Naik Kelas,https://rri.co.id/banda-aceh/keuangan/1073578/bsi-komit-bantu-wirausaha-muda-aceh-naik-kelas,rri.co.id,"Sat, 26 Oct 2024 07:00:00 GMT",medium,14,wirausaha muda Aceh,Aulia,,0.0,needs_review,neutral,0,0,auto,
4219,4. Saiful Anwar; Nama brand:madu Bang Unoe; Bidang: Food & Beverage.,BSI Komit Bantu Wirausaha Muda Aceh Naik Kelas,https://rri.co.id/banda-aceh/keuangan/1073578/bsi-komit-bantu-wirausaha-muda-aceh-naik-kelas,rri.co.id,"Sat, 26 Oct 2024 07:00:00 GMT",medium,11,wirausaha muda Aceh,Aulia,,0.0,needs_review,neutral,0,0,auto,
4220,1. Ratu Nur Annisa; Nama brand: Bitata Food; Bidang Food & Beverage.,BSI Komit Bantu Wirausaha Muda Aceh Naik Kelas,https://rri.co.id/banda-aceh/keuangan/1073578/bsi-komit-bantu-wirausaha-muda-aceh-naik-kelas,rri.co.id,"Sat, 26 Oct 2024 07:00:00 GMT",medium,12,wirausaha muda Aceh,Aulia,,0.0,needs_review,neutral,0,0,auto,
4221,2. Farhanisa; Nama brand; Yagi Natural: Bidang: Olahan.,BSI Komit Bantu Wirausaha Muda Aceh Naik Kelas,https://rri.co.id/banda-aceh/keuangan/1073578/bsi-komit-bantu-wirausaha-muda-aceh-naik-kelas,rri.co.id,"Sat, 26 Oct 2024 07:00:00 GMT",medium,8,wirausaha muda Aceh,Aulia,,0.0,needs_review,neutral,0,0,auto,
4222,3. Ihsanudin: Nama brand: Ulonowih: Bidang: Food & Beverage.,BSI Komit Bantu Wirausaha Muda Aceh Naik Kelas,https://rri.co.id/banda-aceh/keuangan/1073578/bsi-komit-bantu-wirausaha-muda-aceh-naik-kelas,rri.co.id,"Sat, 26 Oct 2024 07:00:00 GMT",medium,9,wirausaha muda Aceh,Aulia,,0.0,needs_review,neutral,0,0,auto,
4250,DIALEKSIS.COM | Banda Aceh - Pengurus Majelis Wilayah Korps Alumni Himpunan Mahasiswa Islam (MW KAHMI) dan Forhati Aceh periode 2022-2027 resmi dilantik.,Prof Syamsul Rijal Dilantik Sebagai Koordinator Presidium MW KAHMI Aceh Periode 2022-2027,https://www.dialeksis.com/aceh/prof-syamsul-rijal-dilantik-sebagai-koordinator-presidium-mw-kahmi-aceh-periode-2022-2027/,dialeksis.com,"Tue, 03 Oct 2023 07:00:00 GMT",high,22,inkubator bisnis Aceh,Aulia,,2.0,needs_review,neutral,0,0,auto,
4251,"Pelantikan yang berlangsung Senin (2/10/2023) di Amel Convention Hall, Banda Aceh ini dihadiri lebih dari 700 orang dari berbagai kalangan.",Prof Syamsul Rijal Dilantik Sebagai Koordinator Presidium MW KAHMI Aceh Periode 2022-2027,https://www.dialeksis.com/aceh/prof-syamsul-rijal-dilantik-sebagai-koordinator-presidium-mw-kahmi-aceh-periode-2022-2027/,dialeksis.com,"Tue, 03 Oct 2023 07:00:00 GMT",high,20,inkubator bisnis Aceh,Aulia,,0.0,needs_review,neutral,0,0,auto,
4252,"Pada acara pelantikan ini, Sekretaris Jenderal (Sekjen) MN KAHMI Syamsul Qomar membacakan Surat Keputusan (SK) Pengurus MN KAHMI 2022-2027 yang terdiri dari Dewan Etik, Dewan Pakar, Dewan Kehormatan, Pengurus Harian, serta Departemen KAHMI.",Prof Syamsul Rijal Dilantik Sebagai Koordinator Presidium MW KAHMI Aceh Periode 2022-2027,https://www.dialeksis.com/aceh/prof-syamsul-rijal-dilantik-sebagai-koordinator-presidium-mw-kahmi-aceh-periode-2022-2027/,dialeksis.com,"Tue, 03 Oct 2023 07:00:00 GMT",medium,33,inkubator bisnis Aceh,Aulia,,1.0,needs_review,neutral,0,0,auto,
4253,"Pelantikan itu dilakukan oleh Pengurus Majelis Nasional KAHMI, Abdullah Puteh.",Prof Syamsul Rijal Dilantik Sebagai Koordinator Presidium MW KAHMI Aceh Periode 2022-2027,https://www.dialeksis.com/aceh/prof-syamsul-rijal-dilantik-sebagai-koordinator-presidium-mw-kahmi-aceh-periode-2022-2027/,dialeksis.com,"Tue, 03 Oct 2023 07:00:00 GMT",medium,10,inkubator bisnis Aceh,Aulia,,0.0,needs_review,neutral,0,0,auto,
4254,"Prof. Dr. Syamsul Rijal, M.Ag menjabat sebagai Koordinator Presidium MM KAHMI dan Fauziah, ST sebagai Koordinator Presidium Forhati.",Prof Syamsul Rijal Dilantik Sebagai Koordinator Presidium MW KAHMI Aceh Periode 2022-2027,https://www.dialeksis.com/aceh/prof-syamsul-rijal-dilantik-sebagai-koordinator-presidium-mw-kahmi-aceh-periode-2022-2027/,dialeksis.com,"Tue, 03 Oct 2023 07:00:00 GMT",medium,18,inkubator bisnis Aceh,Aulia,,0.0,needs_review,neutral,0,0,auto,
4255,"Pengurus Presidium KAHMI Aceh periode 2022-2027 yang dilantik adalah Zulfikar ZB Lindan, Dr. Syaifullah Muhammad, ST, M.Eng, Ihsanuddin, MZ, SE, MM, M. Nasir Jamil, S.Ag, M.Si, Dr. Ramzi Adriman, ST, M.Sc, Said Muniruddin, M.SC, SE, AK, Syarifah Rahmatillah, SH, MH, dan Aliman Selian, S, Pi, M.Si",Prof Syamsul Rijal Dilantik Sebagai Koordinator Presidium MW KAHMI Aceh Periode 2022-2027,https://www.dialeksis.com/aceh/prof-syamsul-rijal-dilantik-sebagai-koordinator-presidium-mw-kahmi-aceh-periode-2022-2027/,dialeksis.com,"Tue, 03 Oct 2023 07:00:00 GMT",high,46,inkubator bisnis Aceh,Aulia,,0.0,needs_review,neutral,0,0,auto,
4256,"Koordinator Presidium MW KAHMI Aceh periode 2022-2027, Prof Dr Syamsul Rijal dalam sambutannya menegaskan komitmen Presidium KAHMI Aceh untuk mengoptimalkan potensi yang dimiliki oleh keluarga besar Himpunan Mahasiswa Islam (HMI).",Prof Syamsul Rijal Dilantik Sebagai Koordinator Presidium MW KAHMI Aceh Periode 2022-2027,https://www.dialeksis.com/aceh/prof-syamsul-rijal-dilantik-sebagai-koordinator-presidium-mw-kahmi-aceh-periode-2022-2027/,dialeksis.com,"Tue, 03 Oct 2023 07:00:00 GMT",high,30,inkubator bisnis Aceh,Aulia,,2.0,needs_review,neutral,1,0,auto,
4257,"Tugas utama ke depan adalah merealisasikan potensi anggota KAHMI, baik dalam bidang profesi maupun jabatan lainnya, guna mempercepat pembangunan Aceh ke arah yang lebih baik, kata Prof Syamsul Rizal.",Prof Syamsul Rijal Dilantik Sebagai Koordinator Presidium MW KAHMI Aceh Periode 2022-2027,https://www.dialeksis.com/aceh/prof-syamsul-rijal-dilantik-sebagai-koordinator-presidium-mw-kahmi-aceh-periode-2022-2027/,dialeksis.com,"Tue, 03 Oct 2023 07:00:00 GMT",high,29,inkubator bisnis Aceh,Aulia,,1.0,needs_review,neutral,1,0,auto,
4258,"Prof Syamsul Rijal menyampaikan ada kebijakan strategis yang telah diinisiasi untuk 22 tahun mendatang. Aceh memilih visi yang islami, damai, maju, dan berkelanjutan sebagai landasan pembangunan.",Prof Syamsul Rijal Dilantik Sebagai Koordinator Presidium MW KAHMI Aceh Periode 2022-2027,https://www.dialeksis.com/aceh/prof-syamsul-rijal-dilantik-sebagai-koordinator-presidium-mw-kahmi-aceh-periode-2022-2027/,dialeksis.com,"Tue, 03 Oct 2023 07:00:00 GMT",high,26,inkubator bisnis Aceh,Aulia,,2.0,needs_review,neutral,1,0,auto,
4259,"Dengan pendekatan ini, KAHMI Aceh berkomitmen untuk berperan aktif dalam membawa visi ini menjadi kenyataan. Dalam perjalanannya, KAHMI Aceh akan menggalakkan inisiatif-inisiatif yang bertujuan memperkuat fondasi kemajuan berkelanjutan di Aceh, katanya.",Prof Syamsul Rijal Dilantik Sebagai Koordinator Presidium MW KAHMI Aceh Periode 2022-2027,https://www.dialeksis.com/aceh/prof-syamsul-rijal-dilantik-sebagai-koordinator-presidium-mw-kahmi-aceh-periode-2022-2027/,dialeksis.com,"Tue, 03 Oct 2023 07:00:00 GMT",high,31,inkubator bisnis Aceh,Aulia,,1.0,needs_review,neutral,1,0,auto,
4260,"Menurutnya Ini mencakup pendidikan, perekonomian, keadilan sosial, dan pemberdayaan masyarakat. Dengan memanfaatkan potensi anggota KAHMI yang beragam dalam berbagai bidang, Presidium KAHMI Aceh bertekad untuk merintis jalan menuju masa depan yang lebih cerah bagi Provinsi Aceh.",Prof Syamsul Rijal Dilantik Sebagai Koordinator Presidium MW KAHMI Aceh Periode 2022-2027,https://www.dialeksis.com/aceh/prof-syamsul-rijal-dilantik-sebagai-koordinator-presidium-mw-kahmi-aceh-periode-2022-2027/,dialeksis.com,"Tue, 03 Oct 2023 07:00:00 GMT",high,36,inkubator bisnis Aceh,Aulia,,1.0,needs_review,positive,3,0,auto,
4261,"Penting kerja sama antaranggota KAHMI dan pihak-pihak terkait untuk mencapai tujuan bersama. Dalam semangat kebersamaan KAHMI Aceh siap berkontribusi aktif dalam membangun Aceh yang islami, damai, maju, dan berkelanjutan, katanya.",Prof Syamsul Rijal Dilantik Sebagai Koordinator Presidium MW KAHMI Aceh Periode 2022-2027,https://www.dialeksis.com/aceh/prof-syamsul-rijal-dilantik-sebagai-koordinator-presidium-mw-kahmi-aceh-periode-2022-2027/,dialeksis.com,"Tue, 03 Oct 2023 07:00:00 GMT",high,30,inkubator bisnis Aceh,Aulia,,1.0,needs_review,positive,2,0,auto,
4262,Pada kesempatan itu Abdullah Puteh menyampaika masalah kemiskinan yang masih menghantui Aceh. Dia menegaskan bahwa keberadaan kemiskinan tersebut merupakan tantangan serius yang harus segera diatasi.,Prof Syamsul Rijal Dilantik Sebagai Koordinator Presidium MW KAHMI Aceh Periode 2022-2027,https://www.dialeksis.com/aceh/prof-syamsul-rijal-dilantik-sebagai-koordinator-presidium-mw-kahmi-aceh-periode-2022-2027/,dialeksis.com,"Tue, 03 Oct 2023 07:00:00 GMT",high,25,inkubator bisnis Aceh,Aulia,,0.0,needs_review,negative,0,2,auto,
4263,"Menurut Abdullah Puteh penting menjaga sumber daya alam Aceh dari eksploitasi oleh pihak luar, melindungi kekayaan alam Aceh merupakan tanggung jawab bersama, dan penting untuk mencegah penyalahgunaan sumber daya ini oleh pihak asing.",Prof Syamsul Rijal Dilantik Sebagai Koordinator Presidium MW KAHMI Aceh Periode 2022-2027,https://www.dialeksis.com/aceh/prof-syamsul-rijal-dilantik-sebagai-koordinator-presidium-mw-kahmi-aceh-periode-2022-2027/,dialeksis.com,"Tue, 03 Oct 2023 07:00:00 GMT",high,33,inkubator bisnis Aceh,Aulia,,0.0,needs_review,neutral,0,0,auto,
4264,"""Kemiskinan ada di Aceh membuat daerah ini. Kita punya sumber daya alam, jangan sampai diambil oleh orang luar. Kelemahan kita adalah kita tidak memiliki cukup uang. Oleh karena itu, penting bagi kita untuk belajar dari pengalaman dan melibatkan semua pihak yang terlibat,"" kata Abdullah Puteh.",Prof Syamsul Rijal Dilantik Sebagai Koordinator Presidium MW KAHMI Aceh Periode 2022-2027,https://www.dialeksis.com/aceh/prof-syamsul-rijal-dilantik-sebagai-koordinator-presidium-mw-kahmi-aceh-periode-2022-2027/,dialeksis.com,"Tue, 03 Oct 2023 07:00:00 GMT",high,45,inkubator bisnis Aceh,Aulia,,1.0,needs_review,neutral,0,0,auto,
4265,Dia menekankan bahwa saatnya untuk bergerak menuju tindakan nyata. Pidato dan retorika tidak akan cukup mengatasi masalah tersebut.,Prof Syamsul Rijal Dilantik Sebagai Koordinator Presidium MW KAHMI Aceh Periode 2022-2027,https://www.dialeksis.com/aceh/prof-syamsul-rijal-dilantik-sebagai-koordinator-presidium-mw-kahmi-aceh-periode-2022-2027/,dialeksis.com,"Tue, 03 Oct 2023 07:00:00 GMT",medium,18,inkubator bisnis Aceh,Aulia,,0.0,needs_review,neutral,0,1,auto,
4266,"Diperlukan langkah-langkah konkrit, kerjasama antar masyarakat, pemerintah, dan organisasi seperti KAHMI untuk mengatasi kemiskinan dan melindungi kekayaan alam Aceh, katanya.",Prof Syamsul Rijal Dilantik Sebagai Koordinator Presidium MW KAHMI Aceh Periode 2022-2027,https://www.dialeksis.com/aceh/prof-syamsul-rijal-dilantik-sebagai-koordinator-presidium-mw-kahmi-aceh-periode-2022-2027/,dialeksis.com,"Tue, 03 Oct 2023 07:00:00 GMT",high,20,inkubator bisnis Aceh,Aulia,,2.0,needs_review,neutral,0,1,auto,
4267,Selain itu Ketua Panitia Pelantikan MW KAHMI Safwan Nurdin mengatakan potensi besar yang dimiliki oleh para alumni Himpunan Mahasiswa Islam (HMI) Aceh.,Prof Syamsul Rijal Dilantik Sebagai Koordinator Presidium MW KAHMI Aceh Periode 2022-2027,https://www.dialeksis.com/aceh/prof-syamsul-rijal-dilantik-sebagai-koordinator-presidium-mw-kahmi-aceh-periode-2022-2027/,dialeksis.com,"Tue, 03 Oct 2023 07:00:00 GMT",high,22,inkubator bisnis Aceh,Aulia,,2.0,needs_review,neutral,1,0,auto,
4268,Safwan Nurdin menyebutkan bahwa kekuatan potensial ini memiliki kemampuan untuk menjadi kekuatan riil dalam proses pembangunan Aceh di masa yang akan datang.,Prof Syamsul Rijal Dilantik Sebagai Koordinator Presidium MW KAHMI Aceh Periode 2022-2027,https://www.dialeksis.com/aceh/prof-syamsul-rijal-dilantik-sebagai-koordinator-presidium-mw-kahmi-aceh-periode-2022-2027/,dialeksis.com,"Tue, 03 Oct 2023 07:00:00 GMT",high,22,inkubator bisnis Aceh,Aulia,,0.0,needs_review,positive,2,0,auto,
4269,"""Alumni HMI memiliki kekuatan dan potensi yang luar biasa. Banyak di antara mereka yang menduduki jabatan publik dan penting di Aceh. Pengalaman serta dedikasi mereka dalam membangun masyarakat adalah aset berharga yang perlu dimanfaatkan dengan baik,"" ujar Safwan Nurdin yang juga Caleg dari Partai Nasdem untuk DPRA Dapil Banda Aceh dan Aceh Besar.",Prof Syamsul Rijal Dilantik Sebagai Koordinator Presidium MW KAHMI Aceh Periode 2022-2027,https://www.dialeksis.com/aceh/prof-syamsul-rijal-dilantik-sebagai-koordinator-presidium-mw-kahmi-aceh-periode-2022-2027/,dialeksis.com,"Tue, 03 Oct 2023 07:00:00 GMT",high,53,inkubator bisnis Aceh,Aulia,,1.0,needs_review,positive,2,0,auto,
4270,"Dia juga menegaskan alumni HMI didik dan dibina dengan tujuan yang jelas, yaitu menciptakan masyarakat yang adil dan makmur, sesuai dengan nilai-nilai yang diridhai oleh Allah SWT.",Prof Syamsul Rijal Dilantik Sebagai Koordinator Presidium MW KAHMI Aceh Periode 2022-2027,https://www.dialeksis.com/aceh/prof-syamsul-rijal-dilantik-sebagai-koordinator-presidium-mw-kahmi-aceh-periode-2022-2027/,dialeksis.com,"Tue, 03 Oct 2023 07:00:00 GMT",medium,27,inkubator bisnis Aceh,Aulia,,0.0,needs_review,neutral,0,0,auto,
4271,"""Kami percaya bahwa dengan semangat kerja sama dan tekad yang kuat, para alumni HMI dapat menjadi agen perubahan yang membawa dampak positif bagi masyarakat Aceh. Bersama-sama, mari kita wujudkan visi Aceh yang adil, makmur, dan sejahtera untuk semua,"" pungkas Safwan Nurdin.",Prof Syamsul Rijal Dilantik Sebagai Koordinator Presidium MW KAHMI Aceh Periode 2022-2027,https://www.dialeksis.com/aceh/prof-syamsul-rijal-dilantik-sebagai-koordinator-presidium-mw-kahmi-aceh-periode-2022-2027/,dialeksis.com,"Tue, 03 Oct 2023 07:00:00 GMT",high,41,inkubator bisnis Aceh,Aulia,,1.0,needs_review,positive,2,0,auto,
4272,"DIALEKSIS.COM | Kolom - Menjelang minggu kedua bulan Oktober 1965, demonstrasi anti-PKI meletus di seluruh Aceh. Massa yang amarahnya telah berkobar-kobar menyerbu sejumlah faslitas milik PKI serta kediaman orang-orang yang terhimpun di partai kiri itu.",Rumah Orang-Orang PKI di Aceh Diserbu Massa,https://dialeksis.com/kolom/rumah-orang-orang-pki-di-aceh-diserbu-massa/,dialeksis.com,"Sat, 07 Oct 2023 07:00:00 GMT",high,35,inkubator bisnis Aceh,Aulia,,0.0,needs_review,neutral,0,0,auto,
4273,"Penyerbuan itu berlangsung siang-malam. Komando militer di Aceh mencatatnya dalam dokumen resmi mereka yang berjudul Laporan Tahunan Lengkap Kodam-I/Kohanda Atjeh Tahun 1965 (1965). Laporan ini menyebutkan, kekerasan pertama kali terjadi di Banda Aceh pada jam 10 pagi tanggal 7 Oktober, ketika massa menyerbu dan menggeledah rumah Thaib Adamy, salah satu tokoh PKI di Aceh.",Rumah Orang-Orang PKI di Aceh Diserbu Massa,https://dialeksis.com/kolom/rumah-orang-orang-pki-di-aceh-diserbu-massa/,dialeksis.com,"Sat, 07 Oct 2023 07:00:00 GMT",high,54,inkubator bisnis Aceh,Aulia,,1.0,needs_review,neutral,0,0,auto,
4274,"Militer mencatat: Dari hasil penggeledahan dirumah Thaib Adamy PKI telah diketemukan tanda2 pangkat jang menjerupai sedjumlah tanda pangkat T.N.I. dalam keadaan belum siap dan setengah karung tanda pangkat T.N.I. bawahan sudah pakai (telah diserahkan ke Kolatu), berikut buku2 tjatatan pribadi Samikidin dan Thaib Adamy (tokoh utama PKI Atjeh).",Rumah Orang-Orang PKI di Aceh Diserbu Massa,https://dialeksis.com/kolom/rumah-orang-orang-pki-di-aceh-diserbu-massa/,dialeksis.com,"Sat, 07 Oct 2023 07:00:00 GMT",medium,48,inkubator bisnis Aceh,Aulia,,1.0,needs_review,neutral,0,0,auto,
4275,"Selain seragam militer, dalam penggeledahan itu ditemukan pula beberapa dokumen partai, granat tangan yang sudah dalam keadaan berkarat/tua, sebuah peluru geren (senapan Garand), dan sembilan selongsong peluru pistol Colt 38. Barang-barang sitaan ini kemudian dianggap sebagai bukti bahwa PKI Aceh sedang mempersiapkan pemberontakan bersenjata.",Rumah Orang-Orang PKI di Aceh Diserbu Massa,https://dialeksis.com/kolom/rumah-orang-orang-pki-di-aceh-diserbu-massa/,dialeksis.com,"Sat, 07 Oct 2023 07:00:00 GMT",high,44,inkubator bisnis Aceh,Aulia,,0.0,needs_review,neutral,0,0,auto,
4276,"Pada hari berikutnya, 8 Oktober, HMI bersama massa rakyat mendatangi rumah Ketua PKI Aceh Samikidin. Tahu rumahnya juga bakal jadi sasaran amuk massa, Samikidin lekas melarikan diri bersama keluarganya. Massa yang marah karena gagal menangkap Samikidin kemudian membakar seluruh buku dan mesin tik yang ada di rumah. Uniknya, militer yang menjadi pelaku utama kampanye anti-PKI justru menyebut tindakan kader-kader HMI ini sebagai demonstrasi liar.",Rumah Orang-Orang PKI di Aceh Diserbu Massa,https://dialeksis.com/kolom/rumah-orang-orang-pki-di-aceh-diserbu-massa/,dialeksis.com,"Sat, 07 Oct 2023 07:00:00 GMT",high,64,inkubator bisnis Aceh,Aulia,,0.0,needs_review,neutral,0,1,auto,
4277,"Kalau setingkat kantor dan rumah petinggi PKI Aceh saja berhasil diobrak-abrik massa, apalagi rumah para anggota biasa. Jam 4 sore, demonstrasi anti-PKI berlanjut dengan jumlah massa yang lebih besar. Arsip militer menyebutkan, demonstrasi ini digerakkan oleh lawan-lawan politik PKI seperti NU dan Muhammadiyah. Usai mengelilingi Kota Banda Aceh, para demonstran menyerang rumah Tjut Husin dan membakar perabot-perabot yang ada di dalam rumahnya. Demikian halnya dengan rumah seorang kader bernama Sumbowo. Massa turut membakar fasilitas pendidikan politik milik PKI, yang dalam dokumen militer disebut sebagai rumah beladjar/rapat PKI.",Rumah Orang-Orang PKI di Aceh Diserbu Massa,https://dialeksis.com/kolom/rumah-orang-orang-pki-di-aceh-diserbu-massa/,dialeksis.com,"Sat, 07 Oct 2023 07:00:00 GMT",high,87,inkubator bisnis Aceh,Aulia,,2.0,needs_review,neutral,1,0,auto,
4278,"Di Lhokseumawe, pennggeledahan rumah para anggota PKI berlangsung hingga lewat tengah malam. Sekitar 30-an anggota partai politik dan ormas menghancurkan barang-barang berharga yang mereka temukan di setiap rumah. Berlangsung pada 10 Oktober, penyerbuan ini dimulai jam 22 dan baru berakhir pukul 2 malam.",Rumah Orang-Orang PKI di Aceh Diserbu Massa,https://dialeksis.com/kolom/rumah-orang-orang-pki-di-aceh-diserbu-massa/,dialeksis.com,"Sat, 07 Oct 2023 07:00:00 GMT",high,43,inkubator bisnis Aceh,Aulia,,1.0,needs_review,neutral,0,0,auto,
4279,"Tindakan serupa terjadi di Aceh Timur selepas sembahyang Subuh. Jam 6 pagi, sekitar 15.000 warga Kecamatan Kuala Simpang menyerang rumah milik kader-kader PKI di daerah mereka. Jumlah massa ini cukup besar lantaran organisasi yang terlibat lebih banyak. Bahkan, sejumlah organisasi perempuan ikut serta, yakni Putri Alwasliyah, Putri Marhaenis, dan Wanita Muhammadiyah. Massa menyudahi aksinya dengan menggelar sembahyang gaib untuk mendoakan para tokoh Angkatan Darat yang terbunuh dalam peristiwa G30S.",Rumah Orang-Orang PKI di Aceh Diserbu Massa,https://dialeksis.com/kolom/rumah-orang-orang-pki-di-aceh-diserbu-massa/,dialeksis.com,"Sat, 07 Oct 2023 07:00:00 GMT",high,69,inkubator bisnis Aceh,Aulia,,1.0,needs_review,neutral,0,0,auto,
4280,"Keadaan gaduh ini dimanfaatkan oleh beberapa pihak yang tak punya agenda politik. Mereka melakukan penyerbuan ke rumah orang-orang Tionghoa yang dituduh mendukung PKI untuk mencari keuntungan pribadi. Pada 25 Oktober, dalam gulita jam setengah lima pagi, rumah seorang warga Tionghoa di Jalan Pekanbaru Banda Aceh diserbu lima orang tidak dikenal memakai topeng kain putih. Mereka nyaris berhasil menculik seorang cincu yang menginap di rumah tersebut. Para perampok ini kemudian mencari mangsa lain. Di Jalan Gapura, mereka bertemu dengan seorang Tionghoa lain dan membegal uang sebesar Rp2.000.",Rumah Orang-Orang PKI di Aceh Diserbu Massa,https://dialeksis.com/kolom/rumah-orang-orang-pki-di-aceh-diserbu-massa/,dialeksis.com,"Sat, 07 Oct 2023 07:00:00 GMT",high,86,inkubator bisnis Aceh,Aulia,,2.0,needs_review,positive,3,0,auto,
4281,"Saat diwawancarai sejarawan Jess Melvin, seorang anak Thaib Adamy memilih Ramly sebagai nama samaran untuk publikasi kesaksiannya. Namun, dalam sebuah wawancara dengan Heyder Affan dari BBC, ia bersedia nama aslinya, yakni Setiady, diungkap ke publik.",Rumah Orang-Orang PKI di Aceh Diserbu Massa,https://dialeksis.com/kolom/rumah-orang-orang-pki-di-aceh-diserbu-massa/,dialeksis.com,"Sat, 07 Oct 2023 07:00:00 GMT",medium,35,inkubator bisnis Aceh,Aulia,,0.0,needs_review,neutral,0,0,auto,
4282,"Dalam Berkas Genosida Indonesia: Mekanika Pembunuhan Massal 1965-1966 (2022), Jess Melvin menyebut Setiadi ragu ayahnya punya granat, senjata api, dan seragam militer. Setiadi menjelaskan, di belakang rumah keluarganya ada kompleks militer atau tempat latihan SI-AD (Sekolah Inteligen-Angkatan Darat). Ada perumahan tentara juga, tuturnya.",Rumah Orang-Orang PKI di Aceh Diserbu Massa,https://dialeksis.com/kolom/rumah-orang-orang-pki-di-aceh-diserbu-massa/,dialeksis.com,"Sat, 07 Oct 2023 07:00:00 GMT",medium,43,inkubator bisnis Aceh,Aulia,,1.0,needs_review,neutral,0,1,auto,
4283,"Saat bermain di halaman belakang rumah, Setiadi dan kawan-kawannya sering menemukan granat-granat kosong yang sudah berkarat. Kerap pula tercecer di situ termos bekas berbahan aluminium dan selongsong peluru. Mereka memungut barang-barang bekas pakai tersebut dan membawanya pulang ke rumah untuk dijadikan mainan.",Rumah Orang-Orang PKI di Aceh Diserbu Massa,https://dialeksis.com/kolom/rumah-orang-orang-pki-di-aceh-diserbu-massa/,dialeksis.com,"Sat, 07 Oct 2023 07:00:00 GMT",medium,42,inkubator bisnis Aceh,Aulia,,0.0,needs_review,neutral,0,0,auto,
4284,"Setiady menduga, para demonstran anti-PKI menemukan granat mainan sewaktu menggeledah rumahnya. Berbekal temuan itu, massa dan militer kemudian merekayasa narasi bahwa ayahnya sedang mempersiapkan pemberontakan bersenjata. Setiady juga menjelaskan bahwa ia tak pernah melihat sang ayah memakai atau menyimpan seragam militer. Dia yakin ada orang yang sengaja meletakkan seragam tentara di rumahnya sebagai bukti palsu.",Rumah Orang-Orang PKI di Aceh Diserbu Massa,https://dialeksis.com/kolom/rumah-orang-orang-pki-di-aceh-diserbu-massa/,dialeksis.com,"Sat, 07 Oct 2023 07:00:00 GMT",medium,55,inkubator bisnis Aceh,Aulia,,0.0,needs_review,neutral,0,0,auto,
4285,"Banda Aceh, Aceh Bisnis - Mak Rah Pireng, dari namanya saja sudah bisa ditebak bahwa produk ini berasal dari Aceh.","Mak Rah Pireng, Sabun Lokal Aceh Yang Siap Masuk Pasar Nasional",https://www.acehbisnis.com/news/mak-rah-pireng-sabun-lokal-aceh-yang-siap-masuk-pasar-nasional/index.html,acehbisnis.com,2022-11-21,high,20,inkubator bisnis Aceh,Aulia,,2.0,needs_review,neutral,0,0,auto,
4289,"Wanita yang akrab disapa Nindya ini bercerita, bisnis sabun lokal itu dirintisnya pada 2018 dengan melakukan eksperimen membuat sabun.","Mak Rah Pireng, Sabun Lokal Aceh Yang Siap Masuk Pasar Nasional",https://www.acehbisnis.com/news/mak-rah-pireng-sabun-lokal-aceh-yang-siap-masuk-pasar-nasional/index.html,acehbisnis.com,2022-11-21,medium,19,inkubator bisnis Aceh,Aulia,,1.0,needs_review,neutral,0,0,auto,
4290,Sabun Mak Rah Pireng menggunakan bahan dasar ekstrak asam sunti atau belimbing wuluh. Hal itu karena asam sunti merupakan salah satu bahan baku yang mudah ditemui di Aceh.,"Mak Rah Pireng, Sabun Lokal Aceh Yang Siap Masuk Pasar Nasional",https://www.acehbisnis.com/news/mak-rah-pireng-sabun-lokal-aceh-yang-siap-masuk-pasar-nasional/index.html,acehbisnis.com,2022-11-21,high,28,inkubator bisnis Aceh,Aulia,,1.0,needs_review,neutral,0,0,auto,
4291,Ide itu muncul saat Nindya melihat neneknya sering memanfaatkan air bekas rendaman asam sunti digunakan untuk membersihkan area kamar mandi.,"Mak Rah Pireng, Sabun Lokal Aceh Yang Siap Masuk Pasar Nasional",https://www.acehbisnis.com/news/mak-rah-pireng-sabun-lokal-aceh-yang-siap-masuk-pasar-nasional/index.html,acehbisnis.com,2022-11-21,medium,20,inkubator bisnis Aceh,Aulia,,0.0,needs_review,neutral,1,0,auto,
4292,"Saya melihat air bekas rendaman asam sunti ini, sangat ampuh membersihkan kerak-kerak dikamar mandi. Akhirnya terpikirlah oleh saya kenapa tidak dicoba bikin sabun saja dengan bahan asam sunti, ujar Nindya.","Mak Rah Pireng, Sabun Lokal Aceh Yang Siap Masuk Pasar Nasional",https://www.acehbisnis.com/news/mak-rah-pireng-sabun-lokal-aceh-yang-siap-masuk-pasar-nasional/index.html,acehbisnis.com,2022-11-21,medium,30,inkubator bisnis Aceh,Aulia,,0.0,needs_review,neutral,0,0,auto,
4293,"Nindya yang merupakan alumni jurusan teknik industri pada salah satu perguruan tinggi di Berlin, Jerman ini pun mulai mencoba-coba formula sabun cuci piring dengan bahan baku asam sunti.","Mak Rah Pireng, Sabun Lokal Aceh Yang Siap Masuk Pasar Nasional",https://www.acehbisnis.com/news/mak-rah-pireng-sabun-lokal-aceh-yang-siap-masuk-pasar-nasional/index.html,acehbisnis.com,2022-11-21,medium,28,inkubator bisnis Aceh,Aulia,,0.0,needs_review,neutral,0,0,auto,
4294,"Terinspirasi dari kebiasan neneknya, akhirnya pada 2018 Nindya mulai mengeluarkan produk sabun cuci piring miliknya.","Mak Rah Pireng, Sabun Lokal Aceh Yang Siap Masuk Pasar Nasional",https://www.acehbisnis.com/news/mak-rah-pireng-sabun-lokal-aceh-yang-siap-masuk-pasar-nasional/index.html,acehbisnis.com,2022-11-21,medium,15,inkubator bisnis Aceh,Aulia,,2.0,needs_review,neutral,0,0,auto,
4297,"Katanya, saat ini produk kemasan Mak Rah Pireng sudah bisa ditemui di seluruh kabupaten/kota di Aceh.","Mak Rah Pireng, Sabun Lokal Aceh Yang Siap Masuk Pasar Nasional",https://www.acehbisnis.com/news/mak-rah-pireng-sabun-lokal-aceh-yang-siap-masuk-pasar-nasional/index.html,acehbisnis.com,2022-11-21,high,16,inkubator bisnis Aceh,Aulia,,2.0,needs_review,neutral,0,0,auto,
4302,Nindya mengatakan saat ini mereka membuka kesempatan pada orang lain untuk menjadi agen atau distributor Mak Rah Pireng.,"Mak Rah Pireng, Sabun Lokal Aceh Yang Siap Masuk Pasar Nasional",https://www.acehbisnis.com/news/mak-rah-pireng-sabun-lokal-aceh-yang-siap-masuk-pasar-nasional/index.html,acehbisnis.com,2022-11-21,medium,18,inkubator bisnis Aceh,Aulia,,0.0,needs_review,neutral,0,0,auto,
4303,Survei ini segera dibantah oleh Direktur Lembaga Survei Indonesia (LSI) Djayadi Hanan PhD yang mengatakan pihaknya tidak pernah mempublikasikan hasil survei LSI di Kota Banda Aceh.,"Survei Cawalkot Banda Aceh Dibantah LSI, Djayadi Hanan: Hanya Untuk Konsumsi Internal",https://dialeksis.com/polkum/survei-cawalkot-banda-aceh-dibantah-lsi-djayadi-hanan-hanya-untuk-konsumsi-internal/,dialeksis.com,"Sat, 29 Jun 2024 07:00:00 GMT",high,26,inkubator bisnis Aceh,Aulia,,0.0,needs_review,neutral,0,0,auto,
4304,"""Kami hanya melakukan survei untuk salah satu calon walikota Banda Aceh dan hasilnya tidak pernah dipublikasikan,"" tegas Djayadi Hanan, Sabtu (29/6/2024).","Survei Cawalkot Banda Aceh Dibantah LSI, Djayadi Hanan: Hanya Untuk Konsumsi Internal",https://dialeksis.com/polkum/survei-cawalkot-banda-aceh-dibantah-lsi-djayadi-hanan-hanya-untuk-konsumsi-internal/,dialeksis.com,"Sat, 29 Jun 2024 07:00:00 GMT",high,21,inkubator bisnis Aceh,Aulia,,0.0,needs_review,neutral,0,0,auto,
4305,"""Kemudian, logo pada hasil survei Banda Aceh itu bukanlah logo resmi Lembaga Survei Indonesia,"" jelas Djayadi.","Survei Cawalkot Banda Aceh Dibantah LSI, Djayadi Hanan: Hanya Untuk Konsumsi Internal",https://dialeksis.com/polkum/survei-cawalkot-banda-aceh-dibantah-lsi-djayadi-hanan-hanya-untuk-konsumsi-internal/,dialeksis.com,"Sat, 29 Jun 2024 07:00:00 GMT",high,16,inkubator bisnis Aceh,Aulia,,1.0,needs_review,neutral,0,0,auto,
4306,"Direktur LSI Itu juga kembali menegaskan, survei yang mereka lakukan di Banda Aceh hanya dipergunakan untuk konsumsi internal salah satu calon walikota Banda Aceh.","Survei Cawalkot Banda Aceh Dibantah LSI, Djayadi Hanan: Hanya Untuk Konsumsi Internal",https://dialeksis.com/polkum/survei-cawalkot-banda-aceh-dibantah-lsi-djayadi-hanan-hanya-untuk-konsumsi-internal/,dialeksis.com,"Sat, 29 Jun 2024 07:00:00 GMT",high,24,inkubator bisnis Aceh,Aulia,,0.0,needs_review,neutral,0,0,auto,
4307,"""Hanya untuk internal. Bukan untuk publikasi ke masyarakat,"" pungkasnya.","Survei Cawalkot Banda Aceh Dibantah LSI, Djayadi Hanan: Hanya Untuk Konsumsi Internal",https://dialeksis.com/polkum/survei-cawalkot-banda-aceh-dibantah-lsi-djayadi-hanan-hanya-untuk-konsumsi-internal/,dialeksis.com,"Sat, 29 Jun 2024 07:00:00 GMT",medium,9,inkubator bisnis Aceh,Aulia,,0.0,needs_review,neutral,0,0,auto,
4424,"Universitas Muhamamdiyah Aceh (Unmuha) salah satu perguruan tinggi Muhammadiyah yang berlokasi di Kota Banda Aceh, Provinsi Aceh yang saat ini memilili 7 Fakultas dengan 22 Program Studi terdiri dari S2, S1 dan D3 dan sudah terakreditasi","Pengenalan UMKM, IBK Unmuha Adakan Kuliah Tamu",https://kumparan.com/humas-1656683714546549322/pengenalan-umkm-ibk-unmuha-adakan-kuliah-tamu-1z7L7Gd7Ak8,kumparan.com,"Tue, 25 Oct 2022 07:00:00 GMT",high,36,inkubator bisnis Aceh,Aulia,,2.0,needs_review,neutral,0,0,auto,
4427,"Kegiatan ini di isi oleh tiga narasumber yaitu Leny Novita (kepala tim implementasi kebijakan ekonomi daerah kantor perwakilan Bank Indonesia Provinsi Aceh), Muhammad Julian Rudyanto (devisi sistem pembayaran Bank Indonesia Aceh) dan Desi Anara Desky (CEO Anara Group) serta di pandu oleh moderator Syamsidar, SE,M.Si, Ak (Wakil Dekan 3 FE Unmuha).","Pengenalan UMKM, IBK Unmuha Adakan Kuliah Tamu",https://kumparan.com/humas-1656683714546549322/pengenalan-umkm-ibk-unmuha-adakan-kuliah-tamu-1z7L7Gd7Ak8,kumparan.com,"Tue, 25 Oct 2022 07:00:00 GMT",high,51,inkubator bisnis Aceh,Aulia,,2.0,needs_review,neutral,0,0,auto,
4428,"Dalam sambutannya Drs. Tarmizi Gadeng, SE, M.Si, MM selaku koordinator IBK Unmuha menyampaikan terima kasih kepada LLDikti Wilayah XIII Aceh, Bank Indonesia dan Anara Group yang sudah bekerjasama dengan IBK Unmuha dalam rangka kuliah tamu ini.","Pengenalan UMKM, IBK Unmuha Adakan Kuliah Tamu",https://kumparan.com/humas-1656683714546549322/pengenalan-umkm-ibk-unmuha-adakan-kuliah-tamu-1z7L7Gd7Ak8,kumparan.com,"Tue, 25 Oct 2022 07:00:00 GMT",high,36,inkubator bisnis Aceh,Aulia,,2.0,needs_review,neutral,0,0,auto,
4429,"kita sangat bersyukur atas terlaksana kegiatan ini semoga ini menjadi pijakan awal untuk saling berkolaborasi antara BI dan Anara Group, guna mendampingi mahasiswa dan alumni yang konsen terhadap pembentukan UMKM.","Pengenalan UMKM, IBK Unmuha Adakan Kuliah Tamu",https://kumparan.com/humas-1656683714546549322/pengenalan-umkm-ibk-unmuha-adakan-kuliah-tamu-1z7L7Gd7Ak8,kumparan.com,"Tue, 25 Oct 2022 07:00:00 GMT",low,30,inkubator bisnis Aceh,Aulia,,2.0,needs_review,neutral,1,0,auto,
4430,"Sementara itu kepala LLDikti Wilayah XIII Aceh yang diwakili oleh Kasubbag Akademik Zainal menyammpaikan terima kasih kepada IBK Unmuha yang sudah menyelenggarakan kegiatan ini, memang harapannya saat ini semua jurusan sudah harus membentuk kurikulum yang berjiwa kewirausahaan untuk mahasiswanya, supaya mahasiswa bukan orientasi mencari kerja bila selesai nantinya harapan Zainal.","Pengenalan UMKM, IBK Unmuha Adakan Kuliah Tamu",https://kumparan.com/humas-1656683714546549322/pengenalan-umkm-ibk-unmuha-adakan-kuliah-tamu-1z7L7Gd7Ak8,kumparan.com,"Tue, 25 Oct 2022 07:00:00 GMT",high,50,inkubator bisnis Aceh,Aulia,,2.0,needs_review,neutral,1,0,auto,
4432,Antusias mahasiswa dalam mengikuti kuliah tamu ini sangat terarasa terlihat dari banyaknya yang menanyakan kepada para narasumber.,"Pengenalan UMKM, IBK Unmuha Adakan Kuliah Tamu",https://kumparan.com/humas-1656683714546549322/pengenalan-umkm-ibk-unmuha-adakan-kuliah-tamu-1z7L7Gd7Ak8,kumparan.com,"Tue, 25 Oct 2022 07:00:00 GMT",low,17,inkubator bisnis Aceh,Aulia,,2.0,needs_review,neutral,0,0,auto,
4433,Diakhir sesi kegiatan ini juga di tanda tangani nota kesepahaman antara IBK Unmuha dengan Anara Group.,"Pengenalan UMKM, IBK Unmuha Adakan Kuliah Tamu",https://kumparan.com/humas-1656683714546549322/pengenalan-umkm-ibk-unmuha-adakan-kuliah-tamu-1z7L7Gd7Ak8,kumparan.com,"Tue, 25 Oct 2022 07:00:00 GMT",low,16,inkubator bisnis Aceh,Aulia,,0.0,needs_review,neutral,0,0,auto,
4449,"Dinas Syariat Islam (DSI) Kota Banda Aceh menggelar Pelatihan Dakwah Digital yang berlangsung pada 2122 Mei 2026 di Hotel Al Hanifi, Banda Aceh. Kegiatan tersebut diikuti 50 peserta yang berasal dari komunitas dakwah dan media sosial, dai dan daiyah, Ibu Profesional Aceh, hingga para konten kreator.","DSI Banda Aceh Gelar Pelatihan Dakwah Digital, Dorong Dai Kreatif dan Adaptif di Era Media Sosial",https://syariatislam.bandaacehkota.go.id/2026/05/24/dsi-banda-aceh-gelar-pelatihan-dakwah-digital-dorong-dai-kreatif-dan-adaptif-di-era-media-sosial/,syariatislam.bandaacehkota.go.id,2026-05-24,high,46,pelatihan digital Aceh,Aulia,,2.0,needs_review,neutral,0,0,auto,
4450,"Pelatihan dibuka Wali Kota Banda Aceh yang diwakili Asisten I Sekdako Banda Aceh, Bachtiar, S.Sos. M.Si dalam sambutannya, Bakhtiar mengatakan dakwah digital merupakan bentuk adaptasi metode dakwah terhadap perkembangan zaman dengan memanfaatkan media digital sebagai sarana penyampaian pesan-pesan Islam yang moderat, edukatif, dan inspiratif.","DSI Banda Aceh Gelar Pelatihan Dakwah Digital, Dorong Dai Kreatif dan Adaptif di Era Media Sosial",https://syariatislam.bandaacehkota.go.id/2026/05/24/dsi-banda-aceh-gelar-pelatihan-dakwah-digital-dorong-dai-kreatif-dan-adaptif-di-era-media-sosial/,syariatislam.bandaacehkota.go.id,2026-05-24,high,44,pelatihan digital Aceh,Aulia,,2.0,needs_review,positive,2,0,auto,
4452,"Media sosial harus dimanfaatkan sebagai sarana memperkuat akhlak dan peradaban. Konten-konten negatif yang merusak nilai harus dikalahkan oleh konten positif dan dakwah yang menyejukkan, kata Bachtiar.","DSI Banda Aceh Gelar Pelatihan Dakwah Digital, Dorong Dai Kreatif dan Adaptif di Era Media Sosial",https://syariatislam.bandaacehkota.go.id/2026/05/24/dsi-banda-aceh-gelar-pelatihan-dakwah-digital-dorong-dai-kreatif-dan-adaptif-di-era-media-sosial/,syariatislam.bandaacehkota.go.id,2026-05-24,medium,26,pelatihan digital Aceh,Aulia,,1.0,needs_review,neutral,1,0,auto,
4454,"Bakhtiar juga menekankan pentingnya peran dai, konten kreator, komunitas dakwah, dan pegiat media sosial sebagai agen perubahan akhlak dan karakter di ruang digital.","DSI Banda Aceh Gelar Pelatihan Dakwah Digital, Dorong Dai Kreatif dan Adaptif di Era Media Sosial",https://syariatislam.bandaacehkota.go.id/2026/05/24/dsi-banda-aceh-gelar-pelatihan-dakwah-digital-dorong-dai-kreatif-dan-adaptif-di-era-media-sosial/,syariatislam.bandaacehkota.go.id,2026-05-24,medium,23,pelatihan digital Aceh,Aulia,,2.0,needs_review,neutral,0,0,auto,
4455,"Selain itu, kata dia, komunitas dakwah seperti AKRAB dan Raisul Fata diharapkan dapat membangun ruang belajar bersama dan memperluas jangkauan dakwah melalui kegiatan daring maupun luring.","DSI Banda Aceh Gelar Pelatihan Dakwah Digital, Dorong Dai Kreatif dan Adaptif di Era Media Sosial",https://syariatislam.bandaacehkota.go.id/2026/05/24/dsi-banda-aceh-gelar-pelatihan-dakwah-digital-dorong-dai-kreatif-dan-adaptif-di-era-media-sosial/,syariatislam.bandaacehkota.go.id,2026-05-24,medium,26,pelatihan digital Aceh,Aulia,,2.0,needs_review,neutral,0,0,auto,
4457,"Sementara itu, Kepala DSI Kota Banda Aceh, Alimsyah, S.Pd., MS didampingi Kepala Bidang Pengembangan Syariah, Wirzaini Usman, S.HI., M.I.Kom mengatakan kegiatan tersebut bertujuan meningkatkan pemahaman peserta terkait konsep dan urgensi dakwah digital.","DSI Banda Aceh Gelar Pelatihan Dakwah Digital, Dorong Dai Kreatif dan Adaptif di Era Media Sosial",https://syariatislam.bandaacehkota.go.id/2026/05/24/dsi-banda-aceh-gelar-pelatihan-dakwah-digital-dorong-dai-kreatif-dan-adaptif-di-era-media-sosial/,syariatislam.bandaacehkota.go.id,2026-05-24,high,32,pelatihan digital Aceh,Aulia,,2.0,needs_review,positive,2,0,auto,
4460,"Adapun pemateri dalam pelatihan tersebut yakni Wali Kota Banda Aceh, Hj. Illiza Saaduddin Djamal, SE, Kepala DSI Kota Banda Aceh Alimsyah, S.Pd., MS, penceramah nasional Dr. Tgk. H. Amri Fatmi, Lc., MA, serta konten kreator Muhammad Al-Munawwir atau Awien Syuib.","DSI Banda Aceh Gelar Pelatihan Dakwah Digital, Dorong Dai Kreatif dan Adaptif di Era Media Sosial",https://syariatislam.bandaacehkota.go.id/2026/05/24/dsi-banda-aceh-gelar-pelatihan-dakwah-digital-dorong-dai-kreatif-dan-adaptif-di-era-media-sosial/,syariatislam.bandaacehkota.go.id,2026-05-24,high,40,pelatihan digital Aceh,Aulia,,2.0,needs_review,neutral,0,0,auto,
4461,"Melalui kegiatan ini kita berharap terbangun ekosistem dakwah digital yang berkelanjutan dan mampu memberikan dampak positif bagi masyarakat, pungkas Alimsyah.","DSI Banda Aceh Gelar Pelatihan Dakwah Digital, Dorong Dai Kreatif dan Adaptif di Era Media Sosial",https://syariatislam.bandaacehkota.go.id/2026/05/24/dsi-banda-aceh-gelar-pelatihan-dakwah-digital-dorong-dai-kreatif-dan-adaptif-di-era-media-sosial/,syariatislam.bandaacehkota.go.id,2026-05-24,medium,20,pelatihan digital Aceh,Aulia,,2.0,needs_review,neutral,1,0,auto,
4462,"ACEH TENGAH - Mantan Presiden Mahasiswa STAI Gajah Putih, Iwan Bahagia, mendesak Pemerintah Kabupaten (Pemkab) Aceh Tengah untuk membentuk Satuan Tugas Minyak Bumi dan Gas Bumi (Satgas Migas) guna memastikan penyebab kelangkaan gas elpiji 3 kilogram bersubsidi di daerah itu.","Gas 3 Kg Langka, Pemkab Aceh Tengah Didesak Bentuk Satgas",https://www.ajnn.net/news/gas-3-kg-langka-pemkab-aceh-tengah-didesak-bentuk-satgas/index.html,ajnn.net,"Tue, 07 Jan 2025 08:00:00 GMT",high,40,inkubator bisnis Aceh,Aulia,,2.0,needs_review,neutral,0,1,auto,
4463,"""Hari ini diperlukan semacam tim taks force, semacam Satgas Minyak Bumi dan Gas Bumi (Satgas Migas). Tim ini perlu turun untuk melalukan monitoring, mencari penyebab kelangkaan gas 3 kilogram, sehingga gas melon itu dijual mahal oleh para pedagang eceran,"" kata Iwan Bahagia kepada AJNN, Selasa, 7 Januari 2025.","Gas 3 Kg Langka, Pemkab Aceh Tengah Didesak Bentuk Satgas",https://www.ajnn.net/news/gas-3-kg-langka-pemkab-aceh-tengah-didesak-bentuk-satgas/index.html,ajnn.net,"Tue, 07 Jan 2025 08:00:00 GMT",medium,48,inkubator bisnis Aceh,Aulia,,2.0,needs_review,negative,0,3,auto,
4464,"Satgas yang dimaksud, melibatkan instansi Kepolisian, Kejaksaan dan dinas terkait. Menurut Iwan, kelangkaan gas bersubsidi di Aceh Tengah terjadi bertepatan dengan masa panen kopi. Ia menduga ada pihak yang memanfaatkan situasi ini untuk mencari keuntungan.","Gas 3 Kg Langka, Pemkab Aceh Tengah Didesak Bentuk Satgas",https://www.ajnn.net/news/gas-3-kg-langka-pemkab-aceh-tengah-didesak-bentuk-satgas/index.html,ajnn.net,"Tue, 07 Jan 2025 08:00:00 GMT",high,35,inkubator bisnis Aceh,Aulia,,2.0,needs_review,neutral,1,1,auto,
4465,"""Jadi tim taks force ini setahu saya pernah ada, di antaranya Satgas Pangan, dan beberapa daerah lain ada Satgas Migas,"" ucap Iwan.","Gas 3 Kg Langka, Pemkab Aceh Tengah Didesak Bentuk Satgas",https://www.ajnn.net/news/gas-3-kg-langka-pemkab-aceh-tengah-didesak-bentuk-satgas/index.html,ajnn.net,"Tue, 07 Jan 2025 08:00:00 GMT",medium,22,inkubator bisnis Aceh,Aulia,,0.0,needs_review,neutral,0,0,auto,
4466,"Kata Iwan, dia kerap melihat sejumlah warga sejak Oktober 2024 hingga awal 2025 kesulitan mencari gas bersubsidi untuk dibeli.","Gas 3 Kg Langka, Pemkab Aceh Tengah Didesak Bentuk Satgas",https://www.ajnn.net/news/gas-3-kg-langka-pemkab-aceh-tengah-didesak-bentuk-satgas/index.html,ajnn.net,"Tue, 07 Jan 2025 08:00:00 GMT",medium,19,inkubator bisnis Aceh,Aulia,,2.0,needs_review,negative,0,2,auto,
4467,"""Saya menyaksikan ada warga yang berkeliling dari desa ke desa hingga dari kecamatan ke kecamatan mencari gas bersubsidi, namun pulang tabung yang dibawa tetap kosong,"" kata dia.","Gas 3 Kg Langka, Pemkab Aceh Tengah Didesak Bentuk Satgas",https://www.ajnn.net/news/gas-3-kg-langka-pemkab-aceh-tengah-didesak-bentuk-satgas/index.html,ajnn.net,"Tue, 07 Jan 2025 08:00:00 GMT",medium,27,inkubator bisnis Aceh,Aulia,,2.0,needs_review,neutral,0,0,auto,
4468,"Keberadaan tim taks force nantinya diharapkan dapat secara khusus menangani praktek kegiatan illegal penyaluran migas bersubsidi, hingga mencari seluk beluk persoalan penyaluran kegiatan ilegal hulu dan hilir.","Gas 3 Kg Langka, Pemkab Aceh Tengah Didesak Bentuk Satgas",https://www.ajnn.net/news/gas-3-kg-langka-pemkab-aceh-tengah-didesak-bentuk-satgas/index.html,ajnn.net,"Tue, 07 Jan 2025 08:00:00 GMT",medium,27,inkubator bisnis Aceh,Aulia,,2.0,needs_review,neutral,0,0,auto,
4469,"""Pembentukan Satgas Penanggulangan llegal Migas dengan anggota lintas Kementerian atau lembaga, merupakan salah satu alternatif solusi yang diharapkan mampu menanggulangi ilegal penyaluran Migas secara masif dan sistematis,"" ungkap Iwan.","Gas 3 Kg Langka, Pemkab Aceh Tengah Didesak Bentuk Satgas",https://www.ajnn.net/news/gas-3-kg-langka-pemkab-aceh-tengah-didesak-bentuk-satgas/index.html,ajnn.net,"Tue, 07 Jan 2025 08:00:00 GMT",medium,29,inkubator bisnis Aceh,Aulia,,1.0,needs_review,neutral,0,0,auto,
4471,"""Saya kira sasaran Satgas ini bukan masyarakat kecil, pedagang kecil. Karena bisa jadi ada pelaku yang sengaja melakukan tindakan ini untuk mencari keuntungan, mengatasnamakan pedagang kecil. Tentu bila ditemukan perlu ditindak,"" tegasnya.","Gas 3 Kg Langka, Pemkab Aceh Tengah Didesak Bentuk Satgas",https://www.ajnn.net/news/gas-3-kg-langka-pemkab-aceh-tengah-didesak-bentuk-satgas/index.html,ajnn.net,"Tue, 07 Jan 2025 08:00:00 GMT",medium,32,inkubator bisnis Aceh,Aulia,,1.0,needs_review,neutral,0,0,auto,
4473,"Menurut Iwan Bahagia, masyarakat tentu sangat kecewa dengan Pertamina yang memberikan solusi dengan hanya operasi pasar, tanpa membentuk tim dari internal Pertamina sendiri.","Gas 3 Kg Langka, Pemkab Aceh Tengah Didesak Bentuk Satgas",https://www.ajnn.net/news/gas-3-kg-langka-pemkab-aceh-tengah-didesak-bentuk-satgas/index.html,ajnn.net,"Tue, 07 Jan 2025 08:00:00 GMT",medium,23,inkubator bisnis Aceh,Aulia,,2.0,needs_review,neutral,0,0,auto,
4474,"""Pertamina di Aceh perlu melakukan monitoring penyaluran gas 3 kilogram di Aceh Tengah, atau daerah yang dianggap bermasalah dalam hal penyaluran. Bayangkan, kok bisa langka, kok bisa mahal di atas HET. Kok hanya malah operasi pasar,"" kata Iwan.","Gas 3 Kg Langka, Pemkab Aceh Tengah Didesak Bentuk Satgas",https://www.ajnn.net/news/gas-3-kg-langka-pemkab-aceh-tengah-didesak-bentuk-satgas/index.html,ajnn.net,"Tue, 07 Jan 2025 08:00:00 GMT",high,38,inkubator bisnis Aceh,Aulia,,2.0,needs_review,negative,0,3,auto,
4476,"""Khusus Pertamina, tolong evaluasi perusahaan-perusahaan, pangkalan yang apabila ditemukan memang nakal. Jika perlu cabut izinnya,"" tegas Iwan.***","Gas 3 Kg Langka, Pemkab Aceh Tengah Didesak Bentuk Satgas",https://www.ajnn.net/news/gas-3-kg-langka-pemkab-aceh-tengah-didesak-bentuk-satgas/index.html,ajnn.net,"Tue, 07 Jan 2025 08:00:00 GMT",medium,17,inkubator bisnis Aceh,Aulia,,2.0,needs_review,neutral,0,0,auto,
4487,Pada kesempatan ini Sasdi Meri mengatakan perahu fiber sangat cocok untuk para nelayan dan masyarakat pengguna transportasi air.,Genta Fiberglass dan Poltas Kembangkan Inovasi Perahu Fiber,https://www.beritamerdekaonline.com/genta-fiberglass-dan-poltas-kembangkan-inovasi-perahu-fiber/pendidikan/,beritamerdekaonline.com,2020-09-09,low,18,inkubator bisnis Aceh,Aulia,,0.0,needs_review,neutral,0,0,auto,
4489,"Lanjutnya, harga perahu fiber bervariasi sesuai dengan bentuk, ukuran dan tingkat kerumitan pengerjaannya. Untuk perahu yang kita kerjakan sekarang ini ada beberapa tipe dan jenis, diantaranya, Type Full Fiber (Perahu nelayan) ukuran P. 4,6 meter x L. 0,85 meter Rp. 6 Juta rupiah, ukuran P. 5,5 meter x L. 0,95 meter Rp. 8 Juta rupiah, sedangkan type Perahu Transportasi, ukuran P. 12 meter x L. 0,90 meter Rp. 22 Juta rupiah, ukuran P. 10 meter x L. 0,80 meter Rp. 18 Juta rupiah dan Speed Boat P. 4 meter x 1.2 meter Rp. 9,5 Juta rupiah, jelasnya.",Genta Fiberglass dan Poltas Kembangkan Inovasi Perahu Fiber,https://www.beritamerdekaonline.com/genta-fiberglass-dan-poltas-kembangkan-inovasi-perahu-fiber/pendidikan/,beritamerdekaonline.com,2020-09-09,low,97,inkubator bisnis Aceh,Aulia,,2.0,needs_review,neutral,0,1,auto,
4490,"Lanjutnya, sedangkan Type Laminasi Fiber Perahu (Boat Kayu) tergantung ketebalan serat yang dibutuhkan antaranya, ketebalan 3 lapis serat + Gelcoat (lapisan penutup + warna) Rp. 350.000/meter, ketebalan 4 lapis serat + Gelcoat (lapisan penutup + warna) Rp. 500.000/meter.",Genta Fiberglass dan Poltas Kembangkan Inovasi Perahu Fiber,https://www.beritamerdekaonline.com/genta-fiberglass-dan-poltas-kembangkan-inovasi-perahu-fiber/pendidikan/,beritamerdekaonline.com,2020-09-09,low,38,inkubator bisnis Aceh,Aulia,,0.0,needs_review,neutral,0,0,auto,
4493,"Kelebihan perahu fiber dengan perahu kayu, bahan Fiberglass lebih tahan terhadap proses pelapukan sehingga masa pakai perahu fiber lebih lama dan perawatan perahu fiber lebih mudah. Jangka waktu pembuatan perahu dari Fiberglass lebih cepat dan lebih mudah dibandingkan dengan pembuatan perahu kayu.",Genta Fiberglass dan Poltas Kembangkan Inovasi Perahu Fiber,https://www.beritamerdekaonline.com/genta-fiberglass-dan-poltas-kembangkan-inovasi-perahu-fiber/pendidikan/,beritamerdekaonline.com,2020-09-09,low,42,inkubator bisnis Aceh,Aulia,,0.0,needs_review,neutral,0,0,auto,
4494,"Dengan ketebalan yang sama perahu fiber memiliki kekuatan yang lebih dibandingkan dengan perahu kayu. Bobot perahu fiber lebih ringan sehingga mesin penggerak bekerja maksimal. Bahan untuk pembuatan perahu fiber mudah didapat ketimbang bahan kayu yang sekarang makin sulit untuk didapatkan, Pungkasnya. (Kausar)",Genta Fiberglass dan Poltas Kembangkan Inovasi Perahu Fiber,https://www.beritamerdekaonline.com/genta-fiberglass-dan-poltas-kembangkan-inovasi-perahu-fiber/pendidikan/,beritamerdekaonline.com,2020-09-09,low,42,inkubator bisnis Aceh,Aulia,,0.0,needs_review,neutral,0,1,auto,
4495,"BANDA ACEH Ketua DPRK Banda Aceh, Irwansyah, ST, resmi membuka Pelatihan Dakwah Digital Melalui Konten Kreatif bagi 100 Remaja Masjid se-Kota Banda Aceh di Hotel Amel Convention Hall, Rabu (15/7/2026).",Ketua DPRK Banda Aceh Buka Pelatihan Dakwah Digital untuk 100 Remaja Masjid,https://syariatislam.bandaacehkota.go.id/2026/07/20/ketua-dprk-banda-aceh-buka-pelatihan-dakwah-digital-untuk-100-remaja-masjid/,syariatislam.bandaacehkota.go.id,2026-07-20,high,30,pelatihan digital Aceh,Aulia,,2.0,needs_review,neutral,0,0,auto,
4496,Pelatihan yang digelar Dinas Syariat Islam Kota Banda Aceh ini bertujuan mencetak kader-kader muda yang mampu memperkuat syiar Islam melalui media digital.,Ketua DPRK Banda Aceh Buka Pelatihan Dakwah Digital untuk 100 Remaja Masjid,https://syariatislam.bandaacehkota.go.id/2026/07/20/ketua-dprk-banda-aceh-buka-pelatihan-dakwah-digital-untuk-100-remaja-masjid/,syariatislam.bandaacehkota.go.id,2026-07-20,high,22,pelatihan digital Aceh,Aulia,,2.0,needs_review,neutral,0,0,auto,
4497,"Mengusung tema Menginspirasi Generasi Digital Melalui Konten Kreatif Untuk Memperkuat Syiar Islam, kegiatan ini menjadi langkah strategis dalam membekali remaja masjid menghadapi perkembangan zaman.",Ketua DPRK Banda Aceh Buka Pelatihan Dakwah Digital untuk 100 Remaja Masjid,https://syariatislam.bandaacehkota.go.id/2026/07/20/ketua-dprk-banda-aceh-buka-pelatihan-dakwah-digital-untuk-100-remaja-masjid/,syariatislam.bandaacehkota.go.id,2026-07-20,medium,24,pelatihan digital Aceh,Aulia,,2.0,needs_review,positive,2,1,auto,
4498,"Dalam sambutannya, Irwansyah menyebut pelatihan ini penting untuk membentuk generasi yang kreatif dan melek digital.",Ketua DPRK Banda Aceh Buka Pelatihan Dakwah Digital untuk 100 Remaja Masjid,https://syariatislam.bandaacehkota.go.id/2026/07/20/ketua-dprk-banda-aceh-buka-pelatihan-dakwah-digital-untuk-100-remaja-masjid/,syariatislam.bandaacehkota.go.id,2026-07-20,medium,15,pelatihan digital Aceh,Aulia,,2.0,needs_review,neutral,0,0,auto,
4499,"Ini prajurit-prajurit ke depan yang mudah-mudahan bisa konsisten. Dapat ilmu di sini bagaimana membuat konten yang edukatif, inspiratif, dan disukai banyak orang, ujarnya.",Ketua DPRK Banda Aceh Buka Pelatihan Dakwah Digital untuk 100 Remaja Masjid,https://syariatislam.bandaacehkota.go.id/2026/07/20/ketua-dprk-banda-aceh-buka-pelatihan-dakwah-digital-untuk-100-remaja-masjid/,syariatislam.bandaacehkota.go.id,2026-07-20,medium,23,pelatihan digital Aceh,Aulia,,0.0,needs_review,neutral,0,0,auto,
4500,"Ia menegaskan, ruang digital saat ini menjadi medan dakwah yang sangat potensial. Karena itu, generasi muda perlu didorong menghasilkan konten yang positif dan bermanfaat.",Ketua DPRK Banda Aceh Buka Pelatihan Dakwah Digital untuk 100 Remaja Masjid,https://syariatislam.bandaacehkota.go.id/2026/07/20/ketua-dprk-banda-aceh-buka-pelatihan-dakwah-digital-untuk-100-remaja-masjid/,syariatislam.bandaacehkota.go.id,2026-07-20,medium,24,pelatihan digital Aceh,Aulia,,2.0,needs_review,positive,3,0,auto,
4501,"Semoga dunia digital bisa diisi dengan hal-hal yang edukatif, positif, dan inspiratif. Narasumbernya kompeten, jadi manfaatkan kesempatan ini sebaik-baiknya, tambahnya.",Ketua DPRK Banda Aceh Buka Pelatihan Dakwah Digital untuk 100 Remaja Masjid,https://syariatislam.bandaacehkota.go.id/2026/07/20/ketua-dprk-banda-aceh-buka-pelatihan-dakwah-digital-untuk-100-remaja-masjid/,syariatislam.bandaacehkota.go.id,2026-07-20,medium,20,pelatihan digital Aceh,Aulia,,2.0,needs_review,neutral,1,0,auto,
4502,"Sebagai tanda dimulainya pelatihan, dilakukan serah terima peserta sekaligus pemasangan tanda peserta dan penyerahan seminar kit secara simbolis oleh Ketua DPRK Banda Aceh, Irwansyah, bersama Kepala Dinas Syariat Islam Kota Banda Aceh, Alimsyah.",Ketua DPRK Banda Aceh Buka Pelatihan Dakwah Digital untuk 100 Remaja Masjid,https://syariatislam.bandaacehkota.go.id/2026/07/20/ketua-dprk-banda-aceh-buka-pelatihan-dakwah-digital-untuk-100-remaja-masjid/,syariatislam.bandaacehkota.go.id,2026-07-20,high,33,pelatihan digital Aceh,Aulia,,2.0,needs_review,neutral,0,0,auto,
4503,"Targetnya remaja masjid bisa menjadi garda terdepan dalam menyebarkan syiar Islam secara kreatif, produktif, dan sesuai dengan perkembangan zaman, jelas Alimsyah.",Ketua DPRK Banda Aceh Buka Pelatihan Dakwah Digital untuk 100 Remaja Masjid,https://syariatislam.bandaacehkota.go.id/2026/07/20/ketua-dprk-banda-aceh-buka-pelatihan-dakwah-digital-untuk-100-remaja-masjid/,syariatislam.bandaacehkota.go.id,2026-07-20,medium,21,pelatihan digital Aceh,Aulia,,2.0,needs_review,neutral,1,0,auto,
4504,"Acara tersebut ditutup secara resmi oleh Wali Kota Banda Aceh yang dalam hal ini diwakili oleh Staf Ahli bidang Keistimewaan, Kemasyarakatan dan SDM, Ridwan Ibrahim, S.Pd, M.Pd.",Ketua DPRK Banda Aceh Buka Pelatihan Dakwah Digital untuk 100 Remaja Masjid,https://syariatislam.bandaacehkota.go.id/2026/07/20/ketua-dprk-banda-aceh-buka-pelatihan-dakwah-digital-untuk-100-remaja-masjid/,syariatislam.bandaacehkota.go.id,2026-07-20,high,27,pelatihan digital Aceh,Aulia,,2.0,needs_review,neutral,0,1,auto,
4505,Kegiatan ini diharapkan dapat melahirkan konten kreator dakwah dari Banda Aceh yang mampu bersaing dan membawa dampak positif di ruang digital.(nva),Ketua DPRK Banda Aceh Buka Pelatihan Dakwah Digital untuk 100 Remaja Masjid,https://syariatislam.bandaacehkota.go.id/2026/07/20/ketua-dprk-banda-aceh-buka-pelatihan-dakwah-digital-untuk-100-remaja-masjid/,syariatislam.bandaacehkota.go.id,2026-07-20,high,21,pelatihan digital Aceh,Aulia,,2.0,needs_review,neutral,1,0,auto,
4518,"Aceh Selatan - Paska prestasi Dekranasda Aceh Selatan yang diketuai oleh Kailida Amran memunculkan motif bungong Situnjong di level provinsi, motif adat ini menjadi primadona baru dalam dunia cenderamata di Aceh, khususnya di Aceh Selatan.",Motif Situnjong Cenderamata Khas Aceh Selatan,https://suaraindonesia.co.id/news/peristiwa-daerah/6009ff7e748fa/motif-situnjong-cenderamata-khas-aceh-selatan,suaraindonesia.co.id,"Thu, 21 Jan 2021 08:00:00 GMT",high,35,inkubator bisnis Aceh,Aulia,,2.0,needs_review,neutral,1,0,auto,
4520,Berbagai produk souvenir mulai terhias oleh motif menawan ini.,Motif Situnjong Cenderamata Khas Aceh Selatan,https://suaraindonesia.co.id/news/peristiwa-daerah/6009ff7e748fa/motif-situnjong-cenderamata-khas-aceh-selatan,suaraindonesia.co.id,"Thu, 21 Jan 2021 08:00:00 GMT",medium,9,inkubator bisnis Aceh,Aulia,,2.0,needs_review,neutral,0,0,auto,
4523,"Hal ini senada dengan pendapat Direktur Politeknik Aceh Selatan, Dr. Muhammad Yasar, S.TP.,M.Sc yang menyebutkan bahwa dunia wisata terasa hambar tanpa souvenir atau oleh-oleh khas.",Motif Situnjong Cenderamata Khas Aceh Selatan,https://suaraindonesia.co.id/news/peristiwa-daerah/6009ff7e748fa/motif-situnjong-cenderamata-khas-aceh-selatan,suaraindonesia.co.id,"Thu, 21 Jan 2021 08:00:00 GMT",high,25,inkubator bisnis Aceh,Aulia,,0.0,needs_review,neutral,0,0,auto,
4526,Semoga kemunculan corak bunga situnjong mampu menjadi stimulus bagi masyarakat kreatif kita dalam menghasilkan bermacam produk khas Aceh Selatan yang lain.,Motif Situnjong Cenderamata Khas Aceh Selatan,https://suaraindonesia.co.id/news/peristiwa-daerah/6009ff7e748fa/motif-situnjong-cenderamata-khas-aceh-selatan,suaraindonesia.co.id,"Thu, 21 Jan 2021 08:00:00 GMT",high,21,inkubator bisnis Aceh,Aulia,,2.0,needs_review,neutral,0,0,auto,
4560,"ACEH TAMIANG, Waspada.co.id Untuk mendorong UMKM naik kelas, Pertamina membuat program UMK Academy yang dilaksanakan di seluruh Indonesia melalui anak perusahaan, termasuk Pertamina Hulu Rokan (PHR) Zona 1.",UMK Academy Tingkatkan Literasi Digital Pengusaha Kecil Aceh Tamiang,https://waspada.co.id/umk-academy-tingkatkan-literasi-digital-pengusaha-kecil-aceh-tamiang/,waspada.co.id,2025-09-25,high,28,pelatihan digital Aceh,Aulia,,2.0,needs_review,neutral,1,0,auto,
4561,"Di wilayah kerja Sumatera bagian Utara, PHR Zona 1 membidik UMKM binaan Pertamina EP Rantau, Pangkalan Susu dan Lirik Field. Kegiatan yang mengusung tagline Beri Energi Baru Menuju UMK Maju ini digelar secara hybrid pada 15 September 2025. Pelaksanaan pelatihan UMK Academy Regional Sumbagut dipusatkan di WD Cafe, Aceh Tamiang.",UMK Academy Tingkatkan Literasi Digital Pengusaha Kecil Aceh Tamiang,https://waspada.co.id/umk-academy-tingkatkan-literasi-digital-pengusaha-kecil-aceh-tamiang/,waspada.co.id,2025-09-25,high,50,pelatihan digital Aceh,Aulia,,2.0,needs_review,neutral,0,0,auto,
4565,"Dengan bekal pengetahuan ini, para pelaku UMKM diharapkan mampu bersaing di era digital dan tidak hanya bertahan, tetapi juga berkembang, ungkap Iwan.",UMK Academy Tingkatkan Literasi Digital Pengusaha Kecil Aceh Tamiang,https://waspada.co.id/umk-academy-tingkatkan-literasi-digital-pengusaha-kecil-aceh-tamiang/,waspada.co.id,2025-09-25,medium,22,pelatihan digital Aceh,Aulia,,2.0,needs_review,neutral,1,0,auto,
4653,"Banda Aceh Sebanyak lima puluh perempuan muda, wirausaha, hingga Ibu Rumah Tangga di Aceh dilatih jadi content creator dan digital marketing. Kegiatan yang digelar Yayasan Aceh Bergerak ini bekerja sama dengan Paragon Corp di Aula Dinas Pendidikan Aceh, Kamis, 13 November 2025.",Aceh Bergerak Latih 50 Perempuan Kuasai Kreator Digital Kolaborasi dengan Paragon,https://www.noa.co.id/aceh-bergerak-latih-50-perempuan-kuasai-kreator-digital-kolaborasi-dengan-paragon/,noa.co.id,2025-11-14,high,42,pelatihan digital Aceh,Aulia,,2.0,needs_review,neutral,1,0,auto,
4654,"Plt Kepala Dinas Pendidikan Aceh, Murthalamuddin menilai, kegiatan menjadi langkah nyata dalam membuka ruang bagi perempuan Aceh agar lebih berdaya dan berpengaruh di dunia digital yang kini menjadi panggung utama opini dan ekonomi. Ia menyebut, perempuan Aceh sejak zaman dahulu telah berada di garis depan perjuangan, dan kini harus tampil kembali memimpin dalam era digital.",Aceh Bergerak Latih 50 Perempuan Kuasai Kreator Digital Kolaborasi dengan Paragon,https://www.noa.co.id/aceh-bergerak-latih-50-perempuan-kuasai-kreator-digital-kolaborasi-dengan-paragon/,noa.co.id,2025-11-14,high,55,pelatihan digital Aceh,Aulia,,2.0,needs_review,neutral,0,1,auto,
4655,"Perempuan Aceh sejak zaman Kesultanan sudah berada di depan, seperti Cut Nyak Dhien, Cut Nyak Mutia hingga Laksamana Keumalahayati menjadi komandan perang. Hari ini, medan perjuangannya berbeda, bukan di medan perang, tapi di media sosial, ujarnya.",Aceh Bergerak Latih 50 Perempuan Kuasai Kreator Digital Kolaborasi dengan Paragon,https://www.noa.co.id/aceh-bergerak-latih-50-perempuan-kuasai-kreator-digital-kolaborasi-dengan-paragon/,noa.co.id,2025-11-14,high,36,pelatihan digital Aceh,Aulia,,1.0,needs_review,neutral,0,0,auto,
4656,"Murthala mengingatkan, agar para peserta tidak hanya fokus pada popularitas, melainkan pada nilai dan dampak dari setiap konten yang mereka hasilkan.",Aceh Bergerak Latih 50 Perempuan Kuasai Kreator Digital Kolaborasi dengan Paragon,https://www.noa.co.id/aceh-bergerak-latih-50-perempuan-kuasai-kreator-digital-kolaborasi-dengan-paragon/,noa.co.id,2025-11-14,medium,21,pelatihan digital Aceh,Aulia,,0.0,needs_review,neutral,0,0,auto,
4657,"Buatlah konten yang mendidik, bermanfaat, dan bernilai kebaikan, agar setiap karya yang kalian unggah juga dicatat sebagai ibadah, pesannya.",Aceh Bergerak Latih 50 Perempuan Kuasai Kreator Digital Kolaborasi dengan Paragon,https://www.noa.co.id/aceh-bergerak-latih-50-perempuan-kuasai-kreator-digital-kolaborasi-dengan-paragon/,noa.co.id,2025-11-14,medium,19,pelatihan digital Aceh,Aulia,,1.0,needs_review,neutral,1,0,auto,
4658,"Sementara itu, Ketua Yayasan Aceh Bergerak, Eva Hazmaini mengatakan kegiatan ini difokuskan pada pemberdayaan perempuan agar mereka lebih percaya diri menempati ruang digital.",Aceh Bergerak Latih 50 Perempuan Kuasai Kreator Digital Kolaborasi dengan Paragon,https://www.noa.co.id/aceh-bergerak-latih-50-perempuan-kuasai-kreator-digital-kolaborasi-dengan-paragon/,noa.co.id,2025-11-14,high,23,pelatihan digital Aceh,Aulia,,2.0,needs_review,neutral,1,0,auto,
4659,"Ada lebih dari 500 orang yang mendaftar, tapi hanya 50 yang bisa kami terima. Ini menunjukkan antusiasme besar perempuan Aceh untuk belajar dan berkembang di dunia kreatif, ujarnya.",Aceh Bergerak Latih 50 Perempuan Kuasai Kreator Digital Kolaborasi dengan Paragon,https://www.noa.co.id/aceh-bergerak-latih-50-perempuan-kuasai-kreator-digital-kolaborasi-dengan-paragon/,noa.co.id,2025-11-14,high,28,pelatihan digital Aceh,Aulia,,2.0,needs_review,neutral,1,0,auto,
4660,"Melalui program ini, kata dia para peserta diarahkan untuk menemukan keunikan produk dan kisah mereka sendiri, lalu mengemasnya menjadi konten yang inspiratif dan bernilai ekonomi.",Aceh Bergerak Latih 50 Perempuan Kuasai Kreator Digital Kolaborasi dengan Paragon,https://www.noa.co.id/aceh-bergerak-latih-50-perempuan-kuasai-kreator-digital-kolaborasi-dengan-paragon/,noa.co.id,2025-11-14,medium,25,pelatihan digital Aceh,Aulia,,2.0,needs_review,neutral,0,0,auto,
4712,"Sebab, menurut Hipsi Aceh, cita-cita mencetak 1,1 juta lapangan kerja baru oleh Kemenparekraf RI sejalan dengan program Hipsi yang juga ingin mencetak 1 juta Pengusaha Santri.",HIPSI Aceh Sambut Positif Usulan Menparekraf Terkait Pemasaran Digital Bagi Santri,https://www.dialeksis.com/aceh/hipsi-aceh-sambut-positif-usulan-menparekraf-terkait-pemasaran-digital-bagi-santri/,dialeksis.com,"Fri, 01 Jul 2022 07:00:00 GMT",high,26,pelatihan digital Aceh,Aulia,,1.0,needs_review,neutral,0,0,auto,
4718,"Santri, kata Balia, akan mampu membuka lapangan kerja saat mereka kembali ke tengah masyarakat dengan bekal pelatihan yang diberikan oleh Pemerintah seperti digital marketing dan sejumlah kemampuan lainnya untuk meningkatkan taraf hidup.",HIPSI Aceh Sambut Positif Usulan Menparekraf Terkait Pemasaran Digital Bagi Santri,https://www.dialeksis.com/aceh/hipsi-aceh-sambut-positif-usulan-menparekraf-terkait-pemasaran-digital-bagi-santri/,dialeksis.com,"Fri, 01 Jul 2022 07:00:00 GMT",medium,32,pelatihan digital Aceh,Aulia,,2.0,needs_review,neutral,1,0,auto,
4735,"""Kegiatan yang dilaksanakan ini merupakan program terakhir yang merupakan penutup secara kegiatan yang dilakukan melalui Program Kemitraan Wilayah (PKW-CSR) selama tiga tahun,"" kata Mariyudi.",Pelaku UMKM di Kota Lhokseumawe Dibekali Teknik Digital Marketing,https://www.acehtrend.com/news/pelaku-umkm-di-kota-lhokseumawe-dibekali-teknik-digital-marketing/index.html,acehtrend.com,"Sat, 04 Dec 2021 08:00:00 GMT",medium,24,pelatihan digital Aceh,Aulia,,0.0,needs_review,neutral,1,0,auto,
4736,Mariyudi menjelaskan sejauh ini pihaknya sudah melakukan beberapa pelatihan untuk pemberdayaan UMKM. Pelatihan ini merupakan lanjutan dari pelatihan atau workshop yang sudah dilakukan sebelumnya.,Pelaku UMKM di Kota Lhokseumawe Dibekali Teknik Digital Marketing,https://www.acehtrend.com/news/pelaku-umkm-di-kota-lhokseumawe-dibekali-teknik-digital-marketing/index.html,acehtrend.com,"Sat, 04 Dec 2021 08:00:00 GMT",medium,24,pelatihan digital Aceh,Aulia,,2.0,needs_review,neutral,1,0,auto,
4737,"""Kegiatan ini diikuti para pelaku UMKM yang masih bertahan dalam bisnis digital selama tiga tahun terakhir,"" katanya.",Pelaku UMKM di Kota Lhokseumawe Dibekali Teknik Digital Marketing,https://www.acehtrend.com/news/pelaku-umkm-di-kota-lhokseumawe-dibekali-teknik-digital-marketing/index.html,acehtrend.com,"Sat, 04 Dec 2021 08:00:00 GMT",medium,17,pelatihan digital Aceh,Aulia,,2.0,needs_review,neutral,0,0,auto,
4738,"Oleh karena itu, para pelaku UMKM ini masih perlu materi tambahan tentang berbisnis secara digital dan komitmen dalam bisnis tersebut meskipun dengan kondisi pandemi saat ini.",Pelaku UMKM di Kota Lhokseumawe Dibekali Teknik Digital Marketing,https://www.acehtrend.com/news/pelaku-umkm-di-kota-lhokseumawe-dibekali-teknik-digital-marketing/index.html,acehtrend.com,"Sat, 04 Dec 2021 08:00:00 GMT",medium,26,pelatihan digital Aceh,Aulia,,2.0,needs_review,neutral,0,0,auto,
4741,"Selanjutnya, pihaknya juga sudah bekerja sama dengan forum CSR yang dibentuk oleh Pemerintah Kota Lhokseumawe. Maka, ke depannya pihaknya akan terus memberi pelatihan dan pembinaan dengan pelaku UMKM sehingga mandiri.",Pelaku UMKM di Kota Lhokseumawe Dibekali Teknik Digital Marketing,https://www.acehtrend.com/news/pelaku-umkm-di-kota-lhokseumawe-dibekali-teknik-digital-marketing/index.html,acehtrend.com,"Sat, 04 Dec 2021 08:00:00 GMT",high,30,pelatihan digital Aceh,Aulia,,2.0,needs_review,neutral,1,0,auto,
4742,"""Kita berharap Pemkot Lhokseumawe melalui forun CSR yang sudah dibentuk dapat mewadahi semua pelaku UMKM dapat mengembangkan bisnisnya secara digital,"" ujarnya.",Pelaku UMKM di Kota Lhokseumawe Dibekali Teknik Digital Marketing,https://www.acehtrend.com/news/pelaku-umkm-di-kota-lhokseumawe-dibekali-teknik-digital-marketing/index.html,acehtrend.com,"Sat, 04 Dec 2021 08:00:00 GMT",high,21,pelatihan digital Aceh,Aulia,,2.0,needs_review,neutral,0,0,auto,
4743,"Selain itu, Pemerintah Kota Lhokseuamwe akan secepat mungkin mendukung seluruh UMKM yang ada di Kota Lhokseumawe baik yang memasarkan produknya secara konvesional dan secara digital.",Pelaku UMKM di Kota Lhokseumawe Dibekali Teknik Digital Marketing,https://www.acehtrend.com/news/pelaku-umkm-di-kota-lhokseumawe-dibekali-teknik-digital-marketing/index.html,acehtrend.com,"Sat, 04 Dec 2021 08:00:00 GMT",high,25,pelatihan digital Aceh,Aulia,,2.0,needs_review,neutral,1,0,auto,
4744,"""Mudah-mudahan ke depan pelaku UMKM di Kota Lhokseumawe lebih berdaya saing dan mandiri dalam menjalankan bisnis,"" harapnya.",Pelaku UMKM di Kota Lhokseumawe Dibekali Teknik Digital Marketing,https://www.acehtrend.com/news/pelaku-umkm-di-kota-lhokseumawe-dibekali-teknik-digital-marketing/index.html,acehtrend.com,"Sat, 04 Dec 2021 08:00:00 GMT",high,17,pelatihan digital Aceh,Aulia,,1.0,needs_review,neutral,0,0,auto,
4745,"Selain itu, Mariyudi mengharapkan kepada seluruh perusahaan swasta yang ada di Kota Lhokseumawe melalui forum CSR yang sudah dibentuk untuk bisa menyisihkan keuntungan yang didapatkan untuk pemberdayaan masyarakat lingkungan terutama para pelaku UMKM yang sudah berjalan dengan baik.",Pelaku UMKM di Kota Lhokseumawe Dibekali Teknik Digital Marketing,https://www.acehtrend.com/news/pelaku-umkm-di-kota-lhokseumawe-dibekali-teknik-digital-marketing/index.html,acehtrend.com,"Sat, 04 Dec 2021 08:00:00 GMT",high,38,pelatihan digital Aceh,Aulia,,1.0,needs_review,neutral,1,0,auto,
4746,"""Kita berharap seluruh perusahaan untuk terlibat aktif dalam forum ini dan membantu pemerintah dalam menyejahterakan masyarakat,"" harapnya.[]",Pelaku UMKM di Kota Lhokseumawe Dibekali Teknik Digital Marketing,https://www.acehtrend.com/news/pelaku-umkm-di-kota-lhokseumawe-dibekali-teknik-digital-marketing/index.html,acehtrend.com,"Sat, 04 Dec 2021 08:00:00 GMT",medium,17,pelatihan digital Aceh,Aulia,,1.0,needs_review,neutral,0,0,auto,
4879,Theacehpost.com | Banda Aceh - Dinas Pemuda dan Olahraga (Dispora) Aceh bersama Jaringan Media Siber Indonesia (JMSI) Aceh menggelar pelatihan peningkatan literasi dan pemanfaatan kecerdasan buatan (AI) bagi pemuda Aceh.,Dispora Aceh dan JMSI Latih Pemuda Literasi Digital dan Kecerdasan Buatan (AI),https://theacehpost.com/news/dispora-aceh-dan-jmsi-latih-pemuda-literasi-digital-dan-kecerdasan-buatan-ai/index.html,theacehpost.com,2025-11-17,high,30,pelatihan digital Aceh,Aulia,,2.0,needs_review,neutral,1,0,auto,
4880,Kegiatan ini berlangsung di Hotel Kyriad Banda Aceh tanggal 17-19 November 2025 dan diikuti 40 peserta pemuda dari berbagai kabupaten/kota.,Dispora Aceh dan JMSI Latih Pemuda Literasi Digital dan Kecerdasan Buatan (AI),https://theacehpost.com/news/dispora-aceh-dan-jmsi-latih-pemuda-literasi-digital-dan-kecerdasan-buatan-ai/index.html,theacehpost.com,2025-11-17,high,20,pelatihan digital Aceh,Aulia,,0.0,needs_review,neutral,0,0,auto,
4881,"Pelaksana Tugas (Plt) Kepala Dispora Aceh, T Banta Nuzullah, dalam sambutannya menegaskan bahwa pelatihan ini bukan sekadar kegiatan formalitas, tetapi bagian dari upaya serius pemerintah Aceh untuk membentuk generasi muda yang cerdas, adaptif, dan berdaya saing.",Dispora Aceh dan JMSI Latih Pemuda Literasi Digital dan Kecerdasan Buatan (AI),https://theacehpost.com/news/dispora-aceh-dan-jmsi-latih-pemuda-literasi-digital-dan-kecerdasan-buatan-ai/index.html,theacehpost.com,2025-11-17,high,36,pelatihan digital Aceh,Aulia,,3.0,needs_review,neutral,0,0,auto,
4959,"posaceh.com, Banda Aceh Pemerintah Kota Banda Aceh melalui Dinas Syariat Islam Kota Banda Aceh menggelar Pelatihan Dakwah Digital Tahun 2026 di Hotel Al Hanafi, Banda Aceh, Kamis (21/5/2026).",Asisten 1 Sekdako Banda Aceh: Dakwah Digital Jadi Senjata Lawan Konten Negatif di Media Sosial,https://posaceh.com/asisten-1-sekdako-banda-aceh-dakwah-digital-jadi-senjata-lawan-konten-negatif-di-media-sosial/,posaceh.com,2026-05-21,high,28,pelatihan digital Aceh,Aulia,,2.0,needs_review,neutral,0,0,auto,
4960,"Kegiatan yang diikuti 50 peserta berlangsung selama dua hari, 21 hingga 22 Mei 2026 itu dibuka oleh Wali Kota Banda Aceh Illiza Saaduddin Djamal yang diwakili Asisten I Bidang Pemerintahan, Keistimewaan, dan Kesejahteraan Rakyat Sekda Banda Aceh, Bachtiar, SSos MSi",Asisten 1 Sekdako Banda Aceh: Dakwah Digital Jadi Senjata Lawan Konten Negatif di Media Sosial,https://posaceh.com/asisten-1-sekdako-banda-aceh-dakwah-digital-jadi-senjata-lawan-konten-negatif-di-media-sosial/,posaceh.com,2026-05-21,high,40,pelatihan digital Aceh,Aulia,,1.0,needs_review,neutral,0,0,auto,
4961,"Dalam sambutannya, Bakhtiar menegaskan bahwa media sosial merupakan peluang besar dalam memperluas syiar Islam. Menurutnya, ruang digital harus dimanfaatkan sebagai sarana memperkuat akhlak dan peradaban masyarakat melalui konten-konten positif dan edukatif.",Asisten 1 Sekdako Banda Aceh: Dakwah Digital Jadi Senjata Lawan Konten Negatif di Media Sosial,https://posaceh.com/asisten-1-sekdako-banda-aceh-dakwah-digital-jadi-senjata-lawan-konten-negatif-di-media-sosial/,posaceh.com,2026-05-21,medium,31,pelatihan digital Aceh,Aulia,,2.0,needs_review,positive,2,0,auto,
4962,"Konten negatif yang merusak nilai-nilai moral harus dikalahkan dengan konten dakwah yang kreatif, inovatif, santun, dan menarik, ujarnya.",Asisten 1 Sekdako Banda Aceh: Dakwah Digital Jadi Senjata Lawan Konten Negatif di Media Sosial,https://posaceh.com/asisten-1-sekdako-banda-aceh-dakwah-digital-jadi-senjata-lawan-konten-negatif-di-media-sosial/,posaceh.com,2026-05-21,medium,18,pelatihan digital Aceh,Aulia,,0.0,needs_review,neutral,0,0,auto,
4963,"Ia juga menekankan pentingnya peran dai, konten kreator, komunitas dakwah, hingga pegiat media sosial sebagai agen perubahan akhlak dan karakter di ruang digital, khususnya bagi generasi muda.",Asisten 1 Sekdako Banda Aceh: Dakwah Digital Jadi Senjata Lawan Konten Negatif di Media Sosial,https://posaceh.com/asisten-1-sekdako-banda-aceh-dakwah-digital-jadi-senjata-lawan-konten-negatif-di-media-sosial/,posaceh.com,2026-05-21,medium,27,pelatihan digital Aceh,Aulia,,2.0,needs_review,neutral,0,0,auto,
4969,"Pelatihan Dakwah Digital 2026 diharapkan mampu memperkuat peran media digital dalam menyebarkan nilai-nilai Islam di tengah masyarakat sekaligus melahirkan dai yang kreatif dan adaptif di era digital. Ini menjadi peran juga kita bersama, pungkasnya.(Hadi)",Asisten 1 Sekdako Banda Aceh: Dakwah Digital Jadi Senjata Lawan Konten Negatif di Media Sosial,https://posaceh.com/asisten-1-sekdako-banda-aceh-dakwah-digital-jadi-senjata-lawan-konten-negatif-di-media-sosial/,posaceh.com,2026-05-21,medium,34,pelatihan digital Aceh,Aulia,,2.0,needs_review,neutral,0,0,auto,
4970,"Ia menyebutkan, kegiatan pelatihan ini diikuti oleh sebanyak 70 siswa/siswi yang berasal dari SMA yang berada di Banda Aceh dan Aceh Besar.(una/rel)",Disdik Aceh Latih Digital Culture Bagi Pelajar SMA,https://aceh.tribunnews.com/2022/05/24/disdik-aceh-latih-digital-culture-bagi-pelajar-sma?page=2,aceh.tribunnews.com,"Tue, 24 May 2022 07:00:00 GMT",high,22,pelatihan digital Aceh,Aulia,,2.0,needs_review,neutral,0,0,auto,
5066,"Dalam konteks tersebut, berbagai program pengembangan pemuda yang telahberjalan sebelumnya perlu diperkuat, baik dari sisi kualitas pelatihan, jangkauanpeserta, maupun keberlanjutan dampaknya. Relauching AMANAH Aceh diharapkanmenjadi titik balik dalam merumuskan pendekatan yang lebih adaptif terhadaptantangan zaman.","Relaunching AMANAH Hadirkan Program Inovatif, Dari Daur Ulang hingga Pelatihan Industri Kreatif",https://minews.id/cuitan-mi/relaunching-amanah-hadirkan-program-inovatif-dari-daur-ulang-hingga-pelatihan-industri-kreatif,minews.id,2026-04-19,high,35,bootcamp teknologi Aceh,Aulia,,2.0,needs_review,neutral,1,1,auto,
5069,"Saifullah menilai bahwa generasi muda Aceh memiliki potensi besar untuk menjadimotor penggerak ekonomi, asalkan diberikan akses dan pendampingan yang tepat.Lebih jauh, bootcamp ini juga menjadi ruang kolaborasi antara pemuda, mentor, danpelaku industri. Interaksi tersebut memungkinkan transfer pengetahuan yang lebihaplikatif dan relevan dengan kebutuhan pasar.","Relaunching AMANAH Hadirkan Program Inovatif, Dari Daur Ulang hingga Pelatihan Industri Kreatif",https://minews.id/cuitan-mi/relaunching-amanah-hadirkan-program-inovatif-dari-daur-ulang-hingga-pelatihan-industri-kreatif,minews.id,2026-04-19,high,44,bootcamp teknologi Aceh,Aulia,,4.0,needs_review,positive,2,0,auto,
5070,"Selain itu, pendekatan experiential learning yang digunakan dalam program inidiyakini efektif dalam membentuk karakter kepemimpinan. Peserta tidak hanyabelajar teori, tetapi juga langsung dihadapkan pada simulasi dan tantangan nyatadalam dunia bisnis.","Relaunching AMANAH Hadirkan Program Inovatif, Dari Daur Ulang hingga Pelatihan Industri Kreatif",https://minews.id/cuitan-mi/relaunching-amanah-hadirkan-program-inovatif-dari-daur-ulang-hingga-pelatihan-industri-kreatif,minews.id,2026-04-19,low,30,bootcamp teknologi Aceh,Aulia,,1.0,needs_review,neutral,0,1,auto,
5072,"Dalam pertemuan tersebut, Rektor UIN Ar-Raniry, Mujiburrahman mengungkapkanbahwa perguruan tinggi memiliki peran strategis dalam menjawab tantangan untukmenciptakan ekosistem pembinaan yang berkelanjutan. Oleh karena itu, dalam halini dibutuhkan sinergi antara lembaga pendidikan dan organisasi kepemudaan.","Relaunching AMANAH Hadirkan Program Inovatif, Dari Daur Ulang hingga Pelatihan Industri Kreatif",https://minews.id/cuitan-mi/relaunching-amanah-hadirkan-program-inovatif-dari-daur-ulang-hingga-pelatihan-industri-kreatif,minews.id,2026-04-19,high,34,bootcamp teknologi Aceh,Aulia,,2.0,needs_review,neutral,1,1,auto,
5073,"Kerja sama ini juga membuka peluang pengembangan kurikulum berbasiskewirausahaan dan kepemimpinan. Dengan demikian, mahasiswa tidak hanya siapsecara akademik, tetapi juga memiliki kesiapan untuk berkontribusi secara nyata di masyarakat.","Relaunching AMANAH Hadirkan Program Inovatif, Dari Daur Ulang hingga Pelatihan Industri Kreatif",https://minews.id/cuitan-mi/relaunching-amanah-hadirkan-program-inovatif-dari-daur-ulang-hingga-pelatihan-industri-kreatif,minews.id,2026-04-19,low,28,bootcamp teknologi Aceh,Aulia,,2.0,needs_review,positive,4,0,auto,
5078,"Selain itu, keberlanjutan program juga menjadi isu yang perlu mendapat perhatianserius. Banyak program yang berjalan baik di awal, tetapi kurang optimal dalampendampingan jangka panjang. Oleh karena itu, relaunching AMANAH diharapkanmampu menjawab tantangan tersebut dengan menghadirkan model pembinaanyang lebih terstruktur.","Relaunching AMANAH Hadirkan Program Inovatif, Dari Daur Ulang hingga Pelatihan Industri Kreatif",https://minews.id/cuitan-mi/relaunching-amanah-hadirkan-program-inovatif-dari-daur-ulang-hingga-pelatihan-industri-kreatif,minews.id,2026-04-19,low,39,bootcamp teknologi Aceh,Aulia,,1.0,needs_review,negative,0,2,auto,
5081,"Seiring dengan itu, penguatan identitas lokal ke depannya perlu ditanamkan padapara pemuda Aceh yang terlibat dalam AMANAH. Mereka perlu didorong untukmengembangkan potensi daerah tanpa kehilangan nilai-nilai budaya yang dimiliki.","Relaunching AMANAH Hadirkan Program Inovatif, Dari Daur Ulang hingga Pelatihan Industri Kreatif",https://minews.id/cuitan-mi/relaunching-amanah-hadirkan-program-inovatif-dari-daur-ulang-hingga-pelatihan-industri-kreatif,minews.id,2026-04-19,high,29,bootcamp teknologi Aceh,Aulia,,0.0,needs_review,neutral,1,0,auto,
5082,"Di tengah arus globalisasi, keseimbangan antara modernitas dan kearifan lokalmenjadi kunci. Hal ini akan menciptakan model pembangunan yang berakarsekaligus adaptif.","Relaunching AMANAH Hadirkan Program Inovatif, Dari Daur Ulang hingga Pelatihan Industri Kreatif",https://minews.id/cuitan-mi/relaunching-amanah-hadirkan-program-inovatif-dari-daur-ulang-hingga-pelatihan-industri-kreatif,minews.id,2026-04-19,low,20,bootcamp teknologi Aceh,Aulia,,1.0,needs_review,neutral,0,0,auto,
5083,"Melihat berbagai inisiatif yang telah dilakukan, relaunching AMANAH memilikipeluang besar untuk menjadi katalis perubahan. Dengan strategi yang tepat, program ini dapat melahirkan generasi muda yang tidak hanya kompeten, tetapi jugaberintegritas.","Relaunching AMANAH Hadirkan Program Inovatif, Dari Daur Ulang hingga Pelatihan Industri Kreatif",https://minews.id/cuitan-mi/relaunching-amanah-hadirkan-program-inovatif-dari-daur-ulang-hingga-pelatihan-industri-kreatif,minews.id,2026-04-19,low,30,bootcamp teknologi Aceh,Aulia,,1.0,needs_review,neutral,1,0,auto,
5084,"Lebih jauh lagi, penguatan program pemuda akan berdampak langsung padapembangunan daerah. Pemuda yang berdaya akan mampu menciptakan inovasidan solusi bagi berbagai permasalahan yang dihadapi.","Relaunching AMANAH Hadirkan Program Inovatif, Dari Daur Ulang hingga Pelatihan Industri Kreatif",https://minews.id/cuitan-mi/relaunching-amanah-hadirkan-program-inovatif-dari-daur-ulang-hingga-pelatihan-industri-kreatif,minews.id,2026-04-19,low,24,bootcamp teknologi Aceh,Aulia,,1.0,needs_review,neutral,1,1,auto,
5085,"Dengan demikian, relaunching AMANAH tidak hanya tampil sebagai seremoni, tetapijuga menjadi langkah strategis dalam membangun masa depan Aceh. Harapannya, upaya ini dapat melahirkan ekosistem pemuda yang kuat, mandiri, dan mampubersaing di tingkat nasional maupun global.","Relaunching AMANAH Hadirkan Program Inovatif, Dari Daur Ulang hingga Pelatihan Industri Kreatif",https://minews.id/cuitan-mi/relaunching-amanah-hadirkan-program-inovatif-dari-daur-ulang-hingga-pelatihan-industri-kreatif,minews.id,2026-04-19,high,35,bootcamp teknologi Aceh,Aulia,,2.0,needs_review,positive,2,1,auto,
5086,"Keterangan Gambar : Sarasehan Karya Sastra Klasik Aceh dalam rangka Pertemuan Penyair Nusantara (PPN) XIV Aceh 2026 menjadi ruang refleksi tentang sejarah, identitas, dan masa depan sastra Aceh. (Sumber Foto : ist/pp)",Sastra Klasik Aceh & Masa Depan Kebudayaan : PPN XIV Aceh Dorong Penguatan Sistem Pelestarian Budaya,http://www.parahyangan-post.com/berita/detail/sastra-klasik-aceh--masa-depan-kebudayaan--ppn-xiv-aceh-dorong-penguatan-sistem-pelestarian-budaya,parahyangan-post.com,"Fri, 26 Jun 2026 07:00:00 GMT",high,32,komunitas teknologi Aceh,Aulia,,1.0,needs_review,neutral,0,0,auto,
5087,"BIREUEN - Parahyangan Post Sarasehan Karya Sastra Klasik Aceh dalam rangka Pertemuan Penyair Nusantara (PPN) XIV Aceh 2026 menjadi ruang refleksi tentang sejarah, identitas, dan masa depan sastra Aceh. Forum ini menghadirkan pemikiran para budayawan, akademisi, dan pelaku seni mengenai bagaimana sastra klasik tidak hanya dipahami sebagai peninggalan masa lalu, tetapi sebagai sumber pengetahuan dan pembentuk peradaban.",Sastra Klasik Aceh & Masa Depan Kebudayaan : PPN XIV Aceh Dorong Penguatan Sistem Pelestarian Budaya,http://www.parahyangan-post.com/berita/detail/sastra-klasik-aceh--masa-depan-kebudayaan--ppn-xiv-aceh-dorong-penguatan-sistem-pelestarian-budaya,parahyangan-post.com,"Fri, 26 Jun 2026 07:00:00 GMT",high,57,komunitas teknologi Aceh,Aulia,,1.0,needs_review,neutral,0,0,auto,
5088,PPN XIV Aceh merupakan forum pertemuan penyair yang mempertemukan sastrawan dari berbagai daerah dan negara untuk memperkuat ekosistem sastra dan kebahasaan.,Sastra Klasik Aceh & Masa Depan Kebudayaan : PPN XIV Aceh Dorong Penguatan Sistem Pelestarian Budaya,http://www.parahyangan-post.com/berita/detail/sastra-klasik-aceh--masa-depan-kebudayaan--ppn-xiv-aceh-dorong-penguatan-sistem-pelestarian-budaya,parahyangan-post.com,"Fri, 26 Jun 2026 07:00:00 GMT",high,21,komunitas teknologi Aceh,Aulia,,2.0,needs_review,neutral,0,0,auto,
5089,"Sarasehan ini dipandu oleh Muhammad Deputra sebagai pewara sekaligus moderator, yang mengarahkan jalannya diskusi antara narasumber dan peserta dengan mengangkat isu-isu penting mengenai sastra klasik Aceh, pelestarian budaya, serta tantangan kebudayaan di era modern.",Sastra Klasik Aceh & Masa Depan Kebudayaan : PPN XIV Aceh Dorong Penguatan Sistem Pelestarian Budaya,http://www.parahyangan-post.com/berita/detail/sastra-klasik-aceh--masa-depan-kebudayaan--ppn-xiv-aceh-dorong-penguatan-sistem-pelestarian-budaya,parahyangan-post.com,"Fri, 26 Jun 2026 07:00:00 GMT",high,34,komunitas teknologi Aceh,Aulia,,1.0,needs_review,neutral,0,1,auto,
5091,"Ia mencontohkan surat Sultan Iskandar Muda sebagai gambaran bagaimana bahasa sastra klasik Aceh memiliki kekuatan diplomasi, kewibawaan, dan identitas politik pada masa lalu.",Sastra Klasik Aceh & Masa Depan Kebudayaan : PPN XIV Aceh Dorong Penguatan Sistem Pelestarian Budaya,http://www.parahyangan-post.com/berita/detail/sastra-klasik-aceh--masa-depan-kebudayaan--ppn-xiv-aceh-dorong-penguatan-sistem-pelestarian-budaya,parahyangan-post.com,"Fri, 26 Jun 2026 07:00:00 GMT",high,23,komunitas teknologi Aceh,Aulia,,0.0,needs_review,neutral,0,0,auto,
5092,"Menurutnya, karya seperti hikayat tidak hanya berfungsi sebagai bacaan, tetapi menjadi media untuk menyimpan sejarah, membangun semangat masyarakat, dan menyampaikan nilai kehidupan.",Sastra Klasik Aceh & Masa Depan Kebudayaan : PPN XIV Aceh Dorong Penguatan Sistem Pelestarian Budaya,http://www.parahyangan-post.com/berita/detail/sastra-klasik-aceh--masa-depan-kebudayaan--ppn-xiv-aceh-dorong-penguatan-sistem-pelestarian-budaya,parahyangan-post.com,"Fri, 26 Jun 2026 07:00:00 GMT",medium,22,komunitas teknologi Aceh,Aulia,,0.0,needs_review,neutral,0,0,auto,
5093,"Sastra klasik bukan hanya tentang masa lalu, tetapi tentang bagaimana sebuah masyarakat menyimpan ingatan dan cara berpikirnya, menjadi salah satu gagasan penting dalam pembahasan tersebut.",Sastra Klasik Aceh & Masa Depan Kebudayaan : PPN XIV Aceh Dorong Penguatan Sistem Pelestarian Budaya,http://www.parahyangan-post.com/berita/detail/sastra-klasik-aceh--masa-depan-kebudayaan--ppn-xiv-aceh-dorong-penguatan-sistem-pelestarian-budaya,parahyangan-post.com,"Fri, 26 Jun 2026 07:00:00 GMT",medium,25,komunitas teknologi Aceh,Aulia,,0.0,needs_review,neutral,0,0,auto,
5094,"Tengku Afif juga menyoroti bahwa sastra klasik Aceh tidak hanya berupa teks tertulis, tetapi juga hidup melalui tradisi tutur. Berbagai seni pertunjukan dan cerita rakyat berkembang dari akar sejarah yang panjang, kemudian mengalami perubahan bentuk mengikuti perkembangan zaman.",Sastra Klasik Aceh & Masa Depan Kebudayaan : PPN XIV Aceh Dorong Penguatan Sistem Pelestarian Budaya,http://www.parahyangan-post.com/berita/detail/sastra-klasik-aceh--masa-depan-kebudayaan--ppn-xiv-aceh-dorong-penguatan-sistem-pelestarian-budaya,parahyangan-post.com,"Fri, 26 Jun 2026 07:00:00 GMT",high,38,komunitas teknologi Aceh,Aulia,,2.0,needs_review,positive,2,0,auto,
5095,"Ia menjelaskan bahwa makna modern dalam sastra bukan sekadar kemampuan mengikuti perkembangan teknologi atau bahasa global, tetapi kemampuan menghasilkan karya yang kritis terhadap kehidupan.",Sastra Klasik Aceh & Masa Depan Kebudayaan : PPN XIV Aceh Dorong Penguatan Sistem Pelestarian Budaya,http://www.parahyangan-post.com/berita/detail/sastra-klasik-aceh--masa-depan-kebudayaan--ppn-xiv-aceh-dorong-penguatan-sistem-pelestarian-budaya,parahyangan-post.com,"Fri, 26 Jun 2026 07:00:00 GMT",medium,24,komunitas teknologi Aceh,Aulia,,2.0,needs_review,neutral,1,0,auto,
5096,"Dalam pembahasan mengenai teknologi kecerdasan buatan (AI), Tengku Afif menilai teknologi dapat menjadi alat pendukung kreativitas, namun tidak dapat menggantikan fondasi berpikir manusia.",Sastra Klasik Aceh & Masa Depan Kebudayaan : PPN XIV Aceh Dorong Penguatan Sistem Pelestarian Budaya,http://www.parahyangan-post.com/berita/detail/sastra-klasik-aceh--masa-depan-kebudayaan--ppn-xiv-aceh-dorong-penguatan-sistem-pelestarian-budaya,parahyangan-post.com,"Fri, 26 Jun 2026 07:00:00 GMT",medium,23,komunitas teknologi Aceh,Aulia,,1.0,needs_review,neutral,0,0,auto,
5097,"Menurutnya, AI akan menghasilkan sesuatu yang kuat apabila digunakan oleh manusia yang memiliki pengetahuan, pengalaman, dan daya pikir yang matang.",Sastra Klasik Aceh & Masa Depan Kebudayaan : PPN XIV Aceh Dorong Penguatan Sistem Pelestarian Budaya,http://www.parahyangan-post.com/berita/detail/sastra-klasik-aceh--masa-depan-kebudayaan--ppn-xiv-aceh-dorong-penguatan-sistem-pelestarian-budaya,parahyangan-post.com,"Fri, 26 Jun 2026 07:00:00 GMT",medium,20,komunitas teknologi Aceh,Aulia,,0.0,needs_review,neutral,0,0,auto,
5098,"Sementara itu, Syeh Mulyadi, Ketua Harian Dewan Kesenian Kabupaten Bireuen, menekankan pentingnya sistem kebudayaan yang kuat agar seni dan sastra dapat terus bertahan.",Sastra Klasik Aceh & Masa Depan Kebudayaan : PPN XIV Aceh Dorong Penguatan Sistem Pelestarian Budaya,http://www.parahyangan-post.com/berita/detail/sastra-klasik-aceh--masa-depan-kebudayaan--ppn-xiv-aceh-dorong-penguatan-sistem-pelestarian-budaya,parahyangan-post.com,"Fri, 26 Jun 2026 07:00:00 GMT",high,23,komunitas teknologi Aceh,Aulia,,0.0,needs_review,neutral,0,0,auto,
5101,"Kebudayaan adalah ruang pengetahuan. Ia membantu masyarakat memahami nilai, identitas, dan cara melihat kehidupan, menjadi salah satu pesan dalam paparannya.",Sastra Klasik Aceh & Masa Depan Kebudayaan : PPN XIV Aceh Dorong Penguatan Sistem Pelestarian Budaya,http://www.parahyangan-post.com/berita/detail/sastra-klasik-aceh--masa-depan-kebudayaan--ppn-xiv-aceh-dorong-penguatan-sistem-pelestarian-budaya,parahyangan-post.com,"Fri, 26 Jun 2026 07:00:00 GMT",medium,20,komunitas teknologi Aceh,Aulia,,1.0,needs_review,neutral,0,0,auto,
5102,Syeh Mulyadi juga berharap forum seperti sarasehan sastra dapat melahirkan rekomendasi nyata bagi pemerintah dan masyarakat dalam memperkuat pelestarian budaya.,Sastra Klasik Aceh & Masa Depan Kebudayaan : PPN XIV Aceh Dorong Penguatan Sistem Pelestarian Budaya,http://www.parahyangan-post.com/berita/detail/sastra-klasik-aceh--masa-depan-kebudayaan--ppn-xiv-aceh-dorong-penguatan-sistem-pelestarian-budaya,parahyangan-post.com,"Fri, 26 Jun 2026 07:00:00 GMT",medium,20,komunitas teknologi Aceh,Aulia,,1.0,needs_review,neutral,0,0,auto,
5103,"Diskusi ini menegaskan bahwa sastra Aceh bukan sekadar warisan sejarah, melainkan energi budaya yang terus hidup. Melalui pendidikan, komunitas, teknologi, dan kebijakan kebudayaan yang kuat, sastra Aceh dapat terus menjadi bagian penting dari peradaban Nusantara.",Sastra Klasik Aceh & Masa Depan Kebudayaan : PPN XIV Aceh Dorong Penguatan Sistem Pelestarian Budaya,http://www.parahyangan-post.com/berita/detail/sastra-klasik-aceh--masa-depan-kebudayaan--ppn-xiv-aceh-dorong-penguatan-sistem-pelestarian-budaya,parahyangan-post.com,"Fri, 26 Jun 2026 07:00:00 GMT",high,35,komunitas teknologi Aceh,Aulia,,2.0,needs_review,neutral,0,0,auto,
5104,"PPN XIV Aceh 2026 menjadi bukti bahwa sastra mampu menjadi ruang pertemuan, diplomasi budaya, dan jembatan antara masa lalu dengan masa depan. - (rc/rd/pp)",Sastra Klasik Aceh & Masa Depan Kebudayaan : PPN XIV Aceh Dorong Penguatan Sistem Pelestarian Budaya,http://www.parahyangan-post.com/berita/detail/sastra-klasik-aceh--masa-depan-kebudayaan--ppn-xiv-aceh-dorong-penguatan-sistem-pelestarian-budaya,parahyangan-post.com,"Fri, 26 Jun 2026 07:00:00 GMT",high,24,komunitas teknologi Aceh,Aulia,,1.0,needs_review,neutral,0,0,auto,
5131,"Bupati Aceh Tamiang, Irjen Pol. (Purn.) Drs. Armia Fahmi, M.H. menyatakan terima kasih dan kegembiraannya atas dukungan ITB dan Paragon.","Pascabencana Aceh, ITB-Paragon Kirim Filter Air ke Aceh Tamiang",https://itb.ac.id/berita/pascabencana-aceh-itb-paragon-kirim-filter-air-ke-aceh-tamiang/63331,itb.ac.id,"Sat, 07 Mar 2026 08:00:00 GMT",high,20,komunitas teknologi Aceh,Aulia,,0.0,needs_review,neutral,1,0,auto,
5132,"""Saya berharap dengan dukungan Pemerintah dan banyak pihak, kondisi di sini bisa lebih cepat pulih,"" ujar Bupati Armia yang mengaku juga sedang mengupayakan kerja sama dengan ITB.","Pascabencana Aceh, ITB-Paragon Kirim Filter Air ke Aceh Tamiang",https://itb.ac.id/berita/pascabencana-aceh-itb-paragon-kirim-filter-air-ke-aceh-tamiang/63331,itb.ac.id,"Sat, 07 Mar 2026 08:00:00 GMT",medium,27,komunitas teknologi Aceh,Aulia,,1.0,needs_review,positive,2,0,auto,
5133,Program ini dilaksanakan melalui kerja sama ITB bersama Direktorat Pengabdian Masyarakat dan Layanan Kepakaran (DPMK) ITB dengan dukungan Paragon sebagai sponsor.,"Pascabencana Aceh, ITB-Paragon Kirim Filter Air ke Aceh Tamiang",https://itb.ac.id/berita/pascabencana-aceh-itb-paragon-kirim-filter-air-ke-aceh-tamiang/63331,itb.ac.id,"Sat, 07 Mar 2026 08:00:00 GMT",medium,21,komunitas teknologi Aceh,Aulia,,2.0,needs_review,positive,2,0,auto,
5134,"Filter air tersebut dipasang di Desa Sukajadi, Kecamatan Karang Baru, Aceh Tamiang, tepatnya di tepi Sungai Tamiang yang menjadi sumber air bagi sistem penyaringan tersebut.","Pascabencana Aceh, ITB-Paragon Kirim Filter Air ke Aceh Tamiang",https://itb.ac.id/berita/pascabencana-aceh-itb-paragon-kirim-filter-air-ke-aceh-tamiang/63331,itb.ac.id,"Sat, 07 Mar 2026 08:00:00 GMT",high,25,komunitas teknologi Aceh,Aulia,,0.0,needs_review,neutral,0,0,auto,
5135,"Teknologi ini bekerja dengan menyedot air sungai yang sebelumnya dalam kondisi keruh, kemudian memprosesnya melalui dua tahap filtrasi hingga menghasilkan air yang jernih dan layak digunakan, bahkan dapat diminum. Air hasil penyaringan kemudian ditampung dalam tangki penampungan berkapasitas besar sebelum didistribusikan kepada warga.","Pascabencana Aceh, ITB-Paragon Kirim Filter Air ke Aceh Tamiang",https://itb.ac.id/berita/pascabencana-aceh-itb-paragon-kirim-filter-air-ke-aceh-tamiang/63331,itb.ac.id,"Sat, 07 Mar 2026 08:00:00 GMT",medium,43,komunitas teknologi Aceh,Aulia,,1.0,needs_review,neutral,0,0,auto,
5136,"Dari penampungan tersebut, air dialirkan ke toren-toren air di sekitar pemukiman penduduk di Kampung Sukajadi.","Pascabencana Aceh, ITB-Paragon Kirim Filter Air ke Aceh Tamiang",https://itb.ac.id/berita/pascabencana-aceh-itb-paragon-kirim-filter-air-ke-aceh-tamiang/63331,itb.ac.id,"Sat, 07 Mar 2026 08:00:00 GMT",medium,15,komunitas teknologi Aceh,Aulia,,0.0,needs_review,neutral,0,0,auto,
5137,"Melalui sistem distribusi ini, sekitar 1.200 warga kini dapat memanfaatkan air bersih untuk berbagai kebutuhan sehari-hari seperti mandi, mencuci, kebutuhan sanitasi, hingga sebagai sumber air minum.","Pascabencana Aceh, ITB-Paragon Kirim Filter Air ke Aceh Tamiang",https://itb.ac.id/berita/pascabencana-aceh-itb-paragon-kirim-filter-air-ke-aceh-tamiang/63331,itb.ac.id,"Sat, 07 Mar 2026 08:00:00 GMT",medium,26,komunitas teknologi Aceh,Aulia,,0.0,needs_review,neutral,1,0,auto,
5138,"Selain melalui distribusi ke rumah-rumah, sebagian warga juga datang langsung ke lokasi filter untuk mengambil air.","Pascabencana Aceh, ITB-Paragon Kirim Filter Air ke Aceh Tamiang",https://itb.ac.id/berita/pascabencana-aceh-itb-paragon-kirim-filter-air-ke-aceh-tamiang/63331,itb.ac.id,"Sat, 07 Mar 2026 08:00:00 GMT",medium,16,komunitas teknologi Aceh,Aulia,,0.0,needs_review,neutral,0,0,auto,
5139,"Selama bulan puasa, terutama menjelang sore hari, warga terlihat antre dengan membawa galon kosong untuk mengisi air bersih dari sistem filter ITBParagon tersebut.","Pascabencana Aceh, ITB-Paragon Kirim Filter Air ke Aceh Tamiang",https://itb.ac.id/berita/pascabencana-aceh-itb-paragon-kirim-filter-air-ke-aceh-tamiang/63331,itb.ac.id,"Sat, 07 Mar 2026 08:00:00 GMT",medium,23,komunitas teknologi Aceh,Aulia,,0.0,needs_review,neutral,0,0,auto,
5140,"Sistem filter air ini memiliki kapasitas maksimum hingga 7.200 liter per jam, sehingga mampu menyediakan pasokan air bersih dalam jumlah besar bagi masyarakat sekitar.","Pascabencana Aceh, ITB-Paragon Kirim Filter Air ke Aceh Tamiang",https://itb.ac.id/berita/pascabencana-aceh-itb-paragon-kirim-filter-air-ke-aceh-tamiang/63331,itb.ac.id,"Sat, 07 Mar 2026 08:00:00 GMT",medium,24,komunitas teknologi Aceh,Aulia,,0.0,needs_review,neutral,0,0,auto,
5141,Filter air tersebut dikirim dari kota Bandung menuju Aceh Tamiang dengan waktu perjalanan sekitar satu pekan sebelum akhirnya tiba di lokasi dan siap dimanfaatkan oleh masyarakat.,"Pascabencana Aceh, ITB-Paragon Kirim Filter Air ke Aceh Tamiang",https://itb.ac.id/berita/pascabencana-aceh-itb-paragon-kirim-filter-air-ke-aceh-tamiang/63331,itb.ac.id,"Sat, 07 Mar 2026 08:00:00 GMT",high,26,komunitas teknologi Aceh,Aulia,,0.0,needs_review,neutral,1,0,auto,
5142,"Pengiriman ini juga menjadi bagian dari upaya melanjutkan masa pemulihan yang tengah berlangsung di wilayah Aceh, khususnya dalam mendukung pemenuhan kebutuhan dasar masyarakat terhadap air bersih.","Pascabencana Aceh, ITB-Paragon Kirim Filter Air ke Aceh Tamiang",https://itb.ac.id/berita/pascabencana-aceh-itb-paragon-kirim-filter-air-ke-aceh-tamiang/63331,itb.ac.id,"Sat, 07 Mar 2026 08:00:00 GMT",high,26,komunitas teknologi Aceh,Aulia,,0.0,needs_review,neutral,1,0,auto,
5143,"Keberadaan teknologi ini juga menghadirkan cerita menarik dari masyarakat setempat. Salah satu kisah datang dari seorang bayi yang sebelumnya mengalami diare selama hampir satu bulan dan tidak kunjung sembuh meskipun telah mendapatkan pengobatan. Setelah keluarganya mulai menggunakan air dari sistem filter tersebut, kondisi bayi tersebut dilaporkan berangsur membaik hingga akhirnya sembuh.","Pascabencana Aceh, ITB-Paragon Kirim Filter Air ke Aceh Tamiang",https://itb.ac.id/berita/pascabencana-aceh-itb-paragon-kirim-filter-air-ke-aceh-tamiang/63331,itb.ac.id,"Sat, 07 Mar 2026 08:00:00 GMT",medium,51,komunitas teknologi Aceh,Aulia,,1.0,needs_review,neutral,0,0,auto,
5144,"Dalam kegiatan serah terima filter air tersebut, pihak Paragon diwakili oleh Dwi Eliani sementara dari pihak ITB diwakili oleh Direktur Komunikasi dan Hubungan Masyarakat ITB, Dr. N. Nurlaela Arief, MBA., IAPR.","Pascabencana Aceh, ITB-Paragon Kirim Filter Air ke Aceh Tamiang",https://itb.ac.id/berita/pascabencana-aceh-itb-paragon-kirim-filter-air-ke-aceh-tamiang/63331,itb.ac.id,"Sat, 07 Mar 2026 08:00:00 GMT",medium,31,komunitas teknologi Aceh,Aulia,,0.0,needs_review,neutral,0,0,auto,
5145,"""Kolaborasi ini menunjukkan bagaimana sinergi antara perguruan tinggi dan sektor industri dapat menghadirkan solusi teknologi yang memberikan manfaat nyata bagi masyarakat. Ke depan, diharapkan semakin banyak perusahaan yang dapat berkolaborasi dengan ITB untuk menghadirkan inovasi serupa, mengingat teknologi filter air seperti ini terbukti sangat dibutuhkan oleh masyarakat di Aceh Tamiang,"" ujar Dr. Nurlaela Arief.","Pascabencana Aceh, ITB-Paragon Kirim Filter Air ke Aceh Tamiang",https://itb.ac.id/berita/pascabencana-aceh-itb-paragon-kirim-filter-air-ke-aceh-tamiang/63331,itb.ac.id,"Sat, 07 Mar 2026 08:00:00 GMT",high,54,komunitas teknologi Aceh,Aulia,,2.0,needs_review,positive,3,0,auto,
5146,"Teknologi Instalasi Pengolahan Air (IPA) Mobile/filter air bersih ini merupakan kontribusi ITB; Rektor ITB, Prof. Dr. Ir. Tatacipta Dirgantara, M.T.; Ketua Tim IPA Mobile, Prof. Dr. Ir. Bagus Budiwantoro dari Kelompok Keahlian Perancangan Teknik dan Produksi, Fakultas Teknik Mesin dan Dirgantara (FTMD) ITB; Yayasan LAPI ITB, dan berbagai pihak internal ITB.","Pascabencana Aceh, ITB-Paragon Kirim Filter Air ke Aceh Tamiang",https://itb.ac.id/berita/pascabencana-aceh-itb-paragon-kirim-filter-air-ke-aceh-tamiang/63331,itb.ac.id,"Sat, 07 Mar 2026 08:00:00 GMT",medium,51,komunitas teknologi Aceh,Aulia,,2.0,needs_review,neutral,1,0,auto,
5182,"BANDA ACEH, KOMPAS.com - Repsol Lubricants Indonesia kembali menggelar program Bentang Cerita: Repsol Ride Story di Aceh.",Komunitas Motor Ini Jelajahi Wisata dan Budaya Lokal di Aceh,https://otomotif.kompas.com/read/2026/07/04/131212315/komunitas-motor-ini-jelajahi-wisata-dan-budaya-lokal-di-aceh,otomotif.kompas.com,2026-07-04,high,17,komunitas teknologi Aceh,Aulia,,0.0,needs_review,neutral,0,0,auto,
5183,Kegiatan ini mengajak komunitas motor menjelajahi sejumlah destinasi wisata dan budaya sambil menikmati pengalaman touring.,Komunitas Motor Ini Jelajahi Wisata dan Budaya Lokal di Aceh,https://otomotif.kompas.com/read/2026/07/04/131212315/komunitas-motor-ini-jelajahi-wisata-dan-budaya-lokal-di-aceh,otomotif.kompas.com,2026-07-04,medium,15,komunitas teknologi Aceh,Aulia,,2.0,needs_review,neutral,0,0,auto,
5184,"Rangkaian kegiatan berlangsung selama dua hari, yakni pada 27-28 Juni 2026. Pada hari pertama, peserta memulai perjalanan dari Mon Oil Samahani menuju sejumlah ikon Kota Banda Aceh, seperti Masjid Raya Baiturrahman, Museum Tsunami Aceh, hingga kawasan Ulee Lheue.",Komunitas Motor Ini Jelajahi Wisata dan Budaya Lokal di Aceh,https://otomotif.kompas.com/read/2026/07/04/131212315/komunitas-motor-ini-jelajahi-wisata-dan-budaya-lokal-di-aceh,otomotif.kompas.com,2026-07-04,high,38,komunitas teknologi Aceh,Aulia,,0.0,needs_review,neutral,0,0,auto,
5185,"Selanjutnya, pada hari kedua, touring dilanjutkan menuju Rest Area Gurutee di pesisir barat Aceh, tempat peserta menikmati kuliner khas daerah, Kuah Beulangong.",Komunitas Motor Ini Jelajahi Wisata dan Budaya Lokal di Aceh,https://otomotif.kompas.com/read/2026/07/04/131212315/komunitas-motor-ini-jelajahi-wisata-dan-budaya-lokal-di-aceh,otomotif.kompas.com,2026-07-04,high,22,komunitas teknologi Aceh,Aulia,,0.0,needs_review,neutral,0,0,auto,
5186,"Selain touring, peserta juga mengikuti sesi edukasi mengenai teknologi pelumas serta tips menjaga performa mesin bersama tim Repsol Lubricants Indonesia.",Komunitas Motor Ini Jelajahi Wisata dan Budaya Lokal di Aceh,https://otomotif.kompas.com/read/2026/07/04/131212315/komunitas-motor-ini-jelajahi-wisata-dan-budaya-lokal-di-aceh,otomotif.kompas.com,2026-07-04,medium,20,komunitas teknologi Aceh,Aulia,,1.0,needs_review,neutral,0,0,auto,
5187,ist Repsol Lubricants Indonesia kembali menghadirkan Bentang Cerita: Repsol Ride Story. Repsol Lubricants Indonesia kembali menghadirkan Bentang Cerita: Repsol Ride Story.,Komunitas Motor Ini Jelajahi Wisata dan Budaya Lokal di Aceh,https://otomotif.kompas.com/read/2026/07/04/131212315/komunitas-motor-ini-jelajahi-wisata-dan-budaya-lokal-di-aceh,otomotif.kompas.com,2026-07-04,medium,21,komunitas teknologi Aceh,Aulia,,0.0,needs_review,neutral,0,0,auto,
5188,"Dalam sesi tersebut, peserta mendapatkan informasi mengenai teknologi pelumas Repsol, pentingnya memilih pelumas sesuai spesifikasi kendaraan, serta tips menjaga performa mesin agar tetap optimal selama perjalanan maupun penggunaan sehari-hari.",Komunitas Motor Ini Jelajahi Wisata dan Budaya Lokal di Aceh,https://otomotif.kompas.com/read/2026/07/04/131212315/komunitas-motor-ini-jelajahi-wisata-dan-budaya-lokal-di-aceh,otomotif.kompas.com,2026-07-04,medium,29,komunitas teknologi Aceh,Aulia,,1.0,needs_review,neutral,0,0,auto,
5189,"Head of Marketing Repsol Lubricants Indonesia, Alejandro Werd Alonso, mengatakan program Bentang Cerita: Repsol Ride Story lahir dari keinginan menghadirkan pengalaman berkendara yang lebih bermakna bagi para komunitas motor.",Komunitas Motor Ini Jelajahi Wisata dan Budaya Lokal di Aceh,https://otomotif.kompas.com/read/2026/07/04/131212315/komunitas-motor-ini-jelajahi-wisata-dan-budaya-lokal-di-aceh,otomotif.kompas.com,2026-07-04,medium,29,komunitas teknologi Aceh,Aulia,,2.0,needs_review,neutral,0,0,auto,
5190,"""Bentang Cerita: Repsol Ride Story lahir dari keyakinan bahwa setiap perjalanan selalu menyimpan cerita yang berharga. Melalui program ini, kami ingin mengajak para riders menikmati keindahan berbagai daerah di Indonesia sekaligus mempererat hubungan antar komunitas melalui pengalaman berkendara yang aman, nyaman, dan penuh makna bersama Repsol, ucapanya dalam keterangan resmi.",Komunitas Motor Ini Jelajahi Wisata dan Budaya Lokal di Aceh,https://otomotif.kompas.com/read/2026/07/04/131212315/komunitas-motor-ini-jelajahi-wisata-dan-budaya-lokal-di-aceh,otomotif.kompas.com,2026-07-04,medium,50,komunitas teknologi Aceh,Aulia,,2.0,needs_review,neutral,0,0,auto,
5191,ist Repsol Lubricants Indonesia kembali menghadirkan Bentang Cerita: Repsol Ride Story. ist Repsol Lubricants Indonesia kembali menghadirkan Bentang Cerita: Repsol Ride Story.,Komunitas Motor Ini Jelajahi Wisata dan Budaya Lokal di Aceh,https://otomotif.kompas.com/read/2026/07/04/131212315/komunitas-motor-ini-jelajahi-wisata-dan-budaya-lokal-di-aceh,otomotif.kompas.com,2026-07-04,medium,22,komunitas teknologi Aceh,Aulia,,0.0,needs_review,neutral,0,0,auto,
5192,"Menurut Alejandro, Aceh dipilih sebagai tuan rumah karena memiliki kekayaan sejarah, budaya, dan panorama alam yang menjadi daya tarik tersendiri.",Komunitas Motor Ini Jelajahi Wisata dan Budaya Lokal di Aceh,https://otomotif.kompas.com/read/2026/07/04/131212315/komunitas-motor-ini-jelajahi-wisata-dan-budaya-lokal-di-aceh,otomotif.kompas.com,2026-07-04,high,20,komunitas teknologi Aceh,Aulia,,0.0,needs_review,neutral,0,0,auto,
5193,"""Bentang Cerita: Repsol Ride Story sejauh ini sudah berlangsung di 6 kota, dan hari ini kami memilih Aceh sebagai tuan rumah karena memiliki kekayaan sejarah, budaya, dan panorama alam yang sangat luar biasa. Kami berharap Bentang Cerita Chapter Aceh tidak hanya menjadi perjalanan touring, tetapi juga menjadi ruang bagi para peserta untuk mengenal lebih dekat keunikan daerah ini, berbagi pengalaman, dan menciptakan cerita baru yang akan terus dikenang, ucapnya.",Komunitas Motor Ini Jelajahi Wisata dan Budaya Lokal di Aceh,https://otomotif.kompas.com/read/2026/07/04/131212315/komunitas-motor-ini-jelajahi-wisata-dan-budaya-lokal-di-aceh,otomotif.kompas.com,2026-07-04,high,69,komunitas teknologi Aceh,Aulia,,1.0,needs_review,neutral,0,0,auto,
5194,"Melalui program ini, Repsol Lubricants Indonesia ingin menghadirkan pengalaman berkendara yang tidak sekadar menempuh perjalanan, tetapi juga menjadi sarana mengenal budaya lokal, mempererat hubungan antarkomunitas, dan menikmati berbagai destinasi di Indonesia.",Komunitas Motor Ini Jelajahi Wisata dan Budaya Lokal di Aceh,https://otomotif.kompas.com/read/2026/07/04/131212315/komunitas-motor-ini-jelajahi-wisata-dan-budaya-lokal-di-aceh,otomotif.kompas.com,2026-07-04,medium,31,komunitas teknologi Aceh,Aulia,,2.0,needs_review,neutral,0,0,auto,
5263,"Sebuah bangsa yang kehilangan transportasi publiknya, sesungguhnya kehilangan denyut sosialnya[1] demikian kutipan dari seorang sosiolog mobilitas, John Urry, yang rasanya sangat relevan dengan situasi Banda Aceh saat ini. Ada sebuah kenangan yang barangkali mulai memudar dari wajah Banda Aceh. Dulu, Terminal Keudah selalu riuh. Suara klakson bersahutan, penumpang bergegas naik, dan sopir labi-labi bersiul memanggil penumpang.",Labi-Labi Modern: Upaya Mengintegrasikan Kearifan Lokal dalam Inovasi Transportasi Massal di Aceh,https://dishub.acehprov.go.id/2025/09/22/labi-labi-modern-upaya-mengintegrasikan-kearifan-lokal-dalam-inovasi-transportasi-massal-di-aceh/,dishub.acehprov.go.id,2025-09-22,high,56,komunitas teknologi Aceh,Aulia,,2.0,needs_review,neutral,0,0,auto,
5265,"Sayangnya, fenomena yang terjadi di Banda Aceh saat ini membawa fakta bahwa labi-labi kerap ditinggalkan dan geliat kendaraan pribadi terus meroket. Kini jalanan kota dipadati lautan kendaraan bermotor dan mobil pribadi bahkan di permukiman kecil sekalipun. Pilihan masyarakat untuk beralih ke kendaraan pribadi sejatinya cukup rasional. Fenomena ini sesungguhnya berangkat dari opini masyarakat dengan alibinya penumpang labi-labi kerap mengeluh karena suasana di dalam labi-labi terasa panas dan sempit, serta penumpang harus menunggu terlalu lama karena perjalanan terasa lambat akibat sering berhenti menunggu penumpang tambahan.",Labi-Labi Modern: Upaya Mengintegrasikan Kearifan Lokal dalam Inovasi Transportasi Massal di Aceh,https://dishub.acehprov.go.id/2025/09/22/labi-labi-modern-upaya-mengintegrasikan-kearifan-lokal-dalam-inovasi-transportasi-massal-di-aceh/,dishub.acehprov.go.id,2025-09-22,high,84,komunitas teknologi Aceh,Aulia,,0.0,needs_review,neutral,0,1,auto,
5266,"Kenyataan di lapangan memang menunjukkan bahwa labi-labi gagal memperbaiki layanannya. Dari seribu lebih armada yang dulu beroperasi di awal 2000-an, kini hanya tersisa sekitar 352 unit, dan yang benar-benar aktif di jalan bahkan kurang dari 80.[2] Rute yang dulunya menjangkau 17 koridor utama kini menyusut menjadi tujuh atau delapan. Bahkan pada jam sibuk, okupansi rata-rata hanya enam hingga tujuh orang, jauh di bawah kapasitas ideal. Sementara itu, jalan-jalan Banda Aceh kini sesak oleh motor dan mobil pribadi, yang jumlahnya melonjak 1012 persen setiap tahun.",Labi-Labi Modern: Upaya Mengintegrasikan Kearifan Lokal dalam Inovasi Transportasi Massal di Aceh,https://dishub.acehprov.go.id/2025/09/22/labi-labi-modern-upaya-mengintegrasikan-kearifan-lokal-dalam-inovasi-transportasi-massal-di-aceh/,dishub.acehprov.go.id,2025-09-22,high,84,komunitas teknologi Aceh,Aulia,,2.0,needs_review,negative,0,2,auto,
5267,"Kehadiran bus Trans Koetaradja yang gratis sejak beberapa tahun terakhir juga semakin memperparah kondisi labi-labi. Layanan Trans Koetaradja relatif lebih nyaman dan teratur, sehingga banyak diminati masyarakat. Hal ini tentu berdampak sangat signifikan terhadap penghasilan para sopir labi-labi yang kini terpaksa mangkal di sudut-sudut kota karena di terminal tidak ada yang datang. Kehadiran transportasi modern ini memang patut diapresiasi, tetapi di sisi lain kehadirannya membuat labi-labi semakin terpinggirkan.",Labi-Labi Modern: Upaya Mengintegrasikan Kearifan Lokal dalam Inovasi Transportasi Massal di Aceh,https://dishub.acehprov.go.id/2025/09/22/labi-labi-modern-upaya-mengintegrasikan-kearifan-lokal-dalam-inovasi-transportasi-massal-di-aceh/,dishub.acehprov.go.id,2025-09-22,medium,68,komunitas teknologi Aceh,Aulia,,2.0,needs_review,neutral,0,0,auto,
5268,"Dishub Aceh sebenarnya memiliki kesempatan emas untuk menciptakan ekosistem transportasi yang saling melengkapi, bukan saling mematikan. Karena labi-labi adalah bagian dari sejarah transportasi Aceh yang tidak boleh hilang begitu saja. Justru dengan hadirnya Trans Koetaradja, seharusnya ada peluang untuk mengintegrasikan labi-labi sebagai feeder atau penyambung ke area-area yang belum terjangkau oleh bus besar.",Labi-Labi Modern: Upaya Mengintegrasikan Kearifan Lokal dalam Inovasi Transportasi Massal di Aceh,https://dishub.acehprov.go.id/2025/09/22/labi-labi-modern-upaya-mengintegrasikan-kearifan-lokal-dalam-inovasi-transportasi-massal-di-aceh/,dishub.acehprov.go.id,2025-09-22,high,53,komunitas teknologi Aceh,Aulia,,2.0,needs_review,neutral,1,0,auto,
5269,"Banyak media lokal yang menyebutkan bahwa labi-labi kini hanya tinggal kenangan. Pertanyaannya, apakah kita rela melepas begitu saja ikon yang menjadi memori kolektif bagi kebanyakan orang Aceh? karena di balik kemerosotan itu, sebenarnya ada sesuatu yang tak boleh dilupakan. Labi-labi bukan hanya soal moda transportasi, melainkan bagian dari identitas Aceh. Nama labi-labi diambil dari kura-kura, hewan yang berjalan perlahan namun pasti, seakan mencerminkan ritme hidup masyarakat Aceh yang tenang dan bersahaja. Desainnya yang sederhana dengan kursi berhadap-hadapan membentuk ruang interaksi sosial. Penumpang bisa saling mengenal, berbagi informasi, bahkan mempererat silaturahmi. Dalam sudut pandang antropologis, labi-labi adalah ruang sosial bergerak yang mencerminkan nilai gotong royong dan keterbukaan masyarakat Aceh. Jika moda ini benar-benar punah, maka hilang pula salah satu simbol budaya transportasi Aceh.",Labi-Labi Modern: Upaya Mengintegrasikan Kearifan Lokal dalam Inovasi Transportasi Massal di Aceh,https://dishub.acehprov.go.id/2025/09/22/labi-labi-modern-upaya-mengintegrasikan-kearifan-lokal-dalam-inovasi-transportasi-massal-di-aceh/,dishub.acehprov.go.id,2025-09-22,high,122,komunitas teknologi Aceh,Aulia,,1.0,needs_review,neutral,0,1,auto,
5273,"Mengadopsi kesuksesan Suroboyo Bus Surabaya, labi-labi modern dapat menerapkan sistem pembayaran dengan sampah plastik, mengubah setiap perjalanan menjadi aksi nyata pelestarian lingkungan. Kemitraan dengan bank sampah lokal menciptakan circular economy yang menguntungkan semua pihak, penumpang mendapat transportasi murah, lingkungan menjadi lebih bersih, dan pemulung bisa mendapat income tambahan. Kombinasi harmonis antara pelestarian budaya, modernisasi teknologi, dan kepedulian ekologis menjadikan Aceh dapat tampil sebagai pioneer transportasi berkelanjutan yang berakar pada kearifan lokal namun berorientasi global. Ini bukan hanya tentang transportasi, tetapi tentang menciptakan model pembangunan yang menghormati masa lalu sambil merangkul masa depan.",Labi-Labi Modern: Upaya Mengintegrasikan Kearifan Lokal dalam Inovasi Transportasi Massal di Aceh,https://dishub.acehprov.go.id/2025/09/22/labi-labi-modern-upaya-mengintegrasikan-kearifan-lokal-dalam-inovasi-transportasi-massal-di-aceh/,dishub.acehprov.go.id,2025-09-22,high,92,komunitas teknologi Aceh,Aulia,,2.0,needs_review,positive,2,0,auto,
5277,"Selain itu, penguatan transportasi publik Aceh pasca-tsunami harus dipahami sebagai strategi pemulihan sosial. Transportasi bukan hanya memindahkan orang dari satu titik ke titik lain, tetapi juga membangun rasa aman, kebersamaan, dan kebanggaan kolektif. Labi-labi yang dibalut modernisasi dapat menjadi simbol kebangkitan, menegaskan bahwa Aceh mampu berinovasi tanpa kehilangan akar budayanya. Dari sini, dunia bisa belajar bahwa modernisasi tidak harus memutus masa lalu, melainkan menjahit kembali tenun budaya dengan benang inovasi. Jika pemerintah serius, transformasi labi-labi juga dapat mendukung pariwisata Aceh. Bayangkan wisatawan yang datang ke Banda Aceh tidak hanya berkunjung ke Museum Tsunami atau Masjid Raya Baiturrahman, tetapi juga berkeliling kota dengan Labi-Labi Modern berhias motif songket Aceh. Setiap kursi dilengkapi kode QR yang menghubungkan penumpang ke cerita budaya, kuliner, dan destinasi wisata lokal. Dengan begitu, transportasi menjadi pintu masuk promosi pariwisata.",Labi-Labi Modern: Upaya Mengintegrasikan Kearifan Lokal dalam Inovasi Transportasi Massal di Aceh,https://dishub.acehprov.go.id/2025/09/22/labi-labi-modern-upaya-mengintegrasikan-kearifan-lokal-dalam-inovasi-transportasi-massal-di-aceh/,dishub.acehprov.go.id,2025-09-22,high,132,komunitas teknologi Aceh,Aulia,,2.0,needs_review,positive,2,0,auto,
5278,"Bandung punya Bandros, Solo punya Werkudara, Surabaya punya Suroboyo Bus. Aceh, dengan sejarah dan budayanya yang kaya, tidak boleh hanya menjadi penonton. Labi-labi adalah memori kolektif kita. Ia adalah denyut sosial yang menyatukan masyarakat. Jika hari ini ia ditinggalkan, mari kita bangkitkan kembali dalam wajah baru. Bukan sekadar nostalgia, tetapi inovasi yang membuat Aceh bangga di mata dunia. Karena kalau bukan kita, orang Aceh sendiri, siapa lagi yang akan menjaga warisan ini? Dishub Aceh memiliki momentum emas untuk membuktikan bahwa pelestarian budaya dan modernisasi transportasi bukan dua hal yang bertentangan. Dengan kemauan yang kuat, perencanaan yang matang, dan pelaksanaan yang konsisten, labi-labi dapat menjadi kisah sukse yang dapat menginspirasi daerah lain. Melalui tulisan ini saya berharap bahwa pemerintah Aceh khususnya Dishub Aceh mampu untuk mentransformasi labi-labi menjadi solusi inovatif transportasi massal yang mengintegrasikan kearifan lokal dengan teknologi yang lebih modern.",Labi-Labi Modern: Upaya Mengintegrasikan Kearifan Lokal dalam Inovasi Transportasi Massal di Aceh,https://dishub.acehprov.go.id/2025/09/22/labi-labi-modern-upaya-mengintegrasikan-kearifan-lokal-dalam-inovasi-transportasi-massal-di-aceh/,dishub.acehprov.go.id,2025-09-22,high,140,komunitas teknologi Aceh,Aulia,,3.0,needs_review,neutral,1,0,auto,
5279,"[1] Urry, John. Mobilities. Cambridge: Polity Press, 2007.",Labi-Labi Modern: Upaya Mengintegrasikan Kearifan Lokal dalam Inovasi Transportasi Massal di Aceh,https://dishub.acehprov.go.id/2025/09/22/labi-labi-modern-upaya-mengintegrasikan-kearifan-lokal-dalam-inovasi-transportasi-massal-di-aceh/,dishub.acehprov.go.id,2025-09-22,medium,8,komunitas teknologi Aceh,Aulia,,0.0,needs_review,neutral,0,0,auto,
5280,"[2] Cities Development Initiative for Asia (CDIA). (2017). Studi kelayakan pengembangan sistem Bus Rapid Transit (BRT) Kota Banda Aceh (Laporan akhir, dokumen tidak diterbitkan). Asian Development Bank.",Labi-Labi Modern: Upaya Mengintegrasikan Kearifan Lokal dalam Inovasi Transportasi Massal di Aceh,https://dishub.acehprov.go.id/2025/09/22/labi-labi-modern-upaya-mengintegrasikan-kearifan-lokal-dalam-inovasi-transportasi-massal-di-aceh/,dishub.acehprov.go.id,2025-09-22,high,27,komunitas teknologi Aceh,Aulia,,0.0,needs_review,neutral,1,0,auto,
5380,"JAKARTA, KOMPAS.com - Dalam menghadapi tantangan pemulihan pasca-bencana alam di Sumatera, kecepatan pembangunan hunian menjadi faktor penentu dalam meminimalisasi trauma sosial.",Seperti Apa Rupa dan Teknologi Modular Huntara di Aceh Tamiang?,https://www.kompas.com/properti/read/2025/12/30/091849221/seperti-apa-rupa-dan-teknologi-modular-huntara-di-aceh-tamiang,kompas.com,2025-12-30,medium,21,komunitas teknologi Aceh,Aulia,,0.0,needs_review,negative,0,2,auto,
5381,"Direktur Utama PT Wijaya Karya (Persero) Tbk (WIKA), Agung Budi Waskito, memperkenalkan sebuah solusi konstruksi masa depan yang kini diterapkan secara masif, bangunan modular untuk hunian sementara (huntara).",Seperti Apa Rupa dan Teknologi Modular Huntara di Aceh Tamiang?,https://www.kompas.com/properti/read/2025/12/30/091849221/seperti-apa-rupa-dan-teknologi-modular-huntara-di-aceh-tamiang,kompas.com,2025-12-30,medium,28,komunitas teknologi Aceh,Aulia,,0.0,needs_review,neutral,0,0,auto,
5382,"Teknologi ini bukan sekadar bedeng sementara, melainkan sistem hunian yang dirancang dengan presisi secara industri untuk memberikan keamanan, kenyamanan, dan martabat bagi para penyintas bencana.",Seperti Apa Rupa dan Teknologi Modular Huntara di Aceh Tamiang?,https://www.kompas.com/properti/read/2025/12/30/091849221/seperti-apa-rupa-dan-teknologi-modular-huntara-di-aceh-tamiang,kompas.com,2025-12-30,medium,25,komunitas teknologi Aceh,Aulia,,1.0,needs_review,neutral,0,0,auto,
5383,Teknologi modular yang dikembangkan WIKA dan PT Wijaya Karya Gedung (Persero) Tbk (WEGE) menjadi tolok ukur baru dalam mitigasi bencana nasional.,Seperti Apa Rupa dan Teknologi Modular Huntara di Aceh Tamiang?,https://www.kompas.com/properti/read/2025/12/30/091849221/seperti-apa-rupa-dan-teknologi-modular-huntara-di-aceh-tamiang,kompas.com,2025-12-30,medium,21,komunitas teknologi Aceh,Aulia,,2.0,needs_review,neutral,0,0,auto,
5384,1. Filosofi Bangunan Modular: Presisi Industri di Lokasi Bencana,Seperti Apa Rupa dan Teknologi Modular Huntara di Aceh Tamiang?,https://www.kompas.com/properti/read/2025/12/30/091849221/seperti-apa-rupa-dan-teknologi-modular-huntara-di-aceh-tamiang,kompas.com,2025-12-30,medium,9,komunitas teknologi Aceh,Aulia,,0.0,needs_review,neutral,0,0,auto,
5385,"Menurut Agung, kunci utama dari huntara di Sumatera adalah kecepatan tanpa kompromi pada kualitas. Sistem modular memungkinkan pembangunan dilakukan dengan metode off-site construction.",Seperti Apa Rupa dan Teknologi Modular Huntara di Aceh Tamiang?,https://www.kompas.com/properti/read/2025/12/30/091849221/seperti-apa-rupa-dan-teknologi-modular-huntara-di-aceh-tamiang,kompas.com,2025-12-30,medium,23,komunitas teknologi Aceh,Aulia,,0.0,needs_review,neutral,0,0,auto,
5386,"Komponen bangunan diproduksi di pabrik (WEGE) atau sistem fabrikas?, dalam bentuk panel-panel siap rakit.",Seperti Apa Rupa dan Teknologi Modular Huntara di Aceh Tamiang?,https://www.kompas.com/properti/read/2025/12/30/091849221/seperti-apa-rupa-dan-teknologi-modular-huntara-di-aceh-tamiang,kompas.com,2025-12-30,medium,14,komunitas teknologi Aceh,Aulia,,2.0,needs_review,neutral,0,0,auto,
5387,"Karena komponen sudah presisi, pemasangan di lokasi, seperti di Aceh Tamiang, hanya memerlukan waktu hitungan hari, jauh lebih cepat dibandingkan metode konvensional yang memakan waktu berbulan-bulan.",Seperti Apa Rupa dan Teknologi Modular Huntara di Aceh Tamiang?,https://www.kompas.com/properti/read/2025/12/30/091849221/seperti-apa-rupa-dan-teknologi-modular-huntara-di-aceh-tamiang,kompas.com,2025-12-30,high,26,komunitas teknologi Aceh,Aulia,,0.0,needs_review,neutral,0,0,auto,
5388,"""Kami menghadirkan huntara modular yang dibangun secara cepat, aman, dan kuat, sehingga masyarakat terdampak dapat segera memiliki tempat tinggal yang nyaman dan layak,"" tegas Agung, dikutip Kompas.com, Selasa (30/12/2025).",Seperti Apa Rupa dan Teknologi Modular Huntara di Aceh Tamiang?,https://www.kompas.com/properti/read/2025/12/30/091849221/seperti-apa-rupa-dan-teknologi-modular-huntara-di-aceh-tamiang,kompas.com,2025-12-30,medium,29,komunitas teknologi Aceh,Aulia,,0.0,needs_review,neutral,0,0,auto,
5389,Huntara modular WIKA dirancang dengan material pilihan yang mampu beradaptasi dengan iklim tropis Sumatera yang lembap dan potensi cuaca ekstrem.,Seperti Apa Rupa dan Teknologi Modular Huntara di Aceh Tamiang?,https://www.kompas.com/properti/read/2025/12/30/091849221/seperti-apa-rupa-dan-teknologi-modular-huntara-di-aceh-tamiang,kompas.com,2025-12-30,medium,20,komunitas teknologi Aceh,Aulia,,0.0,needs_review,neutral,1,0,auto,
5390,"Rangka baja ringan (light steel frame): merupakan tulang punggung bangunan. Material ini dipilih karena memiliki rasio kekuatan terhadap berat yang tinggi, tahan terhadap korosi, dan fleksibel terhadap guncangan tanah (antisipasi gempa).",Seperti Apa Rupa dan Teknologi Modular Huntara di Aceh Tamiang?,https://www.kompas.com/properti/read/2025/12/30/091849221/seperti-apa-rupa-dan-teknologi-modular-huntara-di-aceh-tamiang,kompas.com,2025-12-30,medium,31,komunitas teknologi Aceh,Aulia,,0.0,needs_review,neutral,0,1,auto,
5391,"Dinding papan semen (fiber cement board): memberikan perlindungan termal yang baik. Ruangan tetap sejuk meski suhu di luar terik, serta memiliki daya tahan tinggi terhadap api dan rayap.",Seperti Apa Rupa dan Teknologi Modular Huntara di Aceh Tamiang?,https://www.kompas.com/properti/read/2025/12/30/091849221/seperti-apa-rupa-dan-teknologi-modular-huntara-di-aceh-tamiang,kompas.com,2025-12-30,medium,28,komunitas teknologi Aceh,Aulia,,1.0,needs_review,neutral,0,0,auto,
5463,"ACEHTREND.COM, Banda Aceh - Komunitas University Student Goes to Children (U.S Goes to Children) bekerja sama dengan Komunitas Pesawat Kertas mengadakan kegiatan mengajar bahasa Inggris dan komputer gratis kepada anak-anak Desa Lampermai, Kecamatan Baitussalam, Aceh Besar, Sabtu (26/10/2019).","Gandeng Pesawat Kertas, US Goes to Children Ajarkan Bahasa Inggris untuk Anak-anak Lampermai",https://www.acehtrend.com/news/gandeng-pesawat-kertas-us-goes-to-children-ajarkan-bahasa-inggris-untuk-anak-anak-lampermai/index.html,acehtrend.com,"Mon, 28 Oct 2019 07:00:00 GMT",high,38,komunitas teknologi Aceh,Aulia,,2.0,needs_review,neutral,1,0,auto,
5464,Kegiatan ini direncanakan akan berlangsung setiap pekannya pada Sabtu sore selama setahun hingga 2020 mendatang. Ada 21 relawan yang terlibat dalam program edukasi ini dengan jumlah siswa sebanyak 20 orang yang hadir di kelas pertama.,"Gandeng Pesawat Kertas, US Goes to Children Ajarkan Bahasa Inggris untuk Anak-anak Lampermai",https://www.acehtrend.com/news/gandeng-pesawat-kertas-us-goes-to-children-ajarkan-bahasa-inggris-untuk-anak-anak-lampermai/index.html,acehtrend.com,"Mon, 28 Oct 2019 07:00:00 GMT",low,35,komunitas teknologi Aceh,Aulia,,0.0,needs_review,neutral,0,0,auto,
5466,"Ciri khas dari program mengajar U.S Goes to Children ini ialah adanya sistem face to face, atau tatap muka di mana setelah sesi bermain game dan sesi pengajaran tutor utama selesai, masing-masing anak akan mendapatkan satu relawan/guru untuk mengajari mereka materi lebih dalam serta mempraktikkannya (1 guru untuk 1 anak).","Gandeng Pesawat Kertas, US Goes to Children Ajarkan Bahasa Inggris untuk Anak-anak Lampermai",https://www.acehtrend.com/news/gandeng-pesawat-kertas-us-goes-to-children-ajarkan-bahasa-inggris-untuk-anak-anak-lampermai/index.html,acehtrend.com,"Mon, 28 Oct 2019 07:00:00 GMT",low,50,komunitas teknologi Aceh,Aulia,,0.0,needs_review,neutral,0,0,auto,
5468,"Anak-anak (peserta didik) yang difokuskan oleh U.S Goes to Children ialah anak-anak desa dari kalangan duafa, anak-anak yatim/piatu, anak-anak pemulung, anak-anak panti asuhan, anak-anak jalanan, hingga anak-anak yang pernah terkena kekerasan seksual.","Gandeng Pesawat Kertas, US Goes to Children Ajarkan Bahasa Inggris untuk Anak-anak Lampermai",https://www.acehtrend.com/news/gandeng-pesawat-kertas-us-goes-to-children-ajarkan-bahasa-inggris-untuk-anak-anak-lampermai/index.html,acehtrend.com,"Mon, 28 Oct 2019 07:00:00 GMT",low,32,komunitas teknologi Aceh,Aulia,,0.0,needs_review,neutral,0,0,auto,
5469,"Hingga saat ini, U.S Goes to Children telah melakukan berbagai kerja sama baik dengan desa-desa, komunitas, TPA, yayasan sosial, dan lain-lain dalam mengadakan program mengajar mingguan selama satu semester atau pun satu tahun penuh. Setelah selesai, kita akan berganti lokasi atau kerja sama. Beberapa di antaranya yang pernah kita gaet kerja sama ialah dengan Desa Tungkop, Kuta Alam, Tanjung Selamat, TPA di Desa Lamgugop, Lampineung, Darussalam, Panti Asuhan Nirmala, Taman Edukasi Anak Pemulung Gampong Jawa, Yayasan Kesejahteraan Masyarakat (Yakesma) Kajhu, dan beberapa lainnya hingga ke desa yang ada di Padang, Sumatera Barat. Totalnya kita sudah melakukan pengajaran sebanyak 217 pertemuan, kepada 462 anak, bersama 284 volunteer yang berganti-ganti setiap berakhirnya satu semester, ujarnya kepada aceHTrend, Minggu (27/10/2019).","Gandeng Pesawat Kertas, US Goes to Children Ajarkan Bahasa Inggris untuk Anak-anak Lampermai",https://www.acehtrend.com/news/gandeng-pesawat-kertas-us-goes-to-children-ajarkan-bahasa-inggris-untuk-anak-anak-lampermai/index.html,acehtrend.com,"Mon, 28 Oct 2019 07:00:00 GMT",low,117,komunitas teknologi Aceh,Aulia,,2.0,needs_review,neutral,1,0,auto,
5470,"Dimulai hari ini hingga satu tahun ke depan kita fokus untuk mengajar mingguan di Desa Lampermai pula, tepatnya di Sekretariat Pesawat Kertas, serta di Sekretariat Kajhu Peduli Anak Yatim (KAPAY). Jadi, yang pasti kita mengajar dua kali seminggu selama satu tahun penuh ini. Namun bisa jadi kita tambah desa lagi. Sekarang, sedang kami kaji tentang penambahan ini, lanjut pemuda yang juga sedang merangkap jabatan Ketua Umum Komunitas Forum Menggapai Mimpi tersebut.","Gandeng Pesawat Kertas, US Goes to Children Ajarkan Bahasa Inggris untuk Anak-anak Lampermai",https://www.acehtrend.com/news/gandeng-pesawat-kertas-us-goes-to-children-ajarkan-bahasa-inggris-untuk-anak-anak-lampermai/index.html,acehtrend.com,"Mon, 28 Oct 2019 07:00:00 GMT",low,71,komunitas teknologi Aceh,Aulia,,2.0,needs_review,neutral,0,0,auto,
5471,"Di sisi lain, Fahry Purnama, Pendiri sekaligus Ketua Umum Pesawat Kertas mengungkapkan rasa syukurnya atas kerja sama ini.","Gandeng Pesawat Kertas, US Goes to Children Ajarkan Bahasa Inggris untuk Anak-anak Lampermai",https://www.acehtrend.com/news/gandeng-pesawat-kertas-us-goes-to-children-ajarkan-bahasa-inggris-untuk-anak-anak-lampermai/index.html,acehtrend.com,"Mon, 28 Oct 2019 07:00:00 GMT",low,18,komunitas teknologi Aceh,Aulia,,0.0,needs_review,neutral,1,0,auto,
5491,"Agro Techno Park adalah sebuah kawasan pertanian terpadu yang didalamnya terdapat berbagai aktifitas pendukung pertanian, misalnya seperti area pertanian, area peternakan, perkebunan, serta area pengolahan pasca panen.",Saree Agro Techno Park,https://www.acehtrend.com/news/saree-agro-techno-park/index.html,acehtrend.com,"Fri, 01 Dec 2017 08:00:00 GMT",low,27,komunitas teknologi Aceh,Aulia,,0.0,needs_review,neutral,0,0,auto,
5493,"Dua bulan yang lalu berkesempatan memberikan materi dalam pelatihan 30 orang penyuluh pertanian dari 23 kabupaten di Balai Pelatihan Pertanian Aceh Saree. Materi penyampaian saya berkenaan dengan Dynamic agroforestry (DAF), dimana dalam satu lahan bisa dilakukan empat tahapan penanaman komoditi dengan konsideran aspek ekologis, ekonomis dan sosial. DAF adalah jawaban untuk banyak hal dalam aspek budidaya disamping prinsip utamanya mengembalikan tutupan hutan yang akan mampu menjaga keseimbangan alam dan memposisikan tanaman layaknya hidup di rainforest",Saree Agro Techno Park,https://www.acehtrend.com/news/saree-agro-techno-park/index.html,acehtrend.com,"Fri, 01 Dec 2017 08:00:00 GMT",high,75,komunitas teknologi Aceh,Aulia,,2.0,needs_review,neutral,0,1,auto,
5495,"Setelah itu saya mengunjungi SMK Pembangunan Pertanian ditemani Bapak Razali Adami, mantan kepala Dinas Pertanian dan Muhammad Amin kepala sekolah tersebut. Saya mengunjungi beberapa lokasi tempat praktek siswa yang mendukung masing masing jurusan; agribisnis holtikultur, peternakan, perkebunan, pengolahan hasil pertanian serta unggas. Saya mengamati kegiatan siswa siswi yang sedang melakukan praktek, diantaranya mengolah jagung menjadi pakan unggas. Dari amatan saya SMK PP cukup baik dalam menyeimbangkan pengetahuan yang diperoleh dalam ruang maupun lapangan. Lulusan ini membutuhkan sentuhan lanjutan untuk bersinergi dengan penyedia jasa keuangan atau sektor swasta yang ingin memilih pertanian sebagai lahan bisnis.",Saree Agro Techno Park,https://www.acehtrend.com/news/saree-agro-techno-park/index.html,acehtrend.com,"Fri, 01 Dec 2017 08:00:00 GMT",low,94,komunitas teknologi Aceh,Aulia,,3.0,needs_review,neutral,1,0,auto,
5496,"Kemudian kami mengelilingi sekitar 120 ha lahan milik pemerintah yang belum tergarap, setelah 3 jam diseputaran lokasi ini, kemudian saya mewacanakan pemikiran untuk dijadikan lokasi untuk fungsi percontohan komoditas, pendidikan dan wisata agro dengan nama SAREE AGRO TEKNO PARK (SATP). Saya belum tau apakah hal ini sudah pernah diwacanakan sebelumnya namun yang pasti tidak penting harapannya dapat diwujudkan.",Saree Agro Techno Park,https://www.acehtrend.com/news/saree-agro-techno-park/index.html,acehtrend.com,"Fri, 01 Dec 2017 08:00:00 GMT",low,58,komunitas teknologi Aceh,Aulia,,1.0,needs_review,neutral,1,0,auto,
5498,"SATP adalah sebuah konsep yang berlatar pertanian untuk pengembangan kawasan secara holistik dan terpadu antara unsur pendidikan, pusat pembelajaran, bisnis pertanian serta wisata agro.",Saree Agro Techno Park,https://www.acehtrend.com/news/saree-agro-techno-park/index.html,acehtrend.com,"Fri, 01 Dec 2017 08:00:00 GMT",low,24,komunitas teknologi Aceh,Aulia,,2.0,needs_review,neutral,1,0,auto,
5499,"SATP sudah memiliki SMK Pembangunan Pertanian, namun untuk mencetak generasi yang siap terjun ke dunia usaha pertanian perlu peningkatan peningkatan jenjang pendidikan dalam bentuk Akademi Komunitas, sebuah akademi yang disesuaikan dengan kebutuhan lokal. Untuk hari ini misalnya dibutuhkan akademi manajemen peternakan, akademi pengolahan hasil pertanian dll. Jurusan akademi ini dapat ditutup suatu waktu jika kebutuhan sudah mencukupi.",Saree Agro Techno Park,https://www.acehtrend.com/news/saree-agro-techno-park/index.html,acehtrend.com,"Fri, 01 Dec 2017 08:00:00 GMT",low,57,komunitas teknologi Aceh,Aulia,,2.0,needs_review,neutral,0,1,auto,
5501,"Miniatur pengembangan Zona Agro-Ekologi Terpadu (Integrated Agro-Ecology Zone untuk menyahuti tantangan global, climate smart agriculture Minatur pengembangan agro-industri, agroforestry dan agrotourism. Sudah saatnya Aceh dikembangkan kombinasi agro-industri, agroforestry dan agrotourism.",Saree Agro Techno Park,https://www.acehtrend.com/news/saree-agro-techno-park/index.html,acehtrend.com,"Fri, 01 Dec 2017 08:00:00 GMT",high,30,komunitas teknologi Aceh,Aulia,,0.0,needs_review,neutral,1,1,auto,
5503,Politisasi atau kriminalisasi LGBT: dari 'lima partai pendukung' sampai 'kucuran dana asing',Politisasi atau kriminalisasi LGBT: dari 'lima partai pendukung' sampai 'kucuran dana asing',https://www.bbc.com/indonesia/trensosial-42771018,bbc.com,"Mon, 22 Jan 2018 08:00:00 GMT",low,12,komunitas teknologi Aceh,Aulia,,2.0,needs_review,neutral,0,0,auto,
5504,"Sumber gambar, Getty/AFP/CHAIDEER MAHYUDDIN Keterangan gambar, Protes terhadap komunitas LGBT di Banda Aceh, Desember 2017.",Politisasi atau kriminalisasi LGBT: dari 'lima partai pendukung' sampai 'kucuran dana asing',https://www.bbc.com/indonesia/trensosial-42771018,bbc.com,"Mon, 22 Jan 2018 08:00:00 GMT",high,15,komunitas teknologi Aceh,Aulia,,2.0,needs_review,neutral,0,0,auto,
5505,"Pernyataan Ketua MPR dan Ketua Umum PAN Zulkifli Hasan soal ""lima partai yang mendukung LGBT dan pernikahan sesama jenis"" terkait pembahasan RKUHP membuat politisi lain berlomba mengutuk LGBT di media sosial yang lalu jadi perdebatan di kalangan warganet.",Politisasi atau kriminalisasi LGBT: dari 'lima partai pendukung' sampai 'kucuran dana asing',https://www.bbc.com/indonesia/trensosial-42771018,bbc.com,"Mon, 22 Jan 2018 08:00:00 GMT",low,38,komunitas teknologi Aceh,Aulia,,0.0,needs_review,neutral,1,0,auto,
5506,"Ketua baru DPR Bambang Susatyo yang banyak disorot karena memamerkan begitu banyak mobil mewah di media sosialnya, turut menyambar isu ini dengan menyatakan siap mundur dari posisi Ketua DPR yang baru dijabatnya 'apabila LGBT dilegalkan.'",Politisasi atau kriminalisasi LGBT: dari 'lima partai pendukung' sampai 'kucuran dana asing',https://www.bbc.com/indonesia/trensosial-42771018,bbc.com,"Mon, 22 Jan 2018 08:00:00 GMT",low,35,komunitas teknologi Aceh,Aulia,,0.0,needs_review,neutral,0,0,auto,
5508,"Dalam rancangan rancangan KUHP yang tengah dibahas di DPR, ada upaya memperluas pasal perzinahan dan percabulan. Antara lain, seperti dikatakan anggota Komisi III DPR dari PPP, Arsul Sani, mereka ingin agar pasal perbuatan cabul diperluas hingga menyasar kalangan LGBT.",Politisasi atau kriminalisasi LGBT: dari 'lima partai pendukung' sampai 'kucuran dana asing',https://www.bbc.com/indonesia/trensosial-42771018,bbc.com,"Mon, 22 Jan 2018 08:00:00 GMT",low,39,komunitas teknologi Aceh,Aulia,,0.0,needs_review,neutral,0,0,auto,
5509,"Ketua Umum Ikatan Cendekiawan Muslim Indonesia (ICMI) dan mantan Ketua Mahkamah Konstitusi Jimly Asshiddiqie, melalui cuitannya, menyatakan dukungannya",Politisasi atau kriminalisasi LGBT: dari 'lima partai pendukung' sampai 'kucuran dana asing',https://www.bbc.com/indonesia/trensosial-42771018,bbc.com,"Mon, 22 Jan 2018 08:00:00 GMT",low,18,komunitas teknologi Aceh,Aulia,,0.0,needs_review,neutral,1,0,auto,
5510,"Menurutnya, ""sangat tepat bila diperluas pengertiannya sesuai dengan nilai-nilai budaya Indonesia"", termasuk dengan memasukkan pasangan sesama jenis dalam definisi perzinahan, yaitu mereka yang berhubungan seks dengan orang yang bukan pasangan sah, termasuk yang sesama jenis.",Politisasi atau kriminalisasi LGBT: dari 'lima partai pendukung' sampai 'kucuran dana asing',https://www.bbc.com/indonesia/trensosial-42771018,bbc.com,"Mon, 22 Jan 2018 08:00:00 GMT",low,35,komunitas teknologi Aceh,Aulia,,0.0,needs_review,neutral,0,0,auto,
5511,"Sementara itu, Ketua DPR Bambang Susatyo mengatakan bahwa meski tidak ada pembahasan rancangan undang-undang khusus terkait LGBT, namun dalam pembahasan pasal KUHP, muncul usulan bahwa pidana pencabulan sesama jenis tidak hanya berlaku untuk korban anak di bawah umur, tetapi juga pencabulan yang dilakukan antara orang dewasa sesama jenis.",Politisasi atau kriminalisasi LGBT: dari 'lima partai pendukung' sampai 'kucuran dana asing',https://www.bbc.com/indonesia/trensosial-42771018,bbc.com,"Mon, 22 Jan 2018 08:00:00 GMT",low,48,komunitas teknologi Aceh,Aulia,,2.0,needs_review,neutral,0,0,auto,
5512,"Sebelumnya, dalam pasal KUHP ada aturan soal pencabulan sesama jenis terhadap anak di bawah umur yang masuk kategori tindak pidana.",Politisasi atau kriminalisasi LGBT: dari 'lima partai pendukung' sampai 'kucuran dana asing',https://www.bbc.com/indonesia/trensosial-42771018,bbc.com,"Mon, 22 Jan 2018 08:00:00 GMT",low,20,komunitas teknologi Aceh,Aulia,,2.0,needs_review,neutral,0,0,auto,
5513,"Usai kunjungannya ke rumah mantan Ketua Umum PP Muhammadiyah Ahmad Syafii Maarif, Minggu (21/1), Bambang mengatakan, ""Buya (Syafii) dengan tegas meminta agar LGBT tidak dilegalkan karena berlawanan dengan jiwa Pancasila. Saya berjanji melaksanakan amanat dengan pertaruhan mundur dari jabatan Ketua DPR jika LGBT dilegalkan di republik ini,"" katanya.",Politisasi atau kriminalisasi LGBT: dari 'lima partai pendukung' sampai 'kucuran dana asing',https://www.bbc.com/indonesia/trensosial-42771018,bbc.com,"Mon, 22 Jan 2018 08:00:00 GMT",low,48,komunitas teknologi Aceh,Aulia,,0.0,needs_review,neutral,0,0,auto,
5514,Ia tak menjelaskan apa yang dimaksud legalisasi LGBT dan apa yang mengarah ke sana.,Politisasi atau kriminalisasi LGBT: dari 'lima partai pendukung' sampai 'kucuran dana asing',https://www.bbc.com/indonesia/trensosial-42771018,bbc.com,"Mon, 22 Jan 2018 08:00:00 GMT",low,14,komunitas teknologi Aceh,Aulia,,0.0,needs_review,neutral,0,0,auto,
5515,Pernyataan Bambang itu kemudian ditanggapi oleh warganet @LisraSukur yang mencuitkan bahwa dia seharusnya mundur karena LGBT memang legal di Indonesia karena sejauh ini tidak ada aturan yang secara jelas mempidanakan kelompok LGBT.,Politisasi atau kriminalisasi LGBT: dari 'lima partai pendukung' sampai 'kucuran dana asing',https://www.bbc.com/indonesia/trensosial-42771018,bbc.com,"Mon, 22 Jan 2018 08:00:00 GMT",low,32,komunitas teknologi Aceh,Aulia,,2.0,needs_review,neutral,0,0,auto,
5516,"Meski begitu, dalam praktiknya, pegiat telah mengkritik aksi polisi yang menggerebek 'spa gay' di Jakarta Pusat dan memproses hukum orang-orang yang disebut terlibat dengan menggunakan UU Pornografi.",Politisasi atau kriminalisasi LGBT: dari 'lima partai pendukung' sampai 'kucuran dana asing',https://www.bbc.com/indonesia/trensosial-42771018,bbc.com,"Mon, 22 Jan 2018 08:00:00 GMT",low,27,komunitas teknologi Aceh,Aulia,,2.0,needs_review,neutral,0,0,auto,
5517,"Andreas Harsono, pegiat lembaga Human Rights Watch, pada Oktober 2017 lalu menilai ada semacam pola aksi diskriminatif kepolisian terhadap kaum lesbian, gay, biseksual, dan transgender di Indonesia.",Politisasi atau kriminalisasi LGBT: dari 'lima partai pendukung' sampai 'kucuran dana asing',https://www.bbc.com/indonesia/trensosial-42771018,bbc.com,"Mon, 22 Jan 2018 08:00:00 GMT",low,27,komunitas teknologi Aceh,Aulia,,0.0,needs_review,neutral,0,0,auto,
5518,"""Jika mereka menggerebek (spa) karena mereka gay, itu jelas penyalahgunaan wewenang. Karena jika tidak ada korban, tidak ada kejahatan,"" tegas Andreas.",Politisasi atau kriminalisasi LGBT: dari 'lima partai pendukung' sampai 'kucuran dana asing',https://www.bbc.com/indonesia/trensosial-42771018,bbc.com,"Mon, 22 Jan 2018 08:00:00 GMT",low,21,komunitas teknologi Aceh,Aulia,,0.0,needs_review,neutral,0,0,auto,
5519,"Sebelumnya, pada Desember 2017 lalu, Mahkamah Konstitusi memutuskan menolak permohonan memperluas pasal perzinahan di KUHP.",Politisasi atau kriminalisasi LGBT: dari 'lima partai pendukung' sampai 'kucuran dana asing',https://www.bbc.com/indonesia/trensosial-42771018,bbc.com,"Mon, 22 Jan 2018 08:00:00 GMT",low,15,komunitas teknologi Aceh,Aulia,,0.0,needs_review,neutral,0,0,auto,
5520,"Antara lain Pasal 284 tentang perzinahan, yang terbatas dalam kaitan pernikahan dimohonkan untuk diperluas ke konteks di luar pernikahan, dan Pasal 292 tentang percabulan anak laki-laki, yang dimintakan untuk dihilangkan batasan umurnya agar hubungan seks sesama jenis dianggap pidana terlepas dari umurnya atau apakah ada paksaan atau tidak.",Politisasi atau kriminalisasi LGBT: dari 'lima partai pendukung' sampai 'kucuran dana asing',https://www.bbc.com/indonesia/trensosial-42771018,bbc.com,"Mon, 22 Jan 2018 08:00:00 GMT",low,48,komunitas teknologi Aceh,Aulia,,2.0,needs_review,negative,0,2,auto,
5522,"Sementara itu, profesor hukum dan mantan Ketua Mahkamah Konstitusi Mahfud MD, mengatakan bahwa pernyataan Zulkifli itu ""berhasil efektif memancing kepedulian kita utk mengawal pembahasan LGBT. Tokoh-tokoh parpol jadi beramai-ramai menjamin partainya akan ""menghukumpidanakan"" LGBT.""",Politisasi atau kriminalisasi LGBT: dari 'lima partai pendukung' sampai 'kucuran dana asing',https://www.bbc.com/indonesia/trensosial-42771018,bbc.com,"Mon, 22 Jan 2018 08:00:00 GMT",low,34,komunitas teknologi Aceh,Aulia,,2.0,needs_review,neutral,1,0,auto,
5523,"Mahfud MD juga mengatakan bahwa ada ""dana asing yang digunakan untuk melegalkan LGBT di Indonesia"".",Politisasi atau kriminalisasi LGBT: dari 'lima partai pendukung' sampai 'kucuran dana asing',https://www.bbc.com/indonesia/trensosial-42771018,bbc.com,"Mon, 22 Jan 2018 08:00:00 GMT",low,15,komunitas teknologi Aceh,Aulia,,2.0,needs_review,neutral,0,0,auto,
5524,"Saat ditanya warganet soal bukti aliran dana itu, Mahfud justru mencuitkan agar warganet mencari sendiri beritanya di Google, yang menurutnya juga sudah dibahas oleh Wakil Presiden Jusuf Kalla.",Politisasi atau kriminalisasi LGBT: dari 'lima partai pendukung' sampai 'kucuran dana asing',https://www.bbc.com/indonesia/trensosial-42771018,bbc.com,"Mon, 22 Jan 2018 08:00:00 GMT",low,28,komunitas teknologi Aceh,Aulia,,2.0,needs_review,neutral,0,0,auto,
5526,"Sumber pernyataan, saat itu, katanya, ""berdasar pada situs resmi UNDP.""",Politisasi atau kriminalisasi LGBT: dari 'lima partai pendukung' sampai 'kucuran dana asing',https://www.bbc.com/indonesia/trensosial-42771018,bbc.com,"Mon, 22 Jan 2018 08:00:00 GMT",low,10,komunitas teknologi Aceh,Aulia,,1.0,needs_review,neutral,0,0,auto,
5527,"Namun kemudian pada 15 Februari 2016, Wakil Presiden Jusuf Kalla sudah menegaskan tidak ada dana dari UNDP untuk kaum LGBT di Indonesia, dan informasi itu, menurutnya, sudah dikonfirmasi dengan Badan Perencanaan dan Pembangunan Nasional (Bappenas).",Politisasi atau kriminalisasi LGBT: dari 'lima partai pendukung' sampai 'kucuran dana asing',https://www.bbc.com/indonesia/trensosial-42771018,bbc.com,"Mon, 22 Jan 2018 08:00:00 GMT",low,35,komunitas teknologi Aceh,Aulia,,2.0,needs_review,neutral,0,0,auto,
5901,Program Aneuk Muda Aceh Unggul dan Hebat (AMANAH) mampu memberdayakan para pemuda untuk meraih masa depan yang cerah dalam persiapan untuk menyongsong Indonesia lebih maju ke depan.,Program AMANAH Berdayakan Pemuda Raih Masa Depan Cerah Persiapkan Indonesia Maju,https://pepnews.com/politik/p-71714267b600533/program-amanah-berdayakan-pemuda-raih-masa-depan-cerah-persiapkan-indonesia-maju,pepnews.com,"Tue, 09 Apr 2024 07:00:00 GMT",high,27,pendanaan startup Aceh,Aulia,,1.0,needs_review,neutral,1,0,auto,
5902,"Tentunya dalam persiapan Indonesia yang lebih maju tersebut, tidak bisa dipungkiri bahwa akan sangat membutuhkan adanya peranan aktif yang dilakukan oleh para pemuda sebagai penerus generasi bangsa.",Program AMANAH Berdayakan Pemuda Raih Masa Depan Cerah Persiapkan Indonesia Maju,https://pepnews.com/politik/p-71714267b600533/program-amanah-berdayakan-pemuda-raih-masa-depan-cerah-persiapkan-indonesia-maju,pepnews.com,"Tue, 09 Apr 2024 07:00:00 GMT",low,27,pendanaan startup Aceh,Aulia,,0.0,needs_review,neutral,0,0,auto,
5903,"Dengan demikian, maka juga sangat membutuhkan adanya para pemuda yang memiliki kualitas atau daya saing tinggi, yang mana mereka merupakan anak-anak muda berdaya. Seluruh hal tersebut bisa terwujud dengan jauh lebih optimal berkat adanya program AMANAH yang diinisiasi oleh Badan Intelijen Negara Republik Indonesia (BIN RI).",Program AMANAH Berdayakan Pemuda Raih Masa Depan Cerah Persiapkan Indonesia Maju,https://pepnews.com/politik/p-71714267b600533/program-amanah-berdayakan-pemuda-raih-masa-depan-cerah-persiapkan-indonesia-maju,pepnews.com,"Tue, 09 Apr 2024 07:00:00 GMT",low,46,pendanaan startup Aceh,Aulia,,1.0,needs_review,neutral,0,0,auto,
5906,"Mengetahui betapa besarnya potensi yang dimiliki oleh usaha rintisan apabila mendapatkan dukungan penuh, menjadikan Pemerintah Republik Indonesia (RI) memberikan dukungannya melalui Kementerian Komunikasi dan Informatika (Kemenkominfo) yang meluncurkan program Markas Startup di salah satu wilayah di Tanah Air, yakni Aceh.",Program AMANAH Berdayakan Pemuda Raih Masa Depan Cerah Persiapkan Indonesia Maju,https://pepnews.com/politik/p-71714267b600533/program-amanah-berdayakan-pemuda-raih-masa-depan-cerah-persiapkan-indonesia-maju,pepnews.com,"Tue, 09 Apr 2024 07:00:00 GMT",high,40,pendanaan startup Aceh,Aulia,,2.0,needs_review,positive,2,0,auto,
5907,"Wamenkominfo RI, Nezar Patria menjelaskan bahwa berjalannya program tersebut berguna untuk mengatasi kurangnya dukungan kepada para anak muda di Serambi Mekkah, terlebih mereka yang merupakan seorang penggerak usaha rintisan atau startup.",Program AMANAH Berdayakan Pemuda Raih Masa Depan Cerah Persiapkan Indonesia Maju,https://pepnews.com/politik/p-71714267b600533/program-amanah-berdayakan-pemuda-raih-masa-depan-cerah-persiapkan-indonesia-maju,pepnews.com,"Tue, 09 Apr 2024 07:00:00 GMT",high,31,pendanaan startup Aceh,Aulia,,1.0,needs_review,neutral,1,1,auto,
5911,"Indikator kemajuan suatu bangsa yang lainnya adalah bukan hanya bagaimana sumber daya manusia (SDM) di dalamnya, utamanya pada kalangan para pemuda bisa beradaptasi dengan sangat baik untuk memanfaatkan kemajuan teknologi di dunia digital saja, namun juga kemajuan suatu bangsa bisa dilihat dari bagaimana produk lokal mereka yang khas ternyata sangat digemari oleh dunia secara internasional dan mendatangkan banyak manfaat serta dihargai tinggi pada pasar global.",Program AMANAH Berdayakan Pemuda Raih Masa Depan Cerah Persiapkan Indonesia Maju,https://pepnews.com/politik/p-71714267b600533/program-amanah-berdayakan-pemuda-raih-masa-depan-cerah-persiapkan-indonesia-maju,pepnews.com,"Tue, 09 Apr 2024 07:00:00 GMT",low,65,pendanaan startup Aceh,Aulia,,5.0,needs_review,positive,2,0,auto,
5912,"Pada era kepemimpinan Presiden Republik Indonesia (RI) sekarang, Ir. Joko Widodo (Jokowi), hal tersebut juga terus digencarkan, yakni adanya upaya hilirisasi produk bangsa hingga pada kancah dunia.",Program AMANAH Berdayakan Pemuda Raih Masa Depan Cerah Persiapkan Indonesia Maju,https://pepnews.com/politik/p-71714267b600533/program-amanah-berdayakan-pemuda-raih-masa-depan-cerah-persiapkan-indonesia-maju,pepnews.com,"Tue, 09 Apr 2024 07:00:00 GMT",low,27,pendanaan startup Aceh,Aulia,,2.0,needs_review,neutral,0,0,auto,
5913,"Menurut Kepala Negara, dengan adanya hilirisasi maka menjadikan bangsa ini sebagai salah satu negara produsen di dunia dan tidak lagi bergantung pada negara lain. Sehingga hal tersebut jelas menjadikan Indonesia sebagai negara yang jauh lebih maju.",Program AMANAH Berdayakan Pemuda Raih Masa Depan Cerah Persiapkan Indonesia Maju,https://pepnews.com/politik/p-71714267b600533/program-amanah-berdayakan-pemuda-raih-masa-depan-cerah-persiapkan-indonesia-maju,pepnews.com,"Tue, 09 Apr 2024 07:00:00 GMT",low,36,pendanaan startup Aceh,Aulia,,0.0,needs_review,neutral,0,0,auto,
5914,Program AMANAH sendiri sangat mendukung penuh adanya upaya hilirisasi sejalan dengan upaya Presiden Jokowi tersebut. Salah satu hal yang dijalankan oleh program Aneuk Muda Aceh Unggil dan Hebat bahkan juga menggandeng ARC-PUIPT Nilam Aceh Universitas Syiah Kuala (USK) dalam rangka memberdayakan para generasi milenial di Serambi Mekkah agar mereka bisa turut berperan aktif dalam mengembangkan ekonomi kreatif berbasis minyak nilam Aceh.,Program AMANAH Berdayakan Pemuda Raih Masa Depan Cerah Persiapkan Indonesia Maju,https://pepnews.com/politik/p-71714267b600533/program-amanah-berdayakan-pemuda-raih-masa-depan-cerah-persiapkan-indonesia-maju,pepnews.com,"Tue, 09 Apr 2024 07:00:00 GMT",high,61,pendanaan startup Aceh,Aulia,,2.0,needs_review,neutral,1,0,auto,
5916,"Sudah sangat jelas bahwa dengan memberdayakan para pemuda untuk bisa memanfaatkan nilam Aceh, maka diharapkan akan sangat membantu bergeraknya ekonomi lokal di sana melalui para generasi milenial.",Program AMANAH Berdayakan Pemuda Raih Masa Depan Cerah Persiapkan Indonesia Maju,https://pepnews.com/politik/p-71714267b600533/program-amanah-berdayakan-pemuda-raih-masa-depan-cerah-persiapkan-indonesia-maju,pepnews.com,"Tue, 09 Apr 2024 07:00:00 GMT",high,27,pendanaan startup Aceh,Aulia,,0.0,needs_review,neutral,1,0,auto,
5917,Pelatihan produk turunan nilam yang ditujukan kepada para pemuda itu merupakan salah satu upaya dari BIN selaku inisiator program AMANAH untuk semakin memajukan industri Nilam Aceh karena belakangan ini nilam sudah menjadi komoditas yang dilupakan padahal sejatinya menjadi komoditas unggulan.,Program AMANAH Berdayakan Pemuda Raih Masa Depan Cerah Persiapkan Indonesia Maju,https://pepnews.com/politik/p-71714267b600533/program-amanah-berdayakan-pemuda-raih-masa-depan-cerah-persiapkan-indonesia-maju,pepnews.com,"Tue, 09 Apr 2024 07:00:00 GMT",high,40,pendanaan startup Aceh,Aulia,,2.0,needs_review,neutral,1,1,auto,
5918,"Akan tetapi berkat perjuangan dari seluruh pihak yang menginisasi program Aneuk Muda Aceh Unggul dan Hebat (AMANAH), maka kini secara perlahan nilam Aceh kembali mampu bangkit.",Program AMANAH Berdayakan Pemuda Raih Masa Depan Cerah Persiapkan Indonesia Maju,https://pepnews.com/politik/p-71714267b600533/program-amanah-berdayakan-pemuda-raih-masa-depan-cerah-persiapkan-indonesia-maju,pepnews.com,"Tue, 09 Apr 2024 07:00:00 GMT",high,26,pendanaan startup Aceh,Aulia,,1.0,needs_review,neutral,1,0,auto,
5919,"Untuk mempersiapkan kemajuan bangsa Indonesia, Program AMANAH yang diinisiasi oleh Badan Intelijen Negara Republik Indonesia terus berupaya dalam memberdayakan para pemuda agar mereka mampu meraih masa depan dengan jauh lebih cerah melalui banyak kegiatan yang sangat bermanfaat dan pembekalan bagi para generasi muda itu untuk bersiap menghadapi perkembangan dunia dengan tidak melupakan nilai kebangsaannya.",Program AMANAH Berdayakan Pemuda Raih Masa Depan Cerah Persiapkan Indonesia Maju,https://pepnews.com/politik/p-71714267b600533/program-amanah-berdayakan-pemuda-raih-masa-depan-cerah-persiapkan-indonesia-maju,pepnews.com,"Tue, 09 Apr 2024 07:00:00 GMT",low,54,pendanaan startup Aceh,Aulia,,1.0,needs_review,positive,3,0,auto,
6421,"Jakarta (ANTARA) Muhrizal Putra Gunawan, petambak ikan tradisional di Aceh, kerap kali dipusingkan dengan tingginya biaya operasional tambak. Tagihan listriknya selalu menukik, untuk menggerakkan kincir tambak, mesin pakan ikan, serta penerangan di malam hari. Tantangan serupa juga dihadapi sesama petambak di Kelompok Petani Tambak Meuhase di Desa Padang Sakti, Kecamatan Muara Satu, Kota Lhokseumawe, Provinsi Aceh.","Hari Listrik Nasional, Pertamina Tambah 80 Desa Energi Berdikari",https://www.antaranews.com/berita/5201833/hari-listrik-nasional-pertamina-tambah-80-desa-energi-berdikari,antaranews.com,2025-10-27,high,56,startup Aceh,Aulia,,2.0,needs_review,neutral,0,1,auto,
6422,"Memperingati hari listrik nasional ke-80 yang jatuh pada 27 Oktober 2025, PT Pertamina (Persero) menghadirkan energi terbarukan untuk menggerakkan ekonomi kerakyatan melalui program Desa Energi Berdikari (DEB). Sebanyak 80 DEB baru, dibangun di seluruh Indonesia, sebagian besar berada di luar pulau Jawa. Salah satunya adalah DEB Desa Padang Sakti, Lhokseumawe, Aceh, yang dipimpin Muhrizal.","Hari Listrik Nasional, Pertamina Tambah 80 Desa Energi Berdikari",https://www.antaranews.com/berita/5201833/hari-listrik-nasional-pertamina-tambah-80-desa-energi-berdikari,antaranews.com,2025-10-27,high,54,startup Aceh,Aulia,,0.0,needs_review,neutral,0,0,auto,
6424,"Peresmian 80 DEB Pertamina baru 2025 dilaksanakan di DEB Desa Sobokerto, Kecamatan Ngemplak, Kabupaten Boyolali, yang merupakan binaan Aviation Fuel Terminal Adi Sumarmo.","Hari Listrik Nasional, Pertamina Tambah 80 Desa Energi Berdikari",https://www.antaranews.com/berita/5201833/hari-listrik-nasional-pertamina-tambah-80-desa-energi-berdikari,antaranews.com,2025-10-27,low,23,startup Aceh,Aulia,,1.0,needs_review,neutral,0,0,auto,
6425,"Corporate Secretary PT Pertamina (Persero) Arya Dwi Paramita mengatakan, ""Pada Hari Listrik Nasional ke-80 ini, melalui kolaborasi multi pihak, kami hadirkan 80 DEB baru, menambah 172 DEB yang sudah eksis sebelumnya. Sehingga sampai tahun ini kami telah memberdayakan total 252 desa di berbagai wilayah di Indonesia, di mana 70 persennya berada di luar Pulau Jawa. Dengan memanfaatkan energi terbarukan dan teknologi tepat guna, untuk menggerakkan aktivitas ekonomi kerakyatan desa, selaras dengan Asta Cita pemerintah,"" jelas Arya.","Hari Listrik Nasional, Pertamina Tambah 80 Desa Energi Berdikari",https://www.antaranews.com/berita/5201833/hari-listrik-nasional-pertamina-tambah-80-desa-energi-berdikari,antaranews.com,2025-10-27,low,76,startup Aceh,Aulia,,2.0,needs_review,positive,2,0,auto,
6426,"80 DEB baru di 2025 ini, lanjut Arya, menciptakan nilai ekonomi kerakyatan sebesar Rp 1,7 milyar per tahun bagi masyarakat desa. Manfaatnya dirasakan langsung oleh lebih dari 96 ribu jiwa, termasuk 15 warga disabilitas.","Hari Listrik Nasional, Pertamina Tambah 80 Desa Energi Berdikari",https://www.antaranews.com/berita/5201833/hari-listrik-nasional-pertamina-tambah-80-desa-energi-berdikari,antaranews.com,2025-10-27,low,34,startup Aceh,Aulia,,0.0,needs_review,neutral,1,0,auto,
6427,"Selain itu, pembangkit listrik tenaga solar (PLTS) yang dimanfaatkan di 75 DEB menghasilkan energi listrik sebesar 448.400 Wattpeak (Wp), sedangkan 5 desa memproduksi 16.060 ribu mton biogas dan methane. Pemanfaatan energi terbarukan di 80 DEB ini, juga mereduksi emisi karbon sebesar lebih dari 12 ribu TonCO2eq per tahun.","Hari Listrik Nasional, Pertamina Tambah 80 Desa Energi Berdikari",https://www.antaranews.com/berita/5201833/hari-listrik-nasional-pertamina-tambah-80-desa-energi-berdikari,antaranews.com,2025-10-27,low,48,startup Aceh,Aulia,,2.0,needs_review,neutral,1,0,auto,
6428,"Sementara, 80 DEB tersebut terdiri dari 53 DEB Ketahanan Pangan yang mendukung kemandirian pangan melalui pertanian dan peternakan yang berkelanjutan, 16 DEB Wisata Energi yang memanfaatkan potensi alam dan budaya setempat untuk meningkatkan perekonomian desa. Serta 11 DEB Pesisir Modern yang memperkenalkan penggunaan teknologi dalam penangkapan dan budidaya perikanan untuk meningkatkan kapasitas dan kualitas produksi nelayan lokal.","Hari Listrik Nasional, Pertamina Tambah 80 Desa Energi Berdikari",https://www.antaranews.com/berita/5201833/hari-listrik-nasional-pertamina-tambah-80-desa-energi-berdikari,antaranews.com,2025-10-27,low,57,startup Aceh,Aulia,,2.0,needs_review,positive,4,0,auto,
6429,"Bupati Boyolali, Agus Irawan, mengapresiasi langkah nyata Pertamina dalam memberdayakan masyarakat desa.","Hari Listrik Nasional, Pertamina Tambah 80 Desa Energi Berdikari",https://www.antaranews.com/berita/5201833/hari-listrik-nasional-pertamina-tambah-80-desa-energi-berdikari,antaranews.com,2025-10-27,low,12,startup Aceh,Aulia,,0.0,needs_review,neutral,0,1,auto,
6430,"""Terima kasih Pertamina yang telah bertahun-tahun memberikan program tanggung jawab sosial & lingkungan (TJSL), pendampingan dan inovasi kepada masyarakat Kabupaten Boyolali. Harapannya bantuan Program TJSL Pertamina ini dapat menjangkau desa dan kecamatan lainnya,"" ujar Agus","Hari Listrik Nasional, Pertamina Tambah 80 Desa Energi Berdikari",https://www.antaranews.com/berita/5201833/hari-listrik-nasional-pertamina-tambah-80-desa-energi-berdikari,antaranews.com,2025-10-27,low,35,startup Aceh,Aulia,,1.0,needs_review,positive,3,0,auto,
6431,"Pada kegiatan peresmian tersebut, juga diserahterimakan bantuan solar panel berkapasitas 6,6 kwp plus baterai kepada DEB Desa Sobokerto. PLTS akan dimanfaatkan untuk bantuan peralatan IoT pertanian hasil inovasi dari startup Adosistering, yang dibina dari program seed and scale Pertamuda.","Hari Listrik Nasional, Pertamina Tambah 80 Desa Energi Berdikari",https://www.antaranews.com/berita/5201833/hari-listrik-nasional-pertamina-tambah-80-desa-energi-berdikari,antaranews.com,2025-10-27,low,39,startup Aceh,Aulia,,1.0,needs_review,positive,3,0,auto,
6432,"Serta, disampaikan bantuan tempat sampah induk untuk Pasar Mangu Boyolali serta 1.000 bibit pohon untuk penghijauan.","Hari Listrik Nasional, Pertamina Tambah 80 Desa Energi Berdikari",https://www.antaranews.com/berita/5201833/hari-listrik-nasional-pertamina-tambah-80-desa-energi-berdikari,antaranews.com,2025-10-27,low,16,startup Aceh,Aulia,,2.0,needs_review,neutral,1,0,auto,
6434,"Kegiatan ini dihadiri oleh Corporate Secretary PT Pertamina (Persero) Arya Dwi Paramita, VP CSR & SMEPP Management PT Pertamina (Persero) Rudi Ariffianto, dan Bupati Boyolali Agus Irawan. Selain itu, Pemkab Boyolali, Camat Ngemplak, Kepala Desa Sobokerto dan Ngesrep, serta Kelompok Tani Ngudi Makmur Sobokerto.","Hari Listrik Nasional, Pertamina Tambah 80 Desa Energi Berdikari",https://www.antaranews.com/berita/5201833/hari-listrik-nasional-pertamina-tambah-80-desa-energi-berdikari,antaranews.com,2025-10-27,low,44,startup Aceh,Aulia,,0.0,needs_review,neutral,0,0,auto,
6440,"Pertumbuhan tersebut, lanjut Meutya, didorong oleh adopsi teknologi kecerdasan buatan (AI) di berbagai sektor, mulai dari keuangan, logistik, kesehatan, hingga industri kreatif, serta kolaborasi dengan perusahaan global seperti Microsoft, Google, dan Amazon.",Menkomdigi tekankan teknologi Indonesia tumbuh bermakna dan inklusif,https://www.antaranews.com/berita/5191973/menkomdigi-tekankan-teknologi-indonesia-tumbuh-bermakna-dan-inklusif,antaranews.com,2025-10-22,low,32,startup Aceh,Aulia,,4.0,needs_review,positive,3,0,auto,
6443,"Hingga saat ini, Kemkomdigi telah meluncurkan dua hub pertama di Bandung dan Jakarta, dan akan segera membuka dua hub berikutnya di Aceh dan Medan sebelum akhir tahun 2025.",Menkomdigi tekankan teknologi Indonesia tumbuh bermakna dan inklusif,https://www.antaranews.com/berita/5191973/menkomdigi-tekankan-teknologi-indonesia-tumbuh-bermakna-dan-inklusif,antaranews.com,2025-10-22,high,28,startup Aceh,Aulia,,2.0,needs_review,neutral,0,0,auto,
6446,"Hal ini mencerminkan keyakinan kami bahwa ketika informasi saling terhubung, maka manusia juga terhubung dan ketika manusia terhubung, inovasi akan tumbuh, ujar Meutya.",Menkomdigi tekankan teknologi Indonesia tumbuh bermakna dan inklusif,https://www.antaranews.com/berita/5191973/menkomdigi-tekankan-teknologi-indonesia-tumbuh-bermakna-dan-inklusif,antaranews.com,2025-10-22,low,23,startup Aceh,Aulia,,2.0,needs_review,positive,2,0,auto,
6497,"Banda Aceh (ANTARA) - Wakil Menteri Komunikasi dan Digital (Wamen Komdigi) RI Nezar Patria menyatakan bahwa program Banda Aceh Academy menjadi kebutuhan generasi muda sebagai wadah mereka untuk mengembangkan ekosistem bisnis digital.""Kita cukup gembira dengan inisiatif ini (Banda Aceh Academy), karena tempat seperti ini menjadi kebutuhan dari generasi muda kita saat ini,"" kata Nezar Patria, di Banda Aceh, Kamis.",Wamen Komdigi: Banda Aceh Academy jadi kebutuhan generasi muda,https://www.antaranews.com/berita/5088377/wamen-komdigi-banda-aceh-academy-jadi-kebutuhan-generasi-muda,antaranews.com,2025-09-04,high,59,startup Aceh,Aulia,,2.0,needs_review,neutral,0,0,auto,
6498,Pernyataan itu disampaikan Nezar Patria saat meninjau renovasi gedung Banda Aceh Academy. Kunjungan ini juga sebagai tindak lanjut dari rencana kerjasama Komdigi dengan Pemerintah Kota Banda Aceh.,Wamen Komdigi: Banda Aceh Academy jadi kebutuhan generasi muda,https://www.antaranews.com/berita/5088377/wamen-komdigi-banda-aceh-academy-jadi-kebutuhan-generasi-muda,antaranews.com,2025-09-04,high,27,startup Aceh,Aulia,,2.0,needs_review,neutral,0,0,auto,
6499,Terkait konsep dari program Banda Aceh Academy atau tempatcreative hubtersebut sebelumnya juga sudah dipresentasikan oleh Wali Kota Banda Aceh Illiza Sa'aduddin Djamal di Kementerian Komdigi.,Wamen Komdigi: Banda Aceh Academy jadi kebutuhan generasi muda,https://www.antaranews.com/berita/5088377/wamen-komdigi-banda-aceh-academy-jadi-kebutuhan-generasi-muda,antaranews.com,2025-09-04,high,25,startup Aceh,Aulia,,2.0,needs_review,neutral,0,0,auto,
6502,"""Kita harapkan ini menjadi langkah baik untuk bisa menguatkan ekosistem bisnis digital di Banda Aceh,"" ujarnya.",Wamen Komdigi: Banda Aceh Academy jadi kebutuhan generasi muda,https://www.antaranews.com/berita/5088377/wamen-komdigi-banda-aceh-academy-jadi-kebutuhan-generasi-muda,antaranews.com,2025-09-04,high,16,startup Aceh,Aulia,,2.0,needs_review,neutral,0,1,auto,
6504,"""Nanti kita coba sambungkan dengan ekosistem yang sudah terbentuk di sejumlah kota, dan juga kita akan membuka pintu kerjasama dengan kementerian lain yang terkait untuk penguatannya,"" kata Nezar Patria.",Wamen Komdigi: Banda Aceh Academy jadi kebutuhan generasi muda,https://www.antaranews.com/berita/5088377/wamen-komdigi-banda-aceh-academy-jadi-kebutuhan-generasi-muda,antaranews.com,2025-09-04,medium,29,startup Aceh,Aulia,,2.0,needs_review,neutral,0,0,auto,
6506,"Sementara itu, Wali Kota Banda Aceh, Illiza Sa'aduddin Djamal mengucapkan terima kasih atas bantuan dan dukungan serta sambutan baik Kementerian Komdigi terhadap program Banda Aceh Academy tersebut.",Wamen Komdigi: Banda Aceh Academy jadi kebutuhan generasi muda,https://www.antaranews.com/berita/5088377/wamen-komdigi-banda-aceh-academy-jadi-kebutuhan-generasi-muda,antaranews.com,2025-09-04,high,27,startup Aceh,Aulia,,1.0,needs_review,positive,2,0,auto,
6507,"Dukungan ini, kata Illiza, sangat dibutuhkan karena program Banda Aceh Academy itu salah satunya untuk melahirkan 100 Startup dalam lima tahun, dan upaya tersebut juga selaras dengan program nasional melahirkan 1.000startup.",Wamen Komdigi: Banda Aceh Academy jadi kebutuhan generasi muda,https://www.antaranews.com/berita/5088377/wamen-komdigi-banda-aceh-academy-jadi-kebutuhan-generasi-muda,antaranews.com,2025-09-04,high,31,startup Aceh,Aulia,,0.0,needs_review,neutral,1,0,auto,
6509,Jakarta (ANTARA) - Gubernur DKI Jakarta Pramono Anung Wibowo membantah isu terkait pihaknya yang mematikan kamera pengawas atau CCTV secara sengaja pada saat unjuk rasa di Jakarta pada Kamis (27/8).,Pramono bantah CCTV sengaja dimatikan saat unjuk rasa di Jakarta,https://www.antaranews.com/berita/5718263/pramono-bantah-cctv-sengaja-dimatikan-saat-unjuk-rasa-di-jakarta?utm_source=antaranews&utm_medium=desktop&utm_campaign=popular_right,antaranews.com,2026-08-31,low,30,startup Aceh,Aulia,,0.0,needs_review,neutral,0,0,auto,
6510,"Tidak benar bahwa ada upaya untuk mematikan CCTV dan sebagainya karena semuanya termonitor dan kami mempunyai data untuk itu, kata Pramono saat ditemui di kawasan Jakarta Selatan, Senin.",Pramono bantah CCTV sengaja dimatikan saat unjuk rasa di Jakarta,https://www.antaranews.com/berita/5718263/pramono-bantah-cctv-sengaja-dimatikan-saat-unjuk-rasa-di-jakarta?utm_source=antaranews&utm_medium=desktop&utm_campaign=popular_right,antaranews.com,2026-08-31,low,28,startup Aceh,Aulia,,0.0,needs_review,neutral,0,0,auto,
6511,"Namun demikian, Pramono membenarkan bahwa terdapat CCTV yang rusak akibat ulah oknum tak bertanggung jawab.",Pramono bantah CCTV sengaja dimatikan saat unjuk rasa di Jakarta,https://www.antaranews.com/berita/5718263/pramono-bantah-cctv-sengaja-dimatikan-saat-unjuk-rasa-di-jakarta?utm_source=antaranews&utm_medium=desktop&utm_campaign=popular_right,antaranews.com,2026-08-31,low,15,startup Aceh,Aulia,,0.0,needs_review,neutral,0,0,auto,
6512,"Pramono pun meminta kepada jajarannya agar mendalami kasus tersebut dan mencari pelaku perusakan CCTV, salah satunya di Pejompongan.",Pramono bantah CCTV sengaja dimatikan saat unjuk rasa di Jakarta,https://www.antaranews.com/berita/5718263/pramono-bantah-cctv-sengaja-dimatikan-saat-unjuk-rasa-di-jakarta?utm_source=antaranews&utm_medium=desktop&utm_campaign=popular_right,antaranews.com,2026-08-31,low,18,startup Aceh,Aulia,,0.0,needs_review,neutral,0,0,auto,
6513,"Tentunya kami sekarang sedang mendalami itu, termasuk yang di Pejompongan. Tetapi saya harus menyampaikan secara keseluruhan sebenarnya pelaksanaan ketika terjadi demo kemarin hampir semua fasilitas publik kita itu berjalan dengan baik, ungkap Pramono.",Pramono bantah CCTV sengaja dimatikan saat unjuk rasa di Jakarta,https://www.antaranews.com/berita/5718263/pramono-bantah-cctv-sengaja-dimatikan-saat-unjuk-rasa-di-jakarta?utm_source=antaranews&utm_medium=desktop&utm_campaign=popular_right,antaranews.com,2026-08-31,low,33,startup Aceh,Aulia,,2.0,needs_review,neutral,0,0,auto,
6514,"Sebelumnya, Pramono juga telah meminta Kepala Dinas Komunikasi, Informatika, dan Statistik (Diskominfotik) DKI Jakarta Marulina Dewi untuk mencari pelaku perusakan CCTV saat aksi penyampaian pendapat pada Kamis (27/8).",Pramono bantah CCTV sengaja dimatikan saat unjuk rasa di Jakarta,https://www.antaranews.com/berita/5718263/pramono-bantah-cctv-sengaja-dimatikan-saat-unjuk-rasa-di-jakarta?utm_source=antaranews&utm_medium=desktop&utm_campaign=popular_right,antaranews.com,2026-08-31,low,28,startup Aceh,Aulia,,1.0,needs_review,neutral,0,0,auto,
6515,"Apabila pelaku telah ditemukan, Pramono meminta agar pelaku dapat ditindaklanjuti oleh aparat penegak hukum.",Pramono bantah CCTV sengaja dimatikan saat unjuk rasa di Jakarta,https://www.antaranews.com/berita/5718263/pramono-bantah-cctv-sengaja-dimatikan-saat-unjuk-rasa-di-jakarta?utm_source=antaranews&utm_medium=desktop&utm_campaign=popular_right,antaranews.com,2026-08-31,low,14,startup Aceh,Aulia,,2.0,needs_review,neutral,0,0,auto,
6516,"Sebab, ia mengatakan perusakan fasilitas sama sekali tidak dibenarkan untuk dilakukan.",Pramono bantah CCTV sengaja dimatikan saat unjuk rasa di Jakarta,https://www.antaranews.com/berita/5718263/pramono-bantah-cctv-sengaja-dimatikan-saat-unjuk-rasa-di-jakarta?utm_source=antaranews&utm_medium=desktop&utm_campaign=popular_right,antaranews.com,2026-08-31,low,11,startup Aceh,Aulia,,2.0,needs_review,neutral,0,0,auto,
6517,"Seperti yang saya sampaikan berulang kali, sebagai negara demokrasi, demo itu diperkenankan, diizinkan selama mengikuti prosedur dan sebagainya. Tetapi kalau kemudian melakukan pengrusakan, anarkis, dan sebagainya, tentunya tidak ada masyarakat yang kemudian memberikansupportuntuk itu, ujar Pramono.",Pramono bantah CCTV sengaja dimatikan saat unjuk rasa di Jakarta,https://www.antaranews.com/berita/5718263/pramono-bantah-cctv-sengaja-dimatikan-saat-unjuk-rasa-di-jakarta?utm_source=antaranews&utm_medium=desktop&utm_campaign=popular_right,antaranews.com,2026-08-31,low,36,startup Aceh,Aulia,,0.0,needs_review,neutral,0,0,auto,
6532,"Jakarta (ANTARA) - Tim gabungan mengevakuasi Warga Negara Asing (WNA) asal Aljazair yang berendam di Danau Sunter, Kecamatan Tanjung Priok, Jakarta Utara, pada Minggu (30/8) malam setelah negosiasi panjang.",WNA Aljazair yang berendam di Danau Sunter dievakuasi tim gabungan,https://www.antaranews.com/berita/5718043/wna-aljazair-yang-berendam-di-danau-sunter-dievakuasi-tim-gabungan?utm_source=antaranews&utm_medium=desktop&utm_campaign=popular_right,antaranews.com,2026-08-31,low,29,startup Aceh,Aulia,,2.0,needs_review,neutral,0,0,auto,
6533,"Kami berhasil mengevakuasi warga asing tersebut pada Minggu malam pukul 21.41 WIB setelah dilakukan dialog dan negosiasi panjang, kata Kasiops Suku Dinas Gulkarmat Jakarta Utara dan Kepulauan Seribu Gatot Sulaeman di Jakarta, Senin.",WNA Aljazair yang berendam di Danau Sunter dievakuasi tim gabungan,https://www.antaranews.com/berita/5718043/wna-aljazair-yang-berendam-di-danau-sunter-dievakuasi-tim-gabungan?utm_source=antaranews&utm_medium=desktop&utm_campaign=popular_right,antaranews.com,2026-08-31,low,33,startup Aceh,Aulia,,2.0,needs_review,neutral,1,0,auto,
6534,Ia mengatakan pria asal Aljazair tersebut berhasil dievakuasi dalam keadaan aman dan telah dibawa oleh petugas Imigrasi.,WNA Aljazair yang berendam di Danau Sunter dievakuasi tim gabungan,https://www.antaranews.com/berita/5718043/wna-aljazair-yang-berendam-di-danau-sunter-dievakuasi-tim-gabungan?utm_source=antaranews&utm_medium=desktop&utm_campaign=popular_right,antaranews.com,2026-08-31,low,17,startup Aceh,Aulia,,2.0,needs_review,neutral,1,0,auto,
6535,"WNA ini berinisial BZ dan berusia 30 tahun, kata Gatot.",WNA Aljazair yang berendam di Danau Sunter dievakuasi tim gabungan,https://www.antaranews.com/berita/5718043/wna-aljazair-yang-berendam-di-danau-sunter-dievakuasi-tim-gabungan?utm_source=antaranews&utm_medium=desktop&utm_campaign=popular_right,antaranews.com,2026-08-31,low,10,startup Aceh,Aulia,,0.0,needs_review,neutral,0,0,auto,
6536,Ia mengatakan evakuasi ini dilakukan setelah adanya laporan masyarakat pada Minggu (30/8) malam pukul 18.00 WIB terkait seorang warga asing yang tengah berendam di Danau Sunter.,WNA Aljazair yang berendam di Danau Sunter dievakuasi tim gabungan,https://www.antaranews.com/berita/5718043/wna-aljazair-yang-berendam-di-danau-sunter-dievakuasi-tim-gabungan?utm_source=antaranews&utm_medium=desktop&utm_campaign=popular_right,antaranews.com,2026-08-31,low,26,startup Aceh,Aulia,,2.0,needs_review,neutral,0,0,auto,
6537,Warga akhirnya meminta bantuan agar warga asing itu dievakuasi karena aksinya dinilai berbahaya dan dapat mengancam keselamatannya.,WNA Aljazair yang berendam di Danau Sunter dievakuasi tim gabungan,https://www.antaranews.com/berita/5718043/wna-aljazair-yang-berendam-di-danau-sunter-dievakuasi-tim-gabungan?utm_source=antaranews&utm_medium=desktop&utm_campaign=popular_right,antaranews.com,2026-08-31,low,17,startup Aceh,Aulia,,0.0,needs_review,neutral,1,0,auto,
6538,Warga asing itu diketahui sedang melaksanakan ritual kepercayaannya dengan cara berendam di dalam air yang di mulai pada siang hari.,WNA Aljazair yang berendam di Danau Sunter dievakuasi tim gabungan,https://www.antaranews.com/berita/5718043/wna-aljazair-yang-berendam-di-danau-sunter-dievakuasi-tim-gabungan?utm_source=antaranews&utm_medium=desktop&utm_campaign=popular_right,antaranews.com,2026-08-31,low,20,startup Aceh,Aulia,,0.0,needs_review,neutral,0,0,auto,
6539,"BZ awalnya sudah dibawa oleh Dinas Sosial. Namun, WNA tersebut melakukan kembali aksinya pada sore hari sampai pukul 21:41 WIB.",WNA Aljazair yang berendam di Danau Sunter dievakuasi tim gabungan,https://www.antaranews.com/berita/5718043/wna-aljazair-yang-berendam-di-danau-sunter-dievakuasi-tim-gabungan?utm_source=antaranews&utm_medium=desktop&utm_campaign=popular_right,antaranews.com,2026-08-31,low,20,startup Aceh,Aulia,,1.0,needs_review,neutral,0,0,auto,
6540,"Petugas Damkar berhasil mengevakuasi WNA tersebut dalam keadaan aman, kata dia.",WNA Aljazair yang berendam di Danau Sunter dievakuasi tim gabungan,https://www.antaranews.com/berita/5718043/wna-aljazair-yang-berendam-di-danau-sunter-dievakuasi-tim-gabungan?utm_source=antaranews&utm_medium=desktop&utm_campaign=popular_right,antaranews.com,2026-08-31,low,11,startup Aceh,Aulia,,2.0,needs_review,neutral,1,0,auto,
6541,"Pihaknya mengerahkan enam personel dibantu Bhabinkamtibmas, Babinsa dan Petugas Imigrasi untuk mengevakuasi orang tersebut.",WNA Aljazair yang berendam di Danau Sunter dievakuasi tim gabungan,https://www.antaranews.com/berita/5718043/wna-aljazair-yang-berendam-di-danau-sunter-dievakuasi-tim-gabungan?utm_source=antaranews&utm_medium=desktop&utm_campaign=popular_right,antaranews.com,2026-08-31,low,14,startup Aceh,Aulia,,0.0,needs_review,neutral,0,0,auto,
6542,"Setelah melakukan aksi persuasif dari pukul 18.24 WIB, korban ini berhasil dievakuasi pukul 21.41 WIB, kata dia.",WNA Aljazair yang berendam di Danau Sunter dievakuasi tim gabungan,https://www.antaranews.com/berita/5718043/wna-aljazair-yang-berendam-di-danau-sunter-dievakuasi-tim-gabungan?utm_source=antaranews&utm_medium=desktop&utm_campaign=popular_right,antaranews.com,2026-08-31,low,17,startup Aceh,Aulia,,2.0,needs_review,neutral,1,0,auto,
6543,Jakarta (ANTARA) - Pemerintah Kota Jakarta Selatan menjaring puluhan Pemerlu Pelayanan Kesejahteraan Sosial (PPKS) yang menunggu sosok pengemudi dikenal dengan Haji Gocap di kawasan Kebayoran Baru pada malam hari.,"Pemkot jaring puluhan PPKS yang tunggu ""Haji Gocap"" di Kebayoran Baru",https://www.antaranews.com/berita/5718291/pemkot-jaring-puluhan-ppks-yang-tunggu-haji-gocap-di-kebayoran-baru?utm_source=antaranews&utm_medium=desktop&utm_campaign=popular_right,antaranews.com,2026-08-31,low,29,startup Aceh,Aulia,,2.0,needs_review,neutral,0,0,auto,
6544,"""Hasil penjangkauan total 25 PPKS dari wilayah Kebayoran Baru,"" kata Kepala Suku Dinas Sosial Jakarta Selatan Bernad Tambunan di Jakarta, Senin.","Pemkot jaring puluhan PPKS yang tunggu ""Haji Gocap"" di Kebayoran Baru",https://www.antaranews.com/berita/5718291/pemkot-jaring-puluhan-ppks-yang-tunggu-haji-gocap-di-kebayoran-baru?utm_source=antaranews&utm_medium=desktop&utm_campaign=popular_right,antaranews.com,2026-08-31,low,21,startup Aceh,Aulia,,1.0,needs_review,neutral,0,0,auto,
6545,Sebanyak 75 petugas gabungan diterjunkan untuk melakukan penjangkauan dan difokuskan pada sejumlah lokasi yang menjadi tempat berkumpulnya PPKS untuk menunggu pemberian uang dari Haji Gocap,"Pemkot jaring puluhan PPKS yang tunggu ""Haji Gocap"" di Kebayoran Baru",https://www.antaranews.com/berita/5718291/pemkot-jaring-puluhan-ppks-yang-tunggu-haji-gocap-di-kebayoran-baru?utm_source=antaranews&utm_medium=desktop&utm_campaign=popular_right,antaranews.com,2026-08-31,low,25,startup Aceh,Aulia,,1.0,needs_review,neutral,0,0,auto,
6546,"Bernad mengatakan 25 PPKS tersebut dijangkau dari sejumlah titik di kawasan Jalan Fatmawati, Kebayoran Baru.","Pemkot jaring puluhan PPKS yang tunggu ""Haji Gocap"" di Kebayoran Baru",https://www.antaranews.com/berita/5718291/pemkot-jaring-puluhan-ppks-yang-tunggu-haji-gocap-di-kebayoran-baru?utm_source=antaranews&utm_medium=desktop&utm_campaign=popular_right,antaranews.com,2026-08-31,low,15,startup Aceh,Aulia,,0.0,needs_review,neutral,0,0,auto,
6547,"Kemudian, para PPKS yang terjaring langsung dimasukkan ke mobil Dinas Sosial untuk menghindari hal-hal yang tidak diinginkan.","Pemkot jaring puluhan PPKS yang tunggu ""Haji Gocap"" di Kebayoran Baru",https://www.antaranews.com/berita/5718291/pemkot-jaring-puluhan-ppks-yang-tunggu-haji-gocap-di-kebayoran-baru?utm_source=antaranews&utm_medium=desktop&utm_campaign=popular_right,antaranews.com,2026-08-31,low,17,startup Aceh,Aulia,,1.0,needs_review,neutral,0,0,auto,
6548,"Dari 25 PPKS tersebut, sebanyak 17 orang di antaranya merupakan pria dewasa dan delapan lainnya perempuan.","Pemkot jaring puluhan PPKS yang tunggu ""Haji Gocap"" di Kebayoran Baru",https://www.antaranews.com/berita/5718291/pemkot-jaring-puluhan-ppks-yang-tunggu-haji-gocap-di-kebayoran-baru?utm_source=antaranews&utm_medium=desktop&utm_campaign=popular_right,antaranews.com,2026-08-31,low,16,startup Aceh,Aulia,,0.0,needs_review,neutral,0,0,auto,
6549,"Berdasarkan hasil pendataan dan pemeriksaan, mereka diketahui merupakan peminta-minta yang sengaja menunggu pemberian uang pecahan Rp50 ribu dari Haji Gocap.","Pemkot jaring puluhan PPKS yang tunggu ""Haji Gocap"" di Kebayoran Baru",https://www.antaranews.com/berita/5718291/pemkot-jaring-puluhan-ppks-yang-tunggu-haji-gocap-di-kebayoran-baru?utm_source=antaranews&utm_medium=desktop&utm_campaign=popular_right,antaranews.com,2026-08-31,low,20,startup Aceh,Aulia,,1.0,needs_review,neutral,0,0,auto,
6550,"Setelah didata, seluruh PPKS dikirim ke Panti Sosial Bina Insan Bangun Daya di Kembangan, Jakarta Barat, untuk mendapatkan pelayanan dan penanganan lebih lanjut.","Pemkot jaring puluhan PPKS yang tunggu ""Haji Gocap"" di Kebayoran Baru",https://www.antaranews.com/berita/5718291/pemkot-jaring-puluhan-ppks-yang-tunggu-haji-gocap-di-kebayoran-baru?utm_source=antaranews&utm_medium=desktop&utm_campaign=popular_right,antaranews.com,2026-08-31,low,23,startup Aceh,Aulia,,2.0,needs_review,neutral,0,0,auto,
6551,"""Operasi tadi malam menindaklanjuti fenomena 'Haji Gocap' sehingga memicu PPKS sering muncul malam hari,"" kata dia.","Pemkot jaring puluhan PPKS yang tunggu ""Haji Gocap"" di Kebayoran Baru",https://www.antaranews.com/berita/5718291/pemkot-jaring-puluhan-ppks-yang-tunggu-haji-gocap-di-kebayoran-baru?utm_source=antaranews&utm_medium=desktop&utm_campaign=popular_right,antaranews.com,2026-08-31,low,16,startup Aceh,Aulia,,0.0,needs_review,neutral,0,0,auto,
6552,"Sementara itu, Kepala Seksi Perlindungan, Jaminan, dan Rehabilitasi Sosial Sudin Sosial Jakarta Selatan Yan Vetansyah mengatakan penjangkauan tersebut melibatkan 75 personel gabungan.","Pemkot jaring puluhan PPKS yang tunggu ""Haji Gocap"" di Kebayoran Baru",https://www.antaranews.com/berita/5718291/pemkot-jaring-puluhan-ppks-yang-tunggu-haji-gocap-di-kebayoran-baru?utm_source=antaranews&utm_medium=desktop&utm_campaign=popular_right,antaranews.com,2026-08-31,low,22,startup Aceh,Aulia,,0.0,needs_review,neutral,0,0,auto,
6553,"""Personel yang diterjunkan terdiri atas petugas Sudin Sosial, Satpol PP, serta TNI-Polri. Mereka menyisir sejumlah titik yang diduga menjadi lokasi berkumpulnya PPKS,"" kata Yan.","Pemkot jaring puluhan PPKS yang tunggu ""Haji Gocap"" di Kebayoran Baru",https://www.antaranews.com/berita/5718291/pemkot-jaring-puluhan-ppks-yang-tunggu-haji-gocap-di-kebayoran-baru?utm_source=antaranews&utm_medium=desktop&utm_campaign=popular_right,antaranews.com,2026-08-31,low,24,startup Aceh,Aulia,,0.0,needs_review,neutral,0,0,auto,
6554,"Penyisiran dimulai dari kawasan ITC Fatmawati, Jalan Fatmawati Blok A, hingga Jalan Darmawangsa di sekitar Gedung Tribrata.","Pemkot jaring puluhan PPKS yang tunggu ""Haji Gocap"" di Kebayoran Baru",https://www.antaranews.com/berita/5718291/pemkot-jaring-puluhan-ppks-yang-tunggu-haji-gocap-di-kebayoran-baru?utm_source=antaranews&utm_medium=desktop&utm_campaign=popular_right,antaranews.com,2026-08-31,low,17,startup Aceh,Aulia,,2.0,needs_review,neutral,0,0,auto,
6555,Petugas menemukan sejumlah PPKS masih berada di lokasi sekitar pukul 00.30 WIB. Mereka diduga tengah menunggu Haji Gocap melintas.,"Pemkot jaring puluhan PPKS yang tunggu ""Haji Gocap"" di Kebayoran Baru",https://www.antaranews.com/berita/5718291/pemkot-jaring-puluhan-ppks-yang-tunggu-haji-gocap-di-kebayoran-baru?utm_source=antaranews&utm_medium=desktop&utm_campaign=popular_right,antaranews.com,2026-08-31,low,19,startup Aceh,Aulia,,0.0,needs_review,neutral,0,0,auto,
6556,"Berdasarkan keterangan yang diperoleh petugas, PPKS yang terjaring belum mendapatkan uang karena belum bertemu dengan Haji Gocap.","Pemkot jaring puluhan PPKS yang tunggu ""Haji Gocap"" di Kebayoran Baru",https://www.antaranews.com/berita/5718291/pemkot-jaring-puluhan-ppks-yang-tunggu-haji-gocap-di-kebayoran-baru?utm_source=antaranews&utm_medium=desktop&utm_campaign=popular_right,antaranews.com,2026-08-31,low,17,startup Aceh,Aulia,,1.0,needs_review,neutral,0,0,auto,
6557,"Sementara itu, sebagian PPKS lainnya disebut telah membubarkan diri setelah Haji Gocap melintas.","Pemkot jaring puluhan PPKS yang tunggu ""Haji Gocap"" di Kebayoran Baru",https://www.antaranews.com/berita/5718291/pemkot-jaring-puluhan-ppks-yang-tunggu-haji-gocap-di-kebayoran-baru?utm_source=antaranews&utm_medium=desktop&utm_campaign=popular_right,antaranews.com,2026-08-31,low,13,startup Aceh,Aulia,,0.0,needs_review,neutral,0,0,auto,
6558,"Jakarta (ANTARA) - Gubernur DKI Jakarta Pramono Anung Wibowo mengatakan tarif Transjabodetabek rute Blok M-Bandara Soekarno Hatta sebesar Rp15.000 mulai berlaku pada Selasa, 1 September 2026.",Tarif Transjabodetabek Blok M-Soetta Rp15.000 berlaku mulai besok,https://www.antaranews.com/berita/5718375/tarif-transjabodetabek-blok-m-soetta-rp15000-berlaku-mulai-besok?utm_source=antaranews&utm_medium=desktop&utm_campaign=popular_right,antaranews.com,2026-08-31,low,26,startup Aceh,Aulia,,0.0,needs_review,neutral,0,0,auto,
6559,"""Karena ini sudah diumumkan dan diputuskan, besok akan diberlakukan untuk tarif dari Blok M ke Soekarno-Hatta yaitu Rp15.000 berlaku, kata Pramono saatel memberikan keterangan di kawasan Jakarta Selatan, Senin.",Tarif Transjabodetabek Blok M-Soetta Rp15.000 berlaku mulai besok,https://www.antaranews.com/berita/5718375/tarif-transjabodetabek-blok-m-soetta-rp15000-berlaku-mulai-besok?utm_source=antaranews&utm_medium=desktop&utm_campaign=popular_right,antaranews.com,2026-08-31,low,29,startup Aceh,Aulia,,0.0,needs_review,neutral,0,0,auto,
6560,"Sebelumnya, Kepala Dinas Perhubungan (Dishub) DKI Jakarta Budi Awaluddin mengatakan tarif sebesar Rp15.000 untuk setiap perjalanan tersebut ditetapkan pada 31 Juli 2026 dan berlaku pada 1 September 2026.",Tarif Transjabodetabek Blok M-Soetta Rp15.000 berlaku mulai besok,https://www.antaranews.com/berita/5718375/tarif-transjabodetabek-blok-m-soetta-rp15000-berlaku-mulai-besok?utm_source=antaranews&utm_medium=desktop&utm_campaign=popular_right,antaranews.com,2026-08-31,low,28,startup Aceh,Aulia,,1.0,needs_review,neutral,0,0,auto,
6561,Budi mengatakan ketetapan ini tertuang dalam Keputusan Gubernur (Kepgub) Nomor 685 Tahun 2026 tentang Tarif Layanan Angkutan Umum Transbandara Rute Blok M-Bandara Soekarno Hatta.,Tarif Transjabodetabek Blok M-Soetta Rp15.000 berlaku mulai besok,https://www.antaranews.com/berita/5718375/tarif-transjabodetabek-blok-m-soetta-rp15000-berlaku-mulai-besok?utm_source=antaranews&utm_medium=desktop&utm_campaign=popular_right,antaranews.com,2026-08-31,low,24,startup Aceh,Aulia,,2.0,needs_review,neutral,0,0,auto,
6562,"Dalam satu bulan ini kami kembali mensosialisasikan, mempublikasikan kepada masyarakat terkait ketetapan tarif ini, kata Budi.",Tarif Transjabodetabek Blok M-Soetta Rp15.000 berlaku mulai besok,https://www.antaranews.com/berita/5718375/tarif-transjabodetabek-blok-m-soetta-rp15000-berlaku-mulai-besok?utm_source=antaranews&utm_medium=desktop&utm_campaign=popular_right,antaranews.com,2026-08-31,low,16,startup Aceh,Aulia,,0.0,needs_review,neutral,0,0,auto,
6563,"Mengenai metode pembayaran, layanan angkutan umum ini menggunakan uang elektronik nontunai dengan prosedur sesuai ketentuan perundang-undangan.",Tarif Transjabodetabek Blok M-Soetta Rp15.000 berlaku mulai besok,https://www.antaranews.com/berita/5718375/tarif-transjabodetabek-blok-m-soetta-rp15000-berlaku-mulai-besok?utm_source=antaranews&utm_medium=desktop&utm_campaign=popular_right,antaranews.com,2026-08-31,low,16,startup Aceh,Aulia,,2.0,needs_review,neutral,0,0,auto,
6564,"Sementara itu, untuk rute dari Bandara Soetta lainnya yakni Kalideres--Bandara Soetta masih dikenakan tarif lama, yakni Rp2.000 pada pukul 05.00-07.00 WIB dan Rp3.500 di atas pukul 07.00 WIB.",Tarif Transjabodetabek Blok M-Soetta Rp15.000 berlaku mulai besok,https://www.antaranews.com/berita/5718375/tarif-transjabodetabek-blok-m-soetta-rp15000-berlaku-mulai-besok?utm_source=antaranews&utm_medium=desktop&utm_campaign=popular_right,antaranews.com,2026-08-31,low,28,startup Aceh,Aulia,,0.0,needs_review,neutral,0,0,auto,
6587,"Kabid Humas Polda Metro Jaya Kombes Pol Budi Hermanto menegaskan penangkapan tersebut tidak berkaitan dengan unggahan isu penyerangan terhadap ormas GRIB, melainkan fokus pada penyebaran materi berbahaya dan provokasi kekerasan.","Sebar cara buat molotov, Polisi tangkap pemilik akun ""pemukiman setan""",https://www.antaranews.com/berita/5718595/sebar-cara-buat-molotov-polisi-tangkap-pemilik-akun-pemukiman-setan?utm_source=antaranews&utm_medium=desktop&utm_campaign=popular_right,antaranews.com,2026-08-31,low,30,startup Aceh,Aulia,,0.0,needs_review,neutral,0,0,auto,
6588,"""Penangkapan bukan berkaitan dengan unggahan penyerangan terhadap GRIB, melainkan dugaan penyebaran konten yang memuat daftar bahan serta petunjuk pembuatan bom molotov dan alat pembakar, disertai tulisan provokatif yang mengarah pada ajakan melakukan tindakan kekerasan terhadap aparat maupun objek tertentu,"" kata Budi di Jakarta, Senin.","Sebar cara buat molotov, Polisi tangkap pemilik akun ""pemukiman setan""",https://www.antaranews.com/berita/5718595/sebar-cara-buat-molotov-polisi-tangkap-pemilik-akun-pemukiman-setan?utm_source=antaranews&utm_medium=desktop&utm_campaign=popular_right,antaranews.com,2026-08-31,low,44,startup Aceh,Aulia,,0.0,needs_review,neutral,0,0,auto,
6589,"Budi merinci penangkapan terhadap AFA dilakukan di wilayah Cibodas, Kota Tangerang, pada Minggu (30/8) malam sekitar pukul 23.30 WIB.","Sebar cara buat molotov, Polisi tangkap pemilik akun ""pemukiman setan""",https://www.antaranews.com/berita/5718595/sebar-cara-buat-molotov-polisi-tangkap-pemilik-akun-pemukiman-setan?utm_source=antaranews&utm_medium=desktop&utm_campaign=popular_right,antaranews.com,2026-08-31,low,19,startup Aceh,Aulia,,0.0,needs_review,neutral,0,0,auto,
6590,"Saat ini, AFA resmi ditetapkan sebagai tersangka dan masih menjalani pemeriksaan serta penyidikan lebih lanjut oleh penyidik Ditressiber Polda Metro Jaya.","Sebar cara buat molotov, Polisi tangkap pemilik akun ""pemukiman setan""",https://www.antaranews.com/berita/5718595/sebar-cara-buat-molotov-polisi-tangkap-pemilik-akun-pemukiman-setan?utm_source=antaranews&utm_medium=desktop&utm_campaign=popular_right,antaranews.com,2026-08-31,low,21,startup Aceh,Aulia,,1.0,needs_review,neutral,0,0,auto,
6591,Akun tersebut menuliskan penjemputan tersebut diduga berkaitan dengan dugaan pelanggaran UU ITE atas tuduhan menyerang GRIB Jaya.,"Sebar cara buat molotov, Polisi tangkap pemilik akun ""pemukiman setan""",https://www.antaranews.com/berita/5718595/sebar-cara-buat-molotov-polisi-tangkap-pemilik-akun-pemukiman-setan?utm_source=antaranews&utm_medium=desktop&utm_campaign=popular_right,antaranews.com,2026-08-31,low,17,startup Aceh,Aulia,,2.0,needs_review,neutral,0,0,auto,
6592,"Dalam video yang beredar, terlihat P.S.sedang berkomunikasi melalui panggilan video dengan seseorang. Orang tersebut kemudian meminta untuk tidak membuka pintu dan tidak keluar rumah.","Sebar cara buat molotov, Polisi tangkap pemilik akun ""pemukiman setan""",https://www.antaranews.com/berita/5718595/sebar-cara-buat-molotov-polisi-tangkap-pemilik-akun-pemukiman-setan?utm_source=antaranews&utm_medium=desktop&utm_campaign=popular_right,antaranews.com,2026-08-31,low,24,startup Aceh,Aulia,,0.0,needs_review,neutral,0,0,auto,
6609,"Jakarta (ANTARA) - Perancang Ivan Gunawan terpilih sebagai desainer seragam kontingen Indonesia dalam defile upacara pembukaan Asian Para Games 2026 Aichi-Nagoya di Jepang, pada 18 Oktober.",Ivan Gunawan rancang seragam defile Indonesia pada Asian Para Games,https://www.antaranews.com/berita/5719627/ivan-gunawan-rancang-seragam-defile-indonesia-pada-asian-para-games?utm_source=antaranews&utm_medium=desktop&utm_campaign=popular_right,antaranews.com,2026-08-31,low,26,startup Aceh,Aulia,,1.0,needs_review,neutral,0,0,auto,
6610,Ketua Umum National Paralympic Committee of Indonesia Senny Marbun menjelaskan pemilihan Ivan melalui proses seleksi yang digagas Chef de Mission (CdM) kontingen Indonesia untuk Asian Para Games 2026 Reda Manthovani.,Ivan Gunawan rancang seragam defile Indonesia pada Asian Para Games,https://www.antaranews.com/berita/5719627/ivan-gunawan-rancang-seragam-defile-indonesia-pada-asian-para-games?utm_source=antaranews&utm_medium=desktop&utm_campaign=popular_right,antaranews.com,2026-08-31,low,30,startup Aceh,Aulia,,0.0,needs_review,neutral,0,0,auto,
6611,"""Ini merupakan gagasan dari CdM bahwa membuat seragam itu tidak bisa sembarangan, jadi mudah-mudahan Ivan Gunawan bisa menghadirkan desain yang sesuai keinginan bersama,"" kata Senny di Jakarta, Senin.",Ivan Gunawan rancang seragam defile Indonesia pada Asian Para Games,https://www.antaranews.com/berita/5719627/ivan-gunawan-rancang-seragam-defile-indonesia-pada-asian-para-games?utm_source=antaranews&utm_medium=desktop&utm_campaign=popular_right,antaranews.com,2026-08-31,low,28,startup Aceh,Aulia,,0.0,needs_review,neutral,0,0,auto,
6612,"Dia menilai Ivan memiliki pengalaman panjang dalam dunia fesyen sehingga bisa menghadirkan busana berkelas yang saat acara di Stadion Paloma Mizuho, Nagoya, Jepang.",Ivan Gunawan rancang seragam defile Indonesia pada Asian Para Games,https://www.antaranews.com/berita/5719627/ivan-gunawan-rancang-seragam-defile-indonesia-pada-asian-para-games?utm_source=antaranews&utm_medium=desktop&utm_campaign=popular_right,antaranews.com,2026-08-31,low,23,startup Aceh,Aulia,,1.0,needs_review,neutral,0,0,auto,
6613,"Senny menyatakan pengerjaan seragam defile sudah berjalan sejak pekan lalu. Ivan bersama timnya datang langsung ke Kota Solo, guna bertemu para atlet dan ofisial untuk pengukuran badan.",Ivan Gunawan rancang seragam defile Indonesia pada Asian Para Games,https://www.antaranews.com/berita/5719627/ivan-gunawan-rancang-seragam-defile-indonesia-pada-asian-para-games?utm_source=antaranews&utm_medium=desktop&utm_campaign=popular_right,antaranews.com,2026-08-31,low,27,startup Aceh,Aulia,,0.0,needs_review,neutral,0,0,auto,
6614,"""Saya berharap semuanya senang dan bangga mengenakan seragam yang akan dipakai di Nagoya nanti,"" ujar dia.",Ivan Gunawan rancang seragam defile Indonesia pada Asian Para Games,https://www.antaranews.com/berita/5719627/ivan-gunawan-rancang-seragam-defile-indonesia-pada-asian-para-games?utm_source=antaranews&utm_medium=desktop&utm_campaign=popular_right,antaranews.com,2026-08-31,low,16,startup Aceh,Aulia,,0.0,needs_review,neutral,0,0,auto,
6615,NPC Indonesia dan tim CdM kontingen Indonesia juga telah melakukan persiapan secara spesifik. Ada tim khusus yang telah berangkat ke Jepang untuk melakukan pengecekan dan koordinasi.,Ivan Gunawan rancang seragam defile Indonesia pada Asian Para Games,https://www.antaranews.com/berita/5719627/ivan-gunawan-rancang-seragam-defile-indonesia-pada-asian-para-games?utm_source=antaranews&utm_medium=desktop&utm_campaign=popular_right,antaranews.com,2026-08-31,low,26,startup Aceh,Aulia,,1.0,needs_review,neutral,0,0,auto,
6616,Sennymemastikan kontingen Indonesia akan berangkat ke Jepang dengan pesawat carter yang disediakan oleh Pemerintah Indonesia.,Ivan Gunawan rancang seragam defile Indonesia pada Asian Para Games,https://www.antaranews.com/berita/5719627/ivan-gunawan-rancang-seragam-defile-indonesia-pada-asian-para-games?utm_source=antaranews&utm_medium=desktop&utm_campaign=popular_right,antaranews.com,2026-08-31,low,15,startup Aceh,Aulia,,1.0,needs_review,neutral,0,0,auto,
6617,Dia menyanjung Presiden Prabowo Subianto dan Menpora Erick Thohir yang selalu memperhatikan kebutuhan atlet disabilitas.,Ivan Gunawan rancang seragam defile Indonesia pada Asian Para Games,https://www.antaranews.com/berita/5719627/ivan-gunawan-rancang-seragam-defile-indonesia-pada-asian-para-games?utm_source=antaranews&utm_medium=desktop&utm_campaign=popular_right,antaranews.com,2026-08-31,low,15,startup Aceh,Aulia,,0.0,needs_review,neutral,0,0,auto,
6618,Asian Para Games 2026 Aichi dan Nagoya diselenggarakan mulai 18 Oktober sampai dengan 24 Oktober serta diikuti 45 negara guna memperebutkan ratusan medali emas dari 18 cabang olahraga.,Ivan Gunawan rancang seragam defile Indonesia pada Asian Para Games,https://www.antaranews.com/berita/5719627/ivan-gunawan-rancang-seragam-defile-indonesia-pada-asian-para-games?utm_source=antaranews&utm_medium=desktop&utm_campaign=popular_right,antaranews.com,2026-08-31,low,28,startup Aceh,Aulia,,0.0,needs_review,neutral,0,0,auto,
6619,"Sydney (ANTARA) - Menunda usia pertama kali anak-anak menggunakan media sosial dapat membantu melindungi kesehatan mental remaja, demikian menurut penelitian baru dari Universitas New South Wales (UNSW) di Australia.",Tunda penggunaan medsos pada anak dapat lindungi kesehatan mental,https://www.antaranews.com/berita/5719617/tunda-penggunaan-medsos-pada-anak-dapat-lindungi-kesehatan-mental?utm_source=antaranews&utm_medium=desktop&utm_campaign=popular_right,antaranews.com,2026-08-31,low,29,startup Aceh,Aulia,,2.0,needs_review,neutral,0,0,auto,
6620,Studi tersebut menemukan bahwa mereka yang mulai menggunakan media sosial pada usia lebih muda melaporkan lebih banyak gejala kecemasan dan depresi.,Tunda penggunaan medsos pada anak dapat lindungi kesehatan mental,https://www.antaranews.com/berita/5719617/tunda-penggunaan-medsos-pada-anak-dapat-lindungi-kesehatan-mental?utm_source=antaranews&utm_medium=desktop&utm_campaign=popular_right,antaranews.com,2026-08-31,low,21,startup Aceh,Aulia,,0.0,needs_review,neutral,0,1,auto,
6621,"Menurut pernyataan UNSW yang dirilis Senin, sekadar memiliki akun media sosial menunjukkan hubungan yang lebih lemah dengan gejala-gejala tersebut.",Tunda penggunaan medsos pada anak dapat lindungi kesehatan mental,https://www.antaranews.com/berita/5719617/tunda-penggunaan-medsos-pada-anak-dapat-lindungi-kesehatan-mental?utm_source=antaranews&utm_medium=desktop&utm_campaign=popular_right,antaranews.com,2026-08-31,low,19,startup Aceh,Aulia,,0.0,needs_review,neutral,0,0,auto,
6622,"Studi itu, yang dilakukan di kalangan remaja Australia berusia 10 hingga 15 tahun dan salah satu orang tua mereka dalam enam pekan sebelum larangan media sosial untuk anak di bawah 16 tahun di Australia mulai berlaku pada Desember 2025, menemukan bahwa 70 persen peserta telah menggunakan media sosial, sementara sekitar setengahnya telah memiliki akun media sosial. Rata-rata usia saat mereka pertama kali mulai menggunakan media sosial adalah 11 tahun.",Tunda penggunaan medsos pada anak dapat lindungi kesehatan mental,https://www.antaranews.com/berita/5719617/tunda-penggunaan-medsos-pada-anak-dapat-lindungi-kesehatan-mental?utm_source=antaranews&utm_medium=desktop&utm_campaign=popular_right,antaranews.com,2026-08-31,low,69,startup Aceh,Aulia,,0.0,needs_review,neutral,0,0,auto,
6623,"""Yang mengejutkan kami adalah bahwa usia saat anak pertama kali mulai menggunakan media sosial tampaknya lebih berpengaruh terhadap kesehatan mental mereka dibandingkan sekadar apakah mereka memiliki akun,"" kata Associate Professor UNSW Susanne Schweizer, peneliti utama studi itu.",Tunda penggunaan medsos pada anak dapat lindungi kesehatan mental,https://www.antaranews.com/berita/5719617/tunda-penggunaan-medsos-pada-anak-dapat-lindungi-kesehatan-mental?utm_source=antaranews&utm_medium=desktop&utm_campaign=popular_right,antaranews.com,2026-08-31,low,37,startup Aceh,Aulia,,0.0,needs_review,neutral,0,0,auto,
6624,"Studi tersebut menunjukkan bahwa hanya seperempat dari anak berusia 10 hingga 15 tahun yang mengatakan mereka berencana untuk berhenti menggunakan media sosial setelah larangan itu, sementara 34 persen berniat menggunakannya tanpa akun dan 35 persen berniat mencari cara untuk mengakali pembatasan tersebut agar dapat terus menggunakan akun mereka, alih-alih sekadar menunggu hingga mereka berusia 16 tahun.",Tunda penggunaan medsos pada anak dapat lindungi kesehatan mental,https://www.antaranews.com/berita/5719617/tunda-penggunaan-medsos-pada-anak-dapat-lindungi-kesehatan-mental?utm_source=antaranews&utm_medium=desktop&utm_campaign=popular_right,antaranews.com,2026-08-31,low,56,startup Aceh,Aulia,,0.0,needs_review,neutral,0,0,auto,
6625,"Temuan tersebut menunjukkan bahwa menunda paparan pertama anak terhadap media sosial dapat menjadi kebijakan yang menjanjikan, terutama jika dipadukan dengan edukasi mengenai kebiasaan digital yang sehat.",Tunda penggunaan medsos pada anak dapat lindungi kesehatan mental,https://www.antaranews.com/berita/5719617/tunda-penggunaan-medsos-pada-anak-dapat-lindungi-kesehatan-mental?utm_source=antaranews&utm_medium=desktop&utm_campaign=popular_right,antaranews.com,2026-08-31,low,26,startup Aceh,Aulia,,2.0,needs_review,neutral,1,0,auto,
6640,"Jakarta (ANTARA) - Satuan Tugas Penertiban Kawasan Hutan (Satgas PKH) menguasai kembali kawasan hutan seluas 111,71 hektare yang digunakan PT Singlurus Pratama untuk kegiatan pertambangan batu bara ilegal di Kutai Kartanegara, Kalimantan Timur.","Satgas PKH kuasai 111,71 hektare tambang ilegal di kawasan IKN",https://www.antaranews.com/berita/5719101/satgas-pkh-kuasai-11171-hektare-tambang-ilegal-di-kawasan-ikn,antaranews.com,2026-08-31,low,33,startup Aceh,Aulia,,0.0,needs_review,neutral,0,0,auto,
6641,"Juru Bicara Satgas PKH Barita Simanjuntak dalam keterangan yang diterima di Jakarta, Senin, mengatakan penguasaan kembali dilakukan setelah tim gabungan melakukan verifikasi dan validasi lapangan serta penelusuran dokumen.","Satgas PKH kuasai 111,71 hektare tambang ilegal di kawasan IKN",https://www.antaranews.com/berita/5719101/satgas-pkh-kuasai-11171-hektare-tambang-ilegal-di-kawasan-ikn,antaranews.com,2026-08-31,low,28,startup Aceh,Aulia,,0.0,needs_review,neutral,0,0,auto,
6642,"Penguasaan kembali kawasan di Taman Hutan Raya (Tahura) Bukit Soeharto, Samboja, Kutai Kartanegara, dilakukan Senin (31/8) dan ditandai dengan pemasangan plang oleh Satgas PKH.","Satgas PKH kuasai 111,71 hektare tambang ilegal di kawasan IKN",https://www.antaranews.com/berita/5719101/satgas-pkh-kuasai-11171-hektare-tambang-ilegal-di-kawasan-ikn,antaranews.com,2026-08-31,low,24,startup Aceh,Aulia,,0.0,needs_review,neutral,0,0,auto,
6643,"Berdasarkan hasil verifikasi, Satgas PKH menemukan penggunaan kawasan hutan konservasi untuk kegiatan pertambangan tanpa dilengkapi Persetujuan Penggunaan Kawasan Hutan (PPKH).","Satgas PKH kuasai 111,71 hektare tambang ilegal di kawasan IKN",https://www.antaranews.com/berita/5719101/satgas-pkh-kuasai-11171-hektare-tambang-ilegal-di-kawasan-ikn,antaranews.com,2026-08-31,low,20,startup Aceh,Aulia,,0.0,needs_review,neutral,0,0,auto,
6644,"Total areal terdampak mencapai 111,71 hektare dengan potensi objek denda seluas 101,44 hektare.","Satgas PKH kuasai 111,71 hektare tambang ilegal di kawasan IKN",https://www.antaranews.com/berita/5719101/satgas-pkh-kuasai-11171-hektare-tambang-ilegal-di-kawasan-ikn,antaranews.com,2026-08-31,low,13,startup Aceh,Aulia,,0.0,needs_review,neutral,1,0,auto,
6645,"Atas penggunaan kawasan hutan tanpa izin tersebut, pemerintah menetapkan potensi denda administratif terhadap PT Singlurus Pratama sebesar Rp147,31 miliar.","Satgas PKH kuasai 111,71 hektare tambang ilegal di kawasan IKN",https://www.antaranews.com/berita/5719101/satgas-pkh-kuasai-11171-hektare-tambang-ilegal-di-kawasan-ikn,antaranews.com,2026-08-31,low,19,startup Aceh,Aulia,,1.0,needs_review,neutral,1,0,auto,
6646,Satgas PKH menyebut perusahaan telah membayar Rp25 miliar dari potensi denda administratif tersebut.,"Satgas PKH kuasai 111,71 hektare tambang ilegal di kawasan IKN",https://www.antaranews.com/berita/5719101/satgas-pkh-kuasai-11171-hektare-tambang-ilegal-di-kawasan-ikn,antaranews.com,2026-08-31,low,13,startup Aceh,Aulia,,1.0,needs_review,neutral,1,0,auto,
6647,Ketua Pelaksana Satgas PKH sekaligus Jaksa Agung Muda Bidang Tindak Pidana Khusus Kuntadi mengatakan penguasaan kembali kawasan tersebut memiliki arti strategis karena lokasinya berdekatan dengan Ibu Kota Nusantara (IKN).,"Satgas PKH kuasai 111,71 hektare tambang ilegal di kawasan IKN",https://www.antaranews.com/berita/5719101/satgas-pkh-kuasai-11171-hektare-tambang-ilegal-di-kawasan-ikn,antaranews.com,2026-08-31,low,29,startup Aceh,Aulia,,2.0,needs_review,neutral,1,0,auto,
6648,"Menurut dia, penertiban tersebut memberikan efek jera sekaligus menegaskan tidak ada toleransi terhadap kegiatan ilegal di kawasan penyangga IKN.","Satgas PKH kuasai 111,71 hektare tambang ilegal di kawasan IKN",https://www.antaranews.com/berita/5719101/satgas-pkh-kuasai-11171-hektare-tambang-ilegal-di-kawasan-ikn,antaranews.com,2026-08-31,low,19,startup Aceh,Aulia,,0.0,needs_review,neutral,0,0,auto,
6649,"Penertiban, kata Kuntadi, bukan merupakan langkah akhir, melainkan bagian awal dari penataan kawasan hutan secara berkelanjutan.","Satgas PKH kuasai 111,71 hektare tambang ilegal di kawasan IKN",https://www.antaranews.com/berita/5719101/satgas-pkh-kuasai-11171-hektare-tambang-ilegal-di-kawasan-ikn,antaranews.com,2026-08-31,low,16,startup Aceh,Aulia,,1.0,needs_review,neutral,0,1,auto,
6650,"""Satgas PKH akan terus menyisir dan menindak tegas seluruh aktivitas ilegal perkebunan dan pertambangan di dalam kawasan hutan di seluruh wilayah Indonesia tanpa pandang bulu, demi menyelamatkan keuangan negara dan menjaga kelestarian lingkungan hidup bagi generasi mendatang,"" katanya.","Satgas PKH kuasai 111,71 hektare tambang ilegal di kawasan IKN",https://www.antaranews.com/berita/5719101/satgas-pkh-kuasai-11171-hektare-tambang-ilegal-di-kawasan-ikn,antaranews.com,2026-08-31,low,38,startup Aceh,Aulia,,1.0,needs_review,neutral,0,0,auto,
6682,"""Kerja sama ini menjadi momentum strategis untuk memperkuat kontribusi kampus dalam mengembangkan ekonomi berbasis kreativitas, khususnya di Aceh,"" kata RektorUINAr-RaniryMujiburrahmansaat dihubungi di Banda Aceh, Provinsi Aceh, Selasa.",UIN Ar-Raniry-Kemenekraf jalin kerja sama ekonomi kreatif di kampus,https://www.antaranews.com/berita/4845645/uin-ar-raniry-kemenekraf-jalin-kerja-sama-ekonomi-kreatif-di-kampus,antaranews.com,2025-05-20,high,27,startup Banda Aceh,Aulia,,2.0,needs_review,positive,3,0,auto,
6683,"Pernyataan tersebut disampaikan usai penandatanganan nota kesepahaman (MoU) antaraMujiburrahmandengan SekretarisKemenekraf/BekrafDessyRuhati,yang disaksikan Menteri Ekonomi Kreatif/Kepala Badan Ekonomi Kreatif (Menekraf/Kabekraf)TeukuRiefkyHarsyadi Jakarta.",UIN Ar-Raniry-Kemenekraf jalin kerja sama ekonomi kreatif di kampus,https://www.antaranews.com/berita/4845645/uin-ar-raniry-kemenekraf-jalin-kerja-sama-ekonomi-kreatif-di-kampus,antaranews.com,2025-05-20,medium,19,startup Banda Aceh,Aulia,,0.0,needs_review,neutral,0,0,auto,
6685,"Kampus juga mengusulkan pendirian Pusat Kreativitas Kampus yang dilengkapi dengan fasilitas laboratorium digital, studio konten, dan program kemitraan industri lintas fakultas.",UIN Ar-Raniry-Kemenekraf jalin kerja sama ekonomi kreatif di kampus,https://www.antaranews.com/berita/4845645/uin-ar-raniry-kemenekraf-jalin-kerja-sama-ekonomi-kreatif-di-kampus,antaranews.com,2025-05-20,medium,21,startup Banda Aceh,Aulia,,2.0,needs_review,neutral,1,0,auto,
6687,"Ia berharap melalui kerja sama ini, mahasiswa tidak hanya siap kerja, tetapi juga mampu menciptakan lapangan kerja melalui inovasi dan kewirausahaan.",UIN Ar-Raniry-Kemenekraf jalin kerja sama ekonomi kreatif di kampus,https://www.antaranews.com/berita/4845645/uin-ar-raniry-kemenekraf-jalin-kerja-sama-ekonomi-kreatif-di-kampus,antaranews.com,2025-05-20,medium,21,startup Banda Aceh,Aulia,,2.0,needs_review,positive,2,0,auto,
6688,TeukuRiefkyHarsyamengatakan kerja sama tersebut merupakan bagian dari rangkaian kegiatan bertajuk Penandatanganan Bersama Kesepakatan Bersama antaraKementerian Ekonomi/ BadanEkonomiKreatif dengan Perguruan Tinggi dan Pencanangan Pembentukan Konsorsium Pendidikan Tinggi Ekonomi Kreatif.,UIN Ar-Raniry-Kemenekraf jalin kerja sama ekonomi kreatif di kampus,https://www.antaranews.com/berita/4845645/uin-ar-raniry-kemenekraf-jalin-kerja-sama-ekonomi-kreatif-di-kampus,antaranews.com,2025-05-20,medium,28,startup Banda Aceh,Aulia,,1.0,needs_review,neutral,1,0,auto,
6809,"Jakarta (ANTARA) - Shopee kembali menggelar Apresiasi Jurnalistik Shopee UMKM PATEN 2026 untuk mengajak insan pers merekam kisah transformasi pelaku usaha mikro, kecil, dan menengah (UMKM) di era ekonomi digital.Kami percaya media adalah saksi penting yang mengikuti betul jatuh bangunnya pengusaha lokal atau UMKM dalam merintis bisnis dari nol hingga sukses bertumbuh. Itulah alasan kami kembali mengajak rekan-rekan jurnalis untuk merangkai cerita perjuangan UMKM di berbagai pelosok, di berbagai daerah, agar masyarakat bisa melihat langsung transformasi digital benar-benar menghidupkan ekonomi rakyat, ekonomi UMKM, kata Deputy Director of Public Affairs Shopee Indonesia, Radynal Nataprawira dalam keterangan resmi pada Senin.Ajang penghargaan tersebut disebut sebagai program reguler antara Shopee Indonesia dan Kementerian UMKM untuk mengangkat kisah inspiratif para pelaku ekonomi digital, mulai dari pemilik merek lokal hingga kreator konten yang turut membangun ekosistem perdagangan elektronik.",Shopee buka kompetisi jurnalistik UMKM Paten 2026,https://www.antaranews.com/berita/5571351/shopee-buka-kompetisi-jurnalistik-umkm-paten-2026,antaranews.com,2026-05-18,low,132,bisnis digital Aceh,Aulia,,7.0,needs_review,positive,3,0,auto,
6883,"Jakarta (ANTARA) - PT PLN (Persero) menyatakan bencana banjir besar di Aceh, Sumatera Utara, dan Sumatera Barat sebagai titik balik dalam penanganan sistem ketenagalistrikan nasional.",PLN sebut bencana Sumatera titik balik penanganan sistem kelistrikan,https://www.antaranews.com/berita/5365786/pln-sebut-bencana-sumatera-titik-balik-penanganan-sistem-kelistrikan,antaranews.com,2026-01-21,high,25,bisnis digital Aceh,Aulia,,0.0,needs_review,neutral,0,0,auto,
6884,Direktur Utama PLN Darmawan Prasodjo menegaskan pihaknya belum pernah menghadapi bencana dengan skala sebesar ini sehingga perlu perubahan untuk memperkuat kesiapan menghadapi bencana.,PLN sebut bencana Sumatera titik balik penanganan sistem kelistrikan,https://www.antaranews.com/berita/5365786/pln-sebut-bencana-sumatera-titik-balik-penanganan-sistem-kelistrikan,antaranews.com,2026-01-21,low,23,bisnis digital Aceh,Aulia,,0.0,needs_review,neutral,0,0,auto,
6885,"Dalam rapat dengan Komisi VI DPR RI di Jakarta, Rabu, Darmawan menjelaskan langkah jangka pendek yang telah dilakukan PLN dalam pemulihan listrik pascabencana di Sumatera, antara lain pembangunantower emergency.",PLN sebut bencana Sumatera titik balik penanganan sistem kelistrikan,https://www.antaranews.com/berita/5365786/pln-sebut-bencana-sumatera-titik-balik-penanganan-sistem-kelistrikan,antaranews.com,2026-01-21,low,29,bisnis digital Aceh,Aulia,,0.0,needs_review,neutral,0,1,auto,
6886,"Tadinya satu jalur, kami bangun menjaditower emergencydua jalur. Ke depan perlu tower permanen sehingga ada tiga jalur, ujarnya.",PLN sebut bencana Sumatera titik balik penanganan sistem kelistrikan,https://www.antaranews.com/berita/5365786/pln-sebut-bencana-sumatera-titik-balik-penanganan-sistem-kelistrikan,antaranews.com,2026-01-21,low,18,bisnis digital Aceh,Aulia,,0.0,needs_review,neutral,0,0,auto,
6887,"Darmawan menekankan bahwa bencana ini mengubah standar keamanan sistem kelistrikan. Jika sebelumnya gardu induk dianggap aman dari banjir, kali ini untuk pertama kalinya gardu induk PLN terendam lumpur.",PLN sebut bencana Sumatera titik balik penanganan sistem kelistrikan,https://www.antaranews.com/berita/5365786/pln-sebut-bencana-sumatera-titik-balik-penanganan-sistem-kelistrikan,antaranews.com,2026-01-21,low,28,bisnis digital Aceh,Aulia,,0.0,needs_review,neutral,0,0,auto,
6888,"Misalnya area 10x10 meter dengan lumpur setinggi 1 meter berarti 150 ton lumpur. Evakuasi arena 10x10 membutuhkan peralatan khusus, yang saat itu kami akui tidak punya. Kami terpaksa mengerahkan pasukan PLN, dibantu rakyat, TNI, dan Polri, katanya.",PLN sebut bencana Sumatera titik balik penanganan sistem kelistrikan,https://www.antaranews.com/berita/5365786/pln-sebut-bencana-sumatera-titik-balik-penanganan-sistem-kelistrikan,antaranews.com,2026-01-21,low,37,bisnis digital Aceh,Aulia,,0.0,needs_review,neutral,0,0,auto,
6889,Darmawan menambahkan PLN akan mulai menyiapkancontingency master planbaru yang komprehensif dalam menghadapi bencana.,PLN sebut bencana Sumatera titik balik penanganan sistem kelistrikan,https://www.antaranews.com/berita/5365786/pln-sebut-bencana-sumatera-titik-balik-penanganan-sistem-kelistrikan,antaranews.com,2026-01-21,low,13,bisnis digital Aceh,Aulia,,0.0,needs_review,neutral,0,0,auto,
6890,"Ia mencontohkan jaringan kelistrikan di Aceh dan Sumatera yang awalnya dianggap aman ternyata menjadi doomsday scenario, di mana transmisibackboneSumatera terputus ke sistem Aceh.",PLN sebut bencana Sumatera titik balik penanganan sistem kelistrikan,https://www.antaranews.com/berita/5365786/pln-sebut-bencana-sumatera-titik-balik-penanganan-sistem-kelistrikan,antaranews.com,2026-01-21,high,23,bisnis digital Aceh,Aulia,,2.0,needs_review,neutral,0,0,auto,
6891,"Kami tidak pernah memikirkan ribuan gardu distribusi terendam lumpur. Kami tidak pernah memikirkan ribuan tiang listrik tenaga tegangan rendah kami akan ambruk. Kami tidak pernah terpikirkan bagaimana setelah listrik menyala pun kami tidak bisa menyalakan rumah pelanggan kami, ujar dia.",PLN sebut bencana Sumatera titik balik penanganan sistem kelistrikan,https://www.antaranews.com/berita/5365786/pln-sebut-bencana-sumatera-titik-balik-penanganan-sistem-kelistrikan,antaranews.com,2026-01-21,low,40,bisnis digital Aceh,Aulia,,2.0,needs_review,neutral,0,0,auto,
6892,"Ia menyatakan PLN akan melakukanbrainstormingulang dan menggeser kriteria yang selama ini digunakan, dengan tujuan memfinalisasicontingency master planuntuk penanganan bencana.",PLN sebut bencana Sumatera titik balik penanganan sistem kelistrikan,https://www.antaranews.com/berita/5365786/pln-sebut-bencana-sumatera-titik-balik-penanganan-sistem-kelistrikan,antaranews.com,2026-01-21,low,19,bisnis digital Aceh,Aulia,,0.0,needs_review,neutral,0,0,auto,
6893,"Rencana tersebut mencakup penguatan keandalan sistem kelistrikan, dari standar lama yang dianggap aman menjadi standar baru yang lebih sesuai dengan kondisi terkini.",PLN sebut bencana Sumatera titik balik penanganan sistem kelistrikan,https://www.antaranews.com/berita/5365786/pln-sebut-bencana-sumatera-titik-balik-penanganan-sistem-kelistrikan,antaranews.com,2026-01-21,low,22,bisnis digital Aceh,Aulia,,0.0,needs_review,neutral,0,0,auto,
6894,"Perusahaan juga menyiapkan rancangan proses bisnis baru, termasuk mekanisme pengambilan keputusan terkait tingkat kerusakan akibat bencana.",PLN sebut bencana Sumatera titik balik penanganan sistem kelistrikan,https://www.antaranews.com/berita/5365786/pln-sebut-bencana-sumatera-titik-balik-penanganan-sistem-kelistrikan,antaranews.com,2026-01-21,low,16,bisnis digital Aceh,Aulia,,1.0,needs_review,neutral,0,0,auto,
6895,"Kemudian, perusahaan juga akan menyusun peta jalan pemulihan secara mendalam dan komprehensif, namun tetap ditargetkan berlangsung dalam waktu yang cepat, sehingga penanganan dapat lebih presisi dan efektif.",PLN sebut bencana Sumatera titik balik penanganan sistem kelistrikan,https://www.antaranews.com/berita/5365786/pln-sebut-bencana-sumatera-titik-balik-penanganan-sistem-kelistrikan,antaranews.com,2026-01-21,low,27,bisnis digital Aceh,Aulia,,0.0,needs_review,neutral,0,0,auto,
6896,Ia menambahkan PLN juga akan mulai membangundashboarddigital untuk memantau titik gangguan.,PLN sebut bencana Sumatera titik balik penanganan sistem kelistrikan,https://www.antaranews.com/berita/5365786/pln-sebut-bencana-sumatera-titik-balik-penanganan-sistem-kelistrikan,antaranews.com,2026-01-21,low,11,bisnis digital Aceh,Aulia,,2.0,needs_review,neutral,0,0,auto,
6897,"Ia mencontohkan jika saat tsunami Aceh hanya ada 8 titik yang bisa dicatat manual, kini jumlah titik gangguan mencapai hampir seribu di Aceh, Sumatera Utara, dan Sumatera Barat.",PLN sebut bencana Sumatera titik balik penanganan sistem kelistrikan,https://www.antaranews.com/berita/5365786/pln-sebut-bencana-sumatera-titik-balik-penanganan-sistem-kelistrikan,antaranews.com,2026-01-21,high,28,bisnis digital Aceh,Aulia,,0.0,needs_review,neutral,0,0,auto,
6898,"""Kami harus membangun sistem digital penanganan bencana yang bisa melakukan monitoring secara kontinu, dan juga mendeteksi progres di lapangan, apa yang menjadi tantangan ... sehingga proses pemulihannya bisa berjalan dengan cepat,"" tuturnya.",PLN sebut bencana Sumatera titik balik penanganan sistem kelistrikan,https://www.antaranews.com/berita/5365786/pln-sebut-bencana-sumatera-titik-balik-penanganan-sistem-kelistrikan,antaranews.com,2026-01-21,low,32,bisnis digital Aceh,Aulia,,2.0,needs_review,neutral,1,1,auto,
6899,"Darmawan menegaskan pengalaman di Sumatera akan menjadi acuan bagi PLN untuk memperkuat kesiapan menghadapi bencana di seluruh Indonesia, termasuk Kalimantan, Sulawesi, Maluku, Papua, Nusa Tenggara, Bali, Jawa, dan Madura.",PLN sebut bencana Sumatera titik balik penanganan sistem kelistrikan,https://www.antaranews.com/berita/5365786/pln-sebut-bencana-sumatera-titik-balik-penanganan-sistem-kelistrikan,antaranews.com,2026-01-21,low,29,bisnis digital Aceh,Aulia,,0.0,needs_review,neutral,0,0,auto,
6997,"Untuk luar negeri saja, yang mayoritas katakan non-Muslim, itu mereka juga sekarang mencari yang halal karena mereka berkeyakinan bahwa yang halal itu sehat. Karena prosesnya akan terjamin dari hulu ke hilir, akan diperiksa, akan dirunut, sehingga pada saat sampai ke tempat mereka itu benar-benar bersih dan sehat, kata Putu dalam acara Islamic Finance Dialogue, di Jakarta, Rabu.",KNEKS fokuskan rantai nilai halal pada ekosistem syariah Indonesia,https://www.antaranews.com/berita/5631332/kneks-fokuskan-rantai-nilai-halal-pada-ekosistem-syariah-indonesia,antaranews.com,2026-07-01,low,57,UMKM digital Aceh,Aulia,,1.0,needs_review,neutral,0,0,auto,
6998,Putu mengatakan salah satu strategi utama dalam memperkuat rantai nilai ini adalah melalui hilirisasi potensi besar gelatin ikan halal sebagai substitusi impor.,KNEKS fokuskan rantai nilai halal pada ekosistem syariah Indonesia,https://www.antaranews.com/berita/5631332/kneks-fokuskan-rantai-nilai-halal-pada-ekosistem-syariah-indonesia,antaranews.com,2026-07-01,low,22,UMKM digital Aceh,Aulia,,0.0,needs_review,neutral,1,0,auto,
6999,"Selama ini, gelatin merupakan komponen vital dalam berbagai industri mulai dari farmasi (cangkang kapsul), kosmetik (lipstik), hingga makanan olahan (yogurt dan es krim).",KNEKS fokuskan rantai nilai halal pada ekosistem syariah Indonesia,https://www.antaranews.com/berita/5631332/kneks-fokuskan-rantai-nilai-halal-pada-ekosistem-syariah-indonesia,antaranews.com,2026-07-01,low,23,UMKM digital Aceh,Aulia,,0.0,needs_review,neutral,0,0,auto,
7000,"Dengan riset yang telah berjalan selama 20 tahun di Institut Pertanian Bogor, Indonesia diharapkan mampu memproduksi gelatin halal dengan bahan baku yang mudah di dapat di tanah air.",KNEKS fokuskan rantai nilai halal pada ekosistem syariah Indonesia,https://www.antaranews.com/berita/5631332/kneks-fokuskan-rantai-nilai-halal-pada-ekosistem-syariah-indonesia,antaranews.com,2026-07-01,low,28,UMKM digital Aceh,Aulia,,2.0,needs_review,neutral,0,0,auto,
7001,"Selain gelatin, sektor wewangian (fragrance) juga menjadi sorotan. Indonesia, khususnya Aceh, dikenal sebagai produsen minyak nilam (patchouli oil) terbaik di dunia.",KNEKS fokuskan rantai nilai halal pada ekosistem syariah Indonesia,https://www.antaranews.com/berita/5631332/kneks-fokuskan-rantai-nilai-halal-pada-ekosistem-syariah-indonesia,antaranews.com,2026-07-01,high,21,UMKM digital Aceh,Aulia,,1.0,needs_review,neutral,1,0,auto,
7003,"Rantai nilai halal ini merupakan peluang untuk kerja sama tidak hanya di Indonesia tetapi juga antar negara, katanya pula.",KNEKS fokuskan rantai nilai halal pada ekosistem syariah Indonesia,https://www.antaranews.com/berita/5631332/kneks-fokuskan-rantai-nilai-halal-pada-ekosistem-syariah-indonesia,antaranews.com,2026-07-01,low,19,UMKM digital Aceh,Aulia,,1.0,needs_review,positive,2,0,auto,
7004,Putu mengatakan industri halal kini sudah menjadi standar universal dan menjadi peluang pasar global yang tidak bisa diabaikan.,KNEKS fokuskan rantai nilai halal pada ekosistem syariah Indonesia,https://www.antaranews.com/berita/5631332/kneks-fokuskan-rantai-nilai-halal-pada-ekosistem-syariah-indonesia,antaranews.com,2026-07-01,low,18,UMKM digital Aceh,Aulia,,2.0,needs_review,neutral,1,0,auto,
7005,"Rantai nilai halal di dalam industri halal yang terintegrasi dalam Rencana Pembangunan Jangka Panjang Nasional (RPJPN) 2025-2045 untuk pertama kalinya dalam sejarah pembangunan Indonesia, masuk sebagai pilar dalam perencanaan pembangunan 20 tahun ke depan.",KNEKS fokuskan rantai nilai halal pada ekosistem syariah Indonesia,https://www.antaranews.com/berita/5631332/kneks-fokuskan-rantai-nilai-halal-pada-ekosistem-syariah-indonesia,antaranews.com,2026-07-01,low,34,UMKM digital Aceh,Aulia,,0.0,needs_review,neutral,0,0,auto,
7008,Salah satu strategi inovatif yang tengah digodok adalah optimalisasi load factor maskapai penerbangan rute Timur Tengah dengan memberikan insentif bagi turis dari kawasan Teluk (GCC) untuk mengisi kursi pesawat yang kosong saat musim haji atau umrah.,KNEKS fokuskan rantai nilai halal pada ekosistem syariah Indonesia,https://www.antaranews.com/berita/5631332/kneks-fokuskan-rantai-nilai-halal-pada-ekosistem-syariah-indonesia,antaranews.com,2026-07-01,low,36,UMKM digital Aceh,Aulia,,0.0,needs_review,neutral,0,0,auto,
7009,Langkah ini diharapkan dapat meningkatkan kunjungan wisatawan mancanegara sekaligus memperkuat devisa Indonesia.,KNEKS fokuskan rantai nilai halal pada ekosistem syariah Indonesia,https://www.antaranews.com/berita/5631332/kneks-fokuskan-rantai-nilai-halal-pada-ekosistem-syariah-indonesia,antaranews.com,2026-07-01,low,12,UMKM digital Aceh,Aulia,,2.0,needs_review,neutral,1,1,auto,
7011,"Menurut Wakil Menteri Komunikasi dan Digital Nezar Patria masyarakat tidak hanya membutuhkan dukungan infrastruktur fisik tapi juga membutuhkan akses terhadap konektivitas, keterampilan digital, dan peluang ekonomi yang dapat membantu mempercepat pemulihan kehidupan sosial dan ekonomi.",Cara Kemkomdigi dukung percepatan pemulihan pascabencana Aceh Utara,https://www.antaranews.com/berita/5623044/cara-kemkomdigi-dukung-percepatan-pemulihan-pascabencana-aceh-utara,antaranews.com,2026-06-25,medium,35,UMKM digital Aceh,Aulia,,2.0,needs_review,positive,2,0,auto,
7015,"Di samping mendukung pengembangan talenta digital dan penguatan UMKM digital, Kemkomdigi juga menyampaikan komitmen untuk mendukung penyediaan akses internet di wilayah yang masih mengalami keterbatasan konektivitas.",Cara Kemkomdigi dukung percepatan pemulihan pascabencana Aceh Utara,https://www.antaranews.com/berita/5623044/cara-kemkomdigi-dukung-percepatan-pemulihan-pascabencana-aceh-utara,antaranews.com,2026-06-25,medium,26,UMKM digital Aceh,Aulia,,5.0,needs_review,neutral,2,2,auto,
7016,"Terutama untuk sektor-sektor yang terhubung pelayanan publik seperti sektor pendidikan, kesehatan, dan layanan pemerintahan. Kemkomdigi bakal berkoordinasi secara intens dengan berbagai pihak terkait untuk memastikan layanan komunikasi kembali berjalan optimal.",Cara Kemkomdigi dukung percepatan pemulihan pascabencana Aceh Utara,https://www.antaranews.com/berita/5623044/cara-kemkomdigi-dukung-percepatan-pemulihan-pascabencana-aceh-utara,antaranews.com,2026-06-25,medium,30,UMKM digital Aceh,Aulia,,2.0,needs_review,neutral,0,0,auto,
7020,"Jakarta (ANTARA) - Presiden ke-6 RI Susilo Bambang Yudhoyono (SBY) menilai usaha mikro, kecil, dan menengah (UMKM) menjadi kunci membangun ketahanan ekonomi di tengah meningkatnya ketidakpastian global.",SBY: UMKM kunci ketahanan ekonomi di tengah ketidakpastian global,https://www.antaranews.com/berita/5593679/sby-umkm-kunci-ketahanan-ekonomi-di-tengah-ketidakpastian-global,antaranews.com,2026-06-04,low,27,UMKM digital Aceh,Aulia,,2.0,needs_review,neutral,1,0,auto,
7022,"Meski demikian, SBY menilai Indonesia dan negara-negara anggota ASEAN memiliki keunggulan dalam menghadapi kondisi tersebut, yaitu keberadaan jutaan pelaku UMKM yang menjadi tulang punggung perekonomian kawasan.",SBY: UMKM kunci ketahanan ekonomi di tengah ketidakpastian global,https://www.antaranews.com/berita/5593679/sby-umkm-kunci-ketahanan-ekonomi-di-tengah-ketidakpastian-global,antaranews.com,2026-06-04,low,26,UMKM digital Aceh,Aulia,,2.0,needs_review,neutral,1,0,auto,
7024,"Namun, komunitas akar rumput tetap beradaptasi, bertahan, dan bangkit kembali. Untuk itu, pemberdayaan UMKM bukan sekadar agenda sosial, melainkan agenda ekonomi yang strategis,"" katanya menambahkan.",SBY: UMKM kunci ketahanan ekonomi di tengah ketidakpastian global,https://www.antaranews.com/berita/5593679/sby-umkm-kunci-ketahanan-ekonomi-di-tengah-ketidakpastian-global,antaranews.com,2026-06-04,low,25,UMKM digital Aceh,Aulia,,2.0,needs_review,positive,2,0,auto,
7026,"Menurut dia, negara yang mampu memperkuat kewirausahaan akan memiliki ketahanan ekonomi yang lebih kuat, partisipasi ekonomi yang lebih luas, serta stabilitas sosial yang lebih baik.",SBY: UMKM kunci ketahanan ekonomi di tengah ketidakpastian global,https://www.antaranews.com/berita/5593679/sby-umkm-kunci-ketahanan-ekonomi-di-tengah-ketidakpastian-global,antaranews.com,2026-06-04,low,25,UMKM digital Aceh,Aulia,,1.0,needs_review,neutral,0,0,auto,
7027,"SBY mengaitkan pandangan tersebut dengan pengalaman Indonesia menghadapi sejumlah krisis besar, mulai dari dampak krisis Asia 1997-1998, tsunami Aceh pada 2004, hingga krisis keuangan global 2008.",SBY: UMKM kunci ketahanan ekonomi di tengah ketidakpastian global,https://www.antaranews.com/berita/5593679/sby-umkm-kunci-ketahanan-ekonomi-di-tengah-ketidakpastian-global,antaranews.com,2026-06-04,high,26,UMKM digital Aceh,Aulia,,1.0,needs_review,neutral,0,0,auto,
7028,"Menurut dia, salah satu pelajaran penting dari berbagai krisis tersebut adalah bahwa negara akan lebih kuat ketika masyarakat tetap aktif secara ekonomi, terhubung secara sosial, dan memiliki harapan terhadap masa depan.",SBY: UMKM kunci ketahanan ekonomi di tengah ketidakpastian global,https://www.antaranews.com/berita/5593679/sby-umkm-kunci-ketahanan-ekonomi-di-tengah-ketidakpastian-global,antaranews.com,2026-06-04,low,31,UMKM digital Aceh,Aulia,,0.0,needs_review,neutral,1,0,auto,
7029,"Selain memperkuat UMKM, SBY menilai perkembangan teknologi membuka peluang besar untuk memperluas inklusi ekonomi di negara-negara berkembang.",SBY: UMKM kunci ketahanan ekonomi di tengah ketidakpastian global,https://www.antaranews.com/berita/5593679/sby-umkm-kunci-ketahanan-ekonomi-di-tengah-ketidakpastian-global,antaranews.com,2026-06-04,low,17,UMKM digital Aceh,Aulia,,2.0,needs_review,positive,3,0,auto,
7031,"Meski demikian, ia mengingatkan bahwa teknologi juga dapat memperlebar kesenjangan apabila aksesnya hanya dinikmati kelompok tertentu.",SBY: UMKM kunci ketahanan ekonomi di tengah ketidakpastian global,https://www.antaranews.com/berita/5593679/sby-umkm-kunci-ketahanan-ekonomi-di-tengah-ketidakpastian-global,antaranews.com,2026-06-04,low,16,UMKM digital Aceh,Aulia,,1.0,needs_review,neutral,0,0,auto,
7116,"Jakarta (ANTARA) - Pertama-tama sebagai insan yang bertakwa marilah kita panjatkan puji dan syukur ke hadirat Tuhan Yang Maha Besar, Tuhan Yang Maha Esa. Allah SWT, atas rahmat dan karunia-Nya, hari ini kita dapat hadir pada Sidang Tahunan MPR RI dan Sidang Bersama DPD RI dan DPR RI Tahun 2026 dalam keadaan sehat, damai, dan penuh semangat pengabdian.",Pidato Kenegaraan Presiden Prabowo pada Sidang Tahunan MPR (Bagian 1),https://www.antaranews.com/berita/5694132/pidato-kenegaraan-presiden-prabowo-pada-sidang-tahunan-mpr-bagian-1,antaranews.com,2026-08-14,low,58,ekonomi digital Aceh,Aulia,,0.0,needs_review,neutral,0,0,auto,
7117,"Pagi ini saya kembali berdiri di aula yang terhormat ini, di aula yang sama tempat saya telah ucapkan sumpah sebagai Presiden Republik Indonesia dan saudara Gibran Rakabuming Raka sebagai Wakil Presiden Republik Indonesia.",Pidato Kenegaraan Presiden Prabowo pada Sidang Tahunan MPR (Bagian 1),https://www.antaranews.com/berita/5694132/pidato-kenegaraan-presiden-prabowo-pada-sidang-tahunan-mpr-bagian-1,antaranews.com,2026-08-14,low,33,ekonomi digital Aceh,Aulia,,0.0,needs_review,neutral,0,0,auto,
7118,"Pada hari itu, 20 Oktober 2024, di hadapan majelis terhormat, di hadapan seluruh rakyat Indonesia, dan yang paling penting di hadapan Tuhan Yang Mahakuasa, saya telah bersumpah akan menjalankan kepemimpinan negara dan bangsa dengan tulus dan jujur; mengutamakan kepentingan seluruh rakyat Indonesia, termasuk mereka yang tidak memilih saya.",Pidato Kenegaraan Presiden Prabowo pada Sidang Tahunan MPR (Bagian 1),https://www.antaranews.com/berita/5694132/pidato-kenegaraan-presiden-prabowo-pada-sidang-tahunan-mpr-bagian-1,antaranews.com,2026-08-14,low,48,ekonomi digital Aceh,Aulia,,0.0,needs_review,neutral,0,0,auto,
7119,"Untuk menunaikan janji-janji yang saya telah ucapkan, dan menunaikan sumpah saya sebagai Presiden Republik Indonesia, saya telah pimpin Pemerintahan Negara Kesatuan Republik Indonesia selama 21 bulan dengan empat pedoman utama:",Pidato Kenegaraan Presiden Prabowo pada Sidang Tahunan MPR (Bagian 1),https://www.antaranews.com/berita/5694132/pidato-kenegaraan-presiden-prabowo-pada-sidang-tahunan-mpr-bagian-1,antaranews.com,2026-08-14,low,30,ekonomi digital Aceh,Aulia,,2.0,needs_review,neutral,0,0,auto,
7120,"Pertama, kami bekerja untuk menjaga dan melaksanakan perintah-perintah Undang Undang Dasar Negara Republik Indonesia tahun 1945.",Pidato Kenegaraan Presiden Prabowo pada Sidang Tahunan MPR (Bagian 1),https://www.antaranews.com/berita/5694132/pidato-kenegaraan-presiden-prabowo-pada-sidang-tahunan-mpr-bagian-1,antaranews.com,2026-08-14,low,16,ekonomi digital Aceh,Aulia,,0.0,needs_review,neutral,0,0,auto,
7121,"Kedua, kami bekerja untuk menjaga, menjalankan dan melindungi kepentingan inti nasional yang vital.The core and vital national interests.Hal ini termasuk menjaga kekayaan bangsa Indonesia, agar dapat sepenuhnya dimanfaatkan untuk kemakmuran seluruh rakyat Indonesia.",Pidato Kenegaraan Presiden Prabowo pada Sidang Tahunan MPR (Bagian 1),https://www.antaranews.com/berita/5694132/pidato-kenegaraan-presiden-prabowo-pada-sidang-tahunan-mpr-bagian-1,antaranews.com,2026-08-14,low,33,ekonomi digital Aceh,Aulia,,0.0,needs_review,neutral,1,0,auto,
7122,"Ketiga, kami bekerja untuk mengatasi kesulitan rakyat dalam waktu yang sesingkat-singkatnya.",Pidato Kenegaraan Presiden Prabowo pada Sidang Tahunan MPR (Bagian 1),https://www.antaranews.com/berita/5694132/pidato-kenegaraan-presiden-prabowo-pada-sidang-tahunan-mpr-bagian-1,antaranews.com,2026-08-14,low,11,ekonomi digital Aceh,Aulia,,0.0,needs_review,negative,0,2,auto,
7123,"Keempat, dalam bekerja, kami selalu beriorientasi kepada kepentingan rakyat dan kepentingan anak-anak mereka dan cucu-cucu mereka.",Pidato Kenegaraan Presiden Prabowo pada Sidang Tahunan MPR (Bagian 1),https://www.antaranews.com/berita/5694132/pidato-kenegaraan-presiden-prabowo-pada-sidang-tahunan-mpr-bagian-1,antaranews.com,2026-08-14,low,16,ekonomi digital Aceh,Aulia,,0.0,needs_review,neutral,0,0,auto,
7124,"Hari ini, 21 bulan sejak sumpah itu saya ucapkan, saya kembali ke hadapan Majelis ini. Saya kembali untuk menyampaikan apa yang telah kita kerjakan; apa yang mulai kita lihat hasilnya; dan apa yang masih harus kita selesaikan.",Pidato Kenegaraan Presiden Prabowo pada Sidang Tahunan MPR (Bagian 1),https://www.antaranews.com/berita/5694132/pidato-kenegaraan-presiden-prabowo-pada-sidang-tahunan-mpr-bagian-1,antaranews.com,2026-08-14,low,37,ekonomi digital Aceh,Aulia,,0.0,needs_review,neutral,0,0,auto,
7125,"Saya belum bisa mengatakan bahwa seluruh persoalan bangsa telah selesai, atau bahwa seluruh janji yang saya ucapkan telah tertunaikan. Belum.",Pidato Kenegaraan Presiden Prabowo pada Sidang Tahunan MPR (Bagian 1),https://www.antaranews.com/berita/5694132/pidato-kenegaraan-presiden-prabowo-pada-sidang-tahunan-mpr-bagian-1,antaranews.com,2026-08-14,low,20,ekonomi digital Aceh,Aulia,,2.0,needs_review,neutral,0,0,auto,
7126,"Tetapi, dalam waktu kurang dari dua tahun, kita telah buktikan bahwa dengan keberanian mengambil keputusan, dengan kerja keras, didasari hati yang tulus, kehendak yang jelas, orientasi kepada dan gotong royong seluruh unsur bangsa, masalah-masalah yang selama puluhan tahun dianggap sangat rumit, atau terlalu rumit dapat kita mulai diselesaikan.",Pidato Kenegaraan Presiden Prabowo pada Sidang Tahunan MPR (Bagian 1),https://www.antaranews.com/berita/5694132/pidato-kenegaraan-presiden-prabowo-pada-sidang-tahunan-mpr-bagian-1,antaranews.com,2026-08-14,low,48,ekonomi digital Aceh,Aulia,,0.0,needs_review,negative,0,3,auto,
7127,"Saya tidak mengatakan selesai, tapi kita mulai selesaikan.",Pidato Kenegaraan Presiden Prabowo pada Sidang Tahunan MPR (Bagian 1),https://www.antaranews.com/berita/5694132/pidato-kenegaraan-presiden-prabowo-pada-sidang-tahunan-mpr-bagian-1,antaranews.com,2026-08-14,low,8,ekonomi digital Aceh,Aulia,,0.0,needs_review,neutral,0,0,auto,
7129,"Artinya, kita bisa mengatakan bahwa kita telah memutuskan satu kebijakan transformatif setiap lima hari.",Pidato Kenegaraan Presiden Prabowo pada Sidang Tahunan MPR (Bagian 1),https://www.antaranews.com/berita/5694132/pidato-kenegaraan-presiden-prabowo-pada-sidang-tahunan-mpr-bagian-1,antaranews.com,2026-08-14,low,14,ekonomi digital Aceh,Aulia,,2.0,needs_review,neutral,0,0,auto,
7130,"Demikian kerasnya menteri-menteri saya dan pembantu-pembantu saya telah bekerja, beberapa diantara mereka terpaksa masuk rumah sakit, ada yang pingsan, ada yang operasi, banyak yang kecapekan. Saya berjanji kepada mereka bahwa dalam sisa masa jabatan saya ini, saya akan memberi lebih banyak waktu istirahat untuk mereka dan mereka menjawab janji tinggal janji.",Pidato Kenegaraan Presiden Prabowo pada Sidang Tahunan MPR (Bagian 1),https://www.antaranews.com/berita/5694132/pidato-kenegaraan-presiden-prabowo-pada-sidang-tahunan-mpr-bagian-1,antaranews.com,2026-08-14,low,51,ekonomi digital Aceh,Aulia,,0.0,needs_review,neutral,0,0,auto,
7131,Demikian bukti kesungguhan dari pemerintah yang saya pimpin. Menurut pembantu-pembantu saya dalam kalender saya tidak ada hari merah.,Pidato Kenegaraan Presiden Prabowo pada Sidang Tahunan MPR (Bagian 1),https://www.antaranews.com/berita/5694132/pidato-kenegaraan-presiden-prabowo-pada-sidang-tahunan-mpr-bagian-1,antaranews.com,2026-08-14,low,18,ekonomi digital Aceh,Aulia,,1.0,needs_review,neutral,0,0,auto,
7132,Yang ingin saya sampaikan kita menerima amanah itu dengan penuh kehormatan. Tugas dari rakyat adalah kehormatan yang mulia bagi kita. Karena itu kita akan bekerja dengan sekeras-kerasnya.,Pidato Kenegaraan Presiden Prabowo pada Sidang Tahunan MPR (Bagian 1),https://www.antaranews.com/berita/5694132/pidato-kenegaraan-presiden-prabowo-pada-sidang-tahunan-mpr-bagian-1,antaranews.com,2026-08-14,low,27,ekonomi digital Aceh,Aulia,,0.0,needs_review,neutral,0,0,auto,
7133,Kita akan habis-habisan bekerja untuk rakyat dan bangsa kita.,Pidato Kenegaraan Presiden Prabowo pada Sidang Tahunan MPR (Bagian 1),https://www.antaranews.com/berita/5694132/pidato-kenegaraan-presiden-prabowo-pada-sidang-tahunan-mpr-bagian-1,antaranews.com,2026-08-14,low,9,ekonomi digital Aceh,Aulia,,0.0,needs_review,neutral,0,0,auto,
7134,Dan karena kebijakan-kebijakan kita dan kerja keras kita swasembada pada pangan yang dahulu kita targetkan tercapai dalam empat tahun ternyata berhasil kita capai dalam waktu satu tahun.,Pidato Kenegaraan Presiden Prabowo pada Sidang Tahunan MPR (Bagian 1),https://www.antaranews.com/berita/5694132/pidato-kenegaraan-presiden-prabowo-pada-sidang-tahunan-mpr-bagian-1,antaranews.com,2026-08-14,low,27,ekonomi digital Aceh,Aulia,,2.0,needs_review,neutral,1,0,auto,
7135,"Di tengah dunia sekarang yang sangat khawatir terhadap kelaparan masal akibat kesulitan pangan dan cuaca yang tidak menentu. Kita, alhamdulillah, dapat saya laporkan di majelis ini soal pangan, soal makanan untuk rakyat Indonesia kita berada dalam keadaan aman dan kita akan mampu menghadapi tantangan-tantangan termasuk tantangan El Nino, yang katanya tahun ini El Nino akan berarti El Nino yang paling paling dahsyat.",Pidato Kenegaraan Presiden Prabowo pada Sidang Tahunan MPR (Bagian 1),https://www.antaranews.com/berita/5694132/pidato-kenegaraan-presiden-prabowo-pada-sidang-tahunan-mpr-bagian-1,antaranews.com,2026-08-14,low,62,ekonomi digital Aceh,Aulia,,0.0,needs_review,negative,0,4,auto,
7136,"Kita telah mencapai itu dengan keberanian menghadapi masalah, 145 aturan penyaluran pupuk telah kita hilangkan. Harga pupuk berhasil kita turunkan 20 persen. Hal ini terjadi pertama kali dalam sejarah Republik Indonesia. Pertama kali harga pupuk dapat kita turunkan kepada rakyat.",Pidato Kenegaraan Presiden Prabowo pada Sidang Tahunan MPR (Bagian 1),https://www.antaranews.com/berita/5694132/pidato-kenegaraan-presiden-prabowo-pada-sidang-tahunan-mpr-bagian-1,antaranews.com,2026-08-14,low,40,ekonomi digital Aceh,Aulia,,2.0,needs_review,negative,1,3,auto,
7138,"Pada saat yang bersamaan keuntungan PT Pupuk Indonesia, perusahaan negara BUMN, keuntungannya naik 252,8 persen. Harga pupuk turun, volume tambah, tapi keuntungan bagi PT Pupuk Indonesia naik 252,8 persen.",Pidato Kenegaraan Presiden Prabowo pada Sidang Tahunan MPR (Bagian 1),https://www.antaranews.com/berita/5694132/pidato-kenegaraan-presiden-prabowo-pada-sidang-tahunan-mpr-bagian-1,antaranews.com,2026-08-14,low,29,ekonomi digital Aceh,Aulia,,2.0,needs_review,neutral,0,1,auto,
7140,"Karena itu, tahun ini kita sudah swasembada delapan komoditas pangan. Kita telah swasembada beras, jagung, gula konsumsi, daging ayam, telur ayam, bawang merah, cabai besar, dan cabai rawit.",Pidato Kenegaraan Presiden Prabowo pada Sidang Tahunan MPR (Bagian 1),https://www.antaranews.com/berita/5694132/pidato-kenegaraan-presiden-prabowo-pada-sidang-tahunan-mpr-bagian-1,antaranews.com,2026-08-14,low,28,ekonomi digital Aceh,Aulia,,0.0,needs_review,neutral,0,0,auto,
7141,Saudara saudara kita masih belum swasembada daging itu akan kita kerjakan yanginsyaallahbisa kita capai dalam 5 sampai 6 tahun ke depan.,Pidato Kenegaraan Presiden Prabowo pada Sidang Tahunan MPR (Bagian 1),https://www.antaranews.com/berita/5694132/pidato-kenegaraan-presiden-prabowo-pada-sidang-tahunan-mpr-bagian-1,antaranews.com,2026-08-14,low,21,ekonomi digital Aceh,Aulia,,0.0,needs_review,neutral,0,0,auto,
7142,"Janji swasembada energi, sekarang sudah kita mulai wujudkan dengan pertama kali swasembada BBM jenis solar, kita berhasil produksi diesel dengan B50 dari kelapa sawit. Sehingga mulai tahun ini, mulai 1 Juli 2026, kita tidak lagi mengimpor solar dari luar negeri, dan kita berhasil menghemat devisa Rp170 triliun, sekitar 9,5 milyar dolar Amerika tidak lagi harus kita kirim ke luar negeri.",Pidato Kenegaraan Presiden Prabowo pada Sidang Tahunan MPR (Bagian 1),https://www.antaranews.com/berita/5694132/pidato-kenegaraan-presiden-prabowo-pada-sidang-tahunan-mpr-bagian-1,antaranews.com,2026-08-14,low,60,ekonomi digital Aceh,Aulia,,2.0,needs_review,neutral,1,0,auto,
7143,"Saudara-saudara sekalian janji makanan bergizi, bantuan sosial digital, dan hilirisasi tidak lagi menjadi rencana di atas kertas. Semuanya telah berjalan dan manfaatnya mulai dirasakan rakyat.",Pidato Kenegaraan Presiden Prabowo pada Sidang Tahunan MPR (Bagian 1),https://www.antaranews.com/berita/5694132/pidato-kenegaraan-presiden-prabowo-pada-sidang-tahunan-mpr-bagian-1,antaranews.com,2026-08-14,low,25,ekonomi digital Aceh,Aulia,,2.0,needs_review,positive,2,0,auto,
7144,"Ini bukan alasan untuk kita berpuas diri. Ini rangsangan untuk kita bekerja lebih keras lagi. Karena kita sadari, kemerdekaan bukan hanya apa yang kita proklamasikan. Kemerdekaan adalah apa yang dapat dirasakan rakyat.",Pidato Kenegaraan Presiden Prabowo pada Sidang Tahunan MPR (Bagian 1),https://www.antaranews.com/berita/5694132/pidato-kenegaraan-presiden-prabowo-pada-sidang-tahunan-mpr-bagian-1,antaranews.com,2026-08-14,low,32,ekonomi digital Aceh,Aulia,,0.0,needs_review,neutral,0,0,auto,
7145,"Delapan puluh satu tahun yang lalu, para pendiri bangsa mewariskan kepada kita sebuah negara dan sebuah cita-cita: Indonesia yang berdaulat, adil, dan makmur; Indonesia yang kekayaannya dipergunakan sebesar-besarnya untuk kemakmuran rakyat dan tidak lagi hanya dinikmati oleh segelintir orang saja.",Pidato Kenegaraan Presiden Prabowo pada Sidang Tahunan MPR (Bagian 1),https://www.antaranews.com/berita/5694132/pidato-kenegaraan-presiden-prabowo-pada-sidang-tahunan-mpr-bagian-1,antaranews.com,2026-08-14,low,40,ekonomi digital Aceh,Aulia,,0.0,needs_review,neutral,0,0,auto,
7146,Saya tidak menerima mandat dari rakyat untuk menjelaskan mengapa masalah tidak dapat diselesaikan. Saya menerima mandat dari rakyat justru untuk menyelesaikan masalah-masalah dan mengatasi kesulitan-kesulitan rakyat.,Pidato Kenegaraan Presiden Prabowo pada Sidang Tahunan MPR (Bagian 1),https://www.antaranews.com/berita/5694132/pidato-kenegaraan-presiden-prabowo-pada-sidang-tahunan-mpr-bagian-1,antaranews.com,2026-08-14,low,26,ekonomi digital Aceh,Aulia,,0.0,needs_review,negative,0,3,auto,
7147,Kami memilih mengambil keputusan yang sulit pada hari ini daripada mewariskan masalah yang lebih berat lagi dan lebih rumit lagi kepada generasi penerus kita.,Pidato Kenegaraan Presiden Prabowo pada Sidang Tahunan MPR (Bagian 1),https://www.antaranews.com/berita/5694132/pidato-kenegaraan-presiden-prabowo-pada-sidang-tahunan-mpr-bagian-1,antaranews.com,2026-08-14,low,24,ekonomi digital Aceh,Aulia,,0.0,needs_review,negative,0,4,auto,
7148,"Saudara-saudara sekalian, pembangunan bangsa bukan pekerjaan Presiden seorang diri. Bukan pekerjaan hanya pemerintah. Republik ini dibangun oleh kerja bersama seluruh lembaga negara, pemerintah pusat dan daerah, serta seluruh elemen dari masyarakat, seluruh rakyat Indonesia.",Pidato Kenegaraan Presiden Prabowo pada Sidang Tahunan MPR (Bagian 1),https://www.antaranews.com/berita/5694132/pidato-kenegaraan-presiden-prabowo-pada-sidang-tahunan-mpr-bagian-1,antaranews.com,2026-08-14,low,34,ekonomi digital Aceh,Aulia,,1.0,needs_review,neutral,0,0,auto,
7149,"MPR RI terus menjalankan perannya sebagai Rumah Kebangsaan, memperkuat literasi konstitusi, merawat Pancasila, Undang-Undang Dasar 1945, NKRI, dan Bhinneka Tunggal Ika. Demokrasi tidak boleh berhenti pada prosedur pemilihan. Demokrasi harus memenuhi hak dasar rakyat dan berpegang kepada semua pasal-pasal di Undang Undang Dasar kita.",Pidato Kenegaraan Presiden Prabowo pada Sidang Tahunan MPR (Bagian 1),https://www.antaranews.com/berita/5694132/pidato-kenegaraan-presiden-prabowo-pada-sidang-tahunan-mpr-bagian-1,antaranews.com,2026-08-14,low,44,ekonomi digital Aceh,Aulia,,2.0,needs_review,neutral,0,0,auto,
7153,"Sesungguhnya, keadilan yang terlambat adalah ketidakadilan yang dipanjangkan.",Pidato Kenegaraan Presiden Prabowo pada Sidang Tahunan MPR (Bagian 1),https://www.antaranews.com/berita/5694132/pidato-kenegaraan-presiden-prabowo-pada-sidang-tahunan-mpr-bagian-1,antaranews.com,2026-08-14,low,8,ekonomi digital Aceh,Aulia,,0.0,needs_review,neutral,0,1,auto,
7154,"Mahkamah Konstitusi sepanjang 2025 telah menangani 701 perkara dan permohonan, termasuk 334 perselisihan hasil pemilihan kepala daerah. Sebanyak 598 perkara dan permohonan telah diputus.",Pidato Kenegaraan Presiden Prabowo pada Sidang Tahunan MPR (Bagian 1),https://www.antaranews.com/berita/5694132/pidato-kenegaraan-presiden-prabowo-pada-sidang-tahunan-mpr-bagian-1,antaranews.com,2026-08-14,low,24,ekonomi digital Aceh,Aulia,,0.0,needs_review,neutral,0,0,auto,
7155,"Sampai dengan 23 Juli 2026, 84,51 persen permohonan ke MK diajukan secara daring, sehingga warga dari Aceh sampai Papua tidak harus selalu datang ke Jakarta.",Pidato Kenegaraan Presiden Prabowo pada Sidang Tahunan MPR (Bagian 1),https://www.antaranews.com/berita/5694132/pidato-kenegaraan-presiden-prabowo-pada-sidang-tahunan-mpr-bagian-1,antaranews.com,2026-08-14,high,25,ekonomi digital Aceh,Aulia,,0.0,needs_review,neutral,0,0,auto,
7156,"BPK menjaga agar setiap rupiah uang rakyat digunakan dengan benar dan tepat. Sepanjang 2025, rekomendasi hasil pemeriksaan BPK telah menghasilkan penyelamatan keuangan negara sebesar Rp112 triliun.",Pidato Kenegaraan Presiden Prabowo pada Sidang Tahunan MPR (Bagian 1),https://www.antaranews.com/berita/5694132/pidato-kenegaraan-presiden-prabowo-pada-sidang-tahunan-mpr-bagian-1,antaranews.com,2026-08-14,low,26,ekonomi digital Aceh,Aulia,,2.0,needs_review,neutral,0,0,auto,
7157,"Kepercayaan dunia kepada auditor Indonesia juga meningkat. BPK terpilih menjadi Ketua International Organization of Supreme Audit Institutions, INTOSAI periode 2028-2031, dan anggota United Nations Board of Auditors periode 2026-2032.",Pidato Kenegaraan Presiden Prabowo pada Sidang Tahunan MPR (Bagian 1),https://www.antaranews.com/berita/5694132/pidato-kenegaraan-presiden-prabowo-pada-sidang-tahunan-mpr-bagian-1,antaranews.com,2026-08-14,low,29,ekonomi digital Aceh,Aulia,,2.0,needs_review,neutral,1,0,auto,
7158,"Komisi Yudisial pada Januari sampai Juni 2026 menerima 1.402 laporan masyarakat dan 622 permohonan pemantauan persidangan. Komisi Yudisial telah mengusulkan sanksi kepada 121 hakim yang terbukti melanggar kode etik, termasuk 14 sanksi sedang dan 17 sanksi berat.",Pidato Kenegaraan Presiden Prabowo pada Sidang Tahunan MPR (Bagian 1),https://www.antaranews.com/berita/5694132/pidato-kenegaraan-presiden-prabowo-pada-sidang-tahunan-mpr-bagian-1,antaranews.com,2026-08-14,low,37,ekonomi digital Aceh,Aulia,,0.0,needs_review,neutral,0,1,auto,
7161,Sekarang penghasilan hakim-hakim kita terutama yang junior berada di atas rata-rata ASEAN. Bahkan Ketua Mahkamah Agung telah melaporkan kepada saya bahwa penghasilan Ketua Mahkamah Agung Republik Indonesia sekarang lebih tinggi dari penghasilan Ketua Mahkamah Agung Singapura. Beliau yang laporkan kepada,Pidato Kenegaraan Presiden Prabowo pada Sidang Tahunan MPR (Bagian 1),https://www.antaranews.com/berita/5694132/pidato-kenegaraan-presiden-prabowo-pada-sidang-tahunan-mpr-bagian-1,antaranews.com,2026-08-14,low,40,ekonomi digital Aceh,Aulia,,1.0,needs_review,neutral,0,0,auto,
7162,"Saudara-saudara sebangsa dan setanah air, kita kita harus memperkuat lembaga-lembaga yudikatif. Karena para hakim mahkamah-mahkamah kita adalah benteng terakhir keadilan, adalah benteng terakhir di mana rakyat menuntut berharap bisa mendapat keadilan. Bahwa supremasi hukum dan keadilan tidak hanya untuk orang yang kuat, tapi rakyat kita yang paling tidak berdaya, harus bisa mendapat keadilan di mahkamah-mahkamah kita, di pengadilan-pengadilan kita",Pidato Kenegaraan Presiden Prabowo pada Sidang Tahunan MPR (Bagian 1),https://www.antaranews.com/berita/5694132/pidato-kenegaraan-presiden-prabowo-pada-sidang-tahunan-mpr-bagian-1,antaranews.com,2026-08-14,low,59,ekonomi digital Aceh,Aulia,,2.0,needs_review,neutral,0,0,auto,
7163,"Saudara-saudara sekalian, kita mengetahui dunia sedang menghadapi konflik geopolitik, perang dagang, perang terbuka di Eropa, di Timur Tengah, dan berbagai tempat lain di dunia.",Pidato Kenegaraan Presiden Prabowo pada Sidang Tahunan MPR (Bagian 1),https://www.antaranews.com/berita/5694132/pidato-kenegaraan-presiden-prabowo-pada-sidang-tahunan-mpr-bagian-1,antaranews.com,2026-08-14,low,24,ekonomi digital Aceh,Aulia,,1.0,needs_review,neutral,0,0,auto,
7170,"Itulah orientasi pemerintah yang saya pimpin, kita tidak boleh meninggalkan mereka yang tidak berdaya, kita tidak boleh membiarkan kelaparan ada di bumi Indonesia. Republik Indonesia anggota G20 itu tidak pantas masih ada rakyat kita yang lapar",Pidato Kenegaraan Presiden Prabowo pada Sidang Tahunan MPR (Bagian 1),https://www.antaranews.com/berita/5694132/pidato-kenegaraan-presiden-prabowo-pada-sidang-tahunan-mpr-bagian-1,antaranews.com,2026-08-14,low,36,ekonomi digital Aceh,Aulia,,1.0,needs_review,neutral,0,0,auto,
7171,"Saudara-saudara sekalian, bangsa yang kuat adalah bangsa yang mampu memberi makan rakyatnya sendiri. Ketika kami menerima mandat, petani masih menghadapi pupuk yang sulit diperoleh, harga gabah yang jatuh setiap saat panen, aturan yang berbelit-belit.",Pidato Kenegaraan Presiden Prabowo pada Sidang Tahunan MPR (Bagian 1),https://www.antaranews.com/berita/5694132/pidato-kenegaraan-presiden-prabowo-pada-sidang-tahunan-mpr-bagian-1,antaranews.com,2026-08-14,low,34,ekonomi digital Aceh,Aulia,,2.0,needs_review,neutral,0,1,auto,
7172,"Kita harus berani menghadapi kesulitan dan masalah ini dan dengan demikian walaupun kita tidak menyalahkan siapapun, kita melangkah dengan mencari solusi. Birokrasi tidak boleh menghambat keputusan yang baik, kita harus mengakui masalah bangsa kita adalah antara lain masalah birokrasi yang berbelit-belit, birokrasi yang tidak bekerja dengan efisien.",Pidato Kenegaraan Presiden Prabowo pada Sidang Tahunan MPR (Bagian 1),https://www.antaranews.com/berita/5694132/pidato-kenegaraan-presiden-prabowo-pada-sidang-tahunan-mpr-bagian-1,antaranews.com,2026-08-14,low,47,ekonomi digital Aceh,Aulia,,2.0,needs_review,negative,0,4,auto,
7173,"Para birokrat yang sering menggunakan jabatan dan wewenangnya untuk memperkaya diri, memperkaya keluarganya dan memperkaya kelompoknya, ini harus kita berantas, bukan kita tutup-tutupi.",Pidato Kenegaraan Presiden Prabowo pada Sidang Tahunan MPR (Bagian 1),https://www.antaranews.com/berita/5694132/pidato-kenegaraan-presiden-prabowo-pada-sidang-tahunan-mpr-bagian-1,antaranews.com,2026-08-14,low,23,ekonomi digital Aceh,Aulia,,0.0,needs_review,neutral,0,1,auto,
7174,"Era sekarang era digital, era informasi, tidak ada gunanya kita tutup-tutupi justru kita harus selesaikan masalah ini dan ini membutuhkan persatuan di antara semua pemimpin dan kelompok politik. Karena birokrasi yang tidak efisien, birokrasi yang korup akan menghancurkan suatu bangsa. Negara harus memudahkan rakyat, bukan mempersulit.",Pidato Kenegaraan Presiden Prabowo pada Sidang Tahunan MPR (Bagian 1),https://www.antaranews.com/berita/5694132/pidato-kenegaraan-presiden-prabowo-pada-sidang-tahunan-mpr-bagian-1,antaranews.com,2026-08-14,low,46,ekonomi digital Aceh,Aulia,,2.0,needs_review,negative,0,3,auto,
7177,"Mana Pak Joko? Kita tepuk tangan untuk Pak Joko, sebagai wakil dari para petani Indonesia, para pahlawan bangsa, produsen pangan bagi seluruh rakyat Indonesia.",Pidato Kenegaraan Presiden Prabowo pada Sidang Tahunan MPR (Bagian 1),https://www.antaranews.com/berita/5694132/pidato-kenegaraan-presiden-prabowo-pada-sidang-tahunan-mpr-bagian-1,antaranews.com,2026-08-14,low,24,ekonomi digital Aceh,Aulia,,0.0,needs_review,neutral,0,0,auto,
7178,"Kita boleh punya tentara yang paling hebat, boleh punya pesawat terbang yang canggih, kalau tidak ada makan, saya kira bangsa ini berhenti saja sebagai bangsa.",Pidato Kenegaraan Presiden Prabowo pada Sidang Tahunan MPR (Bagian 1),https://www.antaranews.com/berita/5694132/pidato-kenegaraan-presiden-prabowo-pada-sidang-tahunan-mpr-bagian-1,antaranews.com,2026-08-14,low,25,ekonomi digital Aceh,Aulia,,1.0,needs_review,neutral,0,0,auto,
7180,"Saudara-saudara sekalian, dalam satu tahun terakhir ini Indonesia mencapai suasembada delapan komunitas pangan dan dengan demikian kita menyadari bahwa capaian kita cukup membanggakan. Kita masih belum swasembada bawang putih, kita berjuang agar dalam tiga tahun kita bisa mencapai swasembada bawang putih, yang saya sebutkan tadi daging masih belum, daging sapi yang belum, daging kerbau juga belum. Tapi daging ayam sudah. Pada dasarnya sebetulnya untuk protein sebenarnya kita sudah swasembada, yaitu protein dari ikan, protein dari telur, protein dari daging ayam.",Pidato Kenegaraan Presiden Prabowo pada Sidang Tahunan MPR (Bagian 1),https://www.antaranews.com/berita/5694132/pidato-kenegaraan-presiden-prabowo-pada-sidang-tahunan-mpr-bagian-1,antaranews.com,2026-08-14,low,80,ekonomi digital Aceh,Aulia,,2.0,needs_review,neutral,0,0,auto,
7182,"Di bidang perikanan kita sedang membangun Kampung Nelayan Merah Putih yang akan dilengkapi pelabuhan, dermaga, tempat pelelangan ikan, penyimpanan ruang dingin, bengkel, pengolahan hasil laut, perumahan dan fasilitas sosial. Hari ini 100 Kampung Nelayan telah kita bangun target kita 1386 kampung nelayan akan berdiri dan berfungsi pada akhir Desember 2026.",Pidato Kenegaraan Presiden Prabowo pada Sidang Tahunan MPR (Bagian 1),https://www.antaranews.com/berita/5694132/pidato-kenegaraan-presiden-prabowo-pada-sidang-tahunan-mpr-bagian-1,antaranews.com,2026-08-14,low,50,ekonomi digital Aceh,Aulia,,2.0,needs_review,neutral,0,0,auto,
7183,"Laut Indonesia harus menjadi sumber kemakmuran nelayan Indonesia. Nilai perikanan kita setiap tahun adalah sekitar 34 miliar dolar. Baru hanya mungkin 5 persen yang dapat kita nikmati, sisanya diambil oleh kapal-kapal negara lain tanpa izin.",Pidato Kenegaraan Presiden Prabowo pada Sidang Tahunan MPR (Bagian 1),https://www.antaranews.com/berita/5694132/pidato-kenegaraan-presiden-prabowo-pada-sidang-tahunan-mpr-bagian-1,antaranews.com,2026-08-14,low,35,ekonomi digital Aceh,Aulia,,1.0,needs_review,neutral,0,0,auto,
7184,"Kita bayangkan berapa nilai yang kita hilang tiap hari, tiap malam. Kita juga harus membangun armada kapal ikan yang modern, kita butuh belasan ribu kapal. Ini tantangan berat tapi kita harus mulai. Pada tahun 2027 akan datang kita targetkan, kita akan mulai membangun 1.582 kapal ikan modern",Pidato Kenegaraan Presiden Prabowo pada Sidang Tahunan MPR (Bagian 1),https://www.antaranews.com/berita/5694132/pidato-kenegaraan-presiden-prabowo-pada-sidang-tahunan-mpr-bagian-1,antaranews.com,2026-08-14,low,47,ekonomi digital Aceh,Aulia,,1.0,needs_review,negative,0,2,auto,
7187,"Kita tidak antipasar, tidak bisa kita antipasar. Ekonomi adalah didasarkan atas bergeraknya pasar, tapi pasar bisa dimanipulasi, pasar bisa dirusak, pasar bisa diatur oleh mereka yang menguasai modal besar dan karena itu rakyat kita harus kita bantu, kita harus organisir, kita harus berdayakan melalui koperasi. Koperasi yang dibantu, koperasi yang diperkuat, koperasi yang diberdayakan.",Pidato Kenegaraan Presiden Prabowo pada Sidang Tahunan MPR (Bagian 1),https://www.antaranews.com/berita/5694132/pidato-kenegaraan-presiden-prabowo-pada-sidang-tahunan-mpr-bagian-1,antaranews.com,2026-08-14,low,54,ekonomi digital Aceh,Aulia,,2.0,needs_review,neutral,0,0,auto,
7188,"Saudara-saudara sekalian,semua barang-barang subsidi akan disalurkan melalui Koperasi Merah Putih sehingga barang-barang subsidi tidak boleh dan tidak bisa diperdagangkan. Subsidi adalah barang uang rakyat, barang yang disubsidi disubsidi oleh uang rakyat ,untuk rakyat dan bukan dagangan.",Pidato Kenegaraan Presiden Prabowo pada Sidang Tahunan MPR (Bagian 1),https://www.antaranews.com/berita/5694132/pidato-kenegaraan-presiden-prabowo-pada-sidang-tahunan-mpr-bagian-1,antaranews.com,2026-08-14,low,36,ekonomi digital Aceh,Aulia,,3.0,needs_review,neutral,0,0,auto,
7189,"Saudara-saudara, BUMN adalah milik seluruh rakyat Indonesia, BUMN tidak boleh milik direksi, bukan milik komisaris, bukan pula sumber dana bagi penguasa. Maaf agak terlalu semangat.",Pidato Kenegaraan Presiden Prabowo pada Sidang Tahunan MPR (Bagian 1),https://www.antaranews.com/berita/5694132/pidato-kenegaraan-presiden-prabowo-pada-sidang-tahunan-mpr-bagian-1,antaranews.com,2026-08-14,low,25,ekonomi digital Aceh,Aulia,,2.0,needs_review,neutral,0,0,auto,
7190,"Ketika kita bentuk Danantara, itu adalah dana kedaulatan kita, kita menemukan bahwa ada 1.074 BUMN dan BUMN-BUMN itu ada yang punya anak perusahaan dan ada yang punya cucu perusahaan, bahkan ada yang punya cicit perusahaan. Ini luar biasa, saya mengira BUMN itu adalah 300 atau 400, dan BUMN-BUMN ini kadang-kadang bekerja seenaknya, tidak bertanggung jawab kepada bangsa, kepada negara, pemerintah tidak dianggap, saya tidak paham bagaimana bisa terjadi seperti ini.",Pidato Kenegaraan Presiden Prabowo pada Sidang Tahunan MPR (Bagian 1),https://www.antaranews.com/berita/5694132/pidato-kenegaraan-presiden-prabowo-pada-sidang-tahunan-mpr-bagian-1,antaranews.com,2026-08-14,low,70,ekonomi digital Aceh,Aulia,,2.0,needs_review,neutral,0,0,auto,
7191,"Mungkin harus kita bentuk suatu pengadilan ad hoc khusus untuk kita usut, untuk kita usut pengurus-pengurus direksi 30 tahun ke belakang mungkin.",Pidato Kenegaraan Presiden Prabowo pada Sidang Tahunan MPR (Bagian 1),https://www.antaranews.com/berita/5694132/pidato-kenegaraan-presiden-prabowo-pada-sidang-tahunan-mpr-bagian-1,antaranews.com,2026-08-14,low,22,ekonomi digital Aceh,Aulia,,0.0,needs_review,neutral,0,0,auto,
7192,"Tapi, saya juga akan menghadapi majelis, saya akan menghadapi DPR, saya akan minta kalau perlu kita memberi juga peluang semacam amnesti khusus untuk mereka yang tobat, mereka yang sadar, mereka yang mengakui. Nah ini saya serahkan kepada wakil-wakil rakyat untuk memutuskan.",Pidato Kenegaraan Presiden Prabowo pada Sidang Tahunan MPR (Bagian 1),https://www.antaranews.com/berita/5694132/pidato-kenegaraan-presiden-prabowo-pada-sidang-tahunan-mpr-bagian-1,antaranews.com,2026-08-14,low,41,ekonomi digital Aceh,Aulia,,1.0,needs_review,neutral,1,0,auto,
7194,"Tapi, saya dengan bangga hari ini, saya mau laporkan kepada majelis yang terhormat, hari ini kita telah menutup 290 BUMN. Pada Desember 31, 2026, kita targetkan hanya akan memiliki paling banyak 300 BUMN, 750 BUMN lebih akan kita tutup. Hanya yang produktif, hanya yang menciptakan nilai tambah untuk rakyat akan kita pertahankan. Ini mungkin restrukturisasi korporasi terbesar di dunia.",Pidato Kenegaraan Presiden Prabowo pada Sidang Tahunan MPR (Bagian 1),https://www.antaranews.com/berita/5694132/pidato-kenegaraan-presiden-prabowo-pada-sidang-tahunan-mpr-bagian-1,antaranews.com,2026-08-14,low,59,ekonomi digital Aceh,Aulia,,2.0,needs_review,neutral,0,1,auto,
7197,"Juga tim pertanian, tim ekonomi saya minta berdiri semua. Saya minta majelis memberi penghargaan ke mereka tim ekonomi juga. Menteri keuangan, menteri ekonomi. Kalau menteri keuangan senyum, saya merasa aman, tapi kalau saya umumkan subsidi tambah, mengkerut beliau.",Pidato Kenegaraan Presiden Prabowo pada Sidang Tahunan MPR (Bagian 1),https://www.antaranews.com/berita/5694132/pidato-kenegaraan-presiden-prabowo-pada-sidang-tahunan-mpr-bagian-1,antaranews.com,2026-08-14,low,38,ekonomi digital Aceh,Aulia,,3.0,needs_review,neutral,1,0,auto,
7198,"Saudara-saudara, akhir tahun lalu, kita telah tutup 1.000 tambang timah ilegal di Bangka Belitung, 1.000 tambang ilegal. Saya telah minta Panglima TNI dan Kapolri untuk usut, masa seribu tamban, pejabat TNI dan pejabat Polri gak tau.",Pidato Kenegaraan Presiden Prabowo pada Sidang Tahunan MPR (Bagian 1),https://www.antaranews.com/berita/5694132/pidato-kenegaraan-presiden-prabowo-pada-sidang-tahunan-mpr-bagian-1,antaranews.com,2026-08-14,low,36,ekonomi digital Aceh,Aulia,,1.0,needs_review,neutral,0,1,auto,
7199,"Kapolri dan Panglima TNI usut untuk apa negara kasih pangkat kasih jabatan mereka-mereka kalau gak bisa tertibkan ini. Saya bicara atas nama rakyat Indonesia, ini wakil-wakil rakyat semua di sini.",Pidato Kenegaraan Presiden Prabowo pada Sidang Tahunan MPR (Bagian 1),https://www.antaranews.com/berita/5694132/pidato-kenegaraan-presiden-prabowo-pada-sidang-tahunan-mpr-bagian-1,antaranews.com,2026-08-14,low,30,ekonomi digital Aceh,Aulia,,0.0,needs_review,neutral,0,0,auto,
7201,"Saya sadar saya disumpah di sini, saya tidak bisa mengizinkan perasaan saya harus menentukan kebijakan saya. Saya harus menentukan kebijakan saya atas dasar kepentingan rakyat Indonesia. Karena itu saya minta bener-bener Panglima TNI dan Kapolri usut. Tidak mungkin seribu tambang berjalan ilegal tanpa pejabat kepolisian dan pejabat polisi.",Pidato Kenegaraan Presiden Prabowo pada Sidang Tahunan MPR (Bagian 1),https://www.antaranews.com/berita/5694132/pidato-kenegaraan-presiden-prabowo-pada-sidang-tahunan-mpr-bagian-1,antaranews.com,2026-08-14,low,48,ekonomi digital Aceh,Aulia,,2.0,needs_review,neutral,0,0,auto,
7202,"Tapi Menteri Keuangan usut bea cukai juga. Iya kan? Bakamla, tugasmu jaga itu penyelundupan, kenapa masih banyak penyelundupan di situ.",Pidato Kenegaraan Presiden Prabowo pada Sidang Tahunan MPR (Bagian 1),https://www.antaranews.com/berita/5694132/pidato-kenegaraan-presiden-prabowo-pada-sidang-tahunan-mpr-bagian-1,antaranews.com,2026-08-14,low,20,ekonomi digital Aceh,Aulia,,1.0,needs_review,neutral,0,0,auto,
7203,"Sebab tidak ada masalah, kita justru menantang mereka berbuat yang terbaik mereka itu anak-anak kita. Tapi harus kita berani tegakkan kebenaran. Rakyat kita sekarang tidak mau terima ketidakadilan, tidak mau melihat lagi penyelewengan, mereka bukan bodoh, mereka pinter.",Pidato Kenegaraan Presiden Prabowo pada Sidang Tahunan MPR (Bagian 1),https://www.antaranews.com/berita/5694132/pidato-kenegaraan-presiden-prabowo-pada-sidang-tahunan-mpr-bagian-1,antaranews.com,2026-08-14,low,38,ekonomi digital Aceh,Aulia,,1.0,needs_review,neutral,1,1,auto,
7204,Orang yang paling rendah paling tidak berdaya sudah punya gadget-gadget semua.,Pidato Kenegaraan Presiden Prabowo pada Sidang Tahunan MPR (Bagian 1),https://www.antaranews.com/berita/5694132/pidato-kenegaraan-presiden-prabowo-pada-sidang-tahunan-mpr-bagian-1,antaranews.com,2026-08-14,low,11,ekonomi digital Aceh,Aulia,,0.0,needs_review,neutral,0,0,auto,
7205,"Saudara-saudara bayangkan dalam dalam 6 bulan pertama tahun 2026 ini, PP Timah telah mencapai keuntungan Rp2,7 triliun, 9 kali lebih tinggi dibandingkan periode yang sama tahun lalu. Artinya naik 900 persen, dalam enam bulan naik keuntungan 900 persen. Karena PT Timah adalah TBK, PT Timah valuasinya sekarang naik 280 persen di bulan Agustus 2026 dibanding Agustus 2025 lalu.",Pidato Kenegaraan Presiden Prabowo pada Sidang Tahunan MPR (Bagian 1),https://www.antaranews.com/berita/5694132/pidato-kenegaraan-presiden-prabowo-pada-sidang-tahunan-mpr-bagian-1,antaranews.com,2026-08-14,low,58,ekonomi digital Aceh,Aulia,,2.0,needs_review,neutral,0,0,auto,
7206,"Saudara-saudara yang mungkin punya saham di PT Timah berarti kekayaannya naik 300 persen. Sayang kepala BP Dantaranta tidak memberi proyeksi kepada kita, kalau tidak kita borong itu saham PT Timah.",Pidato Kenegaraan Presiden Prabowo pada Sidang Tahunan MPR (Bagian 1),https://www.antaranews.com/berita/5694132/pidato-kenegaraan-presiden-prabowo-pada-sidang-tahunan-mpr-bagian-1,antaranews.com,2026-08-14,low,30,ekonomi digital Aceh,Aulia,,2.0,needs_review,neutral,0,0,auto,
7207,"Pembenahan BUMN kita lakukan secara besar-besaran. Di enam bulan pertama tahun 2026 ini, untung bersih PT Semen Indonesia naik 408,9 persen, untung bersih PT Pupuk Indonesia naik 252,8 persen, untung bersih PT Pertamina naik 86 persen, untung bersih Pegadaian naik 84,4 persen, untung bersih Pelindo naik 60,4 persen, dan untung bersih PTPN naik 54,4 persen.",Pidato Kenegaraan Presiden Prabowo pada Sidang Tahunan MPR (Bagian 1),https://www.antaranews.com/berita/5694132/pidato-kenegaraan-presiden-prabowo-pada-sidang-tahunan-mpr-bagian-1,antaranews.com,2026-08-14,low,55,ekonomi digital Aceh,Aulia,,2.0,needs_review,neutral,0,0,auto,
7209,"Garuda Indonesia yang sudah sekian tahun rugi, sekarang sudah ada harapan untuk kembali untung. Kalau kemarin tidak terjadi perang di Timur Tengah, sesungguhnya bulan Juli ini Indonesia sudah untung, kita sekarang berharap di awal tahun 2027 mereka sudah mulai untung.",Pidato Kenegaraan Presiden Prabowo pada Sidang Tahunan MPR (Bagian 1),https://www.antaranews.com/berita/5694132/pidato-kenegaraan-presiden-prabowo-pada-sidang-tahunan-mpr-bagian-1,antaranews.com,2026-08-14,low,40,ekonomi digital Aceh,Aulia,,0.0,needs_review,neutral,1,0,auto,
7210,"Saudara-saudara, saya juga sudah ingatkan di sini, saya tidak mau toleransi permainan angka, dengan laporan palsu. Kita harus dapat angka-angka yang benar, yang tepat. Walaupun kadang-kadang pahit.",Pidato Kenegaraan Presiden Prabowo pada Sidang Tahunan MPR (Bagian 1),https://www.antaranews.com/berita/5694132/pidato-kenegaraan-presiden-prabowo-pada-sidang-tahunan-mpr-bagian-1,antaranews.com,2026-08-14,low,27,ekonomi digital Aceh,Aulia,,0.0,needs_review,neutral,0,0,auto,
7211,"Kita telah mengoreksi laporan dari banyak BUMN, setelah kita koreksi hasil BUMN tahun 2024 menjadi Rp186 triliun, dividen BUMN di tahun 2024 adalah Rp85,5 triliun.",Pidato Kenegaraan Presiden Prabowo pada Sidang Tahunan MPR (Bagian 1),https://www.antaranews.com/berita/5694132/pidato-kenegaraan-presiden-prabowo-pada-sidang-tahunan-mpr-bagian-1,antaranews.com,2026-08-14,low,25,ekonomi digital Aceh,Aulia,,0.0,needs_review,neutral,0,0,auto,
7213,"Namun, tentu lebih tepat angka dividen BUMN dilihat secara net dengan penanaman modal negara atau PMN yang diberikan dari APBN ke BUMN pada tahun yang sama.",Pidato Kenegaraan Presiden Prabowo pada Sidang Tahunan MPR (Bagian 1),https://www.antaranews.com/berita/5694132/pidato-kenegaraan-presiden-prabowo-pada-sidang-tahunan-mpr-bagian-1,antaranews.com,2026-08-14,low,26,ekonomi digital Aceh,Aulia,,2.0,needs_review,neutral,0,0,auto,
7214,"Pada tahun 2024, dividen BUMN dikurangi PMN adalah Rp53 triliun. Tahun 2025, dividen BUMN dikurangi PMN adalah Rp138 triliun, naik 160 persen.",Pidato Kenegaraan Presiden Prabowo pada Sidang Tahunan MPR (Bagian 1),https://www.antaranews.com/berita/5694132/pidato-kenegaraan-presiden-prabowo-pada-sidang-tahunan-mpr-bagian-1,antaranews.com,2026-08-14,low,22,ekonomi digital Aceh,Aulia,,2.0,needs_review,neutral,0,1,auto,
7216,"Saudara-saudara ini membuktikan dengan manajemen akal sehat, dengan niat tidak menipu, keberhasilan kita bisa datang dengan cepat. Sekali lagi saya apresiasi manajemen dan pimpinan Danantara. Saya kira pantas pimpinan Danantara nanti mendapat bintang kehormatan yang pantas di suasana Hari Kemerdekaan ini.",Pidato Kenegaraan Presiden Prabowo pada Sidang Tahunan MPR (Bagian 1),https://www.antaranews.com/berita/5694132/pidato-kenegaraan-presiden-prabowo-pada-sidang-tahunan-mpr-bagian-1,antaranews.com,2026-08-14,low,41,ekonomi digital Aceh,Aulia,,2.0,needs_review,neutral,1,0,auto,
7217,Apakah majelis menyetujui? Pantas tidak mereka mendapatkan tanda kehormatan? Pantas tidak?,Pidato Kenegaraan Presiden Prabowo pada Sidang Tahunan MPR (Bagian 1),https://www.antaranews.com/berita/5694132/pidato-kenegaraan-presiden-prabowo-pada-sidang-tahunan-mpr-bagian-1,antaranews.com,2026-08-14,low,11,ekonomi digital Aceh,Aulia,,0.0,needs_review,neutral,0,0,auto,
7218,"Keuntungan BUMN sekarang digunakan untuk mempercepat upaya hilirisasi kita. Dengan Danantara, kita sudahground breaking13 proyek hilirisasi pada tanggal 6 Februari 2026, dan 13 lagi proyek hilirisasi pada tanggal 29 April 2026.",Pidato Kenegaraan Presiden Prabowo pada Sidang Tahunan MPR (Bagian 1),https://www.antaranews.com/berita/5694132/pidato-kenegaraan-presiden-prabowo-pada-sidang-tahunan-mpr-bagian-1,antaranews.com,2026-08-14,low,31,ekonomi digital Aceh,Aulia,,2.0,needs_review,neutral,0,0,auto,
7219,"Proyek-proyek seperti pengolahan batu bara menjadi DME menggantikan LPG, hilirisasi tembaga dan emas, pengolahan garam industri, dansmelteralumina menjadi aluminum menghasilkan puluhan ribu lapangan kerja baru. Belum lagi proyek-proyekwaste to energyyang telah juga kita mulai.",Pidato Kenegaraan Presiden Prabowo pada Sidang Tahunan MPR (Bagian 1),https://www.antaranews.com/berita/5694132/pidato-kenegaraan-presiden-prabowo-pada-sidang-tahunan-mpr-bagian-1,antaranews.com,2026-08-14,low,34,ekonomi digital Aceh,Aulia,,0.0,needs_review,neutral,0,0,auto,
7221,"Saudara-saudara, sebagai contoh untuk meningkatkan hasil daging, kita perlu sapi yang banyak. Dengan itu kita bisa mendapatkan teknologicloningdengancloningkita bisa memperbanyak kita punya ternak.",Pidato Kenegaraan Presiden Prabowo pada Sidang Tahunan MPR (Bagian 1),https://www.antaranews.com/berita/5694132/pidato-kenegaraan-presiden-prabowo-pada-sidang-tahunan-mpr-bagian-1,antaranews.com,2026-08-14,low,23,ekonomi digital Aceh,Aulia,,2.0,needs_review,neutral,1,0,auto,
7230,Jakarta (ANTARA) - Kementerian Pariwisata dan Departemen Ekonomi dan Keuangan Syariah (DEKS) Bank Indonesia (BI) menggelar pelatihan bagi 25 perwakilan desa wisata unggulan dari berbagai provinsi untuk memperkuat daya saing pariwisata ramah muslim nasional.,Kemenpar-BI gelar pelatihan guna perkuat wisata ramah muslim,https://www.antaranews.com/berita/5688676/kemenpar-bi-gelar-pelatihan-guna-perkuat-wisata-ramah-muslim,antaranews.com,2026-08-11,low,34,ekonomi digital Aceh,Aulia,,2.0,needs_review,neutral,1,0,auto,
7235,"Selama tiga hari, peserta mengikuti rangkaian pelatihan intensif, pendampingan, diskusi kelompok, penyusunan rencana tindak lanjut, hingga kunjungan lapangan. Materi dan pendampingan difokuskan kepada penguatan kelembagaan dan tata kelola desa wisata, pengembangan produk serta pengalaman wisata berbasis potensi lokal, pemasaran digital, penyusunan indikator kinerja, dan implementasi prinsip Pariwisata Ramah Muslim (PRM).",Kemenpar-BI gelar pelatihan guna perkuat wisata ramah muslim,https://www.antaranews.com/berita/5688676/kemenpar-bi-gelar-pelatihan-guna-perkuat-wisata-ramah-muslim,antaranews.com,2026-08-11,low,50,ekonomi digital Aceh,Aulia,,2.0,needs_review,positive,2,0,auto,
7236,"Peserta juga mendapatkan pendampingan untuk mengidentifikasi potensi dan tantangan masing-masing desa wisata, menyusun serta menyempurnakan paket wisata berbasis potensi lokal, sekaligus mengembangkan strategi pemasaran yang lebih efektif dan berbasis data.",Kemenpar-BI gelar pelatihan guna perkuat wisata ramah muslim,https://www.antaranews.com/berita/5688676/kemenpar-bi-gelar-pelatihan-guna-perkuat-wisata-ramah-muslim,antaranews.com,2026-08-11,low,30,ekonomi digital Aceh,Aulia,,0.0,needs_review,neutral,1,1,auto,
7238,Hal lain yang diberikan yakni berupa pembekalan mengenai pedoman layanan dasar pariwisata ramah muslim dan petunjuk teknis destinasi wisata ramah muslim sebagai standar yang menjadi acuan pengembangan destinasi PRM.,Kemenpar-BI gelar pelatihan guna perkuat wisata ramah muslim,https://www.antaranews.com/berita/5688676/kemenpar-bi-gelar-pelatihan-guna-perkuat-wisata-ramah-muslim,antaranews.com,2026-08-11,low,29,ekonomi digital Aceh,Aulia,,2.0,needs_review,neutral,1,0,auto,
7239,"Pedoman dan petunjuk teknis tersebut membahas ketersediaan makanan dan minuman halal, sarana ibadah yang bersih dan mudah diakses, serta fasilitas sanitasi yang layak, khususnya pada unsur atraksi, amenitas, dan aksesibilitas (3A).",Kemenpar-BI gelar pelatihan guna perkuat wisata ramah muslim,https://www.antaranews.com/berita/5688676/kemenpar-bi-gelar-pelatihan-guna-perkuat-wisata-ramah-muslim,antaranews.com,2026-08-11,low,31,ekonomi digital Aceh,Aulia,,2.0,needs_review,neutral,0,0,auto,
7240,"Masruroh menyatakan PRM kini dijadikan sebagai pendekatan untuk meningkatkan kualitas layanan dan pengalaman wisatawan dengan tetap mengedepankan budaya, kearifan lokal, serta keunikan setiap desa wisata.",Kemenpar-BI gelar pelatihan guna perkuat wisata ramah muslim,https://www.antaranews.com/berita/5688676/kemenpar-bi-gelar-pelatihan-guna-perkuat-wisata-ramah-muslim,antaranews.com,2026-08-11,low,25,ekonomi digital Aceh,Aulia,,2.0,needs_review,neutral,1,0,auto,
7241,"Nilai-nilai tersebut selaras dengan karakter pariwisata Indonesia yang menjunjung tinggi keramahan, kebersihan, kenyamanan, serta penghormatan terhadap keberagaman, kata dia.",Kemenpar-BI gelar pelatihan guna perkuat wisata ramah muslim,https://www.antaranews.com/berita/5688676/kemenpar-bi-gelar-pelatihan-guna-perkuat-wisata-ramah-muslim,antaranews.com,2026-08-11,low,19,ekonomi digital Aceh,Aulia,,0.0,needs_review,neutral,0,0,auto,
7242,"Masruroh turut menekankan bahwa pengembangan wisata ramah muslim menjadi salah satu strategi untuk mewujudkan pariwisata berkualitas, terutama melalui penyediaan layanan tambahan yang memenuhi kebutuhan wisatawan muslim tanpa mengubah karakter, budaya, maupun identitas destinasi.",Kemenpar-BI gelar pelatihan guna perkuat wisata ramah muslim,https://www.antaranews.com/berita/5688676/kemenpar-bi-gelar-pelatihan-guna-perkuat-wisata-ramah-muslim,antaranews.com,2026-08-11,low,33,ekonomi digital Aceh,Aulia,,2.0,needs_review,neutral,1,0,auto,
7243,"Pendekatan tersebut sejalan dengan upaya membangun pariwisata Indonesia yang semakin berkualitas, inklusif, berkelanjutan, serta berorientasi pada peningkatan pengalaman wisatawan.",Kemenpar-BI gelar pelatihan guna perkuat wisata ramah muslim,https://www.antaranews.com/berita/5688676/kemenpar-bi-gelar-pelatihan-guna-perkuat-wisata-ramah-muslim,antaranews.com,2026-08-11,low,19,ekonomi digital Aceh,Aulia,,1.0,needs_review,neutral,0,0,auto,
7248,"Surabaya (ANTARA) - Bulan Agustus adalah bulan ""kenang juang"" bagi bangsa Indonesia yang dapat dimanfaatkan untuk melipatgandakan nasionalisme. Cinta kebangsaan yang mengakar, laten ke dalam jiwa, kemudian menjadi roh bangsa sehingga kokoh laksana akar pohon besar bernama Indonesia. Bagi saya, salah satu akar terkuat itu berupa seperangkat mental spiritual bangsa yang bisa ditumbuhkan melalui budaya cinta sastra.",Sastra untuk penyadaran kebangsaan,https://www.antaranews.com/berita/5685471/sastra-untuk-penyadaran-kebangsaan,antaranews.com,2026-08-08,low,57,ekonomi digital Aceh,Aulia,,2.0,needs_review,positive,2,0,auto,
7249,"Bangsa besar sejatinya dibangun oleh dua kekuatan yang saling melengkapi. Pertama, kekuatan ""fisik"" berupa wilayah, pemerintahan, ekonomi, teknologi, partai politik, dan pertahanan. Kedua, kekuatan batin berupa nilai, keyakinan, memori kolektif, cita-cita, dan rasa cinta tanah air. Persoalan kedua itulah justru menjadi wilayah yang tiada batas: samudera tak bertepi.",Sastra untuk penyadaran kebangsaan,https://www.antaranews.com/berita/5685471/sastra-untuk-penyadaran-kebangsaan,antaranews.com,2026-08-08,low,48,ekonomi digital Aceh,Aulia,,1.0,needs_review,neutral,0,0,auto,
7250,"Bangsa yang hanya mengandalkan pembangunan fisik, terlihat megah tetapi bisa jadi rapuh dari dalam. Sebaliknya, bangsa pemilik kekuatan batin dengan seperangkat kecerdasan mental yang kuat akan mampu bertahan menghadapi berbagai krisis di depannya. Sebab, rakyatnya telah berkesadaran. Mereka adalah bagian ""yang hidup"" dari sebuah perjalanan sejarah dan kebudayaan bangsa. Contoh mutakhir adalah bangsa Iran (Persia), yang merawat ketahanan militernya berbasis simbol-simbol literasi kesastraan mereka.",Sastra untuk penyadaran kebangsaan,https://www.antaranews.com/berita/5685471/sastra-untuk-penyadaran-kebangsaan,antaranews.com,2026-08-08,low,64,ekonomi digital Aceh,Aulia,,0.0,needs_review,neutral,0,0,auto,
7251,"Membangun kekuatan batin bangsa butuh kehadiran sastra. Sastra memiliki kontribusi besar, sastra bukan sekadar kumpulan cerita, puisi, novel, atau drama yang ditulis sebagai hiburan belaka.",Sastra untuk penyadaran kebangsaan,https://www.antaranews.com/berita/5685471/sastra-untuk-penyadaran-kebangsaan,antaranews.com,2026-08-08,low,25,ekonomi digital Aceh,Aulia,,0.0,needs_review,neutral,1,0,auto,
7252,"Sastra adalah ruang belajar untuk menjadi manusia berkarakter kuat. Melalui kisah-kisah rekaan, sastra mengajarkan empati, keberanian, pengorbanan, kejujuran, keadilan, dan cinta kasih.",Sastra untuk penyadaran kebangsaan,https://www.antaranews.com/berita/5685471/sastra-untuk-penyadaran-kebangsaan,antaranews.com,2026-08-08,low,22,ekonomi digital Aceh,Aulia,,1.0,needs_review,neutral,0,0,auto,
7253,"Dari kumpulan puisi Taufiq Ismail,Malu (Aku) Jadi Orang Indonesia(2000), misalnya, kita akan menemukan kembali rasa malu ketika melihat realitas bangsa Indonesia yang penuh paradoks dan ironi. Arafat Nur dengan sejumlah novel kritiknya terhadap militerisme di Aceh, dengan tonggak novelLampuki(2011), menyentakkan kesadaran akan pentingnya penataan ulang mentalitas berbangsa agar terbangun sebuah harmoni yang indah suatu negara.",Sastra untuk penyadaran kebangsaan,https://www.antaranews.com/berita/5685471/sastra-untuk-penyadaran-kebangsaan,antaranews.com,2026-08-08,high,55,ekonomi digital Aceh,Aulia,,0.0,needs_review,neutral,0,0,auto,
7254,"Kumpulan puisi KH Mustofa Bisri atau Gus Mus,Pahlawan dan Tikus(2019) mengingatkan akan realitas korupsi tanah air di satu sisi dan di sisi lain bagaimana pentingnya modal mental spiritualitas bangsa yang arif dibangun. Sebuah kritik atas kerakusan dan kepalsuan akan hilangnya nilai kejujuran di masyarakat. Tentu, ini sebuah refleksi empirik dan estetik yang bisa melahirkan kesadaran kita dalam memantik ulang kesadaran akan nilai moralitas berbangsa.",Sastra untuk penyadaran kebangsaan,https://www.antaranews.com/berita/5685471/sastra-untuk-penyadaran-kebangsaan,antaranews.com,2026-08-08,low,64,ekonomi digital Aceh,Aulia,,2.0,needs_review,neutral,0,0,auto,
7255,"Nilai-nilai moralitas dalam karya sastra jelas dapat dijadikan ""cara sentuh yang lembut"" untuk membangun fondasi utama akan tumbuhnya nilai luhur: cinta kebangsaan. Bayangkan, jika para politikus, pejabat, dan negarawan kita gila sastra, maka akan lahir rakyat dengan kegilaan sama. Jiwa bangsa terawat dengan sendirinya, alami dan menyemesta.",Sastra untuk penyadaran kebangsaan,https://www.antaranews.com/berita/5685471/sastra-untuk-penyadaran-kebangsaan,antaranews.com,2026-08-08,low,47,ekonomi digital Aceh,Aulia,,2.0,needs_review,neutral,1,0,auto,
7256,"Cinta kebangsaan tidak bisa lahir via indoktrinasi. Sebaliknya, cinta kebangsaan justru akan tumbuh melalui pengalaman batin berulang. Ketika seseorang bangga pada budayanya, tersentuh oleh sejarah kearifan bangsanya, memahami derita sesama warga negara, serta ikut merasakan dan menyalakan harapan mereka; di situlah rasa dan sadar cinta bangsa mulai berakar. Sastra punya kemampuan unik menghadirkan pengalaman batin tanpa pemaksaan, apalagi ""pemerkosaan"".",Sastra untuk penyadaran kebangsaan,https://www.antaranews.com/berita/5685471/sastra-untuk-penyadaran-kebangsaan,antaranews.com,2026-08-08,low,59,ekonomi digital Aceh,Aulia,,2.0,needs_review,positive,2,0,auto,
7257,"Berbicara kontribusi sastra kepada bangsa, tentu, akan begitu banyak yang mempertanyakan, termasuk para pendidik bangsa ini, tidak terkecuali guru bahasa dan sastra Indonesia. Namun, mari berenung sejenak, dari mana sesungguhnya kesadaran manusia laten bisa dibangun. Salah satunya lewat cerita dan puisi. Berbicara keduanya, jelas kita sedang ""menyetubuhi"" karya sastra untuk melahirkan nilai dan karakter kehidupan.",Sastra untuk penyadaran kebangsaan,https://www.antaranews.com/berita/5685471/sastra-untuk-penyadaran-kebangsaan,antaranews.com,2026-08-08,low,55,ekonomi digital Aceh,Aulia,,0.0,needs_review,neutral,1,0,auto,
7258,Jakarta (ANTARA) - Presiden Ke-6 Republik Indonesia Susilo Bambang Yudhoyono (SBY) menekankan pentingnya menjaga kepercayaan publik dalam menghadapi ketidakpastian global seperti sekarang.,SBY: Pemimpin harus jaga kepercayaan publik di tengah ketidakpastian,https://www.antaranews.com/berita/5593861/sby-pemimpin-harus-jaga-kepercayaan-publik-di-tengah-ketidakpastian,antaranews.com,2026-06-04,low,22,wirausaha muda Aceh,Aulia,,0.0,needs_review,neutral,0,0,auto,
7260,"""Kepemimpinan yang kuat adalah tentang menjaga kepercayaan publik dan menciptakan peluang di tengah berbagai disrupsi,"" kata SBY pada The 2026 Asia Grassroots Forum by Amartha di Jakarta, Kamis.",SBY: Pemimpin harus jaga kepercayaan publik di tengah ketidakpastian,https://www.antaranews.com/berita/5593861/sby-pemimpin-harus-jaga-kepercayaan-publik-di-tengah-ketidakpastian,antaranews.com,2026-06-04,low,28,wirausaha muda Aceh,Aulia,,1.0,needs_review,neutral,1,0,auto,
7261,"Berdasarkan pengalamannya memimpin Indonesia pada masa krisis dan transisi, termasuk dampak krisis Asia 1997-1998, tsunami Aceh pada 2004, hingga krisis keuangan global 2008, SBY memaparkan sejumlah prinsip kepemimpinan yang dibutuhkan di tengah ketidakpastian.",SBY: Pemimpin harus jaga kepercayaan publik di tengah ketidakpastian,https://www.antaranews.com/berita/5593861/sby-pemimpin-harus-jaga-kepercayaan-publik-di-tengah-ketidakpastian,antaranews.com,2026-06-04,high,33,wirausaha muda Aceh,Aulia,,1.0,needs_review,neutral,0,0,auto,
7262,"Menurut dia, pemimpin harus tetap tenang saat menghadapi situasi sulit karena kepanikan dapat memperlemah institusi.",SBY: Pemimpin harus jaga kepercayaan publik di tengah ketidakpastian,https://www.antaranews.com/berita/5593861/sby-pemimpin-harus-jaga-kepercayaan-publik-di-tengah-ketidakpastian,antaranews.com,2026-06-04,low,15,wirausaha muda Aceh,Aulia,,0.0,needs_review,neutral,0,1,auto,
7263,"""Ketakutan menyebar dengan cepat pada masa-masa sulit. Kepanikan melemahkan institusi. Seorang pemimpin harus tetap tenang, jujur dan memiliki arah yang jelas,"" ujarnya.",SBY: Pemimpin harus jaga kepercayaan publik di tengah ketidakpastian,https://www.antaranews.com/berita/5593861/sby-pemimpin-harus-jaga-kepercayaan-publik-di-tengah-ketidakpastian,antaranews.com,2026-06-04,low,22,wirausaha muda Aceh,Aulia,,0.0,needs_review,neutral,0,1,auto,
7264,"Selain itu, ia menyampaikan bahwa pemimpin juga perlu mampu menggabungkan pragmatisme dengan prinsip. Dalam dunia yang semakin kompleks, menurutnya, negara harus adaptif dan realistis, tapi tetap berpegang pada nilai-nilai dasar.",SBY: Pemimpin harus jaga kepercayaan publik di tengah ketidakpastian,https://www.antaranews.com/berita/5593861/sby-pemimpin-harus-jaga-kepercayaan-publik-di-tengah-ketidakpastian,antaranews.com,2026-06-04,low,30,wirausaha muda Aceh,Aulia,,0.0,needs_review,neutral,0,1,auto,
7266,"Selain itu, SBY menilai kepemimpinan harus bersifat inklusif agar manfaat pembangunan dapat dirasakan secara luas oleh masyarakat.",SBY: Pemimpin harus jaga kepercayaan publik di tengah ketidakpastian,https://www.antaranews.com/berita/5593861/sby-pemimpin-harus-jaga-kepercayaan-publik-di-tengah-ketidakpastian,antaranews.com,2026-06-04,low,17,wirausaha muda Aceh,Aulia,,0.0,needs_review,neutral,1,0,auto,
7268,"Meski tantangan global semakin kompleks, SBY mengaku tetap optimistis terhadap masa depan ASEAN dan Indonesia.",SBY: Pemimpin harus jaga kepercayaan publik di tengah ketidakpastian,https://www.antaranews.com/berita/5593861/sby-pemimpin-harus-jaga-kepercayaan-publik-di-tengah-ketidakpastian,antaranews.com,2026-06-04,low,15,wirausaha muda Aceh,Aulia,,0.0,needs_review,negative,1,2,auto,
7270,"SBY mengatakan kekuatan tersebut tidak hanya berada di kota-kota besar atau korporasi besar, tetapi juga di desa-desa, komunitas lokal, pelaku usaha kecil, serta jutaan masyarakat yang terus bekerja, berusaha, dan membangun harapan di tengah ketidakpastian.",SBY: Pemimpin harus jaga kepercayaan publik di tengah ketidakpastian,https://www.antaranews.com/berita/5593861/sby-pemimpin-harus-jaga-kepercayaan-publik-di-tengah-ketidakpastian,antaranews.com,2026-06-04,low,35,wirausaha muda Aceh,Aulia,,2.0,needs_review,neutral,1,0,auto,
7271,Ia meyakini modal tersebut akan menjadi fondasi penting bagi ASEAN dan Indonesia untuk menghadapi berbagai tantangan global pada masa mendatang.,SBY: Pemimpin harus jaga kepercayaan publik di tengah ketidakpastian,https://www.antaranews.com/berita/5593861/sby-pemimpin-harus-jaga-kepercayaan-publik-di-tengah-ketidakpastian,antaranews.com,2026-06-04,low,20,wirausaha muda Aceh,Aulia,,2.0,needs_review,neutral,0,1,auto,
7362,"Jakarta (ANTARA) - Persoalan pengangguran menjadi salah satu hal krusial yang bisa berdampak pada perekonomian sebuah negara. Semakin tinggi tingkat pengangguran maka bisa menurunkan produktivitas masyarakat yang berujung pada melemahnya pendapatan negara, meningkatnya angka kemiskinan dan lain sebagainya.",Menekan angka pengangguran untuk wujudkan kejayaan negara,https://www.antaranews.com/berita/4554170/menekan-angka-pengangguran-untuk-wujudkan-kejayaan-negara,antaranews.com,2024-12-29,low,38,wirausaha muda Aceh,Aulia,,2.0,needs_review,neutral,1,1,auto,
7363,"Dengan sejumlah dampak negatif itu, pemerintah melalui Kementerian Ketenagakerjaan menghadirkan sejumlah inisiatif sepanjang 2024 untuk menekan angka pengangguran di Indonesia.",Menekan angka pengangguran untuk wujudkan kejayaan negara,https://www.antaranews.com/berita/4554170/menekan-angka-pengangguran-untuk-wujudkan-kejayaan-negara,antaranews.com,2024-12-29,low,20,wirausaha muda Aceh,Aulia,,2.0,needs_review,neutral,0,0,auto,
7364,"Laporan Badan Pusat Statistik (BPS) menyebut jumlah penduduk angkatan kerja yang menganggur tercatat sebanyak 7,47 juta orang pada Agustus 2024, atau menurun sebanyak 390 ribu orang dibandingkan dengan periode yang sama tahun lalu.",Menekan angka pengangguran untuk wujudkan kejayaan negara,https://www.antaranews.com/berita/4554170/menekan-angka-pengangguran-untuk-wujudkan-kejayaan-negara,antaranews.com,2024-12-29,low,33,wirausaha muda Aceh,Aulia,,1.0,needs_review,neutral,0,1,auto,
7365,"BPS mengungkapkan bahwa capaian itu menjadikan tingkat pengangguran terbuka menurun dari 5,32 persen pada Agustus 2023 menjadi 4,91 persen pada Agustus 2024.",Menekan angka pengangguran untuk wujudkan kejayaan negara,https://www.antaranews.com/berita/4554170/menekan-angka-pengangguran-untuk-wujudkan-kejayaan-negara,antaranews.com,2024-12-29,low,22,wirausaha muda Aceh,Aulia,,2.0,needs_review,neutral,0,1,auto,
7367,"Kegiatan ini juga sekaligus memperkuat sinergi antara pemerintah, dunia usaha, dan masyarakat dalam menghadapi tantangan ketenagakerjaan.",Menekan angka pengangguran untuk wujudkan kejayaan negara,https://www.antaranews.com/berita/4554170/menekan-angka-pengangguran-untuk-wujudkan-kejayaan-negara,antaranews.com,2024-12-29,low,16,wirausaha muda Aceh,Aulia,,1.0,needs_review,neutral,0,1,auto,
7368,"Bursa kerja secara rutin digelar. Bahkan, belum lama ini pada era pemerintahan baru Presiden Prabowo Subianto melalui Menteri Ketenagakerjaan Yassierli juga digelar di Semarang-Jawa Tengah, Jakarta, Bandung, Medan hingga Makassar.",Menekan angka pengangguran untuk wujudkan kejayaan negara,https://www.antaranews.com/berita/4554170/menekan-angka-pengangguran-untuk-wujudkan-kejayaan-negara,antaranews.com,2024-12-29,low,30,wirausaha muda Aceh,Aulia,,1.0,needs_review,neutral,0,0,auto,
7369,"Upaya lain tahun ini dengan menghadirkan Sistem Informasi Pasar Kerja (SIPK) yang bertujuan untuk membangun sistem informasi yang mutakhir dan komprehensif dan menggambarkan struktur tenaga kerja, karakteristik tenaga kerja, persediaan serta kebutuhan tenaga kerja.",Menekan angka pengangguran untuk wujudkan kejayaan negara,https://www.antaranews.com/berita/4554170/menekan-angka-pengangguran-untuk-wujudkan-kejayaan-negara,antaranews.com,2024-12-29,low,34,wirausaha muda Aceh,Aulia,,2.0,needs_review,neutral,0,0,auto,
7371,"Beralih ke upaya lain, Kementerian Ketenagakerjaan tak hanya fokus pada angka pengangguran generasi muda. Namun sisi lain ketenagakerjaan turut disorot mengenai pekerja yang melibatkan anak.",Menekan angka pengangguran untuk wujudkan kejayaan negara,https://www.antaranews.com/berita/4554170/menekan-angka-pengangguran-untuk-wujudkan-kejayaan-negara,antaranews.com,2024-12-29,low,25,wirausaha muda Aceh,Aulia,,1.0,needs_review,neutral,0,0,auto,
7372,"Jelang perayaan Hari Anak Nasional yang diperingati tiap 23 Juli, Kemnaker meluncurkan peta jalan (roadmap) Indonesia Bebas Pekerja Anak Lanjutan Tahap II yang disusun sejak 2023. Upaya ini diharapkan mampu menurunkan angka pekerja anak secara bertahap di Indonesia terutama pada kasus bentuk-bentuk pekerjaan terburuk untuk anak (BPTA).",Menekan angka pengangguran untuk wujudkan kejayaan negara,https://www.antaranews.com/berita/4554170/menekan-angka-pengangguran-untuk-wujudkan-kejayaan-negara,antaranews.com,2024-12-29,low,47,wirausaha muda Aceh,Aulia,,1.0,needs_review,neutral,0,1,auto,
7374,"Dalam praktiknya, pekerja di sejumlah sektor mulai dari industri hingga usaha mikro dan kecil belum secara merata menerapkan dan sadar pentingnya keselamatan dan kesehatan kerja (K3). Untuk itu, pemerintah meluncurkan dokumen Program Nasional K3 yang merupakan hasil kerja sama Kementerian Ketenagakerjaan dengan Organisasi Buruh Dunia atau International Labour Organization (ILO) untuk Indonesia dan Timor Leste.",Menekan angka pengangguran untuk wujudkan kejayaan negara,https://www.antaranews.com/berita/4554170/menekan-angka-pengangguran-untuk-wujudkan-kejayaan-negara,antaranews.com,2024-12-29,low,55,wirausaha muda Aceh,Aulia,,2.0,needs_review,neutral,1,0,auto,
7375,Dokumen ini juga merupakan tindak lanjut dari penyusunan dokumen profil K3 yang telah disusun sebelumnya pada 2018 dan 2022 yang disusun sebagai respons atas kebutuhan meningkatkan kemajuan K3 yang sinergi dan terkoordinasi antar-sektor secara nasional.,Menekan angka pengangguran untuk wujudkan kejayaan negara,https://www.antaranews.com/berita/4554170/menekan-angka-pengangguran-untuk-wujudkan-kejayaan-negara,antaranews.com,2024-12-29,low,35,wirausaha muda Aceh,Aulia,,2.0,needs_review,positive,2,0,auto,
7377,"Menghadapi tantangan tingkat pengangguran di Indonesia, Kemnaker secara konsisten mengembangkan Balai Latihan Kerja (BLK) Komunitas yang menyediakan berbagai kebutuhan masyarakat terkait peningkatan daya saing.",Menekan angka pengangguran untuk wujudkan kejayaan negara,https://www.antaranews.com/berita/4554170/menekan-angka-pengangguran-untuk-wujudkan-kejayaan-negara,antaranews.com,2024-12-29,low,24,wirausaha muda Aceh,Aulia,,2.0,needs_review,neutral,0,1,auto,
7379,"Untuk memuluskan tujuan itu, Kemnaker tak hanya menggandeng kementerian/lembaga namun juga dengan berbagai pihak mulai dari dunia usaha hingga akademisi untuk memastikan manfaat tersampaikan secara maksimal.",Menekan angka pengangguran untuk wujudkan kejayaan negara,https://www.antaranews.com/berita/4554170/menekan-angka-pengangguran-untuk-wujudkan-kejayaan-negara,antaranews.com,2024-12-29,low,26,wirausaha muda Aceh,Aulia,,1.0,needs_review,neutral,1,0,auto,
7381,"Hingga September tahun ini, pemerintah telah membangun sebanyak 4.282 BLK Komunitas yang tersebar dari Aceh hingga Papua.",Menekan angka pengangguran untuk wujudkan kejayaan negara,https://www.antaranews.com/berita/4554170/menekan-angka-pengangguran-untuk-wujudkan-kejayaan-negara,antaranews.com,2024-12-29,high,17,wirausaha muda Aceh,Aulia,,2.0,needs_review,neutral,0,0,auto,
7382,"Lebih jauh mengenai soal pengupahan, kenaikan Upah Minimum Provinsi (UMP) 2025 telah diputuskan pemerintah pusat mengalami kenaikan sebesar 6,5 persen.",Menekan angka pengangguran untuk wujudkan kejayaan negara,https://www.antaranews.com/berita/4554170/menekan-angka-pengangguran-untuk-wujudkan-kejayaan-negara,antaranews.com,2024-12-29,low,20,wirausaha muda Aceh,Aulia,,2.0,needs_review,neutral,0,1,auto,
7384,Kemnaker turut merangkul para pekerja yang terdampak pemutusan hubungan kerja (PHK) dengan memberikan stimulus lewat jaminan kehilangan pekerjaan (JKP) secara materi dan non materi bagi semua sektor.,Menekan angka pengangguran untuk wujudkan kejayaan negara,https://www.antaranews.com/berita/4554170/menekan-angka-pengangguran-untuk-wujudkan-kejayaan-negara,antaranews.com,2024-12-29,low,27,wirausaha muda Aceh,Aulia,,0.0,needs_review,neutral,0,0,auto,
7385,"Stimulus berupa jaminan kehilangan pekerjaan merupakan manfaat tunai sebesar 60 persen dari upah selama enam bulan. Pemerintah juga akan memberikan manfaat pelatihan sebesar Rp2,4 juta serta memudahkan para pekerja yang terkena PHK untuk mengakses informasi pekerjaan.",Menekan angka pengangguran untuk wujudkan kejayaan negara,https://www.antaranews.com/berita/4554170/menekan-angka-pengangguran-untuk-wujudkan-kejayaan-negara,antaranews.com,2024-12-29,low,36,wirausaha muda Aceh,Aulia,,2.0,needs_review,neutral,1,0,auto,
7386,Upaya ini diharapkan mampu meningkat peluang para pekerja untuk kembali bekerja dengan memanfaatkan stimulus yang dirancang akan berlaku sepanjang 2025.,Menekan angka pengangguran untuk wujudkan kejayaan negara,https://www.antaranews.com/berita/4554170/menekan-angka-pengangguran-untuk-wujudkan-kejayaan-negara,antaranews.com,2024-12-29,low,20,wirausaha muda Aceh,Aulia,,2.0,needs_review,positive,3,0,auto,
7387,Program ini merupakan salah satu kompensasi yang disiapkan pemerintah atas dampak kenaikan PPN 12 persen yang secara resmi akan berlaku pada 1 Januari 2025.,Menekan angka pengangguran untuk wujudkan kejayaan negara,https://www.antaranews.com/berita/4554170/menekan-angka-pengangguran-untuk-wujudkan-kejayaan-negara,antaranews.com,2024-12-29,low,24,wirausaha muda Aceh,Aulia,,2.0,needs_review,neutral,0,0,auto,
7388,Salah satu kompensasi yang dipersiapkan oleh pemerintah atas kenaikan PPN tersebut adalah perpanjangan masa klaim jaminan kehilangan pekerjaan (JKP) dari 3 bulan setelah PHK menjadi 6 bulan setelah PHK.,Menekan angka pengangguran untuk wujudkan kejayaan negara,https://www.antaranews.com/berita/4554170/menekan-angka-pengangguran-untuk-wujudkan-kejayaan-negara,antaranews.com,2024-12-29,low,29,wirausaha muda Aceh,Aulia,,2.0,needs_review,neutral,0,0,auto,
7389,"Lebih lanjut, manfaat uang tunai yang kini diberikan sebesar 45 persen dari upah selama tiga bulan dan 25 persen dari upah pada tiga bulan, akan ditingkatkan menjadi 60 persen selama enam bulan.",Menekan angka pengangguran untuk wujudkan kejayaan negara,https://www.antaranews.com/berita/4554170/menekan-angka-pengangguran-untuk-wujudkan-kejayaan-negara,antaranews.com,2024-12-29,low,32,wirausaha muda Aceh,Aulia,,1.0,needs_review,neutral,1,0,auto,
7392,"Ia menjelaskan, TWB telah diselenggarakan pada 2022 dan 2023, dalam dua kali penyelenggaraannya, terdapat lebih dari 13.000 wirausaha muda yang mengikuti kegiatan TWB dan menghasilkan wirausaha muda yang go global.",BSI targetkan 8.500 peserta di program talenta wirausaha 2024,https://www.antaranews.com/berita/4522780/bsi-targetkan-8500-peserta-di-program-talenta-wirausaha-2024,antaranews.com,2024-12-10,low,30,wirausaha muda Aceh,Aulia,,2.0,needs_review,neutral,0,0,auto,
7393,"Pada tahun 2024, Hery optimistis dapat mencapai target mengingat rekam jejak antusiasme peserta program tersebut yang selalu melampaui angka yang dipatok.",BSI targetkan 8.500 peserta di program talenta wirausaha 2024,https://www.antaranews.com/berita/4522780/bsi-targetkan-8500-peserta-di-program-talenta-wirausaha-2024,antaranews.com,2024-12-10,low,21,wirausaha muda Aceh,Aulia,,0.0,needs_review,neutral,1,0,auto,
7394,"Pada tahun 2022, realisasinya mencapai 5.416 pendaftar dari 5.000 target peserta, dan pada 2023 target peserta 7.500 pendaftar dengan realisasi 8.386 wirausaha yang mengikuti program TWB.",BSI targetkan 8.500 peserta di program talenta wirausaha 2024,https://www.antaranews.com/berita/4522780/bsi-targetkan-8500-peserta-di-program-talenta-wirausaha-2024,antaranews.com,2024-12-10,low,26,wirausaha muda Aceh,Aulia,,0.0,needs_review,neutral,0,0,auto,
7400,"Gelaran TWB 2024 kembali menghadirkan empat kategori yaitu Pemula, Rintisan, Berdaya, dan Santri.",BSI targetkan 8.500 peserta di program talenta wirausaha 2024,https://www.antaranews.com/berita/4522780/bsi-targetkan-8500-peserta-di-program-talenta-wirausaha-2024,antaranews.com,2024-12-10,low,13,wirausaha muda Aceh,Aulia,,0.0,needs_review,neutral,0,0,auto,
7402,"Adapun, kategori pemula adalah pelaku UMKM muda yang masih baru merintis yang diharapkan dapat membawa ide-ide usaha baru yang segar.",BSI targetkan 8.500 peserta di program talenta wirausaha 2024,https://www.antaranews.com/berita/4522780/bsi-targetkan-8500-peserta-di-program-talenta-wirausaha-2024,antaranews.com,2024-12-10,low,20,wirausaha muda Aceh,Aulia,,0.0,needs_review,neutral,0,0,auto,
7403,"Sedangkan kategori santri, TWB 2024 mengundang santri-santri yang ingin merintis usaha, syarat ini menjadi lebihfairdibandingkan dengan TWB 2023, di mana kategori ini sebelumnya mencampurkan peserta santri baik pemula ataupun yang sudah mapan berwirausaha.",BSI targetkan 8.500 peserta di program talenta wirausaha 2024,https://www.antaranews.com/berita/4522780/bsi-targetkan-8500-peserta-di-program-talenta-wirausaha-2024,antaranews.com,2024-12-10,low,33,wirausaha muda Aceh,Aulia,,1.0,needs_review,neutral,0,0,auto,
7404,"Dalam prosesnya, TWB 2024 pun diharapkan dapat diikuti oleh lebih banyak peserta di kategori rintisan dan berdaya. Sebab, prosesscale uppelaku UMKM di kedua kategori tersebut bisa lebih cepat dan semakin berdampak terhadap pelaku usaha.",BSI targetkan 8.500 peserta di program talenta wirausaha 2024,https://www.antaranews.com/berita/4522780/bsi-targetkan-8500-peserta-di-program-talenta-wirausaha-2024,antaranews.com,2024-12-10,low,34,wirausaha muda Aceh,Aulia,,0.0,needs_review,neutral,0,0,auto,
7409,"""Kita berharap dengan kehadiran BSI yang memfasilitasi dari hulu ke hilir akan menumbuhkembangkan UMKM ke depannya,"" ujar Helvi.",BSI targetkan 8.500 peserta di program talenta wirausaha 2024,https://www.antaranews.com/berita/4522780/bsi-targetkan-8500-peserta-di-program-talenta-wirausaha-2024,antaranews.com,2024-12-10,low,18,wirausaha muda Aceh,Aulia,,2.0,needs_review,neutral,1,0,auto,
7411,"""Melalui program Talenta Wirausaha BSI, kami berharap akan terus melahirkan dan menciptakan UMKM baru yang berkualitas dan berdaya saing global,"" ujar Tedi.",BSI targetkan 8.500 peserta di program talenta wirausaha 2024,https://www.antaranews.com/berita/4522780/bsi-targetkan-8500-peserta-di-program-talenta-wirausaha-2024,antaranews.com,2024-12-10,low,22,wirausaha muda Aceh,Aulia,,2.0,needs_review,neutral,0,0,auto,
7473,"Jakarta (ANTARA) - Sebuah survei yang dilakukan oleh lembaga inovasi perkoperasian Indonesian Consortium for Cooperative Innovation (ICCI) mengungkapkan bahwa minat anak muda terhadap koperasi masih terlalu rendah. Berdasar survei tersebut, hanya sekitar 6 persen anggota koperasi berasal dari Generasi Z usia 12 27 tahun.",Menumbuhkan literasi koperasi di tengah bonus demografi,https://www.antaranews.com/berita/4825141/menumbuhkan-literasi-koperasi-di-tengah-bonus-demografi,antaranews.com,2025-05-09,low,44,inkubator bisnis Aceh,Aulia,,1.0,needs_review,neutral,1,0,auto,
7474,"Jawabannya bisa beragam ketika mereka ditanya kenapa tidak tertarik menjadi anggota koperasi. Namun yang jelas, ini menunjukkan masih rendahnya literasi koperasi, khususnya di kalangan generasi muda.",Menumbuhkan literasi koperasi di tengah bonus demografi,https://www.antaranews.com/berita/4825141/menumbuhkan-literasi-koperasi-di-tengah-bonus-demografi,antaranews.com,2025-05-09,low,26,inkubator bisnis Aceh,Aulia,,1.0,needs_review,neutral,0,0,auto,
7475,"Ketiadaan pendidikan koperasi dalam kurikulum nasional, dari tingkat sekolah dasar hingga perguruan tinggi, menjadi salah satu penyebab rendahnya literasi koperasi ini, yang pada akhirnya akan memperlemah peran koperasi sebagai pilar ekonomi kerakyatan.",Menumbuhkan literasi koperasi di tengah bonus demografi,https://www.antaranews.com/berita/4825141/menumbuhkan-literasi-koperasi-di-tengah-bonus-demografi,antaranews.com,2025-05-09,low,32,inkubator bisnis Aceh,Aulia,,2.0,needs_review,neutral,0,0,auto,
7476,"Kondisi ini menjadi perhatian di tengah upaya pemerintah meningkatkan daya saing Usaha Mikro, Kecil, dan Menengah (UMKM) yang menjadi tulang punggung perekonomian nasional. Koperasi, yang semestinya menjadi kendaraan kolektif bagi pemberdayaan ekonomi rakyat, belum cukup dikenal dan dipahami generasi produktif.",Menumbuhkan literasi koperasi di tengah bonus demografi,https://www.antaranews.com/berita/4825141/menumbuhkan-literasi-koperasi-di-tengah-bonus-demografi,antaranews.com,2025-05-09,low,40,inkubator bisnis Aceh,Aulia,,2.0,needs_review,positive,2,0,auto,
7477,"Minimnya literasi koperasi tampak dari belum terintegrasinya materi koperasi secara memadai dalam kurikulum pendidikan nasional. Pada jenjang pendidikan dasar dan menengah, koperasi hanya muncul sebagai bagian kecil dalam pelajaran ekonomi atau kewarganegaraan. Di tingkat perguruan tinggi, pendidikan koperasi hanya ditawarkan dalam program studi tertentu, itu pun tidak merata.",Menumbuhkan literasi koperasi di tengah bonus demografi,https://www.antaranews.com/berita/4825141/menumbuhkan-literasi-koperasi-di-tengah-bonus-demografi,antaranews.com,2025-05-09,low,48,inkubator bisnis Aceh,Aulia,,1.0,needs_review,neutral,0,1,auto,
7480,"Kementerian Pendidikan, Kebudayaan, Riset, dan Teknologi melalui program Kurikulum Merdeka belum secara eksplisit mencantumkan koperasi dalam capaian pembelajaran utama. Padahal, kurikulum ini membuka ruang untuk penguatan karakter kewirausahaan, yang semestinya sejalan dengan nilai-nilai koperasi: keadilan, demokrasi ekonomi, dan partisipasi aktif anggota.",Menumbuhkan literasi koperasi di tengah bonus demografi,https://www.antaranews.com/berita/4825141/menumbuhkan-literasi-koperasi-di-tengah-bonus-demografi,antaranews.com,2025-05-09,low,41,inkubator bisnis Aceh,Aulia,,2.0,needs_review,neutral,0,0,auto,
7481,"Data terbaru dari Kementerian Koperasi menunjukkan bahwa hingga Desember 2024, terdapat 130.119 koperasi aktif di Indonesia. Meski jumlah ini menurun dari hampir 209 ribu unit satu dekade lalu akibat penertiban koperasi tidak aktif, kontribusi koperasi terhadap ekonomi nasional justru meningkat.",Menumbuhkan literasi koperasi di tengah bonus demografi,https://www.antaranews.com/berita/4825141/menumbuhkan-literasi-koperasi-di-tengah-bonus-demografi,antaranews.com,2025-05-09,low,40,inkubator bisnis Aceh,Aulia,,2.0,needs_review,positive,2,1,auto,
7482,"Pada 2023, koperasi tercatat menyumbang 6,2 persen terhadap Produk Domestik Bruto (PDB) nasional, melampaui target Rencana Pembangunan Jangka Menengah Nasional (RPJMN) 20202024 yang sebesar 5,5 persen.",Menumbuhkan literasi koperasi di tengah bonus demografi,https://www.antaranews.com/berita/4825141/menumbuhkan-literasi-koperasi-di-tengah-bonus-demografi,antaranews.com,2025-05-09,low,26,inkubator bisnis Aceh,Aulia,,2.0,needs_review,neutral,0,0,auto,
7484,"Koperasi bukan hanya alat ekonomi, tetapi juga wadah pembelajaran dan solidaritas sosial yang dapat memperkuat daya saing lokal.",Menumbuhkan literasi koperasi di tengah bonus demografi,https://www.antaranews.com/berita/4825141/menumbuhkan-literasi-koperasi-di-tengah-bonus-demografi,antaranews.com,2025-05-09,low,18,inkubator bisnis Aceh,Aulia,,1.0,needs_review,neutral,0,0,auto,
7485,"Indonesia tengah menikmati puncak bonus demografi yang diperkirakan berlangsung hingga 2030. Badan Pusat Statistik (BPS) mencatat bahwa pada 2024, lebih dari 70 persen penduduk Indonesia berada dalam kelompok usia produktif yang berusia antara 15 - 64 tahun.",Menumbuhkan literasi koperasi di tengah bonus demografi,https://www.antaranews.com/berita/4825141/menumbuhkan-literasi-koperasi-di-tengah-bonus-demografi,antaranews.com,2025-05-09,low,37,inkubator bisnis Aceh,Aulia,,2.0,needs_review,neutral,0,0,auto,
7487,"Namun, rendahnya literasi koperasi membuat generasi muda lebih tertarik pada model bisnis individualistik, seperti startup teknologi, dan kurang tertarik pada pendekatan ekonomi berbasis komunitas.",Menumbuhkan literasi koperasi di tengah bonus demografi,https://www.antaranews.com/berita/4825141/menumbuhkan-literasi-koperasi-di-tengah-bonus-demografi,antaranews.com,2025-05-09,low,24,inkubator bisnis Aceh,Aulia,,2.0,needs_review,neutral,0,1,auto,
7492,"Sejak 2020 hingga 2023, sebanyak 400 koperasi di seluruh Indonesia telah berhasil bertransformasi menjadi koperasi modern melalui program modernisasi koperasi yang digulirkan oleh Kementerian Koperasi. Dari jumlah tersebut, 220 koperasi bergerak di sektor pangan, sementara 180 lainnya di sektor non-pangan. Kemenkop menargetkan hingga akhir tahun 2024, sebanyak 500 koperasi akan bertransformasi menjadi koperasi modern.",Menumbuhkan literasi koperasi di tengah bonus demografi,https://www.antaranews.com/berita/4825141/menumbuhkan-literasi-koperasi-di-tengah-bonus-demografi,antaranews.com,2025-05-09,low,54,inkubator bisnis Aceh,Aulia,,2.0,needs_review,neutral,1,0,auto,
7494,"Bonus demografi tentu harus didukung dengan peningkatan lapangan kerja dan kualitas pendidikan, ujarnya. Ia juga menekankan pentingnya pendidikan moral di tengah arus teknologi yang kian cepat.",Menumbuhkan literasi koperasi di tengah bonus demografi,https://www.antaranews.com/berita/4825141/menumbuhkan-literasi-koperasi-di-tengah-bonus-demografi,antaranews.com,2025-05-09,low,26,inkubator bisnis Aceh,Aulia,,1.0,needs_review,neutral,0,0,auto,
7495,"Untuk meningkatkan peran koperasi dan menjawab tantangan literasi, sejumlah langkah strategis perlu segera diambil.",Menumbuhkan literasi koperasi di tengah bonus demografi,https://www.antaranews.com/berita/4825141/menumbuhkan-literasi-koperasi-di-tengah-bonus-demografi,antaranews.com,2025-05-09,low,14,inkubator bisnis Aceh,Aulia,,2.0,needs_review,neutral,2,2,auto,
7496,"Pertama, pemerintah perlu mengintegrasikan materi koperasi dalam kurikulum nasional, bukan hanya pada jenjang sekolah, tetapi juga pendidikan tinggi. Pendidikan koperasi dapat diintegrasikan dalam mata kuliah kewirausahaan, ekonomi pembangunan, atau bahkan menjadi program studi tersendiri.",Menumbuhkan literasi koperasi di tengah bonus demografi,https://www.antaranews.com/berita/4825141/menumbuhkan-literasi-koperasi-di-tengah-bonus-demografi,antaranews.com,2025-05-09,low,34,inkubator bisnis Aceh,Aulia,,2.0,needs_review,neutral,0,0,auto,
7499,"Terakhir, perlu adanya kampanye literasi koperasi nasional yang menyasar pelajar, mahasiswa, dan pelaku UMKM muda. Kampanye ini harus mengangkat narasi bahwa koperasi bukan konsep kuno, tetapi sebuah model bisnis kolektif yang mampu bersaing di era digital.",Menumbuhkan literasi koperasi di tengah bonus demografi,https://www.antaranews.com/berita/4825141/menumbuhkan-literasi-koperasi-di-tengah-bonus-demografi,antaranews.com,2025-05-09,low,36,inkubator bisnis Aceh,Aulia,,2.0,needs_review,neutral,0,0,auto,
7502,"Koperasi Emas Hijau Papua melakukan ekspor perdana 1,2 ton kopi ke Belanda dan Jepang. Di Sumatera Barat, Koperasi Iko Sero mengekspor 480 ton bumbu rendang ke Arab Saudi.",Menumbuhkan literasi koperasi di tengah bonus demografi,https://www.antaranews.com/berita/4825141/menumbuhkan-literasi-koperasi-di-tengah-bonus-demografi,antaranews.com,2025-05-09,low,28,inkubator bisnis Aceh,Aulia,,3.0,needs_review,neutral,0,0,auto,
7504,"Tantangan literasi koperasi bukan sekadar masalah kurikulum, tetapi menyangkut arah pembangunan ekonomi nasional yang ingin dituju: ekonomi pasar bebas atau ekonomi berbasis solidaritas sosial. Jika bonus demografi dikelola dengan memperkuat nilai-nilai kolektif dan partisipatif seperti koperasi, Indonesia berpeluang membangun model pembangunan yang inklusif, berkeadilan, dan berkelanjutan.",Menumbuhkan literasi koperasi di tengah bonus demografi,https://www.antaranews.com/berita/4825141/menumbuhkan-literasi-koperasi-di-tengah-bonus-demografi,antaranews.com,2025-05-09,low,46,inkubator bisnis Aceh,Aulia,,2.0,needs_review,negative,1,2,auto,
7505,"Namun, jika koperasi terus dikesampingkan, Indonesia berisiko kehilangan momentum dan kembali pada struktur ekonomi yang timpang dan eksklusif.",Menumbuhkan literasi koperasi di tengah bonus demografi,https://www.antaranews.com/berita/4825141/menumbuhkan-literasi-koperasi-di-tengah-bonus-demografi,antaranews.com,2025-05-09,low,18,inkubator bisnis Aceh,Aulia,,0.0,needs_review,neutral,0,0,auto,
7506,"Sebagaimana diungkapkan oleh Bung Hatta, Bapak Koperasi Indonesia: Koperasi adalah usaha bersama untuk memperbaiki nasib penghidupan ekonomi berdasarkan tolong-menolong. Kini, pertanyaannya adalah: apakah generasi muda kita masih memahami makna gotong-royong dalam dunia ekonomi, jika tidak ada di kurikulum?",Menumbuhkan literasi koperasi di tengah bonus demografi,https://www.antaranews.com/berita/4825141/menumbuhkan-literasi-koperasi-di-tengah-bonus-demografi,antaranews.com,2025-05-09,low,38,inkubator bisnis Aceh,Aulia,,1.0,needs_review,neutral,0,0,auto,
7507,"Sudah saatnya pemerintah, lembaga pendidikan, dan masyarakat sipil menjadikan koperasi sebagai bagian dari strategi besar pembangunan nasional, bukan sekadar pelengkap narasi ekonomi kerakyatan.",Menumbuhkan literasi koperasi di tengah bonus demografi,https://www.antaranews.com/berita/4825141/menumbuhkan-literasi-koperasi-di-tengah-bonus-demografi,antaranews.com,2025-05-09,low,23,inkubator bisnis Aceh,Aulia,,1.0,needs_review,neutral,0,0,auto,
7508,"*) Luqmanul Hakim, S.E., M.M adalah Pegiat Koperasi dan UMKM",Menumbuhkan literasi koperasi di tengah bonus demografi,https://www.antaranews.com/berita/4825141/menumbuhkan-literasi-koperasi-di-tengah-bonus-demografi,antaranews.com,2025-05-09,low,10,inkubator bisnis Aceh,Aulia,,0.0,needs_review,neutral,0,0,auto,
7525,Jakarta (ANTARA) - Sebanyak 100 wirausaha dari berbagai daerah di Indonesia mengikuti kegiatan konsultasi bisnis Offline Consultation Entredev 2024 di Bandung pada 11-13 September.,100 wirausaha ikuti konsultasi bisnis Entredev 2024 di Bandung,https://www.antaranews.com/berita/4333491/100-wirausaha-ikuti-konsultasi-bisnis-entredev-2024-di-bandung,antaranews.com,2024-09-14,low,24,inkubator bisnis Aceh,Aulia,,1.0,needs_review,neutral,0,0,auto,
7526,"Dalam acara ini, peserta mendapatkan kesempatan untuk berkonsultasi langsung dengan ahli mengenai berbagai aspek pengembangan bisnis, mulai dari produksi hingga pemasaran.",100 wirausaha ikuti konsultasi bisnis Entredev 2024 di Bandung,https://www.antaranews.com/berita/4333491/100-wirausaha-ikuti-konsultasi-bisnis-entredev-2024-di-bandung,antaranews.com,2024-09-14,low,21,inkubator bisnis Aceh,Aulia,,2.0,needs_review,neutral,1,0,auto,
7527,"Deputi Bidang Kewirausahaan Kemenkop UKM Siti Azizah, dalam keterangan resmi di Jakarta Sabtu, mengatakan, program Entredev 2024 di Kota Bandung ini diikuti oleh 100 peserta yang berasal dari 10 provinsi, yaitu Jawa Barat, Aceh, Bali, Banten, DKI Jakarta, Lampung, Riau, Sumatera Selatan, Sumatera Barat, dan Kepulauan Riau.",100 wirausaha ikuti konsultasi bisnis Entredev 2024 di Bandung,https://www.antaranews.com/berita/4333491/100-wirausaha-ikuti-konsultasi-bisnis-entredev-2024-di-bandung,antaranews.com,2024-09-14,high,47,inkubator bisnis Aceh,Aulia,,1.0,needs_review,neutral,0,0,auto,
7529,Rangkaian Offline Consultation ini diawali dengan sesitalkshowdengan tema Dare to Grow yang menghadirkan sejumlah pembicara seperti CEO Yukbisnis Indonesia Salman Alfarisi dan Co Founder dan CEO Elevarm Bayu Syerli.,100 wirausaha ikuti konsultasi bisnis Entredev 2024 di Bandung,https://www.antaranews.com/berita/4333491/100-wirausaha-ikuti-konsultasi-bisnis-entredev-2024-di-bandung,antaranews.com,2024-09-14,low,29,inkubator bisnis Aceh,Aulia,,1.0,needs_review,neutral,0,0,auto,
7532,"""Kami akan terus mendukung dan memfasilitasi pelaku UKM agar dapat naik kelas. Dan diharapkan melalui kegiatan ini banyak manfaat yang bisa dipetik oleh peserta,"" kata Rachmat.",100 wirausaha ikuti konsultasi bisnis Entredev 2024 di Bandung,https://www.antaranews.com/berita/4333491/100-wirausaha-ikuti-konsultasi-bisnis-entredev-2024-di-bandung,antaranews.com,2024-09-14,low,26,inkubator bisnis Aceh,Aulia,,2.0,needs_review,positive,3,0,auto,
7533,"Sebelumnya, kegiatan konsultasi dan pendampingan bisnis Entredev 2024 juga telah dilaksanakan di Kota Surabaya dan Yogyakarta.",100 wirausaha ikuti konsultasi bisnis Entredev 2024 di Bandung,https://www.antaranews.com/berita/4333491/100-wirausaha-ikuti-konsultasi-bisnis-entredev-2024-di-bandung,antaranews.com,2024-09-14,low,16,inkubator bisnis Aceh,Aulia,,1.0,needs_review,neutral,0,0,auto,
7534,Indonesia-Swiss perkuat akses tenaga kerja muda dan disabilitas,Indonesia-Swiss perkuat akses tenaga kerja muda dan disabilitas,https://www.antaranews.com/berita/4893561/indonesia-swiss-perkuat-akses-tenaga-kerja-muda-dan-disabilitas,antaranews.com,2025-06-12,low,8,wirausaha muda Aceh,Aulia,,2.0,needs_review,neutral,0,0,auto,
7535,"Kami ingin memastikan bahwa kerja sama ini dapat memberi dampak dan afirmasi langsung, khususnya bagi penyandang disabilitas",Indonesia-Swiss perkuat akses tenaga kerja muda dan disabilitas,https://www.antaranews.com/berita/4893561/indonesia-swiss-perkuat-akses-tenaga-kerja-muda-dan-disabilitas,antaranews.com,2025-06-12,low,17,wirausaha muda Aceh,Aulia,,0.0,needs_review,neutral,1,0,auto,
7536,"Jakarta (ANTARA) - Pemerintah Indonesia melalui Kementerian Ketenagakerjaan (Kemnaker) menjalin penguatan kerja sama bilateral bersama Swiss terkait akses tenaga kerja muda dan pekerja sektor hijau, serta kelompok rentan termasuk penyandang disabilitas.",Indonesia-Swiss perkuat akses tenaga kerja muda dan disabilitas,https://www.antaranews.com/berita/4893561/indonesia-swiss-perkuat-akses-tenaga-kerja-muda-dan-disabilitas,antaranews.com,2025-06-12,low,31,wirausaha muda Aceh,Aulia,,2.0,needs_review,neutral,1,0,auto,
7537,"Kami ingin memastikan bahwa kerja sama ini dapat memberi dampak dan afirmasi langsung, khususnya bagi penyandang disabilitas yang kerap menghadapi hambatan dalam dunia kerja, sekaligus bertujuan pada akses yang inklusif pada kemandirian ekonomi, kata Menteri Ketenagakerjaan (Menaker) Yassierli dikutip dari keterangan resmi yang diterima di Jakarta, Kamis.",Indonesia-Swiss perkuat akses tenaga kerja muda dan disabilitas,https://www.antaranews.com/berita/4893561/indonesia-swiss-perkuat-akses-tenaga-kerja-muda-dan-disabilitas,antaranews.com,2025-06-12,low,47,wirausaha muda Aceh,Aulia,,1.0,needs_review,neutral,1,1,auto,
7539,"Termasuk peningkatan kapasitas petugas pengantar kerja, penguatan sistem pembayaran upah digital, dan perluasan akses keuangan untuk wirausaha muda binaan Kemnaker, katanya.",Indonesia-Swiss perkuat akses tenaga kerja muda dan disabilitas,https://www.antaranews.com/berita/4893561/indonesia-swiss-perkuat-akses-tenaga-kerja-muda-dan-disabilitas,antaranews.com,2025-06-12,low,21,wirausaha muda Aceh,Aulia,,2.0,needs_review,neutral,0,0,auto,
7543,Indonesia berharap dukungan Swiss dalam kelanjutan fase kedua program ini agar manfaatnya tidak terputus bagi masyarakat lokal.,Indonesia-Swiss perkuat akses tenaga kerja muda dan disabilitas,https://www.antaranews.com/berita/4893561/indonesia-swiss-perkuat-akses-tenaga-kerja-muda-dan-disabilitas,antaranews.com,2025-06-12,low,17,wirausaha muda Aceh,Aulia,,1.0,needs_review,positive,2,0,auto,
7545,"Sistem tersebut tidak hanya teknis, tetapi juga mengutamakan pendekatan budaya dan partisipasi keluarga, menjadikannya model yang relevan untuk direplikasi di Indonesia.",Indonesia-Swiss perkuat akses tenaga kerja muda dan disabilitas,https://www.antaranews.com/berita/4893561/indonesia-swiss-perkuat-akses-tenaga-kerja-muda-dan-disabilitas,antaranews.com,2025-06-12,low,21,wirausaha muda Aceh,Aulia,,0.0,needs_review,neutral,0,0,auto,
7547,"Sebagai tindak lanjut pertemuan bilateral ini, kedua negara direncanakan akan menyelenggarakan Labour Tripartite Dialogue kelima pada 2124 Oktober 2025 di Bern, Swiss.",Indonesia-Swiss perkuat akses tenaga kerja muda dan disabilitas,https://www.antaranews.com/berita/4893561/indonesia-swiss-perkuat-akses-tenaga-kerja-muda-dan-disabilitas,antaranews.com,2025-06-12,low,22,wirausaha muda Aceh,Aulia,,0.0,needs_review,neutral,0,0,auto,
7548,"Kami percaya, kerja sama bilateral ini menjadi instrumen strategis untuk mendorong ketenagakerjaan yang lebih adil, adaptif, dan inklusif, sesuai arah pembangunan Indonesia ke depan, kata Yassierli.",Indonesia-Swiss perkuat akses tenaga kerja muda dan disabilitas,https://www.antaranews.com/berita/4893561/indonesia-swiss-perkuat-akses-tenaga-kerja-muda-dan-disabilitas,antaranews.com,2025-06-12,low,26,wirausaha muda Aceh,Aulia,,0.0,needs_review,positive,3,0,auto,
7581,"Berdasarkan rilis pers LPDB-KUMKM, Direktur Utama LPDB-KUMKM Supomo, mengajak seluruh koperasi di Indonesia untuk mendaftar program tersebut.",LPDB-KUMKM adakan Program Inkubator Wirausaha 2024 buat koperasi,https://www.antaranews.com/berita/3988494/lpdb-kumkm-adakan-program-inkubator-wirausaha-2024-buat-koperasi,antaranews.com,2024-02-29,low,17,inkubator bisnis Aceh,Aulia,,0.0,needs_review,neutral,0,0,auto,
7587,Program ini terbuka bagi seluruh koperasi dengan mendaftar secara daring melalui laman resmi inkubator LPDB-KUMKM inkubator.lpdb.id.,LPDB-KUMKM adakan Program Inkubator Wirausaha 2024 buat koperasi,https://www.antaranews.com/berita/3988494/lpdb-kumkm-adakan-program-inkubator-wirausaha-2024-buat-koperasi,antaranews.com,2024-02-29,low,16,inkubator bisnis Aceh,Aulia,,2.0,needs_review,neutral,0,0,auto,
7588,Program Inkubator Wirausaha 2024 bekerja sama dengan 10 lembaga inkubator yang tersebar di berbagai provinsi.,LPDB-KUMKM adakan Program Inkubator Wirausaha 2024 buat koperasi,https://www.antaranews.com/berita/3988494/lpdb-kumkm-adakan-program-inkubator-wirausaha-2024-buat-koperasi,antaranews.com,2024-02-29,low,15,inkubator bisnis Aceh,Aulia,,2.0,needs_review,neutral,1,0,auto,
7628,Jakarta (ANTARA) - Sejumlah karyawan dan petugas yang sehari-hari bekerja menjaga rantai logistik nasional membentuk Koperasi Karyawan Forwarder Indonesia (Kopkar Forindo) yang berperan menjaga hak dan kewajiban pekerja dan perusahaan di tengah dinamika industri logistik.,Karyawan bentuk Kopkar Forindo jaga keseimbangan di industri logistik,https://www.antaranews.com/berita/5615072/karyawan-bentuk-kopkar-forindo-jaga-keseimbangan-di-industri-logistik,antaranews.com,2026-06-19,low,35,pelatihan digital Aceh,Aulia,,0.0,needs_review,neutral,0,0,auto,
7629,"""Kopkar Forindo sebuah wadah ekonomi bersama yang dirancang untuk memperkuat perlindungan sosial, ekonomi, dan profesional para pekerja di sektorfreight forwardingdan logistik nasional, kata Ketua Umum Kopkar Forindo, Muhajir di Jakarta, Jumat.",Karyawan bentuk Kopkar Forindo jaga keseimbangan di industri logistik,https://www.antaranews.com/berita/5615072/karyawan-bentuk-kopkar-forindo-jaga-keseimbangan-di-industri-logistik,antaranews.com,2026-06-19,low,31,pelatihan digital Aceh,Aulia,,0.0,needs_review,neutral,0,0,auto,
7630,Ia menjelaskan koperasi ini tidak dibentuk untuk berhadapan dengan perusahaan ataupun asosiasi pengusaha.,Karyawan bentuk Kopkar Forindo jaga keseimbangan di industri logistik,https://www.antaranews.com/berita/5615072/karyawan-bentuk-kopkar-forindo-jaga-keseimbangan-di-industri-logistik,antaranews.com,2026-06-19,low,13,pelatihan digital Aceh,Aulia,,0.0,needs_review,neutral,0,0,auto,
7631,"Namun, koperasi hadir untuk menjaga keseimbangan ekosistem industri agar hubungan antara perusahaan dan pekerja dapat berjalan secara sehat, adil, dan berkelanjutan.",Karyawan bentuk Kopkar Forindo jaga keseimbangan di industri logistik,https://www.antaranews.com/berita/5615072/karyawan-bentuk-kopkar-forindo-jaga-keseimbangan-di-industri-logistik,antaranews.com,2026-06-19,low,21,pelatihan digital Aceh,Aulia,,2.0,needs_review,neutral,0,0,auto,
7632,"Pihaknya mempercayai bahwa perusahaan yang sehat membutuhkan pekerja yang sejahtera. Sebaliknya, pekerja yang sejahtera juga membutuhkan perusahaan yang kuat.",Karyawan bentuk Kopkar Forindo jaga keseimbangan di industri logistik,https://www.antaranews.com/berita/5615072/karyawan-bentuk-kopkar-forindo-jaga-keseimbangan-di-industri-logistik,antaranews.com,2026-06-19,low,19,pelatihan digital Aceh,Aulia,,0.0,needs_review,neutral,0,0,auto,
7633,"Karena itu Kopkar Forindo hadir bukan sebagai alat konflik, tetapi sebagai jembatan keseimbangan,"" kata Muhajir.",Karyawan bentuk Kopkar Forindo jaga keseimbangan di industri logistik,https://www.antaranews.com/berita/5615072/karyawan-bentuk-kopkar-forindo-jaga-keseimbangan-di-industri-logistik,antaranews.com,2026-06-19,low,15,pelatihan digital Aceh,Aulia,,0.0,needs_review,neutral,0,0,auto,
7634,"Menurutnya, industrifreight forwardingatau layanan logistik pihak ketiga di Indonesia saat ini sedang memasuki masa perubahan besar.",Karyawan bentuk Kopkar Forindo jaga keseimbangan di industri logistik,https://www.antaranews.com/berita/5615072/karyawan-bentuk-kopkar-forindo-jaga-keseimbangan-di-industri-logistik,antaranews.com,2026-06-19,low,16,pelatihan digital Aceh,Aulia,,2.0,needs_review,neutral,0,0,auto,
7636,"Di sisi lain, pekerja juga membutuhkan wadah yang dapat membantu mereka menghadapi berbagai risiko ekonomi dan sosial yang muncul dari dinamika tersebut.",Karyawan bentuk Kopkar Forindo jaga keseimbangan di industri logistik,https://www.antaranews.com/berita/5615072/karyawan-bentuk-kopkar-forindo-jaga-keseimbangan-di-industri-logistik,antaranews.com,2026-06-19,low,22,pelatihan digital Aceh,Aulia,,0.0,needs_review,neutral,0,0,auto,
7637,Muhajir mengatakan Kopkar Forindo dirancang menjadi koperasi profesi yang menghimpun pekerja dari berbagai perusahaan yang bergerak di bidang Jasa Pengurusan Transportasi (JPT) ataufreight forwarding.,Karyawan bentuk Kopkar Forindo jaga keseimbangan di industri logistik,https://www.antaranews.com/berita/5615072/karyawan-bentuk-kopkar-forindo-jaga-keseimbangan-di-industri-logistik,antaranews.com,2026-06-19,low,24,pelatihan digital Aceh,Aulia,,2.0,needs_review,neutral,0,0,auto,
7638,"Ia mengatakan berbeda dengan koperasi konvensional yang hanya berfokus pada simpan pinjam, Kopkar Forindo memiliki visi yang lebih luas.",Karyawan bentuk Kopkar Forindo jaga keseimbangan di industri logistik,https://www.antaranews.com/berita/5615072/karyawan-bentuk-kopkar-forindo-jaga-keseimbangan-di-industri-logistik,antaranews.com,2026-06-19,low,19,pelatihan digital Aceh,Aulia,,0.0,needs_review,neutral,0,0,auto,
7639,"Menurut dia, koperasi ini dirancang untuk membangun dana solidaritas anggota, program bantuan hukum, bantuan darurat bagi anggota yang terdampak masalah perusahaan.",Karyawan bentuk Kopkar Forindo jaga keseimbangan di industri logistik,https://www.antaranews.com/berita/5615072/karyawan-bentuk-kopkar-forindo-jaga-keseimbangan-di-industri-logistik,antaranews.com,2026-06-19,low,21,pelatihan digital Aceh,Aulia,,2.0,needs_review,neutral,1,1,auto,
7642,"Ia menambahkan Kopkar Forindo menargetkan terbentuknya jaringan koperasi pekerjafreight forwardingdi seluruh Indonesia yang terhubung secara digital, sehingga para anggota dari Aceh hingga Papua dapat memperoleh manfaat yang sama tanpa terhalang jarak geografis.",Karyawan bentuk Kopkar Forindo jaga keseimbangan di industri logistik,https://www.antaranews.com/berita/5615072/karyawan-bentuk-kopkar-forindo-jaga-keseimbangan-di-industri-logistik,antaranews.com,2026-06-19,high,32,pelatihan digital Aceh,Aulia,,2.0,needs_review,neutral,1,0,auto,
7644,"Jakarta (ANTARA) - Kepala Pos Komando Wilayah Aceh Satuan Tugas Percepatan Rehabilitasi dan Rekonstruksi (PRR) Pascabencana Sumatera Safrizal Zakaria Ali menepis tudingan penanganan pascabencana hidrometeorologi Sumatra di Aceh berjalan lambat,",Kaposwil PRR Aceh tepis tudingan pemulihan Aceh lambat,https://www.antaranews.com/berita/5565717/kaposwil-prr-aceh-tepis-tudingan-pemulihan-aceh-lambat,antaranews.com,2026-05-13,high,30,pelatihan digital Aceh,Aulia,,0.0,needs_review,neutral,0,1,auto,
7645,"Menanggapi adanya berbagai opini publik dan kritik yang menilai proses penanganan pemulihan ini berjalan lamban, Safrizal memberikan penjelasan terkait fakta di lapangan.",Kaposwil PRR Aceh tepis tudingan pemulihan Aceh lambat,https://www.antaranews.com/berita/5565717/kaposwil-prr-aceh-tepis-tudingan-pemulihan-aceh-lambat,antaranews.com,2026-05-13,medium,22,pelatihan digital Aceh,Aulia,,0.0,needs_review,neutral,0,0,auto,
7646,"""Ada yang menyampaikan pemerintah lambat menangani bencana. Tidak bisa kita katakan lambat. Tetapi karena cakupan wilayah terdampak sangat luas. Karena tantangan geografis dan teknis di lapangan sangat kompleks. Karena kebutuhan masyarakat di setiap daerah berbeda-beda, namun kita pastikan bahwa seluruhnya tertangani (no one left behind),"" kata Safrizal dalam keterangannya di Jakarta, Selasa.",Kaposwil PRR Aceh tepis tudingan pemulihan Aceh lambat,https://www.antaranews.com/berita/5565717/kaposwil-prr-aceh-tepis-tudingan-pemulihan-aceh-lambat,antaranews.com,2026-05-13,medium,52,pelatihan digital Aceh,Aulia,,1.0,needs_review,negative,0,3,auto,
7647,"Hal itu disampaikan saat menghadiri Workshop Kreator Informasi Lokal di Banda Aceh, Selasa, dan menyampaikan keberadaan pers di dalam demokrasi telah menjadi pilar penting.",Kaposwil PRR Aceh tepis tudingan pemulihan Aceh lambat,https://www.antaranews.com/berita/5565717/kaposwil-prr-aceh-tepis-tudingan-pemulihan-aceh-lambat,antaranews.com,2026-05-13,high,24,pelatihan digital Aceh,Aulia,,1.0,needs_review,neutral,0,0,auto,
7648,Ia menambahkan bahwa proses pembangunan ini tidak bisa dilakukan dengan tergesa-gesa karena persoalan legalitas lahan dan kerawanan lokasi baru memerlukan verifikasi berlapis agar tidak menimbulkan masalah baru di kemudian hari.,Kaposwil PRR Aceh tepis tudingan pemulihan Aceh lambat,https://www.antaranews.com/berita/5565717/kaposwil-prr-aceh-tepis-tudingan-pemulihan-aceh-lambat,antaranews.com,2026-05-13,medium,30,pelatihan digital Aceh,Aulia,,2.0,needs_review,neutral,0,1,auto,
7649,"Saat ini Aceh masih dalam status transisi darurat hingga Juli 2026. Dalam masa transisi yang dikejar adalah pembangunan tempat tinggal tidak permanen, terjaminnya pangan, terjaminnya kesehatan.",Kaposwil PRR Aceh tepis tudingan pemulihan Aceh lambat,https://www.antaranews.com/berita/5565717/kaposwil-prr-aceh-tepis-tudingan-pemulihan-aceh-lambat,antaranews.com,2026-05-13,high,26,pelatihan digital Aceh,Aulia,,0.0,needs_review,neutral,0,0,auto,
7650,"Untuk pembangunan huntap komunal sudah terbangun unit yang dibangun Kemenko Polkam dan BNPB di Aceh Utara. Selain itu, terhadap usulan pemda sudah terdapat 71 lokasi huntap komunal yang sudah siap bangun.",Kaposwil PRR Aceh tepis tudingan pemulihan Aceh lambat,https://www.antaranews.com/berita/5565717/kaposwil-prr-aceh-tepis-tudingan-pemulihan-aceh-lambat,antaranews.com,2026-05-13,high,31,pelatihan digital Aceh,Aulia,,2.0,needs_review,neutral,0,0,auto,
7651,"Beberapa hal juga disampaikan Kaposwil terkait dengan kebutuhan sumur bor, perbaikan sawah, revitalisasi sungai dan juga infrastruktur penting lainnya.",Kaposwil PRR Aceh tepis tudingan pemulihan Aceh lambat,https://www.antaranews.com/berita/5565717/kaposwil-prr-aceh-tepis-tudingan-pemulihan-aceh-lambat,antaranews.com,2026-05-13,medium,19,pelatihan digital Aceh,Aulia,,2.0,needs_review,neutral,0,0,auto,
7652,"""Pemerintah bergerak terus. Apalagi pada Agustus tahun ini kita memasuki El Nino kering. Kita butuh ratusan sumur bor baru. Pemerintah akan membangun sejumlah kebutuhan itu secara bertahap, termasuk perbaikan sawah, dan revitalisasi serta rekonstruksi sungai terdampak,"" tuturnya.",Kaposwil PRR Aceh tepis tudingan pemulihan Aceh lambat,https://www.antaranews.com/berita/5565717/kaposwil-prr-aceh-tepis-tudingan-pemulihan-aceh-lambat,antaranews.com,2026-05-13,medium,37,pelatihan digital Aceh,Aulia,,1.0,needs_review,neutral,0,0,auto,
7653,"Safrizal mengatakan pembangunan kembali bukan semata mengejar tenggat waktu, tapi juga membutuhkan kajian mendalam supaya rehabilitasi dan rekonstruksi Aceh berdampak bagus dalam jangka panjang.",Kaposwil PRR Aceh tepis tudingan pemulihan Aceh lambat,https://www.antaranews.com/berita/5565717/kaposwil-prr-aceh-tepis-tudingan-pemulihan-aceh-lambat,antaranews.com,2026-05-13,high,24,pelatihan digital Aceh,Aulia,,1.0,needs_review,neutral,0,0,auto,
7654,"Lebih lanjut, dalam acara yang diinisiasi oleh Direktorat Komunikasi Publik Kementerian Komunikasi dan Digital Republik Indonesia ini, Safrizal menyampaikan siapapun yang menguasai informasi maka ia bisa menguasai dunia.",Kaposwil PRR Aceh tepis tudingan pemulihan Aceh lambat,https://www.antaranews.com/berita/5565717/kaposwil-prr-aceh-tepis-tudingan-pemulihan-aceh-lambat,antaranews.com,2026-05-13,medium,28,pelatihan digital Aceh,Aulia,,2.0,needs_review,neutral,0,0,auto,
7655,"Di era demokrasi kemerdekaan pers, kebebasan berbicara, merupakan hal yang sangat penting. Informasi saat ini bisa dibuat di mana saja dan nyaris borderless. Dengan demikian melihat perkembangan informasi saat ini, satu-satunya pembatas yaitu diri sendiri.",Kaposwil PRR Aceh tepis tudingan pemulihan Aceh lambat,https://www.antaranews.com/berita/5565717/kaposwil-prr-aceh-tepis-tudingan-pemulihan-aceh-lambat,antaranews.com,2026-05-13,medium,35,pelatihan digital Aceh,Aulia,,0.0,needs_review,neutral,1,0,auto,
7656,"Di tengah hiruk pikuk informasi yang berseliweran penting sekali memastikan informasi yang disampaikan dapat dipahami oleh penerima (komunikan). Bila pun ada gap, ruangnya tidak terlalu besar.",Kaposwil PRR Aceh tepis tudingan pemulihan Aceh lambat,https://www.antaranews.com/berita/5565717/kaposwil-prr-aceh-tepis-tudingan-pemulihan-aceh-lambat,antaranews.com,2026-05-13,medium,26,pelatihan digital Aceh,Aulia,,1.0,needs_review,neutral,0,0,auto,
7657,Ia memberikan apresiasi kepada Kementerian Komunikasi dan Digital (Komdigi) yang menggelar Workshop Kreator Informasi Lokal untuk lintas organisasi di Banda Aceh.,Kaposwil PRR Aceh tepis tudingan pemulihan Aceh lambat,https://www.antaranews.com/berita/5565717/kaposwil-prr-aceh-tepis-tudingan-pemulihan-aceh-lambat,antaranews.com,2026-05-13,high,21,pelatihan digital Aceh,Aulia,,2.0,needs_review,neutral,0,0,auto,
7658,"Ia berharap workshop tersebut dapat melahirkan pembuat konten yang bagus, informatif, dan benar.",Kaposwil PRR Aceh tepis tudingan pemulihan Aceh lambat,https://www.antaranews.com/berita/5565717/kaposwil-prr-aceh-tepis-tudingan-pemulihan-aceh-lambat,antaranews.com,2026-05-13,medium,13,pelatihan digital Aceh,Aulia,,1.0,needs_review,neutral,0,0,auto,
7659,"Pelatihan tersebut sangat penting, karena akan sangat membantu pemerintah, serta nantinya publik juga terbantu karena mendapatkan informasi yang benar dari para pembuat konten peserta workshop.",Kaposwil PRR Aceh tepis tudingan pemulihan Aceh lambat,https://www.antaranews.com/berita/5565717/kaposwil-prr-aceh-tepis-tudingan-pemulihan-aceh-lambat,antaranews.com,2026-05-13,medium,25,pelatihan digital Aceh,Aulia,,2.0,needs_review,neutral,0,0,auto,
7697,Banjarbaru (ANTARA) - Kementerian Pekerjaan Umum (PU) memperbanyak sekat kanal dan membantu membersihkan aliran irigasi untuk menanggulangi kebakaran hutan dan lahan (karhutla) di Kalimantan Selatan (Kalsel) khususnya di Banjarbaru.,Kementerian PU perbanyak sekat kanal tanggulangi karhutla di Kalsel,https://www.antaranews.com/berita/5719633/kementerian-pu-perbanyak-sekat-kanal-tanggulangi-karhutla-di-kalsel?utm_source=antaranews&utm_medium=desktop&utm_campaign=popular_right,antaranews.com,2026-08-31,low,29,pelatihan digital Aceh,Aulia,,1.0,needs_review,neutral,0,0,auto,
7698,"""Kita sudah kerahkan alat berat membangun sekat kanal di titik-titik lahan terbakar,"" kata Direktur Jenderal Bina Marga Kementerian PU Roy Rizali Anwar di Banjarbaru, Senin.",Kementerian PU perbanyak sekat kanal tanggulangi karhutla di Kalsel,https://www.antaranews.com/berita/5719633/kementerian-pu-perbanyak-sekat-kanal-tanggulangi-karhutla-di-kalsel?utm_source=antaranews&utm_medium=desktop&utm_campaign=popular_right,antaranews.com,2026-08-31,low,25,pelatihan digital Aceh,Aulia,,1.0,needs_review,neutral,0,1,auto,
7699,Dia mengatakan Balai Wilayah Sungai Kalimantan III Banjarmasin sudah membantu secara optimal mengirimkan mesin pompa dan pembersihan aliran Irigasi Riam Kanan.,Kementerian PU perbanyak sekat kanal tanggulangi karhutla di Kalsel,https://www.antaranews.com/berita/5719633/kementerian-pu-perbanyak-sekat-kanal-tanggulangi-karhutla-di-kalsel?utm_source=antaranews&utm_medium=desktop&utm_campaign=popular_right,antaranews.com,2026-08-31,low,21,pelatihan digital Aceh,Aulia,,0.0,needs_review,neutral,0,0,auto,
7700,Upaya itu bertujuan untuk memastikan lahan yang rawan terbakar bisa dibasahi dan sumber air mencukupi untuk pemadaman.,Kementerian PU perbanyak sekat kanal tanggulangi karhutla di Kalsel,https://www.antaranews.com/berita/5719633/kementerian-pu-perbanyak-sekat-kanal-tanggulangi-karhutla-di-kalsel?utm_source=antaranews&utm_medium=desktop&utm_campaign=popular_right,antaranews.com,2026-08-31,low,17,pelatihan digital Aceh,Aulia,,0.0,needs_review,neutral,0,0,auto,
7701,"""Embung-embung yang tersedia juga dikeruk dan bersihkan aliran airnya karena menjadi sumber air utama bagi helikopterwater bombing,"" katanya menjelaskan.",Kementerian PU perbanyak sekat kanal tanggulangi karhutla di Kalsel,https://www.antaranews.com/berita/5719633/kementerian-pu-perbanyak-sekat-kanal-tanggulangi-karhutla-di-kalsel?utm_source=antaranews&utm_medium=desktop&utm_campaign=popular_right,antaranews.com,2026-08-31,low,19,pelatihan digital Aceh,Aulia,,0.0,needs_review,neutral,0,0,auto,
7702,"Roy menegaskan di saat musim kemarau berkepanjangan, maka sumber air menjadi sangat penting untuk tetap tersedia.",Kementerian PU perbanyak sekat kanal tanggulangi karhutla di Kalsel,https://www.antaranews.com/berita/5719633/kementerian-pu-perbanyak-sekat-kanal-tanggulangi-karhutla-di-kalsel?utm_source=antaranews&utm_medium=desktop&utm_campaign=popular_right,antaranews.com,2026-08-31,low,16,pelatihan digital Aceh,Aulia,,0.0,needs_review,neutral,0,0,auto,
7703,Terlebih lahan gambut di wilayah Banjarbaru yang terbakar sangat sulit dipadamkan jika hanya mengandalkan penyiraman di permukaan.,Kementerian PU perbanyak sekat kanal tanggulangi karhutla di Kalsel,https://www.antaranews.com/berita/5719633/kementerian-pu-perbanyak-sekat-kanal-tanggulangi-karhutla-di-kalsel?utm_source=antaranews&utm_medium=desktop&utm_campaign=popular_right,antaranews.com,2026-08-31,low,17,pelatihan digital Aceh,Aulia,,0.0,needs_review,neutral,0,1,auto,
7704,"""Makanya kita perlu pembasahan dan paling efektif lagi penenggelaman lahan gambut agar tetap di bawah permukaan air,"" katanya.",Kementerian PU perbanyak sekat kanal tanggulangi karhutla di Kalsel,https://www.antaranews.com/berita/5719633/kementerian-pu-perbanyak-sekat-kanal-tanggulangi-karhutla-di-kalsel?utm_source=antaranews&utm_medium=desktop&utm_campaign=popular_right,antaranews.com,2026-08-31,low,18,pelatihan digital Aceh,Aulia,,0.0,needs_review,neutral,0,0,auto,
7705,Dirjen Bina Marga meninjau upaya penanggulangan karhutla di area ring 1 Bandara Internasional Syamsudin Noor di Banjarbaru yang dinilainya sudah cukup efektif.,Kementerian PU perbanyak sekat kanal tanggulangi karhutla di Kalsel,https://www.antaranews.com/berita/5719633/kementerian-pu-perbanyak-sekat-kanal-tanggulangi-karhutla-di-kalsel?utm_source=antaranews&utm_medium=desktop&utm_campaign=popular_right,antaranews.com,2026-08-31,low,22,pelatihan digital Aceh,Aulia,,0.0,needs_review,neutral,0,0,auto,
7706,Hal itu terbukti dari mulai berkurangnya sebaran titik api dan kabut asap tidak lagi sepekat hari-hari sebelumnya.,Kementerian PU perbanyak sekat kanal tanggulangi karhutla di Kalsel,https://www.antaranews.com/berita/5719633/kementerian-pu-perbanyak-sekat-kanal-tanggulangi-karhutla-di-kalsel?utm_source=antaranews&utm_medium=desktop&utm_campaign=popular_right,antaranews.com,2026-08-31,low,17,pelatihan digital Aceh,Aulia,,0.0,needs_review,neutral,0,1,auto,
7723,"General Manager Sales Telkomsel Regional Bali Nusra Ihsan di Denpasar, Jumat mengatakan kompetisi tersebut mengusung tema ""Karya Anak Bangsa untuk Solusi Indonesia"".",Telkomsel gelar kompetisi aplikasi NexDev Competition 2016 di Bali,https://www.antaranews.com/berita/574497/telkomsel-gelar-kompetisi-aplikasi-nexdev-competition-2016-di-bali,antaranews.com,2016-07-22,low,22,bootcamp teknologi Aceh,Aulia,,2.0,needs_review,neutral,0,0,auto,
7724,"Ia mengatakan ajang ""The NextDev 2016"" menantang kawula muda Denpasar untuk menciptakan aplikasi seluler yang memberikan dampak sosial yang positif, terutama dalam hal pengembangan Kota Pintar (smart city) dan daerah pedesaan.",Telkomsel gelar kompetisi aplikasi NexDev Competition 2016 di Bali,https://www.antaranews.com/berita/574497/telkomsel-gelar-kompetisi-aplikasi-nexdev-competition-2016-di-bali,antaranews.com,2016-07-22,low,31,bootcamp teknologi Aceh,Aulia,,2.0,needs_review,neutral,1,0,auto,
7725,"""Melalui roadshow The NextDev 2016 ini, kami ingin para generasi muda Indonesia di wilayah Denpasar dan sekitarnya untuk turut berkontribusi secara aktif memanfaatkan teknologi yang melahirkan solusi dan memberikan dampak sosial yang positif bagi bangsa melalui ajang kompetisi The NextDev 2016,"" ucapnya.",Telkomsel gelar kompetisi aplikasi NexDev Competition 2016 di Bali,https://www.antaranews.com/berita/574497/telkomsel-gelar-kompetisi-aplikasi-nexdev-competition-2016-di-bali,antaranews.com,2016-07-22,low,42,bootcamp teknologi Aceh,Aulia,,2.0,needs_review,positive,2,0,auto,
7726,"Ia mengatakan dengan tingginya partisipasi peserta, diharapkan akan terjaring lebih banyak lagi ide-ide kreatif dan solutif yang dapat mempercepat penerapan Kota Pintar di berbagai daerah di Indonesia, khususnya di kota Denpasar.",Telkomsel gelar kompetisi aplikasi NexDev Competition 2016 di Bali,https://www.antaranews.com/berita/574497/telkomsel-gelar-kompetisi-aplikasi-nexdev-competition-2016-di-bali,antaranews.com,2016-07-22,low,31,bootcamp teknologi Aceh,Aulia,,2.0,needs_review,neutral,0,0,auto,
7727,"Ihsan menjelaskan Denpasar merupakan kota ketiga penyelanggaraan ""Roadshow The NextDev 2016"" yang sebelumnya telah dimulai di Kota Yogyakarta dan Semarang. Selanjutnya akan dilaksanakan di 17 kota lainnya yaitu Surabaya, Malang, Banyuwangi, Bandung, Bogor, Jakarta, Banda Aceh, Medan, Pekanbaru, Palembang, Manado, Ambon, Gorontalo, Makassar, Banjarmasin, Balikpapan dan Pontianak.",Telkomsel gelar kompetisi aplikasi NexDev Competition 2016 di Bali,https://www.antaranews.com/berita/574497/telkomsel-gelar-kompetisi-aplikasi-nexdev-competition-2016-di-bali,antaranews.com,2016-07-22,high,47,bootcamp teknologi Aceh,Aulia,,2.0,needs_review,neutral,0,0,auto,
7728,"Acara ini terbuka untuk umum tanpa biaya dan akan diisi berbagai agenda menarik seperti ""Startup Talk"", di mana peserta akan mendapatkan pengetahuan berharga mengenai pengembangan ""startup"" dari pembicara ternama dari industri kreatif digital Indonesia.",Telkomsel gelar kompetisi aplikasi NexDev Competition 2016 di Bali,https://www.antaranews.com/berita/574497/telkomsel-gelar-kompetisi-aplikasi-nexdev-competition-2016-di-bali,antaranews.com,2016-07-22,low,34,bootcamp teknologi Aceh,Aulia,,2.0,needs_review,neutral,1,0,auto,
7729,"Selain itu, kata dia, ada juga ""Sharing Session"" bersama finalis The Next Dev 2015, serta ""Rocket Pitching"", di mana para peserta berkesempatan untuk mempresentasikan produk ""startup"" nya selama tiga menit.",Telkomsel gelar kompetisi aplikasi NexDev Competition 2016 di Bali,https://www.antaranews.com/berita/574497/telkomsel-gelar-kompetisi-aplikasi-nexdev-competition-2016-di-bali,antaranews.com,2016-07-22,low,30,bootcamp teknologi Aceh,Aulia,,2.0,needs_review,neutral,0,0,auto,
7730,"Dikatakan, selepas ""roadshow"", akan diadakan proses seleksi regional dan ""focus group discussion"" (FGD) hingga pada akhirnya didapatkan 20 tim finalis untuk tingkat nasional.",Telkomsel gelar kompetisi aplikasi NexDev Competition 2016 di Bali,https://www.antaranews.com/berita/574497/telkomsel-gelar-kompetisi-aplikasi-nexdev-competition-2016-di-bali,antaranews.com,2016-07-22,low,23,bootcamp teknologi Aceh,Aulia,,0.0,needs_review,neutral,0,0,auto,
7732,"Dalam kompetisi The NextDev 2016, terdapat sembilan sub tema yang memiliki fokus tersendiri sebagai dasar pengembangan solusi. Kesembilan sub tema yang bisa dipilih oleh peserta adalah agrikultur, kemaritiman, usaha kecil dan menengah (UKM), pemerintahan, energi, pariwisata, kesehatan, pendidikan, dan transportasi.",Telkomsel gelar kompetisi aplikasi NexDev Competition 2016 di Bali,https://www.antaranews.com/berita/574497/telkomsel-gelar-kompetisi-aplikasi-nexdev-competition-2016-di-bali,antaranews.com,2016-07-22,low,40,bootcamp teknologi Aceh,Aulia,,1.0,needs_review,neutral,1,0,auto,
7734,"Persyaratan untuk bisa mengikuti kompetisi ""The NextDev"" tahun ini sama dengan tahun lalu, yakni Warga Negara Indonesia (WNI) berusia 18 hingga 30 tahun. Peserta dapat mendaftar secara individu atau tim (maksimal tiga orang). Pendaftaran peserta dan informasi lebih lanjut mengenai The NextDev 2016 bisa didapatkan dengan di www.thenextdev.id.",Telkomsel gelar kompetisi aplikasi NexDev Competition 2016 di Bali,https://www.antaranews.com/berita/574497/telkomsel-gelar-kompetisi-aplikasi-nexdev-competition-2016-di-bali,antaranews.com,2016-07-22,low,48,bootcamp teknologi Aceh,Aulia,,0.0,needs_review,neutral,0,0,auto,
7762,Mutiara Songket berdiri pada 197 dengan satu alat tenun dan hanya menghasilkan dua set kain setiap bulannya.,"Mutiara Songket dari Aceh, Alat Tenun Tunggal ke Omzet Ratusan Juta dengan Digital",https://finansial.bisnis.com/read/20250207/55/1837607/mutiara-songket-dari-aceh-alat-tenun-tunggal-ke-omzet-ratusan-juta-dengan-digital,finansial.bisnis.com,2025-02-07,medium,17,bisnis digital Aceh,Aulia,,0.0,needs_review,neutral,0,0,auto,
7763,"Bisnis.com, BANDA ACEH Bermula dari satu alat tenun pada 1977, Mutiara Songket berdiri dengan hanya menghasilkan dua set kain setiap bulan. Menggunakan harga saat ini, setidaknya sang pemilik mengantongi Rp4 juta setiap bulan.","Mutiara Songket dari Aceh, Alat Tenun Tunggal ke Omzet Ratusan Juta dengan Digital",https://finansial.bisnis.com/read/20250207/55/1837607/mutiara-songket-dari-aceh-alat-tenun-tunggal-ke-omzet-ratusan-juta-dengan-digital,finansial.bisnis.com,2025-02-07,high,33,bisnis digital Aceh,Aulia,,2.0,needs_review,neutral,0,0,auto,
7764,"Putri Atika, anak pemilik sekaligus penerus Mutiara Songket bercerita bahwa orang tuanyalah yang memulai usaha tenun dan menghasilkan songket dengan motif khas Aceh.","Mutiara Songket dari Aceh, Alat Tenun Tunggal ke Omzet Ratusan Juta dengan Digital",https://finansial.bisnis.com/read/20250207/55/1837607/mutiara-songket-dari-aceh-alat-tenun-tunggal-ke-omzet-ratusan-juta-dengan-digital,finansial.bisnis.com,2025-02-07,high,23,bisnis digital Aceh,Aulia,,0.0,needs_review,neutral,0,0,auto,
7766,"""Di situlah BI memberikan fasilitas bagi kami untuk menambahkan sembilan alat tenun. Jadi, dari situ kami mengembangkan usaha sampai sekarang bisa bertahan,"" ujar Putri kepada awak media, Kamis (6/2/2025).","Mutiara Songket dari Aceh, Alat Tenun Tunggal ke Omzet Ratusan Juta dengan Digital",https://finansial.bisnis.com/read/20250207/55/1837607/mutiara-songket-dari-aceh-alat-tenun-tunggal-ke-omzet-ratusan-juta-dengan-digital,finansial.bisnis.com,2025-02-07,medium,29,bisnis digital Aceh,Aulia,,2.0,needs_review,neutral,0,0,auto,
7767,"Hasilnya, kini Mutiara Songket memiliki 10 penenun dan mampu menghasilkan hingga 20 set kain per bulan, yang dibuat seluruhnya secara manual tanpa mesin. Per set dijual dengan harga mulai dari Rp2 juta hingga Rp3 jutaan.","Mutiara Songket dari Aceh, Alat Tenun Tunggal ke Omzet Ratusan Juta dengan Digital",https://finansial.bisnis.com/read/20250207/55/1837607/mutiara-songket-dari-aceh-alat-tenun-tunggal-ke-omzet-ratusan-juta-dengan-digital,finansial.bisnis.com,2025-02-07,medium,35,bisnis digital Aceh,Aulia,,2.0,needs_review,neutral,0,0,auto,
7768,"Sebagai generasi kedua penerus usaha keluarga, Putri menyampaikan bahwa pelatihan dari BI tidak berhenti sampai di situ. Pada 2023, BI kembali mengadakan pelatihan motif hingga penggunaan benang katun.","Mutiara Songket dari Aceh, Alat Tenun Tunggal ke Omzet Ratusan Juta dengan Digital",https://finansial.bisnis.com/read/20250207/55/1837607/mutiara-songket-dari-aceh-alat-tenun-tunggal-ke-omzet-ratusan-juta-dengan-digital,finansial.bisnis.com,2025-02-07,medium,28,bisnis digital Aceh,Aulia,,2.0,needs_review,neutral,0,0,auto,
7771,"Bahkan, salah satu kainnya dengan motif Bungong Kupula telah terbang bersama Ariel Tatum di Paris Fashion Week.","Mutiara Songket dari Aceh, Alat Tenun Tunggal ke Omzet Ratusan Juta dengan Digital",https://finansial.bisnis.com/read/20250207/55/1837607/mutiara-songket-dari-aceh-alat-tenun-tunggal-ke-omzet-ratusan-juta-dengan-digital,finansial.bisnis.com,2025-02-07,medium,17,bisnis digital Aceh,Aulia,,0.0,needs_review,neutral,0,0,auto,
7772,"Sayangnya, Putri mengungkapkan bahwa saat ini para penenun merupakan orang tua, dan belum ada generasi muda yang meneruskan.","Mutiara Songket dari Aceh, Alat Tenun Tunggal ke Omzet Ratusan Juta dengan Digital",https://finansial.bisnis.com/read/20250207/55/1837607/mutiara-songket-dari-aceh-alat-tenun-tunggal-ke-omzet-ratusan-juta-dengan-digital,finansial.bisnis.com,2025-02-07,medium,18,bisnis digital Aceh,Aulia,,1.0,needs_review,neutral,0,0,auto,
7773,"Banyak yang belum berminat. Harapannya ke depan ada sanggar pelatihan dan penerus Mutiara Songket, ungkapnya.","Mutiara Songket dari Aceh, Alat Tenun Tunggal ke Omzet Ratusan Juta dengan Digital",https://finansial.bisnis.com/read/20250207/55/1837607/mutiara-songket-dari-aceh-alat-tenun-tunggal-ke-omzet-ratusan-juta-dengan-digital,finansial.bisnis.com,2025-02-07,medium,15,bisnis digital Aceh,Aulia,,2.0,needs_review,neutral,1,0,auto,
7776,"Sebelumnya, Dewan Gubernur Bank Indonesia (BI), Filianingsih Hendarta, menjelaskan bahwa pada 2024 realisasi volume mencapai 6,24 miliar transaksi dari target 2,5 miliar. Sementara itu, target pengguna sebanyak 55 juta orang berhasil tercapai dengan jumlah 55,4 juta orang.","Mutiara Songket dari Aceh, Alat Tenun Tunggal ke Omzet Ratusan Juta dengan Digital",https://finansial.bisnis.com/read/20250207/55/1837607/mutiara-songket-dari-aceh-alat-tenun-tunggal-ke-omzet-ratusan-juta-dengan-digital,finansial.bisnis.com,2025-02-07,medium,37,bisnis digital Aceh,Aulia,,2.0,needs_review,neutral,1,0,auto,
7777,"""Tahun 2025 ini, untuk volume kami targetkan 6,5 miliar transaksi, untuk pengguna 58 juta orang, lalu merchant-nya 40 juta,"" jelas Fili beberapa waktu lalu.","Mutiara Songket dari Aceh, Alat Tenun Tunggal ke Omzet Ratusan Juta dengan Digital",https://finansial.bisnis.com/read/20250207/55/1837607/mutiara-songket-dari-aceh-alat-tenun-tunggal-ke-omzet-ratusan-juta-dengan-digital,finansial.bisnis.com,2025-02-07,medium,24,bisnis digital Aceh,Aulia,,2.0,needs_review,neutral,0,0,auto,
8169,"Hal tersebut disampaikan dalam Seminar Executive pada Aceh Economic Development Forum 2025, yang digelar pada Kamis (27/11/2025) di The Pade Hotel, Banda Aceh.",PEMA Siapkan Koridor Bisnis untuk Percepat Transformasi Ekonomi Aceh,https://dialeksis.com/aceh/pema-siapkan-koridor-bisnis-untuk-percepat-transformasi-ekonomi-aceh/,dialeksis.com,"Thu, 27 Nov 2025 08:00:00 GMT",high,23,investasi digital Aceh,Aulia,,1.0,needs_review,neutral,0,0,auto,
8173,"Menurutnya, forum ini menjadi momentum memperkuat kolaborasi lintas sektor dalam menghadirkan inovasi dan transformasi pembangunan ekonomi Aceh yang lebih adaptif dan berbasis keberlanjutan.",PEMA Siapkan Koridor Bisnis untuk Percepat Transformasi Ekonomi Aceh,https://dialeksis.com/aceh/pema-siapkan-koridor-bisnis-untuk-percepat-transformasi-ekonomi-aceh/,dialeksis.com,"Thu, 27 Nov 2025 08:00:00 GMT",high,23,investasi digital Aceh,Aulia,,2.0,needs_review,positive,2,0,auto,
8175,"Selama ini mungkin fokus kita di sektor Migas. Ke depan, PEMA sudah menyadarkan bisnisnya dan hadir di berbagai sektor, seperti komoditas unggulan. Kita tahu Aceh memiliki kekayaan luar biasa: dari hasil perkebunan, pertanian, agroindustri, hingga komoditas seperti kopi dan pala yang sudah mendunia,"" ujarnya.",PEMA Siapkan Koridor Bisnis untuk Percepat Transformasi Ekonomi Aceh,https://dialeksis.com/aceh/pema-siapkan-koridor-bisnis-untuk-percepat-transformasi-ekonomi-aceh/,dialeksis.com,"Thu, 27 Nov 2025 08:00:00 GMT",high,44,investasi digital Aceh,Aulia,,2.0,needs_review,neutral,1,0,auto,
8185,"Aceh menghadapi tantangan ekonomi global dan nasional, namun dengan potensi besar dan dukungan berbagai pihak, kita yakin Aceh mampu menjadi daerah yang kompetitif secara nasional dan global,"" ujarnya.",PEMA Siapkan Koridor Bisnis untuk Percepat Transformasi Ekonomi Aceh,https://dialeksis.com/aceh/pema-siapkan-koridor-bisnis-untuk-percepat-transformasi-ekonomi-aceh/,dialeksis.com,"Thu, 27 Nov 2025 08:00:00 GMT",high,28,investasi digital Aceh,Aulia,,0.0,needs_review,positive,2,1,auto,
8186,Ia menyampaikan apresiasi atas tambahan alokasi dana Otsus dari pemerintah pusat dan komitmen untuk memanfaatkan sumber daya Aceh menjadi sumber Penerimaan Negara dan daerah yang produktif.,PEMA Siapkan Koridor Bisnis untuk Percepat Transformasi Ekonomi Aceh,https://dialeksis.com/aceh/pema-siapkan-koridor-bisnis-untuk-percepat-transformasi-ekonomi-aceh/,dialeksis.com,"Thu, 27 Nov 2025 08:00:00 GMT",high,26,investasi digital Aceh,Aulia,,2.0,needs_review,neutral,1,0,auto,
8188,"Semoga diskusi hari ini menghasilkan gagasan yang dapat diwujudkan menjadi aksi nyata menuju Aceh yang eksklusif dan berdaya saing global. Mari bersama membangun Aceh dan meningkatkan GDP Aceh di masa mendatang,"" tutupnya. [nh]",PEMA Siapkan Koridor Bisnis untuk Percepat Transformasi Ekonomi Aceh,https://dialeksis.com/aceh/pema-siapkan-koridor-bisnis-untuk-percepat-transformasi-ekonomi-aceh/,dialeksis.com,"Thu, 27 Nov 2025 08:00:00 GMT",high,33,investasi digital Aceh,Aulia,,2.0,needs_review,neutral,1,1,auto,
8240,Hi Digiers! Siapa nih yang kemarin sudah gak sabar untuk mengikuti pelatihan Thematic Academy (TA) Academy DTS 2021?,Pendaftaran Pelatihan Thematic Academy (TA) Digital Talent Scholarship 2021,https://diskominfo.lamongankab.go.id/posting/1556,diskominfo.lamongankab.go.id,"Thu, 03 Jun 2021 07:00:00 GMT",low,18,talent digital Aceh,Aulia,,2.0,needs_review,neutral,0,0,auto,
8241,Video Content Creator Big Data for Social Science Cyber Security Analyst untuk Sektor PublikScrum Master (Tingkat Dasar) Indonesian Women in Tech: Programming with Python,Pendaftaran Pelatihan Thematic Academy (TA) Digital Talent Scholarship 2021,https://diskominfo.lamongankab.go.id/posting/1556,diskominfo.lamongankab.go.id,"Thu, 03 Jun 2021 07:00:00 GMT",low,24,talent digital Aceh,Aulia,,0.0,needs_review,neutral,0,0,auto,
8242,Yuk segera daftarkan diri kamu dan jangan lupa ajak teman-teman kamu untuk bisa mengikuti pelatihan TA DTS 2021 GRATIS melalui tautan digitalent.kominfo.go.id/pelatihan/TA.,Pendaftaran Pelatihan Thematic Academy (TA) Digital Talent Scholarship 2021,https://diskominfo.lamongankab.go.id/posting/1556,diskominfo.lamongankab.go.id,"Thu, 03 Jun 2021 07:00:00 GMT",low,22,talent digital Aceh,Aulia,,2.0,needs_review,neutral,0,0,auto,
8243,Pendaftaran dibuka mulai tanggal 4 Juni - 5 Juli 2021.,Pendaftaran Pelatihan Thematic Academy (TA) Digital Talent Scholarship 2021,https://diskominfo.lamongankab.go.id/posting/1556,diskominfo.lamongankab.go.id,"Thu, 03 Jun 2021 07:00:00 GMT",low,10,talent digital Aceh,Aulia,,0.0,needs_review,neutral,0,0,auto,
8289,"Program Professional Academy Digital Talent Scholarship (PROA) Batch 2 merupakan program pelatihan yang diselenggarakan oleh Kementerian Komunikasi dan Informatika. Berikut ini informasi tema pelatihan yang dibuka, jadwal, dan persyaratan peserta:",Pembukaan Pendaftaran Professional Academy Digital Talent Scholarship (PROA) Batch 2,https://diskominfo.lamongankab.go.id/posting/970,diskominfo.lamongankab.go.id,"Thu, 08 Apr 2021 07:00:00 GMT",low,30,talent digital Aceh,Aulia,,2.0,needs_review,neutral,0,0,auto,
8290,"Buka Talent Scouting Provinsi Aceh Pra Popnas Tahun 2027 Untuk 4 Cabor, Wabup Muchsin Harap Seleksi Melahirkan Bakat Terbaik Aceh","Buka Talent Scouting Provinsi Aceh Pra Popnas Tahun 2027 Untuk 4 Cabor, Wabup Muchsin Harap Seleksi Melahirkan Bakat Terbaik Aceh",https://humas.acehtengahkab.go.id/buka-talent-scouting-provinsi-aceh-pra-popnas-tahun-2027-untuk-4-cabor-wabup-muchsin-harap-seleksi-melahirkan-bakat-terbaik-aceh/,humas.acehtengahkab.go.id,2026-06-05,high,20,talent digital Aceh,Aulia,,1.0,needs_review,neutral,1,0,auto,
8291,"Takengon Wakil Bupati Aceh Tengah, Muchsin Hasan, M.SP, membuka kegiatan Talent Scouting Provinsi Aceh Pra Popnas Tahun 2027 yang dilaksanakan pada wilayah IV di Kabupaten Aceh Tengah. Kegiatan tersebut diselenggarakan terpusat di Lapangan Musara Alun Takengon, Kamis, 05/06/26.","Buka Talent Scouting Provinsi Aceh Pra Popnas Tahun 2027 Untuk 4 Cabor, Wabup Muchsin Harap Seleksi Melahirkan Bakat Terbaik Aceh",https://humas.acehtengahkab.go.id/buka-talent-scouting-provinsi-aceh-pra-popnas-tahun-2027-untuk-4-cabor-wabup-muchsin-harap-seleksi-melahirkan-bakat-terbaik-aceh/,humas.acehtengahkab.go.id,2026-06-05,high,38,talent digital Aceh,Aulia,,0.0,needs_review,neutral,0,0,auto,
8292,"Kegiatan tersebut dilaksanakan untuk 4 cabang olahraga yaitu Sepak Bola, Bola Voli, Sepak Takraw, dan Bola Basket dengan peserta dari 4 kabupaten yaitu Aceh Tengah, Bener Meriah, Gayo Lues, dan Aceh Tenggara.","Buka Talent Scouting Provinsi Aceh Pra Popnas Tahun 2027 Untuk 4 Cabor, Wabup Muchsin Harap Seleksi Melahirkan Bakat Terbaik Aceh",https://humas.acehtengahkab.go.id/buka-talent-scouting-provinsi-aceh-pra-popnas-tahun-2027-untuk-4-cabor-wabup-muchsin-harap-seleksi-melahirkan-bakat-terbaik-aceh/,humas.acehtengahkab.go.id,2026-06-05,high,32,talent digital Aceh,Aulia,,0.0,needs_review,neutral,0,0,auto,
8293,"Dalam kegiatan tersebut Ketua Panitia seleksi, Muliyadi, S.Pd, selaku penanggung jawab kegiatan melaporkan bahwa kegiatan Talent Scouting yang dilaksanakan guna menyeleksi atlet dalam persiapan Popnas Tahun 2027.","Buka Talent Scouting Provinsi Aceh Pra Popnas Tahun 2027 Untuk 4 Cabor, Wabup Muchsin Harap Seleksi Melahirkan Bakat Terbaik Aceh",https://humas.acehtengahkab.go.id/buka-talent-scouting-provinsi-aceh-pra-popnas-tahun-2027-untuk-4-cabor-wabup-muchsin-harap-seleksi-melahirkan-bakat-terbaik-aceh/,humas.acehtengahkab.go.id,2026-06-05,medium,27,talent digital Aceh,Aulia,,0.0,needs_review,neutral,0,0,auto,
8294,Saya akan melaporkan beberapa hal terkait kegiatan ini pra popnas tahun ini belum diselenggarakan tapi kita melaksanakan talent scouting untuk mempersiapkan popnas tahun 2027 Lapor Muliyadi dalam pembukaan acara tersebut.,"Buka Talent Scouting Provinsi Aceh Pra Popnas Tahun 2027 Untuk 4 Cabor, Wabup Muchsin Harap Seleksi Melahirkan Bakat Terbaik Aceh",https://humas.acehtengahkab.go.id/buka-talent-scouting-provinsi-aceh-pra-popnas-tahun-2027-untuk-4-cabor-wabup-muchsin-harap-seleksi-melahirkan-bakat-terbaik-aceh/,humas.acehtengahkab.go.id,2026-06-05,medium,30,talent digital Aceh,Aulia,,1.0,needs_review,neutral,0,0,auto,
8295,"Kegiatan Talent Scouting diselenggarakan pada 4 daerah yang berbeda, salah satunya adalah Kabupaten Aceh Tengah yang menjadi tuan rumah wilayah 4. Kegiatan Talent Scouting di Kabupaten Aceh Tengah menjadi zona pertama untuk seleksi atlet mendahului 3 wilayah lainnya.","Buka Talent Scouting Provinsi Aceh Pra Popnas Tahun 2027 Untuk 4 Cabor, Wabup Muchsin Harap Seleksi Melahirkan Bakat Terbaik Aceh",https://humas.acehtengahkab.go.id/buka-talent-scouting-provinsi-aceh-pra-popnas-tahun-2027-untuk-4-cabor-wabup-muchsin-harap-seleksi-melahirkan-bakat-terbaik-aceh/,humas.acehtengahkab.go.id,2026-06-05,high,38,talent digital Aceh,Aulia,,0.0,needs_review,neutral,0,0,auto,
8296,Muliyadi juga berharap para atlet mengeluarkan potensi terbaiknyauntuk mewakili Provinsi Aceh demi mengharumkan nama daerah di kancah nasional tahun 2027 nantinya.,"Buka Talent Scouting Provinsi Aceh Pra Popnas Tahun 2027 Untuk 4 Cabor, Wabup Muchsin Harap Seleksi Melahirkan Bakat Terbaik Aceh",https://humas.acehtengahkab.go.id/buka-talent-scouting-provinsi-aceh-pra-popnas-tahun-2027-untuk-4-cabor-wabup-muchsin-harap-seleksi-melahirkan-bakat-terbaik-aceh/,humas.acehtengahkab.go.id,2026-06-05,high,21,talent digital Aceh,Aulia,,1.0,needs_review,positive,2,0,auto,
8297,"Kami harap para atlet mengeluarkan potensi terbaik kalian untuk mewakili Provinsi Aceh demi mengharumkan daerah kita, tidak ada ego wilayah kabupaten untuk kita bawa dalam Popnas 2027 ucap Mulyadi.","Buka Talent Scouting Provinsi Aceh Pra Popnas Tahun 2027 Untuk 4 Cabor, Wabup Muchsin Harap Seleksi Melahirkan Bakat Terbaik Aceh",https://humas.acehtengahkab.go.id/buka-talent-scouting-provinsi-aceh-pra-popnas-tahun-2027-untuk-4-cabor-wabup-muchsin-harap-seleksi-melahirkan-bakat-terbaik-aceh/,humas.acehtengahkab.go.id,2026-06-05,high,29,talent digital Aceh,Aulia,,1.0,needs_review,positive,2,0,auto,
8298,Wabup Muchsin mengucapakan terima kasih kepada Kadispora Aceh karena memilih Kabupaten Aceh Tengah menjadi tuan rumah wilayah 4 untuk seleksi Pra Popnas yang diikuti 4 kabupaten tetangga.,"Buka Talent Scouting Provinsi Aceh Pra Popnas Tahun 2027 Untuk 4 Cabor, Wabup Muchsin Harap Seleksi Melahirkan Bakat Terbaik Aceh",https://humas.acehtengahkab.go.id/buka-talent-scouting-provinsi-aceh-pra-popnas-tahun-2027-untuk-4-cabor-wabup-muchsin-harap-seleksi-melahirkan-bakat-terbaik-aceh/,humas.acehtengahkab.go.id,2026-06-05,high,27,talent digital Aceh,Aulia,,0.0,needs_review,neutral,0,0,auto,
8299,"Wabup Muchsin juga menyampaikan bahwa tahun ini Kabupaten Aceh Tengah mengadakan perbaikan terhadap fasilitas olahraga di lingkungan Musara Alun sehingga apabila provinsi memiliki agenda olahraga di Kabupaten Aceh Tengah, Pemerintah Kabupaten Aceh Tengah akan lebih siap menyambut hal tersebut.","Buka Talent Scouting Provinsi Aceh Pra Popnas Tahun 2027 Untuk 4 Cabor, Wabup Muchsin Harap Seleksi Melahirkan Bakat Terbaik Aceh",https://humas.acehtengahkab.go.id/buka-talent-scouting-provinsi-aceh-pra-popnas-tahun-2027-untuk-4-cabor-wabup-muchsin-harap-seleksi-melahirkan-bakat-terbaik-aceh/,humas.acehtengahkab.go.id,2026-06-05,high,39,talent digital Aceh,Aulia,,2.0,needs_review,neutral,0,0,auto,
8300,Tahun ini kita juga menyiapkan fasilitas olahraga di Kabupaten Aceh Tengah sehingga apabila provinsi akan menyelenggarakan event di Kabupaten Aceh Tengah maka Aceh Tengah siap untuk menyambut hal tersebut ungkap Wabup Muchsin dalam sambutannya.,"Buka Talent Scouting Provinsi Aceh Pra Popnas Tahun 2027 Untuk 4 Cabor, Wabup Muchsin Harap Seleksi Melahirkan Bakat Terbaik Aceh",https://humas.acehtengahkab.go.id/buka-talent-scouting-provinsi-aceh-pra-popnas-tahun-2027-untuk-4-cabor-wabup-muchsin-harap-seleksi-melahirkan-bakat-terbaik-aceh/,humas.acehtengahkab.go.id,2026-06-05,high,34,talent digital Aceh,Aulia,,2.0,needs_review,neutral,0,0,auto,
8301,Kegiatan Talent Scouting tersebut diikuti oleh 51 peserta untuk 4 cabor dari 4 kabupaten yang tergabung dalam wilayah IV. Wabup Muchsin juga mengingatkan tidak adanya interfensi terhadap hasil seleksi sehingga bakat terbaik akan ditampilkan di ajang Popnas tahun 2027.,"Buka Talent Scouting Provinsi Aceh Pra Popnas Tahun 2027 Untuk 4 Cabor, Wabup Muchsin Harap Seleksi Melahirkan Bakat Terbaik Aceh",https://humas.acehtengahkab.go.id/buka-talent-scouting-provinsi-aceh-pra-popnas-tahun-2027-untuk-4-cabor-wabup-muchsin-harap-seleksi-melahirkan-bakat-terbaik-aceh/,humas.acehtengahkab.go.id,2026-06-05,medium,39,talent digital Aceh,Aulia,,1.0,needs_review,neutral,1,0,auto,
8302,Hari ini kegiatan seleksi harus diikuti dengan serius di mana aceh tengah mengirim 7 atlet sepak bola dan 5 atlet voli untuk di seleksi kembali. Saya berharap tidak ada interfensi dalam seleksi walaupun aceh tengah menjadi tuan rumah pada kali ini untuk menghasilkan atlet yang berbakat tegas Wabup Muchsin di akhir sambutannya.,"Buka Talent Scouting Provinsi Aceh Pra Popnas Tahun 2027 Untuk 4 Cabor, Wabup Muchsin Harap Seleksi Melahirkan Bakat Terbaik Aceh",https://humas.acehtengahkab.go.id/buka-talent-scouting-provinsi-aceh-pra-popnas-tahun-2027-untuk-4-cabor-wabup-muchsin-harap-seleksi-melahirkan-bakat-terbaik-aceh/,humas.acehtengahkab.go.id,2026-06-05,high,52,talent digital Aceh,Aulia,,0.0,needs_review,neutral,0,0,auto,
8303,"Pada kesempatan tersebut hadir juga Kabid P2O Dispora Aceh, Kadis Pora Aceh Tengah, Kepala BPKK Aceh Tengah, Perwakilan Kadis Perkim, Tim Asesor Kegiatan, serta Perwakilan Koni Aceh Tengah. (M/ProkopimAT)","Buka Talent Scouting Provinsi Aceh Pra Popnas Tahun 2027 Untuk 4 Cabor, Wabup Muchsin Harap Seleksi Melahirkan Bakat Terbaik Aceh",https://humas.acehtengahkab.go.id/buka-talent-scouting-provinsi-aceh-pra-popnas-tahun-2027-untuk-4-cabor-wabup-muchsin-harap-seleksi-melahirkan-bakat-terbaik-aceh/,humas.acehtengahkab.go.id,2026-06-05,high,29,talent digital Aceh,Aulia,,0.0,needs_review,neutral,0,0,auto,
8384,Jakarta | Rekrutmen Bersama BUMN (RBB) 2023 resmi dibuka pada Kamis (11/5) ini. Pendaftaran akan dibuka hingga 20 Mei 2023 mendatang.,"Daftar Lowongan Rekrutmen Bersama BUMN 2023, Ada PLN hingga Pertamina",https://modusaceh.co/news/daftar-lowongan-rekrutmen-bersama-bumn-2023-ada-pln-hingga-pertamina/index.html,modusaceh.co,2023-05-11,low,21,talent digital Aceh,Aulia,,1.0,needs_review,neutral,0,0,auto,
8385,Forum Human Capital Indonesia (FHCI) BUMN mengungkapkan pada tahun ini pihaknya menyediakan lebih dari 2.000 lowongan di berbagai perusahaan pelat merah.,"Daftar Lowongan Rekrutmen Bersama BUMN 2023, Ada PLN hingga Pertamina",https://modusaceh.co/news/daftar-lowongan-rekrutmen-bersama-bumn-2023-ada-pln-hingga-pertamina/index.html,modusaceh.co,2023-05-11,low,21,talent digital Aceh,Aulia,,0.0,needs_review,neutral,0,0,auto,
8386,Berikut beberapa lowongan yang disediakan dalam RBB 2023:,"Daftar Lowongan Rekrutmen Bersama BUMN 2023, Ada PLN hingga Pertamina",https://modusaceh.co/news/daftar-lowongan-rekrutmen-bersama-bumn-2023-ada-pln-hingga-pertamina/index.html,modusaceh.co,2023-05-11,low,8,talent digital Aceh,Aulia,,0.0,needs_review,neutral,0,0,auto,
8387,Junior Officer treasury Liquidity dan Receipt (D3),"Daftar Lowongan Rekrutmen Bersama BUMN 2023, Ada PLN hingga Pertamina",https://modusaceh.co/news/daftar-lowongan-rekrutmen-bersama-bumn-2023-ada-pln-hingga-pertamina/index.html,modusaceh.co,2023-05-11,low,7,talent digital Aceh,Aulia,,0.0,needs_review,neutral,0,0,auto,
8388,Junior Technician Power Generation Life Cycle Management (D3),"Daftar Lowongan Rekrutmen Bersama BUMN 2023, Ada PLN hingga Pertamina",https://modusaceh.co/news/daftar-lowongan-rekrutmen-bersama-bumn-2023-ada-pln-hingga-pertamina/index.html,modusaceh.co,2023-05-11,low,8,talent digital Aceh,Aulia,,0.0,needs_review,neutral,0,0,auto,
8389,Junior Officer Waduk Hidrologi dan Sedimentasi (D3),"Daftar Lowongan Rekrutmen Bersama BUMN 2023, Ada PLN hingga Pertamina",https://modusaceh.co/news/daftar-lowongan-rekrutmen-bersama-bumn-2023-ada-pln-hingga-pertamina/index.html,modusaceh.co,2023-05-11,low,7,talent digital Aceh,Aulia,,0.0,needs_review,neutral,0,0,auto,
8390,Officer New Power generation Maintenance Management (S1),"Daftar Lowongan Rekrutmen Bersama BUMN 2023, Ada PLN hingga Pertamina",https://modusaceh.co/news/daftar-lowongan-rekrutmen-bersama-bumn-2023-ada-pln-hingga-pertamina/index.html,modusaceh.co,2023-05-11,low,7,talent digital Aceh,Aulia,,0.0,needs_review,neutral,0,0,auto,
8391,Officer Information technology Development and Business Anlysist (S1),"Daftar Lowongan Rekrutmen Bersama BUMN 2023, Ada PLN hingga Pertamina",https://modusaceh.co/news/daftar-lowongan-rekrutmen-bersama-bumn-2023-ada-pln-hingga-pertamina/index.html,modusaceh.co,2023-05-11,low,8,talent digital Aceh,Aulia,,0.0,needs_review,neutral,0,0,auto,
8392,Junior Officer Information Technology Operation (D3),"Daftar Lowongan Rekrutmen Bersama BUMN 2023, Ada PLN hingga Pertamina",https://modusaceh.co/news/daftar-lowongan-rekrutmen-bersama-bumn-2023-ada-pln-hingga-pertamina/index.html,modusaceh.co,2023-05-11,low,6,talent digital Aceh,Aulia,,0.0,needs_review,neutral,0,0,auto,
8393,PT Pertamina (Persero) - PT Kilang Pertamina Internasional - PT Kilang Pertamina Balikpapan,"Daftar Lowongan Rekrutmen Bersama BUMN 2023, Ada PLN hingga Pertamina",https://modusaceh.co/news/daftar-lowongan-rekrutmen-bersama-bumn-2023-ada-pln-hingga-pertamina/index.html,modusaceh.co,2023-05-11,low,13,talent digital Aceh,Aulia,,0.0,needs_review,neutral,0,0,auto,
8394,PT Pertamina (Persero) - PT. Pertamina Power Indonesia,"Daftar Lowongan Rekrutmen Bersama BUMN 2023, Ada PLN hingga Pertamina",https://modusaceh.co/news/daftar-lowongan-rekrutmen-bersama-bumn-2023-ada-pln-hingga-pertamina/index.html,modusaceh.co,2023-05-11,low,8,talent digital Aceh,Aulia,,0.0,needs_review,neutral,0,0,auto,
8473,"BANDA ACEH Serikat Perusahaan Pers (SPS) Indonesia siap menggelar peringatan Hari Ulang Tahun (HUT) ke-75 dengan tema besar Pers Maju, Sumber Daya Indonesia Melaju. Puncak perayaan akan berlangsung di Banda Aceh dan Sabang pada 20 hingga 23 Oktober 2025.","SPS Gelar Rangkaian Acara HUT ke-75 di Banda Aceh dan Sabang: Dorong Pers Maju, Sumber Daya Indonesia Melaju",https://riauterbit.com/news/detail/9124/sps-gelar-rangkaian-acara-hut-ke75-di-banda-aceh-dan-sabang-dorong-pers-maju-sumber-daya-indonesia-melaju,riauterbit.com,"Sat, 18 Oct 2025 07:00:00 GMT",high,39,talent digital Aceh,Aulia,,0.0,needs_review,neutral,0,0,auto,
8476,"> Pers bukan hanya pilar keempat demokrasi, tapi juga penggerak kemajuan bangsa. Melalui insan pers yang berintegritas dan profesional, kita bisa memperkuat literasi publik dan mempercepat laju pembangunan, ujar Januar P. Ruswita.","SPS Gelar Rangkaian Acara HUT ke-75 di Banda Aceh dan Sabang: Dorong Pers Maju, Sumber Daya Indonesia Melaju",https://riauterbit.com/news/detail/9124/sps-gelar-rangkaian-acara-hut-ke75-di-banda-aceh-dan-sabang-dorong-pers-maju-sumber-daya-indonesia-melaju,riauterbit.com,"Sat, 18 Oct 2025 07:00:00 GMT",medium,32,talent digital Aceh,Aulia,,0.0,needs_review,neutral,1,0,auto,
8477,"Pelaksanaan kegiatan di Aceh menjadi simbol kebangkitan semangat jurnalisme nasional dari ujung barat Indonesia. SPS memilih Banda Aceh dan Sabang bukan hanya karena nilai historisnya, tetapi juga sebagai bentuk penghormatan terhadap daerah yang memiliki kontribusi besar bagi sejarah pers nasional.","SPS Gelar Rangkaian Acara HUT ke-75 di Banda Aceh dan Sabang: Dorong Pers Maju, Sumber Daya Indonesia Melaju",https://riauterbit.com/news/detail/9124/sps-gelar-rangkaian-acara-hut-ke75-di-banda-aceh-dan-sabang-dorong-pers-maju-sumber-daya-indonesia-melaju,riauterbit.com,"Sat, 18 Oct 2025 07:00:00 GMT",high,40,talent digital Aceh,Aulia,,0.0,needs_review,neutral,1,0,auto,
8479,"> Dari Aceh untuk Indonesia, SPS ingin menunjukkan bahwa semangat kolaborasi dan profesionalisme pers akan membawa bangsa ini melaju menuju masa depan yang lebih maju, tutup Januar P. Ruswita. (rls)","SPS Gelar Rangkaian Acara HUT ke-75 di Banda Aceh dan Sabang: Dorong Pers Maju, Sumber Daya Indonesia Melaju",https://riauterbit.com/news/detail/9124/sps-gelar-rangkaian-acara-hut-ke75-di-banda-aceh-dan-sabang-dorong-pers-maju-sumber-daya-indonesia-melaju,riauterbit.com,"Sat, 18 Oct 2025 07:00:00 GMT",high,30,talent digital Aceh,Aulia,,2.0,needs_review,neutral,1,1,auto,
8480,2 posisi yang tersedia dalam rekrutmen nasional BSN 2026:,"Rekrutmen Nasional BSN 2026 Dibuka: Ini Syarat, Cara Daftar dan Linknya",https://www.medcom.id/pendidikan/jobseeker/JKR2R0QK-rekrutmen-nasional-bsn-2026-dibuka-ini-syarat-cara-daftar-dan-linknya,medcom.id,2026-02-11,low,9,talent digital Aceh,Aulia,,0.0,needs_review,neutral,0,0,auto,
8481,"Warga Negara Indonesia (WNI) Pendidikan minimal D3 dengan IPK minimal 3,00 (skala 4,00)","Rekrutmen Nasional BSN 2026 Dibuka: Ini Syarat, Cara Daftar dan Linknya",https://www.medcom.id/pendidikan/jobseeker/JKR2R0QK-rekrutmen-nasional-bsn-2026-dibuka-ini-syarat-cara-daftar-dan-linknya,medcom.id,2026-02-11,low,13,talent digital Aceh,Aulia,,1.0,needs_review,neutral,0,1,auto,
8482,"Jawa Timur: Surabaya, Malang, Jember Jawa Tengah: Tegal, Solo, Semarang, Purwokerto, Daerah Istimewa Yogyakarta Jabodetabek Jawa Barat: Tasikmalaya, Bandung, Karawang, Cirebon Banten: Serang Riau: Pekanbaru, Batam Sumatera Selatan: Palembang Sumatera Utara: Medan, Pematang Siantar Sumatera Barat: Padang Sulawesi Selatan: Makassar NTB: Mataram Aceh: Lhokseumawe, Meulaboh, Langsa, Bireuen Kalimantan Timur: Samarinda Jambi","Rekrutmen Nasional BSN 2026 Dibuka: Ini Syarat, Cara Daftar dan Linknya",https://www.medcom.id/pendidikan/jobseeker/JKR2R0QK-rekrutmen-nasional-bsn-2026-dibuka-ini-syarat-cara-daftar-dan-linknya,medcom.id,2026-02-11,high,51,talent digital Aceh,Aulia,,0.0,needs_review,neutral,0,0,auto,
8483,"Jawa Timur: Surabaya, Malang, Jember Jawa Tengah: Solo, Tegal, Purwokerto, Daerah Istimewa Yogyakarta Jabodetabek Jawa Barat: Bandung, Karawang, Cirebon Riau: Pekanbaru, Batam Sumatera Utara: Medan, Pematang Siantar Kalimantan Selatan: Banjarmasin Sulawesi Selatan: Makassar Sulawesi Tenggara: Kendari NTB: Mataram Aceh: Lhokseumawe, Meulaboh, Langsa, Bireuen Kalimantan Timur: Samarinda, Balikpapan Jambi Lampung Bengkulu","Rekrutmen Nasional BSN 2026 Dibuka: Ini Syarat, Cara Daftar dan Linknya",https://www.medcom.id/pendidikan/jobseeker/JKR2R0QK-rekrutmen-nasional-bsn-2026-dibuka-ini-syarat-cara-daftar-dan-linknya,medcom.id,2026-02-11,high,50,talent digital Aceh,Aulia,,0.0,needs_review,neutral,0,0,auto,
8484,Job Opening: 6-13 Februari 2026 Candidate Screening: 23-27 Februari 2026 Talent Assessment: 3-4 Maret 2026 Final Interview: 30 Maret-2 April 2026 Medical Check-Up: 8-10 April 2026,"Rekrutmen Nasional BSN 2026 Dibuka: Ini Syarat, Cara Daftar dan Linknya",https://www.medcom.id/pendidikan/jobseeker/JKR2R0QK-rekrutmen-nasional-bsn-2026-dibuka-ini-syarat-cara-daftar-dan-linknya,medcom.id,2026-02-11,low,26,talent digital Aceh,Aulia,,0.0,needs_review,neutral,0,0,auto,
8485,Kunjungi halaman rekrutmen dan pilih posisi yang sesuai dengan kualifikasi kamu Masukkan alamat email yang aktif sebagai identitas pendaftaran Lengkapi data pribadi dan unggah dokumen sesuai persyaratan yang ditetapkan Pantau notifikasi email untuk mengetahui informasi tahapan selanjutnya,"Rekrutmen Nasional BSN 2026 Dibuka: Ini Syarat, Cara Daftar dan Linknya",https://www.medcom.id/pendidikan/jobseeker/JKR2R0QK-rekrutmen-nasional-bsn-2026-dibuka-ini-syarat-cara-daftar-dan-linknya,medcom.id,2026-02-11,low,37,talent digital Aceh,Aulia,,0.0,needs_review,neutral,0,0,auto,
8486,"URL Berhasil di Salin Rekrutmen Nasional BSN 2026 Dibuka: Ini Syarat, Cara Daftar dan Linknya Klik untuk baca:","Rekrutmen Nasional BSN 2026 Dibuka: Ini Syarat, Cara Daftar dan Linknya",https://www.medcom.id/pendidikan/jobseeker/JKR2R0QK-rekrutmen-nasional-bsn-2026-dibuka-ini-syarat-cara-daftar-dan-linknya,medcom.id,2026-02-11,low,18,talent digital Aceh,Aulia,,2.0,needs_review,neutral,1,0,auto,
8570,Film seolah menyuarakan berbagai fenomena yang terjadi pada manusia dan alamnya. Bahkan rumitnya konflik sosial mampu diuraikan dengan atau tanpa dialog yang ada dalam karya visual. Praktik ini dilakukan oleh deretan sineas yang tergabung dalam Aceh Documentary dan Aceh Film Festival.,#3 Kaliurang Festival Hub 2023: Sinema Pasca Bencana oleh Aceh Film Festival hingga Rumitnya Mengurai Konflik Sosial,https://communication.uii.ac.id/3-kaliurang-festival-hub-2023-sinema-pasca-bencana-oleh-aceh-film-festival-hingga-rumitnya-mengurai-konflik-sosial/,communication.uii.ac.id,2023-11-28,high,41,programmer Aceh,Aulia,,0.0,needs_review,neutral,0,1,auto,
8572,"Edisi ketiga kali ini dibuka dengan pemutaran tiga film yang telah dikurasi oleh Aceh Film Festival, ketiganya adalah Puing Paling Sunyi, Gelombang Sinema di Ujung Sumatera, dan Surat Kaleng 1949.",#3 Kaliurang Festival Hub 2023: Sinema Pasca Bencana oleh Aceh Film Festival hingga Rumitnya Mengurai Konflik Sosial,https://communication.uii.ac.id/3-kaliurang-festival-hub-2023-sinema-pasca-bencana-oleh-aceh-film-festival-hingga-rumitnya-mengurai-konflik-sosial/,communication.uii.ac.id,2023-11-28,high,30,programmer Aceh,Aulia,,0.0,needs_review,neutral,0,0,auto,
8574,"Bermula dari tsunami Aceh 2004 yang menelan korban 227.898 jiwa, LSM dan NGO di berbagai belahan dunia berbondong-bondong datang mengulurkan tangan. Tak hanya memberikan bantuan dan pertolongan, pemberi donor juga meminta bukti pelaporan. Sehingga para LSM dan NGO melaporkannya dalam dokumentasi tulis, foto, hingga video.",#3 Kaliurang Festival Hub 2023: Sinema Pasca Bencana oleh Aceh Film Festival hingga Rumitnya Mengurai Konflik Sosial,https://communication.uii.ac.id/3-kaliurang-festival-hub-2023-sinema-pasca-bencana-oleh-aceh-film-festival-hingga-rumitnya-mengurai-konflik-sosial/,communication.uii.ac.id,2023-11-28,high,45,programmer Aceh,Aulia,,0.0,needs_review,neutral,1,0,auto,
8575,"Menurut penuturan Akbar, sebagian masyarakat terlatih memegang dan mengoperasikan kamera berkat LSM dan NGO yang datang pasca tsunami.",#3 Kaliurang Festival Hub 2023: Sinema Pasca Bencana oleh Aceh Film Festival hingga Rumitnya Mengurai Konflik Sosial,https://communication.uii.ac.id/3-kaliurang-festival-hub-2023-sinema-pasca-bencana-oleh-aceh-film-festival-hingga-rumitnya-mengurai-konflik-sosial/,communication.uii.ac.id,2023-11-28,medium,18,programmer Aceh,Aulia,,0.0,needs_review,neutral,0,0,auto,
8576,Geliat Perfilman di Aceh Pasca Bencana di Tengah Keterbatasan Ruang,#3 Kaliurang Festival Hub 2023: Sinema Pasca Bencana oleh Aceh Film Festival hingga Rumitnya Mengurai Konflik Sosial,https://communication.uii.ac.id/3-kaliurang-festival-hub-2023-sinema-pasca-bencana-oleh-aceh-film-festival-hingga-rumitnya-mengurai-konflik-sosial/,communication.uii.ac.id,2023-11-28,high,10,programmer Aceh,Aulia,,1.0,needs_review,negative,0,2,auto,
8577,Pembuka yang disampaikan oleh Akbar menjadi momentum geliat film di Aceh mulai tumbuh. Pasca bencana yang seolah menjadi kiamat bagi masyarakat ternyata membawa Aceh bangkit dengan wajah baru.,#3 Kaliurang Festival Hub 2023: Sinema Pasca Bencana oleh Aceh Film Festival hingga Rumitnya Mengurai Konflik Sosial,https://communication.uii.ac.id/3-kaliurang-festival-hub-2023-sinema-pasca-bencana-oleh-aceh-film-festival-hingga-rumitnya-mengurai-konflik-sosial/,communication.uii.ac.id,2023-11-28,high,28,programmer Aceh,Aulia,,2.0,needs_review,neutral,1,0,auto,
8578,"Menilik ke belakang, riset-riset yang dilakukan oleh Akbar dan rekan-rekannya tak menemukan jika Aceh memiliki sejarah tentang perfilman, seni pada masa konflik berhenti pada pertunjukan panggung sandiwara. Artinya, sejarah bermulanya film di Aceh sangat muda.",#3 Kaliurang Festival Hub 2023: Sinema Pasca Bencana oleh Aceh Film Festival hingga Rumitnya Mengurai Konflik Sosial,https://communication.uii.ac.id/3-kaliurang-festival-hub-2023-sinema-pasca-bencana-oleh-aceh-film-festival-hingga-rumitnya-mengurai-konflik-sosial/,communication.uii.ac.id,2023-11-28,high,35,programmer Aceh,Aulia,,0.0,needs_review,neutral,0,0,auto,
8579,"Kalo ditelusuri lebih lama kita mentok di seni panggung sandiwara pada masa konflik, ujar Akbar.",#3 Kaliurang Festival Hub 2023: Sinema Pasca Bencana oleh Aceh Film Festival hingga Rumitnya Mengurai Konflik Sosial,https://communication.uii.ac.id/3-kaliurang-festival-hub-2023-sinema-pasca-bencana-oleh-aceh-film-festival-hingga-rumitnya-mengurai-konflik-sosial/,communication.uii.ac.id,2023-11-28,medium,15,programmer Aceh,Aulia,,0.0,needs_review,neutral,0,0,auto,
8580,"Berangkat dari skill yang muncul pasca tsunami, geliat memproduksi film muncul. Hingga lahir beberapa komunitas salah satunya Aceh Documentary yang menjadi rumah bagi para sisneas muda di Aceh. Berbagai kelas, produksi film, hingga kompetisi dilakukan untuk melanjutkan mimpi.",#3 Kaliurang Festival Hub 2023: Sinema Pasca Bencana oleh Aceh Film Festival hingga Rumitnya Mengurai Konflik Sosial,https://communication.uii.ac.id/3-kaliurang-festival-hub-2023-sinema-pasca-bencana-oleh-aceh-film-festival-hingga-rumitnya-mengurai-konflik-sosial/,communication.uii.ac.id,2023-11-28,high,38,programmer Aceh,Aulia,,2.0,needs_review,neutral,0,0,auto,
8581,"Tak mudah membangun perfilman di Aceh, salah satu kendala nyata terkait dengan ruang. Aceh menjadi satu-satunya provinsi di Indonesia yang tak memiliki bioskop. Absennya ruang bisokop di Aceh lantaran dorongan berbagai kelompok yang berpendapat jika kehadiran bioskop bertentangan dengan syariat Islam.",#3 Kaliurang Festival Hub 2023: Sinema Pasca Bencana oleh Aceh Film Festival hingga Rumitnya Mengurai Konflik Sosial,https://communication.uii.ac.id/3-kaliurang-festival-hub-2023-sinema-pasca-bencana-oleh-aceh-film-festival-hingga-rumitnya-mengurai-konflik-sosial/,communication.uii.ac.id,2023-11-28,high,41,programmer Aceh,Aulia,,1.0,needs_review,neutral,0,1,auto,
8582,"Aceh merupakan daerah khusus yang menjalankan syariat Islam secara kaffah (secara menyeluruh), ujar Rijaluddin, Dewan Perwakilan Rakyat Aceh (DPRA) dilansir dari Kompas.com.",#3 Kaliurang Festival Hub 2023: Sinema Pasca Bencana oleh Aceh Film Festival hingga Rumitnya Mengurai Konflik Sosial,https://communication.uii.ac.id/3-kaliurang-festival-hub-2023-sinema-pasca-bencana-oleh-aceh-film-festival-hingga-rumitnya-mengurai-konflik-sosial/,communication.uii.ac.id,2023-11-28,high,22,programmer Aceh,Aulia,,0.0,needs_review,neutral,0,0,auto,
8583,"Namun, kendala ini menjadi hal tak berarti bagi para pegiat film di Aceh. Mereka tetap melakukan screening film secara sederhana, mulai dari konsep berkeliling memutarnya di daerah-daerah, hingga pemutaran besar di sebuah ruang serba guna dengan memisah antara perempuan dan laki-laki yang tentu dengan pengawasan Polisi Wilayatul Hisbah.",#3 Kaliurang Festival Hub 2023: Sinema Pasca Bencana oleh Aceh Film Festival hingga Rumitnya Mengurai Konflik Sosial,https://communication.uii.ac.id/3-kaliurang-festival-hub-2023-sinema-pasca-bencana-oleh-aceh-film-festival-hingga-rumitnya-mengurai-konflik-sosial/,communication.uii.ac.id,2023-11-28,high,48,programmer Aceh,Aulia,,1.0,needs_review,neutral,0,1,auto,
8584,"Seperti yang disampaikan Akbar, tak pernah terjadi hal-hal pelanggaran selama pemutaran film dilakukan. Justru yang dilakukan oleh Polisi Wilayatul Hisbah adalah mengimbau penonton agar tak merekam film selama pemutaran.",#3 Kaliurang Festival Hub 2023: Sinema Pasca Bencana oleh Aceh Film Festival hingga Rumitnya Mengurai Konflik Sosial,https://communication.uii.ac.id/3-kaliurang-festival-hub-2023-sinema-pasca-bencana-oleh-aceh-film-festival-hingga-rumitnya-mengurai-konflik-sosial/,communication.uii.ac.id,2023-11-28,medium,29,programmer Aceh,Aulia,,2.0,needs_review,neutral,0,0,auto,
8585,"Jadi malah tak ada pelanggaran syariat Islam, mereka [Polisi Wilayatul Hisbah] justru akhirnya mengimbau penonton untuk tidak merekam, mendokumentasikan film selama pemutaran saja, ujar Akbar.",#3 Kaliurang Festival Hub 2023: Sinema Pasca Bencana oleh Aceh Film Festival hingga Rumitnya Mengurai Konflik Sosial,https://communication.uii.ac.id/3-kaliurang-festival-hub-2023-sinema-pasca-bencana-oleh-aceh-film-festival-hingga-rumitnya-mengurai-konflik-sosial/,communication.uii.ac.id,2023-11-28,medium,25,programmer Aceh,Aulia,,2.0,needs_review,neutral,0,0,auto,
8587,"Untuk mempertahankan geliat perfilman di Aceh, ada strategi yang terus dilakukan yakni dengan menyesuaikan dengan kebiasaan dan jadwal menonton masyarakat Aceh.",#3 Kaliurang Festival Hub 2023: Sinema Pasca Bencana oleh Aceh Film Festival hingga Rumitnya Mengurai Konflik Sosial,https://communication.uii.ac.id/3-kaliurang-festival-hub-2023-sinema-pasca-bencana-oleh-aceh-film-festival-hingga-rumitnya-mengurai-konflik-sosial/,communication.uii.ac.id,2023-11-28,high,21,programmer Aceh,Aulia,,0.0,needs_review,neutral,0,0,auto,
8588,"Masyarakat Aceh duduk di warung kopi, ada TV menonton sepak bola, film yang tayang tengah malam. Kami mengikuti jadwal menonton masyarakat untuk mempertontonkan film yang diproduksi (Aceh Film Festival, Aceh Documentary), tambah Akbar.",#3 Kaliurang Festival Hub 2023: Sinema Pasca Bencana oleh Aceh Film Festival hingga Rumitnya Mengurai Konflik Sosial,https://communication.uii.ac.id/3-kaliurang-festival-hub-2023-sinema-pasca-bencana-oleh-aceh-film-festival-hingga-rumitnya-mengurai-konflik-sosial/,communication.uii.ac.id,2023-11-28,high,33,programmer Aceh,Aulia,,2.0,needs_review,neutral,0,0,auto,
8589,"Hingga kini perfilman di Aceh mulai diminati oleh generasi muda, mereka yang kuliah di Jawa akan kembali dengan bekal pengalaman dan melirik isu-isu sosial yang terjadi di tanah kelahirannya.",#3 Kaliurang Festival Hub 2023: Sinema Pasca Bencana oleh Aceh Film Festival hingga Rumitnya Mengurai Konflik Sosial,https://communication.uii.ac.id/3-kaliurang-festival-hub-2023-sinema-pasca-bencana-oleh-aceh-film-festival-hingga-rumitnya-mengurai-konflik-sosial/,communication.uii.ac.id,2023-11-28,high,29,programmer Aceh,Aulia,,1.0,needs_review,neutral,0,0,auto,
8590,"Ada pertanyaan menarik dalam sesi Movie Talk Sinema Pasca Bencana, Muzayin Nazaruddin selaku moderator melontarkan kalimat cukup menarik Kira-kira film di Aceh menjadi medium perubahan sosial atau hiburan?",#3 Kaliurang Festival Hub 2023: Sinema Pasca Bencana oleh Aceh Film Festival hingga Rumitnya Mengurai Konflik Sosial,https://communication.uii.ac.id/3-kaliurang-festival-hub-2023-sinema-pasca-bencana-oleh-aceh-film-festival-hingga-rumitnya-mengurai-konflik-sosial/,communication.uii.ac.id,2023-11-28,high,28,programmer Aceh,Aulia,,0.0,needs_review,neutral,0,0,auto,
8591,"Seolah penuh konflik sosial, film ternyata mampu menjadi medium untuk mengurainya. Jauh sebelum bencana tsunami Aceh 2004, sekitar tiga puluh tahun Gerakan Aceh Merdeka (GAM) terus bergulir.",#3 Kaliurang Festival Hub 2023: Sinema Pasca Bencana oleh Aceh Film Festival hingga Rumitnya Mengurai Konflik Sosial,https://communication.uii.ac.id/3-kaliurang-festival-hub-2023-sinema-pasca-bencana-oleh-aceh-film-festival-hingga-rumitnya-mengurai-konflik-sosial/,communication.uii.ac.id,2023-11-28,high,27,programmer Aceh,Aulia,,0.0,needs_review,neutral,0,0,auto,
8592,"Selama periode 1976 hingga 2005 kisah pelik itu menjatuhkan 15.000 korban jiwa dan ribuan pelanggaran HAM terjadi. Dalam penelitian yang berjudul Konflik Vertikal Antara Gerakan Aceh Merdeka di Aceh dengan Pemerintah Pusat di Jakarta Tahun 1976-2005 yang dilakukan Kurnia Jayanti dari UIN Syarif Hidayatullah Jakarta menyebut jumlah kasus pelanggaran HAM selama masa Daerah Operasi Militer (DOM) di Aceh sebagai berikut kasus tewas/terbunuh 1.321 kasus, 1.958 kasus hilang, 3.430 kasus penyiksaan, 128 kasus pemerkosaan, dan 597 kasus pembakaran.",#3 Kaliurang Festival Hub 2023: Sinema Pasca Bencana oleh Aceh Film Festival hingga Rumitnya Mengurai Konflik Sosial,https://communication.uii.ac.id/3-kaliurang-festival-hub-2023-sinema-pasca-bencana-oleh-aceh-film-festival-hingga-rumitnya-mengurai-konflik-sosial/,communication.uii.ac.id,2023-11-28,high,77,programmer Aceh,Aulia,,2.0,needs_review,neutral,0,0,auto,
8593,"Secara singkat konflik di Aceh terjadi lantaran kesenjangan sosial yang sangat mencolok antara Pemerintah pusat dan daerah, ketidakadilan selama puluhan tahun dirasa tidak terlalu diperhatikan. Kesejahteraan, pembagian sumber daya alam yang seharusnya dinikmati oleh masyarakat Aceh, hingga aspirasi terkait keistimewaan identitas dan etno religious syariat Islam yang tak diakomodasi menjadi faktor kekecewaan melalui gerakan separatis GAM.",#3 Kaliurang Festival Hub 2023: Sinema Pasca Bencana oleh Aceh Film Festival hingga Rumitnya Mengurai Konflik Sosial,https://communication.uii.ac.id/3-kaliurang-festival-hub-2023-sinema-pasca-bencana-oleh-aceh-film-festival-hingga-rumitnya-mengurai-konflik-sosial/,communication.uii.ac.id,2023-11-28,high,56,programmer Aceh,Aulia,,1.0,needs_review,neutral,0,0,auto,
8594,Sementara kebijakan di masa orde baru yang sangat militeristik penuh kekerasan semakin membuat masyarakat Aceh terus mengalami penderitaan.,#3 Kaliurang Festival Hub 2023: Sinema Pasca Bencana oleh Aceh Film Festival hingga Rumitnya Mengurai Konflik Sosial,https://communication.uii.ac.id/3-kaliurang-festival-hub-2023-sinema-pasca-bencana-oleh-aceh-film-festival-hingga-rumitnya-mengurai-konflik-sosial/,communication.uii.ac.id,2023-11-28,high,18,programmer Aceh,Aulia,,2.0,needs_review,neutral,0,0,auto,
8596,"Konflik-konflik sosial ini mulai diurai dan disuarakan melalui film. Film yang diproduksi oleh pegiat di Aceh menjadi penanda the voice of voiceless. Film Puing Paling Sunyi menjadi gambaran penderitaan masyarakat Aceh akibat konflik. Meski menyingkap dan menyuarakan konflik, film ini tampak lembut tanpa memasukkan kata konflik, GAM, Pembunuhan, dan pelanggaran HAM lainnya.",#3 Kaliurang Festival Hub 2023: Sinema Pasca Bencana oleh Aceh Film Festival hingga Rumitnya Mengurai Konflik Sosial,https://communication.uii.ac.id/3-kaliurang-festival-hub-2023-sinema-pasca-bencana-oleh-aceh-film-festival-hingga-rumitnya-mengurai-konflik-sosial/,communication.uii.ac.id,2023-11-28,high,52,programmer Aceh,Aulia,,2.0,needs_review,neutral,0,0,auto,
8597,"Film yang diproduksi adalah the voice of voiceless. Warga aceh biasa kehilangan suami, anak kehilangan bapak. Ada upaya melupakan itu secara sistematik, kesedihan yang panjang Puing Paling Sunyi adalah tubuh itu sendiri, ujar Muzayin Nazaruddin.",#3 Kaliurang Festival Hub 2023: Sinema Pasca Bencana oleh Aceh Film Festival hingga Rumitnya Mengurai Konflik Sosial,https://communication.uii.ac.id/3-kaliurang-festival-hub-2023-sinema-pasca-bencana-oleh-aceh-film-festival-hingga-rumitnya-mengurai-konflik-sosial/,communication.uii.ac.id,2023-11-28,high,35,programmer Aceh,Aulia,,2.0,needs_review,neutral,0,0,auto,
8598,"Tidak ada kosa kata GAM, Konflik, dan lainnya, tambahnya.",#3 Kaliurang Festival Hub 2023: Sinema Pasca Bencana oleh Aceh Film Festival hingga Rumitnya Mengurai Konflik Sosial,https://communication.uii.ac.id/3-kaliurang-festival-hub-2023-sinema-pasca-bencana-oleh-aceh-film-festival-hingga-rumitnya-mengurai-konflik-sosial/,communication.uii.ac.id,2023-11-28,medium,9,programmer Aceh,Aulia,,0.0,needs_review,neutral,0,0,auto,
8599,Hadirnya Akbar dalam sesi Movie Talk menjadi validasi terkait konflik yang pernah terjadi namun tak ada upaya rekonsiliasi.,#3 Kaliurang Festival Hub 2023: Sinema Pasca Bencana oleh Aceh Film Festival hingga Rumitnya Mengurai Konflik Sosial,https://communication.uii.ac.id/3-kaliurang-festival-hub-2023-sinema-pasca-bencana-oleh-aceh-film-festival-hingga-rumitnya-mengurai-konflik-sosial/,communication.uii.ac.id,2023-11-28,medium,18,programmer Aceh,Aulia,,0.0,needs_review,neutral,0,0,auto,
8600,"Ada dua film (Puing Paling Sunyi, Surat Kaleng 1949) yang apabila tidak hadir disini konteksnya akan hilang, jelas Akbar.",#3 Kaliurang Festival Hub 2023: Sinema Pasca Bencana oleh Aceh Film Festival hingga Rumitnya Mengurai Konflik Sosial,https://communication.uii.ac.id/3-kaliurang-festival-hub-2023-sinema-pasca-bencana-oleh-aceh-film-festival-hingga-rumitnya-mengurai-konflik-sosial/,communication.uii.ac.id,2023-11-28,medium,19,programmer Aceh,Aulia,,0.0,needs_review,neutral,0,0,auto,
8601,"Puing Paling Sunyi disutradai oleh mahasiswa yang lahir tahun 2004, artinya ia adalah sosok yang tak mengalami langsung konflik di Aceh namun merasakan dampaknya.",#3 Kaliurang Festival Hub 2023: Sinema Pasca Bencana oleh Aceh Film Festival hingga Rumitnya Mengurai Konflik Sosial,https://communication.uii.ac.id/3-kaliurang-festival-hub-2023-sinema-pasca-bencana-oleh-aceh-film-festival-hingga-rumitnya-mengurai-konflik-sosial/,communication.uii.ac.id,2023-11-28,high,24,programmer Aceh,Aulia,,2.0,needs_review,neutral,0,0,auto,
8602,"Sutradara orang Aceh, lahir 2004 dia bukan generasi konflik Aceh. Dia punya memori tentang ayahnya sperti ibu dalam film tersebut yang mengalami kekerasan, [pajak Nangroe] ketika tidak ada uang diancam tembak mati, sering takut, marah, menggigil, tambahnya.",#3 Kaliurang Festival Hub 2023: Sinema Pasca Bencana oleh Aceh Film Festival hingga Rumitnya Mengurai Konflik Sosial,https://communication.uii.ac.id/3-kaliurang-festival-hub-2023-sinema-pasca-bencana-oleh-aceh-film-festival-hingga-rumitnya-mengurai-konflik-sosial/,communication.uii.ac.id,2023-11-28,high,37,programmer Aceh,Aulia,,1.0,needs_review,neutral,0,0,auto,
8603,"Perbedaan memori dan pengalaman antara sutradara dengan produser yakni Akbar Rafsanjani, sengaja tak diintervensi demi menghasilkan karya yang murni. Menurut Akbar, ada persepsi dan perbedaan dalam meromantisasi konflik di Aceh. Inilah yang menjadi perbedaan di setiap generasi.",#3 Kaliurang Festival Hub 2023: Sinema Pasca Bencana oleh Aceh Film Festival hingga Rumitnya Mengurai Konflik Sosial,https://communication.uii.ac.id/3-kaliurang-festival-hub-2023-sinema-pasca-bencana-oleh-aceh-film-festival-hingga-rumitnya-mengurai-konflik-sosial/,communication.uii.ac.id,2023-11-28,high,37,programmer Aceh,Aulia,,0.0,needs_review,neutral,0,0,auto,
8604,"Puing Paling Sunyi, sepakat untuk tidak mengintervensi. Penting diproduksi karena ada gap antar generasi, meromantisasi konflik, romantisasi kekerasan, sebut Akbar.",#3 Kaliurang Festival Hub 2023: Sinema Pasca Bencana oleh Aceh Film Festival hingga Rumitnya Mengurai Konflik Sosial,https://communication.uii.ac.id/3-kaliurang-festival-hub-2023-sinema-pasca-bencana-oleh-aceh-film-festival-hingga-rumitnya-mengurai-konflik-sosial/,communication.uii.ac.id,2023-11-28,medium,20,programmer Aceh,Aulia,,2.0,needs_review,neutral,0,0,auto,
8605,"Menututp, diskusi film-film yang diproduksi pasca bencana adalah upaya menyingkap pesan secara alegoris dengan mencari makna di balik visual dalam film.",#3 Kaliurang Festival Hub 2023: Sinema Pasca Bencana oleh Aceh Film Festival hingga Rumitnya Mengurai Konflik Sosial,https://communication.uii.ac.id/3-kaliurang-festival-hub-2023-sinema-pasca-bencana-oleh-aceh-film-festival-hingga-rumitnya-mengurai-konflik-sosial/,communication.uii.ac.id,2023-11-28,medium,21,programmer Aceh,Aulia,,2.0,needs_review,neutral,0,0,auto,
8606,"Sekejam apa sih sampai membuat ayahnya traumatik, riset tentang psikologi, memori yang tersimpan dalam tubuh, film ini sangat alegoris, tutup Muzayin Nazaruddin.",#3 Kaliurang Festival Hub 2023: Sinema Pasca Bencana oleh Aceh Film Festival hingga Rumitnya Mengurai Konflik Sosial,https://communication.uii.ac.id/3-kaliurang-festival-hub-2023-sinema-pasca-bencana-oleh-aceh-film-festival-hingga-rumitnya-mengurai-konflik-sosial/,communication.uii.ac.id,2023-11-28,medium,22,programmer Aceh,Aulia,,0.0,needs_review,neutral,0,1,auto,
8634,"Belum lama ini Disparpora Aceh Tengah menyelenggarakan sayembara Desain Logo/Branding Pariwisata, menurut saya langkah ini adalah satu program yang apik. Apalagi kalau sayembara tersebut memang melibatkan talent desainer dari putra putri daerah yang berkontribusi.",Kota Takengon Mau Dibranding Seperti Apa?,https://lintasgayo.co/2019/07/30/kota-takengon-mau-dibranding-seperti-apa/,lintasgayo.co,2019-07-30,high,34,talent digital Aceh,Aulia,,0.0,needs_review,neutral,1,1,auto,
8635,"Sebagaimana dulu, kita bersama Tim pernah menggaungkan program Ayo Ke Gayo meski tidak official, slogan ini cukup bisa di ingat di masyarakat, terutama dunia digital. Salah satunya adalah penggunakan hashtag #AyoKeGayo yang menunjukan bukti tersebut, tidak hanya dunia maya ternyata.",Kota Takengon Mau Dibranding Seperti Apa?,https://lintasgayo.co/2019/07/30/kota-takengon-mau-dibranding-seperti-apa/,lintasgayo.co,2019-07-30,medium,40,talent digital Aceh,Aulia,,2.0,needs_review,neutral,0,0,auto,
8636,"Branding tersebut pernah pula dipakai di setidaknya 2 Event Besar skala Regional dan Kabupaten, juga pernah dijadikan Jargon UnOfficial oleh Dinas Pariwisata Aceh Tengah (Menurut Pemaparan Orang Dinas). Baru lambat laun, kita juga menyadari sebenarnya apakah gerakan branding yang kita lakukan sudah menyasar kepada Goal yang palTaing potensial.",Kota Takengon Mau Dibranding Seperti Apa?,https://lintasgayo.co/2019/07/30/kota-takengon-mau-dibranding-seperti-apa/,lintasgayo.co,2019-07-30,high,48,talent digital Aceh,Aulia,,1.0,needs_review,positive,2,1,auto,
8637,"Dikatakan ide bagus, karena memang selama ini Takengon, Aceh Tengah belum memiliki official branding nama dan desain.",Kota Takengon Mau Dibranding Seperti Apa?,https://lintasgayo.co/2019/07/30/kota-takengon-mau-dibranding-seperti-apa/,lintasgayo.co,2019-07-30,high,17,talent digital Aceh,Aulia,,1.0,needs_review,neutral,0,0,auto,
8638,"Tujuannya branding tersebut salah satunya adalah peningkatan jumlah wisatawan ataupun sedekar lebih memperkenalkan destinasi, budaya, serta all in one dari sebuah daerah tujuan wisata.",Kota Takengon Mau Dibranding Seperti Apa?,https://lintasgayo.co/2019/07/30/kota-takengon-mau-dibranding-seperti-apa/,lintasgayo.co,2019-07-30,medium,24,talent digital Aceh,Aulia,,0.0,needs_review,neutral,0,0,auto,
8639,"Singkatnya, dengan memiliki nama dan desain, orang lebih mudah ingat, juga lebih melekat menyebut kota kita dalam 1-3 kata saja.",Kota Takengon Mau Dibranding Seperti Apa?,https://lintasgayo.co/2019/07/30/kota-takengon-mau-dibranding-seperti-apa/,lintasgayo.co,2019-07-30,medium,20,talent digital Aceh,Aulia,,0.0,needs_review,neutral,0,0,auto,
8640,"Meski demikian, sebagai wujud peduli meski hanya dalam ulasan singkat kami ingin memberikan sedikit saran serta pandangan untuk kota kita tercinta.",Kota Takengon Mau Dibranding Seperti Apa?,https://lintasgayo.co/2019/07/30/kota-takengon-mau-dibranding-seperti-apa/,lintasgayo.co,2019-07-30,medium,21,talent digital Aceh,Aulia,,0.0,needs_review,neutral,0,1,auto,
8641,Mengacu ke topik utama setidaknya ada 3 point yang ingin saya sampaikan :,Kota Takengon Mau Dibranding Seperti Apa?,https://lintasgayo.co/2019/07/30/kota-takengon-mau-dibranding-seperti-apa/,lintasgayo.co,2019-07-30,medium,13,talent digital Aceh,Aulia,,0.0,needs_review,neutral,0,0,auto,
8642,2. Apakah kita ingin mengenal lebih luas nama apa yang sudah populer atau mempopulerkan sebuah nama?,Kota Takengon Mau Dibranding Seperti Apa?,https://lintasgayo.co/2019/07/30/kota-takengon-mau-dibranding-seperti-apa/,lintasgayo.co,2019-07-30,medium,16,talent digital Aceh,Aulia,,0.0,needs_review,neutral,0,0,auto,
8643,3. Apakah tujuan branding itu juga diharapkan menyasar calon wisatawan dari media digital?,Kota Takengon Mau Dibranding Seperti Apa?,https://lintasgayo.co/2019/07/30/kota-takengon-mau-dibranding-seperti-apa/,lintasgayo.co,2019-07-30,medium,13,talent digital Aceh,Aulia,,2.0,needs_review,neutral,0,0,auto,
8644,"Pertama. Kita ingin di branding sebagai Apa? Apakah Sebagai GAYO , ACEH TENGAH atau TAKENGON karena membranding beberapa nama sekaligus butuh Efek lebih untuk membuatnya melekat.",Kota Takengon Mau Dibranding Seperti Apa?,https://lintasgayo.co/2019/07/30/kota-takengon-mau-dibranding-seperti-apa/,lintasgayo.co,2019-07-30,high,26,talent digital Aceh,Aulia,,0.0,needs_review,neutral,0,0,auto,
8645,"Kedua, apakah kita ingin memperkenalkan Lebih luas nama yang popular atau mempopulerkan sebuah nama? Berikut hasil riset Digital kami yang bersifat perkiraan perhitungan pencarian KATA KUNCI yang diketik di Google per bulan.",Kota Takengon Mau Dibranding Seperti Apa?,https://lintasgayo.co/2019/07/30/kota-takengon-mau-dibranding-seperti-apa/,lintasgayo.co,2019-07-30,medium,32,talent digital Aceh,Aulia,,2.0,needs_review,neutral,0,0,auto,
8646,"Untuk Kata Kunci WISATA GAYO, sekitar 90 kali pencarian selama sebulan, WISATA TAKENGON, sekitar 1000 kali pencarian di Google, sedangkan WISATA ACEH TENGAH juga diketik 90 kali.",Kota Takengon Mau Dibranding Seperti Apa?,https://lintasgayo.co/2019/07/30/kota-takengon-mau-dibranding-seperti-apa/,lintasgayo.co,2019-07-30,high,27,talent digital Aceh,Aulia,,0.0,needs_review,neutral,0,0,auto,
8647,"Melihat dari trend pencarian, kata kunci Wisata Takengon jauh lebih populer versi Google Search Engine.",Kota Takengon Mau Dibranding Seperti Apa?,https://lintasgayo.co/2019/07/30/kota-takengon-mau-dibranding-seperti-apa/,lintasgayo.co,2019-07-30,high,15,talent digital Aceh,Aulia,,0.0,needs_review,neutral,0,0,auto,
8648,"Kembali kepada pertanyaan dasar, apakah kita ingin menggunakan kata kunci Wisata Takengon yang lebih popular untuk semakin dikenal dengan luas ? Atau membranding nama lain seperti Wisata Aceh Tengah atau Wisata Gayo??",Kota Takengon Mau Dibranding Seperti Apa?,https://lintasgayo.co/2019/07/30/kota-takengon-mau-dibranding-seperti-apa/,lintasgayo.co,2019-07-30,high,32,talent digital Aceh,Aulia,,0.0,needs_review,neutral,0,0,auto,
8649,"Ketiga, Apakah kira kira efek dari branding tersebut menyasara pengunjung wisata lewat media digital? Jika benar, maka strategi dan factor trend tersebut sebaiknya masuk menjadi Ide Branding Pariwisata.",Kota Takengon Mau Dibranding Seperti Apa?,https://lintasgayo.co/2019/07/30/kota-takengon-mau-dibranding-seperti-apa/,lintasgayo.co,2019-07-30,medium,28,talent digital Aceh,Aulia,,2.0,needs_review,neutral,0,0,auto,
8650,"Dalam Tulisan ini, saya lampirkan hasil suggestion keyword. Sekedar gambaran pertimbangan, jIka queri GAYO, TAKENGON dan ACEH TENGAH dipisahkan dari kata Wisata, maka inilah hasil perkiraan volume penelusuran Google Perbulan.",Kota Takengon Mau Dibranding Seperti Apa?,https://lintasgayo.co/2019/07/30/kota-takengon-mau-dibranding-seperti-apa/,lintasgayo.co,2019-07-30,high,30,talent digital Aceh,Aulia,,0.0,needs_review,neutral,0,0,auto,
8651,"ACEH TENGAH = 1300 penelusan, GAYO = 2400 penelusan. TAKENGON = 3600 penelusuran. Jika ingin dikaitkan sebagai daerah penghasil KOPI GAYO berikut hasilnya : KOPI GAYO = 4400 penelusuran, KOPI ACEH TENGAH = 10 penelusuran, KOPI TAKENGON = 170 penelusuran.",Kota Takengon Mau Dibranding Seperti Apa?,https://lintasgayo.co/2019/07/30/kota-takengon-mau-dibranding-seperti-apa/,lintasgayo.co,2019-07-30,high,40,talent digital Aceh,Aulia,,0.0,needs_review,neutral,0,0,auto,
8942,"Salah satu film produksi Aceh Documentary tahun 2019 ini berjudul ""Minor"". Film yang disutradarai oleh Vena Besta Klaudina dan Tazkiatun Nufus ini berkisah tentang kehidupan umat kristiani di Aceh. Menggunakan gaya observasional, film ini mengikuti seorang gadis kristiani yang sehari-harinya terlibat langsung dalam kehidupan sosialnya bersama umat Islam di Banda Aceh dan Sabang. Ini merupakan film pertama yang diproduksi oleh Aceh Documentary dengan mengangkat isu kerukunan beragama di Aceh.","Mengupas Dibalik Layar Film Dokumenter ""Minor"" (1)",https://www.acehtrend.com/news/mengupas-dibalik-layar-film-dokumenter-minor-1/index.html,acehtrend.com,"Sun, 28 Jul 2019 07:00:00 GMT",high,69,programmer Aceh,Aulia,,2.0,needs_review,neutral,0,0,auto,
8943,"Aceh terkenal dengan daerah yang menerapkan syariat Islam dalam kehidupan sehari-harinya. Islam merupakan agama mayoritas masyarakat di Aceh. Berabad-abad sejarah Aceh tidak pernah lepas dari Islam. Kisah heroik peperangan, perjanjian damai, dan penaklukan Aceh selalu di dalamnya terdapat cerita Islam. Hingga Aceh dijuluki dengan Serambi Mekkah, di mana masyarakat di Asia Tenggara melakukan perjalanan ke Aceh untuk menuntut ilmu sebelum melanjutkan pengembaraan mereka ke tanah suci Mekkah untuk beribadah haji.","Mengupas Dibalik Layar Film Dokumenter ""Minor"" (1)",https://www.acehtrend.com/news/mengupas-dibalik-layar-film-dokumenter-minor-1/index.html,acehtrend.com,"Sun, 28 Jul 2019 07:00:00 GMT",high,70,programmer Aceh,Aulia,,0.0,needs_review,neutral,0,0,auto,
8944,"Meskipun sekarang bukan lagi berbentuk kerajaan Islam, Aceh masih punya wewenang untuk melaksanakan syariat Islam di daerahnya. Hal ini kemudian menjadi sorotan publik di luar Aceh tentang bagaimana kehidupan umat nonmuslim yang ada di Aceh. Berbagai macam spekulasi pun muncul terkait isu tersebut. Pelancong yang penasaran dengan kehidupan nonmuslim di Aceh, melakukan perjalanan ke Aceh untuk merasakan langsung atmosfirnya, sebagian lagi tidak berani hingga hanya melihat Aceh lewat kacamata media. Dengan begitu, kebenaran mana yang bisa dipercaya pun menjadi kabur. Memang era post-truth menjadikan kebenaran menjadi hal yang subjektif. Masing-masing orang punya sudut pandang sendiri untuk memilih mana informasi yang harus dipercaya. Dari sinilah, sangat bagus ketika pembuat film dokumenter juga menawarkan sudut pandangnya terhadap apa yang terjadi dalam kehidupan umat beragama di Aceh, khususnya umat Kristen melalui film dokumenter yang berjudul ""Minor"".","Mengupas Dibalik Layar Film Dokumenter ""Minor"" (1)",https://www.acehtrend.com/news/mengupas-dibalik-layar-film-dokumenter-minor-1/index.html,acehtrend.com,"Sun, 28 Jul 2019 07:00:00 GMT",high,133,programmer Aceh,Aulia,,1.0,needs_review,neutral,0,0,auto,
8945,"Ketika ide cerita mereka dibedah dalam workshop bertajuk In House Training Aceh Documentary Competition 2019, Minor membawa berbagai fakta menarik yang belum pernah kita dengar selama ini. Masyarakat yang pindah agama, ujaran penghinaan, hingga perlakuan yang berbeda terhadap minoritas. Menerima atau tidak, fakta yang dibawa sutradara ini makin menarik saja. Pengalaman yang telah lama dipendam akhirnya mereka temukan cara untuk mengekspresikannya.","Mengupas Dibalik Layar Film Dokumenter ""Minor"" (1)",https://www.acehtrend.com/news/mengupas-dibalik-layar-film-dokumenter-minor-1/index.html,acehtrend.com,"Sun, 28 Jul 2019 07:00:00 GMT",high,61,programmer Aceh,Aulia,,2.0,needs_review,neutral,0,0,auto,
8946,"Film ini akan menjadi bahan evaluasi terhadap kesalahan-kesalahan kecil pada kehidupan sosial kita. Tetapi sifat defensif akan muncul secara refleks ketika ada yang membuka kesalahan kita dalam berhubungan antarumat beragama. Tidak dipungkiri ini merupakan sifat dasar manusia, apa pun agamanya. Kita yang merasa orang lain sudah masuk merusak wilayah kedaulatan, akan balik memberontak dan menyerang.","Mengupas Dibalik Layar Film Dokumenter ""Minor"" (1)",https://www.acehtrend.com/news/mengupas-dibalik-layar-film-dokumenter-minor-1/index.html,acehtrend.com,"Sun, 28 Jul 2019 07:00:00 GMT",low,55,programmer Aceh,Aulia,,2.0,needs_review,neutral,0,0,auto,
8947,"Sejauh mana kita bisa bereaksi saat mendengar kata Kristen? Masyarakat yang tumbuh dalam kehidupan mayoritas Islam yang kuat dan mengakar tentu saja tidak akan terbiasa dengan hal ini. Dari kecil kita sudah ditanamkan bahwa Kristen itu adalah agama kafir. Ini kemudian terpatri lama dalam memori pikiran hingga memunculkan hal-hal baru seperti perlakuan yang tidak ramah kepada mereka, bahkan yang paling radikal adalah mencoba membunuh mereka seperti yang terjadi di beberapa daerah di Indonesia. Di Aceh (sebagian besar) mungkin tidak sampai terjadi bom bunuh diri di gereja. Ini tidak lepas dari ajaran Islam yang lembut dan mengutamakan kemanusiaan yang diajarkan di pesantren tradisional.","Mengupas Dibalik Layar Film Dokumenter ""Minor"" (1)",https://www.acehtrend.com/news/mengupas-dibalik-layar-film-dokumenter-minor-1/index.html,acehtrend.com,"Sun, 28 Jul 2019 07:00:00 GMT",high,102,programmer Aceh,Aulia,,2.0,needs_review,neutral,1,0,auto,
8948,Kata Kristen juga membawa kita kepada sejarah perang salib yang kejam. Ini juga menjadi potensi kebencian muslim terhadap mereka. Seharusnya kita tidak menerima potongan kecil sejarah hubungan dua agama ini yang hanya menceritakan kisah konfrontasi saja. Ada banyak kisah kehidupan yang damai antara dua agama samawi ini. Kita harus menerima potongan kisah lain juga.,"Mengupas Dibalik Layar Film Dokumenter ""Minor"" (1)",https://www.acehtrend.com/news/mengupas-dibalik-layar-film-dokumenter-minor-1/index.html,acehtrend.com,"Sun, 28 Jul 2019 07:00:00 GMT",low,54,programmer Aceh,Aulia,,0.0,needs_review,neutral,1,0,auto,
8949,"Pada tahun 622 M, Nabi Muhammad saw mengeluarkan perjanjian Madinah (safihat al-Madinah). Perjanjian ini merinci masalah hubungan antara kaum Muhajirin (umat muslim yang berhijrah dari Mekkah ke Madinah) dengan kaum nonmuslim penduduk Madinah. Perjanjian Madinah secara spesifik menetapkan bahwa orang-orang Yahudi di Madinah merupakan satu komunitas dengan kaum muslim yang beriman, bahwa mereka bebas untuk menganut dan mempraktikkan agama mereka sendiri. Perjanjian Madinah mengikat orang-orang Yahudi dan Arab untuk bersatu dalam sebuah negara Islam. Perjanjian tersebut juga melarang kedua belah pihak melakukan dosa-dosa berkenaan dengan prasangka terhadap pihak lainnya, dan mengamanatkan agar hubungan mereka satu sama lain didasarkan pada saran-saran, konsultasi, dan amal saleh yang sama.","Mengupas Dibalik Layar Film Dokumenter ""Minor"" (1)",https://www.acehtrend.com/news/mengupas-dibalik-layar-film-dokumenter-minor-1/index.html,acehtrend.com,"Sun, 28 Jul 2019 07:00:00 GMT",low,106,programmer Aceh,Aulia,,2.0,needs_review,neutral,0,1,auto,
8950,"Al Irbad bin Sariyat Al-Sulami mengatakan; Nabi bersabda : Tuhan tidak mengizinkan kamu (muslim) untuk memasuki rumah para ahli Kitab tanpa seizin mereka, atau memukuli perempuan mereka. (HR Abu Dawud)","Mengupas Dibalik Layar Film Dokumenter ""Minor"" (1)",https://www.acehtrend.com/news/mengupas-dibalik-layar-film-dokumenter-minor-1/index.html,acehtrend.com,"Sun, 28 Jul 2019 07:00:00 GMT",low,30,programmer Aceh,Aulia,,0.0,needs_review,neutral,0,0,auto,
8951,"Pada masa Kekaisaran Bizantyum (yang menganggap diri kekaisaran Kristen, padahal tidak) dengan kejam membunuh orang-orang Yahudi dan kelompok-kelompok Kristen seperti Nestorian dan Arianisme. Dibandingkan tirani yang mereka alami di bawah saudara se-Kristen, komunitas Kristen tersebut memandang pemerintahan muslim lebih menjamin kebebasan beragama dan ibadah mereka, toleran, serta fleksibel. Dengan demikian, banyak komunitas Yahudi dan Kristen bekerja sama dengan orang-orang Islam dalam mengambil alih wilayah-wilayah Kekaisaran Bizantyum yang luas. Bahwa harapan dan impian minoritas religious yang tadinya teraniaya, baik Yahudi maupun sempalan-sempalan Kristen, terhadap kerajaan Bizantyum yang seolah-olah Kristen, tidak dikhianati oleh orang Muslim.","Mengupas Dibalik Layar Film Dokumenter ""Minor"" (1)",https://www.acehtrend.com/news/mengupas-dibalik-layar-film-dokumenter-minor-1/index.html,acehtrend.com,"Sun, 28 Jul 2019 07:00:00 GMT",low,93,programmer Aceh,Aulia,,2.0,needs_review,positive,2,0,auto,
8952,"Cerita ini dapat diilustrasikan sebagai berikut: 1. Ketika masuk dalam wilayah Islam yang dipimpin oleh Khalifah Umar bin Khattab, secara khusus menjamin perlindungan dan harta benda orang-orang Kristen yang tinggal di Jerusalem, Lod, dan Bethlehem. Umar bin Khattab mengumumkan bahwa gereja-gereja mereka harus dihormati, serta melarang mengambil alih gereja Kristen sebagai tempat peribadatan mereka (muslim). 2. Ketika Al-Madain yang kini dikenal sebagai Irak menjadi bagian negara Islam, sebuah deklarasi perlindungan diberikan kepada Pratiark Nestorian, Yeshuyab III (650-660) oleh pemerintah Islam. Sekali lagi orang-orang Kristen dan gereja-gereja mereka dilindungi oleh pemerintah muslim. Maka Pratiark Nestorian belakangan menulis kepada uskup Persia bahwa muslim tidak menyerang agama Kristen, namun cenderung telah menghargai keyakinan kami, menghormati pendeta-pendeta kami, dan memberikan manfaat pada gereja-gereja kami.","Mengupas Dibalik Layar Film Dokumenter ""Minor"" (1)",https://www.acehtrend.com/news/mengupas-dibalik-layar-film-dokumenter-minor-1/index.html,acehtrend.com,"Sun, 28 Jul 2019 07:00:00 GMT",low,120,programmer Aceh,Aulia,,1.0,needs_review,neutral,1,0,auto,
8953,"Menafikan berbicara teologi trinitas Kristen yang sangat tidak bisa diterima oleh Islam, film ""Minor"" lebih fokus untuk membicarakan posisi penganut agama Kristen secara sosial dalam sebuah komunitas masyarakat yang dominan menganut agama Islam. Sutradaranya mencoba menghadirkan fakta lain melalui medium film dokumenter. Film mungkin akan menawarkan hal baru dalam bercerita dan mengkomunikasikan fakta ke publik. Walaupun sifatnya subjektif, tetapi film dokumenter mampu masuk ke dalam ruang-ruang yang lebih dalam untuk menemukan komponen-komponen kisah yang selama ini tidak kita temui.","Mengupas Dibalik Layar Film Dokumenter ""Minor"" (1)",https://www.acehtrend.com/news/mengupas-dibalik-layar-film-dokumenter-minor-1/index.html,acehtrend.com,"Sun, 28 Jul 2019 07:00:00 GMT",low,79,programmer Aceh,Aulia,,2.0,needs_review,neutral,0,0,auto,
8954,"Film dokumenter ""Minor"" sudah memasuki tahap editing online yang artinya sebentar lagi sudah bisa ditonton oleh publik. Ketimbang menolak sudut pandang yang dibawa oleh film ini, saya rasa diskusi dan solusi lebih bijak untuk dilakukan. Pernyataan bahwa Aceh adalah ""bumoe auliya"" akan sangat indah jika bisa menjamin hak-hak manusia, apa pun latar belakang mereka. Karena konsep dalam tasawuf seperti diamalkan oleh para waliyullah adalah menghormati setiap makhluk Allah, karena rahmat-Nya sangat luas. Citra Islam sebagai agama yang lembut harus diwakili oleh setiap muslim. Karena membela Islam dengan cara yang radikal justru membuat kita menodainya.[]","Mengupas Dibalik Layar Film Dokumenter ""Minor"" (1)",https://www.acehtrend.com/news/mengupas-dibalik-layar-film-dokumenter-minor-1/index.html,acehtrend.com,"Sun, 28 Jul 2019 07:00:00 GMT",high,94,programmer Aceh,Aulia,,2.0,needs_review,neutral,0,0,auto,
9020,"""Kami tetap bertangungjawab untuk menyelesaikan pembangunan rumah tersebut, kata Taufan.",PT Kreasi Mandiri Land Bantah Lakukan Penipuan,https://www.acehtrend.com/news/pt-kreasi-mandiri-land-bantah-lakukan-penipuan/index.html,acehtrend.com,"Sat, 27 Oct 2018 07:00:00 GMT",low,10,programmer Aceh,Aulia,,0.0,needs_review,neutral,0,0,auto,
9021,"Taufan menjelaskan PT. Adi Karya Group membeli tanah tempat lokasi dibangunnya perumahan tersebut pada seseorang di Bitai dengan cara bekerja sama dengan pihak Bank, dimana 30 persen dari harga tanah dilunasi PT. Adit Karya Group sementara untuk sisanya akan dilunasi pihak bank.",PT Kreasi Mandiri Land Bantah Lakukan Penipuan,https://www.acehtrend.com/news/pt-kreasi-mandiri-land-bantah-lakukan-penipuan/index.html,acehtrend.com,"Sat, 27 Oct 2018 07:00:00 GMT",low,42,programmer Aceh,Aulia,,2.0,needs_review,neutral,1,0,auto,
9022,"Namun dari pihak Bank belum melakukan pelunasan terhadap harga tanah tersebut, alhasil menimbulkan protes dari pemilik tanah dan berujung pada pemberhentian pembangunan rumah untuk sementara waktu.",PT Kreasi Mandiri Land Bantah Lakukan Penipuan,https://www.acehtrend.com/news/pt-kreasi-mandiri-land-bantah-lakukan-penipuan/index.html,acehtrend.com,"Sat, 27 Oct 2018 07:00:00 GMT",low,26,programmer Aceh,Aulia,,1.0,needs_review,neutral,0,0,auto,
9023,"Jadi tidak ada niat kita untuk melakukan penundaan terhadap pembangunan rumah tersebut, dalam hal ini kami bertangungjawab untuk menyelesaikan ini bahkan sejauh ini kami sudah membangun pondasi untuk sepuluh unik rumah bagi yang sudah memberikan DP (Debet Pembuka), ujarnya",PT Kreasi Mandiri Land Bantah Lakukan Penipuan,https://www.acehtrend.com/news/pt-kreasi-mandiri-land-bantah-lakukan-penipuan/index.html,acehtrend.com,"Sat, 27 Oct 2018 07:00:00 GMT",low,39,programmer Aceh,Aulia,,0.0,needs_review,neutral,0,0,auto,
9024,"Pada kesempatan itu, Taufan yang juga didampingi direktur PT. Adi Karya Group Cut Maulidar menyampaikan akan duduk kembali dengan pemilik tanah dan konsumennya untuk mencari jalan keluar terhadap persoalan tersebut. []",PT Kreasi Mandiri Land Bantah Lakukan Penipuan,https://www.acehtrend.com/news/pt-kreasi-mandiri-land-bantah-lakukan-penipuan/index.html,acehtrend.com,"Sat, 27 Oct 2018 07:00:00 GMT",low,31,programmer Aceh,Aulia,,2.0,needs_review,neutral,0,0,auto,
9087,"ACEH INDEPENDENT, BANDA ACEH Kabar gembira bagi para talenta muda yang berhasrat membangun dan mengembangkan karir di sektor perbankan syariah yang terus berkembang pesat di tanah air.","Bank Aceh Buka Rekrutmen 3 Posisi untuk Talenta Muda, Pendaftaran Ditutup 23 Agustus 2026",https://acehindependent.com/bank-aceh-buka-rekrutmen-3-posisi-untuk-talenta-muda-pendaftaran-ditutup-23-agustus-2026/,acehindependent.com,2026-08-18,high,27,programmer Aceh,Aulia,,2.0,needs_review,neutral,1,0,auto,
9088,"Bank Aceh bekerja sama dengan Lembaga Pengembangan Perbankan Indonesia (LPPI) sebagai mitra strategis, secara resmi membuka rekrutmen melalui Program Pengembangan Staf atau Officer Development Program (ODP).","Bank Aceh Buka Rekrutmen 3 Posisi untuk Talenta Muda, Pendaftaran Ditutup 23 Agustus 2026",https://acehindependent.com/bank-aceh-buka-rekrutmen-3-posisi-untuk-talenta-muda-pendaftaran-ditutup-23-agustus-2026/,acehindependent.com,2026-08-18,high,26,programmer Aceh,Aulia,,2.0,needs_review,positive,3,0,auto,
9091,Rekrutmen ini ditujukan bagi lulusan baru maupun mereka yang telah memiliki pengalaman kerja dan memenuhi standar kualifikasi yang ditetapkan.,"Bank Aceh Buka Rekrutmen 3 Posisi untuk Talenta Muda, Pendaftaran Ditutup 23 Agustus 2026",https://acehindependent.com/bank-aceh-buka-rekrutmen-3-posisi-untuk-talenta-muda-pendaftaran-ditutup-23-agustus-2026/,acehindependent.com,2026-08-18,medium,19,programmer Aceh,Aulia,,2.0,needs_review,neutral,0,0,auto,
9092,*Usia maksimal 28 Tahun (belum berulang tahun ke-29 pada saat periode masa pendaftaran).,"Bank Aceh Buka Rekrutmen 3 Posisi untuk Talenta Muda, Pendaftaran Ditutup 23 Agustus 2026",https://acehindependent.com/bank-aceh-buka-rekrutmen-3-posisi-untuk-talenta-muda-pendaftaran-ditutup-23-agustus-2026/,acehindependent.com,2026-08-18,medium,13,programmer Aceh,Aulia,,0.0,needs_review,neutral,0,0,auto,
9093,*Pendidikan Minimal D4/S1 yang berasal dari PTN atau PTS terakreditasi BAN PT.,"Bank Aceh Buka Rekrutmen 3 Posisi untuk Talenta Muda, Pendaftaran Ditutup 23 Agustus 2026",https://acehindependent.com/bank-aceh-buka-rekrutmen-3-posisi-untuk-talenta-muda-pendaftaran-ditutup-23-agustus-2026/,acehindependent.com,2026-08-18,medium,12,programmer Aceh,Aulia,,2.0,needs_review,neutral,0,1,auto,
9094,"*Berkelakuan baik, dan tidak pernah melakukan tindak pidana.","Bank Aceh Buka Rekrutmen 3 Posisi untuk Talenta Muda, Pendaftaran Ditutup 23 Agustus 2026",https://acehindependent.com/bank-aceh-buka-rekrutmen-3-posisi-untuk-talenta-muda-pendaftaran-ditutup-23-agustus-2026/,acehindependent.com,2026-08-18,medium,8,programmer Aceh,Aulia,,2.0,needs_review,neutral,0,0,auto,
9095,"*Mampu berkomunikasi dengan baik, mampu bekerja dalam tim, jujur, disiplin dan bertanggung jawab.","Bank Aceh Buka Rekrutmen 3 Posisi untuk Talenta Muda, Pendaftaran Ditutup 23 Agustus 2026",https://acehindependent.com/bank-aceh-buka-rekrutmen-3-posisi-untuk-talenta-muda-pendaftaran-ditutup-23-agustus-2026/,acehindependent.com,2026-08-18,medium,13,programmer Aceh,Aulia,,1.0,needs_review,neutral,0,0,auto,
9096,*Bersedia ditempatkan di seluruh wilayah kerja Bank.,"Bank Aceh Buka Rekrutmen 3 Posisi untuk Talenta Muda, Pendaftaran Ditutup 23 Agustus 2026",https://acehindependent.com/bank-aceh-buka-rekrutmen-3-posisi-untuk-talenta-muda-pendaftaran-ditutup-23-agustus-2026/,acehindependent.com,2026-08-18,medium,7,programmer Aceh,Aulia,,0.0,needs_review,neutral,0,0,auto,
9098,*(Jurusan dan syarat lainnya dapat dilihat secara lengkap pada link pendaftaran).,"Bank Aceh Buka Rekrutmen 3 Posisi untuk Talenta Muda, Pendaftaran Ditutup 23 Agustus 2026",https://acehindependent.com/bank-aceh-buka-rekrutmen-3-posisi-untuk-talenta-muda-pendaftaran-ditutup-23-agustus-2026/,acehindependent.com,2026-08-18,medium,11,programmer Aceh,Aulia,,0.0,needs_review,neutral,0,0,auto,
9100,"*Kami tidak menerima dan memproses berkas lamaran melalui pos, kurir, email, dsb.","Bank Aceh Buka Rekrutmen 3 Posisi untuk Talenta Muda, Pendaftaran Ditutup 23 Agustus 2026",https://acehindependent.com/bank-aceh-buka-rekrutmen-3-posisi-untuk-talenta-muda-pendaftaran-ditutup-23-agustus-2026/,acehindependent.com,2026-08-18,medium,12,programmer Aceh,Aulia,,0.0,needs_review,neutral,0,0,auto,
9101,Hanya pelamar terbaik yang memenuhi persyaratan yang akan diikutsertakan dalam proses seleksi.,"Bank Aceh Buka Rekrutmen 3 Posisi untuk Talenta Muda, Pendaftaran Ditutup 23 Agustus 2026",https://acehindependent.com/bank-aceh-buka-rekrutmen-3-posisi-untuk-talenta-muda-pendaftaran-ditutup-23-agustus-2026/,acehindependent.com,2026-08-18,medium,12,programmer Aceh,Aulia,,1.0,needs_review,neutral,1,0,auto,
9102,*Pendaftaran tidak dipungut biaya dan panitia tidak menerima pemberian/imbalan dalam bentuk apa pun.,"Bank Aceh Buka Rekrutmen 3 Posisi untuk Talenta Muda, Pendaftaran Ditutup 23 Agustus 2026",https://acehindependent.com/bank-aceh-buka-rekrutmen-3-posisi-untuk-talenta-muda-pendaftaran-ditutup-23-agustus-2026/,acehindependent.com,2026-08-18,medium,13,programmer Aceh,Aulia,,2.0,needs_review,neutral,0,0,auto,
9103,*Keputusan panitia seleksi bersifat mutlak dan tidak dapat diganggu gugat.,"Bank Aceh Buka Rekrutmen 3 Posisi untuk Talenta Muda, Pendaftaran Ditutup 23 Agustus 2026",https://acehindependent.com/bank-aceh-buka-rekrutmen-3-posisi-untuk-talenta-muda-pendaftaran-ditutup-23-agustus-2026/,acehindependent.com,2026-08-18,medium,10,programmer Aceh,Aulia,,0.0,needs_review,neutral,0,0,auto,
9104,*HATI-HATI PENIPUAN! Bank Aceh dan panitia seleksi tidak bertanggung jawab atas penipuan yang mengatasnamakan Bank Aceh.,"Bank Aceh Buka Rekrutmen 3 Posisi untuk Talenta Muda, Pendaftaran Ditutup 23 Agustus 2026",https://acehindependent.com/bank-aceh-buka-rekrutmen-3-posisi-untuk-talenta-muda-pendaftaran-ditutup-23-agustus-2026/,acehindependent.com,2026-08-18,high,16,programmer Aceh,Aulia,,2.0,needs_review,neutral,0,0,auto,
9107,"Festival film ini berhasil menghadirkan ruang apresiasi bagi sineas muda, pelaku industri film, dan penikmat sinema dari berbagai daerah.","Aceh Film Festival 2025 Resmi Ditutup, Sukses Merayakan Sinema Dunia dan Lokal",https://aceh.tribunnews.com/nanggroe/984882/aceh-film-festival-2025-resmi-ditutup-sukses-merayakan-sinema-dunia-dan-lokal,aceh.tribunnews.com,"Mon, 08 Sep 2025 07:00:00 GMT",medium,19,programmer Aceh,Aulia,,2.0,needs_review,neutral,1,0,auto,
9108,"Mengusung tema Stratagem yang berarti Siasat. Pemilihan tema ini bermaksud menggambarkan strategi dan kreativitas para pelaku seni di Aceh dalam berkarya di tengah berbagai tantangan, keterbatasan, dan penolakan.","Aceh Film Festival 2025 Resmi Ditutup, Sukses Merayakan Sinema Dunia dan Lokal",https://aceh.tribunnews.com/nanggroe/984882/aceh-film-festival-2025-resmi-ditutup-sukses-merayakan-sinema-dunia-dan-lokal,aceh.tribunnews.com,"Mon, 08 Sep 2025 07:00:00 GMT",high,28,programmer Aceh,Aulia,,0.0,needs_review,negative,0,3,auto,
9109,"Sehingga stratagem hadir bukan sekedar simbol perjuangan, tetapi juga menjadi sumber inspirasi untuk terus berinovasi dan berkembang dalam dunia sinema.","Aceh Film Festival 2025 Resmi Ditutup, Sukses Merayakan Sinema Dunia dan Lokal",https://aceh.tribunnews.com/nanggroe/984882/aceh-film-festival-2025-resmi-ditutup-sukses-merayakan-sinema-dunia-dan-lokal,aceh.tribunnews.com,"Mon, 08 Sep 2025 07:00:00 GMT",medium,20,programmer Aceh,Aulia,,2.0,needs_review,positive,2,0,auto,
9110,"Dalam kegiatan ini turut hadir Wakil Kementerian Komunikasi dan Digital,Nezar Patria, Kepala Dinas Kebudayaan dan Pariwisata Aceh, Almuniza Kamal, dan Walikota Banda Aceh, Illiza Saaduddin Jamal.","Aceh Film Festival 2025 Resmi Ditutup, Sukses Merayakan Sinema Dunia dan Lokal",https://aceh.tribunnews.com/nanggroe/984882/aceh-film-festival-2025-resmi-ditutup-sukses-merayakan-sinema-dunia-dan-lokal,aceh.tribunnews.com,"Mon, 08 Sep 2025 07:00:00 GMT",high,26,programmer Aceh,Aulia,,2.0,needs_review,neutral,0,0,auto,
9111,"Para Dewan Juri juga ikut hadir diantaranya Philip Cheah, Sugar Nadia, Putra Hidayatullah, Putri Purnama Sugua, Sofia Setyorini dan Fauzan Santa.","Aceh Film Festival 2025 Resmi Ditutup, Sukses Merayakan Sinema Dunia dan Lokal",https://aceh.tribunnews.com/nanggroe/984882/aceh-film-festival-2025-resmi-ditutup-sukses-merayakan-sinema-dunia-dan-lokal,aceh.tribunnews.com,"Mon, 08 Sep 2025 07:00:00 GMT",medium,21,programmer Aceh,Aulia,,0.0,needs_review,neutral,0,0,auto,
9113,"Dari keseluruhan kabupaten ini, ada kurang lebih 8000 penonton yang hadir pada kegiatan Gampong Film (layar tancap), dan banyak UMKM yang juga ikut meramaikan, sehingga kegiatan ini tidak hanya mengedukasi, tapi juga bisa meningkatkan ekonomi masyarakat. Selain itu, ada enam karya film dari pelajar Aceh yang ikut berpartisipasi pada Aceh Documentary Competition.","Aceh Film Festival 2025 Resmi Ditutup, Sukses Merayakan Sinema Dunia dan Lokal",https://aceh.tribunnews.com/nanggroe/984882/aceh-film-festival-2025-resmi-ditutup-sukses-merayakan-sinema-dunia-dan-lokal,aceh.tribunnews.com,"Mon, 08 Sep 2025 07:00:00 GMT",high,52,programmer Aceh,Aulia,,2.0,needs_review,neutral,1,1,auto,
9114,"Sedangkan untuk Internasional Film Competition ada 3023 film dari 120 negara yang masuk ke Aceh Film Festival dan komite selektor kami memilih 23 film yang diputar dan bisa disaksikan oleh para penonton, ujar Jamal.","Aceh Film Festival 2025 Resmi Ditutup, Sukses Merayakan Sinema Dunia dan Lokal",https://aceh.tribunnews.com/nanggroe/984882/aceh-film-festival-2025-resmi-ditutup-sukses-merayakan-sinema-dunia-dan-lokal,aceh.tribunnews.com,"Mon, 08 Sep 2025 07:00:00 GMT",high,34,programmer Aceh,Aulia,,0.0,needs_review,neutral,0,0,auto,
9115,Jamal mengakui bahwa banyak peningkatan pada festival tahun ini yang bisa menjadi semangat dalam menjadikan film sebagai barang yang inklusif di Aceh.,"Aceh Film Festival 2025 Resmi Ditutup, Sukses Merayakan Sinema Dunia dan Lokal",https://aceh.tribunnews.com/nanggroe/984882/aceh-film-festival-2025-resmi-ditutup-sukses-merayakan-sinema-dunia-dan-lokal,aceh.tribunnews.com,"Mon, 08 Sep 2025 07:00:00 GMT",high,22,programmer Aceh,Aulia,,0.0,needs_review,neutral,0,0,auto,
9116,"Aceh memang belum memiliki tempat yang representatif untuk menyaksikan film, dan kapasitas ruang teater juga belum memadai sehingga perlu adanya pembatasan jumlah penonton yang ikut masuk.","Aceh Film Festival 2025 Resmi Ditutup, Sukses Merayakan Sinema Dunia dan Lokal",https://aceh.tribunnews.com/nanggroe/984882/aceh-film-festival-2025-resmi-ditutup-sukses-merayakan-sinema-dunia-dan-lokal,aceh.tribunnews.com,"Mon, 08 Sep 2025 07:00:00 GMT",high,26,programmer Aceh,Aulia,,1.0,needs_review,neutral,0,0,auto,
9117,"Namun hal ini cukup membuktikan, bahwa minat penonton, penikmat dan penggiat film di Aceh ini cukup tinggi dan fasilitas kita belum cukup untuk menampungnya.","Aceh Film Festival 2025 Resmi Ditutup, Sukses Merayakan Sinema Dunia dan Lokal",https://aceh.tribunnews.com/nanggroe/984882/aceh-film-festival-2025-resmi-ditutup-sukses-merayakan-sinema-dunia-dan-lokal,aceh.tribunnews.com,"Mon, 08 Sep 2025 07:00:00 GMT",high,24,programmer Aceh,Aulia,,2.0,needs_review,neutral,0,0,auto,
9118,"Sehingga besar harapannya kepada seluruh tamu yang hadir terutama para pemangku kebijakan yang ikut serta dalam kegiatan Aceh Film Festival ini bisa berpijak dan mendukung yang lebih kepada para penggiat film yang ada di Aceh, terkhususnya di kota Banda Aceh sebagai ibukota. Harapannya, kita di Banda Aceh bisa memiliki gedung film yang bisa menjadi tempat menonton, produksi, sehingga karya-karya para sineas Aceh memiliki tempat untuk ditayangkan. Karna film tidak semata hanya hiburan, namun juga ruang pengetahuan, lanjut Jamal.","Aceh Film Festival 2025 Resmi Ditutup, Sukses Merayakan Sinema Dunia dan Lokal",https://aceh.tribunnews.com/nanggroe/984882/aceh-film-festival-2025-resmi-ditutup-sukses-merayakan-sinema-dunia-dan-lokal,aceh.tribunnews.com,"Mon, 08 Sep 2025 07:00:00 GMT",high,78,programmer Aceh,Aulia,,2.0,needs_review,positive,2,0,auto,
9120,"Internasional Film Dokumenter dan Internasional Film Fiksi,","Aceh Film Festival 2025 Resmi Ditutup, Sukses Merayakan Sinema Dunia dan Lokal",https://aceh.tribunnews.com/nanggroe/984882/aceh-film-festival-2025-resmi-ditutup-sukses-merayakan-sinema-dunia-dan-lokal,aceh.tribunnews.com,"Mon, 08 Sep 2025 07:00:00 GMT",medium,7,programmer Aceh,Aulia,,0.0,needs_review,neutral,0,0,auto,
9193,"The Path To Financial Freedom, EduFulus Sebagai bagian dari komitmen berkelanjutan dalam program Tanggung Jawab Sosial dan Lingkungan (TJSL), PT BNI Sekuritas menghadirkan inisiatif sosial yang berfokus pada pemberdayaan masyarakat.","Dukung Kemajuan Pendidikan, BNI Sekuritas Bekali Guru Ilmu Coding dan AI – https:",https://www.kalderanews.com/2026/05/dukung-kemajuan-pendidikan-bni-sekuritas-bekali-guru-ilmu-coding-dan-ai/,kalderanews.com,2026-05-06,low,30,programmer Aceh,Aulia,,1.0,needs_review,neutral,1,0,auto,
9194,Salah satu langkah nyatanya diwujudkan melalui kolaborasi bersama Yayasan Emmanuel dalam program Technology Integration in Education Programme (TIEP).,"Dukung Kemajuan Pendidikan, BNI Sekuritas Bekali Guru Ilmu Coding dan AI – https:",https://www.kalderanews.com/2026/05/dukung-kemajuan-pendidikan-bni-sekuritas-bekali-guru-ilmu-coding-dan-ai/,kalderanews.com,2026-05-06,low,18,programmer Aceh,Aulia,,2.0,needs_review,neutral,1,1,auto,
9195,SIMAK JUGA: Ini Alasan BNI Sekuritas Getol Edukasi Gen-Z dan Milenial,"Dukung Kemajuan Pendidikan, BNI Sekuritas Bekali Guru Ilmu Coding dan AI – https:",https://www.kalderanews.com/2026/05/dukung-kemajuan-pendidikan-bni-sekuritas-bekali-guru-ilmu-coding-dan-ai/,kalderanews.com,2026-05-06,low,11,programmer Aceh,Aulia,,0.0,needs_review,neutral,0,0,auto,
9198,"Sebagai perusahaan di industri keuangan, kami sehari-hari berhadapan dengan data, analitik, dan pengambilan keputusan berbasis teknologi. Kami meyakini bahwa pengintegrasian teknologi ke dalam proses pembelajaran adalah kunci masa depan, ujarnya dalam siaran pers, Senin (4/5/2026).","Dukung Kemajuan Pendidikan, BNI Sekuritas Bekali Guru Ilmu Coding dan AI – https:",https://www.kalderanews.com/2026/05/dukung-kemajuan-pendidikan-bni-sekuritas-bekali-guru-ilmu-coding-dan-ai/,kalderanews.com,2026-05-06,low,35,programmer Aceh,Aulia,,1.0,needs_review,neutral,0,0,auto,
9199,"Dalam program TIEP ini, BNI Sekuritas tidak hanya menggandeng Yayasan Emmanuel dan Dinas Pendidikan Provinsi DKI Jakarta, tetapi juga berkolaborasi dengan sekolah-sekolah terkemuka seperti JIS, Mentari Intercultural School, dan Beacon Academy.","Dukung Kemajuan Pendidikan, BNI Sekuritas Bekali Guru Ilmu Coding dan AI – https:",https://www.kalderanews.com/2026/05/dukung-kemajuan-pendidikan-bni-sekuritas-bekali-guru-ilmu-coding-dan-ai/,kalderanews.com,2026-05-06,low,31,programmer Aceh,Aulia,,2.0,needs_review,neutral,1,0,auto,
9200,Sinergi ini bertujuan untuk membekali guru-guru di sekolah negeri dengan kemampuan teknis yang relevan dengan perkembangan zaman.,"Dukung Kemajuan Pendidikan, BNI Sekuritas Bekali Guru Ilmu Coding dan AI – https:",https://www.kalderanews.com/2026/05/dukung-kemajuan-pendidikan-bni-sekuritas-bekali-guru-ilmu-coding-dan-ai/,kalderanews.com,2026-05-06,low,17,programmer Aceh,Aulia,,1.0,needs_review,neutral,1,0,auto,
9201,"Chairman Yayasan Emmanuel, Esther Witjaksana, menjelaskan bahwa inisiatif ini melibatkan setidaknya 60 guru dan kepala sekolah dari 6 sekolah terpilih. Program ini diproyeksikan memberikan dampak positif langsung kepada sekitar 1.900 siswa di Jakarta.","Dukung Kemajuan Pendidikan, BNI Sekuritas Bekali Guru Ilmu Coding dan AI – https:",https://www.kalderanews.com/2026/05/dukung-kemajuan-pendidikan-bni-sekuritas-bekali-guru-ilmu-coding-dan-ai/,kalderanews.com,2026-05-06,low,33,programmer Aceh,Aulia,,1.0,needs_review,neutral,1,0,auto,
9202,"Sekolah-sekolah yang terlibat dalam program ini antara lain: SDN Gambir 01, SLB Ulaka Penca, SDN Cempaka Baru 07, SDN Kedaung Kaliangke 03, SDN Srengseng Sawah 07 dan SDN Kembangan Utara 07.","Dukung Kemajuan Pendidikan, BNI Sekuritas Bekali Guru Ilmu Coding dan AI – https:",https://www.kalderanews.com/2026/05/dukung-kemajuan-pendidikan-bni-sekuritas-bekali-guru-ilmu-coding-dan-ai/,kalderanews.com,2026-05-06,low,31,programmer Aceh,Aulia,,1.0,needs_review,neutral,0,0,auto,
9204,Aksi ini dilakukan melalui kerja sama dengan self-regulatory organizations (SRO) pasar modal serta para pelaku industri lainnya.,"Dukung Kemajuan Pendidikan, BNI Sekuritas Bekali Guru Ilmu Coding dan AI – https:",https://www.kalderanews.com/2026/05/dukung-kemajuan-pendidikan-bni-sekuritas-bekali-guru-ilmu-coding-dan-ai/,kalderanews.com,2026-05-06,low,17,programmer Aceh,Aulia,,2.0,needs_review,neutral,1,0,auto,
9205,"Secara keseluruhan, program TJSL BNI Sekuritas dijalankan secara konsisten berdasarkan tiga pilar utama: literasi dan Inklusi keuangan, keberlanjutan lingkungan dan pemberdayaan masyarakat","Dukung Kemajuan Pendidikan, BNI Sekuritas Bekali Guru Ilmu Coding dan AI – https:",https://www.kalderanews.com/2026/05/dukung-kemajuan-pendidikan-bni-sekuritas-bekali-guru-ilmu-coding-dan-ai/,kalderanews.com,2026-05-06,low,22,programmer Aceh,Aulia,,2.0,needs_review,neutral,1,0,auto,
9299,Auto Sinkronisasi atau Auto Sync merupakan fitur android yang bekerja secara berkala di latar belakang.,"10 Cara Menghemat Baterai Smartphone Android, Terbukti Awet Seharian",https://aceh.tribunnews.com/2019/09/28/10-cara-menghemat-baterai-smartphone-android-terbukti-awet-seharian?page=2,aceh.tribunnews.com,"Sat, 28 Sep 2019 07:00:00 GMT",low,15,programmer Aceh,Aulia,,0.0,needs_review,neutral,0,0,auto,
9300,"Ketika fitur ini dinyalakan, android akan mengsinkronkan dan mengunduh informasi secara otomatis bila diperlukan.","10 Cara Menghemat Baterai Smartphone Android, Terbukti Awet Seharian",https://aceh.tribunnews.com/2019/09/28/10-cara-menghemat-baterai-smartphone-android-terbukti-awet-seharian?page=2,aceh.tribunnews.com,"Sat, 28 Sep 2019 07:00:00 GMT",low,14,programmer Aceh,Aulia,,0.0,needs_review,neutral,0,0,auto,
9301,"Secara default, android akan mengaktifkan fitur animasi pada jendela pengoperasian sistem.","10 Cara Menghemat Baterai Smartphone Android, Terbukti Awet Seharian",https://aceh.tribunnews.com/2019/09/28/10-cara-menghemat-baterai-smartphone-android-terbukti-awet-seharian?page=2,aceh.tribunnews.com,"Sat, 28 Sep 2019 07:00:00 GMT",low,11,programmer Aceh,Aulia,,0.0,needs_review,neutral,0,0,auto,
9302,"Maksudnya, ketika kamu membuka atau menutup aplikasi sebenarnya ada animasinya.","10 Cara Menghemat Baterai Smartphone Android, Terbukti Awet Seharian",https://aceh.tribunnews.com/2019/09/28/10-cara-menghemat-baterai-smartphone-android-terbukti-awet-seharian?page=2,aceh.tribunnews.com,"Sat, 28 Sep 2019 07:00:00 GMT",low,10,programmer Aceh,Aulia,,2.0,needs_review,neutral,0,0,auto,
9303,Misalnya ketika membuka atau menutup aplikasi tertentu akan ada efek efek animasi perpindahan jendela.,"10 Cara Menghemat Baterai Smartphone Android, Terbukti Awet Seharian",https://aceh.tribunnews.com/2019/09/28/10-cara-menghemat-baterai-smartphone-android-terbukti-awet-seharian?page=2,aceh.tribunnews.com,"Sat, 28 Sep 2019 07:00:00 GMT",low,14,programmer Aceh,Aulia,,2.0,needs_review,neutral,0,0,auto,
9304,Mematikan pada sistem android akan meningkatkan daya tahan baterai di tambah bonus meningkatkan performa kecepatan ponsel.,"10 Cara Menghemat Baterai Smartphone Android, Terbukti Awet Seharian",https://aceh.tribunnews.com/2019/09/28/10-cara-menghemat-baterai-smartphone-android-terbukti-awet-seharian?page=2,aceh.tribunnews.com,"Sat, 28 Sep 2019 07:00:00 GMT",low,16,programmer Aceh,Aulia,,2.0,needs_review,neutral,1,0,auto,
9305,4. Kurangi aplikasi yang berjalan di latar belakang,"10 Cara Menghemat Baterai Smartphone Android, Terbukti Awet Seharian",https://aceh.tribunnews.com/2019/09/28/10-cara-menghemat-baterai-smartphone-android-terbukti-awet-seharian?page=2,aceh.tribunnews.com,"Sat, 28 Sep 2019 07:00:00 GMT",low,8,programmer Aceh,Aulia,,2.0,needs_review,neutral,0,1,auto,
9306,"Ketika ponsel kamu terasa berat dan boros baterai, bisa jadi hal itu disebabkan karena banyak sekali aplikasi yang berjalan di latar belakang atau berjalan di background.","10 Cara Menghemat Baterai Smartphone Android, Terbukti Awet Seharian",https://aceh.tribunnews.com/2019/09/28/10-cara-menghemat-baterai-smartphone-android-terbukti-awet-seharian?page=2,aceh.tribunnews.com,"Sat, 28 Sep 2019 07:00:00 GMT",low,26,programmer Aceh,Aulia,,2.0,needs_review,neutral,0,1,auto,
9307,Tanpa menggunakan antivirus sebenarnya android sudah aman dan tidak diperlukan adanya aplikasi antivirus.,"10 Cara Menghemat Baterai Smartphone Android, Terbukti Awet Seharian",https://aceh.tribunnews.com/2019/09/28/10-cara-menghemat-baterai-smartphone-android-terbukti-awet-seharian?page=2,aceh.tribunnews.com,"Sat, 28 Sep 2019 07:00:00 GMT",low,13,programmer Aceh,Aulia,,2.0,needs_review,neutral,0,0,auto,
9322,"Jl. Lapangan Banteng Barat No. 3-4, Jakarta Pusat 10110",Ini Sembilan Skema Profesi yang Bisa Diuji di LSP UIN Ar-Raniry,https://kemenag.go.id/daerah/ini-sembilan-skema-profesi-yang-bisa-diuji-di-lsp-uin-ar-raniry-PQ61u,kemenag.go.id,2026-03-08,medium,9,developer Aceh,Aulia,,0.0,needs_review,neutral,0,0,auto,
9661,"Kabupaten Aceh Utara, SpiritNews-Setelah dulu sukses membuat spanduk himbauan lucu di Kabupaten Aceh Besar, kini Kasatlantas Polres Aceh Utara Iptu Sandy Titah Nugraha kembali meluncurkan cara unik dan kreatif untuk menghimbau masyarakat Kabupaten Aceh Utara tertib lalu lintas dengan modifikasi dan tampilan yang lebih menarik.",Begini Cara Satlantas Aceh Utara Mengingatkan Sadar Lalu Lintas,https://spiritnews.co.id/2018/06/14/begini-cara-satlantas-aceh-utara-mengingatkan-sadar-lalu-lintas/,spiritnews.co.id,2018-06-14,high,45,developer Aceh,Aulia,,2.0,needs_review,neutral,1,0,auto,
9662,Puluhan manneqin berbentuk Polantas berdiri di tepi jalan nasional Jalan Raya Medan Banda Aceh sambil memegang spanduk himbauan lucu.,Begini Cara Satlantas Aceh Utara Mengingatkan Sadar Lalu Lintas,https://spiritnews.co.id/2018/06/14/begini-cara-satlantas-aceh-utara-mengingatkan-sadar-lalu-lintas/,spiritnews.co.id,2018-06-14,high,19,developer Aceh,Aulia,,0.0,needs_review,neutral,0,0,auto,
9663,"Kasatlantas Aceh Utara Iptu Sandy Titah Nugraha, mengatakan, puluhan mannequin itu sendiri telah dibuat sehari yang lalu, dan sukses serta diapresiasi oleh masyarakat.",Begini Cara Satlantas Aceh Utara Mengingatkan Sadar Lalu Lintas,https://spiritnews.co.id/2018/06/14/begini-cara-satlantas-aceh-utara-mengingatkan-sadar-lalu-lintas/,spiritnews.co.id,2018-06-14,high,23,developer Aceh,Aulia,,2.0,needs_review,neutral,1,0,auto,
9664,"Terbukti banyak masyarakat yang singgah dan berfoto selfie dengan puluhan manneqin-manneqin tersebut. Selain itu, tujuan hal yang ingin kami capai adalah bagaimana masyarakat itu sendiri dapat tersentil dan malu melanggar lalulintas, kata Sandy kepada SpiritNews, Kamis (14/6/2018).",Begini Cara Satlantas Aceh Utara Mengingatkan Sadar Lalu Lintas,https://spiritnews.co.id/2018/06/14/begini-cara-satlantas-aceh-utara-mengingatkan-sadar-lalu-lintas/,spiritnews.co.id,2018-06-14,medium,37,developer Aceh,Aulia,,0.0,needs_review,neutral,0,0,auto,
9665,"Dikatakan, bagi pengendara yang merasa lelah, maka akan segar kembali saat melihat banyak polisi (manneqin) berdiri di tepi jalan sambil memegang spanduk himbauan tersebut.",Begini Cara Satlantas Aceh Utara Mengingatkan Sadar Lalu Lintas,https://spiritnews.co.id/2018/06/14/begini-cara-satlantas-aceh-utara-mengingatkan-sadar-lalu-lintas/,spiritnews.co.id,2018-06-14,medium,24,developer Aceh,Aulia,,0.0,needs_review,neutral,0,0,auto,
9666,"Tidak mustahil masyarakat tersebut berhenti dan berfoto sejenak, sehingga tanpa disadari masyarakat telah beristirahat sejenak dalam menempuh perjalanan mudik. Dan pada akhirnya dapat menekan angka kecelakaan itu sendiri, ujarnya.",Begini Cara Satlantas Aceh Utara Mengingatkan Sadar Lalu Lintas,https://spiritnews.co.id/2018/06/14/begini-cara-satlantas-aceh-utara-mengingatkan-sadar-lalu-lintas/,spiritnews.co.id,2018-06-14,medium,29,developer Aceh,Aulia,,0.0,needs_review,neutral,0,0,auto,
9667,"Menurutnya, ada beberapa kalimat yang ditulis di spanduk tersebut, di antaranya, Lu CINTA Luna? Jangan deh, mendingan Lu CINTA nyawa wkwkwk. Pah, jangan ngebut-ngebut, mama gak mau jadi janda kedua kalinya.",Begini Cara Satlantas Aceh Utara Mengingatkan Sadar Lalu Lintas,https://spiritnews.co.id/2018/06/14/begini-cara-satlantas-aceh-utara-mengingatkan-sadar-lalu-lintas/,spiritnews.co.id,2018-06-14,medium,31,developer Aceh,Aulia,,0.0,needs_review,neutral,0,0,auto,
9668,"Dan Cowok sejati gak punya TIK TOK, tapi punyanya SIM, STNK dan Buku Nikah, serta masih banyak lagi kata-kata yang meng-edukasi namun mengocok perut.",Begini Cara Satlantas Aceh Utara Mengingatkan Sadar Lalu Lintas,https://spiritnews.co.id/2018/06/14/begini-cara-satlantas-aceh-utara-mengingatkan-sadar-lalu-lintas/,spiritnews.co.id,2018-06-14,medium,24,developer Aceh,Aulia,,0.0,needs_review,neutral,0,0,auto,
9669,Ketika ditanya alasanya tidak ada lagi mengeluarkan spanduk yang ditujukan sebagai himbauan himbauan bagi pengendera kenderaan bermotor.,Begini Cara Satlantas Aceh Utara Mengingatkan Sadar Lalu Lintas,https://spiritnews.co.id/2018/06/14/begini-cara-satlantas-aceh-utara-mengingatkan-sadar-lalu-lintas/,spiritnews.co.id,2018-06-14,medium,17,developer Aceh,Aulia,,0.0,needs_review,neutral,0,0,auto,
9670,"Karena hal itu sudah mainstream dan kami ingin membuat sesuatu yang baru dan lebih bermanfaat bagi masyarakat, ungkapnya.(mah)",Begini Cara Satlantas Aceh Utara Mengingatkan Sadar Lalu Lintas,https://spiritnews.co.id/2018/06/14/begini-cara-satlantas-aceh-utara-mengingatkan-sadar-lalu-lintas/,spiritnews.co.id,2018-06-14,medium,18,developer Aceh,Aulia,,0.0,needs_review,neutral,1,0,auto,
9687,"METRO24, ACEH SINGKIL Sekretaris Daerah (Sekda) Kabupaten Aceh Singkil, H. Edy Widodo, SKM., M.Kes., mengajak masyarakat menjadikan peringatan Maulid Nabi Muhammad SAW 12 Rabiul Awal 1448 Hijriah sebagai momentum untuk memperkuat keimanan dan meneladani akhlak Rasulullah SAW dalam kehidupan sehari-hari.",Sekda Aceh Singkil: Maulid Nabi Momentum Meneladani Akhlak Rasulullah,https://www.metro24.co/sekda-aceh-singkil-maulid-nabi-momentum-meneladani-akhlak-rasulullah/,metro24.co,2026-08-25,high,40,developer Aceh,Aulia,,0.0,needs_review,neutral,0,0,auto,
9688,"Dalam peringatan Maulid Nabi yang bertepatan dengan 25 Agustus 2026, Edy Widodo menilai nilai-nilai yang diajarkan Rasulullah SAW tetap relevan untuk diterapkan di tengah kehidupan masyarakat. Kejujuran, amanah, kesabaran, kepedulian sosial, serta semangat menuntut ilmu menjadi prinsip yang perlu terus dijaga dan diamalkan.",Sekda Aceh Singkil: Maulid Nabi Momentum Meneladani Akhlak Rasulullah,https://www.metro24.co/sekda-aceh-singkil-maulid-nabi-momentum-meneladani-akhlak-rasulullah/,metro24.co,2026-08-25,medium,43,developer Aceh,Aulia,,0.0,needs_review,neutral,0,0,auto,
9689,"Menurutnya, peringatan Maulid Nabi tidak semata-mata menjadi agenda seremonial keagamaan, tetapi juga momentum refleksi bagi umat Islam untuk memperkuat kualitas keimanan dan memperbaiki akhlak.",Sekda Aceh Singkil: Maulid Nabi Momentum Meneladani Akhlak Rasulullah,https://www.metro24.co/sekda-aceh-singkil-maulid-nabi-momentum-meneladani-akhlak-rasulullah/,metro24.co,2026-08-25,medium,24,developer Aceh,Aulia,,1.0,needs_review,neutral,0,0,auto,
9690,"Meneladani akhlak dan meningkatkan cinta kepada Rasulullah SAW untuk meraih keselamatan dunia dan akhirat. Semoga kita senantiasa mendapatkan syafaat beliau dan menjadi umat yang beriman, berilmu, dan berakhlak mulia, kata Edy Widodo.",Sekda Aceh Singkil: Maulid Nabi Momentum Meneladani Akhlak Rasulullah,https://www.metro24.co/sekda-aceh-singkil-maulid-nabi-momentum-meneladani-akhlak-rasulullah/,metro24.co,2026-08-25,medium,32,developer Aceh,Aulia,,2.0,needs_review,neutral,1,0,auto,
9691,"Ia menambahkan, semangat Maulid Nabi hendaknya menjadi penguat persatuan dan ukhuwah Islamiyah di tengah masyarakat. Di tengah berbagai tantangan sosial yang dihadapi, nilai-nilai keteladanan Rasulullah dinilai penting untuk menjaga keharmonisan, mempererat kebersamaan, dan membangun kehidupan yang lebih baik.",Sekda Aceh Singkil: Maulid Nabi Momentum Meneladani Akhlak Rasulullah,https://www.metro24.co/sekda-aceh-singkil-maulid-nabi-momentum-meneladani-akhlak-rasulullah/,metro24.co,2026-08-25,medium,38,developer Aceh,Aulia,,2.0,needs_review,neutral,0,1,auto,
9692,"Selain memperkuat hubungan dengan Allah SWT, peringatan Maulid Nabi juga menjadi pengingat untuk meningkatkan kepedulian terhadap sesama. Menurut Edy, masyarakat perlu menjadikan ajaran Rasulullah sebagai pedoman dalam membangun karakter yang berintegritas dan bermanfaat bagi lingkungan.",Sekda Aceh Singkil: Maulid Nabi Momentum Meneladani Akhlak Rasulullah,https://www.metro24.co/sekda-aceh-singkil-maulid-nabi-momentum-meneladani-akhlak-rasulullah/,metro24.co,2026-08-25,medium,35,developer Aceh,Aulia,,2.0,needs_review,positive,2,0,auto,
9693,"Melalui momentum Maulid Nabi Muhammad SAW 1448 Hijriah, Pemerintah Kabupaten Aceh Singkil berharap masyarakat senantiasa berada dalam lindungan Allah SWT, memperoleh keberkahan dalam kehidupan, serta terus memperkuat nilai-nilai keimanan, ilmu pengetahuan, dan akhlak mulia sebagai fondasi pembangunan daerah. (Fandi)",Sekda Aceh Singkil: Maulid Nabi Momentum Meneladani Akhlak Rasulullah,https://www.metro24.co/sekda-aceh-singkil-maulid-nabi-momentum-meneladani-akhlak-rasulullah/,metro24.co,2026-08-25,high,39,developer Aceh,Aulia,,1.0,needs_review,neutral,0,0,auto,
9703,"Kabupaten Aceh Utara, SpiritNews-Sepasang kekasih saat melangsungkan pernikahannya tepat di bulan Agustus, memegang dan mengibarkan bendera merah putih, Sabtu (5/8/2017).","Cinta NKRI, Pasangan Pengantin Ini Kibarkan Bendera Merah Putih",https://spiritnews.co.id/2017/08/06/cinta-nkri-pasangan-pengantin-ini-kibarkan-bendera-merah-putih/,spiritnews.co.id,2017-08-06,high,20,developer Aceh,Aulia,,0.0,needs_review,neutral,0,0,auto,
9704,"Warga Desa Kreung Puntet, Kecamatan Blang Mangat, Kabupaten Aceh Utara ini mengaku sangat mencintai Negara Kesatuan Republik Indonesia (NKRI).","Cinta NKRI, Pasangan Pengantin Ini Kibarkan Bendera Merah Putih",https://spiritnews.co.id/2017/08/06/cinta-nkri-pasangan-pengantin-ini-kibarkan-bendera-merah-putih/,spiritnews.co.id,2017-08-06,high,19,developer Aceh,Aulia,,0.0,needs_review,neutral,0,0,auto,
9705,"Kedua mempelai berfose dengan masing-masing memegang bendera merah putih, sebagai bukti kecintaannya terhadap NKRI.","Cinta NKRI, Pasangan Pengantin Ini Kibarkan Bendera Merah Putih",https://spiritnews.co.id/2017/08/06/cinta-nkri-pasangan-pengantin-ini-kibarkan-bendera-merah-putih/,spiritnews.co.id,2017-08-06,low,14,developer Aceh,Aulia,,0.0,needs_review,neutral,0,0,auto,
9706,"Saat itupun, terlihat warga berebutan, karena ingin mendapatkan bendera. Saya belum mengibarkan bendera di rumah, di rumah ada, tetapi sudah luntur tidak cerah warnanya, saya minta satu pak, saya mau pasang di depan rumah, kata Basyir, salah seorang warga Desa Rayeuk Kareung.","Cinta NKRI, Pasangan Pengantin Ini Kibarkan Bendera Merah Putih",https://spiritnews.co.id/2017/08/06/cinta-nkri-pasangan-pengantin-ini-kibarkan-bendera-merah-putih/,spiritnews.co.id,2017-08-06,low,42,developer Aceh,Aulia,,0.0,needs_review,neutral,0,0,auto,
9748,SERAMBINEWS.COM -Kabar baik bagi para pencari kerja! Gramedia kembali membukalowongan kerjauntuk berbagai posisi menarik di sejumlah kota di Indonesia.,"Gramedia Buka Lowongan Kerja Terbaru, Cek Posisi, Kualifikasi dan Lokasi Penempatan di Sini!",https://aceh.tribunnews.com/news/993527/gramedia-buka-lowongan-kerja-terbaru-cek-posisi-kualifikasi-dan-lokasi-penempatan-di-sini,aceh.tribunnews.com,"Thu, 23 Oct 2025 07:00:00 GMT",low,19,developer Aceh,Aulia,,1.0,needs_review,neutral,0,0,auto,
9749,Pendaftaran dapat dilakukan secara online melalui laman resmigramedia.id/careers.,"Gramedia Buka Lowongan Kerja Terbaru, Cek Posisi, Kualifikasi dan Lokasi Penempatan di Sini!",https://aceh.tribunnews.com/news/993527/gramedia-buka-lowongan-kerja-terbaru-cek-posisi-kualifikasi-dan-lokasi-penempatan-di-sini,aceh.tribunnews.com,"Thu, 23 Oct 2025 07:00:00 GMT",low,8,developer Aceh,Aulia,,2.0,needs_review,neutral,0,0,auto,
9750,"Simak informasi lengkap mengenai kualifikasi, deskripsi pekerjaan, dan lokasi penempatan berikut ini.","Gramedia Buka Lowongan Kerja Terbaru, Cek Posisi, Kualifikasi dan Lokasi Penempatan di Sini!",https://aceh.tribunnews.com/news/993527/gramedia-buka-lowongan-kerja-terbaru-cek-posisi-kualifikasi-dan-lokasi-penempatan-di-sini,aceh.tribunnews.com,"Thu, 23 Oct 2025 07:00:00 GMT",low,12,developer Aceh,Aulia,,0.0,needs_review,neutral,0,0,auto,
9751,"Gedung Kompas Gramedia, Jl. Palmerah Barat No. 29-37","Gramedia Buka Lowongan Kerja Terbaru, Cek Posisi, Kualifikasi dan Lokasi Penempatan di Sini!",https://aceh.tribunnews.com/news/993527/gramedia-buka-lowongan-kerja-terbaru-cek-posisi-kualifikasi-dan-lokasi-penempatan-di-sini,aceh.tribunnews.com,"Thu, 23 Oct 2025 07:00:00 GMT",low,8,developer Aceh,Aulia,,2.0,needs_review,neutral,0,0,auto,
9760,JatimNetwork.com - Hari Jadi atau HUT Kota Banda Aceh akan diperingati sebentar lagi.,"Cek 2 Twibbon HUT Kota Banda Aceh ke-821 Tahun 2026 Paling Elegan, Tema Sinergi Kolaborasi Lengkap Logo Hari Jadi Resmi",https://www.jatimnetwork.com/trending/4317027086/cek-2-twibbon-hut-kota-banda-aceh-ke-821-tahun-2026-paling-elegan-tema-sinergi-kolaborasi-lengkap-logo-hari-jadi-resmi,jatimnetwork.com,"Tue, 21 Apr 2026 07:00:00 GMT",high,13,developer Aceh,Aulia,,0.0,needs_review,neutral,0,0,auto,
9761,"Tepat pada 22 April 2026, Kota Banda Aceh memperingati Hari Jadi atau HUT ke-821.","Cek 2 Twibbon HUT Kota Banda Aceh ke-821 Tahun 2026 Paling Elegan, Tema Sinergi Kolaborasi Lengkap Logo Hari Jadi Resmi",https://www.jatimnetwork.com/trending/4317027086/cek-2-twibbon-hut-kota-banda-aceh-ke-821-tahun-2026-paling-elegan-tema-sinergi-kolaborasi-lengkap-logo-hari-jadi-resmi,jatimnetwork.com,"Tue, 21 Apr 2026 07:00:00 GMT",high,14,developer Aceh,Aulia,,0.0,needs_review,neutral,0,0,auto,
9762,"Sebagai informasi, Kota Banda Aceh resmi berdiri pada 1 Ramadhan 601 H atau bertepatan dengan 22 April 1205 M.","Cek 2 Twibbon HUT Kota Banda Aceh ke-821 Tahun 2026 Paling Elegan, Tema Sinergi Kolaborasi Lengkap Logo Hari Jadi Resmi",https://www.jatimnetwork.com/trending/4317027086/cek-2-twibbon-hut-kota-banda-aceh-ke-821-tahun-2026-paling-elegan-tema-sinergi-kolaborasi-lengkap-logo-hari-jadi-resmi,jatimnetwork.com,"Tue, 21 Apr 2026 07:00:00 GMT",high,19,developer Aceh,Aulia,,1.0,needs_review,neutral,0,0,auto,
9763,"Nah, pada peringatan Hari Jadi atau HUT Kota Banda Aceh yang akan diperingati pada 22 April 2026 ini, Pemkot telah merilis tema dan logo peringatannya.","Cek 2 Twibbon HUT Kota Banda Aceh ke-821 Tahun 2026 Paling Elegan, Tema Sinergi Kolaborasi Lengkap Logo Hari Jadi Resmi",https://www.jatimnetwork.com/trending/4317027086/cek-2-twibbon-hut-kota-banda-aceh-ke-821-tahun-2026-paling-elegan-tema-sinergi-kolaborasi-lengkap-logo-hari-jadi-resmi,jatimnetwork.com,"Tue, 21 Apr 2026 07:00:00 GMT",high,25,developer Aceh,Aulia,,0.0,needs_review,neutral,0,0,auto,
9764,Adapun tema Hari Jadi atau HUT Kota Banda Aceh ke-821 pada 22 April 2026 adalah Sinergi dan Kolaborasi untuk Banda Aceh Maju dan Berkelanjutan.,"Cek 2 Twibbon HUT Kota Banda Aceh ke-821 Tahun 2026 Paling Elegan, Tema Sinergi Kolaborasi Lengkap Logo Hari Jadi Resmi",https://www.jatimnetwork.com/trending/4317027086/cek-2-twibbon-hut-kota-banda-aceh-ke-821-tahun-2026-paling-elegan-tema-sinergi-kolaborasi-lengkap-logo-hari-jadi-resmi,jatimnetwork.com,"Tue, 21 Apr 2026 07:00:00 GMT",high,24,developer Aceh,Aulia,,2.0,needs_review,neutral,1,0,auto,
9765,"Sementara itu, dalam rangka memperingati Hari Jadi atau HUT Kota Banda Aceh ke-821, Pemkot juga menggelar berbagai rangkaian acara yang meriah.","Cek 2 Twibbon HUT Kota Banda Aceh ke-821 Tahun 2026 Paling Elegan, Tema Sinergi Kolaborasi Lengkap Logo Hari Jadi Resmi",https://www.jatimnetwork.com/trending/4317027086/cek-2-twibbon-hut-kota-banda-aceh-ke-821-tahun-2026-paling-elegan-tema-sinergi-kolaborasi-lengkap-logo-hari-jadi-resmi,jatimnetwork.com,"Tue, 21 Apr 2026 07:00:00 GMT",high,21,developer Aceh,Aulia,,1.0,needs_review,neutral,0,0,auto,
9766,"Berbagai acara tersebut seperti Banda Aceh City Expo, pasar murah, dan kegiatan sosial lainnya.","Cek 2 Twibbon HUT Kota Banda Aceh ke-821 Tahun 2026 Paling Elegan, Tema Sinergi Kolaborasi Lengkap Logo Hari Jadi Resmi",https://www.jatimnetwork.com/trending/4317027086/cek-2-twibbon-hut-kota-banda-aceh-ke-821-tahun-2026-paling-elegan-tema-sinergi-kolaborasi-lengkap-logo-hari-jadi-resmi,jatimnetwork.com,"Tue, 21 Apr 2026 07:00:00 GMT",high,14,developer Aceh,Aulia,,2.0,needs_review,neutral,0,0,auto,
9767,Masyarakat bisa berpartisipasi hadir memeriahkan rangkaian acara peringatan Hari Jadi atau HUT Kota Banda Aceh ke-821 tersebut.,"Cek 2 Twibbon HUT Kota Banda Aceh ke-821 Tahun 2026 Paling Elegan, Tema Sinergi Kolaborasi Lengkap Logo Hari Jadi Resmi",https://www.jatimnetwork.com/trending/4317027086/cek-2-twibbon-hut-kota-banda-aceh-ke-821-tahun-2026-paling-elegan-tema-sinergi-kolaborasi-lengkap-logo-hari-jadi-resmi,jatimnetwork.com,"Tue, 21 Apr 2026 07:00:00 GMT",high,17,developer Aceh,Aulia,,1.0,needs_review,neutral,0,0,auto,
9768,"Untuk masyarakat Kota yang sudah hadir memeriahkan rangkaian acara peringatan Hari Jadi atau HUT Kota Banda Aceh ke-821, jangan lupa berfoto untuk mengabadikan momen hari bersejarah kota tercinta.","Cek 2 Twibbon HUT Kota Banda Aceh ke-821 Tahun 2026 Paling Elegan, Tema Sinergi Kolaborasi Lengkap Logo Hari Jadi Resmi",https://www.jatimnetwork.com/trending/4317027086/cek-2-twibbon-hut-kota-banda-aceh-ke-821-tahun-2026-paling-elegan-tema-sinergi-kolaborasi-lengkap-logo-hari-jadi-resmi,jatimnetwork.com,"Tue, 21 Apr 2026 07:00:00 GMT",high,28,developer Aceh,Aulia,,1.0,needs_review,neutral,0,0,auto,
9769,Foto tersebut bisa Anda unggah di medsos menggunakan twibbon Hari Jadi atau HUT Kota Banda Aceh ke-821 supaya lebih menarik.,"Cek 2 Twibbon HUT Kota Banda Aceh ke-821 Tahun 2026 Paling Elegan, Tema Sinergi Kolaborasi Lengkap Logo Hari Jadi Resmi",https://www.jatimnetwork.com/trending/4317027086/cek-2-twibbon-hut-kota-banda-aceh-ke-821-tahun-2026-paling-elegan-tema-sinergi-kolaborasi-lengkap-logo-hari-jadi-resmi,jatimnetwork.com,"Tue, 21 Apr 2026 07:00:00 GMT",high,20,developer Aceh,Aulia,,0.0,needs_review,neutral,0,0,auto,
9770,"Anda bisa menggunakan twibbon Hari Jadi atau HUT Kota Banda Aceh ke-821 tahun 2026 dalam artikel gratis, yang sudah menggunakan desain paling elegan lengkap tulisan tema Sinergi Kolaborasi dan logo resmi.","Cek 2 Twibbon HUT Kota Banda Aceh ke-821 Tahun 2026 Paling Elegan, Tema Sinergi Kolaborasi Lengkap Logo Hari Jadi Resmi",https://www.jatimnetwork.com/trending/4317027086/cek-2-twibbon-hut-kota-banda-aceh-ke-821-tahun-2026-paling-elegan-tema-sinergi-kolaborasi-lengkap-logo-hari-jadi-resmi,jatimnetwork.com,"Tue, 21 Apr 2026 07:00:00 GMT",high,31,developer Aceh,Aulia,,2.0,needs_review,neutral,1,0,auto,
9771,"Pagi ini saya mengawali hari dengan segelas kopi di sebuah warkop(warung kopi). Ketika hendak pulang, saya berjumpa dengan sahabat ayah saya yang tinggal di desa sama.",Hilangnya Persawahan dan Munculnya Perumahan di Pinggiran Kota,https://www.kompasiana.com/masykur_ideas/5e27b710d541df2daf78a562/hilangnya-persawahan-dan-munculnya-perumahan-di-pinggiran-kota,kompasiana.com,2020-01-22,low,26,developer Aceh,Aulia,,0.0,needs_review,neutral,0,0,auto,
9776,Sisa tanah di area komplek perumahan tidak lagi sesubur dulu. Ketersediaan air menjadi permasalahan besar bagi para petani yang masih mempertahankan. tanah mereka untuk menanam padi.,Hilangnya Persawahan dan Munculnya Perumahan di Pinggiran Kota,https://www.kompasiana.com/masykur_ideas/5e27b710d541df2daf78a562/hilangnya-persawahan-dan-munculnya-perumahan-di-pinggiran-kota,kompasiana.com,2020-01-22,low,26,developer Aceh,Aulia,,0.0,needs_review,neutral,0,1,auto,
9777,"Akhirnya, walau mereka masih bisa menyemai bibit padi, saat padi mulai tumbuh airpun menghilang. Petani hanya bisa berharap datangnya hujan karena area persawahan ini tanpa fasilitas irigasi. Dulunya ketersedian air masih normal sebelum dibangun perumahan, kini struktur tanah berubah dan kemampuan tanah menyukai air kian melemah.",Hilangnya Persawahan dan Munculnya Perumahan di Pinggiran Kota,https://www.kompasiana.com/masykur_ideas/5e27b710d541df2daf78a562/hilangnya-persawahan-dan-munculnya-perumahan-di-pinggiran-kota,kompasiana.com,2020-01-22,low,46,developer Aceh,Aulia,,2.0,needs_review,neutral,1,0,auto,
9778,Lemahnya peran pemerintah dalam mempertahankan area persawahan,Hilangnya Persawahan dan Munculnya Perumahan di Pinggiran Kota,https://www.kompasiana.com/masykur_ideas/5e27b710d541df2daf78a562/hilangnya-persawahan-dan-munculnya-perumahan-di-pinggiran-kota,kompasiana.com,2020-01-22,low,7,developer Aceh,Aulia,,1.0,needs_review,neutral,0,0,auto,
9782,"Dalam jangka panjang, jika pemerintah setempat tidak melakukan tindakan nyata maka area Persawahan di pinggiran kota akan musnah. Dan efeknya akan sangat terasa di kemudian hari.",Hilangnya Persawahan dan Munculnya Perumahan di Pinggiran Kota,https://www.kompasiana.com/masykur_ideas/5e27b710d541df2daf78a562/hilangnya-persawahan-dan-munculnya-perumahan-di-pinggiran-kota,kompasiana.com,2020-01-22,low,26,developer Aceh,Aulia,,1.0,needs_review,neutral,0,0,auto,
9783,"Suasana pinggiran kota tidak lagi asri, burung-burung mulai menghilang, unsur air dalam tanah juga perlahan menipis, dan lebih fatalnya produktifitas beras lokal merosot drastis.",Hilangnya Persawahan dan Munculnya Perumahan di Pinggiran Kota,https://www.kompasiana.com/masykur_ideas/5e27b710d541df2daf78a562/hilangnya-persawahan-dan-munculnya-perumahan-di-pinggiran-kota,kompasiana.com,2020-01-22,low,24,developer Aceh,Aulia,,2.0,needs_review,neutral,0,1,auto,
9784,"Kelak apalagi yang akan kita banggakan? sebutan negeri agraris tidak lagi relevan. Saat area Persawahan berubah menjadi perumahan, bukan hanya beras yang hilang tapi juga nilai budaya. Masyarakat yang dulunya hidup saling membantu dalam komunitas petani, kini nilai ini kian memudar.",Hilangnya Persawahan dan Munculnya Perumahan di Pinggiran Kota,https://www.kompasiana.com/masykur_ideas/5e27b710d541df2daf78a562/hilangnya-persawahan-dan-munculnya-perumahan-di-pinggiran-kota,kompasiana.com,2020-01-22,low,41,developer Aceh,Aulia,,2.0,needs_review,neutral,0,0,auto,
9975,"Sejak menginjakkan kaki di desa ini pada 1 Agustus 2026, mahasiswa KKN Kelompok 26 tidak sekadar menjadi tamu yang datang dan pergi. Mereka datang sebagai sahabat, pendengar, dan mitra bagi para pelaku UMKM yang selama ini berjuang sendiri dengan keterbatasan. Mereka mendengar keluhan, melihat potensi yang terpendam, dan merangkul satu per satu pelaku usaha untuk bersama-sama melangkah menuju perubahan yang lebih baik.",Perjuangan Mahasiswa KKN Sukses Bangkitkan UMKM di Desa Bayu,https://rri.co.id/lhokseumawe/ekonomi/umkm/2694789/perjuangan-mahasiswa-kkn-sukses-bangkitkan-umkm-di-desa-bayu,rri.co.id,"Mon, 31 Aug 2026 08:10:00 GMT",low,62,UMKM Lhokseumawe,Aulia,,2.0,needs_review,negative,1,3,auto,
9976,"Ketua Humas Kelompok 26 KKN PPM, Muhammad Fauzil Adim Harahap, menuturkan pengalaman awalnya saat pertama kali bertemu dengan para pelaku UMKM Desa Bayu. Ada aura semangat yang kuat, tetapi juga kepasrahan akan keterbatasan yang mereka hadapi.",Perjuangan Mahasiswa KKN Sukses Bangkitkan UMKM di Desa Bayu,https://rri.co.id/lhokseumawe/ekonomi/umkm/2694789/perjuangan-mahasiswa-kkn-sukses-bangkitkan-umkm-di-desa-bayu,rri.co.id,"Mon, 31 Aug 2026 08:10:00 GMT",low,36,UMKM Lhokseumawe,Aulia,,0.0,needs_review,negative,0,2,auto,
9977,"""Saat pertama kali turun ke lapangan, kami terenyuh melihat perjuangan para pelaku UMKM ini. Ada ibu-ibu pemilik kedai kopi, gorengan, dan mie caluk Aceh yang setiap pagi selalu ramai pengunjung, tetapi pemiliknya tidak pernah mencatat keuangan usahanya.",Perjuangan Mahasiswa KKN Sukses Bangkitkan UMKM di Desa Bayu,https://rri.co.id/lhokseumawe/ekonomi/umkm/2694789/perjuangan-mahasiswa-kkn-sukses-bangkitkan-umkm-di-desa-bayu,rri.co.id,"Mon, 31 Aug 2026 08:10:00 GMT",high,37,UMKM Lhokseumawe,Aulia,,1.0,needs_review,neutral,0,1,auto,
9978,"Ada pula pemilik kedai mie dan jajanan yang cita rasa produknya juara, tetapi hanya mengandalkan pembeli dari tetangga sekitar. Dan ada warung serba ada yang menjual gas dan kebutuhan pokok, tetapi tidak memiliki strategi pemasaran yang baik. Saat itulah kami bertekad, kami harus membantu mereka. Kami tidak ingin potensi besar ini terus terpendam,"" ujar Muhammad Fauzil Adim Harahap dengan mata berbinar penuh haru.",Perjuangan Mahasiswa KKN Sukses Bangkitkan UMKM di Desa Bayu,https://rri.co.id/lhokseumawe/ekonomi/umkm/2694789/perjuangan-mahasiswa-kkn-sukses-bangkitkan-umkm-di-desa-bayu,rri.co.id,"Mon, 31 Aug 2026 08:10:00 GMT",low,63,UMKM Lhokseumawe,Aulia,,4.0,needs_review,positive,2,0,auto,
9981,"Dari hasil observasi tersebut, mahasiswa KKN Kelompok 26 merancang program pendampingan yang holistik dan berkelanjutan. Program-program yang mereka gagas tidak hanya berorientasi pada hasil instan, tetapi juga pada pemberdayaan jangka panjang yang membuat pelaku UMKM mampu berdiri di atas kaki mereka sendiri.",Perjuangan Mahasiswa KKN Sukses Bangkitkan UMKM di Desa Bayu,https://rri.co.id/lhokseumawe/ekonomi/umkm/2694789/perjuangan-mahasiswa-kkn-sukses-bangkitkan-umkm-di-desa-bayu,rri.co.id,"Mon, 31 Aug 2026 08:10:00 GMT",low,42,UMKM Lhokseumawe,Aulia,,2.0,needs_review,neutral,1,0,auto,
9982,"Program pertama yang mereka jalankan adalah pelatihan pembukuan sederhana. Selama ini, sebagian besar pelaku UMKM tidak mencatat pemasukan dan pengeluaran secara teratur. Akibatnya, mereka seringkali tidak mengetahui untung-rugi usaha mereka. Mahasiswa mengajarkan cara mencatat keuangan dengan metode sederhana, menggunakan buku kas dan aplikasi pencatatan digital yang mudah diakses.",Perjuangan Mahasiswa KKN Sukses Bangkitkan UMKM di Desa Bayu,https://rri.co.id/lhokseumawe/ekonomi/umkm/2694789/perjuangan-mahasiswa-kkn-sukses-bangkitkan-umkm-di-desa-bayu,rri.co.id,"Mon, 31 Aug 2026 08:10:00 GMT",low,48,UMKM Lhokseumawe,Aulia,,4.0,needs_review,neutral,0,0,auto,
9984,"Program kedua adalah pendampingan manajemen stok barang dan pengelolaan keuangan sederhana. Selama ini, para pelaku UMKM di Desa Bayubaik kedai kopi, gorengan, mie caluk, kedai mie dan jajanan, maupun warung serba adasering mengalami kendala dalam mengatur stok barang dagangan dan mencatat arus keuangan usaha mereka.",Perjuangan Mahasiswa KKN Sukses Bangkitkan UMKM di Desa Bayu,https://rri.co.id/lhokseumawe/ekonomi/umkm/2694789/perjuangan-mahasiswa-kkn-sukses-bangkitkan-umkm-di-desa-bayu,rri.co.id,"Mon, 31 Aug 2026 08:10:00 GMT",low,45,UMKM Lhokseumawe,Aulia,,1.0,needs_review,neutral,0,1,auto,
9985,"Banyak di antara mereka yang tidak tahu berapa modal yang dikeluarkan, berapa keuntungan yang diperoleh, bahkan stok barang sering habis tanpa disadari atau justru menumpuk dan kadaluwarsa.",Perjuangan Mahasiswa KKN Sukses Bangkitkan UMKM di Desa Bayu,https://rri.co.id/lhokseumawe/ekonomi/umkm/2694789/perjuangan-mahasiswa-kkn-sukses-bangkitkan-umkm-di-desa-bayu,rri.co.id,"Mon, 31 Aug 2026 08:10:00 GMT",low,27,UMKM Lhokseumawe,Aulia,,2.0,needs_review,neutral,0,0,auto,
9986,"Mahasiswa KKN Kelompok 26 hadir memberikan pendampingan dengan mengajarkan cara mencatat stok barang secara sederhana menggunakan buku inventaris dan aplikasi pencatatan stok di ponsel. Mereka juga mengajarkan metode pencatatan keuangan yang mudah dipahami, sehingga para pelaku UMKM bisa mengetahui dengan pasti kondisi usaha mereka setiap harinya.",Perjuangan Mahasiswa KKN Sukses Bangkitkan UMKM di Desa Bayu,https://rri.co.id/lhokseumawe/ekonomi/umkm/2694789/perjuangan-mahasiswa-kkn-sukses-bangkitkan-umkm-di-desa-bayu,rri.co.id,"Mon, 31 Aug 2026 08:10:00 GMT",low,46,UMKM Lhokseumawe,Aulia,,2.0,needs_review,neutral,0,0,auto,
9988,"Buk Bulan, pemilik kedai kopi, gorengan, dan mie caluk Aceh yang setiap pagi selalu ramai pengunjung, mengakui bahwa pemasangan spanduk dan papan nama di depan kedainya telah membawa perubahan besar bagi usahanya. Kini kedainya tidak hanya dikenal di kalangan warga sekitar, tetapi juga mulai dilirik oleh pengunjung dari luar desa yang tertarik dengan informasi yang terpampang jelas di spanduk tersebut.",Perjuangan Mahasiswa KKN Sukses Bangkitkan UMKM di Desa Bayu,https://rri.co.id/lhokseumawe/ekonomi/umkm/2694789/perjuangan-mahasiswa-kkn-sukses-bangkitkan-umkm-di-desa-bayu,rri.co.id,"Mon, 31 Aug 2026 08:10:00 GMT",high,60,UMKM Lhokseumawe,Aulia,,0.0,needs_review,neutral,0,0,auto,
9992,"""Saya ini hanya pedagang kecil, jualan gas, telur, gula, sama beberapa kebutuhan pokok lainnya. Dulu saya tidak pernah catat-catat, yang penting laku. Tapi setelah diajari adik-adik KKN, saya jadi tahu mana barang yang cepat laku dan mana yang harus saya kurangi stoknya. Saya juga diajari catat keuangan yang rapi. Sekarang saya lebih tenang berjualan karena semua sudah lebih teratur,"" ungkap Bapak Hasan.",Perjuangan Mahasiswa KKN Sukses Bangkitkan UMKM di Desa Bayu,https://rri.co.id/lhokseumawe/ekonomi/umkm/2694789/perjuangan-mahasiswa-kkn-sukses-bangkitkan-umkm-di-desa-bayu,rri.co.id,"Mon, 31 Aug 2026 08:10:00 GMT",low,62,UMKM Lhokseumawe,Aulia,,2.0,needs_review,neutral,0,1,auto,
9993,"Program ketiga adalah pelatihan pengemasan (packaging) produk. Mahasiswa mengajarkan pentingnya kemasan yang menarik, higienis, dan informatif. Mereka mendesain label produk dan papan nama usaha, memberikan tips fotografi produk, dan mengajak pelaku UMKM menggunakan kemasan yang ramah lingkungan. Hasilnya, produk jajanan dan gorengan kini tampil dengan wajah baru yang lebih profesional dan siap bersaing di pasar modern.",Perjuangan Mahasiswa KKN Sukses Bangkitkan UMKM di Desa Bayu,https://rri.co.id/lhokseumawe/ekonomi/umkm/2694789/perjuangan-mahasiswa-kkn-sukses-bangkitkan-umkm-di-desa-bayu,rri.co.id,"Mon, 31 Aug 2026 08:10:00 GMT",low,56,UMKM Lhokseumawe,Aulia,,4.0,needs_review,neutral,0,0,auto,
9997,"Keuchik Desa Bayu, Musriadi, juga tak henti-hentinya menyampaikan rasa terima kasihnya. Menurutnya, program pendampingan UMKM ini adalah jawaban atas doa dan harapan masyarakat Desa Bayu selama ini.",Perjuangan Mahasiswa KKN Sukses Bangkitkan UMKM di Desa Bayu,https://rri.co.id/lhokseumawe/ekonomi/umkm/2694789/perjuangan-mahasiswa-kkn-sukses-bangkitkan-umkm-di-desa-bayu,rri.co.id,"Mon, 31 Aug 2026 08:10:00 GMT",low,27,UMKM Lhokseumawe,Aulia,,0.0,needs_review,neutral,1,0,auto,
9998,"""Kami sudah bertahun-tahun bermimpi untuk mengembangkan UMKM di desa ini. Tapi baru sekarang mimpi itu terwujud, berkat kehadiran adik-adik mahasiswa KKN. Mereka datang bukan hanya dengan ilmu, tetapi juga dengan hati. Mereka sabar mendampingi kedai kopi, gorengan, mie caluk, kedai mie dan jajanan, hingga warung serba ada di desa kami. Mereka memberikan semangat dan membantu kami membuka pintu peluang yang selama ini tertutup. Saya tidak bisa melukiskan betapa bahagianya saya dan seluruh warga Desa Bayu,"" ujar Musriadi dengan suara lirih penuh haru.",Perjuangan Mahasiswa KKN Sukses Bangkitkan UMKM di Desa Bayu,https://rri.co.id/lhokseumawe/ekonomi/umkm/2694789/perjuangan-mahasiswa-kkn-sukses-bangkitkan-umkm-di-desa-bayu,rri.co.id,"Mon, 31 Aug 2026 08:10:00 GMT",low,82,UMKM Lhokseumawe,Aulia,,2.0,needs_review,neutral,1,1,auto,
9999,"Salah satu momen paling berkesan adalah ketika mahasiswa KKN Kelompok 26 bersama para pelaku UMKM melakukan pemasangan plang usaha dan spanduk di setiap kedai dan warung yang menjadi binaan mereka. Dengan semangat gotong royong, mereka bahu-membahu memasang papan nama yang didesain secara profesional, mencantumkan nama usaha, jenis produk, dan nomor kontak yang bisa dihubungi. Kini, setiap sudut Desa Bayu dihiasi dengan plang-plang usaha yang rapi dan menarik, membuat desa ini semakin hidup dan terlihat lebih maju.",Perjuangan Mahasiswa KKN Sukses Bangkitkan UMKM di Desa Bayu,https://rri.co.id/lhokseumawe/ekonomi/umkm/2694789/perjuangan-mahasiswa-kkn-sukses-bangkitkan-umkm-di-desa-bayu,rri.co.id,"Mon, 31 Aug 2026 08:10:00 GMT",low,76,UMKM Lhokseumawe,Aulia,,2.0,needs_review,neutral,0,0,auto,
10000,Warga setempat pun turut berbondong-bondong melihat dan mengagumi hasil kerja keras mahasiswa dan para pelaku UMKM. Banyak di antara mereka yang merasa bangga melihat usaha-usaha lokal kini memiliki identitas yang jelas dan terlihat profesional. Plang-plang usaha yang terpasang dengan rapi di sepanjang jalan desa menjadi pemandangan baru yang membawa angin segar bagi semangat berwirausaha di Desa Bayu.,Perjuangan Mahasiswa KKN Sukses Bangkitkan UMKM di Desa Bayu,https://rri.co.id/lhokseumawe/ekonomi/umkm/2694789/perjuangan-mahasiswa-kkn-sukses-bangkitkan-umkm-di-desa-bayu,rri.co.id,"Mon, 31 Aug 2026 08:10:00 GMT",low,57,UMKM Lhokseumawe,Aulia,,2.0,needs_review,neutral,0,0,auto,
10001,"Bapak Ridwan, salah satu warga yang turut menyaksikan pemasangan plang usaha, mengaku kagum dengan semangat dan inovasi yang ditunjukkan para pelaku UMKM Desa Bayu.",Perjuangan Mahasiswa KKN Sukses Bangkitkan UMKM di Desa Bayu,https://rri.co.id/lhokseumawe/ekonomi/umkm/2694789/perjuangan-mahasiswa-kkn-sukses-bangkitkan-umkm-di-desa-bayu,rri.co.id,"Mon, 31 Aug 2026 08:10:00 GMT",low,24,UMKM Lhokseumawe,Aulia,,1.0,needs_review,neutral,1,0,auto,
10002,"""Saya baru tahu kalau Desa Bayu punya banyak usaha lokal yang luar biasa. Sekarang dengan adanya plang usaha yang terpasang rapi, saya jadi tahu di mana saja tempatnya. Kopi di sini nikmat, gorengannya renyah, mie caluk dan mie Aceh-nya autentik, jajanannya enak-enak, bahkan warung serba adanyapun lengkap dan teratur. Ini membuktikan bahwa usaha lokal kita tidak kalah dengan usaha dari luar. Terima kasih kepada adik-adik mahasiswa yang sudah membantu menghidupkan desa kami,"" ujar Ridwan dengan antusias.",Perjuangan Mahasiswa KKN Sukses Bangkitkan UMKM di Desa Bayu,https://rri.co.id/lhokseumawe/ekonomi/umkm/2694789/perjuangan-mahasiswa-kkn-sukses-bangkitkan-umkm-di-desa-bayu,rri.co.id,"Mon, 31 Aug 2026 08:10:00 GMT",high,76,UMKM Lhokseumawe,Aulia,,2.0,needs_review,neutral,0,0,auto,
10003,"Muhammad Fauzil Adim Harahap menuturkan bahwa di balik setiap keberhasilan, ada cerita perjuangan yang tidak terlihat. Ada malam-malam larut yang dilewati untuk mendesain spanduk dan papan nama, ada peluh yang bercucuran saat membantu mengurus administrasi, ada doa-doa yang dipanjatkan agar program yang dijalankan membawa manfaat bagi semua.",Perjuangan Mahasiswa KKN Sukses Bangkitkan UMKM di Desa Bayu,https://rri.co.id/lhokseumawe/ekonomi/umkm/2694789/perjuangan-mahasiswa-kkn-sukses-bangkitkan-umkm-di-desa-bayu,rri.co.id,"Mon, 31 Aug 2026 08:10:00 GMT",low,47,UMKM Lhokseumawe,Aulia,,2.0,needs_review,positive,2,0,auto,
10028,"Seminar tersebut diikuti 50 peserta terdiri dari pelaku UMKM, termasuk sembilan anggota kelompok UMKM binaan Program Tanggung Jawab Sosial dan Lingkungan (TJSL) Pertamina Integrated Terminal (IT) Lhokseumawe.","Pertamina Patra Niaga Perkuat Ekosistem Halal di Lhokseumawe, UMKM Didorong Tembus Pasar Lebih Luas",https://portalsatu.com/pertamina-patra-niaga-perkuat-ekosistem-halal-di-lhokseumawe-umkm-didorong-tembus-pasar-lebih-luas/,portalsatu.com,2026-07-01,high,27,UMKM Lhokseumawe,Aulia,,2.0,needs_review,neutral,0,0,auto,
10030,"Seminar menghadirkan narasumber dari berbagai instansi yang membahas pengembangan industri halal dari berbagai perspektif. Kepala RRI Lhokseumawe mengulas peran media dalam mendukung halal tourism, sementara Dinas Kelautan, Perikanan, Pertanian dan Pangan Kota Lhokseumawe memaparkan potensi produk lokal, ketahanan pangan, serta keberlanjutan produk halal.","Pertamina Patra Niaga Perkuat Ekosistem Halal di Lhokseumawe, UMKM Didorong Tembus Pasar Lebih Luas",https://portalsatu.com/pertamina-patra-niaga-perkuat-ekosistem-halal-di-lhokseumawe-umkm-didorong-tembus-pasar-lebih-luas/,portalsatu.com,2026-07-01,high,43,UMKM Lhokseumawe,Aulia,,2.0,needs_review,positive,3,0,auto,
10033,"Ketua Umum GESID Halal Center Lhokseumawe, Maimun Saleh, mengatakan, pengembangan industri halal tidak dapat dilakukan secara sendiri-sendiri, melainkan membutuhkan sinergi berbagai pihak agar pelaku usaha mampu memenuhi standar kehalalan sekaligus meningkatkan daya saing produknya.","Pertamina Patra Niaga Perkuat Ekosistem Halal di Lhokseumawe, UMKM Didorong Tembus Pasar Lebih Luas",https://portalsatu.com/pertamina-patra-niaga-perkuat-ekosistem-halal-di-lhokseumawe-umkm-didorong-tembus-pasar-lebih-luas/,portalsatu.com,2026-07-01,high,34,UMKM Lhokseumawe,Aulia,,2.0,needs_review,positive,2,0,auto,
10034,"Melalui kolaborasi yang kuat, pelaku UMKM diharapkan tidak hanya mampu memenuhi standar halal, tetapi juga semakin kompetitif sehingga dapat berkembang dan bersaing di tingkat regional maupun nasional, kata Maimun.","Pertamina Patra Niaga Perkuat Ekosistem Halal di Lhokseumawe, UMKM Didorong Tembus Pasar Lebih Luas",https://portalsatu.com/pertamina-patra-niaga-perkuat-ekosistem-halal-di-lhokseumawe-umkm-didorong-tembus-pasar-lebih-luas/,portalsatu.com,2026-07-01,medium,29,UMKM Lhokseumawe,Aulia,,2.0,needs_review,positive,2,0,auto,
10035,"Supervisor HSSE & Fleet Safety Pertamina Patra Niaga Integrated Terminal Lhokseumawe, Arnoldus Setyawan, menyebutkan, penguatan ekosistem halal merupakan bagian dari komitmen perusahaan dalam mendukung pemberdayaan masyarakat melalui pengembangan potensi ekonomi lokal.","Pertamina Patra Niaga Perkuat Ekosistem Halal di Lhokseumawe, UMKM Didorong Tembus Pasar Lebih Luas",https://portalsatu.com/pertamina-patra-niaga-perkuat-ekosistem-halal-di-lhokseumawe-umkm-didorong-tembus-pasar-lebih-luas/,portalsatu.com,2026-07-01,high,31,UMKM Lhokseumawe,Aulia,,2.0,needs_review,positive,4,0,auto,
10036,"Menurutnya, sektor halal memiliki peluang besar untuk meningkatkan daya saing UMKM sekaligus membuka peluang ekonomi baru bagi masyarakat.","Pertamina Patra Niaga Perkuat Ekosistem Halal di Lhokseumawe, UMKM Didorong Tembus Pasar Lebih Luas",https://portalsatu.com/pertamina-patra-niaga-perkuat-ekosistem-halal-di-lhokseumawe-umkm-didorong-tembus-pasar-lebih-luas/,portalsatu.com,2026-07-01,medium,18,UMKM Lhokseumawe,Aulia,,2.0,needs_review,positive,2,0,auto,
10037,"Pertamina meyakini penguatan ekosistem halal dapat menjadi strategi dalam meningkatkan daya saing UMKM. Melalui kolaborasi dengan berbagai pemangku kepentingan, kami berharap tercipta ekosistem yang saling mendukung sehingga produk-produk lokal mampu berkembang secara berkelanjutan, ujar Setyawan.","Pertamina Patra Niaga Perkuat Ekosistem Halal di Lhokseumawe, UMKM Didorong Tembus Pasar Lebih Luas",https://portalsatu.com/pertamina-patra-niaga-perkuat-ekosistem-halal-di-lhokseumawe-umkm-didorong-tembus-pasar-lebih-luas/,portalsatu.com,2026-07-01,medium,35,UMKM Lhokseumawe,Aulia,,4.0,needs_review,positive,4,0,auto,
10038,"Area Manager Communication, Relations & CSR Pertamina Patra Niaga Regional Sumbagut, Fahrougi Andriani Sumampouw, mengatakan, kegiatan ini merupakan bagian dari komitmen Pertamina dalam memperkuat kapasitas UMKM melalui kolaborasi lintas sektor.","Pertamina Patra Niaga Perkuat Ekosistem Halal di Lhokseumawe, UMKM Didorong Tembus Pasar Lebih Luas",https://portalsatu.com/pertamina-patra-niaga-perkuat-ekosistem-halal-di-lhokseumawe-umkm-didorong-tembus-pasar-lebih-luas/,portalsatu.com,2026-07-01,medium,30,UMKM Lhokseumawe,Aulia,,2.0,needs_review,neutral,1,0,auto,
10039,"Menurutnya, pengembangan ekosistem halal merupakan salah satu bentuk pemberdayaan masyarakat yang mampu menciptakan nilai tambah bagi pelaku usaha sekaligus memperkuat perekonomian daerah.","Pertamina Patra Niaga Perkuat Ekosistem Halal di Lhokseumawe, UMKM Didorong Tembus Pasar Lebih Luas",https://portalsatu.com/pertamina-patra-niaga-perkuat-ekosistem-halal-di-lhokseumawe-umkm-didorong-tembus-pasar-lebih-luas/,portalsatu.com,2026-07-01,medium,22,UMKM Lhokseumawe,Aulia,,2.0,needs_review,positive,2,0,auto,
10040,"Kami meyakini kolaborasi antara pemerintah, akademisi, media, dunia usaha, dan komunitas menjadi kunci dalam meningkatkan daya saing UMKM. Dengan demikian, produk lokal tidak hanya memenuhi standar kehalalan, tetapi juga memiliki peluang lebih besar untuk berkembang di pasar yang lebih luas, ungkap Fahrougi.","Pertamina Patra Niaga Perkuat Ekosistem Halal di Lhokseumawe, UMKM Didorong Tembus Pasar Lebih Luas",https://portalsatu.com/pertamina-patra-niaga-perkuat-ekosistem-halal-di-lhokseumawe-umkm-didorong-tembus-pasar-lebih-luas/,portalsatu.com,2026-07-01,medium,42,UMKM Lhokseumawe,Aulia,,4.0,needs_review,positive,4,0,auto,
10123,"RRI.CO.ID, Kota Langsa Kawasan Lapangan Merdeka Langsa kembali dipadati ribuan warga saat pelaksanaan Car Free Day (CFD), Minggu, 19 Juli 2026.",Car Free Day Langsa Hidupkan UMKM dan Rekreasi,https://rri.co.id/lhokseumawe/ekonomi/umkm/2580763/car-free-day-langsa-hidupkan-umkm-dan-rekreasi,rri.co.id,"Sun, 19 Jul 2026 07:00:00 GMT",high,21,UMKM Lhokseumawe,Aulia,,0.0,needs_review,neutral,0,0,auto,
10124,"Program yang digagas Pemerintah Kota Langsa ini tidak hanya menjadi ajang olahraga, tetapi juga menghadirkan ruang rekreasi keluarga, hiburan, layanan publik, sekaligus menggerakkan perekonomian pelaku usaha mikro, kecil, dan menengah (UMKM).",Car Free Day Langsa Hidupkan UMKM dan Rekreasi,https://rri.co.id/lhokseumawe/ekonomi/umkm/2580763/car-free-day-langsa-hidupkan-umkm-dan-rekreasi,rri.co.id,"Sun, 19 Jul 2026 07:00:00 GMT",high,31,UMKM Lhokseumawe,Aulia,,2.0,needs_review,neutral,0,0,auto,
10125,"Sejak pagi, masyarakat dari berbagai kalangan memanfaatkan kawasan bebas kendaraan bermotor untuk beragam aktivitas. Mulai dari senam bersama, jalan santai, jogging, bersepeda, hingga mengikuti kegiatan komunitas. Suasana yang nyaman dan bebas polusi menjadikan Lapangan Merdeka sebagai tempat favorit warga menghabiskan akhir pekan.",Car Free Day Langsa Hidupkan UMKM dan Rekreasi,https://rri.co.id/lhokseumawe/ekonomi/umkm/2580763/car-free-day-langsa-hidupkan-umkm-dan-rekreasi,rri.co.id,"Sun, 19 Jul 2026 07:00:00 GMT",medium,42,UMKM Lhokseumawe,Aulia,,2.0,needs_review,neutral,1,0,auto,
10127,"CFD juga menjadi berkah bagi para pelaku UMKM. Puluhan stan kuliner, minuman, fesyen, hingga produk kerajinan lokal ramai diserbu pengunjung. Kehadiran live music semakin menambah semarak suasana dan membuat masyarakat betah menikmati akhir pekan bersama keluarga.",Car Free Day Langsa Hidupkan UMKM dan Rekreasi,https://rri.co.id/lhokseumawe/ekonomi/umkm/2580763/car-free-day-langsa-hidupkan-umkm-dan-rekreasi,rri.co.id,"Sun, 19 Jul 2026 07:00:00 GMT",medium,36,UMKM Lhokseumawe,Aulia,,2.0,needs_review,neutral,0,0,auto,
10153,"Wali Kota Lhokseumawe, Dr Sayuti Abubakar SH MH, mengapresiasi penyelenggaraan Bazar tersebut serta dukungan pemerintah pusat. Menurutnya, Bazar Ramadhan merupakan bagian dari langkah strategis Pemerintah Kota dalam memperkuat ekonomi masyarakat yang inklusif dan berkelanjutan.","Pemko Lhokseumawe Gelar Bazar Ramadhan, Perkuat Ekonomi Lokal dan Kreatif",https://dialeksis.com/haba-ramadan/pemko-lhokseumawe-gelar-bazar-ramadhan-perkuat-ekonomi-lokal-dan-kreatif/,dialeksis.com,"Wed, 25 Feb 2026 08:00:00 GMT",high,34,UMKM Lhokseumawe,Aulia,,1.0,needs_review,positive,2,1,auto,
10155,"Berbagai stan turut meramaikan kegiatan tersebut, mulai dari kuliner berbuka puasa, aneka produk UMKM, kerajinan tangan lokal, hingga kebutuhan khas Ramadhan. Masyarakat dapat menikmati beragam sajian takjil dan menu tradisional sambil berbelanja produk lokal berkualitas.","Pemko Lhokseumawe Gelar Bazar Ramadhan, Perkuat Ekonomi Lokal dan Kreatif",https://dialeksis.com/haba-ramadan/pemko-lhokseumawe-gelar-bazar-ramadhan-perkuat-ekonomi-lokal-dan-kreatif/,dialeksis.com,"Wed, 25 Feb 2026 08:00:00 GMT",medium,35,UMKM Lhokseumawe,Aulia,,2.0,needs_review,neutral,0,0,auto,
10156,"Selain aktivitas jual beli, Bazar Ramadhan 2026 juga dimeriahkan dengan berbagai agenda sosial dan keagamaan. Panitia menghadirkan panggung lomba untuk kreativitas dan dakwah, lomba-lomba religi yang dikoordinasikan oleh Dinas Syariat Islam Kota Lhokseumawe seperti lomba Adzan, Hafalan Ayat Pendek, DaI Cilik dan Tahfidhul Quran.","Pemko Lhokseumawe Gelar Bazar Ramadhan, Perkuat Ekonomi Lokal dan Kreatif",https://dialeksis.com/haba-ramadan/pemko-lhokseumawe-gelar-bazar-ramadhan-perkuat-ekonomi-lokal-dan-kreatif/,dialeksis.com,"Wed, 25 Feb 2026 08:00:00 GMT",high,44,UMKM Lhokseumawe,Aulia,,2.0,needs_review,neutral,0,0,auto,
10157,"Pemerintah Kota Lhokseumawe berharap kegiatan ini tidak hanya menjadi ajang perayaan bulan suci Ramadhan, tetapi juga momentum memperkuat solidaritas sosial dan mempercepat pemulihan ekonomi masyarakat Aceh. Dengan kolaborasi seluruh pihak, Ramadhan tahun ini diharapkan benar-benar membawa keberkahan bagi semua. [*]","Pemko Lhokseumawe Gelar Bazar Ramadhan, Perkuat Ekonomi Lokal dan Kreatif",https://dialeksis.com/haba-ramadan/pemko-lhokseumawe-gelar-bazar-ramadhan-perkuat-ekonomi-lokal-dan-kreatif/,dialeksis.com,"Wed, 25 Feb 2026 08:00:00 GMT",high,40,UMKM Lhokseumawe,Aulia,,2.0,needs_review,neutral,1,0,auto,
10182,DIALEKSIS.COM | Lhokseumawe - Bank Indonesia (BI) sebagai lembaga negara dan bank sentral terus memperkuat perannya dalam mendorong perekonomian daerah.,BI Lhokseumawe Terus Dorong UMKM Naik Kelas dan Jaga Stabilitas Inflasi Daerah,https://dialeksis.com/ekonomi/bi-lhokseumawe-terus-dorong-umkm-naik-kelas-dan-jaga-stabilitas-inflasi-daerah/,dialeksis.com,"Fri, 26 Sep 2025 07:00:00 GMT",high,20,UMKM Lhokseumawe,Aulia,,0.0,needs_review,neutral,1,0,auto,
10183,"Melalui Kantor Perwakilan BI Lhokseumawe, berbagai program dan sinergi lintas sektor digelar untuk mendukung pengembangan UMKM, menjaga stabilitas inflasi, hingga memperluas ekosistem ekonomi syariah.",BI Lhokseumawe Terus Dorong UMKM Naik Kelas dan Jaga Stabilitas Inflasi Daerah,https://dialeksis.com/ekonomi/bi-lhokseumawe-terus-dorong-umkm-naik-kelas-dan-jaga-stabilitas-inflasi-daerah/,dialeksis.com,"Fri, 26 Sep 2025 07:00:00 GMT",high,24,UMKM Lhokseumawe,Aulia,,2.0,needs_review,positive,2,0,auto,
10184,"Kepala Perwakilan BI Lhokseumawe, Prabu Dewanto, menegaskan bahwa wilayah kerja mereka mencakup 10 kabupaten/kota di Aceh, sehingga kegiatan yang dijalankan senantiasa dirancang dengan melibatkan pemangku kepentingan di daerah.",BI Lhokseumawe Terus Dorong UMKM Naik Kelas dan Jaga Stabilitas Inflasi Daerah,https://dialeksis.com/ekonomi/bi-lhokseumawe-terus-dorong-umkm-naik-kelas-dan-jaga-stabilitas-inflasi-daerah/,dialeksis.com,"Fri, 26 Sep 2025 07:00:00 GMT",high,28,UMKM Lhokseumawe,Aulia,,0.0,needs_review,neutral,0,0,auto,
10185,"Seluruh kegiatan kami tidak hanya diarahkan untuk pengembangan ekonomi, tapi juga memperhatikan aspek wawasan dan inspirasi bagi peserta. Harapannya, dari setiap kegiatan itu akan muncul masukan yang konstruktif bagi pemangku kepentingan, termasuk untuk memperkuat perekonomian daerah, ujar Prabu kepada media dialeksis.com, di Lhokseumawe, Jumat (26/9/2025).",BI Lhokseumawe Terus Dorong UMKM Naik Kelas dan Jaga Stabilitas Inflasi Daerah,https://dialeksis.com/ekonomi/bi-lhokseumawe-terus-dorong-umkm-naik-kelas-dan-jaga-stabilitas-inflasi-daerah/,dialeksis.com,"Fri, 26 Sep 2025 07:00:00 GMT",high,45,UMKM Lhokseumawe,Aulia,,0.0,needs_review,positive,2,0,auto,
10188,"Di wilayah kerja BI Lhokseumawe, sektor-sektor unggulan seperti wastra, kerajinan, hingga makanan mendapat dukungan pengembangan.",BI Lhokseumawe Terus Dorong UMKM Naik Kelas dan Jaga Stabilitas Inflasi Daerah,https://dialeksis.com/ekonomi/bi-lhokseumawe-terus-dorong-umkm-naik-kelas-dan-jaga-stabilitas-inflasi-daerah/,dialeksis.com,"Fri, 26 Sep 2025 07:00:00 GMT",high,15,UMKM Lhokseumawe,Aulia,,2.0,needs_review,positive,3,0,auto,
10189,"Tak hanya itu, BI juga turun langsung ke sektor pertanian. Pada Agustus lalu, misalnya, pelatihan diberikan kepada petani padi, dan sebelumnya juga kepada petani komoditas lainnya.",BI Lhokseumawe Terus Dorong UMKM Naik Kelas dan Jaga Stabilitas Inflasi Daerah,https://dialeksis.com/ekonomi/bi-lhokseumawe-terus-dorong-umkm-naik-kelas-dan-jaga-stabilitas-inflasi-daerah/,dialeksis.com,"Fri, 26 Sep 2025 07:00:00 GMT",medium,26,UMKM Lhokseumawe,Aulia,,2.0,needs_review,neutral,0,1,auto,
10190,"Semua ini kami lakukan bersinergi dengan pemda, Dekranasda, komunitas, dan mitra dari daerah lain yang lebih dulu maju. Intinya, kita dorong bersama agar UMKM kita semakin kuat, tambah Prabu.",BI Lhokseumawe Terus Dorong UMKM Naik Kelas dan Jaga Stabilitas Inflasi Daerah,https://dialeksis.com/ekonomi/bi-lhokseumawe-terus-dorong-umkm-naik-kelas-dan-jaga-stabilitas-inflasi-daerah/,dialeksis.com,"Fri, 26 Sep 2025 07:00:00 GMT",medium,29,UMKM Lhokseumawe,Aulia,,2.0,needs_review,neutral,0,0,auto,
10191,"Selain program pendampingan, BI Lhokseumawe juga aktif menggagas kegiatan berskala besar yang melibatkan masyarakat luas.",BI Lhokseumawe Terus Dorong UMKM Naik Kelas dan Jaga Stabilitas Inflasi Daerah,https://dialeksis.com/ekonomi/bi-lhokseumawe-terus-dorong-umkm-naik-kelas-dan-jaga-stabilitas-inflasi-daerah/,dialeksis.com,"Fri, 26 Sep 2025 07:00:00 GMT",high,15,UMKM Lhokseumawe,Aulia,,0.0,needs_review,neutral,0,0,auto,
10195,"Tak kalah penting, BI Lhokseumawe juga berperan aktif dalam Tim Pengendalian Inflasi Daerah (TPID) yang diketuai kepala daerah.",BI Lhokseumawe Terus Dorong UMKM Naik Kelas dan Jaga Stabilitas Inflasi Daerah,https://dialeksis.com/ekonomi/bi-lhokseumawe-terus-dorong-umkm-naik-kelas-dan-jaga-stabilitas-inflasi-daerah/,dialeksis.com,"Fri, 26 Sep 2025 07:00:00 GMT",high,18,UMKM Lhokseumawe,Aulia,,0.0,needs_review,neutral,0,0,auto,
10199,"Komunikasi kebijakan itu penting agar masyarakat memahami peran BI. Dengan begitu, kebijakan bisa lebih diterima dan berdampak, ujarnya.",BI Lhokseumawe Terus Dorong UMKM Naik Kelas dan Jaga Stabilitas Inflasi Daerah,https://dialeksis.com/ekonomi/bi-lhokseumawe-terus-dorong-umkm-naik-kelas-dan-jaga-stabilitas-inflasi-daerah/,dialeksis.com,"Fri, 26 Sep 2025 07:00:00 GMT",medium,18,UMKM Lhokseumawe,Aulia,,2.0,needs_review,neutral,0,0,auto,
10201,"Seluruh kegiatan ini dapat berjalan optimal karena adanya sinergi dengan stakeholder dan dukungan seluruh elemen masyarakat. Tanpa kebersamaan itu, upaya kita tentu tidak akan maksimal, tutup Prabu Dewanto. [nh]",BI Lhokseumawe Terus Dorong UMKM Naik Kelas dan Jaga Stabilitas Inflasi Daerah,https://dialeksis.com/ekonomi/bi-lhokseumawe-terus-dorong-umkm-naik-kelas-dan-jaga-stabilitas-inflasi-daerah/,dialeksis.com,"Fri, 26 Sep 2025 07:00:00 GMT",medium,29,UMKM Lhokseumawe,Aulia,,0.0,needs_review,neutral,1,1,auto,
10246,Dosen FEB Unimal Sebutkan UMKM di Lhokseumawe Belum Optimalkan Pasar Digital,Dosen FEB Unimal Sebutkan UMKM di Lhokseumawe Belum Optimalkan Pasar Digital,https://news.unimal.ac.id/index/single/3061/dosen-feb-unimal-sebutkan-umkm-di-lhokseumawe-belum-optimalkan-pasar-digital,news.unimal.ac.id,"Thu, 10 Mar 2022 08:00:00 GMT",high,11,UMKM Lhokseumawe,Aulia,,2.0,needs_review,neutral,0,0,auto,
10253,"Selama ini, Saifuddin dan tim peneliti dari Politeknik Negeri Lhokseumawe sudah memberdayakan sejumlah UMKM melalui program pemberdayaan masyarakat. Ia antara lain mendampingi produksi bandrek celup hasil industri rumah tangga.",Dosen FEB Unimal Sebutkan UMKM di Lhokseumawe Belum Optimalkan Pasar Digital,https://news.unimal.ac.id/index/single/3061/dosen-feb-unimal-sebutkan-umkm-di-lhokseumawe-belum-optimalkan-pasar-digital,news.unimal.ac.id,"Thu, 10 Mar 2022 08:00:00 GMT",high,29,UMKM Lhokseumawe,Aulia,,2.0,needs_review,neutral,1,0,auto,
10255,Rizal mendukung hadirnya Pusat Pengembangan Bisnis UMKM di Lhokseumawe dan mengharapkan Pasar Ramadhan Kota Lhokseumawe yang akan dibuka menjadi momentum bagi pengembangan UMKM.,Dosen FEB Unimal Sebutkan UMKM di Lhokseumawe Belum Optimalkan Pasar Digital,https://news.unimal.ac.id/index/single/3061/dosen-feb-unimal-sebutkan-umkm-di-lhokseumawe-belum-optimalkan-pasar-digital,news.unimal.ac.id,"Thu, 10 Mar 2022 08:00:00 GMT",high,23,UMKM Lhokseumawe,Aulia,,2.0,needs_review,positive,2,0,auto,
10256,"Kami mengharapkan BDC bisa menjembatani UMKM yang ada, ujar Rizal dalam forum yang dihadiri pelaku UMKM, anggota dewan, wakil pemerintah, akademisi, dan perbankan.",Dosen FEB Unimal Sebutkan UMKM di Lhokseumawe Belum Optimalkan Pasar Digital,https://news.unimal.ac.id/index/single/3061/dosen-feb-unimal-sebutkan-umkm-di-lhokseumawe-belum-optimalkan-pasar-digital,news.unimal.ac.id,"Thu, 10 Mar 2022 08:00:00 GMT",medium,23,UMKM Lhokseumawe,Aulia,,1.0,needs_review,neutral,0,0,auto,
10257,"Ia juga mengingatkan, bantuan dari pemerintah untuk UMKM sekarang tidak lagi dalam bentuk uang tunai, tetapi pelatihan serta alat kerja yang memberikan manfaat dalam jangka panjang.",Dosen FEB Unimal Sebutkan UMKM di Lhokseumawe Belum Optimalkan Pasar Digital,https://news.unimal.ac.id/index/single/3061/dosen-feb-unimal-sebutkan-umkm-di-lhokseumawe-belum-optimalkan-pasar-digital,news.unimal.ac.id,"Thu, 10 Mar 2022 08:00:00 GMT",medium,26,UMKM Lhokseumawe,Aulia,,2.0,needs_review,positive,2,0,auto,
10258,"Sementara Ketua Lazismu Kota Lhokseumawe, Farhan Zuhri Baihaqi, menyebutkan pihaknya sudah menyalurkan hasil pembayaran zakat untuk kebutuhan produktif untuk membantu UMKM seperti usaha ecoprint atau ija oen kayee yang memanfaatkan berbagai jenis tumbuhan untuk mewarnai kain. Kami mendorong pejabat pemerintah bisa menggunakan ija oen kayee sebagai bagian dari promosi untuk membantu UMKM di Lhokseumawe, ujar Farhan.",Dosen FEB Unimal Sebutkan UMKM di Lhokseumawe Belum Optimalkan Pasar Digital,https://news.unimal.ac.id/index/single/3061/dosen-feb-unimal-sebutkan-umkm-di-lhokseumawe-belum-optimalkan-pasar-digital,news.unimal.ac.id,"Thu, 10 Mar 2022 08:00:00 GMT",high,56,UMKM Lhokseumawe,Aulia,,2.0,needs_review,positive,3,0,auto,
10259,"Pelaku UMKM di Lhokseumawe, Munawar alis Cek Mun, menyebutkan sekitar 70 usaha kuliner Mr Phep miliknya dipasarkan secara daring. Cek Mun juga mengungkapkan sejumlah hambatan pengembangan UMKM di Lhokseumawe dan di Aceh, baik hambatan internal maupun ekternal seperti kesulitan mengakses perbankan. ""Kalau bisa juga tanpa agunan,""ujar Cek Mun yang juga alumni Program Magister Ilmu Manajemen Universitas Malikussaleh.",Dosen FEB Unimal Sebutkan UMKM di Lhokseumawe Belum Optimalkan Pasar Digital,https://news.unimal.ac.id/index/single/3061/dosen-feb-unimal-sebutkan-umkm-di-lhokseumawe-belum-optimalkan-pasar-digital,news.unimal.ac.id,"Thu, 10 Mar 2022 08:00:00 GMT",high,57,UMKM Lhokseumawe,Aulia,,2.0,needs_review,negative,1,3,auto,
10261,"Anggota DPRK Lhokseumawe, Dicky Saputra, yang hadir dalam kegiatan tersebut menyebutkan UMKM belum menjadi pendorong ekonomi karena cetak biru Kota Lhokseumawe juga masih kabur. Selama 10 tahun terakhir, pemerintah gagal melahirkan cetak biru dan membawa arah pembangunan Lhokseumawe.",Dosen FEB Unimal Sebutkan UMKM di Lhokseumawe Belum Optimalkan Pasar Digital,https://news.unimal.ac.id/index/single/3061/dosen-feb-unimal-sebutkan-umkm-di-lhokseumawe-belum-optimalkan-pasar-digital,news.unimal.ac.id,"Thu, 10 Mar 2022 08:00:00 GMT",high,38,UMKM Lhokseumawe,Aulia,,1.0,needs_review,neutral,0,1,auto,
10262,"Kalau kita lihat sejarah dan geografisnya, Lhokseumawe adalah kota dagang dan kota jasa. Tapi potensinya belum dimanfaatkan, bahkan oleh pemerintah, kata Dicky yang mengklaim dirinya pelaku UMKM. [kur]",Dosen FEB Unimal Sebutkan UMKM di Lhokseumawe Belum Optimalkan Pasar Digital,https://news.unimal.ac.id/index/single/3061/dosen-feb-unimal-sebutkan-umkm-di-lhokseumawe-belum-optimalkan-pasar-digital,news.unimal.ac.id,"Thu, 10 Mar 2022 08:00:00 GMT",high,28,UMKM Lhokseumawe,Aulia,,3.0,needs_review,positive,2,0,auto,
10350,"KBRN, Lhokseumawe: Jasmani saban hari nongkrong di kawasan Taman Riyadhah Kota Lhokseumawe.","Jasmadi, Penjual Batu Kristal Putih di Lhokseumawe",https://rri.co.id/lhokseumawe/umkm/922506/jasmadi-penjual-batu-kristal-putih-di-lhokseumawe,rri.co.id,"Thu, 22 Aug 2024 07:00:00 GMT",high,12,UMKM Lhokseumawe,Aulia,,0.0,needs_review,neutral,0,0,auto,
10351,"Tapi Jasmadi bukan sekedar duduk, melainkan menjual Batu kristal putih dilokasi itu.","Jasmadi, Penjual Batu Kristal Putih di Lhokseumawe",https://rri.co.id/lhokseumawe/umkm/922506/jasmadi-penjual-batu-kristal-putih-di-lhokseumawe,rri.co.id,"Thu, 22 Aug 2024 07:00:00 GMT",medium,12,UMKM Lhokseumawe,Aulia,,1.0,needs_review,neutral,0,0,auto,
10352,"Dijumpai RRI, Kamis (22/8/2024), Jasmadi mengaku sudah 9 tahun menggeluti usaha sebagai penjual batu.","Jasmadi, Penjual Batu Kristal Putih di Lhokseumawe",https://rri.co.id/lhokseumawe/umkm/922506/jasmadi-penjual-batu-kristal-putih-di-lhokseumawe,rri.co.id,"Thu, 22 Aug 2024 07:00:00 GMT",medium,14,UMKM Lhokseumawe,Aulia,,1.0,needs_review,neutral,0,0,auto,
10353,"""Batu kristal putih ini dikirim dari Krueng Baru Aceh Barat Daya"", katanya kepada RRI.","Jasmadi, Penjual Batu Kristal Putih di Lhokseumawe",https://rri.co.id/lhokseumawe/umkm/922506/jasmadi-penjual-batu-kristal-putih-di-lhokseumawe,rri.co.id,"Thu, 22 Aug 2024 07:00:00 GMT",high,14,UMKM Lhokseumawe,Aulia,,0.0,needs_review,neutral,0,0,auto,
10354,"Menurut Jasmadi, Batu kristal putih memiliki manfaat atau kegunaan tertentu. Pemesan biasanya menggunakan Batu tersebut untuk ditaburkan di atas tanah kuburan.","Jasmadi, Penjual Batu Kristal Putih di Lhokseumawe",https://rri.co.id/lhokseumawe/umkm/922506/jasmadi-penjual-batu-kristal-putih-di-lhokseumawe,rri.co.id,"Thu, 22 Aug 2024 07:00:00 GMT",medium,21,UMKM Lhokseumawe,Aulia,,0.0,needs_review,neutral,1,0,auto,
10355,"Umat islam meyakini menaburkan Batu tersebut ke atas Makam ada fahala sunnah. Bahkan konon, kepercayaannya batu tersebut secara ghaib akan bertasbih kepada penghuni kubur didalamnya.","Jasmadi, Penjual Batu Kristal Putih di Lhokseumawe",https://rri.co.id/lhokseumawe/umkm/922506/jasmadi-penjual-batu-kristal-putih-di-lhokseumawe,rri.co.id,"Thu, 22 Aug 2024 07:00:00 GMT",medium,25,UMKM Lhokseumawe,Aulia,,0.0,needs_review,neutral,0,0,auto,
10356,"Selain itu, Batu kristal putih juga bisa menghiasi taman rumah dan memperindah di pot bunga.","Jasmadi, Penjual Batu Kristal Putih di Lhokseumawe",https://rri.co.id/lhokseumawe/umkm/922506/jasmadi-penjual-batu-kristal-putih-di-lhokseumawe,rri.co.id,"Thu, 22 Aug 2024 07:00:00 GMT",medium,15,UMKM Lhokseumawe,Aulia,,0.0,needs_review,neutral,0,0,auto,
10375,Gedung Prijadi Praptosuhardo II Lt. 1 Jl. Lapangan Banteng Timur No. 2-4 Jakarta Pusat 10710,Lowongan Pekerjaan Pada KPPN Lhokseumawe,https://djpb.kemenkeu.go.id/kppn/lhokseumawe/id/data-publikasi/pengumuman/2862-lowongan-pekerjaan-pada-kppn-lhokseumawe.html,djpb.kemenkeu.go.id,2022-01-11,medium,15,UMKM Lhokseumawe,Aulia,,2.0,needs_review,neutral,0,0,auto,
10393,"KBRN, Lhokseumawe: Kota Palembang provinsi Sumatera Selatan selain terkenal dengan kuliner Empek-Empek, juga terkenal dengan Kerupuk Kemplang berbahan baku daging ikan Tenggiri.",Kerupuk Kemplang Palembang Hadir Menyapa Lhokseumawe,https://rri.co.id/lhokseumawe/umkm/577973/kerupuk-kemplang-palembang-hadir-menyapa-lhokseumawe,rri.co.id,"Sat, 02 Mar 2024 08:00:00 GMT",high,22,UMKM Lhokseumawe,Aulia,,0.0,needs_review,neutral,0,0,auto,
10394,"Untuk mendapatkannya, sekarang tidak perlu jauh-jauh ke Palembang, karena sudah hadir di Kota Lhokseumawe. Salah satu lokasinya ada di depan Museum Kota Lhokseumawe atau Masjid Agung Islamic Center.",Kerupuk Kemplang Palembang Hadir Menyapa Lhokseumawe,https://rri.co.id/lhokseumawe/umkm/577973/kerupuk-kemplang-palembang-hadir-menyapa-lhokseumawe,rri.co.id,"Sat, 02 Mar 2024 08:00:00 GMT",high,28,UMKM Lhokseumawe,Aulia,,0.0,needs_review,neutral,0,0,auto,
10395,"Tetapi, Kerupuk Kemplang Palembang tidak setiap hari dijajakan di kawasan tersebut. Karena hanya hadir setiap seminggu sekali dalam ajang pasar kuliner Ahad Festival.",Kerupuk Kemplang Palembang Hadir Menyapa Lhokseumawe,https://rri.co.id/lhokseumawe/umkm/577973/kerupuk-kemplang-palembang-hadir-menyapa-lhokseumawe,rri.co.id,"Sat, 02 Mar 2024 08:00:00 GMT",medium,23,UMKM Lhokseumawe,Aulia,,2.0,needs_review,neutral,0,0,auto,
10396,"Rahmazani (38) penjual Kerupuk Kemplang di Kota Lhokseumawe, mengatakan, Kerupuk didatangkan mentah (setengah jadi) dari produsen di Kota Palembang.",Kerupuk Kemplang Palembang Hadir Menyapa Lhokseumawe,https://rri.co.id/lhokseumawe/umkm/577973/kerupuk-kemplang-palembang-hadir-menyapa-lhokseumawe,rri.co.id,"Sat, 02 Mar 2024 08:00:00 GMT",high,19,UMKM Lhokseumawe,Aulia,,1.0,needs_review,neutral,0,0,auto,
10397,"""Sampai disini (Lhokseumawe) baru kita goreng, lalu kita jual. Bila dikirim langsung jadi, kerupuk gampang hancur. Jadi, untuk menghindari itu, maka kita kirim setengah jadi"", ujar Rahmazani kepada RRI, Sabtu (2/3/2024).",Kerupuk Kemplang Palembang Hadir Menyapa Lhokseumawe,https://rri.co.id/lhokseumawe/umkm/577973/kerupuk-kemplang-palembang-hadir-menyapa-lhokseumawe,rri.co.id,"Sat, 02 Mar 2024 08:00:00 GMT",high,31,UMKM Lhokseumawe,Aulia,,1.0,needs_review,neutral,0,0,auto,
10398,"Proses penggorengan dilakukan setiap seminggu sekali. Adapun Jenis Kerupuk yang dijualnya adalah Sanggol Mini, Kancing Tebal Kemplang Mini, Getas Tenggiri, dan Kancing Tipis.",Kerupuk Kemplang Palembang Hadir Menyapa Lhokseumawe,https://rri.co.id/lhokseumawe/umkm/577973/kerupuk-kemplang-palembang-hadir-menyapa-lhokseumawe,rri.co.id,"Sat, 02 Mar 2024 08:00:00 GMT",medium,23,UMKM Lhokseumawe,Aulia,,1.0,needs_review,neutral,0,0,auto,
10399,"Untuk Harga 1 Ons Rp15.000. Ukuran 250 Gram Rp35.000, sedangkan ukuran 1 Kg Rp140.000. Permintaan Kemplang dan Kerupuk akan meningkat biasanya pada Bulan Puasa Ramadhan dan Hari Raya Idul Fitri.",Kerupuk Kemplang Palembang Hadir Menyapa Lhokseumawe,https://rri.co.id/lhokseumawe/umkm/577973/kerupuk-kemplang-palembang-hadir-menyapa-lhokseumawe,rri.co.id,"Sat, 02 Mar 2024 08:00:00 GMT",medium,30,UMKM Lhokseumawe,Aulia,,2.0,needs_review,neutral,1,0,auto,
10400,"""Kemplang milik kami ini, sudah bersertifikat Halal MUI"", tutup Zani.",Kerupuk Kemplang Palembang Hadir Menyapa Lhokseumawe,https://rri.co.id/lhokseumawe/umkm/577973/kerupuk-kemplang-palembang-hadir-menyapa-lhokseumawe,rri.co.id,"Sat, 02 Mar 2024 08:00:00 GMT",medium,10,UMKM Lhokseumawe,Aulia,,0.0,needs_review,neutral,0,1,auto,
10464,"ACEHTREND.COM, Lhokseumawe - Dewan Perwakilan Rakyat Kabupaten (DPRK) Lhokseumawe mengelar workshop pengembangan Usaha Kecil Menengah (UKM) dan Usaha Mikro Kecil Menengah (UMKM).",Anggota Dewan Gelar Warkshop Pengembangan UKM dan UMKM di Lhokseumawe,https://www.acehtrend.com/news/anggota-dewan-gelar-warkshop-pengembangan-ukm-dan-umkm-di-lhokseumawe/index.html,acehtrend.com,"Sat, 02 Nov 2019 07:00:00 GMT",high,22,UMKM Lhokseumawe,Aulia,,1.0,needs_review,neutral,1,0,auto,
10465,"Kegiatan ini digagas langsung oleh Anggota DPRK Lhokseumawe dari Partai Aceh, Azhari T Ahmadi. Dilaksanakan di lahan observasi atau vokasi Gampong Ujong Blang, Kecamatan Banda Sakti, Jumat (1/11/2019).",Anggota Dewan Gelar Warkshop Pengembangan UKM dan UMKM di Lhokseumawe,https://www.acehtrend.com/news/anggota-dewan-gelar-warkshop-pengembangan-ukm-dan-umkm-di-lhokseumawe/index.html,acehtrend.com,"Sat, 02 Nov 2019 07:00:00 GMT",high,28,UMKM Lhokseumawe,Aulia,,0.0,needs_review,neutral,0,0,auto,
10467,"Dikatakan Azhari, pihaknya berharap dinas terkait agar dapat melakukan ini secara rutin kepada para pelaku usaha di Kota Lhokseumawe agar di masa mendatang lebih maju dan berkembang.",Anggota Dewan Gelar Warkshop Pengembangan UKM dan UMKM di Lhokseumawe,https://www.acehtrend.com/news/anggota-dewan-gelar-warkshop-pengembangan-ukm-dan-umkm-di-lhokseumawe/index.html,acehtrend.com,"Sat, 02 Nov 2019 07:00:00 GMT",high,27,UMKM Lhokseumawe,Aulia,,2.0,needs_review,neutral,1,0,auto,
10470,"Kegiatan itu dihadiri Ketua DPRK Lhokseumawe, Ismail Manaf dan dibuka langsung oleh pimpinan Bank Aceh Syariat Kota Lhokseumawe.[]",Anggota Dewan Gelar Warkshop Pengembangan UKM dan UMKM di Lhokseumawe,https://www.acehtrend.com/news/anggota-dewan-gelar-warkshop-pengembangan-ukm-dan-umkm-di-lhokseumawe/index.html,acehtrend.com,"Sat, 02 Nov 2019 07:00:00 GMT",high,18,UMKM Lhokseumawe,Aulia,,2.0,needs_review,neutral,0,0,auto,
10496,"People buy food to open fasting when the opening of the UMKM Takjil Market in Lhokseumawe, Aceh, Saturday (25/3/2023). Unlessed market held by Lhokseumawes collaboration was followed by 207 UMKM traders to facilitate locals to get a variety of food menus and beverages to unsatisfactory while increasing the income of SMEs. ANTARA PHOTO/Rahmad/tom.",LHOKSEUMAWE,https://www.antarafoto.com/view/1903359/lhokseumawe,antarafoto.com,"Sat, 25 Mar 2023 07:00:00 GMT",high,53,UMKM Lhokseumawe,Aulia,,2.0,needs_review,neutral,0,0,auto,
10561,"RRI.CO.ID, Lhokseumawe Ketua Dharma Wanita Persatuan (DWP) LPP RRI Lhokseumawe Nia Zainal bersama para anggota mengunjungi UMKM Usaha Jahitan Bordir Cahaya Mata milik Nuraini di Gampong Blang Cut, Kecamatan Blang Mangat, Kota Lhokseumawe. Kamis, 7 Mei 2026.",DWP RRI Lhokseumawe Dukung UMKM Bordir Lokal,https://rri.co.id/lhokseumawe/ekonomi/umkm/2397727/dwp-rri-lhokseumawe-dukung-umkm-bordir-lokal,rri.co.id,"Thu, 07 May 2026 07:00:00 GMT",high,37,UMKM Lhokseumawe,Aulia,,0.0,needs_review,neutral,0,0,auto,
10562,Kunjungan tersebut menjadi bentuk dukungan nyata terhadap pelaku usaha lokal yang terus bertahan dan berkembang melalui usaha kreatif bordir dan jahitan rumahan.,DWP RRI Lhokseumawe Dukung UMKM Bordir Lokal,https://rri.co.id/lhokseumawe/ekonomi/umkm/2397727/dwp-rri-lhokseumawe-dukung-umkm-bordir-lokal,rri.co.id,"Thu, 07 May 2026 07:00:00 GMT",medium,22,UMKM Lhokseumawe,Aulia,,2.0,needs_review,positive,2,0,auto,
10563,"Dalam suasana penuh keakraban, rombongan melihat langsung proses produksi serta berbagai hasil karya bordir khas Aceh yang dikerjakan pelaku UMKM setempat.",DWP RRI Lhokseumawe Dukung UMKM Bordir Lokal,https://rri.co.id/lhokseumawe/ekonomi/umkm/2397727/dwp-rri-lhokseumawe-dukung-umkm-bordir-lokal,rri.co.id,"Thu, 07 May 2026 07:00:00 GMT",high,21,UMKM Lhokseumawe,Aulia,,2.0,needs_review,neutral,0,0,auto,
10564,Ketua DWP LPP RRI Lhokseumawe menyampaikan apresiasi terhadap semangat pelaku UMKM yang dinilai memiliki peran penting dalam menggerakkan ekonomi masyarakat.,DWP RRI Lhokseumawe Dukung UMKM Bordir Lokal,https://rri.co.id/lhokseumawe/ekonomi/umkm/2397727/dwp-rri-lhokseumawe-dukung-umkm-bordir-lokal,rri.co.id,"Thu, 07 May 2026 07:00:00 GMT",high,20,UMKM Lhokseumawe,Aulia,,0.0,needs_review,neutral,0,0,auto,
10565,"Ia berharap pada peringatan Hari Ulang Tahun RRI, 11 September mendatang, anggota DWP dapat mengenakan pakaian seragam bordir motif khas Aceh seperti Bungong Jeumpa, Awan Meucanek, Pucok Reubong, Dheun Sagoe, Canek Si Oun, Awan Si Oun, hingga Motif Pinto Aceh sebagai bentuk pelestarian budaya daerah.",DWP RRI Lhokseumawe Dukung UMKM Bordir Lokal,https://rri.co.id/lhokseumawe/ekonomi/umkm/2397727/dwp-rri-lhokseumawe-dukung-umkm-bordir-lokal,rri.co.id,"Thu, 07 May 2026 07:00:00 GMT",high,45,UMKM Lhokseumawe,Aulia,,0.0,needs_review,neutral,0,0,auto,
10566,"Sementara itu, Nuraini mengaku senang atas kunjungan dan perhatian yang diberikan DWP RRI Lhokseumawe kepada usaha kecil yang dirintisnya. Dukungan tersebut dinilai menjadi motivasi untuk terus berkarya dan mengembangkan produk bordir khas Aceh agar semakin dikenal luas.",DWP RRI Lhokseumawe Dukung UMKM Bordir Lokal,https://rri.co.id/lhokseumawe/ekonomi/umkm/2397727/dwp-rri-lhokseumawe-dukung-umkm-bordir-lokal,rri.co.id,"Thu, 07 May 2026 07:00:00 GMT",high,37,UMKM Lhokseumawe,Aulia,,2.0,needs_review,neutral,1,0,auto,
10611,"KOTA LANGSA (MA) Sebagai pusat keramaian dan ruang publik utama, Lapangan Merdeka Kota Langsa terus memperlihatkan daya tariknya sebagai destinasi rekreasi keluarga, olahraga, hingga pusat kegiatan ekonomi rakyat. Setiap hari, kawasan ini menjadi titik temu ratusan warga yang menikmati suasana kota sekaligus memanfaatkan fasilitas yang kini semakin nyaman.",Lapangan Merdeka Kota Langsa: Jantung Aktivitas Warga yang Semakin Hidup dan Modern,https://mediaaceh.co.id/lapangan-merdeka-kota-langsa-jantung-aktivitas-warga-yang-semakin-hidup-dan-modern/,mediaaceh.co.id,2025-11-15,high,48,startup Langsa,Aulia,,2.0,needs_review,neutral,1,0,auto,
10612,"Terletak strategis di tengah Kota Langsa, Lapangan Merdeka dikelilingi area pedestrian yang tertata rapi, taman hijau, serta beragam fasilitas olahraga. Pada pagi dan sore hari, kawasan ini menjadi lokasi favorit untuk jogging, senam, hingga latihan komunitas. Ruang terbuka yang luas membuat aktivitas masyarakat semakin dinamis.",Lapangan Merdeka Kota Langsa: Jantung Aktivitas Warga yang Semakin Hidup dan Modern,https://mediaaceh.co.id/lapangan-merdeka-kota-langsa-jantung-aktivitas-warga-yang-semakin-hidup-dan-modern/,mediaaceh.co.id,2025-11-15,high,45,startup Langsa,Aulia,,2.0,needs_review,neutral,1,0,auto,
10613,"Pada malam hari, suasana Lapangan Merdeka berubah menjadi pusat kuliner dan rekreasi malam yang hidup. Deretan pedagang UMKM menawarkan beragam jajanan, minuman segar, dan kuliner khas Langsa yang ramai diburu pengunjung. Kehadiran UMKM ini turut menggerakkan perekonomian lokal dan menciptakan ruang usaha baru bagi masyarakat.",Lapangan Merdeka Kota Langsa: Jantung Aktivitas Warga yang Semakin Hidup dan Modern,https://mediaaceh.co.id/lapangan-merdeka-kota-langsa-jantung-aktivitas-warga-yang-semakin-hidup-dan-modern/,mediaaceh.co.id,2025-11-15,high,45,startup Langsa,Aulia,,1.0,needs_review,neutral,0,0,auto,
10614,"Pemerintah Kota Langsa juga terus memberikan perhatian terhadap penataan kawasan publik, termasuk perbaikan fasilitas, penerangan, hingga penambahan ruang hijau. Tujuannya, agar Lapangan Merdeka menjadi ruang berkumpul yang nyaman, aman, dan representatif bagi seluruh lapisan masyarakat.",Lapangan Merdeka Kota Langsa: Jantung Aktivitas Warga yang Semakin Hidup dan Modern,https://mediaaceh.co.id/lapangan-merdeka-kota-langsa-jantung-aktivitas-warga-yang-semakin-hidup-dan-modern/,mediaaceh.co.id,2025-11-15,high,35,startup Langsa,Aulia,,2.0,needs_review,neutral,0,0,auto,
10665,"Aceh Barat, Aceh Bisnis - Berdiri megah di pusat Kota Meulaboh, Tugu Kupiah Meuketop tidak hanya menjadi penanda ruang kota, tetapi juga simbol kuat identitas budaya dan sejarah masyarakat Aceh Barat. Kini, keberadaannya kian dikenal sebagai salah satu destinasi wisata kota yang banyak dikunjungi warga maupun wisatawan.","Tugu Kupiah Meuketop, Simbol Identitas Aceh Barat di Jantung Meulaboh",https://www.acehbisnis.com/news/tugu-kupiah-meuketop-simbol-identitas-aceh-barat-di-jantung-meulaboh/index.html,acehbisnis.com,2026-04-21,high,47,bisnis digital Meulaboh,Aulia,,2.0,needs_review,neutral,0,0,auto,
10666,"Kupiah meuketop sendiri merupakan penutup kepala tradisional khas Aceh yang sarat makna. Dalam sejarah, atribut ini identik dengan kepemimpinan, keberanian, dan kewibawaan. Salah satu tokoh yang lekat dengan simbol tersebut adalah pahlawan nasional Teuku Umar, yang dikenal gigih melawan penjajah hingga gugur sebagai syuhada.","Tugu Kupiah Meuketop, Simbol Identitas Aceh Barat di Jantung Meulaboh",https://www.acehbisnis.com/news/tugu-kupiah-meuketop-simbol-identitas-aceh-barat-di-jantung-meulaboh/index.html,acehbisnis.com,2026-04-21,high,44,bisnis digital Meulaboh,Aulia,,1.0,needs_review,neutral,0,0,auto,
10667,"Tugu Kupiah Meuketop dibangun sebagai bentuk penghormatan terhadap warisan budaya tersebut sekaligus mengenang perjuangan Teuku Umar. Dengan desain yang mencolok dan artistik, monumen ini menjadi salah satu ikon visual yang mudah dikenali di kawasan pusat Kota Meulaboh.","Tugu Kupiah Meuketop, Simbol Identitas Aceh Barat di Jantung Meulaboh",https://www.acehbisnis.com/news/tugu-kupiah-meuketop-simbol-identitas-aceh-barat-di-jantung-meulaboh/index.html,acehbisnis.com,2026-04-21,high,37,bisnis digital Meulaboh,Aulia,,1.0,needs_review,neutral,0,0,auto,
10668,"Duta Wisata Kabupaten Aceh Barat, Puja Rahma Kusumaningrum mengatakan, tugu ini bukan sekadar bangunan fisik, melainkan representasi nilai sejarah dan identitas masyarakat.","Tugu Kupiah Meuketop, Simbol Identitas Aceh Barat di Jantung Meulaboh",https://www.acehbisnis.com/news/tugu-kupiah-meuketop-simbol-identitas-aceh-barat-di-jantung-meulaboh/index.html,acehbisnis.com,2026-04-21,high,22,bisnis digital Meulaboh,Aulia,,0.0,needs_review,neutral,0,0,auto,
10669,"Tugu Kupiah Meuketop adalah simbol identitas masyarakat Aceh Barat. Ini bukan hanya monumen, tetapi representasi dari sejarah, keberanian, dan nilai-nilai yang diwariskan oleh para pendahulu, ujar Puja Rahma beberapa waktu lalu di Aceh Barat.","Tugu Kupiah Meuketop, Simbol Identitas Aceh Barat di Jantung Meulaboh",https://www.acehbisnis.com/news/tugu-kupiah-meuketop-simbol-identitas-aceh-barat-di-jantung-meulaboh/index.html,acehbisnis.com,2026-04-21,high,34,bisnis digital Meulaboh,Aulia,,0.0,needs_review,neutral,0,0,auto,
10670,"Menurutnya, keberadaan tugu ini juga menjadi sarana edukasi bagi generasi muda agar lebih mengenal sejarah lokal di tengah derasnya arus modernisasi.","Tugu Kupiah Meuketop, Simbol Identitas Aceh Barat di Jantung Meulaboh",https://www.acehbisnis.com/news/tugu-kupiah-meuketop-simbol-identitas-aceh-barat-di-jantung-meulaboh/index.html,acehbisnis.com,2026-04-21,medium,21,bisnis digital Meulaboh,Aulia,,1.0,needs_review,neutral,0,0,auto,
10671,"Generasi muda perlu memahami bahwa kupiah meuketop bukan sekadar atribut budaya, tetapi memiliki makna mendalam tentang kepemimpinan dan perjuangan, katanya.","Tugu Kupiah Meuketop, Simbol Identitas Aceh Barat di Jantung Meulaboh",https://www.acehbisnis.com/news/tugu-kupiah-meuketop-simbol-identitas-aceh-barat-di-jantung-meulaboh/index.html,acehbisnis.com,2026-04-21,medium,20,bisnis digital Meulaboh,Aulia,,1.0,needs_review,neutral,0,0,auto,
10672,"Letaknya yang strategis di pusat kota membuat Tugu Kupiah Meuketop mudah diakses. Hal ini turut menjadikannya salah satu titik aktivitas masyarakat, baik untuk wisata maupun kegiatan sosial.","Tugu Kupiah Meuketop, Simbol Identitas Aceh Barat di Jantung Meulaboh",https://www.acehbisnis.com/news/tugu-kupiah-meuketop-simbol-identitas-aceh-barat-di-jantung-meulaboh/index.html,acehbisnis.com,2026-04-21,medium,27,bisnis digital Meulaboh,Aulia,,1.0,needs_review,neutral,1,0,auto,
10673,"Seiring waktu, kawasan di sekitar tugu berkembang menjadi ruang publik yang hidup. Warga memanfaatkannya untuk bersantai, berkumpul, hingga berolahraga ringan. Pada sore hingga malam hari, kawasan ini semakin ramai, terutama setelah lampu-lampu hias mulai menerangi monumen dan menciptakan suasana yang estetik.","Tugu Kupiah Meuketop, Simbol Identitas Aceh Barat di Jantung Meulaboh",https://www.acehbisnis.com/news/tugu-kupiah-meuketop-simbol-identitas-aceh-barat-di-jantung-meulaboh/index.html,acehbisnis.com,2026-04-21,medium,41,bisnis digital Meulaboh,Aulia,,2.0,needs_review,positive,2,0,auto,
10674,"Tak sedikit anak muda menjadikan tugu ini sebagai lokasi berfoto, sementara wisatawan menjadikannya salah satu titik singgah saat berkunjung ke Meulaboh.","Tugu Kupiah Meuketop, Simbol Identitas Aceh Barat di Jantung Meulaboh",https://www.acehbisnis.com/news/tugu-kupiah-meuketop-simbol-identitas-aceh-barat-di-jantung-meulaboh/index.html,acehbisnis.com,2026-04-21,high,21,bisnis digital Meulaboh,Aulia,,1.0,needs_review,neutral,0,1,auto,
10675,"Puja menilai, Tugu Kupiah Meuketop memiliki potensi besar sebagai destinasi wisata kota berbasis sejarah dan budaya.","Tugu Kupiah Meuketop, Simbol Identitas Aceh Barat di Jantung Meulaboh",https://www.acehbisnis.com/news/tugu-kupiah-meuketop-simbol-identitas-aceh-barat-di-jantung-meulaboh/index.html,acehbisnis.com,2026-04-21,medium,16,bisnis digital Meulaboh,Aulia,,0.0,needs_review,neutral,1,0,auto,
10676,"Tempat ini sangat potensial untuk dikembangkan sebagai destinasi wisata kota. Selain aksesnya mudah, nilai sejarahnya juga kuat, ujarnya.","Tugu Kupiah Meuketop, Simbol Identitas Aceh Barat di Jantung Meulaboh",https://www.acehbisnis.com/news/tugu-kupiah-meuketop-simbol-identitas-aceh-barat-di-jantung-meulaboh/index.html,acehbisnis.com,2026-04-21,medium,18,bisnis digital Meulaboh,Aulia,,0.0,needs_review,positive,2,0,auto,
10677,Ia juga menekankan pentingnya menjaga kebersihan dan kenyamanan kawasan agar tetap menjadi ruang publik yang menarik.,"Tugu Kupiah Meuketop, Simbol Identitas Aceh Barat di Jantung Meulaboh",https://www.acehbisnis.com/news/tugu-kupiah-meuketop-simbol-identitas-aceh-barat-di-jantung-meulaboh/index.html,acehbisnis.com,2026-04-21,medium,16,bisnis digital Meulaboh,Aulia,,1.0,needs_review,neutral,0,0,auto,
10678,"Perawatan yang baik akan membuat kawasan ini semakin nyaman dan bisa bersaing dengan destinasi lain, katanya.","Tugu Kupiah Meuketop, Simbol Identitas Aceh Barat di Jantung Meulaboh",https://www.acehbisnis.com/news/tugu-kupiah-meuketop-simbol-identitas-aceh-barat-di-jantung-meulaboh/index.html,acehbisnis.com,2026-04-21,medium,16,bisnis digital Meulaboh,Aulia,,1.0,needs_review,neutral,0,0,auto,
10679,"Lebih jauh, Puja menegaskan pentingnya penguatan identitas lokal dalam pengembangan pariwisata. Pariwisata tidak hanya tentang tempat, tetapi juga tentang cerita dan identitas. Tugu ini menjadi salah satu media untuk menyampaikan itu kepada masyarakat luas, ujarnya.","Tugu Kupiah Meuketop, Simbol Identitas Aceh Barat di Jantung Meulaboh",https://www.acehbisnis.com/news/tugu-kupiah-meuketop-simbol-identitas-aceh-barat-di-jantung-meulaboh/index.html,acehbisnis.com,2026-04-21,medium,35,bisnis digital Meulaboh,Aulia,,0.0,needs_review,neutral,1,0,auto,
10680,"Keberadaan Tugu Kupiah Meuketop menunjukkan bahwa warisan budaya tidak harus tersimpan dalam ruang sejarah yang jauh, tetapi dapat hadir di tengah kehidupan masyarakat modern. Ia berdiri sebagai pengingat bahwa nilai-nilai masa lalu masih relevan dan layak dirawat.","Tugu Kupiah Meuketop, Simbol Identitas Aceh Barat di Jantung Meulaboh",https://www.acehbisnis.com/news/tugu-kupiah-meuketop-simbol-identitas-aceh-barat-di-jantung-meulaboh/index.html,acehbisnis.com,2026-04-21,medium,37,bisnis digital Meulaboh,Aulia,,1.0,needs_review,neutral,0,0,auto,
10681,"Di tengah perkembangan zaman yang cepat, Aceh Barat menghadirkan contoh bagaimana budaya dan modernitas dapat berjalan berdampingan. Tugu Kupiah Meuketop pun kini tidak hanya menjadi simbol sejarah, tetapi juga wajah kota yang menyambut setiap pengunjung yang datang ke Meulaboh.(adv)","Tugu Kupiah Meuketop, Simbol Identitas Aceh Barat di Jantung Meulaboh",https://www.acehbisnis.com/news/tugu-kupiah-meuketop-simbol-identitas-aceh-barat-di-jantung-meulaboh/index.html,acehbisnis.com,2026-04-21,high,39,bisnis digital Meulaboh,Aulia,,1.0,needs_review,neutral,1,0,auto,
10701,"REPUBLIKA.CO.ID, MEULABOH, Petugas Badan Penanggulangan Bencana Daerah (BPBD) Kabupaten Aceh Barat melakukan evakuasi sarang tawon dari sebuah rumah warga di Jalan Swadaya, Meulaboh, pada Senin malam. Tindakan ini diambil untuk mengantisipasi potensi korban akibat sengatan serangga yang telah meresahkan penghuni dan warga sekitar.",BPBD Aceh Barat Evakuasi Sarang Tawon Resahkan Warga Meulaboh,https://news.republika.co.id/berita/th1mlg8230000/bpbd-aceh-barat-evakuasi-sarang-tawon-resahkan-warga-meulaboh,news.republika.co.id,2026-06-23,high,43,bisnis digital Meulaboh,Aulia,,0.0,needs_review,neutral,1,0,auto,
10702,"Pelaksana Tugas (Plt) Kepala BPBD Aceh Barat, Teuku Ronal, menjelaskan bahwa operasi evakuasi sengaja dilakukan pada malam hari. Keputusan ini mempertimbangkan karakteristik tawon yang cenderung kurang agresif dan berkumpul di sarangnya saat kondisi gelap.",BPBD Aceh Barat Evakuasi Sarang Tawon Resahkan Warga Meulaboh,https://news.republika.co.id/berita/th1mlg8230000/bpbd-aceh-barat-evakuasi-sarang-tawon-resahkan-warga-meulaboh,news.republika.co.id,2026-06-23,high,34,bisnis digital Meulaboh,Aulia,,0.0,needs_review,neutral,0,1,auto,
10703,"""Evakuasi ini dilakukan guna mengantisipasi adanya korban akibat sengatan tawon yang meresahkan penghuni rumah dan warga sekitar,"" kata Teuku Ronal dalam keterangannya.",BPBD Aceh Barat Evakuasi Sarang Tawon Resahkan Warga Meulaboh,https://news.republika.co.id/berita/th1mlg8230000/bpbd-aceh-barat-evakuasi-sarang-tawon-resahkan-warga-meulaboh,news.republika.co.id,2026-06-23,medium,22,bisnis digital Meulaboh,Aulia,,0.0,needs_review,neutral,0,0,auto,
10704,Penanganan pada malam hari juga diharapkan dapat meminimalkan risiko bagi masyarakat di sekitar lokasi kejadian. Strategi ini dipilih untuk menghindari gigitan berbahaya yang dapat mengancam keselamatan warga setempat.,BPBD Aceh Barat Evakuasi Sarang Tawon Resahkan Warga Meulaboh,https://news.republika.co.id/berita/th1mlg8230000/bpbd-aceh-barat-evakuasi-sarang-tawon-resahkan-warga-meulaboh,news.republika.co.id,2026-06-23,medium,28,bisnis digital Meulaboh,Aulia,,0.0,needs_review,neutral,0,1,auto,
10705,"Dalam operasi penyelamatan ini, BPBD Aceh Barat menurunkan tiga personel yang memiliki kualifikasi khusus dalam penanganan satwa dan serangga berbahaya. Mereka adalah Irvarinal, Kamaruddin, dan Zamzami.",BPBD Aceh Barat Evakuasi Sarang Tawon Resahkan Warga Meulaboh,https://news.republika.co.id/berita/th1mlg8230000/bpbd-aceh-barat-evakuasi-sarang-tawon-resahkan-warga-meulaboh,news.republika.co.id,2026-06-23,high,26,bisnis digital Meulaboh,Aulia,,0.0,needs_review,neutral,0,1,auto,
10706,"Dengan menggunakan perlengkapan pelindung diri yang memadai, tim berhasil menurunkan sarang tawon tersebut dengan aman. Proses evakuasi berlangsung tanpa menimbulkan kepanikan di area pemukiman padat penduduk.",BPBD Aceh Barat Evakuasi Sarang Tawon Resahkan Warga Meulaboh,https://news.republika.co.id/berita/th1mlg8230000/bpbd-aceh-barat-evakuasi-sarang-tawon-resahkan-warga-meulaboh,news.republika.co.id,2026-06-23,medium,26,bisnis digital Meulaboh,Aulia,,2.0,needs_review,neutral,1,1,auto,
10707,"""Alhamdulillah, berkat kesiapsiagaan dan kehati-hatian anggota di lapangan, kegiatan penanganan evakuasi sarang tawon ini berjalan dengan sangat lancar tanpa ada hambatan sama sekali. Operasi dinyatakan sukses,"" ujar Teuku Ronal.",BPBD Aceh Barat Evakuasi Sarang Tawon Resahkan Warga Meulaboh,https://news.republika.co.id/berita/th1mlg8230000/bpbd-aceh-barat-evakuasi-sarang-tawon-resahkan-warga-meulaboh,news.republika.co.id,2026-06-23,medium,29,bisnis digital Meulaboh,Aulia,,2.0,needs_review,neutral,1,1,auto,
10708,BPBD Aceh Barat juga mengimbau masyarakat untuk tidak ragu melaporkan kejadian serupa atau potensi gangguan hewan berbahaya lainnya di lingkungan tempat tinggal. Langkah ini penting demi keselamatan bersama dan memungkinkan penanganan cepat dari pihak berwenang.,BPBD Aceh Barat Evakuasi Sarang Tawon Resahkan Warga Meulaboh,https://news.republika.co.id/berita/th1mlg8230000/bpbd-aceh-barat-evakuasi-sarang-tawon-resahkan-warga-meulaboh,news.republika.co.id,2026-06-23,high,35,bisnis digital Meulaboh,Aulia,,0.0,needs_review,neutral,1,1,auto,
10718,"LANGSA, Waspada.co.id Istri pegawai honor di Satuan Polisi Pamong Praja (Satpol PP) Kota Langsa hilang secara misterius sejak Rabu 2 Oktober 2024 lalu. Hingga saat ini, Kamis (24/10), pihak keluarga belum juga mengetahui keberadaannya.","Hilang Misterius, Guru SD di Langsa Malah Kirim Pesan Voice Note Minta Dikirimi Uang",https://waspada.co.id/hilang-misterius-guru-sd-di-langsa-malah-kirim-pesan-voice-note-minta-dikirimi-uang/,waspada.co.id,2024-10-24,high,34,startup Langsa,Aulia,,0.0,needs_review,neutral,0,0,auto,
10719,Pihak keluarga telah membuat laporan ke Polres Langsa dengan nomor : Lipoh/14/X/2024/SPKT/Polres Langsa/Polda Aceh ter-tertanggal 8 Oktober 2024.,"Hilang Misterius, Guru SD di Langsa Malah Kirim Pesan Voice Note Minta Dikirimi Uang",https://waspada.co.id/hilang-misterius-guru-sd-di-langsa-malah-kirim-pesan-voice-note-minta-dikirimi-uang/,waspada.co.id,2024-10-24,high,18,startup Langsa,Aulia,,0.0,needs_review,neutral,0,0,auto,
10720,"Kami sudah buat laporan ke Polres Langsa. Saya terakhir kali mengantarkannya mengajar ke sekolah dasar negeri di Sungai Pauh Kecamatan Langsa Barat Rabu (2/10) pagi, sekitar pukul 07.15 WIB, dan sampai sekarang istri saya belum pulang, beber sang suami, Dedy Syahrial, di kediamannya di Geudubang Aceh.","Hilang Misterius, Guru SD di Langsa Malah Kirim Pesan Voice Note Minta Dikirimi Uang",https://waspada.co.id/hilang-misterius-guru-sd-di-langsa-malah-kirim-pesan-voice-note-minta-dikirimi-uang/,waspada.co.id,2024-10-24,high,46,startup Langsa,Aulia,,1.0,needs_review,neutral,0,0,auto,
10721,"Dedy menyebut, bahwa sebelum istrinya Eka Trisna Moenandar menghilang, tak ada pertengkaran berarti yang terjadi dalam hubungannya.","Hilang Misterius, Guru SD di Langsa Malah Kirim Pesan Voice Note Minta Dikirimi Uang",https://waspada.co.id/hilang-misterius-guru-sd-di-langsa-malah-kirim-pesan-voice-note-minta-dikirimi-uang/,waspada.co.id,2024-10-24,medium,17,startup Langsa,Aulia,,0.0,needs_review,neutral,0,0,auto,
10722,"Nak bilang sama ayah ya nak, siapkan uangnya biar mamak bisa pulang, bunyi voice note yang ditunjukan Dedy kepada wartawan.","Hilang Misterius, Guru SD di Langsa Malah Kirim Pesan Voice Note Minta Dikirimi Uang",https://waspada.co.id/hilang-misterius-guru-sd-di-langsa-malah-kirim-pesan-voice-note-minta-dikirimi-uang/,waspada.co.id,2024-10-24,medium,20,startup Langsa,Aulia,,1.0,needs_review,neutral,0,0,auto,
10723,"Ada upaya permintaan uang sebesar Rp10 juta. Namun kalau sekiranya ini penculikan, tidak mungkin pelaku hanya meminta Rp10 juta. Kalau memang itu permintaannya, pasti sudah kita turuti, jelasnya lagi.","Hilang Misterius, Guru SD di Langsa Malah Kirim Pesan Voice Note Minta Dikirimi Uang",https://waspada.co.id/hilang-misterius-guru-sd-di-langsa-malah-kirim-pesan-voice-note-minta-dikirimi-uang/,waspada.co.id,2024-10-24,medium,29,startup Langsa,Aulia,,2.0,needs_review,neutral,0,0,auto,
10724,"Dedy mengatakan, bahwa dia berharap agar istrinya lekas pulang karena ada anak-anak yang menanti di rumah.","Hilang Misterius, Guru SD di Langsa Malah Kirim Pesan Voice Note Minta Dikirimi Uang",https://waspada.co.id/hilang-misterius-guru-sd-di-langsa-malah-kirim-pesan-voice-note-minta-dikirimi-uang/,waspada.co.id,2024-10-24,medium,16,startup Langsa,Aulia,,0.0,needs_review,neutral,0,0,auto,
10725,"Harapan Dedy senada dengan apa yang disampaikan Kepala Dinas Pendidikan dan Kebudayaan Kota Langsa, Suhartini, yang juga merespon kabar hilangnya Eka Trisna Moenandar.","Hilang Misterius, Guru SD di Langsa Malah Kirim Pesan Voice Note Minta Dikirimi Uang",https://waspada.co.id/hilang-misterius-guru-sd-di-langsa-malah-kirim-pesan-voice-note-minta-dikirimi-uang/,waspada.co.id,2024-10-24,high,23,startup Langsa,Aulia,,1.0,needs_review,neutral,1,0,auto,
10726,Suhartini pun membenarkan bahwa kasus hilangnya Eka yang merupakan guru PPPK itu sedang dalam proses penanganan Polres Langsa. (wol/rid/d2),"Hilang Misterius, Guru SD di Langsa Malah Kirim Pesan Voice Note Minta Dikirimi Uang",https://waspada.co.id/hilang-misterius-guru-sd-di-langsa-malah-kirim-pesan-voice-note-minta-dikirimi-uang/,waspada.co.id,2024-10-24,high,19,startup Langsa,Aulia,,0.0,needs_review,neutral,0,0,auto,
10790,"KBRN Meulaboh: Di era serba digital ini, media sosial telah menjadi bagian tak terpisahkan dari kehidupan sehari-hari. Meskipun seringkali diasosiasikan dengan dampak negatif, seperti kecanduan dan penyebaran informasi palsu, media sosial juga menyimpan berbagai manfaat positif jika digunakan secara bijak. Selasa (12/8/2025).",Inilah Manfaat Positif Bermedia Sosial di Era Digital,https://rri.co.id/meulaboh/berita-lain/1765004/inilah-manfaat-positif-bermedia-sosial-di-era-digital,rri.co.id,"Tue, 12 Aug 2025 07:00:00 GMT",high,42,bisnis digital Meulaboh,Aulia,,2.0,needs_review,neutral,1,0,auto,
10791,"Salah satu manfaat utama media sosial adalah kemampuannya untuk menghubungkan orang-orang di seluruh dunia. Anda dapat dengan mudah terhubung kembali dengan teman lama, menjalin pertemanan baru dengan orang-orang yang memiliki minat serupa, bahkan membangun jaringan profesional tanpa batasan geografis. Bagi komunitas di Meulaboh dan Aceh secara luas, media sosial menjadi platform penting untuk saling berbagi informasi, memperkuat tali silaturahmi, dan mengorganisir kegiatan sosial.",Inilah Manfaat Positif Bermedia Sosial di Era Digital,https://rri.co.id/meulaboh/berita-lain/1765004/inilah-manfaat-positif-bermedia-sosial-di-era-digital,rri.co.id,"Tue, 12 Aug 2025 07:00:00 GMT",high,63,bisnis digital Meulaboh,Aulia,,2.0,needs_review,neutral,1,0,auto,
10793,"Media sosial memberikan ruang bagi individu untuk mengekspresikan diri melalui tulisan, foto, video, atau karya seni lainnya. Ini dapat menjadi outlet yang positif untuk menyalurkan kreativitas, berbagi pandangan, dan membangun personal branding. Bagi para seniman dan pengrajin di Aceh, media sosial membuka peluang untuk memamerkan karya mereka kepada audiens yang lebih luas.",Inilah Manfaat Positif Bermedia Sosial di Era Digital,https://rri.co.id/meulaboh/berita-lain/1765004/inilah-manfaat-positif-bermedia-sosial-di-era-digital,rri.co.id,"Tue, 12 Aug 2025 07:00:00 GMT",high,52,bisnis digital Meulaboh,Aulia,,1.0,needs_review,neutral,1,0,auto,
10794,"Saat menghadapi masalah atau kesulitan, media sosial dapat menjadi sumber dukungan emosional. Berbagi cerita atau meminta saran dari teman dan komunitas online dapat memberikan rasa lega dan perspektif baru. Banyak juga grup dukungan online yang hadir untuk membantu individu mengatasi masalah kesehatan mental atau tantangan hidup lainnya.",Inilah Manfaat Positif Bermedia Sosial di Era Digital,https://rri.co.id/meulaboh/berita-lain/1765004/inilah-manfaat-positif-bermedia-sosial-di-era-digital,rri.co.id,"Tue, 12 Aug 2025 07:00:00 GMT",low,47,bisnis digital Meulaboh,Aulia,,2.0,needs_review,negative,1,4,auto,
10797,"Meskipun demikian, penting untuk diingat bahwa penggunaan media sosial yang bijak adalah kunci untuk mendapatkan manfaat positifnya. Batasi waktu penggunaan, selektif dalam memilih informasi, dan selalu berinteraksi secara positif untuk memaksimalkan potensi baik dari media sosial.",Inilah Manfaat Positif Bermedia Sosial di Era Digital,https://rri.co.id/meulaboh/berita-lain/1765004/inilah-manfaat-positif-bermedia-sosial-di-era-digital,rri.co.id,"Tue, 12 Aug 2025 07:00:00 GMT",low,36,bisnis digital Meulaboh,Aulia,,2.0,needs_review,positive,2,0,auto,
10804,"Berpikir kritis menjadi kemampuan penting untuk menyaring informasi sebelum diterima sebagai kebenaran. Sikap ini mendorong seseorang untuk mempertanyakan sumber, konteks, dan tujuan dari sebuah informasi. Dengan berpikir kritis, seseorang tidak langsung bereaksi secara emosional, tetapi berusaha memahami isi pesan secara lebih rasional dan menyeluruh.",Berpikir Kritis Penting Dalam Menghadapi Informasi Digital,https://rri.co.id/meulaboh/berita-lain/2062378/berpikir-kritis-penting-dalam-menghadapi-informasi-digital,rri.co.id,"Wed, 24 Dec 2025 08:00:00 GMT",low,44,bisnis digital Meulaboh,Aulia,,0.0,needs_review,neutral,1,0,auto,
10805,"Tanpa kemampuan berpikir kritis, seseorang mudah terjebak dalam opini menyesatkan atau informasi yang dipelintir. Judul sensasional, narasi provokatif, dan potongan fakta sering digunakan untuk memengaruhi emosi pembaca. Jika tidak disikapi dengan hati-hati, informasi semacam ini dapat membentuk persepsi keliru dan memicu konflik yang sebenarnya tidak perlu.",Berpikir Kritis Penting Dalam Menghadapi Informasi Digital,https://rri.co.id/meulaboh/berita-lain/2062378/berpikir-kritis-penting-dalam-menghadapi-informasi-digital,rri.co.id,"Wed, 24 Dec 2025 08:00:00 GMT",low,46,bisnis digital Meulaboh,Aulia,,0.0,needs_review,neutral,0,0,auto,
10806,"Berpikir kritis juga membantu menjaga ketenangan dalam mengambil keputusan. Dengan memverifikasi informasi dari berbagai sumber dan melihat sudut pandang yang berbeda, seseorang dapat membedakan antara fakta dan opini. Kebiasaan ini membuat seseorang lebih bijak dalam menyikapi isu yang sedang ramai dibicarakan, tanpa ikut terseret arus emosi publik.",Berpikir Kritis Penting Dalam Menghadapi Informasi Digital,https://rri.co.id/meulaboh/berita-lain/2062378/berpikir-kritis-penting-dalam-menghadapi-informasi-digital,rri.co.id,"Wed, 24 Dec 2025 08:00:00 GMT",low,47,bisnis digital Meulaboh,Aulia,,0.0,needs_review,neutral,0,0,auto,
10807,"Pada akhirnya, berpikir kritis adalah keterampilan hidup yang semakin relevan di era digital. Kemampuan ini tidak hanya melindungi dari informasi palsu, tetapi juga membentuk cara pandang yang lebih dewasa dan bertanggung jawab. Dengan berpikir kritis, seseorang mampu menggunakan informasi sebagai alat pengetahuan, bukan sebagai sumber kebingungan atau perpecahan.",Berpikir Kritis Penting Dalam Menghadapi Informasi Digital,https://rri.co.id/meulaboh/berita-lain/2062378/berpikir-kritis-penting-dalam-menghadapi-informasi-digital,rri.co.id,"Wed, 24 Dec 2025 08:00:00 GMT",low,48,bisnis digital Meulaboh,Aulia,,2.0,needs_review,neutral,0,0,auto,
10865,"REPUBLIKA.CO.ID,MEULABOH -- Bupati Aceh Barat Haji Ramli MS menegaskan Kota Meulaboh sebagai ibu kota kabupaten setempat kini resmi memiliki julukan baru sebagai Kota Tauhid Sufi di Provinsi Aceh.",Meulaboh Resmi Miliki Julukan Baru Sebagai Kota Tauhid Sufi,https://khazanah.republika.co.id/berita/qet7g9327/meulaboh-resmi-miliki-julukan-baru-sebagai-kota-tauhid-sufi,khazanah.republika.co.id,2020-08-10,high,28,bisnis digital Meulaboh,Aulia,,1.0,needs_review,neutral,0,0,auto,
10866,"Peresmian tersebut ditandai penandatanganan prasasti oleh dirinya selaku kepala daerah bersama Pimpinan Majelis Pengajian Tauhid Tashawuf Indonesia (MPTT-I) Asia Tenggara, Abuya Syeikh Haji Amran Waly Al-Khalidy, yang dipusatkan di atas Jembatan Krueng Meureubo, Desa Pasi Pinang, Kecamatan Meureubo, Kabupaten Aceh Barat, Ahad siang (9/8).",Meulaboh Resmi Miliki Julukan Baru Sebagai Kota Tauhid Sufi,https://khazanah.republika.co.id/berita/qet7g9327/meulaboh-resmi-miliki-julukan-baru-sebagai-kota-tauhid-sufi,khazanah.republika.co.id,2020-08-10,high,44,bisnis digital Meulaboh,Aulia,,1.0,needs_review,neutral,0,0,auto,
10867,"Gapura Tauhid Sufi yang baru diresmikan hariini di Aceh Barat adalah satu-satunya di Aceh dan tidak ada di kabupaten/kota lain di Provinsi Aceh, kata Ramli MS.",Meulaboh Resmi Miliki Julukan Baru Sebagai Kota Tauhid Sufi,https://khazanah.republika.co.id/berita/qet7g9327/meulaboh-resmi-miliki-julukan-baru-sebagai-kota-tauhid-sufi,khazanah.republika.co.id,2020-08-10,high,26,bisnis digital Meulaboh,Aulia,,1.0,needs_review,neutral,0,0,auto,
10868,"Berdirinya Gapura Tauhid Sufi di Kabupaten Aceh Barat, kata bupati, membuktikan bahwa Tauhid Tashawuf memang sudah berada di hati dan sanubari masyarakat Aceh Barat.",Meulaboh Resmi Miliki Julukan Baru Sebagai Kota Tauhid Sufi,https://khazanah.republika.co.id/berita/qet7g9327/meulaboh-resmi-miliki-julukan-baru-sebagai-kota-tauhid-sufi,khazanah.republika.co.id,2020-08-10,high,24,bisnis digital Meulaboh,Aulia,,0.0,needs_review,neutral,0,0,auto,
10869,"Ia juga mengharapkan agar umat Islam di Indonesia khususnya di Aceh harus bangkit, karena menurutnya, bangkitnya Islam bukan untuk menghancurkan agama lain.",Meulaboh Resmi Miliki Julukan Baru Sebagai Kota Tauhid Sufi,https://khazanah.republika.co.id/berita/qet7g9327/meulaboh-resmi-miliki-julukan-baru-sebagai-kota-tauhid-sufi,khazanah.republika.co.id,2020-08-10,high,22,bisnis digital Meulaboh,Aulia,,0.0,needs_review,neutral,0,0,auto,
10870,"Akan tetapi, justru untuk melindungi umat agama lain dan untuk menyelamatkan negara dan Bangsa Indonesia, serta untuk mewujudkan Indonesia yang adil dan makmur berdasarkan ideologi dan falsafah Pancasila.",Meulaboh Resmi Miliki Julukan Baru Sebagai Kota Tauhid Sufi,https://khazanah.republika.co.id/berita/qet7g9327/meulaboh-resmi-miliki-julukan-baru-sebagai-kota-tauhid-sufi,khazanah.republika.co.id,2020-08-10,medium,28,bisnis digital Meulaboh,Aulia,,0.0,needs_review,neutral,0,0,auto,
10871,"Saya tetap bertekad mengembangkan Tauhid Tashawuf di Aceh Barat, siapa pun yang ingin merongrong Pancasila di Aceh Barat akan berhadapan dengan Majelis Pangkajian Tauhid Tashawuf di Aceh Barat, imbuh Ramli MS.",Meulaboh Resmi Miliki Julukan Baru Sebagai Kota Tauhid Sufi,https://khazanah.republika.co.id/berita/qet7g9327/meulaboh-resmi-miliki-julukan-baru-sebagai-kota-tauhid-sufi,khazanah.republika.co.id,2020-08-10,high,31,bisnis digital Meulaboh,Aulia,,0.0,needs_review,neutral,0,0,auto,
10872,"Ia juga berpesan kepada seluruh jamaah Majelis Pangkajian Tauhid Tashawuf agar terus menjaga kekompakan, serta tidak terpengaruh adu domba oleh pihak-pihak yang ingin memecah belah persatuan dan kesatuan umat Islam.",Meulaboh Resmi Miliki Julukan Baru Sebagai Kota Tauhid Sufi,https://khazanah.republika.co.id/berita/qet7g9327/meulaboh-resmi-miliki-julukan-baru-sebagai-kota-tauhid-sufi,khazanah.republika.co.id,2020-08-10,medium,30,bisnis digital Meulaboh,Aulia,,0.0,needs_review,neutral,0,0,auto,
10873,"Suara.com - Wings Air (Lion Group) menghentikan sementara rute penerbangan ke Meulaboh (MEQ) melalui Bandara Cut Nyak Dhien, Nagan Raya, Aceh, dari Bandara Internasional Kualanmu (KNO) Sumatera Utara.","Sepi Penumpang, Wings Air Hentikan Semua Penerbangan ke Meulaboh Aceh",https://www.suara.com/bisnis/2020/03/27/135644/sepi-penumpang-wings-air-hentikan-semua-penerbangan-ke-meulaboh-aceh,suara.com,2020-03-27,high,28,bisnis digital Meulaboh,Aulia,,0.0,needs_review,neutral,0,0,auto,
10874,"Informasi yang diterima, penghentian penerbangan dari Aceh dan Sumatera Utara tersebut mulai berlaku pada 2 Maret hingga 31 Maret 2020.","Sepi Penumpang, Wings Air Hentikan Semua Penerbangan ke Meulaboh Aceh",https://www.suara.com/bisnis/2020/03/27/135644/sepi-penumpang-wings-air-hentikan-semua-penerbangan-ke-meulaboh-aceh,suara.com,2020-03-27,high,20,bisnis digital Meulaboh,Aulia,,0.0,needs_review,neutral,0,0,auto,
10875,"Penghentian sementara/pembatalan penerbangan ini karena alasan komersial, kata petugas Wings Air Meulaboh, Sunardi, Jumat (27/3/2020).","Sepi Penumpang, Wings Air Hentikan Semua Penerbangan ke Meulaboh Aceh",https://www.suara.com/bisnis/2020/03/27/135644/sepi-penumpang-wings-air-hentikan-semua-penerbangan-ke-meulaboh-aceh,suara.com,2020-03-27,high,15,bisnis digital Meulaboh,Aulia,,1.0,needs_review,neutral,0,0,auto,
10876,"Menurutnya, seluruh calon penumpang yang sudah membeli tiket penerbangan di jadwal yang sudah dibatalkan tersebut, mendapatkan pengembalian uang tiket secara penuh.","Sepi Penumpang, Wings Air Hentikan Semua Penerbangan ke Meulaboh Aceh",https://www.suara.com/bisnis/2020/03/27/135644/sepi-penumpang-wings-air-hentikan-semua-penerbangan-ke-meulaboh-aceh,suara.com,2020-03-27,medium,21,bisnis digital Meulaboh,Aulia,,1.0,needs_review,neutral,0,0,auto,
10877,"Bahkan kepada calon penumpang yang ingin mengganti jadwal penerbangan, juga dibantu pengalihan penerbangan ke jadwal lainnya atau dialihkan penerbangannnya melalui Bandara Internasional Sultan Iskandar Muda, Blang Bintang, Kabupaten Aceh Besar.","Sepi Penumpang, Wings Air Hentikan Semua Penerbangan ke Meulaboh Aceh",https://www.suara.com/bisnis/2020/03/27/135644/sepi-penumpang-wings-air-hentikan-semua-penerbangan-ke-meulaboh-aceh,suara.com,2020-03-27,high,30,bisnis digital Meulaboh,Aulia,,0.0,needs_review,neutral,0,0,auto,
10878,"Kami memohon maaf atas ketidaknyamanan ini, kata Sunardi menambahkan.","Sepi Penumpang, Wings Air Hentikan Semua Penerbangan ke Meulaboh Aceh",https://www.suara.com/bisnis/2020/03/27/135644/sepi-penumpang-wings-air-hentikan-semua-penerbangan-ke-meulaboh-aceh,suara.com,2020-03-27,medium,9,bisnis digital Meulaboh,Aulia,,0.0,needs_review,neutral,0,0,auto,
10879,"Menurutnya, alasan pembatalan penerbangan selama sepekan ke depan tersebut karena kondisi komersial dan sepinya penumpang yang terbang dari Bandara Cut Nyak Dhien sejak beberapa pekan terakhir.","Sepi Penumpang, Wings Air Hentikan Semua Penerbangan ke Meulaboh Aceh",https://www.suara.com/bisnis/2020/03/27/135644/sepi-penumpang-wings-air-hentikan-semua-penerbangan-ke-meulaboh-aceh,suara.com,2020-03-27,medium,26,bisnis digital Meulaboh,Aulia,,1.0,needs_review,neutral,0,0,auto,
10880,"Meski pun demikian, pihaknya akan meninjau kembali apakah pembatalan tersebut, akan berakhir pada akhir Maret atau pun diperpanjang kembali sesuai dengan kondisi terkini. (Antara)","Sepi Penumpang, Wings Air Hentikan Semua Penerbangan ke Meulaboh Aceh",https://www.suara.com/bisnis/2020/03/27/135644/sepi-penumpang-wings-air-hentikan-semua-penerbangan-ke-meulaboh-aceh,suara.com,2020-03-27,medium,24,bisnis digital Meulaboh,Aulia,,0.0,needs_review,neutral,0,0,auto,
10934,"REPUBLIKA.CO.ID, MEULABOH -- Sebanyak 1.250 polisi dan personel TNI disiapkan untuk mengawal kunjungan kerja Presiden Joko Widodo (Jokowi) ke Meulaboh, Provinsi Aceh yang dijadwalkan pada Kamis (16/7) pagi.",1.250 Personel Amankan Jokowi ke Meulaboh,https://news.republika.co.id/berita/nrixqp/1250-personel-amankan-jokowi-ke-meulaboh,news.republika.co.id,2015-07-15,high,28,bisnis digital Meulaboh,Aulia,,0.0,needs_review,neutral,0,0,auto,
10935,"Kepala Staf Resor Militer (Kasrem) 012 Teuku Umar (TU) Let Kol Inf Puguh Suwinto di Meulaboh, Rabu (15/7), mengatakan bahwa kesiapan pegamanan Presiden Jokowi sudah maksimal mulai dari pengamanan Bandar Cut Nyak Dhien Meulaboh sampai ke lokasi kampung nelayan yang akan dikunjunginya.",1.250 Personel Amankan Jokowi ke Meulaboh,https://news.republika.co.id/berita/nrixqp/1250-personel-amankan-jokowi-ke-meulaboh,news.republika.co.id,2015-07-15,high,42,bisnis digital Meulaboh,Aulia,,0.0,needs_review,neutral,0,0,auto,
10936,"""Presiden dijadwalkan mengunjungi kampung nelayan dan kita sudah menyiapkan lima titik obyek akan digelar pasukan TNI, Polri di sana sekitar 1.250 orang sudah disiapkan,"" katanya.",1.250 Personel Amankan Jokowi ke Meulaboh,https://news.republika.co.id/berita/nrixqp/1250-personel-amankan-jokowi-ke-meulaboh,news.republika.co.id,2015-07-15,medium,25,bisnis digital Meulaboh,Aulia,,0.0,needs_review,neutral,0,0,auto,
10937,"Hal itu disampaikan di sela-sela apel kesiapan operasional pasukan pengamanan dalam rangka kunjungan kerja Presiden Jokowi di lapangan Teuku Umar Meulaboh, Kecamatan Johan Pahlawan. Apel ini juga diikuti prajurit TNI, Polri, Satuan Polisi Pamong Praja (Satpol PP), Perhubungan dari wilayah hukum Aceh Barat dan Nagan Raya.",1.250 Personel Amankan Jokowi ke Meulaboh,https://news.republika.co.id/berita/nrixqp/1250-personel-amankan-jokowi-ke-meulaboh,news.republika.co.id,2015-07-15,high,46,bisnis digital Meulaboh,Aulia,,2.0,needs_review,neutral,0,0,auto,
10938,"Presiden Jokowi setibanya di Bandara Sultan Iskandar Muda di Banda Aceh akan langsung ke Bandara Cut Nyak Dhien Meulaboh, Nagan Raya, dan akan disambut oleh pejabat dan masyarakat. Ia kemudian berangkat menuju Kabupaten Aceh Barat.",1.250 Personel Amankan Jokowi ke Meulaboh,https://news.republika.co.id/berita/nrixqp/1250-personel-amankan-jokowi-ke-meulaboh,news.republika.co.id,2015-07-15,high,35,bisnis digital Meulaboh,Aulia,,0.0,needs_review,neutral,0,0,auto,
10939,"""Titik pertama penjagaan di bandara, kemudian dari sana Bapak Presiden menuju kampung nelayan di Suak Bakong, kemudian dilanjutkan dengan shalat berjamaah di Masjid Aahlusunnah wal jamaah Babussalam,"" katanya.",1.250 Personel Amankan Jokowi ke Meulaboh,https://news.republika.co.id/berita/nrixqp/1250-personel-amankan-jokowi-ke-meulaboh,news.republika.co.id,2015-07-15,medium,28,bisnis digital Meulaboh,Aulia,,0.0,needs_review,neutral,0,0,auto,
10940,"Ia mengatakan, rencana titik lokasi kunjungan tersebut bersifat tentatif, disesuaikan dengan keinginan Presiden Jokowi.",1.250 Personel Amankan Jokowi ke Meulaboh,https://news.republika.co.id/berita/nrixqp/1250-personel-amankan-jokowi-ke-meulaboh,news.republika.co.id,2015-07-15,medium,14,bisnis digital Meulaboh,Aulia,,0.0,needs_review,neutral,0,0,auto,
10941,"Setelah berkunjung ke Meulaboh, Presiden dijadwalkan bertolak kembali ke Banda Aceh untuk melaksanakan malam takbiran Idul Fitri 1436 Hijriah, kemudian paginya menjalankan Shalat Id di Masjid Baitul Rahman, Banda Aceh.",1.250 Personel Amankan Jokowi ke Meulaboh,https://news.republika.co.id/berita/nrixqp/1250-personel-amankan-jokowi-ke-meulaboh,news.republika.co.id,2015-07-15,high,30,bisnis digital Meulaboh,Aulia,,0.0,needs_review,neutral,0,0,auto,
10942,"""Pengamanan kita juga diperbantukan dari Kodam Iskandar Muda, sniper juga di beberapa titik lokasi sudah ditempatkan dan yang tahu itu adalah komando wilayah masing-masing,"" katanya menambahkan.",1.250 Personel Amankan Jokowi ke Meulaboh,https://news.republika.co.id/berita/nrixqp/1250-personel-amankan-jokowi-ke-meulaboh,news.republika.co.id,2015-07-15,medium,26,bisnis digital Meulaboh,Aulia,,0.0,needs_review,neutral,0,0,auto,
11025,"KBRN, Meulaboh: Menjadi orang sukses di usia muda merupakan hal yang butuh pengorbanan. Setiap cerita kesuksesan berawal dari kemauan yang kuat dan usaha keras tanpa kenal lelah.",Kiat Sukses Membangun Usaha Diusia Muda,https://rri.co.id/meulaboh/ekonomi/bisnis/530886/kiat-sukses-membangun-usaha-diusia-muda,rri.co.id,"Thu, 25 Jan 2024 08:00:00 GMT",high,27,bisnis digital Meulaboh,Aulia,,2.0,needs_review,neutral,1,0,auto,
11026,"Irma Yulia (30) Entrepreneur muda, Owner Zee Drink yaitu sebuah usaha minuman kekinian Meulaboh, berbagi tips kiat sukses menjalankan bisnisnya sejak tahun 2019 dalam acara dialog di pro2 RRI Meulaboh, Kamis (25/1/2024).",Kiat Sukses Membangun Usaha Diusia Muda,https://rri.co.id/meulaboh/ekonomi/bisnis/530886/kiat-sukses-membangun-usaha-diusia-muda,rri.co.id,"Thu, 25 Jan 2024 08:00:00 GMT",high,32,bisnis digital Meulaboh,Aulia,,2.0,needs_review,neutral,1,0,auto,
11027,"""Untuk bisa jadi orang sukses di usia muda ialah berani memulai. Apalagi jika Anda masih muda dan memiliki sejumlah ide kreatif untuk diimplementasikan, untung dan rugi dalam usaha itu ada, tapi jangan pernah down saat rugi,"" katanya dalam dialog tersebut.",Kiat Sukses Membangun Usaha Diusia Muda,https://rri.co.id/meulaboh/ekonomi/bisnis/530886/kiat-sukses-membangun-usaha-diusia-muda,rri.co.id,"Thu, 25 Jan 2024 08:00:00 GMT",low,40,bisnis digital Meulaboh,Aulia,,2.0,needs_review,neutral,1,0,auto,
11028,"Irma Yulia, meminta pelaku usaha tetap kreatif dan aktif dalam terus menjalan kan usaha. Karena ia sendiri juga pernah di posisi saat jatuh, tapi terus berkreasi kreatif jangan pernah monoton, ciptakan ide-ide terbaru.",Kiat Sukses Membangun Usaha Diusia Muda,https://rri.co.id/meulaboh/ekonomi/bisnis/530886/kiat-sukses-membangun-usaha-diusia-muda,rri.co.id,"Thu, 25 Jan 2024 08:00:00 GMT",low,33,bisnis digital Meulaboh,Aulia,,0.0,needs_review,neutral,0,0,auto,
11029,"Strategi yang paling penting adalah wajib promosi melalui media sosial, karena percuma kalau punya usaha tapi tidak pernah di promosikan. Apalagi sekarang jaman semakin canggih.",Kiat Sukses Membangun Usaha Diusia Muda,https://rri.co.id/meulaboh/ekonomi/bisnis/530886/kiat-sukses-membangun-usaha-diusia-muda,rri.co.id,"Thu, 25 Jan 2024 08:00:00 GMT",low,25,bisnis digital Meulaboh,Aulia,,0.0,needs_review,neutral,0,0,auto,
11030,"Ia berharap di Meulaboh sendiri sering mengadakan event-event UMKM, karena ini juga sangat berpengaruh untuk pelaku usaha seperti mereka. Pada ajang inilah pelaku usaha terutama minuman makanan bisa lebih mempromosikan dan semangat untuk pelaku usaha.",Kiat Sukses Membangun Usaha Diusia Muda,https://rri.co.id/meulaboh/ekonomi/bisnis/530886/kiat-sukses-membangun-usaha-diusia-muda,rri.co.id,"Thu, 25 Jan 2024 08:00:00 GMT",high,35,bisnis digital Meulaboh,Aulia,,1.0,needs_review,neutral,0,0,auto,
11077,"KBRN, Meulaboh: Ombudsman Republik Indonesia (ORI) perwakilan Aceh melakukan sinergitas dengan Perguruan tinggi termasuk UTU. Karena lembaga ini bertugas sebagai lembaga pengawasan pelayanan publik dan Perguruan Tinggi sebagai penghasil SDM berkualitas.",Rektor: UTU Siap jadi Center of Excellent,https://rri.co.id/meulaboh/regional/613025/rektor-utu-siap-jadi-center-of-excellent,rri.co.id,"Fri, 29 Mar 2024 07:00:00 GMT",high,31,bisnis digital Meulaboh,Aulia,,2.0,needs_review,neutral,0,0,auto,
11078,"Oleh karena itu ORI menggelar kuliah umum di kampus UTU pada Rabu, 27 Maret 2024.",Rektor: UTU Siap jadi Center of Excellent,https://rri.co.id/meulaboh/regional/613025/rektor-utu-siap-jadi-center-of-excellent,rri.co.id,"Fri, 29 Mar 2024 07:00:00 GMT",low,15,bisnis digital Meulaboh,Aulia,,2.0,needs_review,neutral,0,0,auto,
11079,"Prof Ishak Hasan dalam sambutannya sangat menyambut baik acara kuliah umum ini, sekaligus juga kegiatan penerimaan dan verifikasi laporan on the spot (PVL OTS).",Rektor: UTU Siap jadi Center of Excellent,https://rri.co.id/meulaboh/regional/613025/rektor-utu-siap-jadi-center-of-excellent,rri.co.id,"Fri, 29 Mar 2024 07:00:00 GMT",low,24,bisnis digital Meulaboh,Aulia,,1.0,needs_review,neutral,0,0,auto,
11080,"Kita bertekad bersama menjadikan UTU sebagai center of excellent (pusat keunggulan). Tekad civitas akademika UTU tercermin mulai dari desain bangunan dan ruang, program studi yang tersedia, juga berbagai upaya peningkatan mutu termasuk dalam penyelenggaraan layanan.",Rektor: UTU Siap jadi Center of Excellent,https://rri.co.id/meulaboh/regional/613025/rektor-utu-siap-jadi-center-of-excellent,rri.co.id,"Fri, 29 Mar 2024 07:00:00 GMT",low,35,bisnis digital Meulaboh,Aulia,,2.0,needs_review,neutral,1,0,auto,
11081,"Kami ingin UTU menjadi center of excellent, karena itu kami senang Ombudsman hadir di UTU. ujar Prof Ishak Hasan. Ia juga menjelaskan UTU terus mengembangkan diri dengan menambahkan program studi yang dibutuhkan masyarakat. Tahun lalu, kita membuka dua program studi pertama di Sumatera, yaitu Prodi Bisnis Digital dan Prodi Keselamatan dan Kesehatan Kerja, ungkapnya.",Rektor: UTU Siap jadi Center of Excellent,https://rri.co.id/meulaboh/regional/613025/rektor-utu-siap-jadi-center-of-excellent,rri.co.id,"Fri, 29 Mar 2024 07:00:00 GMT",low,54,bisnis digital Meulaboh,Aulia,,2.0,needs_review,neutral,0,0,auto,
11082,"Saya berkeyakinan, tanpa pelayanan yang paripurna yang sempurna kepada seluruh civitas akademika UTU dan mitra mitra strategis UTU, maka UTU tidak akan bisa melaksanakan tugas dan fungsinya sebagai lembaga pendidikan tinggi yang akan memberikan pelayanan pendidikan tinggi kepada masyarakat dan bangsa Indonesia pada umumnya, ucap Rektor.",Rektor: UTU Siap jadi Center of Excellent,https://rri.co.id/meulaboh/regional/613025/rektor-utu-siap-jadi-center-of-excellent,rri.co.id,"Fri, 29 Mar 2024 07:00:00 GMT",low,46,bisnis digital Meulaboh,Aulia,,2.0,needs_review,neutral,1,0,auto,
11083,Rektor juga menyampaikan bahwa seluk beluk Ombudsman masih sedikit diketahui mahasiswa. Ia berharap melalui kuliah umum ini dapat membuka mata para mahasiswa agar memiliki pemahaman holistik tentang Ombudsman,Rektor: UTU Siap jadi Center of Excellent,https://rri.co.id/meulaboh/regional/613025/rektor-utu-siap-jadi-center-of-excellent,rri.co.id,"Fri, 29 Mar 2024 07:00:00 GMT",low,28,bisnis digital Meulaboh,Aulia,,2.0,needs_review,neutral,0,1,auto,
11097,"KBRN, Meulaboh: Bubur Manekro semakin diminati masyarakat. Terutama karena kualitas dan cita rasanya yang begitu menggugah selera.",Bubur Manekro Semakin Diminati Masyarakat,https://rri.co.id/meulaboh/bisnis/551711/bubur-manekro-semakin-diminati-masyarakat,rri.co.id,"Sat, 10 Feb 2024 08:00:00 GMT",high,17,bisnis digital Meulaboh,Aulia,,0.0,needs_review,neutral,0,0,auto,
11098,"""Selain ada peminat, kami juga menjaga cita rasa, sehingga pelanggan semakin ramai, makanya kami masih bisa bertahan dan berkembang sampai hari ini, kata Peni Adria S pemilik usaha Bubur Manekro, kepada rri.co.id. Sabtu (10/02/2024).",Bubur Manekro Semakin Diminati Masyarakat,https://rri.co.id/meulaboh/bisnis/551711/bubur-manekro-semakin-diminati-masyarakat,rri.co.id,"Sat, 10 Feb 2024 08:00:00 GMT",low,34,bisnis digital Meulaboh,Aulia,,2.0,needs_review,neutral,1,0,auto,
11099,"Bubur Manekro berganti nama yang sebelumnya nama usaha tersebut Bubur Aceh, disebabkan sebulan lebih sudah, dirinya membuka cabang di Banda Aceh juga dengan nama Bubur Manekro, agar konsumen mengetahui usaha tersebut cabang dari Meulaboh.",Bubur Manekro Semakin Diminati Masyarakat,https://rri.co.id/meulaboh/bisnis/551711/bubur-manekro-semakin-diminati-masyarakat,rri.co.id,"Sat, 10 Feb 2024 08:00:00 GMT",high,34,bisnis digital Meulaboh,Aulia,,2.0,needs_review,neutral,0,0,auto,
11100,"""Alhamdulillah baru jalan dua bulan kami buka cabang di Banda Aceh, dan rencana kami juga akan buka cabang di Nagan Raya, kami mulai buka pukul tujuh pagi, bahkan bisa sampai malam,"" ujar Peni.",Bubur Manekro Semakin Diminati Masyarakat,https://rri.co.id/meulaboh/bisnis/551711/bubur-manekro-semakin-diminati-masyarakat,rri.co.id,"Sat, 10 Feb 2024 08:00:00 GMT",high,33,bisnis digital Meulaboh,Aulia,,0.0,needs_review,neutral,0,0,auto,
11101,"Pengusaha kelahiran Nagan Raya yang juga Aparatur Sipil Negara yang bekerja di Puskesmas ini mengatakan, sampai saat ini kanji rumi ayam kampung masih yang paling banyak diminati konsumen, baik konsumen di Meulaboh maupun di Banda Aceh.",Bubur Manekro Semakin Diminati Masyarakat,https://rri.co.id/meulaboh/bisnis/551711/bubur-manekro-semakin-diminati-masyarakat,rri.co.id,"Sat, 10 Feb 2024 08:00:00 GMT",high,36,bisnis digital Meulaboh,Aulia,,2.0,needs_review,neutral,0,0,auto,
11102,"Usaha satu-satunya di Meulaboh ini sudah berjalan empat belas tahun lamanya dengan menyajikan enam varian rasa mulai dari harga Rp8.000 hingga Rp 15.000. Diantaranya bubur ketan hitam, bubur kacang hijau, bubur jagung, sumsum biji salak, kanji rumi udang dan kanji rumi ayam kampung.",Bubur Manekro Semakin Diminati Masyarakat,https://rri.co.id/meulaboh/bisnis/551711/bubur-manekro-semakin-diminati-masyarakat,rri.co.id,"Sat, 10 Feb 2024 08:00:00 GMT",high,43,bisnis digital Meulaboh,Aulia,,1.0,needs_review,neutral,0,0,auto,
11103,"Peni mengaku omset perharinya bisa mencapai Rp 2.000.000 sampai Rp.3.000.000 per harinya, dirinya harus mengeluarkan biaya sewa tempat Rp. 25.000.000 per dua tahun. Bubur Manekro sebelumnya awal buka di seputaran jalan Teuku Umar, tepatnya di bundaran Taman Hijrah Desa Panggong Kecamatan Johan Pahlawan Kabupaten Aceh Barat.",Bubur Manekro Semakin Diminati Masyarakat,https://rri.co.id/meulaboh/bisnis/551711/bubur-manekro-semakin-diminati-masyarakat,rri.co.id,"Sat, 10 Feb 2024 08:00:00 GMT",high,46,bisnis digital Meulaboh,Aulia,,2.0,needs_review,neutral,0,0,auto,
11104,"Aceh - Sebanyak 9 orang pemain game judi online Di Meulaboh, Kabupaten Aceh Barat diciduk petugas gabungan dari Polres, POM, Satpol PP dan Polisi Syariat Islam.",Petugas Gabungan Ciduk 9 Pelaku Game Judi Online di Sejumlah Warkop Meulaboh,https://www.tvonenews.com/daerah/sumatera/48938-petugas-gabungan-ciduk-9-pelaku-game-judi-online-disejumlah-warkop-meulaboh,tvonenews.com,2022-06-22,high,26,bisnis digital Meulaboh,Aulia,,2.0,needs_review,neutral,0,0,auto,
11105,Sembilan pelaku tersebut diciduk di beberapa tempat warung kopi oleh petugas saat tengah main game dan melalukan trankssi.,Petugas Gabungan Ciduk 9 Pelaku Game Judi Online di Sejumlah Warkop Meulaboh,https://www.tvonenews.com/daerah/sumatera/48938-petugas-gabungan-ciduk-9-pelaku-game-judi-online-disejumlah-warkop-meulaboh,tvonenews.com,2022-06-22,medium,18,bisnis digital Meulaboh,Aulia,,0.0,needs_review,neutral,0,0,auto,
11106,"Kasat Reskrim Polred Aceh Barat, AKP Riski Adrian mengatakan ini adalah komitmennya dalam memberantas penyakit masyarakat teruma game judi online (Higgs Domino) yang sudah sangat meresahkan warga.",Petugas Gabungan Ciduk 9 Pelaku Game Judi Online di Sejumlah Warkop Meulaboh,https://www.tvonenews.com/daerah/sumatera/48938-petugas-gabungan-ciduk-9-pelaku-game-judi-online-disejumlah-warkop-meulaboh,tvonenews.com,2022-06-22,high,27,bisnis digital Meulaboh,Aulia,,2.0,needs_review,neutral,0,0,auto,
11107,Pemberantas ini juga atas harapan warga di Hut Bhayangkara yang ke - 76 Polri mampu menghilangkan pratek judi online di kawasan setempat.,Petugas Gabungan Ciduk 9 Pelaku Game Judi Online di Sejumlah Warkop Meulaboh,https://www.tvonenews.com/daerah/sumatera/48938-petugas-gabungan-ciduk-9-pelaku-game-judi-online-disejumlah-warkop-meulaboh,tvonenews.com,2022-06-22,medium,22,bisnis digital Meulaboh,Aulia,,2.0,needs_review,neutral,1,1,auto,
11108,"""Ada 9 orang pelaku judi online yang kita ciduk saat sedang main dan melakukan traksaksi di sejumlah titik di dalam Kabupaten Aceh Barat,"" kata Kasat Reskrim. Pada Rabu (22/6/2022).",Petugas Gabungan Ciduk 9 Pelaku Game Judi Online di Sejumlah Warkop Meulaboh,https://www.tvonenews.com/daerah/sumatera/48938-petugas-gabungan-ciduk-9-pelaku-game-judi-online-disejumlah-warkop-meulaboh,tvonenews.com,2022-06-22,high,29,bisnis digital Meulaboh,Aulia,,2.0,needs_review,neutral,0,0,auto,
11109,"Riski juga menambahkan, semua pelaku sudah diamankan di Mapolres Aceh Barat guna dilakukan pemeriksaan lebih lanjut.",Petugas Gabungan Ciduk 9 Pelaku Game Judi Online di Sejumlah Warkop Meulaboh,https://www.tvonenews.com/daerah/sumatera/48938-petugas-gabungan-ciduk-9-pelaku-game-judi-online-disejumlah-warkop-meulaboh,tvonenews.com,2022-06-22,high,16,bisnis digital Meulaboh,Aulia,,0.0,needs_review,neutral,0,0,auto,
11110,"""Semaua pelaku sudah kita amankan di Polres, nanti akan kita beri saksi sosial dan membuat surat pernyataan serta kita minta keluarganya untuk datang menjemput,"" jelasnya.",Petugas Gabungan Ciduk 9 Pelaku Game Judi Online di Sejumlah Warkop Meulaboh,https://www.tvonenews.com/daerah/sumatera/48938-petugas-gabungan-ciduk-9-pelaku-game-judi-online-disejumlah-warkop-meulaboh,tvonenews.com,2022-06-22,medium,25,bisnis digital Meulaboh,Aulia,,0.0,needs_review,neutral,0,0,auto,
11111,Pelaku judi online yang diciduk petugas gabungan adalah RA (33) EPW (29) EY (40) JU (40) RDP (28) ES (32) RQ (20) DI (24) dan RM (24).,Petugas Gabungan Ciduk 9 Pelaku Game Judi Online di Sejumlah Warkop Meulaboh,https://www.tvonenews.com/daerah/sumatera/48938-petugas-gabungan-ciduk-9-pelaku-game-judi-online-disejumlah-warkop-meulaboh,tvonenews.com,2022-06-22,medium,27,bisnis digital Meulaboh,Aulia,,2.0,needs_review,neutral,0,0,auto,
11112,Kasat Reskim juga mengimbau warga yang selama ini sudah kecanduan main game judi online segera berhenti.,Petugas Gabungan Ciduk 9 Pelaku Game Judi Online di Sejumlah Warkop Meulaboh,https://www.tvonenews.com/daerah/sumatera/48938-petugas-gabungan-ciduk-9-pelaku-game-judi-online-disejumlah-warkop-meulaboh,tvonenews.com,2022-06-22,medium,16,bisnis digital Meulaboh,Aulia,,2.0,needs_review,neutral,0,0,auto,
11113,"""Sekarang kita masih memberikan sanksi sosial, namun jika masih kedepan maka pelaku akan terancam cambuk,"" tegas AKP Riski. (Kha/ree)",Petugas Gabungan Ciduk 9 Pelaku Game Judi Online di Sejumlah Warkop Meulaboh,https://www.tvonenews.com/daerah/sumatera/48938-petugas-gabungan-ciduk-9-pelaku-game-judi-online-disejumlah-warkop-meulaboh,tvonenews.com,2022-06-22,medium,19,bisnis digital Meulaboh,Aulia,,0.0,needs_review,neutral,0,0,auto,
11481,"Kemerdekaan sejati juga tercermin ketika masyarakat terlindungi dan memiliki akses terhadap obat dan makanan yang aman, bermutu, dan tepercaya. Karena itu, perlindungan masyarakat membutuhkan pengawasan yang kuat serta keterlibatan semua pihak.","Jaga Gerbang Masuk, Lindungi Masyarakat: BBPOM Aceh dan Bea Cukai Perkuat Pengawasan Obat dan Makanan",https://jaringanberitaaceh.com/berita-pilihan/jaga-gerbang-masuk-lindungi-masyarakat-bbpom-aceh-dan-bea-cukai-perkuat-pengawasan-obat-dan-makanan/,jaringanberitaaceh.com,2026-08-31,medium,31,e-commerce Aceh,Aulia,,0.0,needs_review,neutral,0,0,auto,
11482,"Salah satu topik utama yang dibahas adalah pengawasan pemasukan obat dan makanan ke dalam wilayah Indonesia. Seiring semakin mudahnya perdagangan lintas negara, termasuk melalui platform e-commerce dan jasa titip, pengawasan pada pintu masuk Indonesia menjadi semakin penting untuk mencegah masuknya produk ilegal atau produk yang tidak memenuhi persyaratan keamanan dan mutu.","Jaga Gerbang Masuk, Lindungi Masyarakat: BBPOM Aceh dan Bea Cukai Perkuat Pengawasan Obat dan Makanan",https://jaringanberitaaceh.com/berita-pilihan/jaga-gerbang-masuk-lindungi-masyarakat-bbpom-aceh-dan-bea-cukai-perkuat-pengawasan-obat-dan-makanan/,jaringanberitaaceh.com,2026-08-31,medium,51,e-commerce Aceh,Aulia,,5.0,needs_review,neutral,0,0,auto,
11484,"SKI Border merupakan persetujuan pemasukan barang yang wajib dipenuhi sebelum barang dikeluarkan dari kawasan pabean, sedangkan SKI Post Border merupakan persetujuan pemasukan yang dapat dipenuhi sebelum atau setelah barang dikeluarkan dari kawasan pabean sesuai ketentuan yang berlaku.","Jaga Gerbang Masuk, Lindungi Masyarakat: BBPOM Aceh dan Bea Cukai Perkuat Pengawasan Obat dan Makanan",https://jaringanberitaaceh.com/berita-pilihan/jaga-gerbang-masuk-lindungi-masyarakat-bbpom-aceh-dan-bea-cukai-perkuat-pengawasan-obat-dan-makanan/,jaringanberitaaceh.com,2026-08-31,medium,37,e-commerce Aceh,Aulia,,0.0,needs_review,neutral,0,0,auto,
11485,"Pengawasan pemasukan bukan semata-mata untuk membatasi arus produk, tetapi memastikan produk yang masuk tetap memenuhi persyaratan keamanan dan mutu. Di sinilah pentingnya keseimbangan antara kemudahan berusaha dan perlindungan masyarakat.","Jaga Gerbang Masuk, Lindungi Masyarakat: BBPOM Aceh dan Bea Cukai Perkuat Pengawasan Obat dan Makanan",https://jaringanberitaaceh.com/berita-pilihan/jaga-gerbang-masuk-lindungi-masyarakat-bbpom-aceh-dan-bea-cukai-perkuat-pengawasan-obat-dan-makanan/,jaringanberitaaceh.com,2026-08-31,medium,29,e-commerce Aceh,Aulia,,2.0,needs_review,neutral,0,0,auto,
11489,"Melalui ruang diskusi tersebut, BBPOM Aceh berupaya menghadirkan informasi yang mudah dipahami sekaligus menjawab keresahan masyarakat terkait peredaran dan pemasukan obat serta makanan dari luar negeri.","Jaga Gerbang Masuk, Lindungi Masyarakat: BBPOM Aceh dan Bea Cukai Perkuat Pengawasan Obat dan Makanan",https://jaringanberitaaceh.com/berita-pilihan/jaga-gerbang-masuk-lindungi-masyarakat-bbpom-aceh-dan-bea-cukai-perkuat-pengawasan-obat-dan-makanan/,jaringanberitaaceh.com,2026-08-31,high,26,e-commerce Aceh,Aulia,,1.0,needs_review,neutral,0,0,auto,
11523,"DIALEKSIS.COM | Kutacane - Kebakaran melanda pemukiman warga di Desa Alur Baning, Kecamatan Babul Rahmah, Kabupaten Aceh Tenggara, Rabu (19/6/2024) sekitar pukul 14.02 WIB. Tercatat, 3 unit rumah jenis bangunan kayu hangus terbakar dalam insiden tersebut.",Kebakaran Hanguskan 3 Rumah di Aceh Tenggara,https://dialeksis.com/berita/kebakaran-hanguskan-3-rumah-di-aceh-tenggara/,dialeksis.com,"Wed, 19 Jun 2024 07:00:00 GMT",high,36,e-commerce Aceh,Aulia,,0.0,needs_review,neutral,0,0,auto,
11524,"Laporan dari Pusdalops-PB Badan Penanggulangan Bencana Daerah (BPBD) Aceh Tenggara menyebutkan, api berhasil dipadamkan sekitar pukul 15.15 WIB berkat upaya pemadaman yang melibatkan TNI, Polri, dan masyarakat setempat.",Kebakaran Hanguskan 3 Rumah di Aceh Tenggara,https://dialeksis.com/berita/kebakaran-hanguskan-3-rumah-di-aceh-tenggara/,dialeksis.com,"Wed, 19 Jun 2024 07:00:00 GMT",high,28,e-commerce Aceh,Aulia,,2.0,needs_review,neutral,1,0,auto,
11525,"""Api berhasil dipadamkan sekitar pukul 15.15 WIB yang dibantu oleh TNI, Polri, dan masyarakat setempat,"" bunyi laporan BPBD Aceh Tenggara diterima Dialeksis.com (19/06/2024).",Kebakaran Hanguskan 3 Rumah di Aceh Tenggara,https://dialeksis.com/berita/kebakaran-hanguskan-3-rumah-di-aceh-tenggara/,dialeksis.com,"Wed, 19 Jun 2024 07:00:00 GMT",high,23,e-commerce Aceh,Aulia,,2.0,needs_review,neutral,1,0,auto,
11526,"Akibat kebakaran, 3 rumah milik Parmadi Purba, Predi Pasaribu, dan Dani Siboya mengalami rusak berat (RB). Sebanyak 14 jiwa dari 3 kepala keluarga (KK) terdampak dan mengungsi untuk sementara.",Kebakaran Hanguskan 3 Rumah di Aceh Tenggara,https://dialeksis.com/berita/kebakaran-hanguskan-3-rumah-di-aceh-tenggara/,dialeksis.com,"Wed, 19 Jun 2024 07:00:00 GMT",medium,29,e-commerce Aceh,Aulia,,2.0,needs_review,neutral,0,1,auto,
11527,"""Dampak kejadian yaitu 3 rumah terbakar, 3 rumah rusak berat. Korban terdampak Parmadi Purba, Predi Pasaribu, dan Dani Siboya. Jumlah pengungsi 3 KK dengan 14 jiwa,"" imbuh laporan tersebut.",Kebakaran Hanguskan 3 Rumah di Aceh Tenggara,https://dialeksis.com/berita/kebakaran-hanguskan-3-rumah-di-aceh-tenggara/,dialeksis.com,"Wed, 19 Jun 2024 07:00:00 GMT",medium,29,e-commerce Aceh,Aulia,,2.0,needs_review,neutral,0,1,auto,
11528,"Kepala Pelaksana BPBD Aceh Tenggara, Mohd. Asbi menyampaikan, pihaknya telah mengerahkan 4 unit armada pemadam kebakaran dan 1 armada suplai ke lokasi untuk membantu upaya pemadaman. Penyebab kebakaran masih dalam penyelidikan lebih lanjut.",Kebakaran Hanguskan 3 Rumah di Aceh Tenggara,https://dialeksis.com/berita/kebakaran-hanguskan-3-rumah-di-aceh-tenggara/,dialeksis.com,"Wed, 19 Jun 2024 07:00:00 GMT",high,33,e-commerce Aceh,Aulia,,0.0,needs_review,neutral,0,0,auto,
11529,"""Petugas BPBD melakukan kajian cepat, mengerahkan armada damkar dan suplai ke lokasi untuk pemadaman. Penyebab kebakaran masih dalam penyelidikan,"" ungkap Asbi.",Kebakaran Hanguskan 3 Rumah di Aceh Tenggara,https://dialeksis.com/berita/kebakaran-hanguskan-3-rumah-di-aceh-tenggara/,dialeksis.com,"Wed, 19 Jun 2024 07:00:00 GMT",medium,21,e-commerce Aceh,Aulia,,0.0,needs_review,neutral,0,0,auto,
11588,"KabarTamiang.com | Aceh Tamiang - Jelang pelaksanaan Pemilihan Umum (Pemilu) Pileg dan Pilpres serentak tahun 2024 ini, kantor Dinas Kependudukan dan Pencatatan sipil (Disdukcapil) Kabupaten Aceh Tamiang dipadati warga untuk mengurus berkas dan surat-surat kependudukan.","Jelang Pemilu 2024, Pengurusan E-KTP di Disdukcapil Aceh Tamiang Meningkat",https://kabartamiang.com/news/jelang-pemilu-2024-pengurusan-e-ktp-di-disdukcapil-aceh-tamiang-meningkat/index.html,kabartamiang.com,2024-01-17,high,35,e-commerce Aceh,Aulia,,1.0,needs_review,neutral,0,0,auto,
11589,"Kepala Dinas Dukcapil Aceh Tamiang, Ir. Adi Darma mengatakan, menjelang Pemilu 14 Februari 2024 mendatang terjadi peningkatan berkisar mencapai 50 persen. ""Pemilu serentak sudah tinggal menghitung hari, saat ini Disdukcapil terus berupaya memberikan pelayanan kepada masyarakat dan dalam per harinya, bisa mencapai 350-400 berkas kependudukan yang dicetak, termasuk didalamnya, perekaman e-KTP, ganti KTP yang rusak, KK, pindah dan perubahan status dan lainnya"", ucapnya, Rabu (17/1/2024).","Jelang Pemilu 2024, Pengurusan E-KTP di Disdukcapil Aceh Tamiang Meningkat",https://kabartamiang.com/news/jelang-pemilu-2024-pengurusan-e-ktp-di-disdukcapil-aceh-tamiang-meningkat/index.html,kabartamiang.com,2024-01-17,high,65,e-commerce Aceh,Aulia,,2.0,needs_review,neutral,0,0,auto,
11590,"Untuk kondisi ini, kata Adi Darma, meningkatnya pelayanan ini sudah berlangsung sejak November 2023 lalu. ""Jelang pemilu 2024 ini, terhitung sejak Januari 2024, Dinas Dukcapil Aceh Tamiang harus menyelesaikan sebanyak 1480 perekaman e-KTP khusus bagi pemilih pemula, dan target itu harus selesai,"" ujarnya.","Jelang Pemilu 2024, Pengurusan E-KTP di Disdukcapil Aceh Tamiang Meningkat",https://kabartamiang.com/news/jelang-pemilu-2024-pengurusan-e-ktp-di-disdukcapil-aceh-tamiang-meningkat/index.html,kabartamiang.com,2024-01-17,high,43,e-commerce Aceh,Aulia,,2.0,needs_review,neutral,1,0,auto,
11591,"Sementara itu, seorang warga, Madan, yang berasal dari Kecamatan Bandar Pusaka, mengaku datang ke kantor Disdukcapil untuk membuat kartu tanda penduduk elektronik (e-KTP). ""Saya ingin buat e-KTP, karena KTP saya tulisan dan fotonya sudah tidak bisa terbaca dan sekaligus untuk berpartisipasi dalam Pemilu pada 14 Februari 2024 mendatang serta untuk keperluan administrasi lainnya,' pungkasnya. []","Jelang Pemilu 2024, Pengurusan E-KTP di Disdukcapil Aceh Tamiang Meningkat",https://kabartamiang.com/news/jelang-pemilu-2024-pengurusan-e-ktp-di-disdukcapil-aceh-tamiang-meningkat/index.html,kabartamiang.com,2024-01-17,medium,55,e-commerce Aceh,Aulia,,2.0,needs_review,neutral,0,0,auto,
11666,"Liga 1 2020 bakal menorehkan rekor dengan jarak tempuh terjauh yang melibatkan dua tim, yakni Persiraja dan Persipura. Menurut distanceworld.com, jarak antara Banda Aceh menuju Jayapura maupun sebaliknya mencapai 5119 kilometer via jalur udara. Melalui salah satu situs e-commerce, tarif paling murah dari Jayapura menuju Banda Aceh menghabiskan Rp5 juta lebih dengan tiga kali transit: Makassar, Jakarta, Medan. Biaya tersebut belum dihitung biaya yang dibutuhkan untuk perjalanan dari bandara sampai ke stadion.",Liga 1 2020 dan Away Day Terjauh di Indonesia,https://panditfootball.com/cerita/213214/PFB/200109/liga-1-2020-dan-away-day-terjauh-di-indonesia,panditfootball.com,2009-01-20,high,72,e-commerce Aceh,Aulia,,3.0,needs_review,neutral,0,0,auto,
11667,"Bagi para suporter Persipura yang hendak mendukung langsung menggunakan pesawat, dari bandara, mereka mesti menuju Kota Banda Aceh menggunakan bus atau taksi dengan durasi waktu 30 sampai 45 menit.",Liga 1 2020 dan Away Day Terjauh di Indonesia,https://panditfootball.com/cerita/213214/PFB/200109/liga-1-2020-dan-away-day-terjauh-di-indonesia,panditfootball.com,2009-01-20,high,29,e-commerce Aceh,Aulia,,0.0,needs_review,neutral,1,0,auto,
11668,"Begitu juga sebaliknya, pendukung Persiraja yang akan mendukung tim kesayangannya menuju Stadion Mandala (dari Bandara Sentani), mesti menggunakan transportasi lain untuk sampai di stadion. Dari catatan google maps, jarak Bandara Sentani menuju Stadion Mandala membutuhkan waktu 1 jam 14 menit lewat jalur darat. Dengan waktu tempuh dan jarak yang dibutuhkan, biaya akomodasi pun akan sangat mahal.",Liga 1 2020 dan Away Day Terjauh di Indonesia,https://panditfootball.com/cerita/213214/PFB/200109/liga-1-2020-dan-away-day-terjauh-di-indonesia,panditfootball.com,2009-01-20,low,56,e-commerce Aceh,Aulia,,2.0,needs_review,neutral,1,1,auto,
11669,"Sementara itu, pada musim 2019, jarak tempuh terjauh tim Liga 1 melibatkan Semen Padang dan Persipura. Masing-masing tim mesti menempuh jarak sekitar 4486 kilometer.",Liga 1 2020 dan Away Day Terjauh di Indonesia,https://panditfootball.com/cerita/213214/PFB/200109/liga-1-2020-dan-away-day-terjauh-di-indonesia,panditfootball.com,2009-01-20,low,24,e-commerce Aceh,Aulia,,0.0,needs_review,neutral,0,0,auto,
11670,"Apabila ditarik ke belakang, kompetisi tertinggi sepakbola Indonesia sempat menggunakan format dua wilayah pada 2007 saat masih bernama Divisi Utama. Setahun berikutnya, format berubah menjadi satu wilayah penuh layaknya kompetisi sepakbola Eropa.",Liga 1 2020 dan Away Day Terjauh di Indonesia,https://panditfootball.com/cerita/213214/PFB/200109/liga-1-2020-dan-away-day-terjauh-di-indonesia,panditfootball.com,2009-01-20,low,32,e-commerce Aceh,Aulia,,0.0,needs_review,neutral,0,0,auto,
11671,"Kendati demikian, pada 2014, operator Liga mengembalikan format menjadi dua wilayah. Tahun tersebut menjadi yang terakhir Liga Indonesia memakai format dua wilayah. Salah satu alasannya adalah untuk memangkas waktu tempuh serta biaya akomodasi tim-tim peserta. Namun, di sisi lain, nilai kompetitif menjadi berkurang sehingga musim 2017 hingga kini (usai sanksi FIFA dicabut) operator liga mengembalikan ke format kompetisi penuh.",Liga 1 2020 dan Away Day Terjauh di Indonesia,https://panditfootball.com/cerita/213214/PFB/200109/liga-1-2020-dan-away-day-terjauh-di-indonesia,panditfootball.com,2009-01-20,low,59,e-commerce Aceh,Aulia,,2.0,needs_review,neutral,0,1,auto,
11672,"Ketua Umum Persipura, Benhur Tommy Mano mengatakan bahwa biaya yang akan dikeluarkan timnya bakal mengalami pembengkakan seiring lawatan jauh yang akan dilalui oleh Mutiara Hitam, termasuk tandang ke markas Persiraja.",Liga 1 2020 dan Away Day Terjauh di Indonesia,https://panditfootball.com/cerita/213214/PFB/200109/liga-1-2020-dan-away-day-terjauh-di-indonesia,panditfootball.com,2009-01-20,low,30,e-commerce Aceh,Aulia,,2.0,needs_review,neutral,0,0,auto,
11673,"Kami setiap tahun mengeluarkan sekitar Rp32 miliar. Tahun depan pasti akan meningkat. Mungkin sekitar Rp45 miliar sampai Rp50 miliar. Sponsor kami kan tetap Freeport dan Bank Papua, dan soal ini akan kami sampaikan kebutuhan Persipura untuk musim depan, ucapnya sebagaimana dikutip CNN.",Liga 1 2020 dan Away Day Terjauh di Indonesia,https://panditfootball.com/cerita/213214/PFB/200109/liga-1-2020-dan-away-day-terjauh-di-indonesia,panditfootball.com,2009-01-20,low,42,e-commerce Aceh,Aulia,,2.0,needs_review,neutral,1,0,auto,
11674,"Persipura pun berharap agar operator Liga membuat jadwal yang ideal. Lebih jauh, Mutiara Hitam juga menginginkan komunikasi dua arah terkait jadwal pada kompetisi mendatang.",Liga 1 2020 dan Away Day Terjauh di Indonesia,https://panditfootball.com/cerita/213214/PFB/200109/liga-1-2020-dan-away-day-terjauh-di-indonesia,panditfootball.com,2009-01-20,low,24,e-commerce Aceh,Aulia,,0.0,needs_review,neutral,0,0,auto,
11675,"Kami ikut kompetisi ini ingin supaya ada warna bagi PSSI dan sepakbola Indonesia maju. Pasti kalau ada pertemuan akan kami usulkan [untuk membuat jadwal yang lebih adil untuk laga tandang]. Misalnya, sekali main di Kalimantan, kami selesaikan yang sana. Pasti akan diperhitungkan oleh PSSI nanti, lanjutnya.",Liga 1 2020 dan Away Day Terjauh di Indonesia,https://panditfootball.com/cerita/213214/PFB/200109/liga-1-2020-dan-away-day-terjauh-di-indonesia,panditfootball.com,2009-01-20,low,46,e-commerce Aceh,Aulia,,0.0,needs_review,neutral,0,0,auto,
11676,"Apa yang dikhawatirkan kubu Persipura beralasan. Laga Kalteng Putra vs Persela pada pekan 25 Shopee Liga 1 2019 bisa dijadikan contoh. Saat itu, Laskar Joko Tingkir yang bertindak sebagai tim tamu telah datang ke Stadion Tuah Pahoe. Namun, laga batal digelar karena disinyalir para pemain Kalteng Putra enggan bertanding lantaran gaji yang belum dibayarkan. Padahal sesuai jadwal resmi, duel semestinya tetap dilaksanakan.",Liga 1 2020 dan Away Day Terjauh di Indonesia,https://panditfootball.com/cerita/213214/PFB/200109/liga-1-2020-dan-away-day-terjauh-di-indonesia,panditfootball.com,2009-01-20,low,62,e-commerce Aceh,Aulia,,2.0,needs_review,neutral,0,1,auto,
11677,"Kami harus tetap optimistis melakukan persiapan pertandingan. Kalau kami memikirkan rumah tangga orang lain, itu tidak bagus. Saya bilang, itu urusan dia saja. Yang penting bagaimana kami bisa menjadi lebih baik, ucap Nil Maizar kala itu.",Liga 1 2020 dan Away Day Terjauh di Indonesia,https://panditfootball.com/cerita/213214/PFB/200109/liga-1-2020-dan-away-day-terjauh-di-indonesia,panditfootball.com,2009-01-20,low,36,e-commerce Aceh,Aulia,,2.0,needs_review,neutral,1,0,auto,
11678,"Away days yang akan dihadapi para pendukung Persiraja dan Persipura memang yang terjauh di Indonesia musim depan. Kendati demikian, hal tersebut terjadi pula di kompetisi sepakbola liga dunia. Sebagai perbandingan, di kompetisi A-League Australia, setiap tim yang akan menghadapi Wellington Phoneix harus terbang melintasi laut karena klub ini bermarkas di Selandia Baru. Artinya, Wellington harus menempuh jarak yang sangat jauh setiap kali bertanding.",Liga 1 2020 dan Away Day Terjauh di Indonesia,https://panditfootball.com/cerita/213214/PFB/200109/liga-1-2020-dan-away-day-terjauh-di-indonesia,panditfootball.com,2009-01-20,low,63,e-commerce Aceh,Aulia,,0.0,needs_review,neutral,0,0,auto,
11679,"Klub berjuluk The Kiwi tersebut merupakan satu-satunya klub non-Australia yang berada di divisi teratas A-League. Perth Glory misalnya, mesti menempuh 10.528 kilometer perjalanan pulang pergi saat menghadapi Wellington Phoneix, pun begitu sebaliknya.",Liga 1 2020 dan Away Day Terjauh di Indonesia,https://panditfootball.com/cerita/213214/PFB/200109/liga-1-2020-dan-away-day-terjauh-di-indonesia,panditfootball.com,2009-01-20,low,32,e-commerce Aceh,Aulia,,0.0,needs_review,neutral,0,0,auto,
11680,"Tak hanya itu, salah satu pertandingan dengan jarak terjauh terdapat pula di Liga Rusia. Sebagai negara terbesar di dunia, tim yang dulunya bernama Uni Soviet ini punya catatan away day terjauh yang terjadi pada musim 2017/2018, melibatkan SKA-Khabarovsk dan St. Petersburg.",Liga 1 2020 dan Away Day Terjauh di Indonesia,https://panditfootball.com/cerita/213214/PFB/200109/liga-1-2020-dan-away-day-terjauh-di-indonesia,panditfootball.com,2009-01-20,low,41,e-commerce Aceh,Aulia,,0.0,needs_review,neutral,0,0,auto,
11681,"Jarak yang harus ditempuh antara kedua tim penghuni Russian Premier League tersebut bahkan setara dengan lebar negara itu. SKA-Khabarovsk berlokasi di timur pulau Rusia, tak jauh dari Jepang dan semenanjung Korea. Perjalanan mereka untuk bertanding dengan St. Petersburg di pantai barat hampir mencapai jarak setengah keliling dunia, yakni 17.751 kilometer pulang-pergi alias 8775 km sekali bertanding menggunakan jalan darat atau 10 jam15 menit menggunakan pesawat.",Liga 1 2020 dan Away Day Terjauh di Indonesia,https://panditfootball.com/cerita/213214/PFB/200109/liga-1-2020-dan-away-day-terjauh-di-indonesia,panditfootball.com,2009-01-20,low,65,e-commerce Aceh,Aulia,,0.0,needs_review,neutral,0,0,auto,
11682,"Melihat jauhnya waktu tempuh dan biaya yang mahal, maka sudah sepatutnya operator Liga mengkaji serius mengenai jadwal pertandingan serta kesiapan tim. Hal ini bukan saja memberikan ketenangan kepada klub, tapi juga kepada suporter yang hendak melakukan away day. Tentu kita enggak ingin, kan, sudah memesan tiket dan mengatur schedule lantas jadwal berubah mendadak.",Liga 1 2020 dan Away Day Terjauh di Indonesia,https://panditfootball.com/cerita/213214/PFB/200109/liga-1-2020-dan-away-day-terjauh-di-indonesia,panditfootball.com,2009-01-20,low,53,e-commerce Aceh,Aulia,,2.0,needs_review,neutral,0,1,auto,
11683,"DIALEKSIS.COM | Aceh Besar - Mayat perempuan tanpa busana yang ditemukan di semak-semak hutan di kawasan Peukan Bada, Aceh Besar yang terbungkus plastik (Jas Hujan).","Penemuan Mayat Tanpa Busana, Ini Penjelasan Kapolsek Peukan Bada",https://dialeksis.com/aceh/penemuan-mayat-tanpa-busana-ini-penjelasan-kapolsek-peukan-bada/,dialeksis.com,"Thu, 16 Dec 2021 08:00:00 GMT",high,25,e-commerce Aceh,Aulia,,0.0,needs_review,neutral,0,0,auto,
11684,"Dialeksis.com, Kamis (16/12/2021) Kapolsek Peukan Bada IPDA Almunawir saat dikonfirmasi mengatakan, mayat itu sudah ditemukan 2 hari sebelumnya.","Penemuan Mayat Tanpa Busana, Ini Penjelasan Kapolsek Peukan Bada",https://dialeksis.com/aceh/penemuan-mayat-tanpa-busana-ini-penjelasan-kapolsek-peukan-bada/,dialeksis.com,"Thu, 16 Dec 2021 08:00:00 GMT",low,18,e-commerce Aceh,Aulia,,0.0,needs_review,neutral,0,0,auto,
11685,"Menurut informasi dari masyarakat, saat melintas dijalan tersebut selalu mencium bau seperti bau yang tidak sedap, ucapnya.","Penemuan Mayat Tanpa Busana, Ini Penjelasan Kapolsek Peukan Bada",https://dialeksis.com/aceh/penemuan-mayat-tanpa-busana-ini-penjelasan-kapolsek-peukan-bada/,dialeksis.com,"Thu, 16 Dec 2021 08:00:00 GMT",low,17,e-commerce Aceh,Aulia,,0.0,needs_review,neutral,0,0,auto,
11686,"Selama 2 hari masyarakat yang melintas disitu masih saja mencium bau tidak sedap, IPDA Almunawir menjelaskan, dan saat yang ketiga kalinya masyarakat yang melintas disitu penasaran dan langsung melihat asal bau tersebut.","Penemuan Mayat Tanpa Busana, Ini Penjelasan Kapolsek Peukan Bada",https://dialeksis.com/aceh/penemuan-mayat-tanpa-busana-ini-penjelasan-kapolsek-peukan-bada/,dialeksis.com,"Thu, 16 Dec 2021 08:00:00 GMT",low,32,e-commerce Aceh,Aulia,,0.0,needs_review,neutral,0,0,auto,
11687,"Awalnya masyarakat tidak mengatakan bahwa itu adalah mayat, mereka belum bisa memastikan bahwa itu mayat atau binatang, karena binatang juga bisa mengeluarkan bau tak sedap juga, kata IPDA Almunawir.","Penemuan Mayat Tanpa Busana, Ini Penjelasan Kapolsek Peukan Bada",https://dialeksis.com/aceh/penemuan-mayat-tanpa-busana-ini-penjelasan-kapolsek-peukan-bada/,dialeksis.com,"Thu, 16 Dec 2021 08:00:00 GMT",low,29,e-commerce Aceh,Aulia,,0.0,needs_review,neutral,0,0,auto,
11688,"Kemudian, IPDA Almunawir mengatakan, jadi karena masyarakat ragu, akhirnya langsung menelepon ke Polsek Peukan Bada.","Penemuan Mayat Tanpa Busana, Ini Penjelasan Kapolsek Peukan Bada",https://dialeksis.com/aceh/penemuan-mayat-tanpa-busana-ini-penjelasan-kapolsek-peukan-bada/,dialeksis.com,"Thu, 16 Dec 2021 08:00:00 GMT",low,15,e-commerce Aceh,Aulia,,0.0,needs_review,neutral,0,0,auto,
11689,"Selanjutnya kita langsung menuju ke TKP dan setelah kita crosscek kita bisa langsung memastikan bahwa itu adalah mayat, kemungkinan mayat tersebut sudah ada disitu sudah seminggu lebih, karena sudah membusuk, ujar IPDA Almunawir.","Penemuan Mayat Tanpa Busana, Ini Penjelasan Kapolsek Peukan Bada",https://dialeksis.com/aceh/penemuan-mayat-tanpa-busana-ini-penjelasan-kapolsek-peukan-bada/,dialeksis.com,"Thu, 16 Dec 2021 08:00:00 GMT",low,33,e-commerce Aceh,Aulia,,0.0,needs_review,neutral,0,0,auto,
11690,"IPDA Almunawir mengatakan dalam hal ini Polsek Peukan Bada memang bekerjasama dengan Polresta Banda Aceh dalam hal penyelidikan. Setelah kita temukan mayat tersebut, kita berkoordinasi dengan pihak polres, untuk selanjutnya dilakukan identifikasi, jelasnya.","Penemuan Mayat Tanpa Busana, Ini Penjelasan Kapolsek Peukan Bada",https://dialeksis.com/aceh/penemuan-mayat-tanpa-busana-ini-penjelasan-kapolsek-peukan-bada/,dialeksis.com,"Thu, 16 Dec 2021 08:00:00 GMT",high,33,e-commerce Aceh,Aulia,,2.0,needs_review,neutral,0,0,auto,
11691,"Dan juga kita menghubungi TNI untuk mengevakuasi mayat tersebut dan dibawa ke rumah sakit Zainal Abidin, untuk dilakukan otopsi, tambahnya.","Penemuan Mayat Tanpa Busana, Ini Penjelasan Kapolsek Peukan Bada",https://dialeksis.com/aceh/penemuan-mayat-tanpa-busana-ini-penjelasan-kapolsek-peukan-bada/,dialeksis.com,"Thu, 16 Dec 2021 08:00:00 GMT",low,20,e-commerce Aceh,Aulia,,0.0,needs_review,neutral,0,0,auto,
11692,"IPDA Almunawir mengatakan, saat ini kita sedang menunggu hasil otopsi dan mencari tahu identitas dari mayat tersebut.","Penemuan Mayat Tanpa Busana, Ini Penjelasan Kapolsek Peukan Bada",https://dialeksis.com/aceh/penemuan-mayat-tanpa-busana-ini-penjelasan-kapolsek-peukan-bada/,dialeksis.com,"Thu, 16 Dec 2021 08:00:00 GMT",low,17,e-commerce Aceh,Aulia,,0.0,needs_review,neutral,0,0,auto,
11693,"Lokasi (TKP) itu memang sering sekali orang lalu lalang untuk pergi memancing, dan memang lokasi tersebut merupakan kawasan yang sepi sekali, kalau malam memang jarang sekali ada orang yang lewat, sebutnya.","Penemuan Mayat Tanpa Busana, Ini Penjelasan Kapolsek Peukan Bada",https://dialeksis.com/aceh/penemuan-mayat-tanpa-busana-ini-penjelasan-kapolsek-peukan-bada/,dialeksis.com,"Thu, 16 Dec 2021 08:00:00 GMT",low,31,e-commerce Aceh,Aulia,,0.0,needs_review,neutral,0,0,auto,
11694,IPDA Almunawir menghimbau kepada masyarakat untuk jika menemukan hal-hal yang aneh untuk segera melapor kepada pihak kepolisian.,"Penemuan Mayat Tanpa Busana, Ini Penjelasan Kapolsek Peukan Bada",https://dialeksis.com/aceh/penemuan-mayat-tanpa-busana-ini-penjelasan-kapolsek-peukan-bada/,dialeksis.com,"Thu, 16 Dec 2021 08:00:00 GMT",low,17,e-commerce Aceh,Aulia,,0.0,needs_review,neutral,0,0,auto,
11695,"Dan juga kita menghimbau kepada perangkat Geuchik setempat untuk lebih perhatian terhadap kawasan tersebut, karena dilokasi tersebut banyak orang-orang yang datang untuk kegiatan memancing atau camping, jadi kadang-kadang orang-orang yang datang kesana tidak melapor kepada perangkat desanya, jadi kita terus menghimbau untuk kepada masyarakat untuk melapor kepada pihak kepolisian jika menemukan hal-hal yang mencurigakan, pungkasnya. [ftr]","Penemuan Mayat Tanpa Busana, Ini Penjelasan Kapolsek Peukan Bada",https://dialeksis.com/aceh/penemuan-mayat-tanpa-busana-ini-penjelasan-kapolsek-peukan-bada/,dialeksis.com,"Thu, 16 Dec 2021 08:00:00 GMT",low,56,e-commerce Aceh,Aulia,,0.0,needs_review,neutral,0,0,auto,
11715,"DIALEKSIS.COM | Aceh - Plt Kepala Dinas Pendidikan dan Kebudayaan Kabupaten Aceh Besar Agus Jumaidi MPd membuka Sosialisasi Bahaya Narkoba dan Bulying di SDN 1 Lambheu Kecamatan Darul Imarah, Kamis (5/10/2023).",Disdikbud Aceh Besar Ajak Kampanyekan Bahaya Narkoba dan Bullying,https://www.dialeksis.com/aceh/disdikbud-aceh-besar-ajak-kampanyekan-bahaya-narkoba-dan-bullying/,dialeksis.com,"Thu, 05 Oct 2023 07:00:00 GMT",high,31,e-commerce Aceh,Aulia,,1.0,needs_review,neutral,0,0,auto,
11716,"Kegiatan yang terselenggara atas kerja sama dengan Badan Narkotika Nasional (BNN) Provinsi Aceh tersebut, diikuti oleh seluruh siswa kelas VI sekolah setempat.",Disdikbud Aceh Besar Ajak Kampanyekan Bahaya Narkoba dan Bullying,https://www.dialeksis.com/aceh/disdikbud-aceh-besar-ajak-kampanyekan-bahaya-narkoba-dan-bullying/,dialeksis.com,"Thu, 05 Oct 2023 07:00:00 GMT",high,22,e-commerce Aceh,Aulia,,1.0,needs_review,neutral,1,0,auto,
11717,"Dalam sambutannya, Agus Jumaidi mengharapkan sosialisasi terkait bahaya narkoba dan bullying atau perundungan disampaikan secara sederhana agar mudah dipahami dan dimengerti oleh peserta didik.",Disdikbud Aceh Besar Ajak Kampanyekan Bahaya Narkoba dan Bullying,https://www.dialeksis.com/aceh/disdikbud-aceh-besar-ajak-kampanyekan-bahaya-narkoba-dan-bullying/,dialeksis.com,"Thu, 05 Oct 2023 07:00:00 GMT",medium,24,e-commerce Aceh,Aulia,,0.0,needs_review,neutral,0,0,auto,
11718,"""Sosialisasi ini sangat penting bagi peserta didik, sehingga diupayakan agar mudah dimengerti dan dipahami, harus disampaikan secara sederhana,"" harapnya.",Disdikbud Aceh Besar Ajak Kampanyekan Bahaya Narkoba dan Bullying,https://www.dialeksis.com/aceh/disdikbud-aceh-besar-ajak-kampanyekan-bahaya-narkoba-dan-bullying/,dialeksis.com,"Thu, 05 Oct 2023 07:00:00 GMT",medium,19,e-commerce Aceh,Aulia,,0.0,needs_review,neutral,0,0,auto,
11719,"Agus juga memberikan apresiasi kepada Kepala SDN Lambheu atas terlaksananya kegiatan tersebut, karena akan memberikan wawasan dan pengetahuan terkait narkoba dan dampaknya di kemudian hari kepada peserta didik.",Disdikbud Aceh Besar Ajak Kampanyekan Bahaya Narkoba dan Bullying,https://www.dialeksis.com/aceh/disdikbud-aceh-besar-ajak-kampanyekan-bahaya-narkoba-dan-bullying/,dialeksis.com,"Thu, 05 Oct 2023 07:00:00 GMT",medium,28,e-commerce Aceh,Aulia,,0.0,needs_review,neutral,0,0,auto,
11720,"""Untuk itu, semua pihak juga harus bersama-sama mengkampanyekan bahaya narkoba dan bullying di lingkungsn sekolah,"" pinta Agus yang juga merupakan Ketua PGRI Aceh Besar.",Disdikbud Aceh Besar Ajak Kampanyekan Bahaya Narkoba dan Bullying,https://www.dialeksis.com/aceh/disdikbud-aceh-besar-ajak-kampanyekan-bahaya-narkoba-dan-bullying/,dialeksis.com,"Thu, 05 Oct 2023 07:00:00 GMT",high,24,e-commerce Aceh,Aulia,,1.0,needs_review,neutral,0,0,auto,
11721,"Kegiatan yang berlangsung selama 1 jam lebih tersebut diisi oleh pemateri BNN Aceh Dr Marlia Sastro MHum, dan diikuti secara antusias oleh peserta didik SDN Lambheu di Aula sekolah setempat. [MCAB]",Disdikbud Aceh Besar Ajak Kampanyekan Bahaya Narkoba dan Bullying,https://www.dialeksis.com/aceh/disdikbud-aceh-besar-ajak-kampanyekan-bahaya-narkoba-dan-bullying/,dialeksis.com,"Thu, 05 Oct 2023 07:00:00 GMT",high,31,e-commerce Aceh,Aulia,,1.0,needs_review,neutral,0,0,auto,
11757,Namun harus disusun secara hati-hati agar tidak menimbulkan distorsi pada ekosistem ekonomi digital.,"Regulasi E-Commerce untuk Lindungi UMKM Harus Berbasis Ilmu, Jangan Sampai Jadi “Senjata Makan Tuan”",https://aceh.tribunnews.com/news/1016226/regulasi-e-commerce-untuk-lindungi-umkm-harus-berbasis-ilmu-jangan-sampai-jadi-senjata-makan-tuan,aceh.tribunnews.com,"Sat, 14 Mar 2026 07:00:00 GMT",low,13,e-commerce Aceh,Aulia,,2.0,needs_review,neutral,0,0,auto,
11760,Rencana tersebut mengemuka dalam rapat kerja bersama Dewan Perwakilan Rakyat (DPR) beberapa waktu lalu.,"Regulasi E-Commerce untuk Lindungi UMKM Harus Berbasis Ilmu, Jangan Sampai Jadi “Senjata Makan Tuan”",https://aceh.tribunnews.com/news/1016226/regulasi-e-commerce-untuk-lindungi-umkm-harus-berbasis-ilmu-jangan-sampai-jadi-senjata-makan-tuan,aceh.tribunnews.com,"Sat, 14 Mar 2026 07:00:00 GMT",low,14,e-commerce Aceh,Aulia,,0.0,needs_review,neutral,0,0,auto,
11762,"Peneliti SigmaPhi Indonesia Hardy R Hermawan mengatakan, langkah perlindunganUMKMmemang masuk akal.","Regulasi E-Commerce untuk Lindungi UMKM Harus Berbasis Ilmu, Jangan Sampai Jadi “Senjata Makan Tuan”",https://aceh.tribunnews.com/news/1016226/regulasi-e-commerce-untuk-lindungi-umkm-harus-berbasis-ilmu-jangan-sampai-jadi-senjata-makan-tuan,aceh.tribunnews.com,"Sat, 14 Mar 2026 07:00:00 GMT",low,11,e-commerce Aceh,Aulia,,0.0,needs_review,neutral,0,1,auto,
11763,"Namun, ia mengingatkan, kebijakan yang disusun diharapkan tidak menjadi menjadi senjata makan tuan bagi pelaku usaha yang hendak dibantu.","Regulasi E-Commerce untuk Lindungi UMKM Harus Berbasis Ilmu, Jangan Sampai Jadi “Senjata Makan Tuan”",https://aceh.tribunnews.com/news/1016226/regulasi-e-commerce-untuk-lindungi-umkm-harus-berbasis-ilmu-jangan-sampai-jadi-senjata-makan-tuan,aceh.tribunnews.com,"Sat, 14 Mar 2026 07:00:00 GMT",low,19,e-commerce Aceh,Aulia,,2.0,needs_review,neutral,0,0,auto,
11764,"Di tengah gempuran produk impor dan dinamika algoritma, negara memang harus memberikan perhatian kepadaUMKMlokal.","Regulasi E-Commerce untuk Lindungi UMKM Harus Berbasis Ilmu, Jangan Sampai Jadi “Senjata Makan Tuan”",https://aceh.tribunnews.com/news/1016226/regulasi-e-commerce-untuk-lindungi-umkm-harus-berbasis-ilmu-jangan-sampai-jadi-senjata-makan-tuan,aceh.tribunnews.com,"Sat, 14 Mar 2026 07:00:00 GMT",low,14,e-commerce Aceh,Aulia,,2.0,needs_review,neutral,0,0,auto,
11765,"Namun, kebijakan perlindungan ini harus dibangun di atas prinsip keilmuan yang kokoh, ujar Hardy lewat keterangan tertulis yang diterima Kompas.com, Rabu (4/3/2026).","Regulasi E-Commerce untuk Lindungi UMKM Harus Berbasis Ilmu, Jangan Sampai Jadi “Senjata Makan Tuan”",https://aceh.tribunnews.com/news/1016226/regulasi-e-commerce-untuk-lindungi-umkm-harus-berbasis-ilmu-jangan-sampai-jadi-senjata-makan-tuan,aceh.tribunnews.com,"Sat, 14 Mar 2026 07:00:00 GMT",low,22,e-commerce Aceh,Aulia,,2.0,needs_review,neutral,0,0,auto,
11766,"Menurut dia, salah satu godaan terbesar regulator adalah melakukan intervensi harga secara langsung.","Regulasi E-Commerce untuk Lindungi UMKM Harus Berbasis Ilmu, Jangan Sampai Jadi “Senjata Makan Tuan”",https://aceh.tribunnews.com/news/1016226/regulasi-e-commerce-untuk-lindungi-umkm-harus-berbasis-ilmu-jangan-sampai-jadi-senjata-makan-tuan,aceh.tribunnews.com,"Sat, 14 Mar 2026 07:00:00 GMT",low,13,e-commerce Aceh,Aulia,,1.0,needs_review,neutral,0,0,auto,
11768,"Hardy menjelaskan, ekonomi digital merupakan two-sided market sebagaimana dikemukakan Jean-Charles Rochet dan Jean Tirole (2003).","Regulasi E-Commerce untuk Lindungi UMKM Harus Berbasis Ilmu, Jangan Sampai Jadi “Senjata Makan Tuan”",https://aceh.tribunnews.com/news/1016226/regulasi-e-commerce-untuk-lindungi-umkm-harus-berbasis-ilmu-jangan-sampai-jadi-senjata-makan-tuan,aceh.tribunnews.com,"Sat, 14 Mar 2026 07:00:00 GMT",low,15,e-commerce Aceh,Aulia,,2.0,needs_review,neutral,0,0,auto,
11769,"Dalam model ini, platform berperan sebagai perantara yang menyeimbangkan insentif antara penjual dan pembeli.","Regulasi E-Commerce untuk Lindungi UMKM Harus Berbasis Ilmu, Jangan Sampai Jadi “Senjata Makan Tuan”",https://aceh.tribunnews.com/news/1016226/regulasi-e-commerce-untuk-lindungi-umkm-harus-berbasis-ilmu-jangan-sampai-jadi-senjata-makan-tuan,aceh.tribunnews.com,"Sat, 14 Mar 2026 07:00:00 GMT",low,14,e-commerce Aceh,Aulia,,2.0,needs_review,neutral,0,0,auto,
11844,"Banda Aceh (ANTARA) - Satreskrim Polresta Banda Aceh menangkap SA (28) asal Tangerang, Banten karena terlibat kasus dugaan penipuan pembelian mobil melalui pasar online (marketplace), korbannya warga Lueng Bata, Kota Banda Aceh.",Polresta Banda Aceh tangkap warga Tangerang karena penipuan pembelian mobil,https://aceh.antaranews.com/berita/384549/polresta-banda-aceh-tangkap-warga-tangerang-karena-penipuan-pembelian-mobil,aceh.antaranews.com,"Fri, 09 May 2025 07:00:00 GMT",high,32,marketplace Aceh,Aulia,,5.0,needs_review,neutral,0,0,auto,
11845,"""Korban Zulkiram (60), warga Lueng Bata, Banda Aceh, korban mengalami kerugian hingga Rp140 juta,"" kata Kapolresta Banda Aceh, Kombes Pol Joko Heri Purwono saat konferensi pers, di Banda Aceh, Jumat.",Polresta Banda Aceh tangkap warga Tangerang karena penipuan pembelian mobil,https://aceh.antaranews.com/berita/384549/polresta-banda-aceh-tangkap-warga-tangerang-karena-penipuan-pembelian-mobil,aceh.antaranews.com,"Fri, 09 May 2025 07:00:00 GMT",high,30,marketplace Aceh,Aulia,,1.0,needs_review,neutral,0,0,auto,
11846,"Kapolresta mengatakan, peristiwa ini terjadi pada 13 Maret 2025, setelah menerima laporan, polisi langsung melakukan penyelidikan hingga menangkap terduga pelaku yakni SA (28) di wilayah Tangerang. Tersangka sempat berpindah-pindah tempat.",Polresta Banda Aceh tangkap warga Tangerang karena penipuan pembelian mobil,https://aceh.antaranews.com/berita/384549/polresta-banda-aceh-tangkap-warga-tangerang-karena-penipuan-pembelian-mobil,aceh.antaranews.com,"Fri, 09 May 2025 07:00:00 GMT",medium,30,marketplace Aceh,Aulia,,0.0,needs_review,neutral,0,0,auto,
11847,"""Tersangka saat ini sudah tiba dibawa ke Banda Aceh untuk menjalani proses hukum atas apa yang telah diperbuat,"" ujarnya.",Polresta Banda Aceh tangkap warga Tangerang karena penipuan pembelian mobil,https://aceh.antaranews.com/berita/384549/polresta-banda-aceh-tangkap-warga-tangerang-karena-penipuan-pembelian-mobil,aceh.antaranews.com,"Fri, 09 May 2025 07:00:00 GMT",high,19,marketplace Aceh,Aulia,,2.0,needs_review,neutral,0,0,auto,
11848,"Di sisi lain, kata dia, Zulkiram menyuruh seorang temannya yakni Rangga untuk mengecek langsung kondisi mobil itu di rumah si pemilik mobil yang diketahui bernama Kusmarwoto di Kecamatan Cibodas, Tangerang.",Polresta Banda Aceh tangkap warga Tangerang karena penipuan pembelian mobil,https://aceh.antaranews.com/berita/384549/polresta-banda-aceh-tangkap-warga-tangerang-karena-penipuan-pembelian-mobil,aceh.antaranews.com,"Fri, 09 May 2025 07:00:00 GMT",medium,30,marketplace Aceh,Aulia,,0.0,needs_review,neutral,0,0,auto,
11849,"""Teman korban yang masih bersama pemilik mobil menunjukkan bukti transfer yang dikirim korban, namun pemilik mobil bilang kalau itu bukan rekeningnya dan tidak ada uang masuk, dan disini korban sadar sudah tertipu. Sempat dihubungi tapi tidak aktif lagi,"" kata Kombes Pol Joko Heri Purwono.",Polresta Banda Aceh tangkap warga Tangerang karena penipuan pembelian mobil,https://aceh.antaranews.com/berita/384549/polresta-banda-aceh-tangkap-warga-tangerang-karena-penipuan-pembelian-mobil,aceh.antaranews.com,"Fri, 09 May 2025 07:00:00 GMT",medium,44,marketplace Aceh,Aulia,,1.0,needs_review,neutral,0,0,auto,
11850,"""Jadi pelaku seolah-olah sebagai agen. Memang sebelumnya pelaku ini pernah bantu pemilik mobil menjual mobilnya, tapi itu dulu. Antara pelaku dan pemilik mobil hanya kenal sebatas jual beli mobil,"" katanya.",Polresta Banda Aceh tangkap warga Tangerang karena penipuan pembelian mobil,https://aceh.antaranews.com/berita/384549/polresta-banda-aceh-tangkap-warga-tangerang-karena-penipuan-pembelian-mobil,aceh.antaranews.com,"Fri, 09 May 2025 07:00:00 GMT",medium,30,marketplace Aceh,Aulia,,2.0,needs_review,neutral,0,0,auto,
11851,"Dalam kasus ini, lanjut dia, polisi menyita sejumlah barang bukti berupa bukti transfer ke rekening yang diberikan pelaku SA, satu ponsel, sejumlah kartu ATM serta bukti print rekening",Polresta Banda Aceh tangkap warga Tangerang karena penipuan pembelian mobil,https://aceh.antaranews.com/berita/384549/polresta-banda-aceh-tangkap-warga-tangerang-karena-penipuan-pembelian-mobil,aceh.antaranews.com,"Fri, 09 May 2025 07:00:00 GMT",medium,28,marketplace Aceh,Aulia,,0.0,needs_review,neutral,0,0,auto,
11852,"""Pelaku saat ini masih ditahan dan akan kita lakukan penyidikan lanjut. Ia dijerat dengan Pasal 378 KUHP atas kasus penipuan dengan hukuman penjara empat tahun,"" demikian Kompol Fadillah.",Polresta Banda Aceh tangkap warga Tangerang karena penipuan pembelian mobil,https://aceh.antaranews.com/berita/384549/polresta-banda-aceh-tangkap-warga-tangerang-karena-penipuan-pembelian-mobil,aceh.antaranews.com,"Fri, 09 May 2025 07:00:00 GMT",medium,28,marketplace Aceh,Aulia,,2.0,needs_review,neutral,0,0,auto,
11958,Banda Aceh (ANTARA) - Ketua Umum Dewan Pengurus Pusat Himpunan Pengusaha Santri (DPP-HIPSI) H Sulaiman Zmmengukuhkan pengurus HIPSI wilayah Aceh periode2022-2026di bawah kepemimpinan Muhammad Balia.,DPW himpunan pengusaha santri Aceh resmi dilantik,https://aceh.antaranews.com/berita/303005/dpw-himpunan-pengusaha-santri-aceh-resmi-dilantik,aceh.antaranews.com,"Thu, 01 Sep 2022 07:00:00 GMT",high,25,marketplace Aceh,Aulia,,0.0,needs_review,neutral,0,0,auto,
11959,"""Semoga pengurus bisa membina para santri untuk berusaha, maka kita mohon support dari semuanya, sehingga HIPSI lebih berkembang,"" kata Ketua DPP HIPSI H Sulaiman, di Banda Aceh, Rabu malam.",DPW himpunan pengusaha santri Aceh resmi dilantik,https://aceh.antaranews.com/berita/303005/dpw-himpunan-pengusaha-santri-aceh-resmi-dilantik,aceh.antaranews.com,"Thu, 01 Sep 2022 07:00:00 GMT",high,29,marketplace Aceh,Aulia,,2.0,needs_review,neutral,1,0,auto,
11960,"Sulaiman berharap, HIPSI Aceh harus benar-benar dapat menumbuhkan pengusaha-pengusaha baru, kemudian juga terus bersinergi sesama pengusaha santri.",DPW himpunan pengusaha santri Aceh resmi dilantik,https://aceh.antaranews.com/berita/303005/dpw-himpunan-pengusaha-santri-aceh-resmi-dilantik,aceh.antaranews.com,"Thu, 01 Sep 2022 07:00:00 GMT",high,17,marketplace Aceh,Aulia,,0.0,needs_review,neutral,0,0,auto,
11961,"""HIPSI Aceh harus terus bersinergi, teruslah memberikan bimbingan kepada santri-santri semakin banyak yang menjadi pengusaha,"" ujarnya.",DPW himpunan pengusaha santri Aceh resmi dilantik,https://aceh.antaranews.com/berita/303005/dpw-himpunan-pengusaha-santri-aceh-resmi-dilantik,aceh.antaranews.com,"Thu, 01 Sep 2022 07:00:00 GMT",high,16,marketplace Aceh,Aulia,,0.0,needs_review,neutral,0,0,auto,
11962,"Ketua DPW Hipsi Aceh Muhammad Balia mengatakan, saat ini Hipsi telah terbentuk di tujuh kabupaten/kota dari lima yang diwajibkan, dan segera dilantik dalam waktu dekat.",DPW himpunan pengusaha santri Aceh resmi dilantik,https://aceh.antaranews.com/berita/303005/dpw-himpunan-pengusaha-santri-aceh-resmi-dilantik,aceh.antaranews.com,"Thu, 01 Sep 2022 07:00:00 GMT",high,25,marketplace Aceh,Aulia,,0.0,needs_review,neutral,0,0,auto,
11963,"Kata Balia, Hipsi Aceh menjadi wadah mengembangkan koperasi, UMKM dan bahkan saat ini telah membuat website yang akan membantu mempromosikan produk-produk yang dihasilkan para pengusaha santri.",DPW himpunan pengusaha santri Aceh resmi dilantik,https://aceh.antaranews.com/berita/303005/dpw-himpunan-pengusaha-santri-aceh-resmi-dilantik,aceh.antaranews.com,"Thu, 01 Sep 2022 07:00:00 GMT",high,26,marketplace Aceh,Aulia,,2.0,needs_review,neutral,0,0,auto,
11987,PGE Khitan 800 Anak Yatim dan Dhuafa di Aceh Utara dan Lhokseumawe,PGE Khitan 800 Anak Yatim dan Dhuafa di Aceh Utara dan Lhokseumawe,https://dialeksis.com/aceh/pge-khitan-800-anak-yatim-dan-dhuafa-di-aceh-utara-dan-lhokseumawe/,dialeksis.com,"Wed, 25 Feb 2026 08:00:00 GMT",high,12,marketplace Aceh,Aulia,,0.0,needs_review,neutral,0,0,auto,
11988,DIALEKSIS.COM | Lhoksukon - PT Pema Global Energi (PGE) dengan dukungan Badan Pengelola Migas Aceh (BPMA) menggelar kegiatan Khitanan Ceria bagi 800 anak yatim dan kurang mampu yang berasal dari wilayah sekitar operasi perusahaan di Kabupaten Aceh Utara dan Kota Lhokseumawe.,PGE Khitan 800 Anak Yatim dan Dhuafa di Aceh Utara dan Lhokseumawe,https://dialeksis.com/aceh/pge-khitan-800-anak-yatim-dan-dhuafa-di-aceh-utara-dan-lhokseumawe/,dialeksis.com,"Wed, 25 Feb 2026 08:00:00 GMT",high,41,marketplace Aceh,Aulia,,0.0,needs_review,neutral,1,1,auto,
11989,"Seremoni pembukaan kegiatan berlangsung di Gedung CMC, Kecamatan Syamtalira Aron, Aceh Utara, Selasa (24/2/2026), dan dihadiri sejumlah pemangku kepentingan serta tokoh masyarakat.",PGE Khitan 800 Anak Yatim dan Dhuafa di Aceh Utara dan Lhokseumawe,https://dialeksis.com/aceh/pge-khitan-800-anak-yatim-dan-dhuafa-di-aceh-utara-dan-lhokseumawe/,dialeksis.com,"Wed, 25 Feb 2026 08:00:00 GMT",high,22,marketplace Aceh,Aulia,,2.0,needs_review,neutral,0,0,auto,
11990,Sebanyak 200 anak menjalani prosesi khitan secara simbolis di Gedung CMC dengan melibatkan tim medis dari Rumah Sakit ABBY Lhokseumawe. Sementara 600 peserta lainnya menjalani khitan di puskesmas yang berada di masing-masing kecamatan.,PGE Khitan 800 Anak Yatim dan Dhuafa di Aceh Utara dan Lhokseumawe,https://dialeksis.com/aceh/pge-khitan-800-anak-yatim-dan-dhuafa-di-aceh-utara-dan-lhokseumawe/,dialeksis.com,"Wed, 25 Feb 2026 08:00:00 GMT",high,33,marketplace Aceh,Aulia,,2.0,needs_review,neutral,0,0,auto,
11991,"Peserta khitanan berasal dari Kecamatan Nibong, Tanah Luas, Matangkuli, Syamtalira Aron, Pirak Timu, Paya Bakong, Langkahan, Baktiya, Meurah Mulia, Samudera, Syamtalira Bayu, Blang Mangat, hingga Muara Satu.",PGE Khitan 800 Anak Yatim dan Dhuafa di Aceh Utara dan Lhokseumawe,https://dialeksis.com/aceh/pge-khitan-800-anak-yatim-dan-dhuafa-di-aceh-utara-dan-lhokseumawe/,dialeksis.com,"Wed, 25 Feb 2026 08:00:00 GMT",medium,27,marketplace Aceh,Aulia,,0.0,needs_review,neutral,0,1,auto,
11992,"Selain mendapatkan layanan khitan gratis, setiap peserta juga menerima bingkisan berupa kaus, sarung, serta bantuan uang tunai.",PGE Khitan 800 Anak Yatim dan Dhuafa di Aceh Utara dan Lhokseumawe,https://dialeksis.com/aceh/pge-khitan-800-anak-yatim-dan-dhuafa-di-aceh-utara-dan-lhokseumawe/,dialeksis.com,"Wed, 25 Feb 2026 08:00:00 GMT",medium,17,marketplace Aceh,Aulia,,2.0,needs_review,neutral,1,0,auto,
11993,"Program Khitanan Ceria merupakan kegiatan sosial yang rutin dilaksanakan PGE sebagai bentuk kepedulian terhadap masyarakat di sekitar wilayah operasional perusahaan. Jumlah penerima manfaat terus meningkat setiap tahun, mulai dari 80 anak pada 2023, kemudian 450 anak pada 2024, dan meningkat menjadi 800 anak pada 2025 serta kembali menjangkau 800 anak pada 2026.",PGE Khitan 800 Anak Yatim dan Dhuafa di Aceh Utara dan Lhokseumawe,https://dialeksis.com/aceh/pge-khitan-800-anak-yatim-dan-dhuafa-di-aceh-utara-dan-lhokseumawe/,dialeksis.com,"Wed, 25 Feb 2026 08:00:00 GMT",medium,52,marketplace Aceh,Aulia,,2.0,needs_review,positive,2,0,auto,
11994,"Melalui kegiatan ini, PGE berharap dapat terus berbagi manfaat dengan masyarakat di sekitar Wilayah Kerja B sekaligus memperkuat komitmen perusahaan dalam menghadirkan dampak sosial yang positif dan berkelanjutan bagi masyarakat Aceh Utara maupun masyarakat Aceh secara umum. [*]",PGE Khitan 800 Anak Yatim dan Dhuafa di Aceh Utara dan Lhokseumawe,https://dialeksis.com/aceh/pge-khitan-800-anak-yatim-dan-dhuafa-di-aceh-utara-dan-lhokseumawe/,dialeksis.com,"Wed, 25 Feb 2026 08:00:00 GMT",high,38,marketplace Aceh,Aulia,,1.0,needs_review,neutral,1,0,auto,
12010,"Satuan Tugas Operasi Premanisme Polda Aceh mengamankan tiga orang terduga pelaku pungutan liar (pungli) di kawasan wisata Pantai Pulau Kapuk, Kecamatan Lhoknga, Aceh Besar, pada Kamis, 8 Mei 2025.",Polisi Amankan Tiga Terduga Pelaku Pungli di Pulau Kapuk Lhoknga,https://www.rmolaceh.id/polisi-amankan-tiga-terduga-pelaku-pungli-di-pulau-kapuk-lhoknga,rmolaceh.id,2025-05-10,high,29,marketplace Aceh,Aulia,,0.0,needs_review,neutral,0,0,auto,
12011,"""Modus operandi mereka adalah memungut bayaran dari setiap mobil yang masuk berdasarkan jumlah penumpang, tetapi hanya memberikan satu lembar tiket seharga (Rp)3 Ribu. Praktik ini diduga merugikan pengunjung dan tidak sesuai dengan ketentuan resmi pengelolaan kawasan wisata,"" ujar Kabid Humas Polda Aceh Kombes Pol Joko Krisdiyanto dalam keterangan persnya, Sabtu, 10 Mei 2025.",Polisi Amankan Tiga Terduga Pelaku Pungli di Pulau Kapuk Lhoknga,https://www.rmolaceh.id/polisi-amankan-tiga-terduga-pelaku-pungli-di-pulau-kapuk-lhoknga,rmolaceh.id,2025-05-10,high,53,marketplace Aceh,Aulia,,1.0,needs_review,neutral,0,0,auto,
12012,"Menurut Joko, ketiga terduga pelaku telah dimintai keterangan oleh petugas, didata, dan diberikan pembinaan di tempat. Selain itu, mereka juga menandatangani surat pernyataan untuk tidak mengulangi perbuatan serupa di kemudian hari.",Polisi Amankan Tiga Terduga Pelaku Pungli di Pulau Kapuk Lhoknga,https://www.rmolaceh.id/polisi-amankan-tiga-terduga-pelaku-pungli-di-pulau-kapuk-lhoknga,rmolaceh.id,2025-05-10,low,31,marketplace Aceh,Aulia,,0.0,needs_review,neutral,0,0,auto,
12013,"Langkah ini merupakan bagian dari komitmen Polda Aceh dalam menjaga ketertiban dan kenyamanan masyarakat, khususnya di kawasan wisata. Kami akan terus menindak segala bentuk praktik premanisme dan pungli yang meresahkan masyarakat, tegas Joko.",Polisi Amankan Tiga Terduga Pelaku Pungli di Pulau Kapuk Lhoknga,https://www.rmolaceh.id/polisi-amankan-tiga-terduga-pelaku-pungli-di-pulau-kapuk-lhoknga,rmolaceh.id,2025-05-10,high,33,marketplace Aceh,Aulia,,0.0,needs_review,neutral,0,1,auto,
12014,"Lebih lanjut, Joko mengimbau masyarakat untuk aktif melaporkan apabila menemukan tindakan pungli atau premanisme di tempat umum. Menurutnya, partisipasi masyarakat sangat penting dalam menciptakan ruang publik yang aman dan tertib.",Polisi Amankan Tiga Terduga Pelaku Pungli di Pulau Kapuk Lhoknga,https://www.rmolaceh.id/polisi-amankan-tiga-terduga-pelaku-pungli-di-pulau-kapuk-lhoknga,rmolaceh.id,2025-05-10,low,30,marketplace Aceh,Aulia,,1.0,needs_review,neutral,0,0,auto,
12015,"""Kepolisian juga akan terus melaksanakan Kegiatan Rutin yang Ditingkatkan (KRYD) di tempat-tempat rawan aksi premanisme atau pungli untuk memberikan rasa aman dan nyaman kepada masyarakat,"" pungkasnya.",Polisi Amankan Tiga Terduga Pelaku Pungli di Pulau Kapuk Lhoknga,https://www.rmolaceh.id/polisi-amankan-tiga-terduga-pelaku-pungli-di-pulau-kapuk-lhoknga,rmolaceh.id,2025-05-10,low,26,marketplace Aceh,Aulia,,0.0,needs_review,neutral,0,0,auto,
12073,DIALEKSIS.COM | Jakarta - Gubernur Aceh Muzakir Manaf atau Mualem bersama Kepala SKK Migas Djoko Siswanto menyepakati pembahasan revisi *Plan of Development* (PoD) Lapangan Gas Tangkulo di Wilayah Kerja South Andaman atau Blok Andaman.,Gubernur Mualem dan SKK Migas Sepakat Bahas Revisi PoD Blok Andaman,https://dialeksis.com/pemerintahan/gubernur-mualem-dan-skk-migas-sepakat-bahas-revisi-pod-blok-andaman/,dialeksis.com,"Thu, 11 Jun 2026 07:00:00 GMT",high,34,marketplace Aceh,Aulia,,0.0,needs_review,neutral,0,0,auto,
12075,"Mereka bersedia mengakomodir revisi PoD yang akan kita sampaikan, kata Nurlis di Jakarta, Kamis, 11 Juni 2026.",Gubernur Mualem dan SKK Migas Sepakat Bahas Revisi PoD Blok Andaman,https://dialeksis.com/pemerintahan/gubernur-mualem-dan-skk-migas-sepakat-bahas-revisi-pod-blok-andaman/,dialeksis.com,"Thu, 11 Jun 2026 07:00:00 GMT",low,17,marketplace Aceh,Aulia,,0.0,needs_review,neutral,0,0,auto,
12077,"Gubernur Mualem tidak menolak proyek ini. Tetapi ada hal-hal penting dalam PoD yang harus diperbaiki, sehingga manfaatnya benar-benar dirasakan Aceh, ujarnya.",Gubernur Mualem dan SKK Migas Sepakat Bahas Revisi PoD Blok Andaman,https://dialeksis.com/pemerintahan/gubernur-mualem-dan-skk-migas-sepakat-bahas-revisi-pod-blok-andaman/,dialeksis.com,"Thu, 11 Jun 2026 07:00:00 GMT",high,21,marketplace Aceh,Aulia,,1.0,needs_review,neutral,1,0,auto,
12079,"Berdasarkan PoD yang telah ditetapkan Kementerian ESDM dan SKK Migas pada Maret 2026, gas dan kondensat dari South Andaman direncanakan diproses melalui FPSO atau *Floating Production Storage and Offloading* di laut. Setelah itu, gas akan disalurkan ke ORF atau *Onshore Receiving Facilities* di Kawasan Ekonomi Khusus (KEK) Arun, Lhokseumawe, melalui pipa gas bawah laut.",Gubernur Mualem dan SKK Migas Sepakat Bahas Revisi PoD Blok Andaman,https://dialeksis.com/pemerintahan/gubernur-mualem-dan-skk-migas-sepakat-bahas-revisi-pod-blok-andaman/,dialeksis.com,"Thu, 11 Jun 2026 07:00:00 GMT",high,54,marketplace Aceh,Aulia,,1.0,needs_review,neutral,0,0,auto,
12080,Mubadala Energy disebut sedang menyiapkan proses tender pengadaan unit FPSO raksasa untuk mempercepat komersialisasi gas di South Andaman. FPSO tersebut dirancang untuk memproses gas laut dalam sebelum dialirkan melalui pipa ke darat.,Gubernur Mualem dan SKK Migas Sepakat Bahas Revisi PoD Blok Andaman,https://dialeksis.com/pemerintahan/gubernur-mualem-dan-skk-migas-sepakat-bahas-revisi-pod-blok-andaman/,dialeksis.com,"Thu, 11 Jun 2026 07:00:00 GMT",low,32,marketplace Aceh,Aulia,,1.0,needs_review,neutral,0,0,auto,
12081,"Namun, Gubernur Mualem mendorong agar skema pengolahan gas dan kondensat dilakukan di darat, tepatnya di KEK Arun, Lhokseumawe.",Gubernur Mualem dan SKK Migas Sepakat Bahas Revisi PoD Blok Andaman,https://dialeksis.com/pemerintahan/gubernur-mualem-dan-skk-migas-sepakat-bahas-revisi-pod-blok-andaman/,dialeksis.com,"Thu, 11 Jun 2026 07:00:00 GMT",high,18,marketplace Aceh,Aulia,,0.0,needs_review,neutral,1,0,auto,
12082,"Keinginan Gubernur adalah gas dialirkan langsung ke darat melalui skema *onshore pipelining*, lalu diproses di KEK Arun, kata Nurlis.",Gubernur Mualem dan SKK Migas Sepakat Bahas Revisi PoD Blok Andaman,https://dialeksis.com/pemerintahan/gubernur-mualem-dan-skk-migas-sepakat-bahas-revisi-pod-blok-andaman/,dialeksis.com,"Thu, 11 Jun 2026 07:00:00 GMT",low,19,marketplace Aceh,Aulia,,0.0,needs_review,neutral,0,0,auto,
12083,"Menurut Nurlis, Gubernur Mualem menginginkan agar pengolahan gas dilakukan melalui *Onshore Processing Facility* (OPF) dengan memanfaatkan fasilitas yang telah tersedia di KEK Arun.",Gubernur Mualem dan SKK Migas Sepakat Bahas Revisi PoD Blok Andaman,https://dialeksis.com/pemerintahan/gubernur-mualem-dan-skk-migas-sepakat-bahas-revisi-pod-blok-andaman/,dialeksis.com,"Thu, 11 Jun 2026 07:00:00 GMT",low,23,marketplace Aceh,Aulia,,2.0,needs_review,neutral,1,0,auto,
12084,"Langkah itu dinilai penting agar Blok Andaman memberi manfaat lebih besar bagi semua pihak. Tidak hanya bagi Mubadala Energy sebagai investor dan Pemerintah Pusat, tetapi juga bagi Pemerintah Aceh dan masyarakat Aceh.",Gubernur Mualem dan SKK Migas Sepakat Bahas Revisi PoD Blok Andaman,https://dialeksis.com/pemerintahan/gubernur-mualem-dan-skk-migas-sepakat-bahas-revisi-pod-blok-andaman/,dialeksis.com,"Thu, 11 Jun 2026 07:00:00 GMT",high,32,marketplace Aceh,Aulia,,3.0,needs_review,neutral,1,1,auto,
12087,"Pengolahan di darat sangat efektif untuk mengaktifkan industri pupuk dan petrokimia lokal, katanya.",Gubernur Mualem dan SKK Migas Sepakat Bahas Revisi PoD Blok Andaman,https://dialeksis.com/pemerintahan/gubernur-mualem-dan-skk-migas-sepakat-bahas-revisi-pod-blok-andaman/,dialeksis.com,"Thu, 11 Jun 2026 07:00:00 GMT",low,13,marketplace Aceh,Aulia,,0.0,needs_review,neutral,0,0,auto,
12088,"Selain itu, fasilitas darat juga diyakini mampu menyerap tenaga kerja lokal dalam jumlah lebih besar dibandingkan fasilitas terapung di lepas pantai yang cenderung terisolasi.",Gubernur Mualem dan SKK Migas Sepakat Bahas Revisi PoD Blok Andaman,https://dialeksis.com/pemerintahan/gubernur-mualem-dan-skk-migas-sepakat-bahas-revisi-pod-blok-andaman/,dialeksis.com,"Thu, 11 Jun 2026 07:00:00 GMT",low,24,marketplace Aceh,Aulia,,2.0,needs_review,neutral,0,0,auto,
12089,"Fasilitas darat menyerap tenaga kerja lokal jauh lebih besar dibandingkan fasilitas terapung yang berada di lepas pantai, ujar Nurlis.",Gubernur Mualem dan SKK Migas Sepakat Bahas Revisi PoD Blok Andaman,https://dialeksis.com/pemerintahan/gubernur-mualem-dan-skk-migas-sepakat-bahas-revisi-pod-blok-andaman/,dialeksis.com,"Thu, 11 Jun 2026 07:00:00 GMT",low,19,marketplace Aceh,Aulia,,2.0,needs_review,neutral,0,0,auto,
12092,"Tenaga Ahli Sekda Aceh Bidang Migas, Akhyar ST MT, menyampaikan bahwa Blok Masela menjadi salah satu contoh penting bagaimana konsep pengolahan gas dapat bergeser dari laut ke darat.",Gubernur Mualem dan SKK Migas Sepakat Bahas Revisi PoD Blok Andaman,https://dialeksis.com/pemerintahan/gubernur-mualem-dan-skk-migas-sepakat-bahas-revisi-pod-blok-andaman/,dialeksis.com,"Thu, 11 Jun 2026 07:00:00 GMT",high,28,marketplace Aceh,Aulia,,0.0,needs_review,neutral,0,0,auto,
12093,Kepala SKK Migas Djoko Siswanto disebut membenarkan hal tersebut.,Gubernur Mualem dan SKK Migas Sepakat Bahas Revisi PoD Blok Andaman,https://dialeksis.com/pemerintahan/gubernur-mualem-dan-skk-migas-sepakat-bahas-revisi-pod-blok-andaman/,dialeksis.com,"Thu, 11 Jun 2026 07:00:00 GMT",low,9,marketplace Aceh,Aulia,,0.0,needs_review,neutral,0,0,auto,
12094,"Sudah kami pindahkan dari laut ke darat, kata Djoko sebagaimana disampaikan dalam pertemuan itu.",Gubernur Mualem dan SKK Migas Sepakat Bahas Revisi PoD Blok Andaman,https://dialeksis.com/pemerintahan/gubernur-mualem-dan-skk-migas-sepakat-bahas-revisi-pod-blok-andaman/,dialeksis.com,"Thu, 11 Jun 2026 07:00:00 GMT",low,14,marketplace Aceh,Aulia,,0.0,needs_review,neutral,0,0,auto,
12095,"Nurlis juga menjelaskan, sebelum pertemuan antara Gubernur Mualem dan Kepala SKK Migas, pihak SKK Migas sempat berencana menggelar konferensi pers untuk menjelaskan perkembangan Blok Andaman. Gubernur Mualem bahkan diundang untuk hadir dan menjadi salah satu narasumber dalam kegiatan tersebut.",Gubernur Mualem dan SKK Migas Sepakat Bahas Revisi PoD Blok Andaman,https://dialeksis.com/pemerintahan/gubernur-mualem-dan-skk-migas-sepakat-bahas-revisi-pod-blok-andaman/,dialeksis.com,"Thu, 11 Jun 2026 07:00:00 GMT",low,39,marketplace Aceh,Aulia,,0.0,needs_review,neutral,1,0,auto,
12096,"Namun, Gubernur Mualem menilai konferensi pers itu belum tepat dilakukan sebelum revisi PoD dibahas secara lebih nyaman dan menyeluruh.",Gubernur Mualem dan SKK Migas Sepakat Bahas Revisi PoD Blok Andaman,https://dialeksis.com/pemerintahan/gubernur-mualem-dan-skk-migas-sepakat-bahas-revisi-pod-blok-andaman/,dialeksis.com,"Thu, 11 Jun 2026 07:00:00 GMT",low,19,marketplace Aceh,Aulia,,0.0,needs_review,neutral,0,0,auto,
12097,"Beliau akan menentukan waktu yang lebih cocok setelah semuanya nyaman dengan proses Blok Andaman. Pertimbangan utama Gubernur Mualem adalah kenyamanan rakyat Aceh, kata Nurlis.",Gubernur Mualem dan SKK Migas Sepakat Bahas Revisi PoD Blok Andaman,https://dialeksis.com/pemerintahan/gubernur-mualem-dan-skk-migas-sepakat-bahas-revisi-pod-blok-andaman/,dialeksis.com,"Thu, 11 Jun 2026 07:00:00 GMT",high,24,marketplace Aceh,Aulia,,1.0,needs_review,neutral,0,0,auto,
12098,"Sesuai kesepakatan dengan SKK Migas, konferensi pers akan digelar setelah revisi PoD disepakati.",Gubernur Mualem dan SKK Migas Sepakat Bahas Revisi PoD Blok Andaman,https://dialeksis.com/pemerintahan/gubernur-mualem-dan-skk-migas-sepakat-bahas-revisi-pod-blok-andaman/,dialeksis.com,"Thu, 11 Jun 2026 07:00:00 GMT",low,13,marketplace Aceh,Aulia,,0.0,needs_review,neutral,0,0,auto,
12099,"Setelah Gubernur Mualem menilai proyek Blok Andaman benar-benar menguntungkan bagi Aceh, baru beliau bersedia menyampaikannya kepada publik, ujar Nurlis. []",Gubernur Mualem dan SKK Migas Sepakat Bahas Revisi PoD Blok Andaman,https://dialeksis.com/pemerintahan/gubernur-mualem-dan-skk-migas-sepakat-bahas-revisi-pod-blok-andaman/,dialeksis.com,"Thu, 11 Jun 2026 07:00:00 GMT",high,20,marketplace Aceh,Aulia,,1.0,needs_review,neutral,0,0,auto,
12245,"DIALEKSIS.COM | Takengon - Tim gugus Covid-19 Kabupaten Aceh Tengah melakukan simulasi pengangkatan jenazah, pemandian di ruang mayat, sampai dengan proses penguburan di Uning Kirip.","Aceh Tengah Lakukan Simulasi Penguburan Jenazah Covid-19, APD Belum Sempurna",https://dialeksis.com/aceh/aceh-tengah-lakukan-simulasi-penguburan-jenazah-covid-19-apd-belum-sempurna/,dialeksis.com,"Tue, 21 Apr 2020 07:00:00 GMT",high,25,marketplace Aceh,Aulia,,1.0,needs_review,neutral,0,0,auto,
12246,"Simulasi yang melibatkan berbagai pihak, dimulai dari RSU Datu Beru Takengon, Selasa (21/04/2020). Tahapan peragaan proses penanganan jenazah Covid-19, berlangsung mulus, walau ada beberapa cacatan khusus yang Dialeksis saksikan, perlu pembenahan dan koordinasi dengan baik.","Aceh Tengah Lakukan Simulasi Penguburan Jenazah Covid-19, APD Belum Sempurna",https://dialeksis.com/aceh/aceh-tengah-lakukan-simulasi-penguburan-jenazah-covid-19-apd-belum-sempurna/,dialeksis.com,"Tue, 21 Apr 2020 07:00:00 GMT",high,35,marketplace Aceh,Aulia,,1.0,needs_review,neutral,0,0,auto,
12247,"Proses simulasi pengurusan jenazah itu berawal dari para petugas medis di RSU Datu Beru yang membuat laporan ke petugas ruang jenazah, bahwa ada korban meninggal terkena wabah Covid-19.","Aceh Tengah Lakukan Simulasi Penguburan Jenazah Covid-19, APD Belum Sempurna",https://dialeksis.com/aceh/aceh-tengah-lakukan-simulasi-penguburan-jenazah-covid-19-apd-belum-sempurna/,dialeksis.com,"Tue, 21 Apr 2020 07:00:00 GMT",medium,28,marketplace Aceh,Aulia,,1.0,needs_review,neutral,0,0,auto,
12248,"Petugas pemandian jenazah di ruang mayat yang terdiri dari petugas medis, pihak kepolisian dan satuan TNI, melakukan pemandian mayat dengan sempurna, mereka dibekali dengan Alat Pelindung Diri (APD), sesuai standard. Pakaian seragam putih bagai astronot.","Aceh Tengah Lakukan Simulasi Penguburan Jenazah Covid-19, APD Belum Sempurna",https://dialeksis.com/aceh/aceh-tengah-lakukan-simulasi-penguburan-jenazah-covid-19-apd-belum-sempurna/,dialeksis.com,"Tue, 21 Apr 2020 07:00:00 GMT",medium,35,marketplace Aceh,Aulia,,1.0,needs_review,neutral,0,0,auto,
12249,"Petugas pemandian mayat ini bertugas mengantarkan jenazah sampai ke pintu gerbang perkuburan di Uning Kirip, Takengon. Sementara petugas yang mengangkat mayat sampai ke liang kuburan, dilakukan oleh pihak Dinas Sosial.","Aceh Tengah Lakukan Simulasi Penguburan Jenazah Covid-19, APD Belum Sempurna",https://dialeksis.com/aceh/aceh-tengah-lakukan-simulasi-penguburan-jenazah-covid-19-apd-belum-sempurna/,dialeksis.com,"Tue, 21 Apr 2020 07:00:00 GMT",high,30,marketplace Aceh,Aulia,,1.0,needs_review,neutral,0,0,auto,
12250,"Dalam simulasi ini, pegangkatan jenazah dari mobil jenazah hingga ke liang kuburan, petugasnya tidak dibakali dengan APD standar. Petugas dengan pakaian warna orange ini hanya mengenakan jas hujan dan wajah ditutupi masker.","Aceh Tengah Lakukan Simulasi Penguburan Jenazah Covid-19, APD Belum Sempurna",https://dialeksis.com/aceh/aceh-tengah-lakukan-simulasi-penguburan-jenazah-covid-19-apd-belum-sempurna/,dialeksis.com,"Tue, 21 Apr 2020 07:00:00 GMT",medium,32,marketplace Aceh,Aulia,,0.0,needs_review,neutral,0,1,auto,
12251,"Awalnya juga tanpa sarung tangan, kemudian tangan petugas ini dibaluti dengan tas plastik keresek. Giliran penguburan dilakukan oleh petugas kampung setempat. Pemandangan yang sama tentang kelengkapan APD juga terlihat saat petugsa dari kampung melakukan penguburan.","Aceh Tengah Lakukan Simulasi Penguburan Jenazah Covid-19, APD Belum Sempurna",https://dialeksis.com/aceh/aceh-tengah-lakukan-simulasi-penguburan-jenazah-covid-19-apd-belum-sempurna/,dialeksis.com,"Tue, 21 Apr 2020 07:00:00 GMT",medium,35,marketplace Aceh,Aulia,,0.0,needs_review,neutral,0,0,auto,
12252,"Petugas penguburan mayat hanya mengenakan jas hujan, walau sudah ditutupi masker, namun melakukan tugas dengan tangan telanjang, tanpa pengamanan. Proses simulasi penguburan jenazah Covid-19 berlangsung mulus.","Aceh Tengah Lakukan Simulasi Penguburan Jenazah Covid-19, APD Belum Sempurna",https://dialeksis.com/aceh/aceh-tengah-lakukan-simulasi-penguburan-jenazah-covid-19-apd-belum-sempurna/,dialeksis.com,"Tue, 21 Apr 2020 07:00:00 GMT",medium,26,marketplace Aceh,Aulia,,0.0,needs_review,neutral,0,1,auto,
12253,"Kapolres Aceh Tengah AKBP. Nono Suyanto SIK dan Dandim 0106 Aceh Tengah, Letkol Inf Valyan Tatyunis, yang dari proses awal di RSU sampai ke penguburan menyaksikan simulasi ini, mempersoalkan APD yang digunakan petugas pengangkatkan mayat dan petugas penguburan.","Aceh Tengah Lakukan Simulasi Penguburan Jenazah Covid-19, APD Belum Sempurna",https://dialeksis.com/aceh/aceh-tengah-lakukan-simulasi-penguburan-jenazah-covid-19-apd-belum-sempurna/,dialeksis.com,"Tue, 21 Apr 2020 07:00:00 GMT",high,38,marketplace Aceh,Aulia,,0.0,needs_review,neutral,0,0,auto,
12254,"Mengapa petugas ini tidak dibekali dengan APD sesuai standard. Ini baru simulasi, tidak ada masalah. Tetapi bila pasien benaran yang terkena covid-19 bagaimana? tanya Kapolres kepada Kadis Kesehatan Aceh Tengah, Jayusman.","Aceh Tengah Lakukan Simulasi Penguburan Jenazah Covid-19, APD Belum Sempurna",https://dialeksis.com/aceh/aceh-tengah-lakukan-simulasi-penguburan-jenazah-covid-19-apd-belum-sempurna/,dialeksis.com,"Tue, 21 Apr 2020 07:00:00 GMT",high,31,marketplace Aceh,Aulia,,0.0,needs_review,neutral,0,1,auto,
12255,"Petugas pengangkatan jenazah dan penguburan juga harus dibekali dengan APD standard, sama dengan petugas yang melakukan pemandian di ruang jenazah, sebut Dandim 0106 Aceh Tengah, Letkol, Inf. Valyan, yang berdiri disamping Dialeksis.com menyaksikan proses penguburan.","Aceh Tengah Lakukan Simulasi Penguburan Jenazah Covid-19, APD Belum Sempurna",https://dialeksis.com/aceh/aceh-tengah-lakukan-simulasi-penguburan-jenazah-covid-19-apd-belum-sempurna/,dialeksis.com,"Tue, 21 Apr 2020 07:00:00 GMT",high,35,marketplace Aceh,Aulia,,1.0,needs_review,neutral,0,0,auto,
12256,"Ini menjadi catatan kita untuk perbaikan. Kita harus menyiapkan semuanya sesuai aturan SOP, sebut Kapolres, yang mengingatkan Kadis Kesehatan untuk menyiapkan APD bagi petugas pengangkatan jenazah dan petugas penguburan.","Aceh Tengah Lakukan Simulasi Penguburan Jenazah Covid-19, APD Belum Sempurna",https://dialeksis.com/aceh/aceh-tengah-lakukan-simulasi-penguburan-jenazah-covid-19-apd-belum-sempurna/,dialeksis.com,"Tue, 21 Apr 2020 07:00:00 GMT",medium,29,marketplace Aceh,Aulia,,2.0,needs_review,neutral,0,0,auto,
12257,"Kadis Kesehatan Aceh Tengah Jayusman, mendapat pertanyaan itu memberikan penjelasan, ketika nanti dilakukan penguburan pasien PDP para petugasnya akan dibekali dengan APD sesuai standard.","Aceh Tengah Lakukan Simulasi Penguburan Jenazah Covid-19, APD Belum Sempurna",https://dialeksis.com/aceh/aceh-tengah-lakukan-simulasi-penguburan-jenazah-covid-19-apd-belum-sempurna/,dialeksis.com,"Tue, 21 Apr 2020 07:00:00 GMT",high,24,marketplace Aceh,Aulia,,0.0,needs_review,neutral,0,0,auto,
12258,"Kita jangan melanggar SOP kesehatan dalam penguburan mayat. Ikutilah SOP yang benar, karena petugas yang melakukan tugas kemanusian ini sangat riskan bila tidak dibekali dengan APD standard, jelas Kapolres.","Aceh Tengah Lakukan Simulasi Penguburan Jenazah Covid-19, APD Belum Sempurna",https://dialeksis.com/aceh/aceh-tengah-lakukan-simulasi-penguburan-jenazah-covid-19-apd-belum-sempurna/,dialeksis.com,"Tue, 21 Apr 2020 07:00:00 GMT",medium,29,marketplace Aceh,Aulia,,0.0,needs_review,neutral,0,0,auto,
12259,"Untuk menyeragamkan APD khususnya kepada petugas penguburan dan pengangkatan jenazah, baik Kapolres dan Dandim 0106 Aceh Tengah, dihadapan Dialeksis.com menjanjikan akan membahas persoalan itu dalam rapat resmi gugus Covid-19 Kabupaten Aceh Tengah.","Aceh Tengah Lakukan Simulasi Penguburan Jenazah Covid-19, APD Belum Sempurna",https://dialeksis.com/aceh/aceh-tengah-lakukan-simulasi-penguburan-jenazah-covid-19-apd-belum-sempurna/,dialeksis.com,"Tue, 21 Apr 2020 07:00:00 GMT",high,32,marketplace Aceh,Aulia,,1.0,needs_review,neutral,1,0,auto,
12260,"Ini pengalaman berharga, yang kurang mari sama sama kita perbaiki. Kita berusaha melakukan sesempurna mungkin, jelas Dandim yang menurunkan 10 personilnya sama dengan Polisi juga 10 personil, dalam penanganan jenazah Covid-19, kabupaten Aceh Tengah. (baga)","Aceh Tengah Lakukan Simulasi Penguburan Jenazah Covid-19, APD Belum Sempurna",https://dialeksis.com/aceh/aceh-tengah-lakukan-simulasi-penguburan-jenazah-covid-19-apd-belum-sempurna/,dialeksis.com,"Tue, 21 Apr 2020 07:00:00 GMT",high,35,marketplace Aceh,Aulia,,1.0,needs_review,negative,0,2,auto,
12309,"Theacehpost.com | Banda Aceh - Polisi membongkar jaringan pencurian dan penadahan sepeda motor di Banda Aceh. Sepasang suami istri (pasutri) berinisial BN (24) dan DLM (25) ditangkap bersama sejumlah pelaku lain, sementara sembilan unit sepeda motor berhasil diamankan sebagai barang bukti.",Pasutri Penadah Motor Curian di Banda Aceh Dibekuk,https://theacehpost.com/news/pasutri-penadah-motor-curian-di-banda-aceh-dibekuk/index.html,theacehpost.com,2026-04-17,high,41,marketplace Aceh,Aulia,,2.0,needs_review,neutral,1,0,auto,
12310,"Kasatreskrim Polresta Banda Aceh, Kompol Miftahuda Dizha Fezuono, mengatakan pengungkapan kasus ini bermula dari laporan kehilangan satu unit Honda CRF milik Aris Munandar (22) yang diparkir di depan tempat kerjanya di Gampong Emperom, Kecamatan Jaya Baru.",Pasutri Penadah Motor Curian di Banda Aceh Dibekuk,https://theacehpost.com/news/pasutri-penadah-motor-curian-di-banda-aceh-dibekuk/index.html,theacehpost.com,2026-04-17,high,36,marketplace Aceh,Aulia,,0.0,needs_review,neutral,0,0,auto,
12311,"Dari laporan itu, tim melakukan penyelidikan hingga mendapat informasi adanya aktivitas mencurigakan di sebuah gudang, kata Dizha, Jumat (17/4/2026).",Pasutri Penadah Motor Curian di Banda Aceh Dibekuk,https://theacehpost.com/news/pasutri-penadah-motor-curian-di-banda-aceh-dibekuk/index.html,theacehpost.com,2026-04-17,medium,19,marketplace Aceh,Aulia,,0.0,needs_review,neutral,0,0,auto,
12312,"Hasil penggerebekan mengungkap gudang tersebut digunakan pasutri BN dan DLM untuk menampung motor curian sebelum dijual kembali. Polisi menemukan lima unit motor di lokasi, terdiri dari empat Honda CRF dan satu Honda Beat.",Pasutri Penadah Motor Curian di Banda Aceh Dibekuk,https://theacehpost.com/news/pasutri-penadah-motor-curian-di-banda-aceh-dibekuk/index.html,theacehpost.com,2026-04-17,medium,33,marketplace Aceh,Aulia,,1.0,needs_review,neutral,0,0,auto,
12313,"Pengembangan kasus mengarah pada jaringan pencurian. Polisi kemudian menangkap dua pelaku pencurian, IRM (20) dan YUS alias Dedek (23), sementara satu pelaku lain, DV, masih buron.",Pasutri Penadah Motor Curian di Banda Aceh Dibekuk,https://theacehpost.com/news/pasutri-penadah-motor-curian-di-banda-aceh-dibekuk/index.html,theacehpost.com,2026-04-17,medium,26,marketplace Aceh,Aulia,,2.0,needs_review,neutral,1,0,auto,
12314,"Pelaku pencurian beraksi di beberapa lokasi, lalu hasilnya disimpan di gudang sebelum dijual, ujar Dizha.",Pasutri Penadah Motor Curian di Banda Aceh Dibekuk,https://theacehpost.com/news/pasutri-penadah-motor-curian-di-banda-aceh-dibekuk/index.html,theacehpost.com,2026-04-17,medium,15,marketplace Aceh,Aulia,,1.0,needs_review,neutral,0,0,auto,
12315,"Dari hasil interogasi, diketahui sebagian motor curian telah dijual ke sejumlah pihak, termasuk melalui marketplace dan jaringan penadah lain di Bireuen dan Aceh Utara. Polisi masih memburu beberapa penadah lain yang telah masuk daftar pencarian orang (DPO).",Pasutri Penadah Motor Curian di Banda Aceh Dibekuk,https://theacehpost.com/news/pasutri-penadah-motor-curian-di-banda-aceh-dibekuk/index.html,theacehpost.com,2026-04-17,high,37,marketplace Aceh,Aulia,,3.0,needs_review,neutral,0,0,auto,
12333,JAKARTA KOTA - Beredar video viral di media sosial memperlihatkan sejumlah warga menghajar sopir truk yang diduga perkosa mahasiswi korban banjir di Aceh Tamiang.,Bejat! Sopir Truk Diduga Perkosa Mahasiswi Penumpang di Tengah Kepungan Banjir Aceh Tamiang,https://jakartakota.pikiran-rakyat.com/viral/pr-4029840094/bejat-sopir-truk-diduga-perkosa-mahasiswi-penumpang-di-tengah-kepungan-banjir-aceh-tamiang,jakartakota.pikiran-rakyat.com,"Thu, 04 Dec 2025 08:00:00 GMT",high,24,marketplace Aceh,Aulia,,0.0,needs_review,neutral,0,0,auto,
12334,"S ditangkap setelah diduga melakukan tindakan kekerasan sesksual terhadap seorang mahasiswi yang menumpang kendaraannya saat berusaha mengevakuasi diri dari banjir,"" demikian bunyi keterangan video.",Bejat! Sopir Truk Diduga Perkosa Mahasiswi Penumpang di Tengah Kepungan Banjir Aceh Tamiang,https://jakartakota.pikiran-rakyat.com/viral/pr-4029840094/bejat-sopir-truk-diduga-perkosa-mahasiswi-penumpang-di-tengah-kepungan-banjir-aceh-tamiang,jakartakota.pikiran-rakyat.com,"Thu, 04 Dec 2025 08:00:00 GMT",medium,24,marketplace Aceh,Aulia,,0.0,needs_review,neutral,0,0,auto,
12335,korban menggunakan jasa angkutan truk tersebut untuk melintasi genangan air yang tinggi.,Bejat! Sopir Truk Diduga Perkosa Mahasiswi Penumpang di Tengah Kepungan Banjir Aceh Tamiang,https://jakartakota.pikiran-rakyat.com/viral/pr-4029840094/bejat-sopir-truk-diduga-perkosa-mahasiswi-penumpang-di-tengah-kepungan-banjir-aceh-tamiang,jakartakota.pikiran-rakyat.com,"Thu, 04 Dec 2025 08:00:00 GMT",medium,12,marketplace Aceh,Aulia,,2.0,needs_review,neutral,0,0,auto,
12336,"Dalam perjalanan, pelaku diduga melakukan perbuatan tidak senonoh kepada korban.",Bejat! Sopir Truk Diduga Perkosa Mahasiswi Penumpang di Tengah Kepungan Banjir Aceh Tamiang,https://jakartakota.pikiran-rakyat.com/viral/pr-4029840094/bejat-sopir-truk-diduga-perkosa-mahasiswi-penumpang-di-tengah-kepungan-banjir-aceh-tamiang,jakartakota.pikiran-rakyat.com,"Thu, 04 Dec 2025 08:00:00 GMT",medium,10,marketplace Aceh,Aulia,,0.0,needs_review,neutral,0,0,auto,
12337,"""Orang lagi kena bencana malah diperkosa,"" ujar warga marah.",Bejat! Sopir Truk Diduga Perkosa Mahasiswi Penumpang di Tengah Kepungan Banjir Aceh Tamiang,https://jakartakota.pikiran-rakyat.com/viral/pr-4029840094/bejat-sopir-truk-diduga-perkosa-mahasiswi-penumpang-di-tengah-kepungan-banjir-aceh-tamiang,jakartakota.pikiran-rakyat.com,"Thu, 04 Dec 2025 08:00:00 GMT",medium,9,marketplace Aceh,Aulia,,0.0,needs_review,neutral,0,0,auto,
12338,"Dikutip dari akun insta_kendal, pihak kepolisian setempat segera turun tangan dan berhasil mengamankan pelaku dari kerumunan massa.",Bejat! Sopir Truk Diduga Perkosa Mahasiswi Penumpang di Tengah Kepungan Banjir Aceh Tamiang,https://jakartakota.pikiran-rakyat.com/viral/pr-4029840094/bejat-sopir-truk-diduga-perkosa-mahasiswi-penumpang-di-tengah-kepungan-banjir-aceh-tamiang,jakartakota.pikiran-rakyat.com,"Thu, 04 Dec 2025 08:00:00 GMT",medium,17,marketplace Aceh,Aulia,,2.0,needs_review,neutral,1,1,auto,
12339,"Saat ini, S telah ditahan untuk menjalani proses penyelidikan lebih lanjut. Polisi menegaskan akan memproses kasus ini sesuai hukum yang berlaku.***",Bejat! Sopir Truk Diduga Perkosa Mahasiswi Penumpang di Tengah Kepungan Banjir Aceh Tamiang,https://jakartakota.pikiran-rakyat.com/viral/pr-4029840094/bejat-sopir-truk-diduga-perkosa-mahasiswi-penumpang-di-tengah-kepungan-banjir-aceh-tamiang,jakartakota.pikiran-rakyat.com,"Thu, 04 Dec 2025 08:00:00 GMT",medium,21,marketplace Aceh,Aulia,,2.0,needs_review,neutral,0,0,auto,
12433,Dr Muslem Yacob SAg MPd terpilih sebagai Ketua Umum PW Perhimpunan Keluarga Besar (KB PII) Aceh periode 2023-2027 (Analisadaily/Muhammad Saman),Muslem Yacob Terpilih Sebagai Ketua Umum KB PII Aceh,https://analisadaily.com/berita/baca/2023/07/23/1044497/muslem-yacob-terpilih-sebagai-ketua-umum-kb-pii-aceh/,analisadaily.com,2023-07-23,high,20,marketplace Aceh,Aulia,,0.0,needs_review,neutral,0,0,auto,
12434,"Analisadaily.com, Banda Aceh - Dr Muslem Yacob SAg MPd terpilih sebagai Ketua Umum Pengurus Wilayah Perhimpunan Keluarga Besar (KB PII) Aceh periode 2023-2027, menggantikan ketua periode sebelumnya Tgk Muhammad Yus.",Muslem Yacob Terpilih Sebagai Ketua Umum KB PII Aceh,https://analisadaily.com/berita/baca/2023/07/23/1044497/muslem-yacob-terpilih-sebagai-ketua-umum-kb-pii-aceh/,analisadaily.com,2023-07-23,high,30,marketplace Aceh,Aulia,,0.0,needs_review,neutral,0,0,auto,
12435,"Pemillihan ketua berlangsung dalam Musyawarah Wilayah (Muswil) V KB PII Aceh yang berlansung sejak 22 - 23 Juli 2023 di Aula LPTQ Dinas Syariat Islam Aceh di Komplek Keistimewaan Aceh.Sebelumnya kegiatan Muswil ke-5 KB PII Aceh dibuka oleh Pj Gubernur Aceh Ahmad Marzuki Sabtu malam (22/7) dan dihadiri oleh sejumlah peserta dari 16 Pengurus Daerah KB PII Kabupaten/Kota se-Aceh. Kegiatan tersebut turut dihadiri sejumlah tokoh dan para petinggi KB PII Aceh serta sejumlah pejabat. Di antaranya Anggota DPD RI asal Aceh Abdullah Puteh yang juga mantan Gubernur Nanggroe Aceh Darussalam (NAD), A Malik Raden, Ketua Perhimpunan KB PII Aceh Tgk Muhammad Yus, Anggota DPD RI Fadhil Rahmi, Ketua DPRK Banda Aceh Farid Nyak Umar dan pejabat undangan lainnya. Di antara agenda penting Muswil salah satunya memilih Ketua Umum dan Anggota Formatur. Saat pemilihan, Muslem Yacob meraih 10 suara, kemudian calon lainnya Zulkifli M Ali hanya mendapat 1 suara, Ichwanul Fitri 1 suara dan Soufyan M Saleh 1 suara. ""Melalui proses persidangan yang cukup alot, para peserta musyawarah wilayah akhirnya memilih Dr Muslem Yacob SAg MPd sebagai Ketua Umum sekaligus Ketua Formatur Pengurus Wilayah KB PII Aceh periode 2023-2027,"" ujar Abrar, Ketua Presidium Sidang Muswil, Ahad (23/7). Selain menetapkan Muslem Yacob sebagai ketua umum, Muswil V juga menetapkan 4 anggota formatur yaitu Mustafa Umar ST dan Abrar ST mewakili PW KB PII Aceh, Carbaini SAg mewakili PD KB PII Aceh Besar dan Muswar mewakili PD KB PII Aceh Barat. Kemudian Muswil juga menetapkan Program Kerja Pemgurus Wilayah KB PII Aceh dan rekomendasi-rekomendasi. Rangkaian kegiatan Muswil ditutup oleh perwakilan Pengurus Pusat KB PII Ahmad Sukamadjaya.",Muslem Yacob Terpilih Sebagai Ketua Umum KB PII Aceh,https://analisadaily.com/berita/baca/2023/07/23/1044497/muslem-yacob-terpilih-sebagai-ketua-umum-kb-pii-aceh/,analisadaily.com,2023-07-23,high,263,marketplace Aceh,Aulia,,1.0,needs_review,neutral,0,1,auto,
12451,Kemendikdasmen Kebut Revitalisasi Sekolah Terdampak Bencana,Mengapa Usaha Online Didata dalam Sensus Ekonomi?,https://www.beritasatu.com/ekonomi/3005480/mengapa-usaha-online-didata-dalam-sensus-ekonomi,beritasatu.com,"Thu, 25 Jun 2026 07:00:00 GMT",low,6,marketplace Aceh,Aulia,,1.0,needs_review,neutral,0,0,auto,
12452,Gus Ipul Minta Seluruh Kepsek Perkuat SOP Sekolah Rakyat,Mengapa Usaha Online Didata dalam Sensus Ekonomi?,https://www.beritasatu.com/ekonomi/3005480/mengapa-usaha-online-didata-dalam-sensus-ekonomi,beritasatu.com,"Thu, 25 Jun 2026 07:00:00 GMT",low,9,marketplace Aceh,Aulia,,1.0,needs_review,neutral,0,0,auto,
12453,"Gempa M 5,9 Guncang Laut Jawa, 8 KA Sempat Berhenti Luar Biasa",Mengapa Usaha Online Didata dalam Sensus Ekonomi?,https://www.beritasatu.com/ekonomi/3005480/mengapa-usaha-online-didata-dalam-sensus-ekonomi,beritasatu.com,"Thu, 25 Jun 2026 07:00:00 GMT",low,12,marketplace Aceh,Aulia,,0.0,needs_review,neutral,0,0,auto,
12454,Waspada Gelombang Tinggi di Perairan Ini pada 12 September 2026,Mengapa Usaha Online Didata dalam Sensus Ekonomi?,https://www.beritasatu.com/ekonomi/3005480/mengapa-usaha-online-didata-dalam-sensus-ekonomi,beritasatu.com,"Thu, 25 Jun 2026 07:00:00 GMT",low,10,marketplace Aceh,Aulia,,0.0,needs_review,neutral,0,0,auto,
12455,13 Wilayah Akan Dilanda Angin Kencang pada Akhir Pekan,Mengapa Usaha Online Didata dalam Sensus Ekonomi?,https://www.beritasatu.com/ekonomi/3005480/mengapa-usaha-online-didata-dalam-sensus-ekonomi,beritasatu.com,"Thu, 25 Jun 2026 07:00:00 GMT",low,9,marketplace Aceh,Aulia,,0.0,needs_review,neutral,0,0,auto,
12456,Gubernur NTT Sebut Bencana dan Fiskal Jadi Tantangan Terbesar,Mengapa Usaha Online Didata dalam Sensus Ekonomi?,https://www.beritasatu.com/ekonomi/3005480/mengapa-usaha-online-didata-dalam-sensus-ekonomi,beritasatu.com,"Thu, 25 Jun 2026 07:00:00 GMT",low,9,marketplace Aceh,Aulia,,0.0,needs_review,neutral,0,1,auto,
12457,"Harga Emas Bangkit, Perak Antam Ikut Naik Rp 400 Per Gram",Mengapa Usaha Online Didata dalam Sensus Ekonomi?,https://www.beritasatu.com/ekonomi/3005480/mengapa-usaha-online-didata-dalam-sensus-ekonomi,beritasatu.com,"Thu, 25 Jun 2026 07:00:00 GMT",low,11,marketplace Aceh,Aulia,,2.0,needs_review,neutral,0,0,auto,
12458,Harga Emas Antam Hari Ini Bangkit Seusai Jatuh Rp 25.000 Per Gram,Mengapa Usaha Online Didata dalam Sensus Ekonomi?,https://www.beritasatu.com/ekonomi/3005480/mengapa-usaha-online-didata-dalam-sensus-ekonomi,beritasatu.com,"Thu, 25 Jun 2026 07:00:00 GMT",low,12,marketplace Aceh,Aulia,,1.0,needs_review,neutral,0,0,auto,
12459,VKTR Dorong Kendaraan Listrik Jadi Solusi Mobilitas Sektor Tambang,Mengapa Usaha Online Didata dalam Sensus Ekonomi?,https://www.beritasatu.com/ekonomi/3005480/mengapa-usaha-online-didata-dalam-sensus-ekonomi,beritasatu.com,"Thu, 25 Jun 2026 07:00:00 GMT",low,9,marketplace Aceh,Aulia,,0.0,needs_review,neutral,0,0,auto,
12460,Dubes Saudi Doakan 5 Jurnalis yang Hilang Saat Liput Anak Krakatau,Mengapa Usaha Online Didata dalam Sensus Ekonomi?,https://www.beritasatu.com/ekonomi/3005480/mengapa-usaha-online-didata-dalam-sensus-ekonomi,beritasatu.com,"Thu, 25 Jun 2026 07:00:00 GMT",low,11,marketplace Aceh,Aulia,,0.0,needs_review,neutral,0,0,auto,
12461,Rusia Gandeng Vietnam Kerja Sama Bangun Cadangan Minyak Strategis,Mengapa Usaha Online Didata dalam Sensus Ekonomi?,https://www.beritasatu.com/ekonomi/3005480/mengapa-usaha-online-didata-dalam-sensus-ekonomi,beritasatu.com,"Thu, 25 Jun 2026 07:00:00 GMT",low,9,marketplace Aceh,Aulia,,0.0,needs_review,positive,2,0,auto,
12462,"Peringatan 11 September, Menhan AS Ingin Tuntaskan Perang dengan Iran",Mengapa Usaha Online Didata dalam Sensus Ekonomi?,https://www.beritasatu.com/ekonomi/3005480/mengapa-usaha-online-didata-dalam-sensus-ekonomi,beritasatu.com,"Thu, 25 Jun 2026 07:00:00 GMT",low,10,marketplace Aceh,Aulia,,0.0,needs_review,neutral,0,0,auto,
12463,Shin Tae-yong Optimistis Persija Bakal Libas Persib Bandung Sore Ini,Mengapa Usaha Online Didata dalam Sensus Ekonomi?,https://www.beritasatu.com/ekonomi/3005480/mengapa-usaha-online-didata-dalam-sensus-ekonomi,beritasatu.com,"Thu, 25 Jun 2026 07:00:00 GMT",low,10,marketplace Aceh,Aulia,,0.0,needs_review,neutral,1,0,auto,
12464,Indonesia Sports Summit 2026: Momentum Ekosistem Olahraga Mandiri,Mengapa Usaha Online Didata dalam Sensus Ekonomi?,https://www.beritasatu.com/ekonomi/3005480/mengapa-usaha-online-didata-dalam-sensus-ekonomi,beritasatu.com,"Thu, 25 Jun 2026 07:00:00 GMT",low,8,marketplace Aceh,Aulia,,2.0,needs_review,neutral,0,0,auto,
12465,Prediksi Hasil Semifinal AVC Men's Volleyball Continental 2026,Mengapa Usaha Online Didata dalam Sensus Ekonomi?,https://www.beritasatu.com/ekonomi/3005480/mengapa-usaha-online-didata-dalam-sensus-ekonomi,beritasatu.com,"Thu, 25 Jun 2026 07:00:00 GMT",low,8,marketplace Aceh,Aulia,,0.0,needs_review,neutral,0,0,auto,
12466,"Menyesal Beli Apartemen, Riyuka Bunga: Lebih Baik Ngontrak Rumah",Mengapa Usaha Online Didata dalam Sensus Ekonomi?,https://www.beritasatu.com/ekonomi/3005480/mengapa-usaha-online-didata-dalam-sensus-ekonomi,beritasatu.com,"Thu, 25 Jun 2026 07:00:00 GMT",low,9,marketplace Aceh,Aulia,,1.0,needs_review,neutral,0,0,auto,
12467,Juicy Luicy Singgung Drama Pelunasan Honor Saat Batal Tampil di Batam,Mengapa Usaha Online Didata dalam Sensus Ekonomi?,https://www.beritasatu.com/ekonomi/3005480/mengapa-usaha-online-didata-dalam-sensus-ekonomi,beritasatu.com,"Thu, 25 Jun 2026 07:00:00 GMT",low,11,marketplace Aceh,Aulia,,0.0,needs_review,neutral,0,0,auto,
12468,GAC Jadi Produsen Mobil Asal China Pertama Raih Pengakuan EU WLTP,Mengapa Usaha Online Didata dalam Sensus Ekonomi?,https://www.beritasatu.com/ekonomi/3005480/mengapa-usaha-online-didata-dalam-sensus-ekonomi,beritasatu.com,"Thu, 25 Jun 2026 07:00:00 GMT",low,11,marketplace Aceh,Aulia,,0.0,needs_review,neutral,0,0,auto,
12469,"Aston Martin Luncurkan Motor Street-Legal Pertama, Cuma 300 Unit",Mengapa Usaha Online Didata dalam Sensus Ekonomi?,https://www.beritasatu.com/ekonomi/3005480/mengapa-usaha-online-didata-dalam-sensus-ekonomi,beritasatu.com,"Thu, 25 Jun 2026 07:00:00 GMT",low,9,marketplace Aceh,Aulia,,0.0,needs_review,neutral,0,0,auto,
12470,"Persaingan Brutal, Banyak Merek Mobil Listrik China Bisa Bangkrut",Mengapa Usaha Online Didata dalam Sensus Ekonomi?,https://www.beritasatu.com/ekonomi/3005480/mengapa-usaha-online-didata-dalam-sensus-ekonomi,beritasatu.com,"Thu, 25 Jun 2026 07:00:00 GMT",low,9,marketplace Aceh,Aulia,,0.0,needs_review,neutral,0,1,auto,
12471,28 Juta Jiwa Terancam! Kemenkes Buka Healing119 untuk Pertolongan Cepat,Mengapa Usaha Online Didata dalam Sensus Ekonomi?,https://www.beritasatu.com/ekonomi/3005480/mengapa-usaha-online-didata-dalam-sensus-ekonomi,beritasatu.com,"Thu, 25 Jun 2026 07:00:00 GMT",low,10,marketplace Aceh,Aulia,,1.0,needs_review,neutral,0,0,auto,
12472,Doa Bersama Untuk Keselamatan Jurnalis dan Awak Kapal yang Hilang Kontak,Mengapa Usaha Online Didata dalam Sensus Ekonomi?,https://www.beritasatu.com/ekonomi/3005480/mengapa-usaha-online-didata-dalam-sensus-ekonomi,beritasatu.com,"Thu, 25 Jun 2026 07:00:00 GMT",low,11,marketplace Aceh,Aulia,,0.0,needs_review,neutral,0,0,auto,
12473,Heli Chinook Militer Jepang Untuk Atasi Karhutla Tiba di Kalbar,Mengapa Usaha Online Didata dalam Sensus Ekonomi?,https://www.beritasatu.com/ekonomi/3005480/mengapa-usaha-online-didata-dalam-sensus-ekonomi,beritasatu.com,"Thu, 25 Jun 2026 07:00:00 GMT",low,10,marketplace Aceh,Aulia,,0.0,needs_review,neutral,0,0,auto,
12480,"Ikut didatanya usaha online ataumarketplacedalam sensus ekonomi bukan untuk mengetahui siapa yang paling sukses atau seberapa kaya seseorang atau pengusaha. Upaya yang ingin dipahami oleh Badan Pusat Statistik (BPS) adalah aktivitas ekonomi. Apakah usaha tersebut bergerak di sektor perdagangan, jasa, industri, makanan dan minuman, atau sektor lainnya. Berapa banyak tenaga kerja yang terlibat. Bagaimana usaha tersebut berkembang. Informasi seperti inilah yang dibutuhkan untuk menghasilkan statistik ekonomi yang lengkap dan berkualitas.",Mengapa Usaha Online Didata dalam Sensus Ekonomi?,https://www.beritasatu.com/ekonomi/3005480/mengapa-usaha-online-didata-dalam-sensus-ekonomi,beritasatu.com,"Thu, 25 Jun 2026 07:00:00 GMT",low,70,marketplace Aceh,Aulia,,5.0,needs_review,positive,2,0,auto,
12481,"Informasi yang lengkap dan akurat diperlukan untuk merancang berbagai program, mulai dari penguatan UMKM, pengembangan ekonomi digital, penciptaan lapangan kerja, hingga pembangunan infrastruktur atau perangkat penunjang aktivitas ekonomi. Ibarat resep obat, jika tidak diketahui persis apa penyakitnya, maka resep yang diberikan berpotensi gagal.",Mengapa Usaha Online Didata dalam Sensus Ekonomi?,https://www.beritasatu.com/ekonomi/3005480/mengapa-usaha-online-didata-dalam-sensus-ekonomi,beritasatu.com,"Thu, 25 Jun 2026 07:00:00 GMT",low,43,marketplace Aceh,Aulia,,2.0,needs_review,positive,2,1,auto,
12482,"Oleh sebab itu, Sensus Ekonomi 2026 tidak hanya mendata usaha-usaha yang berada di pusat perdagangan, kawasan industri, atau pasar tradisional. Sensus ini juga berupaya menangkap berbagai aktivitas ekonomi baru yang tumbuh seiring perkembangan teknologi dan perubahan perilaku masyarakat.",Mengapa Usaha Online Didata dalam Sensus Ekonomi?,https://www.beritasatu.com/ekonomi/3005480/mengapa-usaha-online-didata-dalam-sensus-ekonomi,beritasatu.com,"Thu, 25 Jun 2026 07:00:00 GMT",low,38,marketplace Aceh,Aulia,,3.0,needs_review,positive,2,0,auto,
12484,Pesawat Militer Diduga Penyebab Batalnya 2.000 Penerbangan di Inggris,Mengapa Usaha Online Didata dalam Sensus Ekonomi?,https://www.beritasatu.com/ekonomi/3005480/mengapa-usaha-online-didata-dalam-sensus-ekonomi,beritasatu.com,"Thu, 25 Jun 2026 07:00:00 GMT",low,9,marketplace Aceh,Aulia,,0.0,needs_review,neutral,0,0,auto,
12485,Pemerintah Pastikan Impor Minyak Rusia Tahap Kedua Berjalan,Mengapa Usaha Online Didata dalam Sensus Ekonomi?,https://www.beritasatu.com/ekonomi/3005480/mengapa-usaha-online-didata-dalam-sensus-ekonomi,beritasatu.com,"Thu, 25 Jun 2026 07:00:00 GMT",low,8,marketplace Aceh,Aulia,,1.0,needs_review,neutral,0,0,auto,
12486,"Bobotoh Tak Bisa ke SUGBK, Persib Siapkan 6 Lokasi Nobar di Bandung",Mengapa Usaha Online Didata dalam Sensus Ekonomi?,https://www.beritasatu.com/ekonomi/3005480/mengapa-usaha-online-didata-dalam-sensus-ekonomi,beritasatu.com,"Thu, 25 Jun 2026 07:00:00 GMT",low,12,marketplace Aceh,Aulia,,0.0,needs_review,neutral,0,0,auto,
12487,"Kepulauan Seribu Diguncang Gempa Magnitudo 5,9 Pagi Ini",Mengapa Usaha Online Didata dalam Sensus Ekonomi?,https://www.beritasatu.com/ekonomi/3005480/mengapa-usaha-online-didata-dalam-sensus-ekonomi,beritasatu.com,"Thu, 25 Jun 2026 07:00:00 GMT",low,8,marketplace Aceh,Aulia,,0.0,needs_review,neutral,0,0,auto,
12488,"Persebaya vs PSIM, Panpel Siapkan 2.000 Tiket untuk Suporter Tamu",Mengapa Usaha Online Didata dalam Sensus Ekonomi?,https://www.beritasatu.com/ekonomi/3005480/mengapa-usaha-online-didata-dalam-sensus-ekonomi,beritasatu.com,"Thu, 25 Jun 2026 07:00:00 GMT",low,10,marketplace Aceh,Aulia,,0.0,needs_review,neutral,0,0,auto,
12489,Antisipasi Penurunan Kesehatan Orang Utan Terdampak Asap,Mengapa Usaha Online Didata dalam Sensus Ekonomi?,https://www.beritasatu.com/ekonomi/3005480/mengapa-usaha-online-didata-dalam-sensus-ekonomi,beritasatu.com,"Thu, 25 Jun 2026 07:00:00 GMT",low,7,marketplace Aceh,Aulia,,0.0,needs_review,neutral,0,0,auto,
12490,Solusi Alih Daya bagi BUMN di Era Danantara Menghadapi Tantangan Global,Mengapa Usaha Online Didata dalam Sensus Ekonomi?,https://www.beritasatu.com/ekonomi/3005480/mengapa-usaha-online-didata-dalam-sensus-ekonomi,beritasatu.com,"Thu, 25 Jun 2026 07:00:00 GMT",low,11,marketplace Aceh,Aulia,,2.0,needs_review,neutral,0,1,auto,
12491,"Jembatan Putus, Warga Juli Aceh Terpaksa Menyeberang Sungai Pakai Perahu dan Ban Dalam","Jembatan Putus, Warga Juli Aceh Terpaksa Menyeberang Sungai Pakai Perahu dan Ban Dalam",https://www.liputan6.com/photo/read/6236465/jembatan-putus-warga-juli-aceh-terpaksa-menyeberang-sungai-pakai-perahu-dan-ban-dalam,liputan6.com,2025-12-15,high,13,marketplace Aceh,Aulia,,0.0,needs_review,neutral,0,0,auto,
12492,"Akses warga di kawasan Juli, Kabupaten Bireuen, Aceh, masih terputus setelah jembatan ambruk akibat banjir besar yang meluap dari Sungai Peusangan. Jembatan ini merupakan jalur utama penghubung Bireuen dengan Bener Meriah dan Aceh Tengah. Hingga Minggu (14/12/2025), warga terpaksa menggunakan perahu dan ban dalam untuk menyeberangi sungai setelah jembatan rusak akibat banjir bandang yang menerjang wilayah tersebut pada akhir November 2025 lalu. Sebagai informasi, untuk memulihkan akses transportasi, Kementerian PUPR bersama TNI telah membangun jembatan darurat (jembatan bailey) di lokasi tersebut, yang diperkirakan rampung dan mulai bisa dilintasi pada pertengahan Desember 2025. Pembangunan jembatan darurat sangat penting agar mobilitas masyarakat setempat dapat kembali berlangsung dengan normal. Demi mempercepat proses pemulihan pasca bencana banjir bandang di Aceh, sejumlah pihak terus berupaya memperbaiki jalur-jalur darat yang rusak. Pihak terkait akan terus mengerahkan kemampuan untuk melakukan upaya percepatan pemulihan infrastruktur dan konektivitas wilayah terdampak bencana.","Jembatan Putus, Warga Juli Aceh Terpaksa Menyeberang Sungai Pakai Perahu dan Ban Dalam",https://www.liputan6.com/photo/read/6236465/jembatan-putus-warga-juli-aceh-terpaksa-menyeberang-sungai-pakai-perahu-dan-ban-dalam,liputan6.com,2025-12-15,high,142,marketplace Aceh,Aulia,,2.0,needs_review,neutral,0,0,auto,
12493,"SERAMBINEWS.COM- Kisah Founder WOU Group, Anton Wibowo merintisusahamodal Rp 200 ribu untuk FB Ads, kini terima orderan minimal 11.000 per bulan dari jual batik di marketplace.","Kisah Anton, Modal Rp200 Ribu FB Ads Kini Terima Orderan 11000 Paket/Bulan Jual Batik di Marketplace",https://aceh.tribunnews.com/2023/07/04/kisah-anton-modal-rp200-ribu-fb-ads-kini-terima-orderan-11000-paketbulan-jual-batik-di-marketplace,aceh.tribunnews.com,"Tue, 04 Jul 2023 07:00:00 GMT",low,26,marketplace Aceh,Aulia,,3.0,needs_review,neutral,0,1,auto,
12494,"Tidak menyerah dengan keterbatasan, itulah semangat pantang menyerah yang dimiliki Anton dalam merintis bisnisnya.","Kisah Anton, Modal Rp200 Ribu FB Ads Kini Terima Orderan 11000 Paket/Bulan Jual Batik di Marketplace",https://aceh.tribunnews.com/2023/07/04/kisah-anton-modal-rp200-ribu-fb-ads-kini-terima-orderan-11000-paketbulan-jual-batik-di-marketplace,aceh.tribunnews.com,"Tue, 04 Jul 2023 07:00:00 GMT",low,14,marketplace Aceh,Aulia,,1.0,needs_review,negative,0,2,auto,
12495,"Berawal dari memutuskan resign saat masih bekerja di salah satu perusahaan tambang di Kalimantan Timur karena tidak bisa bawa istri, Anton putar otak dengan memulaiusahabaru.","Kisah Anton, Modal Rp200 Ribu FB Ads Kini Terima Orderan 11000 Paket/Bulan Jual Batik di Marketplace",https://aceh.tribunnews.com/2023/07/04/kisah-anton-modal-rp200-ribu-fb-ads-kini-terima-orderan-11000-paketbulan-jual-batik-di-marketplace,aceh.tribunnews.com,"Tue, 04 Jul 2023 07:00:00 GMT",low,25,marketplace Aceh,Aulia,,0.0,needs_review,neutral,0,0,auto,
12496,"Kala itu, ia tak punya tabungan dan hanya ada Rp 200 ribu yang tersisa di rekening.","Kisah Anton, Modal Rp200 Ribu FB Ads Kini Terima Orderan 11000 Paket/Bulan Jual Batik di Marketplace",https://aceh.tribunnews.com/2023/07/04/kisah-anton-modal-rp200-ribu-fb-ads-kini-terima-orderan-11000-paketbulan-jual-batik-di-marketplace,aceh.tribunnews.com,"Tue, 04 Jul 2023 07:00:00 GMT",low,16,marketplace Aceh,Aulia,,0.0,needs_review,neutral,0,0,auto,
12497,Pendapatan dari sana kemudian diputar lagi untuk dijadikan modal dan begitu terus.,"Kisah Anton, Modal Rp200 Ribu FB Ads Kini Terima Orderan 11000 Paket/Bulan Jual Batik di Marketplace",https://aceh.tribunnews.com/2023/07/04/kisah-anton-modal-rp200-ribu-fb-ads-kini-terima-orderan-11000-paketbulan-jual-batik-di-marketplace,aceh.tribunnews.com,"Tue, 04 Jul 2023 07:00:00 GMT",low,12,marketplace Aceh,Aulia,,2.0,needs_review,neutral,0,0,auto,
12498,"Kemudian ia sempat bingung karena sehari hanya berhasil mengirim 10 paket, sementara kompetitor bisa sampai 2-3 karung.","Kisah Anton, Modal Rp200 Ribu FB Ads Kini Terima Orderan 11000 Paket/Bulan Jual Batik di Marketplace",https://aceh.tribunnews.com/2023/07/04/kisah-anton-modal-rp200-ribu-fb-ads-kini-terima-orderan-11000-paketbulan-jual-batik-di-marketplace,aceh.tribunnews.com,"Tue, 04 Jul 2023 07:00:00 GMT",low,17,marketplace Aceh,Aulia,,2.0,needs_review,neutral,1,0,auto,
12499,"Setelah dipelajarinya, ternyata teman-teman yang jualannya ramai menggunakan marketplace.","Kisah Anton, Modal Rp200 Ribu FB Ads Kini Terima Orderan 11000 Paket/Bulan Jual Batik di Marketplace",https://aceh.tribunnews.com/2023/07/04/kisah-anton-modal-rp200-ribu-fb-ads-kini-terima-orderan-11000-paketbulan-jual-batik-di-marketplace,aceh.tribunnews.com,"Tue, 04 Jul 2023 07:00:00 GMT",low,9,marketplace Aceh,Aulia,,3.0,needs_review,neutral,0,0,auto,
12500,"""Ternyata paling besar rata-rata mereka jualnya di Shopee waktu itu 2017,"" kenang Anton.","Kisah Anton, Modal Rp200 Ribu FB Ads Kini Terima Orderan 11000 Paket/Bulan Jual Batik di Marketplace",https://aceh.tribunnews.com/2023/07/04/kisah-anton-modal-rp200-ribu-fb-ads-kini-terima-orderan-11000-paketbulan-jual-batik-di-marketplace,aceh.tribunnews.com,"Tue, 04 Jul 2023 07:00:00 GMT",low,13,marketplace Aceh,Aulia,,1.0,needs_review,neutral,0,0,auto,
12501,"Kemudian setelah ditirunya, awal-awal tidak laku juga karena mungkin ada yang salah dalam hal optimasi algoritma, keyword dan sebagainya.","Kisah Anton, Modal Rp200 Ribu FB Ads Kini Terima Orderan 11000 Paket/Bulan Jual Batik di Marketplace",https://aceh.tribunnews.com/2023/07/04/kisah-anton-modal-rp200-ribu-fb-ads-kini-terima-orderan-11000-paketbulan-jual-batik-di-marketplace,aceh.tribunnews.com,"Tue, 04 Jul 2023 07:00:00 GMT",low,19,marketplace Aceh,Aulia,,0.0,needs_review,neutral,0,0,auto,
12502,Akhirnya mulai membuka diskusi dengan sesama penjual batik hingga terbentuk semacam Focus Group Discussion (FGD) terkait jualan di marketplace.,"Kisah Anton, Modal Rp200 Ribu FB Ads Kini Terima Orderan 11000 Paket/Bulan Jual Batik di Marketplace",https://aceh.tribunnews.com/2023/07/04/kisah-anton-modal-rp200-ribu-fb-ads-kini-terima-orderan-11000-paketbulan-jual-batik-di-marketplace,aceh.tribunnews.com,"Tue, 04 Jul 2023 07:00:00 GMT",low,19,marketplace Aceh,Aulia,,3.0,needs_review,neutral,0,0,auto,
12503,Hops.ID - Nama Shella Saukia kini tengah jadi perbincangan publik setelah ia berseteru dengan Dokter Detektif atau yang lebih akrab disapa Doktif.,"Intip rumah Shella Saukia dulu dan sekarang, kemewahan berbanding terbalik bak bumi dan langit",https://www.hops.id/unik/29414413443/intip-rumah-shella-saukia-dulu-dan-sekarang-kemewahan-berbanding-terbalik-bak-bumi-dan-langit,hops.id,"Fri, 24 Jan 2025 08:00:00 GMT",low,22,marketplace Aceh,Aulia,,0.0,needs_review,neutral,0,0,auto,
12504,Shella Saukia merupakan seorang pengusaha fashion dan Skincare yang sukses asal Banda Aceh dan kini telah menetap di Jakarta.,"Intip rumah Shella Saukia dulu dan sekarang, kemewahan berbanding terbalik bak bumi dan langit",https://www.hops.id/unik/29414413443/intip-rumah-shella-saukia-dulu-dan-sekarang-kemewahan-berbanding-terbalik-bak-bumi-dan-langit,hops.id,"Fri, 24 Jan 2025 08:00:00 GMT",high,19,marketplace Aceh,Aulia,,2.0,needs_review,neutral,1,0,auto,
12505,"Meski tinggal di Jakarta untuk menjalankan bisnisnya, Shella Saukia ternyata mempunyai rumah yang sangat mewah di Banda Aceh.","Intip rumah Shella Saukia dulu dan sekarang, kemewahan berbanding terbalik bak bumi dan langit",https://www.hops.id/unik/29414413443/intip-rumah-shella-saukia-dulu-dan-sekarang-kemewahan-berbanding-terbalik-bak-bumi-dan-langit,hops.id,"Fri, 24 Jan 2025 08:00:00 GMT",high,18,marketplace Aceh,Aulia,,1.0,needs_review,neutral,0,0,auto,
12506,Yang mana dalam video itu terlihat penampakan rumah megah bak kraton yang didominasi dengan warna putih.,"Intip rumah Shella Saukia dulu dan sekarang, kemewahan berbanding terbalik bak bumi dan langit",https://www.hops.id/unik/29414413443/intip-rumah-shella-saukia-dulu-dan-sekarang-kemewahan-berbanding-terbalik-bak-bumi-dan-langit,hops.id,"Fri, 24 Jan 2025 08:00:00 GMT",low,16,marketplace Aceh,Aulia,,0.0,needs_review,neutral,0,0,auto,
12507,Rumah Shella Saukia tersebut terlihat yang paling besar jika dibandingkan dengan rumah-rumah yang ada di sampingnya.,"Intip rumah Shella Saukia dulu dan sekarang, kemewahan berbanding terbalik bak bumi dan langit",https://www.hops.id/unik/29414413443/intip-rumah-shella-saukia-dulu-dan-sekarang-kemewahan-berbanding-terbalik-bak-bumi-dan-langit,hops.id,"Fri, 24 Jan 2025 08:00:00 GMT",low,16,marketplace Aceh,Aulia,,0.0,needs_review,neutral,0,0,auto,
12508,"Lalu, berapa luas rumah Shella Saukia, apakah ada perbedaan dengan rumah yang dulu sebelum ia sukses?","Intip rumah Shella Saukia dulu dan sekarang, kemewahan berbanding terbalik bak bumi dan langit",https://www.hops.id/unik/29414413443/intip-rumah-shella-saukia-dulu-dan-sekarang-kemewahan-berbanding-terbalik-bak-bumi-dan-langit,hops.id,"Fri, 24 Jan 2025 08:00:00 GMT",low,16,marketplace Aceh,Aulia,,2.0,needs_review,neutral,1,0,auto,
12509,"Berbicara tentang luas rumah, Shella sendiri pernah mengungkapkannya saat menjadi bintang tamu di acara Pagi Pagi Ambyar dua tahun yang lalu.","Intip rumah Shella Saukia dulu dan sekarang, kemewahan berbanding terbalik bak bumi dan langit",https://www.hops.id/unik/29414413443/intip-rumah-shella-saukia-dulu-dan-sekarang-kemewahan-berbanding-terbalik-bak-bumi-dan-langit,hops.id,"Fri, 24 Jan 2025 08:00:00 GMT",low,21,marketplace Aceh,Aulia,,1.0,needs_review,neutral,0,0,auto,
12510,Shella Saukia mengungkapkan bahwa luas tanah yang digunakan untuk rumahnya tersebut kurang lebih 1.200 meter persegi.,"Intip rumah Shella Saukia dulu dan sekarang, kemewahan berbanding terbalik bak bumi dan langit",https://www.hops.id/unik/29414413443/intip-rumah-shella-saukia-dulu-dan-sekarang-kemewahan-berbanding-terbalik-bak-bumi-dan-langit,hops.id,"Fri, 24 Jan 2025 08:00:00 GMT",low,16,marketplace Aceh,Aulia,,0.0,needs_review,neutral,0,1,auto,
12511,"""Luas tanahnya itu sekitar 1.200 tapi itu belum semua terbangun kak,"" ucap Shella Saukia dihadapan Dewi Persik.","Intip rumah Shella Saukia dulu dan sekarang, kemewahan berbanding terbalik bak bumi dan langit",https://www.hops.id/unik/29414413443/intip-rumah-shella-saukia-dulu-dan-sekarang-kemewahan-berbanding-terbalik-bak-bumi-dan-langit,hops.id,"Fri, 24 Jan 2025 08:00:00 GMT",low,17,marketplace Aceh,Aulia,,0.0,needs_review,neutral,0,0,auto,
12512,"Padahal, di belakang rumah mewah milik Shella Saukia ternyata masih ada rumah lama yang pernah ia gunakan sebelum sesukses seperti saat ini.","Intip rumah Shella Saukia dulu dan sekarang, kemewahan berbanding terbalik bak bumi dan langit",https://www.hops.id/unik/29414413443/intip-rumah-shella-saukia-dulu-dan-sekarang-kemewahan-berbanding-terbalik-bak-bumi-dan-langit,hops.id,"Fri, 24 Jan 2025 08:00:00 GMT",low,22,marketplace Aceh,Aulia,,2.0,needs_review,neutral,1,0,auto,
12513,"Suasana aktivitas warga terlihat di Hunian Sementara (Huntara) di Jalan Kramat Raya, Jakarta, Selasa (8/9/2026). Huntara tersebut dihuni warga yang sebelumnya tinggal di bantaran rel kereta api kawasan Pasar Gaplok, Senen. Dari 324 unit yang tersedia, sebanyak 69 unit telah ditempati oleh 69 kepala keluarga atau 275 orang. Warga mulai menempati Huntara sejak akhir Juni 2026. Sejumlah fasilitas seperti taman bermain dan dapur bersama telah dapat digunakan untuk menunjang aktivitas sehari-hari. Pemerintah memberikan fasilitas hunian tanpa biaya sewa selama enam bulan pertama, termasuk kebutuhan air dan listrik. Perpindahan ini menjadi babak baru bagi warga setelah bertahun-tahun tinggal di sekitar bantaran rel.",Memantau Progres Penyambungan Kembali Salah Satu Jembatan di Bireuen Aceh,https://www.liputan6.com/photo/read/6232985/memantau-progres-penyambungan-kembali-salah-satu-jembatan-di-bireuen-aceh,liputan6.com,2025-12-10,medium,101,marketplace Aceh,Aulia,,2.0,needs_review,neutral,0,0,auto,
12514,"KBRN. Aceh Utara : Gampong (Desa) Penayan masih menjadi salah satu desa penghasil buah kelapa di kawasan kecamatan nisam kabupaten aceh utara, demikian di sampaikan Geusyik Gampong penayan Muktar kepada RRI Rabu (24/4/2025)",Peunayan Salah Satu Desa Penghasil Kelapa di Nisam Aceh Utara,https://rri.co.id/lhokseumawe/bisnis/1469219/peunayan-salah-satu-desa-penghasil-kelapa-di-nisam-aceh-utara,rri.co.id,"Wed, 23 Apr 2025 07:00:00 GMT",high,33,marketplace Aceh,Aulia,,0.0,needs_review,neutral,0,0,auto,
12515,"Menurut Muktar hampir setiap rumah yang ada di Penayan memiliki pohon kepala dengan jumlah 3 sampai 6 pohon, sehingga perharinya para pengumpul atau Agen kelapa mengambil ratusan butir buah kelapa di desanya dengan harga beli di tingkat petani perkilonya mencapai Rp. 4.500",Peunayan Salah Satu Desa Penghasil Kelapa di Nisam Aceh Utara,https://rri.co.id/lhokseumawe/bisnis/1469219/peunayan-salah-satu-desa-penghasil-kelapa-di-nisam-aceh-utara,rri.co.id,"Wed, 23 Apr 2025 07:00:00 GMT",medium,42,marketplace Aceh,Aulia,,2.0,needs_review,neutral,0,0,auto,
12516,"Dengan tinggi nya harga kelapa saat ini membuat masyarakat Penayan bisa menambah pundi pundi rupiah dimana dalam sebulan sekali setiap pohon kepala bisa dipanen mencapai 15 sampai 20 butir per pohonnya,""tutup Muktar.",Peunayan Salah Satu Desa Penghasil Kelapa di Nisam Aceh Utara,https://rri.co.id/lhokseumawe/bisnis/1469219/peunayan-salah-satu-desa-penghasil-kelapa-di-nisam-aceh-utara,rri.co.id,"Wed, 23 Apr 2025 07:00:00 GMT",medium,32,marketplace Aceh,Aulia,,1.0,needs_review,neutral,0,1,auto,
12846,"Supaya anak-anak Aceh dapat mengenyam pendidikan yang layak dari guru yang memiliki kualitas mumpuni dalam rangka menyongsong masa depan pendidikan Aceh yang lebih baik, kata Alhudri kepada wartawan, Senin (3/5/2021), terkait peringatan Hari Pendidikan Nasional (Hardiknas) tahun 2021.",Kadisdik: Program Merdeka Belajar Bisa Jadi Solusi Peningkatan Kualitas Pendidikan di Aceh,https://waspadaaceh.com/kadisdik-program-merdeka-belajar-bisa-jadi-solusi-peningkatan-kualitas-pendidikan-di-aceh/,waspadaaceh.com,2021-05-04,high,38,teknologi informasi Aceh,Aulia,,1.0,needs_review,neutral,0,0,auto,
12847,"Peringatan Hardiknas itu sendiri bertepatan pada 2 Mei 2021 dengan tema Serentak Bergerak, Mewujudkan Merdeka Belajar. Kepala Dinas Pendidikan Aceh, Drs Alhudri, MM menyebutkan agar program Merdeka Belajar yang dicetuskan Kementerian Pendidikan, Kebudayaan, Riset dan Teknologi RI dapat menjadi solusi dalam meningkatkan mutu dan kualitas pendidikan Aceh.",Kadisdik: Program Merdeka Belajar Bisa Jadi Solusi Peningkatan Kualitas Pendidikan di Aceh,https://waspadaaceh.com/kadisdik-program-merdeka-belajar-bisa-jadi-solusi-peningkatan-kualitas-pendidikan-di-aceh/,waspadaaceh.com,2021-05-04,high,47,teknologi informasi Aceh,Aulia,,2.0,needs_review,neutral,1,0,auto,
12848,"Kata Alhudri, Menteri Pendidikan Nadiem Anwar Makarim menjelaskan ada empat fokus pemerintah dalam mewujudkan program Merdeka Belajar.",Kadisdik: Program Merdeka Belajar Bisa Jadi Solusi Peningkatan Kualitas Pendidikan di Aceh,https://waspadaaceh.com/kadisdik-program-merdeka-belajar-bisa-jadi-solusi-peningkatan-kualitas-pendidikan-di-aceh/,waspadaaceh.com,2021-05-04,medium,17,teknologi informasi Aceh,Aulia,,2.0,needs_review,neutral,0,0,auto,
12851,"Kami mengharapkan agar program Merdeka Belajar ini menjadi solusi dalam mewujudkan Aceh Carong, dengan tingkat kualitas pendidikan yang lebih baik. Karena kualitas generasi masa depan Aceh sangat ditentukan oleh kualitas pendidikan saat ini, kata Alhudri.",Kadisdik: Program Merdeka Belajar Bisa Jadi Solusi Peningkatan Kualitas Pendidikan di Aceh,https://waspadaaceh.com/kadisdik-program-merdeka-belajar-bisa-jadi-solusi-peningkatan-kualitas-pendidikan-di-aceh/,waspadaaceh.com,2021-05-04,high,35,teknologi informasi Aceh,Aulia,,2.0,needs_review,neutral,0,0,auto,
12854,Kita menyadari ini adalah masa pandemi COVID-19. Namun dengan keberadaan teknologi sangat memudahkan para guru dalam mentransfer ilmu pengetahuan kepada para anak-anak didik.,Kadisdik: Program Merdeka Belajar Bisa Jadi Solusi Peningkatan Kualitas Pendidikan di Aceh,https://waspadaaceh.com/kadisdik-program-merdeka-belajar-bisa-jadi-solusi-peningkatan-kualitas-pendidikan-di-aceh/,waspadaaceh.com,2021-05-04,medium,23,teknologi informasi Aceh,Aulia,,1.0,needs_review,neutral,0,0,auto,
12855,"Oleh karena itu, kata Alhudri, pandemi jangan sampai mengendurkan semangat dalam mewujudkan kualitas pendidikan Aceh yang lebih baik. (Ria)",Kadisdik: Program Merdeka Belajar Bisa Jadi Solusi Peningkatan Kualitas Pendidikan di Aceh,https://waspadaaceh.com/kadisdik-program-merdeka-belajar-bisa-jadi-solusi-peningkatan-kualitas-pendidikan-di-aceh/,waspadaaceh.com,2021-05-04,high,19,teknologi informasi Aceh,Aulia,,1.0,needs_review,neutral,0,0,auto,
12857,"Kegiatan ini juga untuk mensinergikan program/kegiatan antara Pemerintah Pusat, Daerah, dan pemerintah Kabupaten/Kota dalam mewujudkan tujuan pembangunan, kata Kepala Dinas Perpustakaan dan Kearsipan Aceh, Edi Yandra di Aceh Timur.","Rakornis Digelar, Ini Harapan Kepala Dinas Perpustakaan dan Kearsipan Aceh",https://www.acehbisnis.com/news/rakornis-digelar-ini-harapan-kepala-dinas-perpustakaan-dan-kearsipan-aceh/index.html,acehbisnis.com,2022-08-12,high,29,teknologi informasi Aceh,Aulia,,2.0,needs_review,neutral,0,0,auto,
12858,"Ia menjelaskan, perkembangan teknologi informasi dan pengaruh globalisasi telah membuat kebutuhan masyarakat akan informasi terus meningkat. Lembaga perpustakaan dan kearsipan dituntut untuk terus berbenah dalam menyelenggarakan layanan publik yang baik dan dinamis, katanya.","Rakornis Digelar, Ini Harapan Kepala Dinas Perpustakaan dan Kearsipan Aceh",https://www.acehbisnis.com/news/rakornis-digelar-ini-harapan-kepala-dinas-perpustakaan-dan-kearsipan-aceh/index.html,acehbisnis.com,2022-08-12,medium,33,teknologi informasi Aceh,Aulia,,3.0,needs_review,positive,2,0,auto,
12859,"Edi Yandra juga mengatakan, hak publik untuk mendapatkan bahan bacaan serta informasi yang berkualitas dan layanan pengelolaan kearsipan harus mampu difasilitasi dengan baik.","Rakornis Digelar, Ini Harapan Kepala Dinas Perpustakaan dan Kearsipan Aceh",https://www.acehbisnis.com/news/rakornis-digelar-ini-harapan-kepala-dinas-perpustakaan-dan-kearsipan-aceh/index.html,acehbisnis.com,2022-08-12,medium,23,teknologi informasi Aceh,Aulia,,2.0,needs_review,neutral,0,0,auto,
12860,"Kegiatan tersebut dibuka Plt. Sekda Aceh Timur,T. Reza rizki dan turut dihadiri Kepala ANRI, Imam Gunarto serta Kepala Dinas dan Pejabat Dinas Perpustakaan dan Kearsipan Kabupaten/ Kota se Aceh.","Rakornis Digelar, Ini Harapan Kepala Dinas Perpustakaan dan Kearsipan Aceh",https://www.acehbisnis.com/news/rakornis-digelar-ini-harapan-kepala-dinas-perpustakaan-dan-kearsipan-aceh/index.html,acehbisnis.com,2022-08-12,high,29,teknologi informasi Aceh,Aulia,,1.0,needs_review,neutral,0,0,auto,
12861,Plt Sekda Aceh Timur T. Reza rizki berharap Rakornis tersebut dapat merumuskan kebijakan yang membawa kemajuan pada dunia kearsipan dan literasi di Aceh.,"Rakornis Digelar, Ini Harapan Kepala Dinas Perpustakaan dan Kearsipan Aceh",https://www.acehbisnis.com/news/rakornis-digelar-ini-harapan-kepala-dinas-perpustakaan-dan-kearsipan-aceh/index.html,acehbisnis.com,2022-08-12,high,23,teknologi informasi Aceh,Aulia,,2.0,needs_review,neutral,1,0,auto,
12862,Kita harus menyadari kearsipan dan perpustakaan merupakan hal yang sangat penting saat ini kata T. Reza Rizki.,"Rakornis Digelar, Ini Harapan Kepala Dinas Perpustakaan dan Kearsipan Aceh",https://www.acehbisnis.com/news/rakornis-digelar-ini-harapan-kepala-dinas-perpustakaan-dan-kearsipan-aceh/index.html,acehbisnis.com,2022-08-12,medium,17,teknologi informasi Aceh,Aulia,,0.0,needs_review,neutral,0,0,auto,
12863,"Kepala ANRI, Imam Gunarto juga mengajak seluruh Kepala Dinas beserta pejabat dan jajaran Dinas Perpustakaan Kabupaten/Kota se Aceh untuk membawa kembali kejayaan kearsipan dan dunia literasi di Aceh, di mana hal ini didukung banyaknya sejarah - sejarah dan peninggalan sejarah Aceh yang dapat menjadi bahan rujukan dunia.","Rakornis Digelar, Ini Harapan Kepala Dinas Perpustakaan dan Kearsipan Aceh",https://www.acehbisnis.com/news/rakornis-digelar-ini-harapan-kepala-dinas-perpustakaan-dan-kearsipan-aceh/index.html,acehbisnis.com,2022-08-12,high,47,teknologi informasi Aceh,Aulia,,1.0,needs_review,neutral,0,0,auto,
13780,"Headline.co.id, Banda Aceh ~ Dalam era digital yang semakin berkembang, peran humas di Kementerian Agama Provinsi Aceh mengalami transformasi signifikan untuk membangun kepercayaan publik. Kepala Kantor Wilayah Kementerian Agama Provinsi Aceh, Azhari, menegaskan pentingnya transformasi ini saat membuka Pembinaan Kehumasan di Aula Kanwil Kementerian Agama Provinsi Aceh pada Rabu (1/7/2026). Acara ini dihadiri oleh seluruh Kepala Kantor Kementerian Agama kabupaten/kota se-Aceh, serta Pranata Humas dan Pelaksana Humas dari seluruh kabupaten/kota.",Kemenag Aceh Tingkatkan Transformasi Humas untuk Kepercayaan Publik,https://www.headline.co.id/103531/kemenag-aceh-tingkatkan-transformasi-humas-untuk-kepercayaan-publik/,headline.co.id,2026-07-03,high,70,transformasi digital Aceh,Aulia,,2.0,needs_review,neutral,1,0,auto,
13785,"Azhari berharap seluruh Pranata Humas dan Pelaksana Humas terus meningkatkan kompetensi dan kemampuan beradaptasi dengan perkembangan teknologi informasi. Kami berharap mereka mampu menghasilkan konten yang berkualitas, kompetitif, dan memberikan dampak positif bagi masyarakat, pungkasnya.",Kemenag Aceh Tingkatkan Transformasi Humas untuk Kepercayaan Publik,https://www.headline.co.id/103531/kemenag-aceh-tingkatkan-transformasi-humas-untuk-kepercayaan-publik/,headline.co.id,2026-07-03,medium,34,transformasi digital Aceh,Aulia,,3.0,needs_review,positive,3,0,auto,
