title,url,publish_date,source_portal,query_used,discovery_method
"Langkah Pemulihan Pascabencana, 150 Pelaku Usaha di Aceh Tamiang Ikut Inkubasi Startup TIK - Kabar Tamiang",https://news.google.com/rss/articles/CBMiygFBVV95cUxNekN6cHpsSGtabzNqdFFUZWNkRmkwTGNjTVVVTjJrdlMxM0RpaWRmMFZTbTItS05iOGIxREVmNzR5U1UyR3Y3UUVVdURCUDNNZVl4WWRINkhkcTJIZ3Nwdi0zMTlyTk5DZkpYY05iVFhLakhmdERwN1RlbVB3M2pxMHFqSE1JTXgzazlFM1B2NkF0elY1clVmd2ZaWGJCMG41X0tJb2VqRmhQZjNDTmtWQVJPdlhJaUIxOWV5R2dsQlVub3FqRDIzVE1n0gHHAUFVX3lxTE5kYkFXdVlCZ19yWElWWU1uXzFrLTFNTGZBajZzOVUyYVg4ZUJxQ0tzZ05YX3BVTEhRUHJTcno1R01kbFVvMUhrVVBOWHJQUGZvOVlwcEJ1NHRfRHdPZHczQ0YzOVRZSWdxS3RKMHpIOUlsRnNSWkt6dXlLaEd5dVIxQW1fNkFwVFB5MEQ2aGdOc3k0S2VESjYzUS1rOVN2a1Bob1RrNFJwVjNiSnYwdUlfMDJ3cVFJclpiZ0JoS0VSbTNWZ20xRkE?oc=5,"Sun, 30 Aug 2026 05:00:22 GMT",Kabar Tamiang,startup Aceh,google_news_rss
"Komdigi RI Hadirkan Garuda Spark di Banda Aceh, Gedung BAA Jadi Pusat Digital dan Startup - Diskominfo Banda Aceh",https://news.google.com/rss/articles/CBMi1gFBVV95cUxQSzdTaDlEZGpkaURyWlNsNVlrNEhEQ3VjV181dG9VYmd4aEtGQ0VWVlVtaUpwN1NBY056aF9OOElXakVZS0tFTUhMSVBHZEthXy12dURxbWc2dkxsRG9Rc08zUGxmN2NCWktOTFZkb1Zpd3pobDRHbEVYY3dkWjhRajlOM0xFMUZrTzdYcG92ZDlFeUtCRVBkdERWbjVPczZfV3RzaXNzM3p3Q0Z3RUdMdnozN01nX3RrV1hqNk9aaUtTc0N1OHVHay1IdGZmWUJnOHVadlF3?oc=5,"Wed, 10 Jun 2026 07:00:00 GMT",Diskominfo Banda Aceh,startup Aceh,google_news_rss
"Banda Aceh Siap Cetak Wirausaha Digital, Perkuat Kolaborasi Ekosistem Startup - KBA.ONE",https://news.google.com/rss/articles/CBMisgFBVV95cUxNVWp2MmtTN1hnNF9vamlNM0taVFhnM2xmYy1GRW5IMFgyRGU1bXZvZFZzc3JRZXhKeWZqZUNWckRuaGhfT3A2a1h0ODJCeGFKZDhHNXBrYWt0bElEMlg0MmNTWVZaY2Rsb0ZsM0tweGxGb1Z1MUVodU5ZaF9iVWNtekdPdHN3czNUSWd1MTFDcGtPZ3ZSTzExM05MbVNyRmRsOGg5TzA5TWU2dGFoeU52b0hR?oc=5,"Tue, 23 Jun 2026 07:00:00 GMT",KBA.ONE,startup Aceh,google_news_rss
"Putra Aceh Pimpin Asosiasi Startup Industri Nasional, Siap Bawa Inovasi Indonesia ke Panggung Global - lintas gayo",https://news.google.com/rss/articles/CBMizgFBVV95cUxNVnBxR2tYN1VLQXZqQS1fZS1NRlFxNXh5bXRnQmZfS2dhbVpMbGxIcmlJQXM0eDFHQlJOaUhNUEwxc3lRZlA4ZzhCRGxMY2ZYUk5rb3NOZkJQUmViMTBFZFY2cDR5UUVlTXRyeG8xOFZQMC1JMDlHeFpBTFBhOF91TDFwODZpM0NPQmZFdlRGSUZEeWgzMldLRWZOXzRwWEtaV2FvWlREQ2VVVGsyZFotcks3NXJZQlNUZlNEa1piVVZmaWNla001NGlnam1fdw?oc=5,"Fri, 10 Jul 2026 07:00:00 GMT",lintas gayo,startup Aceh,google_news_rss
Pemko Banda Aceh Dukung Deklarasi Nasional Pengembangan Startup Digital dan Techpreneur 2026 - NOA.co.id,https://news.google.com/rss/articles/CBMitgFBVV95cUxQX0V4N3NaNGdlaTZBS2kxTnptNUEwdUJ1LTk3QlF6TklaMzk5NmxwQjhsUUVBajRNRlJ3cXljdmJ5Rm5tRUVZVVRWekFsZXNJQmxud3F3WTZRNEhHWkhKNFlWOFQ0cmQ3RGgwQzBOWFV1NHJHVXV5VGRuVTdUUmFwRkRGWWptQ0VoamhDeFVZVVBJMHg0eVFPYUd5S0JQaXYyMHdUdWpUQjFfZzhMd1JvOS1Cc3ZYQQ?oc=5,"Tue, 23 Jun 2026 07:00:00 GMT",NOA.co.id,startup Aceh,google_news_rss
"Garuda Spark Hadir di Banda Aceh, Jembatani Talenta Digital Aceh dengan Industri - AcehEkspres.com",https://news.google.com/rss/articles/CBMiuwFBVV95cUxPVFZVaVNXeFY3ZDhuakc0VGc4MmpEUGZUTTdSSnphRll5X0JKQ0dzZjNZaVdWZHF0aXQtQzRUSXpDLUcxT0xZcVNvemFTOC10dlBySjFLOUEzb0gwdl92WjFPLVFzcE04UzBoRVk5Qkk2dUdzdTZWYzF4OXNzZXBCRnFzQVFFSDVIbXlYVEFvRlg4aTFCWFBYNm14ZnQ2dUNaVWgtUTI5VHJ6R1U2Yzc0YTE3bjl1MXQycV9z?oc=5,"Wed, 10 Jun 2026 07:00:00 GMT",AcehEkspres.com,startup Aceh,google_news_rss
"Perkuat Ekosistem Digital, IndigoSpace Jadi Rumah Bagi Startup Aceh - kumparan.com - Kumparan.com",https://news.google.com/rss/articles/CBMisgFBVV95cUxPX2VzTVA3RUFVYnNiWEVGT0pXZjFsYkI1T2RNNXJWN2wwOGtqS2l1M0NxelVfQnR4b3hHSzdxUHJEb2F2bkRGQ19lR01rSnJRMV9wVi00YXpVclZVZHRQWkprdkRSeU9GV2ZVVVZyeEpKX19yWTY5Y056bWw5UzJVS0F3d0h2TkJoQTJObV9hc1VZUHRacFd2UEMtVTFYVXBoN1dwMkliVmxXalFSczVVVVRR0gG6AUFVX3lxTE9XbU1Mb1gwODRRZlJlR2VDS3RlVkYxY0xxM3NCZ2VCdHdNOWFESVV2cy1FN3dHakVpNjRmY085MVZwRTV2U1hLdHp3QkhtSWpxMnRfcUdiczFJMEItRWd4aDZLRE1oQV81ZkN1Q3dwc0ZLYlVPN09tYW9KQmJacGoyYUZ2dUk4SVZzZGhCSkZMb3VkZ0VfWGRGQ2RmMnkyRlRsa0d1WHpFZGI2bG9MdkFGX21HRjNEVTVXdw?oc=5,"Tue, 07 Oct 2025 07:00:00 GMT",Kumparan.com,startup Aceh,google_news_rss
Banda Aceh Academy Jadi Pusat Baru Ekosistem Digital di Tanah Rencong - Kementerian Komunikasi dan Digital,https://news.google.com/rss/articles/CBMivgFBVV95cUxOTE9mekpvMG9vNTFidDQtTW45a2FXVjBmbEl2NU1oZDJIbmdnR2xGZ0hiNXZOYlgtcmh3a3hmODBVcnlxSHd5QlJQeWxfaG03ZXJMbmk0cDg2enZkeUZDXzV6SGZ0NHU0SHFoMzdWc2xpOFN6RlpObC1DVW5oNko0aFJDQkRBTHIzMFRucTVfem9yZkEyTkJKOXR6aXpMcUpTcjVaTHVheGFZTWJObW1yUFNpM0V6SnFGNXhRVjV3?oc=5,"Fri, 05 Sep 2025 07:00:00 GMT",Kementerian Komunikasi dan Digital,startup Aceh,google_news_rss
Kementerian Ekonomi Kreatif Luncurkan Program Akselerasi Startup TIK di Aceh » - dialeksis.com,https://news.google.com/rss/articles/CBMiqwFBVV95cUxQSHNBRXJxNUZVMXZsY1dUREJhaUxsVF9jeGdtcS04R2FCOEpLSjU5M3dLbW5RYnM3VHJZc2ZBSUI1X0E3UmtHWDdOTERoMGVSWHpDNUVOYlRtR2dUVm1JbWl6Y2p2eG9ua0IzNkVoSjlHTUNzcDFQV01ieUxiTkhkN0tLYU9xUmFLdFR6QWh1X2RQTFVrRExxZFB1WmUzc3hOU3RjLWw4SHBZeEnSAbABQVVfeXFMTnpsRHpodHlxZldFWV9abzhtMUwwRGhlaWdkSldOd20yQXNQeE1oeG1jVm5PT3VSSEM1SjNYQ1NFQ0UxcDJoTzRkRGRReEtIQjBRamZ3ME1QQkZKQldyUHh2alJoNnFiWjFHUUxCN1FjdVNKTExrNFN6b01pLW9mOFRaTGxRWnpsMi1zbTBOY3pDVllGelRfdjFLcTJ6a3gtbm9BdDZzVEphUHhNQUEyV3E?oc=5,"Mon, 24 Nov 2025 08:00:00 GMT",dialeksis.com,startup Aceh,google_news_rss
Wamenkomdigi Apresiasi Konsep Pembentukan Ekosistem Startup di Banda Aceh Academy - InfoPublik,https://news.google.com/rss/articles/CBMie0FVX3lxTFBKMUhVdU9EUHlDOUNQY3RCQlRlaFNaWjZHYUxoM05Vam8yNEVBUkhNUGVYaWJhTm1TRGo1WDlmNnB3dGY1bFhpSE1MejZwejlQWnR4c1IwLUR2Q2VtaU9HWW5rajN6VkY3YjBYNmh4TWNrWERjVW5jQklTcw?oc=5,"Fri, 05 Sep 2025 07:00:00 GMT",InfoPublik,startup Aceh,google_news_rss
"Bidik Startup Lokal, Kemenkomdigi dan Pemkot Banda Aceh Siapkan BAA - InvestorTrust",https://news.google.com/rss/articles/CBMiqgFBVV95cUxPd3U1WE9wSUVrMzVEWGZVT2phMzRGdjV6N3U0c2hDQkgzM2lwcjU0MHd4VUx3cnZOQ2lsU0tCeWdJaEJIMUxsZmVCTXJCRERoV09Hai13OTI3c1pKMUlCOXVDWTBIOXppZklBeE5EUHYtZDNxbkJuUDFQLV9IcG1mR2pXQ2tJM0gzeXNKWmJjZ1JTYlpMVjh0YUdhZVlKYmo2VzJ2MFQzZDdLUQ?oc=5,"Sat, 06 Sep 2025 07:00:00 GMT",InvestorTrust,startup Aceh,google_news_rss
"Perkuat Ekosistem Usaha Rintisan, Wamenkominfo Luncurkan Markas Startup Digital di Aceh - Dinas Komunikasi, Informatika dan Persandian Aceh",https://news.google.com/rss/articles/CBMi5wFBVV95cUxQZG9obzJoRlhwZzdXNjNWX0o3akswS2VOd2Z5Vlotd09hU0pveExmeVJjeFVkdlRjODQ1UmQ0aTlRdmVBOGQ2Z1ZURlYwNVdIYXpBUElpTHFpemhITkYtaWQwLUFMSnJxZDJQQ2FKLW81ZXVaNjZRdGRtZ2ZRS0duTDZ1VlRWMm1aM0dvTDE5VFo2TkxTZjEtdEFiWjR1dVJtRi14VlBiczlWLU1oN0M2cW1WTENsSlFEVWZmZnpSV09HWTItLVR1eEFhSFRtMjY0RnNHMXFYLVNjWlI1LUhQcW9EOG94cnM?oc=5,"Thu, 28 Mar 2024 07:00:00 GMT","Dinas Komunikasi, Informatika dan Persandian Aceh",startup Aceh,google_news_rss
"Komdigi dan Pemko Banda Aceh Hadirkan Garuda Spark Innovation Hub, Perkuat Ekosistem Digital Aceh - KBA.ONE",https://news.google.com/rss/articles/CBMizAFBVV95cUxNWUp6UUYwWnB6akZ3Szl0ckwzZjFIa2FWYThSNXpvXzczYTJvQ2FSUUhzclpvRXg4Sjh5QVhoc3N6ZXA3R2tqaV9YQk91QVZ1XzA2c1ItRVd2R01TY3AwdUtReXAyV2pIRURaM3lWT3RCemxnM2w0cEQ2X1M3ZzdIb3Ixd1RneGl0dlp6NmFhZzlRdlVsSzNVNjBnZmZwclVVSTZmbXNYUTgtbWZvYUh0WjZUV2YyMUdrb00zaV85Nmh6OU45R3UwbkZHX1Q?oc=5,"Tue, 09 Jun 2026 07:00:00 GMT",KBA.ONE,startup Aceh,google_news_rss
Komdigi dukung target Pemkot Banda Aceh lahirkan 100 startup - ANTARA News,https://news.google.com/rss/articles/CBMipAFBVV95cUxOUnRoaXpXN1NhbkJTZl8yQXhib2hCRHpQSENIc2xVSnFqMFRhdzd6eXZQX2YybVZoYTJQNFl3WTZRcFhBSnNYNDVDMXZqWktlS0thd3NfUjdJaUdQdl9qRWNETWVXZDZoYjd3R0ZCM2U4Z1pKTFlYekFBS0F2T3N6WG5TaWlqNGJYMk9DWDN0bzBqcVhtRUFvNW9IQlJ3SFdudzRHdtIBpwFBVV95cUxNVU92M2RhOUxzbGl2VTJRVDM1RVJXd1lzX3U1SUFRb2E4dzc2OVdiV1F2aTF4UElZN1B1UGhPemlRLS1pYlVidnlDN1FFQ0JEVzRWR01yUjZjME5nVm5MbjZhNm5UdzBkOUVoWEdPWUdvUFM1MWEwVWJzdVJvd2JFVVZTNl9EdTNSRDQydFJmelRhODZMeDVoY05YSjZYN3MtWFJ1TG81OA?oc=5,"Wed, 03 Sep 2025 07:00:00 GMT",ANTARA News,startup Aceh,google_news_rss
"Perkuat Digitalisasi di Aceh, Telkom Resmikan IndigoSpace sebagai Rumah bagi Startup Lokal Aceh - Telkom Indonesia",https://news.google.com/rss/articles/CBMi4wFBVV95cUxOallId1Jvc3Q5TUZaNWZNX3ZtTlI5Rkd5STc2b1FNdnEzSjB4ZFAtdEVTRmhDTThiLTFwWU4zQjQweVFNY1E2bE5odmNpNWFOUkFncGRYemNESWduNDhrTEhHZi1vZGo0Y01SZ0tMYUQta3BVcGVBYzlTb1ZxRVVyeGJPaXVkcGxpMXlxc2FWVmtxZnNvMVN0dWlzSFMxMW1GMnBfdkE3Z2J2dmdsRlRXd1dyT24wOVh4UUJEZ1lmUHdQSUpfZkUxVUt0aEQ2MFZpTXF4QmJpSGowcHM0RWUwTzZOYw?oc=5,"Sun, 08 Sep 2024 07:00:00 GMT",Telkom Indonesia,startup Aceh,google_news_rss
AMANAH dan Markas Aceh Kembangkan 12 Startup Lokal Lewat Program ADICT - SINDOnews Daerah,https://news.google.com/rss/articles/CBMixgFBVV95cUxPVVVSOGE0aXB1QXJCN05tVDJxVVdJMTdkdXAtWjRiSk5LdlpKdEY5dENieWFjdVd5bUUtLXFvNjI3YnUwVldxaTVHelpWTEQ1S0RzUEdyMnhxckRrS2VWaWh0blpCY2QtSEpWN2s4elVsTDdfWjA4bGZGYUtRTkFha1hYNGU5SHFwR3pFdEpqQTN5aE9lRm5QZ05hMFROOS1qeGVwLTV5YV8xQWl3SlpLOHFGc2tRZzVZOU1JSlRRU3pTbmpjd3fSAcsBQVVfeXFMTy1SWVhCWWppMWdwZ1c5OXBadFl4dnVDQ25HTjRGRU0yVlZIYnhiLUNrR1hIcXVIcHlBalZOd2t3dlF6YkNmdTRCYURkaGh2VGgzallMNV9lZjVLdXQxTWZGaC1yNGJTVnJuT2gzN3d4bFc2TFBJVXpyQjR1empwak5nYm9icXlZbnllY0U2bDV6QXNSU0pOelYxUkZHZ01ZX25Xa1hCRDNVMU8ybk9BMmhYWlJQeUpYa0VST3lGcjdtLS1PcjJHVHlDX28?oc=5,"Sat, 20 Jul 2024 07:00:00 GMT",SINDOnews Daerah,startup Aceh,google_news_rss
Kementerian Komunikasi dan Digital RI - Kementerian Komunikasi dan Digital,https://news.google.com/rss/articles/CBMihAJBVV95cUxQSUpXeExKbjEzbmprSUhqbDdDLXBySG96TmZmTFdmcHY2YU1YdGlsejhOWUFhbFFzY2pGdEpWUlVxRGNzX1QzVGRUemlqNHdTWUktMzdsYTYySjJFU2ZWTWtNOVhCUFBnNkc5WGJXLXRpcnEtbG0xQXpleVdUSW9Xd2dsVjgwS3VMZ1ZqWjhLUUxqdWhsR2Q5SmljV2JwWlc3bVQ4dmttX05xWDd0Y0xIejdoQzRQeTVvMVNTTFFFMnZrQzc3bFY1OHQwY0R1UXMzWWtuVWlCdkdQYkJzdXRYU0ZScmZoWlVqN2ZpOHB5WUJlUHkwNEV2VHlzMVk3TmRMUUY3YQ?oc=5,"Sun, 31 Mar 2024 07:00:00 GMT",Kementerian Komunikasi dan Digital,startup Aceh,google_news_rss
Diskominfotik Banda Aceh Dorong Penguatan Ekosistem Digital melalui Bootcamp AI dan Vibes Coding - Diskominfo Banda Aceh,https://news.google.com/rss/articles/CBMi4AFBVV95cUxOM3Q3UVFscmEzcWJuTllsRjZsTWxheHQxVzZMOWU5QnFOVmZjTTlKcXRxbjgwSzQtMjFudU5FbVFEc1Iyd3lueTNWdEtJQjNZc1U1UHhUdFhIdjh0cXFVWHA1NXRJbXVGTlNQOU1Kb29PWGVzckRLU2NkWTBodFpZakxJTlBvT2lTSHFmVzF4NF9qMmZndGpDeFFKRGJ0TkJkRXpxc1NvVjdaNTFobERoZXhLQU1MY3VpaWlkODlEemVDTXE1NVpUWm45UTItY0RwM2NJZGVCWElpdmR0Zl9GWA?oc=5,"Mon, 06 Jul 2026 07:00:00 GMT",Diskominfo Banda Aceh,startup Aceh,google_news_rss
Siaran Pers No. 240/HM/KOMINFO/03/2024 tentang Kominfo Siapkan Markas Aceh Jadi Pusat Kreatif Digital Milenial - Kementerian Komunikasi dan Digital,https://news.google.com/rss/articles/CBMi8gFBVV95cUxOU21LeExmZVBGazBONk83NU5XSWJNamRmVjJGYkpXWHdhVmRYU2NCQy03eUw2WnR1MDYwak0wRGlpOWdvY094eGlVWWJzSmlQVkJLU2FQeEpnNW9FVEtzakhpLW1JazhnYXJuQm9rR3N1UlRsaVlDaGQySGdLT1B6MVBMSU9lR0lHV0VBQmhURnptZGV1Z3FWNzNEU2JxR3V0a1d0NmpGMjVtMEYySzE5MGtPUmhiakhRNTYyT081cjZzSm15QmpUdGJkSWRNTnJCb056SnlRQ2FrakxySWs1a2JBak1NSklrcU1TWTFRaTFDQQ?oc=5,"Sun, 31 Mar 2024 07:00:00 GMT",Kementerian Komunikasi dan Digital,startup Aceh,google_news_rss
"Perkuat Digital Kerja Sama Indonesia-Australia, Wamenkominfo Dukung Ekspansi Startup - Dinas Komunikasi, Informatika dan Persandian Aceh",https://news.google.com/rss/articles/CBMi3gFBVV95cUxQVU85TjVXWVNQU2VXQnNsTEw0MzlmbmxsSFpSWG9XVDlrYm5QMENwNkZ2T2t3UmtVNllnY2VTM0YzMDdrZEMyWWhRZUlpY2wwQ05yeEE3Z2xhVzUtMlJRQ1BvVl9nTUo3YzZYa1d4Q1BhYklZSDNDQ2lEMGtrWW5FVzJxZkc1M0FzN19aZkJjajVvZ0lhUVVxd0VDLUVvUUk5M1J0LVQyeWFwRklYRVo4ZzVQR3N2N3FtRE5XOFc5YXpWUkJ4NFd0TUxjRFk1azdHdVJiUDlGWG5FYVZFeVE?oc=5,"Tue, 25 Jul 2023 07:00:00 GMT","Dinas Komunikasi, Informatika dan Persandian Aceh",startup Aceh,google_news_rss
"Perkuat digitalisasi, Telkom resmikan IndigoSpace sebagai rumah startup Aceh - ANTARA News Aceh",https://news.google.com/rss/articles/CBMiuAFBVV95cUxPSFQxdThuM25wTXItZ082aWJwd05vZW0wdUxwa2lNY0dtZkF2MDlnRDB2eGE3ZDN2MUpUYW5iQl81Wm5BN1QxLWYtYlc0aktzWlBpMEF3QlotMEVVUWoyLUdHUGlUME1ORS1FampmOVA0b0RLUWpTUHU2QXRXOW1yWmxFTGdDYXpQQjk0RG5nUm5oZm9MZXQxcjhXZkd2LTU1NjVsZ3p2SHZZRGNEWnBhTUcxVC1RWFRG0gG-AUFVX3lxTE9CZS1FamZwQUZieG95S3c5Qk9wVWNYMHdDV090eG1rUXg1d0NGZHlCbDY5ZjRlclA4TjJhVFdqZUdZbkNBdVhDeHMtQzFNRXlWOXZOWUdJRnFoLTVtd1lTUWktd2pkVWJuX0hzMmVOaFFyX3g0SFFTN2c2ZjlMWmFRMzRRSGxVZGl2SFI1di11U0hySVVueUVoaTR6OGF3bkFadXBPWktqOFF5SzRMLTd4RWZkLVVKdTJYeklpS0E?oc=5,"Sun, 08 Sep 2024 07:00:00 GMT",ANTARA News Aceh,startup Aceh,google_news_rss
"Startup Digital Tumbuh di Aceh, Dari Kuliner Online hingga Fintech Syariah - Acehtimes",https://news.google.com/rss/articles/CBMipAFBVV95cUxQdEc5TFVLUTFIM1NaQlB2SjVEUmRhTDlQNjQ2MUZMeWtBa3dKZ2Q0ZFJtTkZUTFF4UTB5b0xSc2lSMXV3V3c1NVU2U2t2WTdzSjRlSWlDdDZJLWlZd0JfWElCemoyRFd4MTFLX1ZRM0lBNGxla20tQm1kWVprNlR1bEZ4eTBOdjRDb3hOekRLVHFOdU54MHlZaXZ1cmNxeWRrUnlhcdIBqgFBVV95cUxOOHo0LUxSbDlYNFhDQ2xkdmF6dDRRblRfTFB0a1FNaHktS2hpeXdpZWV6T3BVTTJ2OE5FNkFibUNhYk9oVi10ZVdxVldXTHlUSVdlcG1WOUkxd05NYjUtWktsaU5QWm05eVFOTnNOdVd4eVR4SUV3Y3hnLW5BbXFxazM4YWVQWWpmcDBJR3lHR3lLV2kySGI3U0l0bjJRTzAtcTdKMnJiRVJjUQ?oc=5,"Tue, 09 Sep 2025 07:00:00 GMT",Acehtimes,startup Aceh,google_news_rss
AMANAH dan Markas Aceh Kembangkan 12 Startup Lokal - Kanalinspirasi.com,https://news.google.com/rss/articles/CBMingFBVV95cUxOTnJwWHBCbzVmVnpoVVVVV2wtaXB2NG1lQ3oxWFYyVVMwYjh5M1lfV1E4cVdPTWg2UE0tX3NQRExUZEs1VnVkVkwtMHRPRjVrOW1UQlBxR1ZGT1RrNWlacHlvSzUwWVk0RVNnMUx0SXJad0pfcUtSQ2taaG1sWE9BczUwSDV5WGlpYnpVQnU2Tzg0bXR4S2YtN0UzU1paZ9IBmwFBVV95cUxQT3k4ZVdubzhpaDY2cDJIekdTR0JDbEhRTGNzWUpOejJnZmFuSmcxTzFJeXRHLUFQcVRKWjBKbVNJVTlSZ3dLUXUxbmVsSkJlR0hNMm9KMVpTcW5pcExGekYzeDQ2a09EWE9ldzh4QmZCMGxnNU9DTUc0T3FzYUswNGpjQ1hrcmhScWVEeVVMRHZINWE4U0FCYmFycw?oc=5,"Sat, 20 Jul 2024 07:00:00 GMT",Kanalinspirasi.com,startup Aceh,google_news_rss
"Start Up Inovatif Berbasis Teknologi Percepat Indonesia Jadi Negara Maju - Dinas Komunikasi, Informatika dan Persandian Aceh",https://news.google.com/rss/articles/CBMizwFBVV95cUxOQ1BCS1NzMFlxYlJnamg0cl93OTUtVEYyRk9IX0p4T2xlYUV1WEpzUmhjMk5JSnRjM1FmdjBTVGFZY3dqSVljX3lKUVM5S3ZZcWo2cUhFOTdIRm1mRC1qaG05M1ViWTlzTGtiT2ptS2RQOTh2WHRxdG1xbkpZQXlONTdGNHhsUWlFdEZ5Q0N4Ykd6d193Z3E1SVY2TDMzZDRibTlvRVJkZUhGN0FtZ0JybVd0clpsUEEycDdybWR6Qnh0bHhQcVlIZVp1VE9OSHc?oc=5,"Tue, 15 Aug 2023 07:00:00 GMT","Dinas Komunikasi, Informatika dan Persandian Aceh",startup Aceh,google_news_rss
"Pemko Banda Aceh Perkuat Ekosistem Digital, AI & Vibes Coding Bootcamp Siapkan Talenta Masa Depan - KBA.ONE",https://news.google.com/rss/articles/CBMiygFBVV95cUxOS3N5TFVsTm1iT3A4U0RNRUdNN3Ywc2h2VXcxdFo0N0lnN3lGYlFJMDMxQ2QzeGRhdG9aTzcyTTRVTGNieHAtT1lVRFRzQ2M3eVA0ZTBGcUw4a195Mmk1ZnFpTTlTT2hBb1FpeDBBMmlSUGNMY3VxTWJXTHZhaDJ0NEVNV2llV1h4NnBjTkxna3Q3YVdJa0daekhEZjhacHYtOEU1NGt6Vjk5WHFqNWFuTDhyRkJvTkRYVmctQXlQc0dManZjNUR5SzJR?oc=5,"Mon, 06 Jul 2026 07:00:00 GMT",KBA.ONE,startup Aceh,google_news_rss
Startup Great Edu dukung mahasiswa masuk dunia industri - ANTARA News Aceh,https://news.google.com/rss/articles/CBMingFBVV95cUxQNkhOZEFsdUxaVVFtaHZaOUl5YjhuQkRVUlRGaXROYXJnWE14aUYtYnJOYkZHQnpNOGZuMW9OSks2QTZ5VU5qckNETmg5YnJVVXV6OGhnQl9VSU9nRG1RQmdJd2RKNlFZekVnRGhSYUhZR2ktbXVvWnRzT21tTnhQQmhFamRoZ0VaLU9naW1iRkI4bzhPdURMbzB0TjI1QdIBowFBVV95cUxQTVVnSzlXWGxQYkFDZlBUWGJfeVptWUl6Qk1UX0ZaUkJrVm5tTjRGc2RQVTBraHBJXzB0TXBUWGNYc3NJcWtNRk1BSlluZTJiT3hsNkotSVNtQkQ4eUcwY0c4alRJVGEwTElReWdSc0txSzBsTkVfQXRObjM0QldOWnBHR3daN3JGNjZWejFlSy16ZEE5dHlmUUoxc1VQa2hrcUYw?oc=5,"Tue, 01 Nov 2022 07:00:00 GMT",ANTARA News Aceh,startup Aceh,google_news_rss
Founder Binar Academy Edukasi Mahasiswa USK Geluti Startup - Pemerintahan Aceh,https://news.google.com/rss/articles/CBMivwFBVV95cUxQQTkta2FJRnB2QlhnX1Zpa3VFWUlLU3JCaTBSX2g4VlZZS1poVnpueFoxVTdXOS1JcUJIamJMdWdna2EtM0IyRW5vRDRneWFMQ3g4QXMyazEzUTl6a29EdmpzcW9uNFJKb0tkQzVEd2xaUW9FUExpUmlVZU1jS2U5RHEwVF9OblBJd1ZXeURFN0dQWFoxVExfUFhZLXg2bW80S0YzZ0FaTnVNRUxRZ3pqSEozZXpuajdiX1pKWmp1QQ?oc=5,"Tue, 27 Sep 2022 07:00:00 GMT",Pemerintahan Aceh,startup Aceh,google_news_rss
Telkom Ciptakan Kesetaraan Akses Startup Digital - CNBC Indonesia,https://news.google.com/rss/articles/CBMirAFBVV95cUxNV21mLVhUd05MTHh1UV82RGpySWs2VVN2aHFfUndId0RJMWN3Z0k1bVQtZ0hDYVlGeFFwQXRuSHFmUHdxZGt6YWdPanB6QnJsUEpLYkNyUVIyNTNYN1FzUzg5MmVXT0FsRzhSU2xaMFBTMGRPd1l5dVY1VUYwZ3l2T0Z2OXhnNEZQLXFvQWo3bTdxa08wZWhGNzhQNHAxblBETm9ZbGo0MmNzbW5Y0gGyAUFVX3lxTE9hTUQ5TjQxbjFocWpkMlpRdlRKejR4TG5jdFdzVXdaRlpGeWE4OWc5Q2x6UXF6WEtRejlUcHpCWkR2TkpLNnBwMU96NkVGVEltTXBqakpPRWQ1MkJaNGFJNTlyeDd5Um5Ma2VNczdoblFBTmdHeWowRUhJclYxdUJmYXREQjBQVWpXdDU2dkZTTVNwNHNrRUlkRUJWZ0t2dDhreHdQMmw2OHNTOEFLcW5FN2c?oc=5,"Wed, 17 May 2023 07:00:00 GMT",CNBC Indonesia,startup Aceh,google_news_rss
Ini kunci perusahaan rintisan bertahan - ANTARA News Aceh,https://news.google.com/rss/articles/CBMihwFBVV95cUxNeXFFeU9CSE1OWUtJeGkyejNJeVo0OXVRS1ZHMW5iNWNwOWRhbVdtUlJRbjRhS1h4Q0tJMzNveGpJb2ZIMXQ4WlVVc2NoTWlPSWZ5bjZBSHJpbHVFd3pwS2x6NG02OHBOeGkwMHpqT0VtRW5xaktHbldwNkZYM2djZ3FNOW5rVWPSAYwBQVVfeXFMTktpa3RXSUl0VUJOMDFITTk1Umg1cnUxUVlGWVhoZ2pqSGxjX2dORzhMUDNSODF6Sldnck5mQmJ4cjJ6NUNzcF8zRF90ekZrTUhvdHhFYThJQjZxRUI2SE1ISkkwbko4MzV1WUJJTVprMkkwMTQ4alB0RGpiWEpiaEZZS1R2OUVMQ2ZsNmQ?oc=5,"Thu, 13 Oct 2022 07:00:00 GMT",ANTARA News Aceh,startup Aceh,google_news_rss
Akademisi: Kehadiran Amanah jadi penggerak ekonomi Aceh - ANTARA News,https://news.google.com/rss/articles/CBMinAFBVV95cUxNMERVOGNfS25ZSno2VkRjRjdsSU9abkJuS0x6Wnl5b2R5NkdYSDE2SHBCeUFEamFjTkJDVkhIcHJWY0piTlBGc0hybHRYa3ltVUphdHZvRV8ydmxEcmZFdmhUYnZZTnRsT0p3TEwtRTNKTnVoYU15c2VRbVhQMjFTWUNtN3lJSENMWmNobkNGclpSdnpSaGRGNURoYXY?oc=5,"Mon, 01 Jul 2024 07:00:00 GMT",ANTARA News,startup Aceh,google_news_rss
Garuda Spark dan Mimpi Besar Talenta Digital Aceh - Sudut Berita,https://news.google.com/rss/articles/CBMijAFBVV95cUxQX3hCUDRSRnJoeUNfUE9mcEU0N0x3cFk4RmFnRkRCYU9CMkZlV3A0UFNGYUxUVkNXclZmRG54U09UM3lPRno0emZyZk1FaFBuZmNfNWtoZlBSZThJRlJNZzNhVTNzN1pBNVg3LTZxZjFuVDcxOUNVS1dBRmFEb1lfTG54SmdHdWxzR0I3Sg?oc=5,"Wed, 26 Aug 2026 04:29:38 GMT",Sudut Berita,startup Aceh,google_news_rss
Serum antiaging nilam Biona USK menjadi startup terbaik BRIN 2023 - ANTARA News Aceh,https://news.google.com/rss/articles/CBMiqwFBVV95cUxOM0tqQWZHeUR2ajJVMGM0YWFlSklWemlqWWNTYkVZUlBNV1ByTmxUR3VTXzJNblVRME9kbERIMlp0WlpUMXJTbGJRQ2ZaNTFDeGUzYWo4QlJYVFBORktlS2xTMHY4TDEwSDN1UDRKTVVicTNNMFZYTlVtdklRN3NTcmtmSXdxZ2kxMEQwNmNYVDJDNlhVME82QnowNHNxQi1ydUI0X3BxQ0lnM1XSAbABQVVfeXFMTVBWV05QSmRvWkhxYjVVX1pWaThFd0dGajZrd3BZaEw2S2gxYzBYNVJYaU0wZGF3a1k5VWJCekxxNVRlRTBoenoyU3pLZ3IzdVZWdWl0bkdiOTZfZ0cyQi11S2paRzRWSURHdEg2SVFtV043WWtDTlVxS1ROYTg5RGFCcEgyLWlEVXo3VlhwVDNlQXRHQzBDZFJuUkcwbkFaMFI3NnVjQzMyRkNodURwdU4?oc=5,"Wed, 06 Dec 2023 08:00:00 GMT",ANTARA News Aceh,startup Aceh,google_news_rss
Kementerian Ekonomi Kreatif Laksanakan Inkubasi Startup Jasa TIK di Bukittinggi - RRI.co.id,https://news.google.com/rss/articles/CBMixwFBVV95cUxQZG5tc2VBNUhyY2lBdm5Lemo2YXVVQkh6VDV3VnZVSlItVjdMN2g2NW9BdnY3OU4yeUVRbXIteTlrNkdFUWd1bGhsYzRtZFNPdWlHQ2RtdUtZNGpjc2JkVTI0T3FHZVlBQzBZYXpxeXd2S1hHOWN0WU5LNjdrWjBoOVRLTTRRTy1leXNBLXV6Mi1UQ2JiQUJqQnVfN2k4V2w5TE5xSU4yb2dWRVBLN2tobU4xX2lhOENiX193SlBSZm1yMlRjdVRz?oc=5,"Thu, 13 Aug 2026 07:00:00 GMT",RRI.co.id,startup Aceh,google_news_rss
BIN Inisiasi AMANAH dengan Fasilitas Lengkap untuk Kembangkan Startup Daerah - Minews ID,https://news.google.com/rss/articles/CBMioAFBVV95cUxObHdValN0M2ZlM2tHdC12ckhFLS10MXhDUjd4YW5JMGZlc3d2U3dpOWVGdy01SFlXcmM1MWM2U09SQWxpMmpZTFlnTk9jNTg1eC1DWHVaWXJuV0daRWNINlU4VGF3Yno4QUdrNXhqWU1MVTlLTFRQMXI1YXFPWHRLWUxmY0RFOUZYaHdiNkR4Z05lQ0RMcDhtcHcwQUJ5dV9t?oc=5,"Sat, 27 Jul 2024 07:00:00 GMT",Minews ID,startup Aceh,google_news_rss
Kementerian Ekraf Perkuat Daya Saing Pegiat Jasa TIK Aceh Lewat Program SIAP 2025 » - dialeksis.com,https://news.google.com/rss/articles/CBMisAFBVV95cUxPVnk2bDlHbXc5blM0WE5vUFBVM0g2X0M4MEtmUXRUZ2pNZUY3MFZzOElIa0JLa1QwOTU1d3FHMFUyOVAwU19qVzEtNU52RXZ2TFhCMVRYSzY5RnZ5dVZFYWdESTlOc2NuQkZLUVkyZjQ1aWFEZUxsYS01YkxhSV9aaGFvWEZmNy1RYWM0UHlfUGItbWdieTg0TFl3Y0hKR0VyaWU5a21STk5ubjVlU0xqMtIBtgFBVV95cUxOcTdJOHNkT0xEcjV0STZVUnJoTFBNN2lzM0tPdUp6RzMxTDd0MGczWUJ2S1FlMXdwRWsxWktiN2wtcTdJWDFBemNyWkR0WVMwZ3pSNXhMd3pCc2xpVTlyLTUtLVRFTnFsUldyckRKYmNwQWpuWGdZZjBHTTQzekwtcjdFZ3JkRUFqaHB2RDFsb0QtZE1oMUtqV1BBTjRrYWdXdWVoZUdfQ0hsTzNTSDVtOXNXTnNodw?oc=5,"Tue, 25 Nov 2025 08:00:00 GMT",dialeksis.com,startup Aceh,google_news_rss
Mahasiswa UBBG Raih Enam Medali pada Ajang Kejuaraan Hapkido se-Aceh - aceHTrend.com,https://news.google.com/rss/articles/CBMirwFBVV95cUxOaERKdF9HUXptQ1dQa3VkcUVqMkRCSF9xdW5KRUV6dzRjZFEzVHI4SlhERjZyQkw3QUlWM0RnQzBiSmgxMzdnRm5YeTIxcEl2RDUtbExwSmFZTFhNRjZybjR5SDJDT3lOb3NQeGxVZ0dNdGFRcE5zVUdNYmxOUzV4ZmdTY20ybmMzUUdvZEJkSU5qbjVabDkzaGtJSEtfUkdQQXZyNUc0Wm1TLU05Y0dj0gGsAUFVX3lxTE5JYW1LaDJ5TjVNbXpZSGlkaFczUEVwbko4bkZRXzBfTWZZbzVWRG50bHUxVnd3VG5lQTBIWTZrLUowSEZIWnpnUUVjUzZPU1RUUXFReURabzBCdEE0UWc3enBrNHJVbWtuY0JwcWs4QnFMWXVkN3ptSWRfQ18tcmNtMVlMSU84WlltRlBqRVpremh3ckxqdEpsak5jbklydTdueHJEOXYycFVIRWQ?oc=5,"Tue, 14 Mar 2023 07:00:00 GMT",aceHTrend.com,startup Aceh,google_news_rss
12 Media di Aceh Bergabung ke AMSA - Aceh Online,https://news.google.com/rss/articles/CBMiggFBVV95cUxOdFQ5czJWT3p3VmpYRGg0bVhvYmpDSTdRWV9VSG1EUDVGaERCSWJGRjlOXzcyNF9QOHdkX3JSZVBkdlIxQXdIUHNscmNUTGJCenplUldOaWJyS2poQTRxbUg5QTI4RWRoX2dfeTVCdzBtLUpOTXFfYjQyb0lQRU9NbkhB0gF_QVVfeXFMTnZvV1RzRmc2RDBMM01QeXhIOFcwdFlVeElxUnBwalY0dE9EVDNpb0MydVZwbUZha25ROXZaMUk3VHA5NkpZSWYyQ2Z4VlhwQjFkM2gtR0ltSkVsSGYzNExlVWpMQjVZSGE4U1Z2c2lITy1vNHJxY2RGMmdYaExRbw?oc=5,"Mon, 21 Aug 2023 07:00:00 GMT",Aceh Online,startup Aceh,google_news_rss
AI & Vibes Coding Bootcamp Cara Banda Aceh Perkuat Ekosistem Digital - Habadaily,https://news.google.com/rss/articles/CBMiogFBVV95cUxQaE4yTS0xaExEVkI0ai1lU2Y4MV96bHFxWVlGSmtxU21HcWtOZWQ5amZoU2RfR1RMQU1ld0l4d1ZzNjg1YktmbE41N1Q0S0JtaE40ZHNtbnJHNklEYTlzRlVQcGUxWnBWaVF6VDhKeTJNYmxnWWZLenhGbEZmMWVhMldsRlI4UWo5SkpoTHFEWDczNFZlaFhNdjlhYlR3R1dtTWc?oc=5,"Mon, 06 Jul 2026 07:00:00 GMT",Habadaily,startup Aceh,google_news_rss
Gedung Amanah Diproyeksikan Menjadi Sentra Kegiatan Ekraf Aceh » - dialeksis.com,https://news.google.com/rss/articles/CBMimwFBVV95cUxNWEsyTEVzcEx5X2p2OFhxMi1WUU1xNDk4NGNEbFg0R3ljZWwxNFVRdk1Dalk0d1UzSzFvaXZzSDdTN2Nvckphd1RUazdBdl9ORjV4S2JZbXNicjBFQkRFSE93aDh1Yk5LY29Ea182MW5YS2N6NllxZFQxd2VsSnI1ZlJyT0RaTWk3clVIVmxiZGllb1ZpMjl1TWJzTdIBoAFBVV95cUxQWmRVWlFkcGxsLXNtQ3cyNXlIdy04b3RGZTdVdzYtY19qTWZOd21vWUdUNXNFSzZremtWcGtEeGhfdGtqai1ybGlZSlNVb1l1dlBfUURKZEZPbndLcGc2ckxKUVNrMlZucEhrMlJma1dIZzdWblZ2SXloc09rZmxKVmV5djRacHNGZUoyZC1LZE13ZG5FbmsxaTAxVGhveWw1?oc=5,"Tue, 25 Nov 2025 08:00:00 GMT",dialeksis.com,startup Aceh,google_news_rss
Bepahkupi Startup Kopi Gayo Wakili Indonesia di Kompetisi Startup Global di Turki - aceHTrend.com,https://news.google.com/rss/articles/CBMiwAFBVV95cUxPSl8wZEJSVmE1RnZiYWgtZ0ZRajh1MURrMDdKSlA0NEw0TlI2dVVkZWtIbXRQODJCeC1jUzVuMERmNlE1SktEdGpHT09jZ0tZdzZFX2kwbU5zVXd2UHNtWUdBZzYxRHJvODhYeGlTVnVQRkYyZHpiRWk2OHozSTZSM18wZ1VfTV84RF9XaHJmZHBHbUluZU14bkJnWVVfbXgwU3VjcG40d2pFTS1Jb0pqeHc1ckhQbHJDRm1JVFBmUXPSAb4BQVVfeXFMTmtKTWRYQ1FmSzJXV2stSlo5ZFVVT2FqZG5zRm5aVXNhdE1TTmZfOWFQb2VHMW5zb2ZRZnh2Y3l3c0FvUExjLThZZEV3NTJUdml0dFFSSW83Zzlod2Njd2lMNWF3MkExQ2tjaksxZU1PZFlEOUlCWGhxalAxTldCVE1fQ0xuYVFUOUo1aVhfVjRGMVJXTjc2NllSM2Y4YXZBR1RULUZRenc1d0s5bWluVjJjWmU5NjllWmR1OG5Tdw?oc=5,"Tue, 10 Mar 2020 07:00:00 GMT",aceHTrend.com,startup Aceh,google_news_rss
"Telkomsel Ventures Sukses Gelar Demo Day TINC Batch X, 6 Startup Tampilkan Inovasi Digital Berbasis Kolaborasi - Tek.ID",https://news.google.com/rss/articles/CBMikwFBVV95cUxOMjlOdnBENUZGMkpTZmNsbGt1bnZMcjFQVWJaZkRlOXo1THhZb3d4cmRnZ1JnUjV1VG5MOVUxX21fblBZcHBncFlORDE5TGtnNmZxTThvUUF5TG1UZkYzek1MYTlGRWZCRFRwQkpIWUw1dS1JTnFpbXR2MGxUNk1Tbzl1TC01ZWFHZmpaVDVGTE0wQXPSAZgBQVVfeXFMUDQ0MlktcS1jZzZmSF9WdGRkMXQ2Q1EyRW5tVk03UEZaa1U0bjczNjVZaTYxUFk2MFVTUDgtRllhcTlNQVF1N3JKWVI4OVpiSktyVlJBaW0zaU44dWlsRzBUbnNiSU9lOXAxeGtoSzJFenRGLUJSNzE1eUtLQWxfRVpZTlZNQW1IRTlGQ3BKdU9JOVJsQmw0OW0?oc=5,"Sat, 25 Oct 2025 07:00:00 GMT",Tek.ID,startup Aceh,google_news_rss
"Punya Semboyan Baru, Skystar Capital Fokus Cetak Startup Lokal Berdampak Global - kontan.co.id",https://news.google.com/rss/articles/CBMiswFBVV95cUxNLUUxMzFkblFXWk1ISk9DT1RJb2VGcXNtU2xUT3lOTzczaWJjazBpa0xPa0ZheDlac3dBY2NlLUxLV3RnQ05ZNHF5Zkk3QTJXdXdZSGpFN2k3S0tCaHAtMmZ5OGNJYlhqOEx5eDFPeXBGYnFWdW9JYjN1UkJvMlZzQmp0TjdiSF9PYWVnRTFDd3JERWRHNVRSTU9aQnEwcUVxbGotNW1zU0VWcmRWVlVWenM4Z9IBrAFBVV95cUxNai1lckVxQ1RiZEdiUC1kMjJzOFR6VVc2aHhCOHpsd3dZRVJxOWx1S2VYU05xN2FjeTRzZ1RYN3Uxb3FOMkZXRjlTdTUwWHlVdXJ0RkhsTm5XSE9fNGUzaElWWjgxMERZSVZoTE40eERhOUVkTzNSNTMwaGxTSVBPM2VESVJ0Ulg0ZHgxa2N4a184OVl3RHJVVksySTVqbnUwbUZLbWtPU3Qtam5t?oc=5,"Wed, 20 Nov 2024 08:00:00 GMT",kontan.co.id,startup Aceh,google_news_rss
"Pulang dari Australia, Yohan Limerta Bangun Startup Edtech 'Cakap' - Media Indonesia",https://news.google.com/rss/articles/CBMiqwFBVV95cUxQLWtxUVFkYVlPMzB0OW9CRUpIbGx4T3F2bDV3TW5GZUM3bVBxdVRadlNkdmVTQzBFZV9vQVlRRXJKdGhzbW83SlI1c2JCbFlZTl9qa2syS0RaRXVIbWRzVEJORXVINHFuVHV0VXIyMFpEVXdJQ3hNLXQ4Vi01UDZtT2N3QnExdkU1eDJEV0d6dUV0ZHdMSWk3ZG1TemJoOU5NdmpOdlZwZnBSRDg?oc=5,"Tue, 24 Oct 2023 07:00:00 GMT",Media Indonesia,startup Aceh,google_news_rss
"Startup lokal asal Aceh, Membertoko jajaki kerjasama dengan Telkomsel - aceHTrend.com",https://news.google.com/rss/articles/CBMirwFBVV95cUxOS21Hem44VzAyZ1c5ejVneEVwZ25nUVo2M042WkZCLVlfa0dHNDVZaGNCcVJPd2wwMm9XLWVrRGd2a2VCZkVLSnRJVFVXS2R0ajRjcUVMdHU2SzBKcUNsVnZSSnRCMkhqcGs2cWZfVE1ScnU0aHFJeElXLTJYQjdZQUZjUFRnLTlnR3hxZXFOLVpWRlFlX293QUktd0hfa21OYmxCR0l2WHQ3SHBQMDBr0gGsAUFVX3lxTE9XN05oUXRiVXFUYmFoSWFTYmNsdExvUWJDVEdKb0gySjBzNHZtZlBXTllsTENvaUtfd29ld3dUVGJaX2x4ZXlBc3hxQ01kc0RUd3FNal9jczNPdkdPM0kyNy1WV2s1QkxPX0l5c1FPRFNkZWwtbVBUQS1fSV9lalViZ3R4RjgwYlpnWUl0OVdCOFNaampCRFpGeThWbTJtbmNOWV9lcjVwamhpQ3I?oc=5,"Sat, 25 Feb 2017 08:00:00 GMT",aceHTrend.com,startup Aceh,google_news_rss
Hipsi Aceh Latih Puluhan Santri Semangat Berwirausaha » - dialeksis.com,https://news.google.com/rss/articles/CBMijAFBVV95cUxPYlQ0OW1vN0pSTVhBbXp1Unc2Y1haam5HQXplNkZfd25vUWl3MFRDbEFmZkRDOENvQkVMdkpEbVlVQk5MNEZhOTRCa09OcWFYT0trT0VSN1pDY3RxZTJBMHZmX3A4RXJrS2l1LXM0NW5HaUpGdlpOSGtXTUY4ZWloX3dISEFpcUJ6dFQyTtIBkgFBVV95cUxOMk5Bc215WGlRbC0zTGFOQ3V0ak12LUpGMTl1YndzYXFMaTFjZ2xKMV92ekNncFZEdDBuQ1B5dzhIWEtNdTBXWjkyTkpPbnZOcVQ2SkU3NUY4V2RibmotOXNKeU9YQW5SSU9JR05RRlV4VmNzVFZ6YUFBN1pyQXA0akFmOWlnRi1fbTBZUUN2ZzJxdw?oc=5,"Sat, 30 Mar 2024 07:00:00 GMT",dialeksis.com,startup Aceh,google_news_rss
Unimal dapat pembiayaan program PPBT 2018 - ANTARA News Aceh,https://news.google.com/rss/articles/CBMiigFBVV95cUxPQ2NmTDN6MGM5azk3WUFOeDdMcXdMQ2FvemlyYlptM0Y1ZGNoVHVrT3hVb2w1MU82TTF5cG9iU18xQ3dmbUNXRWctdF91UGlmYTJuZ2dNTXktaFo5TWE3WEIxMUVWUExHb1lrOE5JYmxDS1V4MVU1a3RnN0RlLXFUUHg2NU9qU1d4dnfSAY8BQVVfeXFMTV9PTDlVZk84M1lvU3dPcU9IRUNyNll1NjN2MDk2OVItWjlhVUstWExyc0RDR1VGNU1PQ1laRW51aE1PeHo0ODUyMDJNRGlxTVd4LW5lajhDaW1JeXA3T2NGcnRlZ3ZtaF9OTk5ua3ExX1RJd2FTNEJ6bURMeHctcWJ3R1lRSlRDYjNxLXRwbVk?oc=5,"Sun, 25 Mar 2018 07:00:00 GMT",ANTARA News Aceh,startup Aceh,google_news_rss
"Carimodal.id, solusi untuk UMKM yang krisis modal - Kanal Aceh",https://news.google.com/rss/articles/CBMijwFBVV95cUxPMUdQUkhlT25QODRnTF9yck5hSWtqZk0tTnBtMVd2MTVrVElaRmROWGZHYW9kR3lwem5pUHAwVUxWQ3A1Ymsycy0yRjBlVXJXVlU3SmVjeHBUbFNCaFBZVEJKQ0NTaWVzWDlhTHpUOThCVmp1cG10SHFhT1V5djljZzBJMXVHZHlVcUxZai12TdIBlAFBVV95cUxNVmNBNm5WT2RhcnNMa2E3aFMzM20xdFREaTNkSnM3OW50b0QyU1lsbXNIeGROQldEX3J0eHFiOFQ3Z0w5UTR2ZFZOWjFEU1U2NFdETDB5UEJncWdrWFh5aVJpbGtvWlpqWkNsLVA4NXJzWXFKazZvTG41bUxRS2c2NndjWGZOU3NQbl9kSTdyUHJtUTRL?oc=5,"Thu, 01 Jun 2017 07:00:00 GMT",Kanal Aceh,startup Aceh,google_news_rss
Banda Aceh Ikut Deklarasi Pengembangan Startup Digital Nasional - Serambinews.com,https://news.google.com/rss/articles/CBMirAFBVV95cUxNWEZUdFc4RmczWGNiUW9wQkV0VUxQdG53VnI3NjVaTmN6YS1HVTAtUlVMbG1sUkMwdjZWRFA3WkhhVmd1YUgya0pPVldKVjhCTVUyY084WVJ4d1pIVmk5bkgzM2xEQ2VDLVF5RmFBMXJjdDM2S0FuWk14cHFsSFd1ZC1mbU1ORU5pckhJckllWTk2U1ZiWDQ4UGJhTngzMlNpQXRJTDFuQUdBbUsx?oc=5,"Tue, 23 Jun 2026 07:00:00 GMT",Serambinews.com,startup Aceh,google_news_rss
Banda Aceh Jadi Salah Satu dari 10 Kota Mitra Garuda Spark Innovation Hub - pintoe.co,https://news.google.com/rss/articles/CBMirwFBVV95cUxQczctMXE3RDVid2Jkb04xNVF5b25DcTdOU0J3N2hrejJnSkFRT0hQNmFKRWhmZ2NNM0NROVhZbm5Od0Y5Y3FCazY3V29Sb09VMkUzZGJWVm9sclNUN3B3U056QVdGYmFwekFzWHZvbHVwanhFUVNmZ0RDWnFmbGFIcGUydkJJQ2tpaV9lTW95ZmxCNFNld2M3NjJ2c3BJOWU3NnB6X2NTLUNUaC1RdDIw?oc=5,"Thu, 27 Aug 2026 02:00:00 GMT",pintoe.co,startup Aceh,google_news_rss
Aceh Menutup Tahun 2025 dengan Luka - Bisnisia.id,https://news.google.com/rss/articles/CBMiZ0FVX3lxTE51U2RFTWF3bWFabklwb2xwZ2hYR0p4YmxkeGstS2IwSmlSREh0WXFNTndFU2lIclkxa05PLUdhZG5hY3h1RmFZTTRqeExfajF5ZG5XVVNiS2VMT3N2NkgtVnBKdHVOMHM?oc=5,"Tue, 06 Jan 2026 08:00:00 GMT",Bisnisia.id,startup Aceh,google_news_rss
"Banda Aceh Perkuat Ekosistem Digital Lewat DEAL 2026, Dorong Lahirnya Startup dan Techpreneur Baru - ACEH INDEPENDENT",https://news.google.com/rss/articles/CBMic0FVX3lxTE9QR2VreDZQSjNTWVRVRi04TXNxUTl6c01zbm94SVFSR0owWlVMeDJXQlAzTUptM0RkY2xvUVg1MzdoalZEU0tDN0UyUjFtOHNNVjFkSEJsNVNxeU9Yd3ljRXVFYVZUZE92dFBHa1Bqc2dZcms?oc=5,"Tue, 23 Jun 2026 07:00:00 GMT",ACEH INDEPENDENT,startup Aceh,google_news_rss
Kemkomdigi Siapkan Banda Aceh Academy untuk Dorong Ekosistem Startup - nukilan.id,https://news.google.com/rss/articles/CBMikgFBVV95cUxNWFhaVFU0ejBnUHFrSE0zVzBCUzdKcFk4cjB3MXh3WGNvS1pIbFdhNXQwRW05SGlZZ1YxWGJQdjJPSlFYWnZFY2E5S0h2RmhGZHJ0eUNEVElhREUyR3owckN3RzBzYjJLcnFFVlRsNlViQmdqaE90R1Bmei03QUJEUWJGbUZfU3hrdDM0R0lHT3hlQQ?oc=5,"Sat, 06 Sep 2025 07:00:00 GMT",nukilan.id,startup Aceh,google_news_rss
Banda Aceh Perkuat Ekosistem Digital dan Startup - mediaaceh.co.id,https://news.google.com/rss/articles/CBMifkFVX3lxTE54NzFSeWNhcW5MNFY1bl9aMTZvT0pZdnVKV1ZpMmJMM1RCbGh3SXZiM1lqNHozNWgxbDhKWTJ2QjBlOE8wcklKMFRFMWpyRUpYR19PcF9UQlV4Q0E3M1BTM29wZjY5NXlvOHhpWGM1YXNld2ZlX1RoWEZBcm5yQQ?oc=5,"Wed, 24 Jun 2026 07:00:00 GMT",mediaaceh.co.id,startup Aceh,google_news_rss
Wamenkominfo Launching Markas Startup Digital di Aceh - AJNN.net,https://news.google.com/rss/articles/CBMilAFBVV95cUxNRjg2Z1RlZS1jdnZLM3lvaUFYQUNwazl1Q2FDa1Y3VWdSbWNTZ0dKckM5VFZwOXhOWk9iUnY3b25fME5oeG9nbVNtVFFGeU5ZamZfSGllQTFJbXBWX09lQjhsU2hxZFhIV3hOdmgwb19BUDNPRGhKZm8xR0FwaUJ1bGVVbFVwdHozU3kxV0VHdUlCeGFr0gGSAUFVX3lxTE9VSFoySjBsUXZ5ZXBDNXpmc0xhSmlCQnRHdGNMWGpmYlpUWWFBVm1oVW1uc2U3c3JKVUphMXVfUmFHTHBpT0RTcmgyRFVpbVN0NWVSSEFEWkp4TktHSjVsS0Y3c2xSUVhTXzNKM3BtRk5Jd0tKRE9IODhHNWs0aFNvVDFSbE1vcTZEcWtxVzNYbnNn?oc=5,"Thu, 28 Mar 2024 07:00:00 GMT",AJNN.net,startup Aceh,google_news_rss
"Komdigi Hadirkan Garuda Spark di Banda Aceh, Ini Tujuannya - Serambinews.com",https://news.google.com/rss/articles/CBMipAFBVV95cUxOXzdJblNlTWxfcDlyeG9qMzZHWHlEQ0pmUDhoRnRINkpleWgwR1hFNTJKSnBQX25SaVRjTi15NUF6cHIyM0RIOEtrdkdxdktUMHNhWEMtZzZkSU05cElyX3k5R252NHVsR1JkSExLY2w3ZWxIaWtUUEpqMk4zV1ZRZENBZ1lGZDZNYks2aEY0M0llckRFSHVudG5GNTlrU3dpWnZDTg?oc=5,"Tue, 09 Jun 2026 07:00:00 GMT",Serambinews.com,startup Aceh,google_news_rss
Amanah-Markas Kembangkan 12 Startup Lokal - RRI.co.id,https://news.google.com/rss/articles/CBMiiwFBVV95cUxNWmhhRURRWThWdlRZMzZBTThBMzhoSUFwN2tYX1JhOE52bXIxWWxnaVU1TzNId1U5RUFvU1J5SjRtVGpETUJlQlpPZTR1emp3ZVRMTkJ6b2RjT3lEOVg1Wk5FamhQVmdRNlZ6UFFGZU9TR3Z3NDEzNGlEOHhYRGwtZ25mcEEzSkFrOWNB?oc=5,"Sat, 20 Jul 2024 07:00:00 GMT",RRI.co.id,startup Aceh,google_news_rss
Diskominfotik Banda Aceh Dukung Bootcamp AI untuk Perkuat Talenta Digital - Serambinews.com,https://news.google.com/rss/articles/CBMiugFBVV95cUxQckc3TDMwZ3daZVVpZGJMWVU0VTNTM2xzRjFJaC1aMkVWWHZ1NVlhaE1aeWtSTm5ZYmRQMlA5SUtiMjY2WWc2ZjJ1bm9XMzNNejNiVmx3dTZGZFhPQ3E1Nk1oZW1uV3o5SkVkb0t4dzV0QVBkYUQyZnREdDNvUm00dzlDYTFTbVlySUxWTjJvTXRWZHpBYUtNdGhsd0VLWWNUazdFU3lHY1ZGeDJCWFpLbEZ5QmdjSDVOcVE?oc=5,"Mon, 06 Jul 2026 07:00:00 GMT",Serambinews.com,startup Aceh,google_news_rss
Amanah dan Markas Aceh Kembangkan 12 Startup Lokal dengan ADICT - liputan6.com,https://news.google.com/rss/articles/CBMiqgFBVV95cUxPVjRkRnNlaDZPUVFNdkRscHZPNFRieVl4YUFHT2VuZzh0UGxzNk9yY2l3TXBqamNvSmpNSXZzVTU1bTNJc3JWRW9uVGw1dHo3NWhHVEd3NTRIcGFtNEoxT0NnQTd4V2toMnZkV2Y5RzE1aUJKZ29hRzR4aVBxYlZCT3E3YmJ1cjRmQVU2bGRFbnZ2aUZyZHRfOUhtMFFHb2ItcTJwQWpLM1NNQdIBogFBVV95cUxPSjZHV05neldmMFFwbi1PRHFnZVRvc2Jad0w1WXdHZGFkWHZOLUJNX3VmZUxLWVQ0ZEh1QnM4STVSclVIc29FamJTNkhacV9tbkEzU0RVZUstM253VnNndFRBSEd5azljNHFTaUJuRzdTZHc5aEh1QVFqLU9IUWkydWNuN0ljYzN4OTF4QktSQ28wVEJYd19pVVVaa3Bkd0NpNVE?oc=5,"Sat, 20 Jul 2024 07:00:00 GMT",liputan6.com,startup Aceh,google_news_rss
Puncak Aceh Hackathon 2026 Digelar 1 Juni di Banda Aceh - RRI.co.id,https://news.google.com/rss/articles/CBMinwFBVV95cUxPQ3VYLTluRGRhdmNQcWJJalBzWnpUYV9KZF9TY3BVaXVMT3gwcXNVZ2UtUnVDSElJb1psbGM5bmI0VHBoU2stNTVja3FSZEp0OUpyWTAtYXZsVUdhcDZmUzNoMHpLU2Rxcm9rbUJVUy1EZ0tKVTdsQ1RsZnA5VHU2anFMS3JoUEJjeXhFNjBzMGRwWWFqX0dsX1RNV3JDMUk?oc=5,"Fri, 29 May 2026 07:00:00 GMT",RRI.co.id,startup Aceh,google_news_rss
"Kisah Firman, Co-Founder Startup Asal Aceh Raih Omzet Miliaran, Dulu Hampir Tewas Diterjang Tsunami - Serambinews.com",https://news.google.com/rss/articles/CBMi3gFBVV95cUxPTGFTMFlhRDFwZmZuZmRkYktyLTVEcUE4SDFLcXhSZVY0c1laSWZta2pEVEw0czBRa3pnQ05sTUphUVVndXRkLVlRUnF3Ty0zVW8zTEg1Sk9Yb2drb1kyblkydVkwT2R3cHhicjBXZ0xlQVBBRkVNNzRWcUN3TE51eE5aeHVmdVYybWhLT01SMGxRblJ5ZmcwUTlWQ0swTGlGN2xzankyTUZDLWJmYkY2RlBGNFhCUjBRQ3diYm1JRUtSc19pRVRoM285bnQ2YU5GVzFjVXNfeTB4ZWMyVXc?oc=5,"Fri, 15 Jul 2022 07:00:00 GMT",Serambinews.com,startup Aceh,google_news_rss
Distribusi Makanan Bergizi Gratis Dimulai di Aceh Utara - Bisnisia.id,https://news.google.com/rss/articles/CBMiggFBVV95cUxNWTRZTWJFS1R1T3liYWhyYzhHSDJfbDZiWE5YNXZuLVB5dktLczllblBFeGpJd2JsbFBjalJZQjdacGJlUmdTLTZCUUhScTZ5aHk1WGVJYlhPTTlyOEZMNXZ4R215YVV5WTFzLXpoN2pqaUV2Ykp2S1k0WFNaenhPY0x3?oc=5,"Mon, 25 Aug 2025 07:00:00 GMT",Bisnisia.id,startup Aceh,google_news_rss
"Kapal Nelayan Tradisional, Ikon Ekonomi Pesisir Aceh - Bisnisia.id",https://news.google.com/rss/articles/CBMifEFVX3lxTFBLUWFSMm1HWXNBcERtVDFnb0RrOWhMRFJqOGFaX3dnakxCLTc0ZXpWd18zOTJOYUZyelBLejlnOGZIcGdmcThuX2ZITzZjTUNMQWJYLWY1cHFQQU9feEc3d1NyWXEwVGU5NDViTGFmN2J3MmdCNDFjVEh0c08?oc=5,"Sat, 16 Nov 2024 08:00:00 GMT",Bisnisia.id,startup Aceh,google_news_rss
"Pj Gubernur Aceh Launching AMSA, Syarbaini Oesman duduk sebagai Ketua - Kontras Aceh",https://news.google.com/rss/articles/CBMirAFBVV95cUxQMkRTelYzZ0Y5LUJZVFNRNjhBUzRRZEN2cTJZMTRxTEp2dE95QlYtWkNFYUZMaTJxbnNYNFF2bThXQ0pQTDA5bjFJWU9jRGRiV1lKTkFxeEZrMVNFTVBTcXhYYTJadzJ5dXZ6TDZodkhLdVEtUWlJZ0R5ZXhya2RfZ0lDZ1JEYmlSYnV5c194Yi1rTU9VY24yY0tHaHlUdm5Kb19KRVo3eDBFWEll?oc=5,"Mon, 21 Aug 2023 07:00:00 GMT",Kontras Aceh,startup Aceh,google_news_rss
Telkom Indonesia dan Pemda Aceh Selenggarakan Workshop Pemanfaatan AI untuk Guru di Aceh - Alif News - alifnews.id,https://news.google.com/rss/articles/CBMiygFBVV95cUxNQlFmTk5wMU5sSVVESXYxNmg5UWtBMGxzc040QUJzVi1Ob3Vkcno3X1FiWjkwSkdLc25hU1lHZHVFbGRjb1NnZlNZdWlmWmt1MTZONnBidW9hajhkWHIxZTg1WHc0OVVIdzJZR1NqV2NBZ1FtSnpNeVR0cDNjWjJNbWI5Qm9Uc2ZSNjMyYWF1RjgyRksydENGMlZ3M0pSZU5OaUU4NGo0QjdiMW5xQ1JHTG9KRXVST1BLUERSRGROSWY2eVpySEJoQWJB0gHPAUFVX3lxTE54RnBSXzlQRW51UzdOVmx0OGU4WXV6UWJSLWlYaHBJbkkxRlN0MkRPcC1tUGRxX0pQWUVNeFpRUm9OWVg1OWU3TXBMaUY1TllxSkFaekRrbGJPQU1JbUlEaEpCNV9WSFVHNVRVMkRqbmdKR2pLYUFTOTRVT3ZJc0JicXdSWDZjdTlUVnhBZ2JNcXAzZlZiRHhBZ3VjYnFEX1hRUS1RWFR5R0ppcTh0dXlaLXQ3U3M5dW1JUkNwV3U3S2N4ajVucER6NVNDQ1V2Zw?oc=5,"Fri, 07 Mar 2025 08:00:00 GMT",alifnews.id,startup Aceh,google_news_rss
Universitas Teuku Umar Tumpuan Kemajuan Barat Selatan Aceh - Bisnisia.id,https://news.google.com/rss/articles/CBMihgFBVV95cUxOZVdvV19fUXRjVmo1Nkx4VEdnSGd4UElDd1RwYk9Rd3kxOXJnU2ZLc3JzMVBIM0JjY29hNUNkcm1UakZ5R1FqLTZUcDVlNGNpS1J1YTliS0VjYU4tOFRxNlB4NU5wMHZ5bVZTMmJtR3U1NWhvallYeDdxZXptN3RyczhqWU9Ldw?oc=5,"Thu, 16 Jan 2025 08:00:00 GMT",Bisnisia.id,startup Aceh,google_news_rss
Stok Beras di Gudang Bulog Aceh 118.000 Ton - Bisnisia.id,https://news.google.com/rss/articles/CBMickFVX3lxTFBodndrV0R3aVc5YVZYMHZLUk1Pai1TbDNDSkRza2kyT1J0a0g5bDRxejNFRkFwZndVRFdwb0RveW1Lb2thQ3VwUm5FWmMxOHczSy1TRzhXbS1jTUVBYVYxdnpSUDdKakt3MzJwQVEzNVM5QQ?oc=5,"Mon, 05 May 2025 07:00:00 GMT",Bisnisia.id,startup Aceh,google_news_rss
"Hadiri Pengukuhan Pengurus AMANAH, Begini Kata Ketua DPR Aceh - AJNN.net",https://news.google.com/rss/articles/CBMingFBVV95cUxOVGd6LWFqVmkxOF95RVlxckZuT2h6dUl6UkZPbHpTYzFkSWdaUDdkMEpxS0VTSzNMVWhKdHJWWG5hQmtxNExlOG1SVFpkQkNnWVZDcjMzQ0ZreTFpSndUdlc2MGF5VTRlMlAybk1tOTJhelQyYnVqaV9DUWhQay1SU1dPeXVucGJMc0x4Rmw3bk9kZ1RCZVpqWDVObmt2Z9IBmwFBVV95cUxPenE1UkNWd1ZiTENCX1N2TEVraVdPem04cmV6clBLRlgyd19ycjFlVFh0TE4zc0xRaC1paGxuUDhXX0NzOGM4UEFIUm9fVzZCNU12NXhPMUNqbHF3UWlGTEtZSkFlMVVMSUZNVVdSak5TMWMxV3I3cUIzSkZhajEwb0VZMTk5eW5WWGJCWXBkVExiaEROWlIxNmFIYw?oc=5,"Thu, 23 Apr 2026 07:00:00 GMT",AJNN.net,startup Aceh,google_news_rss
Peluang Ekspor: Thailand Minati Kelapa dari Aceh - Bisnisia.id,https://news.google.com/rss/articles/CBMid0FVX3lxTFAwSXZ5M2ZwM2REa2lMTXRpUVNweW9jclpiYWVXQ1ZkR09EV3kxT0tqVE52U0FjREdFbFNTU2FQb3NLbVJBQlhtbUFUaGZISW00dVVseFpHeEJ2RmJKR0JReXNvRzVzaDY5b09ZNjVJS3d5NmlyRHVj?oc=5,"Thu, 26 Dec 2024 08:00:00 GMT",Bisnisia.id,startup Aceh,google_news_rss
"Cut Munir Nahkodai PDIP Aceh Selatan, Siap Bawa Semangat Baru Partai Banteng - AJNN.net",https://news.google.com/rss/articles/CBMisgFBVV95cUxNVDduTXRUNTBwMF94WUNZVmxKZHpMTnlqQlpYcmpoaGJJRkJodDhCd1FZTHBDVzA4amtoeXF6ZWg2WGdMUExZdktLd01XMUdHZFJTMjVzN3JWQVBsQ2NRdEk1alpCQmJRT0xhWmV4eHBaZW5pbXQ0LUtMWkFyVUZNQkM3YVRBRGREbDF0Y0hDeFkyUXJVZkxrTzdTWDROc0lrUzl6Nm1jdDQzU01pR2NUTnZR0gGvAUFVX3lxTE5GS20zdmE1UllMdUZhYkM3SUszZ2hVcTJjYUMtM2ZWOE55OEYzSlpvOXhBVGV5U284cnRoTmJGZTJnNTd3OHRpWVd1bTlNWWdnOEpQQmlYZG9iNXNIWVF5VVNLRHZ1VDFfUzlhU2JfQnpZQ0NwWDJob014LVdIRkF5d2lYR2JYbTdOR0Z4ejhuazBveGd6ZVRocWxiOTRXUGZPc0hieEl4SFBGNkRsOE0?oc=5,"Mon, 03 Nov 2025 08:00:00 GMT",AJNN.net,startup Aceh,google_news_rss
Lirik Himne Aceh ‘Aceh Mulia’ - Bisnisia.id,https://news.google.com/rss/articles/CBMiXEFVX3lxTFBtSTdQZ1pwSlY1QzRySnhpQ3BPTm9uYThzaWdFZ2JHaGpBV0NTWEk5YzB6SFV3UlVuSHJaUTJadWZMY0FkNUxhU0Vza1NjcGIwREM3Q2ZjSzlxRWlL?oc=5,"Wed, 14 May 2025 07:00:00 GMT",Bisnisia.id,startup Aceh,google_news_rss
Gubernur Aceh Rombak Manajemen PT PEMA - Bisnisia.id,https://news.google.com/rss/articles/CBMia0FVX3lxTFBKNmhZU0dQNFN3S2NUYXBBZHNGbHNqNDBwZ0YzLUlmODNOUlBwYzgteDZrWUlxN203eGo5YlZVOUtvdzdoVzAxMjZhMTF6Ukc1bWllQXdfWTZLMFJ3WHh1SzlZRHBDbUVYaW9n?oc=5,"Thu, 01 May 2025 07:00:00 GMT",Bisnisia.id,startup Aceh,google_news_rss
Mualem Serahkan Usulan Terowongan Geurutee ke Bappenas - Bisnisia.id,https://news.google.com/rss/articles/CBMigAFBVV95cUxNOXdnRFJPLVNMV2ZMMzNDNnktYlZDaWhma05xOUhSZEZMREZmMHVoWFNZRUF0alk5LVh6XzZIckh2Ujh0MVhHWXJTN3gwZ3dKUXEtMVBmbEY5d3JiWFRMcS1CSE54Q25BN0JmbkFwUVdPVVI5RVV2ajVua3F6UzRnZA?oc=5,"Thu, 10 Jul 2025 07:00:00 GMT",Bisnisia.id,startup Aceh,google_news_rss
Warga Aceh Besar Ditangkap Polisi Gegara Sabu - AJNN.net,https://news.google.com/rss/articles/CBMihwFBVV95cUxNUFE1TDdJS25YbkdZTjBJbWFQZVBGeF9tSG9jODRUOE50dnhSdnRWblZ1eUk5V1dvVC1kdExnLUpQZGFsaU0zNTZfQlpZQVk3azZmZ09MVFFEdzZaSHlkX1I3alNjc3RnRHNWSUt6WWR2NVJuRFB2SlRvYUltWFRWYzJ1ZUw2MVXSAYcBQVVfeXFMTVBRNUw3SUtuWG5HWU4wSW1hUGVQRnhfbUhvYzg0VDhOdHZ4UnZ0Vm5WdXlJOVdXb1QtZHRMZy1KUGRhbGlNMzU2X0JaWUFZN2s2ZmdPTFRRRHc2Wkh5ZF9SN2pTY3N0Z0RzVklLellkdjVSbkRQdkpUb2FJbVhUVmMydWVMNjFV?oc=5,"Fri, 15 Jul 2022 07:00:00 GMT",AJNN.net,startup Aceh,google_news_rss
"Dewan Aceh Besar, Wiki Noviandi Wakili Indonesia di Forum DCN Manila : Bahas Transformasi Digital untuk Pemberdayaan Komunitas - Kontras Aceh",https://news.google.com/rss/articles/CBMi-AFBVV95cUxQY1dEZk5tNE5wMVdnUWFudDRsdnJhb0NWX3lkWFQtSFJ6bFBvT191cWlvOHR5dS1uMFIzWTR4bU5YS01wV3I4QWJ3YlA0X21ZREpJRHVXZFhpWFEyRHp1S1R5RUZ6UHVsdWlDWHB4blFsZnk5YTM4eEhBd2VLakZPNUFrTTJCUVMteUl6Z09wMTNNYWFWWmhQQmJVRVU0NU1MVnlqcGJmN3owTnJUZ1V0MlU3UVpzem1LRmpSOFdCVWZ1d2J4akIxbW9wMktoMW5MRFc1VTlicldMMHZUZ3pRY3pSTXFCbTkwY3NnT3ZTUlBNY2dVdEs5VQ?oc=5,"Mon, 03 Feb 2025 08:00:00 GMT",Kontras Aceh,startup Aceh,google_news_rss
10 Provinsi Penghasil Minyak Nilam Terbesar di Indonesia - Bisnisia.id,https://news.google.com/rss/articles/CBMigwFBVV95cUxQVmlpNVdlbDBicTNZb2lkWEdFQ1h3MFRjLUJ4TEFsZExkWkd0bmRpLUJaQVptOEpoVmRHRnNSX0ZZMUNUSU1PRFdPalhDRTZxY2tTZDR0aTBJSkQ3eDh4VG9tSkJSckRTbDNLQVFaSmRITXBEWjRBc1dyV0V4WDV2YnV3OA?oc=5,"Tue, 13 May 2025 07:00:00 GMT",Bisnisia.id,startup Aceh,google_news_rss
"Sedang Viral Aplikasi Twibbonize, Sosok Mahasiwa Aceh Inilah Penciptanya - Priangan Timur News - Priangan Timur News",https://news.google.com/rss/articles/CBMi1gFBVV95cUxOandxcVlka1lkLXV2a0pEbi0yYkl5OU9zZWlhd2pXcHUwMUc4S19uekxaYU1SNTJYOG13Z0FpbFd0REdEZUpTQUpRNDdTMVBXM3R2ZGdqY0Y5UDlhZzA2elNKRkdzMHAwQlNVWDloMUd0cHo3R0UxeWR3Y0VvTVhFeDBtdDc3eGJXWmRxZmlCUWlCeXZCNXotdTZpTWs1V1BPZm5Na2cwaE5rdHMxWk1YUVc5Sy1DbDFKc1hnNkRFSy1mWk9NM1RlX2FTM1JjSHhoQnE2RWxn0gHbAUFVX3lxTE1FY3l5NWEtMWpEd19WTnN2YXgtV3lCZG5nemRRMmFaZEpfeGEzS09vamdyY0pVM1pZMGlOcE42c1hUZEl6Z0JFbTVRdjFkaFZKOGw0SGRXZG54VGNTX191MUl2ZWlYdDBsU3lNTFUteEw4QjJTcnNIanI5TDg2aGZScm9Rb1dSYURlTU9VX3p0cVlRYXlrR2JyZGt2NUJYN0MyWFdZLXVRRXMyZ1hrUUExWjF4cDRkR25PQXotRGVjR0dOQ205eVNteVhWbE9JcWdva25JRlpWRkxLQQ?oc=5,"Fri, 06 Aug 2021 07:00:00 GMT",Priangan Timur News,startup Aceh,google_news_rss
Kota Banda Aceh Ikut Deklarasi Pengembangan Inovasi Digital dan Penciptaan Techpreneur - Diskominfo Banda Aceh,https://news.google.com/rss/articles/CBMi0wFBVV95cUxOdHpEX3JyTlFudU10eTJZZlBodzF1eHZ5dS1yZUxIbG9rVXZNQmpXRlJPZFI4RlZJMUlzMkdJSjdEMGV2aFE3ZkRUX2hXdXpaZEZVendZMm9ZdkVSeEg3a2toend4RjY4VE9uTVU0OHA4MUd5d2pwbkJmVUMwbVZGSlU5UXhfazFtNi1DYXpNaG5raEtFRFdlQm4zREptakdKZl9EZjRNa05nRThJcmUwR2dDV1BHdS1hWDdhRUZqM29POFZNSGE2dEVsWTZzWFNTUEZz?oc=5,"Tue, 23 Jun 2026 07:00:00 GMT",Diskominfo Banda Aceh,startup Banda Aceh,google_news_rss
Garuda Spark Innovation Hub Buka Ruang Kolaborasi Talenta Lokal Banda Aceh - detikcom,https://news.google.com/rss/articles/CBMiuwFBVV95cUxOakFSVkZwSmpWbHJqQndVTHJvbzJEbmFYbDhxZGw2aFV4WXYyeUVqbGVxMk95U3Y4WUc2R3lWc21LY1JPOFVKcnZGbjl0U1NQSFhlT3lBY0sxd044QldOZmVLUEMycXhGSDBxYi0yMWkzY19RMy14cTg5Ymt4dTFONERjOGIyMGlDN3JWT0lQaTdud2FvWm1mYXJSQ2xrdGVsLUJRUWZmX2NXZVpkTzFpQk83bTdsZExmbVdJ0gHAAUFVX3lxTFBMUGViYnJiaVA3SlZ1Q1Jjaks4bGxTdnJLZzgzajVpOXZHdmt3STFPT3pvdy1JSXBWd0N3QVF5U0NmbWVZUDN0dGp0UElPVW1VUmRTeGxKTDRybV84Snlqbkxzb1VYREU2UEZHYWoyT1BVQ2xEaTVrV2hoU2lwbTMwS0ZtdGhKbkx6YXJkand3VjFnUFgtMk5xMG1DM3NpcUZHd05teG9VYlp4WVB2UEFfb2p5enpsc2x0UWVkT2tzXw?oc=5,"Thu, 27 Aug 2026 12:26:54 GMT",detikcom,startup Banda Aceh,google_news_rss
Kementerian Komunikasi dan Digital - Kementerian Komunikasi dan Digital,https://news.google.com/rss/articles/CBMi8gFBVV95cUxPNHlMWkdLdEh6dGVmeFk4Y3Myemk5TWFON2tWT2gya1h3eXpwWGI0MEl3SGhvTWl4bHZvalpVSXVTbktwXy1PR1kzNlVwOEZmdmtiTjJTOHlXM0E2VDRDS3I2akhWeVhHaHhxRmltcWN4RUJUZXBIQ0g1Qnh5VHhleVpWWVEwbHRqblcxUkx0ZWZSZzFCNmpBMnZvRHlySkxjMVZvdTdUZW1RYUhlVmpxUEFPSFRjaXhTV1pTRE9ibV84eWROWmNpUzRaRjg4Q3B4bEt5WDhFLWUza1Atajg1cTFqcl9ESkNYSV9pazctU21rQQ?oc=5,"Tue, 27 Feb 2024 08:00:00 GMT",Kementerian Komunikasi dan Digital,startup Banda Aceh,google_news_rss
Kemkomdigi sebut startup tingkatkan kontribusi ekonomi digital - ANTARA News,https://news.google.com/rss/articles/CBMiqgFBVV95cUxPQmdfYVJQMm0yRUZ6al9rZDMybHlDZDlVWG84b29QOTBYcU9wc0g4SnJiSEJJN2Z1YUVNS2dtSW44aFluN21fU0hGelZyU0trXzIzV0hvTDNyQmlvUEtxWGVyN0dyUDJsVEFaWUN4bi1rMUFmQ2Q3MGdtVDBuWXNhTENHTk5QX18wOWVfLXNsN0JueGJJbi1EeFdVOHFuY21ucEVhMF9JWWUtQdIBqgFBVV95cUxPQmdfYVJQMm0yRUZ6al9rZDMybHlDZDlVWG84b29QOTBYcU9wc0g4SnJiSEJJN2Z1YUVNS2dtSW44aFluN21fU0hGelZyU0trXzIzV0hvTDNyQmlvUEtxWGVyN0dyUDJsVEFaWUN4bi1rMUFmQ2Q3MGdtVDBuWXNhTENHTk5QX18wOWVfLXNsN0JueGJJbi1EeFdVOHFuY21ucEVhMF9JWWUtQQ?oc=5,"Thu, 18 Sep 2025 07:00:00 GMT",ANTARA News,startup Banda Aceh,google_news_rss
Banda Aceh Masuk 10 Kota Mitra Nasional Garuda Spark Innovation Hub - masakini.co,https://news.google.com/rss/articles/CBMioAFBVV95cUxOaW5zci1iZ0Ruc29yMFlmSXF5c0dPejhzUlRkLU9QRE5lUEZIa1hsbDUwbE55WkE4d1kwYWRILWlDaUcwVWhDZkVnd0d6dVR0RHJXR1FXaU1nSjAxMHVhdGQwVENvWUdZbDJTdDgtQzNRVmVwNTJ0cEFkZ2Fkb2tIeW1xOGFtUzB0R0YzdmVqRUpuS3FETmhjVGEyOElNUnpp?oc=5,"Wed, 26 Aug 2026 13:11:43 GMT",masakini.co,startup Banda Aceh,google_news_rss
Generasi Z di Banda Aceh Incar Lowongan Kerja Digital dan Kreatif - NOA.co.id,https://news.google.com/rss/articles/CBMikgFBVV95cUxQNTNGcWVNUXk0WjBxX3piLVQ2WTlsNzZ5U01nOEo3VWtZcFpiZTFDa2RJY2RLUERPRThLS3d2SzViNWF5T3Y0bVZGelEwbTBrZU9ER2FJYTRSTVQ2UWtBdlJ6bTF3ZXVhdm80c1hURnA5TDFRc3Z4Yk55OVRRMDdjbVdNRXdmc29CRDJCZEpNcXhkdw?oc=5,"Sat, 16 May 2026 07:00:00 GMT",NOA.co.id,startup Banda Aceh,google_news_rss
Banda Aceh Jadi Salah Satu Kota Mitra Peluncuran Garuda Spark Innovation Hub - theacehpost.com,https://news.google.com/rss/articles/CBMitwFBVV95cUxPRmlFdWFQemM3eDVvYnpvT0RrUnVjSWpmTkNpSHI3bUlPemo0YU1CTU16WmJudkptRlRxLTFwVDkxUlNHa0FxaGEtUHZTNzZmOGlsOWd0ekVuaGNqU0EtcnBHUXB5bV9vS1c2d2tUMjRyVmwzU0RsSlhhQXhnTG1jd2lLVHVoTk1WZlBXUUxvaFdHTEtXanVIaUhub3dLeDJwR05yaFg1U2pWQUZjd2NsMWhIY3BxVHfSAbQBQVVfeXFMTkhWXzVyeC03ZEsyeDZKSWRQWktXT2lXRTR2QWQ1eVltSHJEY3Nramh3emZ6LU1xNnVtRXVCMXlNWWlzVjBLSDVoOUUwNGtIVTBLUUluOHRGZHFKbHUwdzFSWXVtVE54eHNZVzduRGpDSWN1dzk5bkRuc014azZ4bkQ4Uk5IbVpfQngtRGNwWTZmdHFKMjJlSFhwZXhvMnVKSGRBcmNNdGtFVVY4ZGp6NWR1Wkdw?oc=5,"Wed, 26 Aug 2026 09:10:44 GMT",theacehpost.com,startup Banda Aceh,google_news_rss
"Dari Jakarta, Illiza Tawarkan Banda Aceh sebagai Destinasi Investasi dan Kota Kolaborasi - masakini.co",https://news.google.com/rss/articles/CBMiuwFBVV95cUxOQXpkOHFtaW5HT2s5TC1WZEdUZ2pTYmxyaWZpN3FINkhRTERoRjN3aXhVNHcyQU5ZMldrQUJ4THRHNWM1WjI2YnppbzJnOGxjSENDcVdEOTRseERadW1KcU9Ca3BHS2dCT0lIRmpxZHhTa01zU3hNalRjZ2JMMFZZVDg4N0IwSUhybTBmZkF4by0zZkRLUEdhRDZrY1k3S0VUb0xPdmRjRzRLTnpuY3duV0ZsYi1ZTnVsSV9R?oc=5,"Sun, 07 Jun 2026 07:00:00 GMT",masakini.co,startup Banda Aceh,google_news_rss
Harga Emas Banda Aceh Anjlok Rp70 Ribu per Mayam - masakini.co,https://news.google.com/rss/articles/CBMihwFBVV95cUxPNFFWSTYtaTVOUlRyT1h4aHlUa1V4QW1HdmFmdU11OE9SbHJBNi0tejlIcEdEVHNHV0tkVUpnNUV1bjUtSVZPMjJHbElDU0ZoMjhjbzhqTkFLa2stWTBjMG1jVWV2WXQ3c1BmMFZ3UktzUnEtUllaOEhJN3VoQTIwUEhFTGFCTlk?oc=5,"Wed, 24 Jun 2026 07:00:00 GMT",masakini.co,startup Banda Aceh,google_news_rss
"Garuda Spark Hub Resmi di 10 Kota, Komdigi Bidik Pemerataan Ekosistem Startup - detikInet",https://news.google.com/rss/articles/CBMiwgFBVV95cUxQZFZIZW1SOW1zd21fcmVuMTlhX3BDbEM1bXV3aGJ1cXBTU0sycmZBbldmdk9PRVdlVVZHTWlmUGNrOVFCeVBJVDZOSG9UdzlOV1dTdHFaaFJzRjBRUWw4UF9rZG8xaTY5cXU3TlE0YlR2N0t1NDdGS1J2alY5TW1WNENlZTctMl92cmp6N3RCWC0zQjNrNjFDN3NLeWNQd3RvcHZkMmpzMWJVVWtjUE9jNE1SVG1SQUdMRXBaaDN1RWg3QdIBxwFBVV95cUxQZEhBZHFnOUpZSF81TlNiZmFnQUJZS0RLbkdHdkVGOC1oWk9UOTE4N1NjWXNKSUljdHowN2QxcEJVUXVjWXNNNDhhZ2ZYVXZUblpCZUVVOFdJZHFwYnphUGJjMmJlMmFVY2VpWHUwTjhvZHUxMERVTEdvYUdRTmlnRXcwSTdqTVRqLUxiWldISE9kMmRzRDlTRC13eDdWRFZDaEM5NVR5X1UtRHlMeDV6T2NXeHVjR3hkLV8zTk5HQllCVHpUeUFJ?oc=5,"Wed, 26 Aug 2026 06:35:30 GMT",detikInet,startup Banda Aceh,google_news_rss
Inkubator Bisnis USK Selenggarakan Bootcamp Tingkatkan Kapasitas Startup - usk.ac.id,https://news.google.com/rss/articles/CBMilgFBVV95cUxPV2Q0NUk0NXZSWjNZN2Q2a0tXZmRXSnEzYkhOLUtfR0JQUFNwYjdaS0RMZHVYM3dOQ3JjMlVUTkdXdEZYOFlrMkV0ZlRWYzBFWG5sZTJnQ3Z4Mnc3QnlyaWNTNnp0OC1Sa25sZDZXOThGamt4bGhmRjJiWllQeTczS1ZOMExMUmZWQ0xJbkk4UjRJU0lreVE?oc=5,"Sat, 10 Jun 2023 07:00:00 GMT",usk.ac.id,startup Banda Aceh,google_news_rss
"Tak Kenal Menyerah, Pemulung di Banda Aceh Sekolahkan Anak hingga Sarjana UIN » - dialeksis.com",https://news.google.com/rss/articles/CBMipwFBVV95cUxPZkJLZ0sxLWhIUlRMZFgzZHFoclFhSzFsLW5Nd1U3eXFZY2F4SEkyQ2tPZFdpdzB5NnhlNS0tcmlTdkw3MGxTeUJTWHFuaGlUZHVONW15WHloZXp1bG1XMDU5cDdOMkJvYmhzZUhNNnZKRWF3UGtKMzNYZFJXbEdOYS1iamlOWUJDRGJCSjM3cklITXhnQkxuNjZ5LWxDQTRLUFJnZTM2c9IBrAFBVV95cUxOUWotTkFSeTU5NlVBUzBNaUM0X3pOSXdxQUFUSWFYejVscHJoNWFBRGZZWHJZMjVWczF4alo0dERmdndmYlM3TnRPWkZaWjkzM2ZVNFRudFVVTHNmbm9ocGdwZktkX2hXcWdUdGtHOFFFMHlOTzN2VXNtTnMzU3NmQ18wN3hFN05vN251V0d6ZUNYdjVfeXR5Z2t3VldiYkwwRUJBSlBXQ2FhOXZP?oc=5,"Wed, 24 Jun 2026 07:00:00 GMT",dialeksis.com,startup Banda Aceh,google_news_rss
"Demi tingkatkan SDM generasi muda Banda Aceh, IIliza adopsi program BAA dari Belanda - ANTARA News Aceh",https://news.google.com/rss/articles/CBMiwwFBVV95cUxOQjN5cllScXV3bUh4d09Tc1FWZkp5VnZsN2pRZlFjSWp1VGE2SGJHU0FTbDdxMzVlQWNrSmNZSXpUNVJvX3lFY2FDRU1makdwTUU2YWlLZUlNb2RZd3pjSXVkZlo1Z1prR1ZtVDhZMXlfVGFCS2xEaV9PUXM4MWh1N0cyc09mRk92Q2JzdTFBSmhIa180SDNFYmtxY0VGU1JtVEhkZHdlQVpacUZKdWUxUmV5dFpKWGwxUDhBQ0hLeXFpZjjSAcgBQVVfeXFMTmJoRGxwZTRGTktaakpYeFVpd0x4VVZWSklTSUgwSTlSOG1sRXktUVc3c21DdndHS1NoMWFhNTdTMTVXNzFweUhQSWZ6S0s5dEZTTjM4Y1VRdG5vczhxWjlueHlBcjFCOEwxLVJXcERULTdlXzl4UjN4WExSM09pRWZWMGQ5TlJnVnktLUJ3QTBSUEVfeU9FZzF0d0VDNFdvdWVXSUJzRl9MRzU4STJQNmxTWTViaUV3a3M0eFo5SlhtcWpxMVRSYm0?oc=5,"Wed, 22 Apr 2026 07:00:00 GMT",ANTARA News Aceh,startup Banda Aceh,google_news_rss
"Startup RI Masih Terlalu Jawa Sentris, Pemerintah Siapkan Jurus Ini untuk Ekspansi di Daerah - mediaasuransinews.co.id",https://news.google.com/rss/articles/CBMi1wFBVV95cUxOSEtTSlRja0hvUTdveGZ2QWY5clpJTVAtcXBEM1dmdDlDYVJQRjhoUmJub0Y3amh2MzFOQ2lPM2p5VmtqV1REYjJKNHFscjNtRUJuaGFFaXZyb1lrVmk4LUNyYkJUUXdTOFYtazZYX01IakZFcUlHWF9kS21Za3pBbjZOT0lrQTNUU2dGOGxtaHNOZlJJN3lPMGl3SkxLbWxzRHhURmU0MXdBY2JpOTRRQ3cwSnY4bExtWlJRRnNiSDlIN29qZlQzNHV0dV9XektDWXZWQmkxdw?oc=5,"Fri, 28 Aug 2026 03:04:00 GMT",mediaasuransinews.co.id,startup Banda Aceh,google_news_rss
Banda Aceh Academy Jadi Andalan Pemko Cetak SDM Unggul Banda Aceh » - dialeksis.com,https://news.google.com/rss/articles/CBMiowFBVV95cUxNazBRQjc5Mnh4OGRjUkJMVXhvSUNfdVRwdEI0OVhkQjB0WkI0eDNvM21PeE1QSEpiaEZfYjRJbExmdzVlN0E3WWFxbDlDNDRDdnhGNThCYlMxbElYSkFkVldLM0JVcE4wRm9yRWEtd0Nyd2gyOEYtdzRKeXN5cEFWaDlyREs2UU1fbl8yMjVFcmhzNE1PbzF0Y3lLa1ZUUmd1ODVz0gGoAUFVX3lxTE1LNEMyaVJqb2dRV2h5SFlvWVJLaWppdzZadXhXV1NKNDFraXZIaDcxZGY2LTBTM2ZDX1FJZ0RGSUdYSGpzeWFaNHNMLUNxdGpkT2N2SXJxbXhBeGRoTFZocW9nTGo5QnNqMzNqR3JndnlIOGNmckstQ0VFU0t0b2Z6VU5FcXVuUmFZdFhYTHNpRVFSM25iREpzY3BtSGh4Rlh2TmtPVjVjUg?oc=5,"Wed, 22 Apr 2026 07:00:00 GMT",dialeksis.com,startup Banda Aceh,google_news_rss
Kiat-kiat memulai startup - ANTARA News Sulteng,https://news.google.com/rss/articles/CBMiekFVX3lxTE9UMnZJMk5JQXVCSElqUUtnbGFaNEJJZmlBMVkzaUVwNnV1VGt0NHd2a0JiNVdGbFo1WmYybi1fcC1jU1JqSndrRzY3QjhfcnU3Y2FsV18zTTIwSlJKYk9Cak81eGZBZGZwWXpEYjdNWXpOenA2cENrTWp3?oc=5,"Thu, 12 Nov 2020 08:00:00 GMT",ANTARA News Sulteng,startup Banda Aceh,google_news_rss
"Pemkot Banda Aceh Manfaatkan HUT Kemerdekaan RI untuk Dorong Inovasi Teknologi Lokal, Target Jadi Model Kota Pintar di Aceh – Berita Hari Ini - Universitas Teknokrat Indonesia",https://news.google.com/rss/articles/CBMi7gFBVV95cUxPTjVYSzZ2WGZWZVJYMkc2UUxNRGJlTEZrUzdDRWV4UlpYVFF1S3NKY2d3WVhqaXpiSjBqRzlpRWl0Q1ZxSWEyZEtkaVJ4aFVyTzZRZk9TblRSZmk3US15eUNPd2dGOWN3QVpRdG9kdEFybEdUUW93cHg2RVZoX2JfUE11aWNsRkw4T1ExREdvNzAtTXJCcnBFcXpaeHNEWVM5eERoRHR4UVZ3VDlmaUtqUkdEZVlMN1VZaHVyQ3BDZ2V3c1FXRElYUTY3YjBmNW5pRXd5dW50aWdMTlg0OXlDWXZWOVVhUU0xSl93LUtR?oc=5,"Tue, 18 Aug 2026 18:52:07 GMT",Universitas Teknokrat Indonesia,startup Banda Aceh,google_news_rss
Tujuh tips tingkatkan produktivitas 'sales' via Mekari Qontak - ANTARA News Aceh,https://news.google.com/rss/articles/CBMiqAFBVV95cUxNUmdGQW1zYUZfZkd1QlNWZ2tfMXNxNUdhUzctdnVjRDV2czhBUG4tSWd3TzhKZG02NURsTy1ndWlUMlhMZDUzdTNPSFluYURpWTRhSFQ5R1RvTjllS2FIQzlGREFHTmNxZFFCY3dwZEswZEhfWU9UZWpkSVNoQjdwekV5RnU4b1QtN201SGxoT2VWNjJsb1lqQUk1RXVvUkRRUWlqcDBjVXXSAagBQVVfeXFMTVJnRkFtc2FGX2ZHdUJTVmdrXzFzcTVHYVM3LXZ1Y0Q1dnM4QVBuLUlnd084SmRtNjVEbE8tZ3VpVDJYTGQ1M3UzT0hZbmFEaVk0YUhUOUdUb045ZUthSEM5RkRBR05jcWRRQmN3cGRLMGRIX1lPVGVqZElTaEI3cHpFeUZ1OG9ULTdtNUhsaE9lVjYybG9ZakFJNUV1b1JEUVFpanAwY1V1?oc=5,"Tue, 07 Nov 2023 08:00:00 GMT",ANTARA News Aceh,startup Banda Aceh,google_news_rss
Startup Hijau Bangun Masa Depan Industri Indonesia - Harian Jogja,https://news.google.com/rss/articles/CBMikgFBVV95cUxOd0RTRE81SnJoY2pjd0tsbUhNTU5pSnNpSWY2RmRKbklyNVJFQ1hsTzJTVUJFeDZzSXM2Y1R0Mkl3bm52ZVFhc21meUw5akFGR1U5TllyNjY2M1Y4U0tMRHpYMG1iV0wxOGlMV3VFSlA4eTJJNU9ETnpIaUxHSm81QUktcmtTY0N5RElmUENDU2tvQQ?oc=5,"Fri, 10 Oct 2025 07:00:00 GMT",Harian Jogja,startup Banda Aceh,google_news_rss
Tahun Depan Startup Digital Direncanakan Jadi Mata Kuliah Wajib Mahasiswa - ruangberita.co,https://news.google.com/rss/articles/CBMisgFBVV95cUxNVDlyQzJiNFJpUDV3Q1VzaFRlUzlzUUlSM1ZRUHhWOVRlZ2xhNkdqT29qa1M3aDJRdHJROEd3TmNfVUM2N1pQa0Q0MV9RRXVPRTB6ODBlM0RfZldjeTlCQW42MzZLOUNieE90WVhlS0hTaHZncklnV21NeFN1cGY1aFNfWV9EcUNmTEtLSHhMdXhmcER2bmJZUHhmRm5zMjZPVHkxRzFac1VNbTFyTkNERE13?oc=5,"Wed, 12 May 2021 07:00:00 GMT",ruangberita.co,startup Banda Aceh,google_news_rss
"Indonesia, Negara dengan Startup Terbanyak ke-6 di Dunia Awal 2024 - Databoks Katadata",https://news.google.com/rss/articles/CBMi4gFBVV95cUxOT0JaVWdzbjg4em1GaE5tNWM1T2t1R3Zabmlfb2tELXRGcTNDTWljYjc0dHE2ZkFEaEU3Ym9BYkJXazVVU0FhMGR1ZWRSV3J5aUF2aVJ4dk9xTXhYeXRJRWt1MDB1aERBaDQ1Vmo4bWhVX244Y2VIRV94c1JORC1pcDd0eU4zS1BfaGpMVFl4QWlGc3NyT1lmd2xOQ3FmcTBELWtvMTBsQXdPc1FGR0I1ekJWVEVWMkxEc3k1Z3MtUVpzNDlHSWZJaVY5VmJvSlVFVlpXMV9PRllCLUdiTGd5MTVn?oc=5,"Thu, 11 Jan 2024 08:00:00 GMT",Databoks Katadata,startup Banda Aceh,google_news_rss
Telkom Indonesia bersama Dinas Pemberdayaan Masyarakat Gampong Luncurkan Program Pelatihan Re-Investasi - pontianakinfo.disway.id - Pontianak Info,https://news.google.com/rss/articles/CBMi6gFBVV95cUxQNWI1aFhVUjZ3X0hpTkJYNkpEeGw0djUtMGZfT1JlQVFhZWJSUjhnd25pcHl2b2ZBMldGN3dMSGUwdl9GUFQ4TkNUUHZTajQ0VnNRbnpQamVuc0FQeEtiM0E4ZFM5aWVsQTZjZkM2Y0dmb2lrMUlXaWYyeG92U0dPeFhqMVU3cDNzaTFnRk5ELWh4Z3RfUnM4bWR2dnNURWlobFVJZGJTWUVJR3YxTkY2WHpVVmNJRjEwTnJLZWNkRi04UklGWHVUdTdLbFZhblBVVUJjYkxDcEZvLWJxb2ZnVlo5NjFlOXktcUHSAdwBQVVfeXFMTm1aX0paUHZnbDktX25maHREYTlFTU1fUVRJdEdncFpvVFg3TWVmQ1pERXZxcEo0QTlLOU1UdnRBS2pfckdCTUYtWWJTYmdyN2lQOTU0RWQ5WGhuVnlrU3FNUTd3c0dSd0hWZXp4TDJIOXpWX3BDaVNzMUxDckg0NWlhNVlGbDVSbkd2WlBnQ2V3dVF4c1hFUlRET1BYOTZYSnU1dEl5RERlaFdMSlZVdVg4RFpBZjgyd2RubzB1Q1JZZGVKbFNDMkF1Zzkwb0x6ZjZrUGtGMFVIOGdMcA?oc=5,"Thu, 24 Oct 2024 07:00:00 GMT",Pontianak Info,startup Banda Aceh,google_news_rss
"Orasi Ilmiah di FK USK, Wamenkominfo Bahas Peran AI di Dunia Kesehatan - rmolaceh",https://news.google.com/rss/articles/CBMimAFBVV95cUxOdWZmR192UXlrNWQ2d2FQYk1CSTRmU3FQekg0MGkzaWVIOEhTcVM3TjZKcFgtTG9ycXEyNWNZdm90NUhMQk90Tm80WUt0OHFqX0cwM3dUcUg5eWE0TEJmT1BNUUgwTklTXzgzU2VaVXVmdVZRV1B6V2lVbjVDanphNC1FeTdBczVUaUMyUFJ0eUI0dmZ1OGkzaQ?oc=5,"Thu, 26 Oct 2023 07:00:00 GMT",rmolaceh,startup Banda Aceh,google_news_rss
KelasIDe.com Startup asal ABDYA Lahirkan Juara Lomba Desain Poster FLS2N ABDYA - Aktualita.co,https://news.google.com/rss/articles/CBMigwFBVV95cUxQdXVlOFhBSjVLMDREeHlSaEZZLVl6WVRuTEdYR2RYT1pyNUdGNF9KOEhnazV6eGFKckp4S1AzSV9tYzhFVjFJUXh3aWp4aWNYWmtqMGFmd2IzSVItMUFfVE41NENXVHE3X3ByMENyYV9zUTFhYm1ZOXdlUld1cm1XRHZxZw?oc=5,"Tue, 26 Jun 2018 07:00:00 GMT",Aktualita.co,startup Banda Aceh,google_news_rss
Cilacap Samudera (ASHA) Gandeng Startup Bikin Super App Perikanan - Bisnis.com - Market,https://news.google.com/rss/articles/CBMitgFBVV95cUxPcGpBT2hBbE5jSUpET0tKWHVvTmZlR0hLWUVyRFU1UFg5MnNVbk4weWdkd3NJcm1OX2Q2WktBSGRVSUpWc0dITE1LcHZzT0tYRGQ5dUlON0RNc2VaMW42ZUw0VGVrWGdhQTN3cVQxQW1oM19CNE5JR080dXdJZE5SWVgxZkZXbktpR2gzaTIzbkFHb0ZXczdyZ1Z6bVlJTlZGdi1XdnpBbmlFc3hFVm5hdGwzeVVBQQ?oc=5,"Fri, 27 May 2022 07:00:00 GMT",Bisnis.com - Market,startup Banda Aceh,google_news_rss
Startup kemasan Tjetak dapat suntikan dana dari Grup Temasek - ANTARA News Sulteng,https://news.google.com/rss/articles/CBMiqAFBVV95cUxOR09ZdjczR0xneTU5YkVJQkpxSWk0UmdXajY1NG5BeE16c2I0N25fdDg1eHQwSDh6UmV0c2VVZjdkdmIycld6V1RiQVdXVnBvdG9YTm9QX0RvN3ZWakllVGRreUIxU3lLSkJzeXFmUG1HbVF3MHpWei1vUmZELVVNeVp2eUk3OGJQSktkYlNxN0hlSGo3dmRBTDNRYWk3bk5ERDZQUm1pYlk?oc=5,"Tue, 25 Aug 2020 07:00:00 GMT",ANTARA News Sulteng,startup Banda Aceh,google_news_rss
Telkom kebut pembangunan DILo di Padang - indotelko.com,https://news.google.com/rss/articles/CBMibEFVX3lxTFBTaFF4NXloSXpzWFdCUTJpVWhraHhxVmQ3WHRwc3RYSkRmb3VvVk05azRsaVNJZUpKWmVnUi1RU2x6WEhXSk5tYWtvT3dCenhydkZiTkhKUERRQkpjSzBiVkRlVmI0cV9NZGtTQtIBckFVX3lxTE1LM3l0Rm9hN1FRMUtFZjlKYlkzZGtuVXZSV3dFOGVUTDhaMlBqdF9ZZkRKMkNDOG11elkydzFuRFlNeGJhYWpkcE5sY0t2OVNpS0l5eV9kUE5Uby1TWkdRYU1XZi1ZWWNIbnU2US1kSHVjZw?oc=5,"Wed, 03 Jan 2018 08:00:00 GMT",indotelko.com,startup Banda Aceh,google_news_rss
"Komdigi Hadirkan Garuda Spark di Banda Aceh, Talenta Digital dan Startup akan Dihubung ke Industri - Serambinews.com",https://news.google.com/rss/articles/CBMi1wFBVV95cUxPVnp4TmNVMDVzV2c1d1RpdzFIdmpEd29sbGZlMFFuV3kxc0duRC1Ub1ZYNXVVb3ZvSV9NM1FqSU1ZbUVRQ0UtUlJyNVJlVkM0TXRkSEVVWndqX05vU1h3WE5JaVplVWpaN3J5SnJ1UzdqaktOSk5tcW1EUGVFdk9QdHFuUkkycDBpaW1zcUF0LWxxSFhzWkJtZ0V6N0NCRldpeXBuNkVZdVpTTWxNOFZvcXJTVkQ0REp0NUlaNWtEN3k1QXQ5eVRnQVZYNDkxT1REYS1GWVctdw?oc=5,"Wed, 10 Jun 2026 07:00:00 GMT",Serambinews.com,startup Banda Aceh,google_news_rss
"Gramedia Banda Aceh Ekraf Week, Wadah Pelaku Ekonomi Kreatif Bertumbuh - Serambinews.com",https://news.google.com/rss/articles/CBMiswFBVV95cUxQNzY3WFZTbnplbUxCMmwzazJOek1ieDNCLVRrcGlhNnlIVTRjMGtJUzc2eVVkVUpUODlOa3RWbDFXSllPZXJHOXpPV01aOGQwci1SQzN6Y2d6aXpuSTlUaHJ2aFpSaUVqMFk2TmIwbGJVRDhJUHBSNFZERFhMRmJTWXFFS2RDeTFjTXppam9TTnh2WlZLUHdPX0VOcjBGdkQ5dzV5aS1NMEppQWhiU0dVaUd5VQ?oc=5,"Fri, 24 Oct 2025 07:00:00 GMT",Serambinews.com,startup Banda Aceh,google_news_rss
"Jarang Terlihat, Teuku Rassya Ternyata Sibuk Kembangkan Startup Budaya, Tertarik Sejarah Sejak Kecil - Serambinews.com",https://news.google.com/rss/articles/CBMi0wFBVV95cUxQVXZ3bW1yNkRKRVZycDZBY3NvZktIMVlPMGNNVlRYTUxTMlBCSWJLYV9GWkNwWjdGSEZvb3l2ekRWNmNJeUhWV0VQTlZEcWQ0eHE0djBTMEdqNTJnbVUtNHpMZUpoVXhUQzlVNlBtS0JVZjVTVDRqWFc0S09na3FwQTdDaW1Xd0ZRU1FSdkY3VjNVYVZfbmYzQV9vWm56Nk1RUjYzUjhsZkRJdDZzWDZhUHl2bHVmNWRYME5OX0FEVllyclZaTUZ3YmNVQ0lpM3ViSDhz?oc=5,"Thu, 22 Jun 2023 07:00:00 GMT",Serambinews.com,startup Banda Aceh,google_news_rss
Harga Emas Perhiasan Hari Ini Naik — Cek Rinciannya - Bisnisia.id,https://news.google.com/rss/articles/CBMiX0FVX3lxTE9ZZ1FZMFdReDJaMHhiblBSd0dGYUxjVWdHc1k2OEE5TldiUVhTVlFUWG1mYzNBZDRpbWxoWGVlVkNiUVZldWhVbmJyMjJfN2FpOV9FbkZIT181endzNzBv?oc=5,"Tue, 16 Jun 2026 07:00:00 GMT",Bisnisia.id,startup Banda Aceh,google_news_rss
Politeknik Negeri Lhokseumawe Siapkan Lulusan Sesuai Kebutuhan Industri - Bisnisia.id,https://news.google.com/rss/articles/CBMilwFBVV95cUxOd3J4SWk5X2FOZHZSLS00aWp5UXMxVFpBcXY1aTJlUUpEUnp3bmQ4dlRxMlBIWWlidEI3YlBTYXlJcjN3WlRJaGkzaWYwbGZRSUNnLWFlN0pyblFsYmlCYzlIVFhGaUlFSjRaXzJFdDRkVVZFVlVreU5HTVZpWlhZQ2toTUJvWlM3eGdYS25yQXNUSkJiaFA4?oc=5,"Fri, 29 Aug 2025 07:00:00 GMT",Bisnisia.id,startup Banda Aceh,google_news_rss
Jumlah Hotel Syariah di Indonesia Meningkat Jadi 500% - Bisnisia.id,https://news.google.com/rss/articles/CBMifkFVX3lxTE5DbkxsZkpFM3RMbWNIZkdkcXJZOTNZcDExMG1HTThnTG1aOGxrVTlBS3ZiVEJ6bldsMWdMUE8yWFN5S3NiVVFjcTZPbmpJOWN3dlUtMjVULWxVWU9qRUVzXzVTWFhDbVRJTlJuaFdvRUN4RktBRlJXaUx1TkVFQQ?oc=5,"Thu, 05 Oct 2023 07:00:00 GMT",Bisnisia.id,startup Banda Aceh,google_news_rss
Banda Aceh Dinobatkan sebagai Kota Peduli Sastra - mediaaceh.co.id,https://news.google.com/rss/articles/CBMifkFVX3lxTE5BZGY1RmJ2SmIxdmFzb1hYWkVheW1OLVZWVE1NOUFMakQ5VTlsOG9vZUNUYW50S2pEX2dQZ0NYUlRoMWg1QkNBOHd0cy1MaUJucUNibGwwRHR5LVNHd2xpYXJOY1BoLW9ndkdfZGREa29iOGhFU0J3SGVLdTVTZw?oc=5,"Wed, 24 Jun 2026 07:00:00 GMT",mediaaceh.co.id,startup Banda Aceh,google_news_rss
"UTU Kembali Tambah Prodi Baru, Resmi Buka Prodi S1 Bisnis Digital - Universitas Teuku Umar",https://news.google.com/rss/articles/CBMiiwFBVV95cUxNTlNCOG1uMXlyZUhWM3FScUFnZXlrWThlZWRLRmVpRlZ0blJRTWlYMVZsNXZOSndyV2M0SWg2aGx3ZjBkeGczMDZKN2VZcWZ4UTFNRDhEbXRHZDdEMVU0dWhVSFRsandHcmt2SUxqbzhfZDNSenY3Z1d1QmNIbjlUWlNuY09FcS1nR1Br?oc=5,"Mon, 20 Jul 2026 07:00:00 GMT",Universitas Teuku Umar,bisnis digital Aceh,google_news_rss
Digibos Soroti Pentingnya Digital Marketing untuk Daya Saing Bisnis - ANTARA News Aceh,https://news.google.com/rss/articles/CBMitAFBVV95cUxOU0k1TXk0eGpVbTg1a2h2MHZOZklBRU1OQU4ydlo0UDl3YnplMmVlemhyVDBxTW5RZWFJbXpqS0ItcUIyWlhFSThwUE9WemRPem9nOXJIMk9saGE4V3A1bXpES1JIOERmcVlObl9PdThWMUZEVmMwdnB5MXNXT0NaVXFjMHhSRlQxRGxibGVJemlZOG96N0NLR2VYYThMTUNkMVFwU2R5cG16d2xiZm9ISFVVYWw?oc=5,"Thu, 27 Aug 2026 08:37:00 GMT",ANTARA News Aceh,bisnis digital Aceh,google_news_rss
"UTU Terima SK Pembukaan Dua Program Studi Baru, Prodi Sarjana K-3 dan Bisnis Digital - Universitas Teuku Umar",https://news.google.com/rss/articles/CBMipAFBVV95cUxQNmF2WG5EYVNERExlSWJpbEQ3eDc0RDlNVjQ1cDlFRjByWnpLWXdNUWE2eXhtNGducS12RjJ4eFFIWTdPTTVBbi1ObFBHOXJoMmc5Y1JtWG9rbGtSTjdITnVxcHpGWFkxdmJ2NldMeEVLQ1IwNXQ2SHdKZGU0bFhib044UWhBVjZpRGE4cTg3a3ljS0NBSVRXd0N6SWtvWjBVdTdHMw?oc=5,"Tue, 21 Jul 2026 07:00:00 GMT",Universitas Teuku Umar,bisnis digital Aceh,google_news_rss
Ekonomi Digital Aceh Berpeluang Tingkatkan Nilai Produk Lokal - RRI.co.id,https://news.google.com/rss/articles/CBMiswFBVV95cUxNekozaVN5YTFTS0NaUU10TEN2cGZma3paM0R1VXhrTmtscGE2am5nR0Z3SDlnbkdEOEJZOUJUNkh0aWFhWE9kNjBXRlVjVGJMb29fM2Y5ZURHMWRCeW5rY3VQaHI1Mi12Y3RTOWV2LXptUmUtczgxLTZLM1hTSjdfb0NicnRraE1udjk4WTNqOWI1U2F0Mktsd1dZdkt2c1hUbWtaRmZLUzRfNWpzaVhseUQ3OA?oc=5,"Wed, 29 Jul 2026 01:07:00 GMT",RRI.co.id,bisnis digital Aceh,google_news_rss
Diskop UMKM Aceh Latih Pelaku Usaha Pemanfaatan Teknologi Digital untuk Tingkatkan Pemasaran - Sinar Post,https://news.google.com/rss/articles/CBMitgFBVV95cUxOdFJUOVhSdFY5TURQeDFPajJHdDhEZXdzdFBOYVpsYWZ3bmxCbVJxN2pUTURzdVZxNkRFTldHZFRmWWl3R1oxSEthNXBjbVJlZHRoLVZmS3hnVFREOGozLUdDQml1UUFVbWVQNnFTc0hTZFNVY29yWG13QTJ5Q1g2TWhDRUdfZzVYRzBxVnNVclVPdGZpajhXTUJuTGF2V253WjktWEN1VGpfNkxxcWo4M0I0c0xuQQ?oc=5,"Sat, 25 Jul 2026 07:00:00 GMT",Sinar Post,bisnis digital Aceh,google_news_rss
UMKM Aceh Peroleh Wawasan Digital Marketing Lewat Workshop Telkom AI Center - rmol.id,https://news.google.com/rss/articles/CBMivgFBVV95cUxNZHA2MW1IdVhPclJUd1RwaUNTa1BfWHkwLTZoTGZtaVJkU1ZDN0JNZ3Nad293dUpES25yUkRvRnd4NDk1T0wwaWV2a1ZXcWg2cVZhTVdMWnJlaFNaZGtQQWV2a0d6MnpzdS1XRzlDUlEyVks3ajI0eExqNDlJc3czd3BBMWNQMjdLZ19kRzFhT3g2azJMVENNRklmT21Qa21scDk3WjJ6RXhnS2tvRmt4SmxlVzRJNlJVNklFUzVn?oc=5,"Sun, 12 Jul 2026 07:00:00 GMT",rmol.id,bisnis digital Aceh,google_news_rss
Bank Aceh Syariah x PosSaku: Kolaborasi Digital yang Siap Naikan Level UMKM Aceh - ACEH BISNIS,https://news.google.com/rss/articles/CBMivwFBVV95cUxQUlhITjBfQnZKeC1kSVdQRi1HWWhWTUdkUHVBVWFkWU90empnQ0pHd3FkZy1wZ0RQSVNXRUNyZ0lNYk9EbkxVT2FGcnNrbm0xSFZhWDdnb0JOd09WRDduQkVNZWcwdTdmTFJ4UTVRZUVfQWw4WU9qOEVqQkRob2E4WVJiSlU4UUNFWnBSSEhJdGdsWWlpejhKTXBHLXFxN3pRbGNwcWFJSUUxSVJzeXZRbTZ2SWZZM1BhUk5NXzdQcw?oc=5,"Wed, 20 May 2026 07:00:00 GMT",ACEH BISNIS,bisnis digital Aceh,google_news_rss
Diskominfo Aceh Singkil Imbau Masyarakat Jauhi Judi Online - ACEH BISNIS,https://news.google.com/rss/articles/CBMiowFBVV95cUxQQ1ZLeFRoT0tmOG0tNFRwY1ZkV3NJVGhUMFVPcko4dWJYdEx1LTM5R252QXhfblVETUQ4ZHZ5VlV0VHcwemYtLWhYMi1Wd3pNU3VWbUU3SDNaS01ScVIyNFYyVllMNk4zZTRkcGU3LVdMR1BQQ3EteFAtWF8zV0x2YVJycUpKNmxxenJlLVpVblhOTi1MWkVMbnM1RHpHRlhmWGlN?oc=5,"Tue, 19 May 2026 07:00:00 GMT",ACEH BISNIS,bisnis digital Aceh,google_news_rss
"Perkuat Ekosistem Usaha Rintisan, Wamenkominfo Luncurkan Markas Startup Digital di Aceh - Pemerintahan Aceh",https://news.google.com/rss/articles/CBMi0wFBVV95cUxNR0lkZTJHdG1zNU9tNnJhYXVJQVNBNWFzQkl1NmljalFxWEIxRXRoRmFVeUU2SlhvM1VBV1R6Q2pkakVtSVFCUklPblRtT0lPaGhJazR1Q053ZXBYTFlmNTNSWGZuZUhkUTN2QVdMU1ZqLThxdmNHOURuNnl4ZW5NOWx5WDV6ODhkTlRseFk1bW9kVDRLSUVFLU1RTFNSVnc2LWNraFRBSGpyYk9SNFVWZWZVTzhKamdYWWtabFI4SmR2WEo5cFhyVXhTOURVdkdLOWpr?oc=5,"Fri, 29 Mar 2024 07:00:00 GMT",Pemerintahan Aceh,bisnis digital Aceh,google_news_rss
"Sambut Era Digital, Diskominsa Abdya Siap Gandeng RTIK Aceh Tingkatkan Kompetensi SDM - Pemerintah Kabupaten Aceh Barat Daya",https://news.google.com/rss/articles/CBMi3AFBVV95cUxOMVByb0NmUGt1bDh1eHhKSi1Yck5fa2R2aUl2ZU9keWZ6SHlHU2p1M2RHX1VxZllrZ2JCNUNHSnVtaWZJYzg2T2p6bmpOb2xLbGkteDBBRzRyVmZTQW1nNmhsTXEzb0M4bHVxSVlBMWtJYXpLVHozcjNUeWE1b09wWlhTSmlPa3d3SmJGOUoycVNKTmoxQ3gyUEgyUy02RDRiaUJoa09rMkhiM2puTW9WZHRkbUhycGNZSWpsNUVqZHdHb3FrSDZnUVhEM2t2cU5JTzVEcnAxREpna0RT?oc=5,"Sun, 11 May 2025 07:00:00 GMT",Pemerintah Kabupaten Aceh Barat Daya,bisnis digital Aceh,google_news_rss
"Tiga Tim Mahasiswa UTU Lolos ke KMI Expo 2025, Bawa Inovasi Bisnis Digital hingga Kerajinan Khas Aceh - Universitas Teuku Umar",https://news.google.com/rss/articles/CBMiuwFBVV95cUxQX2gzYS1sejZvSnBwcnpGYzBwWC1pZHc1SkpHVFdnaUdRdk9ZclBNaUZrU1ZzUDZreEpQcGotV2ZZNElUMHJpMGJNaHY5b3pQamd2MHVKbUU1ZXZNY3dDbDRQRzNWb2dSWDQyQWJ0bFl4cFUxT2lSU2hsV0Q3Q0dyUzU0NUhSZHM0R21La0w3M1hSLXlmQk9LaGx6NHBVZDdpQ0VBaWFCVkFIa05vbFRPajJyWTlYWFdLQndj?oc=5,"Wed, 22 Oct 2025 07:00:00 GMT",Universitas Teuku Umar,bisnis digital Aceh,google_news_rss
Aceh masuk 10 besar tertinggi investasi emas digital di Pegadaian - ANTARA News Aceh,https://news.google.com/rss/articles/CBMiqwFBVV95cUxOVy1ocU52RFM1MHdYUXpMMm94b2hqY3M5WHZMd3BoS3FremFCOEdwNDF4V2lKRk5laUtIdVFGWGx3bGg4OUVyTUZvdWJHZ3p5Y2ZmdTMxRGdJQk5DLVBIV2h0UDF4NDZMMnZUdUQ5ZmVHQ2VKNW50Wm9RUGFZTnhRMVVqSm1lVmZ1VDVETGxyenRBeUJPM1lfbVRFTU9WMzNPY2EydXZyQUY3Q3PSAbABQVVfeXFMT21nekJOcjJZY0h0UTdzMjNEMjlhV2xwcDZFTnRUSk1DNllMaVl3T1k4X3JlZVlzMFdHX3p0RkE0WF9QV1pMRGFVQlMyNmZfVWdEaW1hc2tVWUFqY2VHYVJFeHBFUXk0OWdzWjQ0MlI3UVRRMjVyVWUya0h1QjBPQjFkOE0wbU5tUE9DQWhfM3hLbWYtZV9mR0Y5UTFQVkNKTGpIRGlPVHV0NnA3c1JWM0I?oc=5,"Fri, 30 Jan 2026 08:00:00 GMT",ANTARA News Aceh,bisnis digital Aceh,google_news_rss
Dirut: Inovasi layanan digital faktor kunci pertumbuhan bisnis - ANTARA News Aceh,https://news.google.com/rss/articles/CBMipgFBVV95cUxOWkxiQnNQZzktVmJlOVlKc1JYTkFWTmpaWnR3ajFhYVp0dUpDN0NZbUJzREg0dGVvMnFmRmJ3cmtiUmNVRElDbUR0aXNHRWZmQUM3RDY1YXFEY3Z5OElKa3N2UW9XR0JWUEZtaERvZUJ6MDY3ZERNRjBabEFtN1RvaVdrWk4zVVI2VWxjNVg3SE54cjBrRUlzd2FyYlBnX21wbktncWdB0gGrAUFVX3lxTE5iN2NTLVlscEZNVFNrRHBiUGt6QWJybUlkQ2R5LVZ0MmNOZS16cFdWejhFZW90OHQ5OWlBeTZ6dnZIQkU4aGFEeURyeHFxV05aQm1vclo1cERpZ3l0YjdiV1RYZ3lIdFh5UzN5eDdJNEFqZURpUFc4VkhQNGR0b0xocDQ2STRaWW5qZWZvOFRyX0FkRzhMV191WUtCMnRBY1Fhd09Ia3ExUTQxRQ?oc=5,"Mon, 22 Sep 2025 07:00:00 GMT",ANTARA News Aceh,bisnis digital Aceh,google_news_rss
UIN Ar-Raniry-Kemkominfo Bahas Kerja Sama Pengembangan SDM di Bidang Digital - Pemerintahan Aceh,https://news.google.com/rss/articles/CBMizAFBVV95cUxNTzBhOE5JMUJ1U29mWFI3SHZ4MV9uc21WZ1UxdlVyUVZDZVVjS3p5QklRanRZaEgxUS1ldzFXVzdXODk3WDJrTEYtRnI1Q1A3VDVsSDRpNVBDZWFhZFlubUdUYVdiY1U2aFZOcTh6NUd4ZEVzUUxpbmpKOVA0QnRsY0tvM1daZTRlaldtOXRHMHY2SjNsWUZQU0RhUjJDYlhsN1dEblRMbnJOMG5pV3l2ODZfd0QwWHp6dE4tU3lNbjhVZko0TWR5WmJVV2o?oc=5,"Wed, 28 Feb 2024 08:00:00 GMT",Pemerintahan Aceh,bisnis digital Aceh,google_news_rss
"Telkom AI Connect, BSI, dan Dispora Banda Aceh Latih 160 UMKM Kuasai AI dan Pemasaran Digital - Tek.ID",https://news.google.com/rss/articles/CBMilgFBVV95cUxNUVNHZ05tVTJPMnVIamNqbndSZjVLZS1ocXNncXZUdTJtR2tMUmI3REtjTXp0bTU5WUljUFlVY2xUM3hTU0t2VS1QTlVHa1NLckdMX3F3enRGdWpPSG80LXQ3clZxNVp5N20xb1RRZkhDc1hrVmpFb0djQ0c4UGhrbjM5S0lCQWNJM2tPLVRKNlVLb01HcFHSAZsBQVVfeXFMTW5QVHdjZEZodXdNU2FxRHRtRWNCS1c4ajRJLVZzbDBNVVNxWjdQdTBaa0FwZy0zZXVaMHh4eWNWNjBWNmR3UnltR2RVaXpka19ib1FRNTZ4RTJnMjVrVWRGWlZ5a2hWRFd6eDRmaFFZUmI5RERsYlB0cUxvcnBCQ0VYRWhVWFFDM3hqb3VibkdJWDhqWHh1YjFGUEU?oc=5,"Tue, 04 Nov 2025 08:00:00 GMT",Tek.ID,bisnis digital Aceh,google_news_rss
Ketua PWI Aceh Tanggapi Tantangan dan Peluang Media Online » - dialeksis.com,https://news.google.com/rss/articles/CBMikwFBVV95cUxQdmlxVUpNXzJkbVJSdDNyX1cxSngxa1dtMmlncVhub0pzS2tUNXVHVnFuZ0Z3MWZnNHVPZmNZanp2eFh3cjVobmtvN1l0UVZ6RjlkdjVMMHpjc1g4YmttaEc5djJpVDlZSGJRUWI1Sk0xeHQzcG1QRW1FeGhldjNVaC1Dem1aVk9OY3lldTFUNUVpb1nSAZgBQVVfeXFMUEhIOG5ucjNyM1FyWWU0djN3ZW5sRkxxYzFFZnJCSVdQTWpqYWN3OWNkN1d0Ti1HdWtRNVRaYW5DellzclphRThHakJ4ZWJ2bk1XWmNQLWVCcGY5UFN0VVByWTExNEliQk5qLTdZWWFhV21KMFVBR3JYRlNZR20weU5TUlpKZ0dabUhUSkdlM3BHSXFWNmRRaUc?oc=5,"Sun, 19 Oct 2025 07:00:00 GMT",dialeksis.com,bisnis digital Aceh,google_news_rss
Bank Aceh edukasi internet banking action bisnis ke pegawai Pemko Banda Aceh - ANTARA News Aceh,https://news.google.com/rss/articles/CBMiugFBVV95cUxPdlUzdkdvXzROQ3h0V0RWa1J5TmJuWm5laHNJTW83VVBJVktNdllZV1UwOFh6dVplNkhlUGhMY0xHWENXNTBDa2VNdWZnU004dDdBR1FUc1BidFZ6WkJVeHFNekpJbnpJZmdreXFPcVl6ekkyaTJ0YkdMVnZNTWVyR1lTN2ozLUxFNFQxMTVnX1FBaWRZQUk1Q3NtRW11cXhIRXAtNWd5a25UZFVfOWRKQ19YWWxJemUzWUHSAb8BQVVfeXFMTS1pcDhTZUtFc0VsSmZaYkJaZUNvYS1NdVBKUFpTb29qVDVvOW1mU2Jvem50VDBwbDZocE5UbUp5WUhIdWJ6T1JrUkFSZlRIeTI3LUdTS1Z3SlNUZ1Vfa3RFNDVGdl9mVW01Rmw3dEV4Y3ZoUFNXNnhBOU1EbGpQVVlFdXFCLU9qMElmY0Y4Sjk1TVhyN2Vsd3FxTXR3RjcyRDN2ejJFY0tfb3pETV9YSGNsakU3STBiRlcxZnRDTTQ?oc=5,"Fri, 01 Mar 2024 08:00:00 GMT",ANTARA News Aceh,bisnis digital Aceh,google_news_rss
Telkom kenalkan indibiz ke UMKM Aceh sebagai solusi pengembangan bisnis - ANTARA News Aceh,https://news.google.com/rss/articles/CBMiswFBVV95cUxPY05LVlJGc2QxWGJrbUVWSTY2LXZUQ2taNjJsN3hJcVRlYVVpdWoyc1Aya3RlSDhqOWtBTUhLOWFpZXdCVTJadW5KMnJpbEJQRkZDMnY3Q2lHSmpoYTBJU3JoSXlWN2FsTEFIYnlpaUZIOGNQbWlpcHFmTmFxYzVUdGJxTnFMRXFzZzhnOGZ2Y3NPVmMwZ2tnMmNjQWFVU1NYVVBDc1NBcHRqeDJaODBmUVJlMNIBuAFBVV95cUxOek9yZkxJOFk5N1hVck85VTY1MEFSSzlqeFp1d0hkZFFNeWdQbzhjS3VUMTVnVS1vc3ZSc1IySGo4WVJDX0dWc0NhbFpIdW8zUkhNS3pwdmZpcmgzMExMVkI1ako1bmdseWJWSF9fV0N1eEY4SU82WkdkNFBZY29jZ0hJdElUR3dzbGozY0RvNi1maGMxSkpycGFwVWEyUVBSUGxtamJyWkRZaWRJRDNOV0Y4U25sd0hf?oc=5,"Wed, 10 Jul 2024 07:00:00 GMT",ANTARA News Aceh,bisnis digital Aceh,google_news_rss
"Belajar Bahasa Aceh Kini Lebih Mudah, Versi Digital Mulai Tersedia - ACEH BISNIS",https://news.google.com/rss/articles/CBMirAFBVV95cUxPWXRzS3A0QXFJUF82UFY4RnlUSkJwSnRGbU85a2hzQ2p2bXQ3V1lEWXU4V3ZYakhFcFhKNnNoYVFfZXRNYTdwa3VKQ3ctTWZaZEFSSXp1QmR6Q0NwU3diOUl4cVpxWXVWMGRnYWdPbUI0SnkyTGxtSHFsRlBiTzdVVTVpa281LTZUaFRUWkN0NDJQa3g5Q2JSVHBjZHJuWGFfT1FLN2F3dldZeC00?oc=5,"Wed, 29 Apr 2026 07:00:00 GMT",ACEH BISNIS,bisnis digital Aceh,google_news_rss
SMKN 5 Telkom Banda Aceh dan iCON+ Bangun Kelas Industri Berbasis Teknologi Digital - thejurnal.id,https://news.google.com/rss/articles/CBMiuwFBVV95cUxOR1ZwTEE1LWotcnAwQnpDMXUtVEhmZmdWdF9RcXhJWndpOVpuTmRUaG4yaFV3VVpCejJHOEVDZlRYejdCVTYybFhEaVZFdDFCbG4yNVp2bU9ZYjRZVkdXNFJZQXVSQ0I3d3owMGxuY3ZjUFJTRGw4bHVZSnZXS05FOUFITnItMTFOWDQyXzhWTFVXSmxPN3VJSDQxTnZOQ1hBalRlalhoSTVMRXpXT3BnLTBOY1VnSS1SckFV?oc=5,"Mon, 25 May 2026 07:00:00 GMT",thejurnal.id,bisnis digital Aceh,google_news_rss
USK Luncurkan Super App “My USK” untuk Integrasi Layanan Akademik dan Bisnis Digital - harianrakyataceh.com,https://news.google.com/rss/articles/CBMixgFBVV95cUxNUnlrQnNYSWRHMW5SeElLTjRlbkd0d21VeW82MWhCbWJIR0MtcEYwdWlIV1c0ZXRlTUJYdVRBQVNqa192bXFITElqX3puOUlucGpVcHBvOU1VbUpsb2xXM3R3QWVEdl9ucHVjeXloOFVmbEMwUUp0TG9zWm9wRjlHdVZ3czBndXJmY2ZVbnl5NVZBVDFiY2tMU29TOXZuMTgzWlpaeFRLRU1UWTVvdnBPNXVobVY3XzNjQ2luVFdTazFtV1dfNEE?oc=5,"Mon, 11 Aug 2025 07:00:00 GMT",harianrakyataceh.com,bisnis digital Aceh,google_news_rss
"Optimalisasi Transaksi Digital, Bank Aceh Gelar Sosialisasi Internet Banking Action Bisnis - aceHTrend.com",https://news.google.com/rss/articles/CBMiywFBVV95cUxOSjFSTXZnXzM2ZWMwQnZ4aDBCQTFWZkZUdXR0aENWZFNVQUwtQVhyZWl4cUtEVloyUklSOVB1cTVHRG1zcDdkTkVSWFVLNUhoV2VWbmNGNHpjbDB6bWxkdVNHZFY1TDJxa3JKajdlZS1TTjNlOTZ2UFM4ZS1TNzMzZEdaRnBlNGFxb0FnZjBUQjN3QlozMjFYRGNtOXhzR3lBVy0xLWI1LW5JOHVTSW94NTlfUUk3WDJzVlB3TmZsUmpKQmRzNzItYUREQdIByAFBVV95cUxOUDB0YnhWOXdOMXMwaExQOXJURXdjTFJ3MTQtNWM2ZnRPTWJGblN4MnM3Y1pLbWhoYmNmUG5NT0ZhcmxUN21NLVU4TW00bTdic0Nxdmg2eGVxZm1hVDRiLXlBVXFUcE9BQS1yOGZGOWVtb2VieUJjYUl6MnFXSGYwdjRIRHB1UndMTGRoRzFkQ3ZnRG42TlJFNUthcjdMQnBEUDdWMWoydU1samk0b0tudnNPSF9FWElfVERaTXNyNDZ6WTcxMUFfMg?oc=5,"Thu, 29 Feb 2024 08:00:00 GMT",aceHTrend.com,bisnis digital Aceh,google_news_rss
GenBI Aceh Dipersiapkan Menjadi Digital Communication Amplifier Bank Indonesia - ACEH BISNIS,https://news.google.com/rss/articles/CBMivgFBVV95cUxOOGxlenRhR2lIMWtrRmtmZ0tWLXJuV1ZHYkVyanRyV25mUjdaa3dSMmtla09PVzlOd29CaHJLcmVabHVadVctQXJfUnVpRGMtSmpsVUgya0RZN2hkd3g4UG9wam02UV91VUcxcE5nb1UwbUtsSFJvaHplcmZlNlBvbzFUSUZxYnFna0sxeUJaNWI5dGx5bXliVDhKb0YtOHhSTTVxaXJqSU5ldGtOS3hRakRmLWw3NDRhT2t6VU5n?oc=5,"Fri, 28 Aug 2026 07:00:10 GMT",ACEH BISNIS,bisnis digital Aceh,google_news_rss
"Kadis Kominsa Aceh: Media Harus Bangkit Pasca Bencana, Perkuat Ekosistem Bisnis - Meuseuraya.id",https://news.google.com/rss/articles/CBMiuwFBVV95cUxPUVlLRDFQNWlMcEVEcE1Wclg1TmRScUZqaXlJZmNhYUdBTHQ5emxQUC1mRVRVNkd3WHlRLTlzY2tiWUtva05tWFg2LVJBLWszNkhuTmJhNVVSbkdPXzBsWW9WY29leXhnQjlXWldNNFFBZjZLN05NOGpvSE9raU5fSUtqalZBWlJGNDhoeENCS2R3cWFZQVp5SEowdDhEMG9VN0JpZHFldFBYQ3JSNS1FUm9BcXpFaFMwOF9r0gG4AUFVX3lxTE93Z013LTJKTkRvZ3pMaEhQZHZpZFRpY0JLS0hUZlZTY1V6Q05NT0FiZWRlZ1FZemUxbnNvVC1rQ3N4TnRXdjdyNmJKNk5BTkNLZGF3cmZ5b29jcGJmQzB3eHI3QUhSVm5obmV4X3ByOFlBU3VSYUUwcFR0ZEl3UDgxd0pvc0V0ejJsdTh2TFdvNG9MNzlpVjNWQ1RqYVpxUnZpRFVpVkxoS3NYYWdRU3c4blBkeTNETTM?oc=5,"Wed, 15 Apr 2026 07:00:00 GMT",Meuseuraya.id,bisnis digital Aceh,google_news_rss
Aplikasi Kasir Digital Buatan Anak Muda Aceh Perkuat UMKM - MetroTVNews.com,https://news.google.com/rss/articles/CBMioAFBVV95cUxPX2NZYmlzekVjb3V2VGpqQUZxU19PS29KU2g1eTJZVWpBbVNWakVodTh5N01hVk9jVEtnZWdXcXgwb0tvQ2I4eUEyNHRHbXZObTB3bTBER0lZWlhZWkE1ZmlxRTVMQlVYUlVuMV84amRTejRXZzlFa2RBYUx0d2ptSW5TUTBsckR2ZXVQM2lkblRLclZFWm52b3pXOUF6V2Jk?oc=5,"Thu, 19 Dec 2024 08:00:00 GMT",MetroTVNews.com,bisnis digital Aceh,google_news_rss
Ini Kiat Membangun Bisnis di Era Digital - aceHTrend.com,https://news.google.com/rss/articles/CBMiigFBVV95cUxNN1Vsc3BnMXllTHB2WHdlOEU3djJKbU9JWkVwNHY2d3QzR01mZmF5bG56Q2VrRWt6NU43RkgwdFMwWnlKcFVnWVFHdlFvRWllaEl0NU1TVWQycEZNdWRoZGVDYjF4M0RiTElkMUpteDhwZVNKZFVZTFpCYVdjRXdMamhiMUsyTWtfNnfSAYcBQVVfeXFMUHhlYk8telhvYVJBTTY5WVlhSW1jVnc2ZlJoRzFCeG5ZVkZGSmFWU282bGNnd2U2QmFyak82SW1aXzZ4cG9FZDVmZWZNbXgtUXI0RUt3MkxGRTNZaU0zQXU4bkk1VFVoYVJ4UFhxdlRsTzlzQTdqdjB0SVcwOGdCdFlsSjVMZ1hz?oc=5,"Wed, 18 Aug 2021 07:00:00 GMT",aceHTrend.com,bisnis digital Aceh,google_news_rss
"UMKM Aceh Cetak Transaksi Rp7,98 Miliar di KKI 2026, Bukti Produk Lokal Makin Kompetitif - masakini.co",https://news.google.com/rss/articles/CBMiugFBVV95cUxNNjZoRFVSdHJfeVZlTlU3OHpZQXNnbzlKd3BTaFBCZTlpZC1fbVl1Q3hDdmRiT19JcTRjVURxbXByLVVYa0Q3TDJNOWVYcGJITFlGUTAwbkRBVFpwa2lXUlhubk5OWWplb05xRTVLWE1yUmJhcV9ub3hGLU9sSDRPbTdlejA2R0czeTEzMWNLLTA5UUtaVk5aRWNVRnNJVG5ZZ3RhSjBLbGY2WFRTVm9aUENqMTFvM1AwTVE?oc=5,"Thu, 27 Aug 2026 06:22:59 GMT",masakini.co,bisnis digital Aceh,google_news_rss
Pemerintah Aceh Luncurkan Aplikasi Digital Trans Koetaradja - ACEH BISNIS,https://news.google.com/rss/articles/CBMipAFBVV95cUxOaDBfWndrSmJZbTJuNEhEUmhQVnprRFpwUTA1bS1SN3huMTdjWDBKQWNiUkw4SEhoZDhhci1uYUI5UmFjSWg4bjRNWDJQejBub1ByVHVtalQtUnRMRHNxN291YnNIRHAwNk83Tl9mVzZMV3owTHRvYURGb3RzOFBUMWNNQW5mR0E0d1dKRUk1R2NsRkx4al90Y1ppdWNNUURQSVJtSA?oc=5,"Sun, 04 May 2025 07:00:00 GMT",ACEH BISNIS,bisnis digital Aceh,google_news_rss
Bank Aceh: Action mobile mudahkan nasabah bertransaksi secara online - ANTARA News Aceh,https://news.google.com/rss/articles/CBMirgFBVV95cUxOT0ItX3dNY05KOFJNUEoyaU5UOTBHazBBZXJCTnJicU9WdmtRd2YtZzI0YUVyUXkwZlowQTN2MHB0VjNwbnZOSExBQU1fUkVHU1dqY2VlMVpEWXBjRzFXQUNzYW5CQm5TNmg1V0d6OTFfTzNfYy1KUWdLVVlGU2JJcTlobnBvUHdkVDVvVk9PUWJrdlV1bk5FT0kwcEpXZ3ZRX185MVhZNmh3WVRoalHSAbMBQVVfeXFMTUVLLW1kclZvUld3d1BiTHV6dDBpSmxwaTFIakxYSDhtZ0YtM05lTTRzQUVrV01RYTduTm9lSlh0VnJiYVRiM1ZaS0hjZVAyQ2ZadnFmaUhVU2gyWHhnajFHUGpsbnRzT0FXcnNpV1M1dW9FeXpoLUNiVzZCam9NRzVGNFFXOE83QWRQcFpzaFZHZVVXZm5ERVU2aDhCLXJlSi05MHhHOXUyTWVrTGluLUpVbE0?oc=5,"Tue, 11 Feb 2025 08:00:00 GMT",ANTARA News Aceh,bisnis digital Aceh,google_news_rss
"Yuk, Kenali Peluang dan Tantangan Bisnis Online di Era Digital - aceHTrend.com",https://news.google.com/rss/articles/CBMipgFBVV95cUxOSVZNRkNqcHpDa0FKZUthSlJubXFFX1BlX3BGa0ZJWnhHTlVyVWUxQ2IzRlh1aEJUWl9SYS1ReVB3VE1UVTJIcjBvbHMxQjBEd0V3cDRCcm9jSC1pS1R0T2U2Q3dWaUVOdGppZWQ4eE0wZUJaLXRzYWRkUTNreF8yb2xiNUktVnJ4WTJiRTREZUJtc09peXpHRHhTMTlmMEJHX2dHOGVB0gGjAUFVX3lxTE5WemNQWEpEc1pMZ2hYa2hmS0treEpqbGNuMWEyWWNoNGt2NkRrU2pIb0F1SVRoejUxSGJFbk03WWtMM1lUbFdRM2ZwSFpTdzBKRk9iSXVBVXh1MVhoUzV3X1l6b3FqdHhfMlpVRHlrVWZ6elRadi1DdFdJZmsyNzRRVjRubHhGa1VsUVBpdTQ0d0QyQkN2VUpYaEs0VlUwT195YW8?oc=5,"Fri, 25 Jun 2021 07:00:00 GMT",aceHTrend.com,bisnis digital Aceh,google_news_rss
"Aceh Go Digital, KemenEkraf Dorong UMKM Kreatif Aceh Tengah Naik Kelas - rmolaceh",https://news.google.com/rss/articles/CBMimAFBVV95cUxNSW1jNGo3ZFJybVZyR01YYkd6ZnBULXZjQThXYU1KbDdxNFBtZjN4VHVuYXRQSzBuMG1GM1VkR0RiWERrODdSUG9FejVXSjVGNE45QzRDQUJDMkgxdE5DLWJyNjFTVVdRcEVpNzdmSGI4bkdVT1NwQUM3RDYtdWJCWE1KTTNuTUNmeTVHX0dncHBja1VqSlFWaQ?oc=5,"Sun, 21 Jun 2026 07:00:00 GMT",rmolaceh,bisnis digital Aceh,google_news_rss
"Sensus Ekonomi 2026 Dimulai, BPS Aceh Turunkan Petugas ke Seluruh Gampong dan Kota - masakini.co",https://news.google.com/rss/articles/CBMiswFBVV95cUxQc01IeXlDY3laWnlkRnFzSGV4eFl1Y0NRcUt2Y2N6enZNeTJ4aXRvbzJ6Tm1hMXJBUDF1dDQ4a3pzemozUDhGdVRlbXYtZzIxUDlxRWRlUXBhU3VkUExuUkRnR2hOd3R1a29WemhOZEdFMXJCQ1pXTVl0REQxWnA0MFNST0VVaFltR0RsbmJmV183aGlJeFVmX2x3RFpyellIVGZxZTVUeW9Fc3dla3M2TFM5QQ?oc=5,"Mon, 15 Jun 2026 07:00:00 GMT",masakini.co,bisnis digital Aceh,google_news_rss
Pemerintah Bangun Markas Kreatif Digital Di Aceh - Habadaily,https://news.google.com/rss/articles/CBMinAFBVV95cUxQamhPckN6MkQzcWZEU0NRejJOQW9RM3JqSkNyYVlobDUwRmVaOUhISmZuU0VKdFlyaGxGaHdmZkpVM1BmSkFlZVYxSTBSbUM5MkpTcW9SRWNzaVZNaWZoU2xWQ0llalFTSGttS1RyWDB5djl4ZWVXeEpsb244V2dweDc5M3hYaV9vcEU4d2d1ZmpLd1puTWkyc2R1NFY?oc=5,"Fri, 29 Mar 2024 07:00:00 GMT",Habadaily,bisnis digital Aceh,google_news_rss
Telkom Aceh Sosialisasikan Platform Digital DigiKoperasi untuk Percepatan Operasional KDMP - Acehinfo,https://news.google.com/rss/articles/CBMitgFBVV95cUxOMDRzZTZlSkEyUUhJM2VVVXdwQ2lObHNKQmJRU3A4VE9PX25mYWdiRzQ0WGpCUnZNdkQtVGE2X2lsQnlyRkFXYjczMzhpdlBtM0dRMmVQRFp1X3FuZzk3QWZ2cHpaRFU1RDdKcjE1Z0hLN3Axak9EZ0dhYTFWMl9wN1Vva3dNYW93dkgtTGlfczZOMTZWM080d1ZOSjJHc05VNHowbGZONDU0MFl1eTVrRlZZTWxMZw?oc=5,"Fri, 03 Oct 2025 07:00:00 GMT",Acehinfo,bisnis digital Aceh,google_news_rss
Bank Aceh sosialisasi Internet Banking Action Bisnis di Pemko Banda Aceh - Popularitas.com,https://news.google.com/rss/articles/CBMipwFBVV95cUxOXzJOUHp1MEhEbERuV0RHSndnLW5pUkc5TFphdFVnLWxEVHZDd3hRQ2ZzWGtlS1UtUUlDZ3hYdkpveWEwcmVEdWRmWFh6a0VEd3R6MVlncFVxMHBRaXozTzJ2bUczQXBSZGsxcE4xbHhxZVhlTXFzZ0c2ZmE4THZxeVMyYk4zLUlUVHdtSmZMa3VHZFp4bWRXZ2Zwbkw4MktpZG5WUDFOQdIBrAFBVV95cUxOVlpzNUJRaFBRR1FuVEhIdHR5UEo4N2NhdDRBbHJ3Y3ZDN216a1pqR2ZweG9yOHhUOGFUem5LRHZ0TWYxel9SbmJyZDN0c0hVajU5bTlLZlB1V0xIdXlYSHpuUVJBWVdUQTU3T3cyU3FKU21CZlBOMXRYeng0eGdjNTl4TUZmQUVPVERkcWNMcHJVbnFvLTlfUUFkM0tkblV4QXo3S0hYUzdmSU1t?oc=5,"Thu, 29 Feb 2024 08:00:00 GMT",Popularitas.com,bisnis digital Aceh,google_news_rss
Strategi Digitalisasi Aceh: Roadmap Menuju Kedaulatan Ekonomi Berbasis Teknologi - BERNAS.id,https://news.google.com/rss/articles/CBMiiAFBVV95cUxPQWlSeTFSSXZzVXV5VU55TnBqcTJsV3pNX1RwbGhDQTlxdkx3Unc0dllJTkQxeGpHMGVVT0c2WGZyVFY3YnJtMkw0U3JUSVpXeVJBZGtBMXNlWmlVcHJTR1pkc21YRklCeGNlazQ4Wml4bHVlaTgxMURaMUFSdG1jSnpYZXFFU3Fl?oc=5,"Sun, 12 Apr 2026 07:00:00 GMT",BERNAS.id,bisnis digital Aceh,google_news_rss
"Cabut dari Aceh, Bank Panin (PNBN) Pilih Fokus Layani Nasabah via Digital - Bisnis.com",https://news.google.com/rss/articles/CBMiwgFBVV95cUxNNXUtOUxUWk0wYms4VEhITld6YUU3SDVidFZ0TkQ0MUVlWEpNVUs2Z0tpeDRHbjR2SjFVNE5FdlZ1UUtwcTRuMEh4TXRGSGV6RWpYWHVQaExNU2podmJfTmI5SENNcVNEOTl0WXZnVUlWY0xabU8wdlJSU0xJRmdWcTJJdUVmdU1QUXdzZjNHV0VTZTBYbmNadlhlQTBITjI1STlvS2JUU0ZNSW5abmVvaHRLeTJsTWJNSjJyYTJNTWtZQQ?oc=5,"Tue, 06 Apr 2021 07:00:00 GMT",Bisnis.com,bisnis digital Aceh,google_news_rss
BSI Perkuat Transformasi Digital untuk Tingkatkan Layanan dan Keamanan Nasabah - ACEH BISNIS,https://news.google.com/rss/articles/CBMivgFBVV95cUxNb3loSHZPYnlWdXQ0c3A3MWdBOGVPMXFJX2tzSHBVZl95ZFNLNXBhbWpBMWdRbGpXZUFla2ZISnZFYzUxOUVkWHpkUlV6XzNsODZUZXdYekMxZzUxVy1TMDZGMWVmZjBmeTBaUFAtLW5PUWdaQVRvTFFQbnlsdTFBYy1vY25jci1aUmthRkNTaFdpbExRM0o5MlhDZV8wdU5HcFhqeENJSC1fSXNqbk9WTlBxRnhxbk80cnZCSVBB?oc=5,"Tue, 21 Apr 2026 07:00:00 GMT",ACEH BISNIS,bisnis digital Aceh,google_news_rss
"Jumlah Media Online di Aceh Menurun, Dr. Ainol Akademisi Unimal Paparkan Penyebabnya » - dialeksis.com",https://news.google.com/rss/articles/CBMiswFBVV95cUxOTnZTOHE0Wmdybm1HaEpuM0xVX3hpcTJBdE5aZURLZG9Kb3IyaDBzTi1GbUxYV09JOENHc0dGVXljWmxaRFlDNGwxZzVwdV9TNFZBWlg0OGdfOEdtLTZqU0NfRE9PQ3dnWFV2XzFSRjBXQkI2Vnd6UERJdXpsZ3dxamJsNUtQU3J6ZEM4R3gycmhxYXRUelFLMlRqalhldWF4c1lFQ1dwUWtDOGlacGZGaUltONIBuAFBVV95cUxOODJ4ZFdsYk82YnhyRm1mRkZnamJscjhYUnlKVUVfTUx0QzNOY0R1TmdjaEFsc2lja0p0ckxFQTJGQ1otQmJTY3VKblE2emNQX01zNXdMaWRwLXI0X1FxdDRQd3FPcXBGa1Vxbm5qMGgyOUwxcHdmYXFmTEttTlRpUEpBWDN6YnpMV0doRmNmLWFLYTkzRlZtZ0N3ekIyZkstb3Jrc09YMElLNm1Ualpjbk1ZN3lwRGFV?oc=5,"Sun, 19 Oct 2025 07:00:00 GMT",dialeksis.com,bisnis digital Aceh,google_news_rss
"Transformasi Bisnis, Bank Aceh Luncurkan Produk Baru Berbasis Digital » - dialeksis.com",https://news.google.com/rss/articles/CBMinAFBVV95cUxNNTAydGVmUDlfX3NsUnRRcl9oUkVHZzhyQW1WX1dDTFdPXzVxeFJQWi1vNkNPaVVQSVJYSDBFd0RfMm4yOE9tcWJNV2wycTZvTFhoMkxXRkpqWTQySzI2THd6ekxFenE0VHRwd3hXQ0dxSzVZa3FKTExwX05YdHYtRW1FNGZ6QUFneHdnRDdQZ2lYaVRHb2Y1d2NZamzSAaIBQVVfeXFMTmlMcUQxNXBncHk5d1hMaXpuM0huVnlmNkI3TzJJV3ZJNGpLSGQxazJNZHl2cENWNTl0ZzVjcC01RGpDejJSZE91OEFLQzRuTUFoYUJvSVJzSjYya0VXekxzYk1IeEdPemtyTlJXSzVEVTZIT250VTV4N180REJFY0Y0cWJUdzgzY1hxdzVlMnpxSHVaMV9kS3ZMWXZVRkpOUW53?oc=5,"Tue, 22 Feb 2022 08:00:00 GMT",dialeksis.com,bisnis digital Aceh,google_news_rss
"Mutiara Songket dari Aceh, Alat Tenun Tunggal ke Omzet Ratusan Juta dengan Digital - Bisnis.com",https://news.google.com/rss/articles/CBMi0AFBVV95cUxOaW5PckZ5ZnA4Y0pOS0tkMy03akJmWjM1MWh5bXY5QjNVa2xueDRJZWN2UGFobm1zaEpYRUdGUG1QUmJVSE5SdHRKNHd5TnZGVWNvdGRrTFVMX1oxNlFUSEtma1JMZHppSndweE5FSHdCa0JvSXJVWFRYZDU4VXJSTTNMMDQxTHMybTRPdFJra0hzaHY4VVRoSk1JWThMNUJINFVQR0dOSlVkR0YtN1ZTeWYyYXNqMXVHZklHTGotRFRRZzZWV1lEWHJFZW1UY2I2?oc=5,"Fri, 07 Feb 2025 08:00:00 GMT",Bisnis.com,bisnis digital Aceh,google_news_rss
DPKA Ajak Masyarakat Manfaatkan iPustaka Aceh untuk Akses Bacaan Digital - ACEH BISNIS,https://news.google.com/rss/articles/CBMitgFBVV95cUxPa0ZrOWxSQXEybEE3N1lpVVBwX0E1S3FGdjZfYXJlZUl3Zm9ieFhXRC1FRHBaTENvVG5IUlhIMVI4QVk3R1ZCVnB4b09hY2k0UDRSaUdVZFRYZnh5NGVHZkF1Q19kUmhib21DNlB0bm5nbnVXLVdfdTJqdktzUE95UzVzRTNIWVVmOC1oQjJPQ0k4MER5T3hIX2tPQ3VLWHBpX1BkT2V2MjRRQlZocDJJMy1KZVBLdw?oc=5,"Sat, 07 Mar 2026 08:00:00 GMT",ACEH BISNIS,bisnis digital Aceh,google_news_rss
Beragam Kisah Pengusaha Muda Aceh yang Kini Sukses dengan Bisnisnya » - dialeksis.com,https://news.google.com/rss/articles/CBMimwFBVV95cUxONUkzemlWeHZydDI1NUpNSGh3V2ROTmVCVm1JYVhVU2FaVTZOazlRVEZjVHl6SGF5ZEdwYnY4NVlubExOX3RZTTZRNXhsc2hCVTU0cXRPZFQ0RnVqaUNjTjZ5ZTVBTVJsUUJ2dzRDWUVrUkI4Y1EzMjJkWlE3cTBmN3dWNGRSOTBsaVRHU0liTlN1X01IRzhYNUI4Y9IBoAFBVV95cUxOUnp3NVNWTDZ0Slo0ak9JUGZhVE9rb3JsQThZSW9naWhJWkpjU2pfWlF5Z19kOVRJT0hYYTdYSkpIaFY5WFNLNkpJYmhfTXFTQ0RCQjFiWWUxM014S0cyNENhMVVKMFRwZWN2VnBrenpwcXpmS3M3X29iV1hYV1NnQ1JQY0FSQllMcnY1U0k5V2Ixc181RnU5MFJ2eHJVeWow?oc=5,"Tue, 20 Dec 2022 08:00:00 GMT",dialeksis.com,bisnis digital Aceh,google_news_rss
"Jadi Reseller Platform Digital, Pemuda Aceh Sukses Raup Puluhan Juta - detikFinance",https://news.google.com/rss/articles/CBMiswFBVV95cUxOa2c0V1F1Y2NJT19uZjB6ajJpNkRXYWxCM2Jqem9LeWdVdVBPRDRvUHM4b1RBcnB0YTlfRFZKTFJqUDhKYlc2dmxJRmlEUEQxVGprTnVySWdEaU5WeWdLeG1OR2ZUejBaU0tuRDJ5cmd5b19xZzNwNXZ4Y0lXbjByVmxLLXIwRS03eG55NkJUdEdnbDNpTWlyUUdyRUdkOGJod2VOQjZ1RUdFa29scm9tT0Y5Z9IBuAFBVV95cUxOa2NxZkFKanhKLXpzZ0puQ2pkczFXQXBNRWlHODRhZGpla2ZxR3VYeU1XVmhCRWJ2NmZRLUhwSFBtcDVHTUo0VE1aNVQ4ZHZLUWFWWFh1UGxvYTVrMEZoVm0xcUg2UndaQU12UHZBVHVLUjFQajByYjdEYy1ya1NNN1FjNVdHM3pmbnFuTW90VW4zeVhkUWRObXlqOTJBbHN1Uld4bXVkdWI0NlRWTFhwSnBlaldSbUo0?oc=5,"Sat, 16 Oct 2021 07:00:00 GMT",detikFinance,bisnis digital Aceh,google_news_rss
Ini Strategis BSI Aceh dalam Mendorong Perkembangan Transaksi Digital di Aceh - ACEH BISNIS,https://news.google.com/rss/articles/CBMivAFBVV95cUxNWDhmM0hFN2NleS1XVnJMLWhiUGoyTHBvSEtkbjNJSGlFaXRNVi00RlZSQnZBMTNKaHlCZ2RDQ19sWG9HdUVQNDNXdjJOekFiYmNQMzA2M0NhWUJaZFkzNWVTaXFDQ05kbFA4N2lNUE01M1BSVlFWUUZsRzE3N2MyakI4WVBFVGdFUWxVcHhoWklZcHZ1QXlhQTFuUmlMaUtsbUcyelM2ZmR6MC10WFJ2R3RrOG8zREZkMkJMRQ?oc=5,"Sat, 10 May 2025 07:00:00 GMT",ACEH BISNIS,bisnis digital Aceh,google_news_rss
"Hari Perempuan Internasional, Rosi Malia Dorong Wanita Aceh Tingkatkan Kemampuan Bisnis di Platform Digital - ruangberita.co",https://news.google.com/rss/articles/CBMi3gFBVV95cUxNN0tySHJ0OHgxZXBQQU1GNDZYaElCUWl1X0ZRZ1RWTmVuaEc0YXVzUUpFRXhFNUUweGZmWWZUNGtKaUV0ek9UWDMtbElFTm5zcmxSOFlwblVrRGxQY3dwMnBkLVNqQUtOWGRWVjJ2R2Rhdzg2aXBMSUtrM0FaTjQ3RjV0OVBvdF9GTV80S3dMYi1qa2U2aERCSHAxRExaSm1EVUVuUHpyQV9sWmhYcVlfN01RV3lRX05zRnhZb3NpaW1WY0l4eFI5NWstX2E4dmlkMHRwQ25rX3hTbzFiaXc?oc=5,"Wed, 10 Mar 2021 08:00:00 GMT",ruangberita.co,bisnis digital Aceh,google_news_rss
"Kembangkan Ekosistem Digital Kreatif, USK Teken MoU dengan Karya Media - dialeksis.com",https://news.google.com/rss/articles/CBMiowFBVV95cUxNOENKcXpCOEhMTkZ3UlVaVjk3V3dJRVk0LUI1ejNwdldrcVZtdFg3R1NKLTctUll6djZOUno5N3E5RE5rN2NCeFBScGcyVkNfdDRWM3ZpQ3h3MENNZDNKVDNpcDVzaGNxVTZ1R0FseGhFeVQzUk1aQWhORHZDU3dvT0N4RHFUeU5oXzM1c2RiaXhPMi1aZlJ1a2NyQ1E3WjJOMHJz?oc=5,"Thu, 04 Aug 2022 07:00:00 GMT",dialeksis.com,bisnis digital Aceh,google_news_rss
"Kuliah Lapangan, Program Studi Desain Komunikasi Visual ISBI Aceh Kunjungi Dirtyline Studio - Portalsatu.com",https://news.google.com/rss/articles/CBMitAFBVV95cUxQZE1aMWlYUWx4Sjh5WWFVMVpJcTBrTnlqVV9KY0tNcllvTDhfQ1lDNEt3X0hGOTM0YkVhaWdIZnpsS29QRVdzMTVZLW1YVUdQX2VSMGRtRVBZSTkyOGpxT2pndTE3Q05Wak1BZkc2ZmVwdGstbXg5SXdaaFlsenNRTU5TanpUX2pBbHhVTERMWWMwekx5MzZtRG56NXZiMmZmUGREYS1pbmhRSDBIT2pUalMtTDc?oc=5,"Thu, 03 Mar 2022 08:00:00 GMT",Portalsatu.com,bisnis digital Aceh,google_news_rss
Miliki website keharusan bagi pelaku usaha di era digital - ANTARA News Aceh,https://news.google.com/rss/articles/CBMioAFBVV95cUxQUHpPWFBsZTVrQ1NqNEVlYTF1ejQ4Z1FsVzhuVHBOMXBTaC01aFhvdVppVG9OMk05a1N1dlo0b3lBOTdzb0piT2lXT2xHTHAzZ1pLM2VaZUp3S184QlZiMFEtYUlWMXR0cTNhYXktTFpWZnp6NndaRjVXcmk4OHR1ZE9VeUFjSHFlQ21yaFNoZ2VTZjJDZWY5Q3lzRDVyaUo50gGmAUFVX3lxTE93RXdIVGZ5R0ZiZWRCTjRoQTZXTUZJVENoMDBROWItcnl4OU9iR3MtTmw0LV84aENPcUZORXdHRFd2MzNmcHc0WDVvZExJNXJsdGxJZXVRVUtWU21VT3VhSm1YNnQ0OXp2OTRHZTJ5M29zMThGYnlvUDdQM0FfWlhDZG5id3o4MkpWWjh1aXU2SVRjTDgzbk1WSGszOVUzclR4Sjlxdmc?oc=5,"Sun, 18 Oct 2020 07:00:00 GMT",ANTARA News Aceh,bisnis digital Aceh,google_news_rss
Tas Motif Aceh Ulee Madon Merambah Pelosok Indonesia - aceHTrend.com,https://news.google.com/rss/articles/CBMimgFBVV95cUxOako2VEpHNGE2UXBGaDdKMTJuRWJiUjdaWFdKN1VhQ1prVHVYM2xOZV92elBuZHNrUC0zV3pyM2FZTUhORlpRRF81Wjk3LVJTYnhndF9LZ0ppc1hPcENnXzUtWWx6NUE2ems0YWdwdmxINURyX0lkeVpSZDZrc1QwWGdVUWJsYXNOVzg2MjRCMFIzTVZCNGN3ZHVB0gGXAUFVX3lxTE9mdDdRWjVlaF9sQlBqWmJWS1lGUEtRU0RWMlhIZ2lKWnEtanVuUS0xMzBkajB2aTFOY0hrazdjamVyNGIyRGJyYmJuQ1NsRlExdmRIb3AzSEdkRnl5enNQelE1WHF4MWx2ajBSMDZkcEtWcExNeFRkbWw0VldwdGttTTNlN1hwSDQ5NFlrZ21hVEVQMkxacUE?oc=5,"Wed, 30 Dec 2020 08:00:00 GMT",aceHTrend.com,bisnis digital Aceh,google_news_rss
Bank Aceh Perkuat Transfomasi Bisnis - ACEH BISNIS,https://news.google.com/rss/articles/CBMihgFBVV95cUxPSW5odUc4ajlXZzZSYTZrcUpCWVZtaXo1MG51dXQyUDE0dTBna2E2YXlTNW00M0NaZlRhYmMzQXdHTEZIMk82YlhlS1JJY19mVTE3UjRYZzlxRnpFSV9rTm1WcWp5ZUVldG05MzloYWZqLVJSdC1CM0VSb1BsTzBpSUIweUNOQQ?oc=5,"Mon, 14 Feb 2022 08:00:00 GMT",ACEH BISNIS,bisnis digital Aceh,google_news_rss
"Ini Cara Cek Sinyal TV Digital di Daerah Kamu, Gampang Banget! - ACEH BISNIS",https://news.google.com/rss/articles/CBMipgFBVV95cUxPQTJLem9uVTdxTXFSYmtadzl4T3RQVUFnVDQ5OE8yUk1rcGlGekRFel9qSmxrRDhHRzU4YlJZeV9WU3JvWU9zaF9uWWhiVnJXaDVjWWpiMVRfaVpsdUVJUENZNkpvODV2MVRqcmpBelNqbFZILUcxWDhOUXFHTjZLRjY4cE1CNUtPRk0tVWRTeE84dzczSU43Z1J4bGlVVzFSN1FDMkh3?oc=5,"Thu, 24 Mar 2022 07:00:00 GMT",ACEH BISNIS,bisnis digital Aceh,google_news_rss
"DILo, Tempat Generasi Muda Aceh Pecinta Digital dan Multimedia - KBA.ONE",https://news.google.com/rss/articles/CBMingFBVV95cUxQa3ZFSGN6SzM3YS16cHJ3b1Rndy1Qa2F6V080REZIcmJ6UjUxOGEzR09mWkYxMUlTUmk4MVl2MVFsQTQ5ZUpzNW15cU5TRWhyc0x5U2dCRjdsN3dvOHotM1JtZ1VxM2JSWFZVdExfRm8zQUNXOHlFSkdQVGk5Zk9OazNRc2JrVzFadno1LW52LVo3M3VjLXBSRDBkRlQyQQ?oc=5,"Thu, 17 Aug 2017 07:00:00 GMT",KBA.ONE,bisnis digital Aceh,google_news_rss
Pemerintah Pusat dan Pemkab Aceh Tamiang Pemulihan Ekonomi Berbasis Digital - halaman7.com,https://news.google.com/rss/articles/CBMiqAFBVV95cUxQeTB6NVBjYnVkV3U2YnNSM3BES1JEQ3A0VUpucHJFMG9zV1E1NEI3ZzZjWGxPeFB5YTI3cnhjMDRPYXlvWGctTW04ZjlJbEg5cmdiNUI3UEdtRDFta3hGNkRXeGxlay1YOGp6dUd0REIteXJVUUtKdFJGVWRoZzBnemhWcjNJVU5iQjI5NkV0STJ2Z1RKdTRIQjhUSXlRQVREYTNsY25KTjc?oc=5,"Sun, 30 Aug 2026 03:40:45 GMT",halaman7.com,bisnis digital Aceh,google_news_rss
Kolaborasi Digital Yang Siap Naikan Level UMKM Aceh - AJNN.net,https://news.google.com/rss/articles/CBMikgFBVV95cUxPZjA1clQySTM5SDhyMDVxZWJVemtGOXVLQ1Fac0pOeDlaamF5clY2NDIySDdBNkdmMk1BVzJYRjRjV1d6VW1DMWtYazJJN2x5Q0FiN1lFRU5KbHdkTmp1YlQ3dzJsMEE1bGtkd2hPX0VWUnR1NGlQakRTUDRsZlQ0Wmd4ODV0dGFkbUMxZExsQXNmQdIBjwFBVV95cUxPbGhUdlFjdlhJbnkwT3d4YU5LbVJtODFpU3pUUlRRY3FlWmN4TVBsMjZuOWV6aEZSQV92aWhScHEtVDcyUzdjMDBMUmNqZnc2Zjd3R25nVjZKV1ZTOXlEWTd4SkgtVndXNTUtTkYyV3pvczF0RVM3azlFWFdfaUdFaVg4aFZIVWZkRjF5ck1Ebw?oc=5,"Wed, 20 May 2026 07:00:00 GMT",AJNN.net,bisnis digital Aceh,google_news_rss
"Tujuh Prodi Baru USK Siap Jadi Pilihan Calon Mahasiswa, Ada Bisnis Digital hingga Sains Veteriner - Serambinews.com",https://news.google.com/rss/articles/CBMi0AFBVV95cUxNR1czWGw3YlNiVk9MdUktNVBZTlR5LUhnYUpVaTI3cG1xX3Q2UUU1WEFVZ3BtUXkyNk1LdEhLZVNSa25BZnVOZDdjZW0tSW0xR25lZ2pxVDRMYU5uTVF0RXRORXdJVXNmcjFpY1p6VWdLZUVNTWZhMEtQV21tb3RNVVFqRTF1dXF6RjA3UDJYMThVTWJkTk1SV2ZPbmJPTEtwRjdibHdRYWF2NkpmLTJkT0JDMWY3NzdIRmNFTWZadVhpM1IzMTJwazJqMWRGeXY5?oc=5,"Fri, 28 Mar 2025 07:00:00 GMT",Serambinews.com,bisnis digital Aceh,google_news_rss
"Optimalisasi Transaksi Digital, Bank Aceh Gelar Sosialisasi Internet Banking Action Bisnis - Kanalinspirasi.com",https://news.google.com/rss/articles/CBMi0gFBVV95cUxORmpYdi1EWTY2Q0prMHI0YmYzUXRqUWVRVVJtR19CaHRPSHh4bjdnQW5KS3cwdXlzQnhEYUhic0lDejZ4RXZfc0RaOVdTU3d5enpHZnZpamJUVGdwSHZycUs0eTROZGpESkJaMGZUeWJwNFpiRV90bTBGODloQU5ENkEyZ3Z2SUIyUnkySE9oQXB5NkhJNms4eVNCMGFLWnFYX01NdWJ0eEhBb3dkT0pfVlJUWDhnc3hjTElsUUZxUGVZejdnbEtodk9yUWtFc0oyOEHSAc8BQVVfeXFMTUZIMGR1ckdCdThieElyQWVqVXdsOUwyRTFLTG9aeVBHb3VyckRWbFE3ZDEwdV92WEM0UDM4U0xadVFKcUo2eUpzTUl2a1dUSGdZajl5V3psVHJaY1l4V0VPWXlQaE1Cc2Q3ZGI3aXVqMldVVjVEMnBpc1NYQnNCaHptQWp2Z0hnS1pUNG1vX3FnbXpVcHJnN3FWaEZHV29LTS1jSGxDbTlOYXhNX0FTQ2NQMmtoNGdPY0V6RktDam1qSGxjdEZ4bWh5bU0xdV9j?oc=5,"Thu, 29 Feb 2024 08:00:00 GMT",Kanalinspirasi.com,bisnis digital Aceh,google_news_rss
"UMKM Aceh Naik Kelas & Go Digital Lewat Program WUBI 2025 dari BI Aceh, 216 Pelaku Usaha Lulus! - Serambinews.com",https://news.google.com/rss/articles/CBMiygFBVV95cUxNUUJ5OTRPeDNuZjJzQzNZVHljMDZHOHBpRnI4dTVKYmxKRENLUE5LMENoUThIa3BkS2E2M3V3cW5MQ0JMNlMxcmd2cnQ4TUZyMFJmVzhUX3dXeDk0VGZwZEVjUXR5bGpueHBPbTdqVk02T1BpcGdFaFh3dHotOGtnazFWZDRPbi1iSzU1ZmE3VzJlTkVlaWdmOFFGdGdtbTVKQW9DLXliang3Vy1PSFgyRExsRHlBbWpxY0tmVllVQlMxV2ZNbEFoNjVB?oc=5,"Wed, 06 Aug 2025 07:00:00 GMT",Serambinews.com,bisnis digital Aceh,google_news_rss
Bank Aceh Luncurkan Internet Banking Corporate Action Bisnis di Hari Pahlawan - Serambinews.com,https://news.google.com/rss/articles/CBMitwFBVV95cUxQM1Y0SFdwYmFTc3REM1VZNUpCOWpIaUgzbTRGbWRoUFVoejlQTkU2eVcybE5rdVRXdWtpV3NENVJxVzRjU0hmTV96WEZ0WkpqRGdLZExRc0pLcFVmbWhaU3R6QzZ3RXRPbTVxSm1CdERIRVN0LVU3bUREYUlWOFRnVkk1RXR6SDJULWYxV2NJWkpVenFmaWZyQ0NOWVZFeXRKTnRmV1Zva05rdG5fMDNGcGpGVHhKd0k?oc=5,"Fri, 11 Nov 2022 08:00:00 GMT",Serambinews.com,bisnis digital Aceh,google_news_rss
"Dorong Transaksi Digital, BSI Aceh Tebar 1.715 Mesin EDC - Serambinews.com",https://news.google.com/rss/articles/CBMimAFBVV95cUxNYXJqdHNpaW9NRElUS0Z6M2U4TkxCNUtvVEk4TFhmeExoMktIZ3hxa2EtLW4wa2s2X0JXbDlVNEFud0tVbk5JWk5SZDBNTHVnVll3ektRX25HdjZUNkxheWFLazBabV9mUDRBVHNMNWVheGgzWWlhLW9iSEVsQlJQc0d1N1ZrRS0tdFN2dzc0LWJfeGJSTC1IWg?oc=5,"Sat, 10 May 2025 07:00:00 GMT",Serambinews.com,bisnis digital Aceh,google_news_rss
USK Luncurkan Super App “My USK” untuk Integrasi Layanan Akademik dan Bisnis Berbasis Digital - theacehpost.com,https://news.google.com/rss/articles/CBMiywFBVV95cUxQLVdGbWJqWlJZV1ZMZ3ZYT3duSDN2dzBnMmVBR3NwcGJ5eHdFWE02aGRCOXd4aXRpRWc0eFQxdDJfWXlDMmdDTkd2aXZsdGhucGZYRjBqNzU0TlU2M2RnM0R5YldIcVRRNnJYWXk2X1RFZDFXQVRyQ2tJMzh1aG9SSjFrVTNoY0lQblhRWnNRS19FNFNTQThVTjAwQjhyUVZJdlVFRndhMS1NcTBaY05sZDVsQ2RQVzdSUnNVb3BJdjV3VU9sREp5dmNRTdIByAFBVV95cUxPdVNsT2Fkb3N3bTZsaDJhUnJmQUdiTjRaRkdzMjVXeDNCeWZBYmtzckFxeElwSlIwTF9iMl9tZDNydGRoWnEwdGhtNnZHd3c4Qkd1VzJGY1pZSnNRcU44NlNjVHpqU2sycWQyQkFiTU9IcVZyVnJla0dJLXY2RTBnNS1xQ3VGRHBJV0JXUm4xb1RrSWMwM3A0MzZyOWxiNUpYZ0x5VHZLSnI4ckxkZC0xMXlSM0k4b1pZMkJ2am1pZlBfd0M1Rk1NMQ?oc=5,"Sun, 10 Aug 2025 07:00:00 GMT",theacehpost.com,bisnis digital Aceh,google_news_rss
Bank Aceh Syariah Lhokseumawe Perkenalkan Produk Digital Baru kepada Kepala OPD dan Bendahara - Serambinews.com,https://news.google.com/rss/articles/CBMizAFBVV95cUxNbzJBd1pCOTY0WFlvLThLd2pvTkdhRFVDaGV0akF4WEM1eVloVGI0V0k3clNjcnN5XzA1UjdhY0k1WEVhaTM2OGNJZzQwWnZreU1PRXhOcXNkaEhQZnU5T2ZPMm05Z29wUXVQbERzU2tXSUFhendMNGZmenE1cHphOFFJbnRWMmVHQXg3TXdfWWdRd055V011M1BzWTRJSDRYeTBnLXZCYnpVUnY5OGNZenoxbll4akNSUXc1eWJBWjVwY0RvQUpLeklHMW0?oc=5,"Thu, 13 Jul 2023 07:00:00 GMT",Serambinews.com,bisnis digital Aceh,google_news_rss
"5 Usaha Paling Cocok untuk Anak Muda di Banda Aceh, Modal Kecil Peluang Besar - Bisnisia.id",https://news.google.com/rss/articles/CBMingFBVV95cUxPcTdQdU5aTUpwWTVCdVZMdEdYQUtvV1dSNnFIaFVUOEp0dTVMLWNhNDZRNUpwek5pWWJKWFphOWpFNXhueHg2UHJrLVBWd2M0X0JSYWNfTUVOMGxWTlZDWDlHbFgyRnVKejhkak10LTFpSmpkbG9ERk9paU5ucmthb0E1N1dLY0xJZnBVRVcwOURCTE9IanRRTlV3dWJKZw?oc=5,"Sun, 13 Apr 2025 07:00:00 GMT",Bisnisia.id,bisnis digital Aceh,google_news_rss
Pemko Banda Aceh Dorong UMKM Go Digital - InfoPublik,https://news.google.com/rss/articles/CBMikAFBVV95cUxNSXlsMk5iMkhna1lkcXY1M1dXekt1N2JCRXNWM0JHcndWc204Z2Jfc0N2bGlBOXJQTUUwV2c4di1zVzl6UUoweXZYb1IwR3FGZnMxY0tDWHgwRmw4bmhWYVBfTlhORlVBd2dMWnhDSXdmYTRDRTZiZm1ZSUdBdXZJQWxqQUs3QUtkNXVRNEQ1OHI?oc=5,"Tue, 18 Aug 2026 09:37:58 GMT",InfoPublik,UMKM digital Aceh,google_news_rss
"Marlina Usman Hadiri Pembukaan KKI 2026 di Jakarta, Ajak UMKM Aceh Berdaya Bersama - Dinas Komunikasi, Informatika dan Persandian Aceh",https://news.google.com/rss/articles/CBMi1AFBVV95cUxPM1VMZzR4bTdlU2JBdmVOcEJ1R3VZUWlsbWxIc2xCZzZFUE02NC02cUlndHdrcEIyZ3NDQk0ya1lqaGl3c0xWeS1aM0lBRU82MVNGQ1d4N3RRNHRKMXZzdGU1MnBWRHJCOFN0OHk5WGlZT05IYjJpZVZQODVSM0k5azI2d1ZkMXUtbTZ6NnlhM0ZydVVDR3NoQXBvUV9zSkVObkxiSFZSbDZWSUVuMnJPMkJGVk50STY5WmdTZ1gxRFhTVVJXLUJqTFZpMVpBRGlBWmRmVA?oc=5,"Thu, 27 Aug 2026 04:15:51 GMT","Dinas Komunikasi, Informatika dan Persandian Aceh",UMKM digital Aceh,google_news_rss
"Transaksi UMKM Aceh di karya kreatif Indonesia 2026 capai Rp7,9 miliar - ANTARA News",https://news.google.com/rss/articles/CBMiswFBVV95cUxOOWpzN0tmb1NhanN6d1VSTVVNWEJnTXlOMm5QU3pNTkFCeTZXSlFlVXd0ZWRwTE1SRnE1cTVINWFaUDJLTGtfZm5wTXJ6c3dYcnJMZW0wRlI1UjhPakxvcEFRVXFTLXY2M0ZVODhTMXdXNUg1MUNOcTBIQUNfUEx3WkZVYmc2SnA0ZUk0WnBVNEQ0OWplLXYzZnBDYllzVmVKVDQ5ZzBOb3Flemx0R2lPRzFxb9IBswFBVV95cUxOOWpzN0tmb1NhanN6d1VSTVVNWEJnTXlOMm5QU3pNTkFCeTZXSlFlVXd0ZWRwTE1SRnE1cTVINWFaUDJLTGtfZm5wTXJ6c3dYcnJMZW0wRlI1UjhPakxvcEFRVXFTLXY2M0ZVODhTMXdXNUg1MUNOcTBIQUNfUEx3WkZVYmc2SnA0ZUk0WnBVNEQ0OWplLXYzZnBDYllzVmVKVDQ5ZzBOb3Flemx0R2lPRzFxbw?oc=5,"Thu, 27 Aug 2026 12:50:37 GMT",ANTARA News,UMKM digital Aceh,google_news_rss
"Tembus Rp7,98 Miliar, Transaksi UMKM Aceh di KKI 2026 Naik 400 Persen » - dialeksis.com",https://news.google.com/rss/articles/CBMipAFBVV95cUxNblB6el82YkVYRGx1aDFSSHBOR3JiZ1F6aVRNaEliSzN4OTdoOEpIQ05YVi1HRVQ1cm1MSmRyUnN2YzVuZFhBd0pLWlcwY1kxbHB1V09LbGsyVWhtZ3U5dVloZGpNTFlxNlFiYVhkN0k4R2NmZFJUbnlUVTc3Q19wNENCeE1ONklKLTg3M0FwQ2huQnRrNkR0NmNvMkJrMHdvUVp0TtIBpAFBVV95cUxNN1dITGh5QXdCZkFZR1Vmb3o3dWJnaHpOb3VWSkhiaThNN01lZXJKSmlNdy1KU1BNYmI1MGhqejNaeklDQnFyVFAzbUFGVGRURW0yMEpxbUlHY1Jja2haMlctRHoyNy1hMXRaVU1rc3FIVEdvZzhjSGFyelJYVXlCMjBGQkM4WDhtMjJPT1VObzBLamVIQXFLT1AybHNhT1I1VEFSSg?oc=5,"Fri, 28 Aug 2026 03:30:00 GMT",dialeksis.com,UMKM digital Aceh,google_news_rss
"Dorong UMKM Melek Digital, Instruktur BLKI Aceh Utara Berbagi Ilmu di Pidie Jaya - waspada.id",https://news.google.com/rss/articles/CBMirgFBVV95cUxNYXB4eU9QT2NRTW9BT3dGRFNNbm1vSFdtSUtjWDYxTzhGQTRhdWJlOGJEQlU4UzRkSUxzN2dpem1ocFhiWFdDNG41TWRCcnQ2RUxoRjhhVXJDcWRJZ3d0VGszUGFKdzRDMmJQd2FoLTZjZGMxTkZrNXVLRVdER2NYb09tT3lZQ2trd3hYX0FjenMzSkhfcVR0NlRMcV9Hak4xbzhfZGdxX1RKSnUtUXc?oc=5,"Sun, 16 Aug 2026 07:00:00 GMT",waspada.id,UMKM digital Aceh,google_news_rss
"UMKM Aceh Pecahkan Rekor di KKI 2026, Penjualan-Ekspor Tembus Rp 7,98 Miliar - Sudut Berita",https://news.google.com/rss/articles/CBMirgFBVV95cUxPdnVkc1V6YXNoWjNlQWI2SnZrRHBYMWwzSlFiRjBEcUNDajIteGpYeDlSZkVSMEMxLXQxYkFTM08xbkRUTnBKRG5iMzA3Nk8yd1hCMkZ2Tk1zVUhnMGpyeDJyNFRrWUxOYUIxU2ZrYXIzSENRTTB6RWZ4T29penhBMk50aVBoeVc1NlpFSGxiWU8tREVpU2lDV09CVWphakdLYm9qdnc2V2ozNnJuWkE?oc=5,"Thu, 27 Aug 2026 05:00:14 GMT",Sudut Berita,UMKM digital Aceh,google_news_rss
Pemkab Aceh Barat Dorong Pengembangan UMKM untuk Buka Lapangan Kerja - RRI.co.id,https://news.google.com/rss/articles/CBMitAFBVV95cUxQZVJEcVNabm81V3ZMby1MNGsyUTN4d1ZrMURLUlZPU19JcE9LNXk2VXk5akhOWV9YMDNuZFBEUHVlUlFzeGpYQ2oxdldMb2lrTy1tYmxscEtJTUdGaGsxVWhicjg5djhXSndfR3ZybDNIVXhFMzE5aDdsTHFFSVByYnNEdkJIX3JTUnZycTBYaW9DVmZPWHRfNkVhSDRpNXplZkh6T19qemhSbUZpbFhMMk85WWM?oc=5,"Sun, 30 Aug 2026 03:20:00 GMT",RRI.co.id,UMKM digital Aceh,google_news_rss
"UMKM Aceh Catat Transaksi Rp7,98 Miliar pada Karya Kreatif Indonesia 2026 - InfoPublik",https://news.google.com/rss/articles/CBMivgFBVV95cUxPYnM2RUc5NXgwU2lEM0V2dkZDLUZUSmNONWo5MElYc3lPLWtfRVY3cjZaaGpGS0FZOUdtY19vaW9BTXhwaWpERzIwTHRwcnhIWWVXTVpBV3NyMHFYZEdaT3hFcFVIMHFMSi1tam0xWWwtOXBMM0s5Q005QXZJZW9uM21zbWc1TnhDRzJSWnRnNXZCSXZ2ZEtWOWFIMHJZY0ZieFlJU0lkYzdlX2YzZXBBOG5nMmdmbmFTMU9faGd3?oc=5,"Fri, 28 Aug 2026 06:51:00 GMT",InfoPublik,UMKM digital Aceh,google_news_rss
"UMKM Aceh Cetak Rekor di KKI 2026, Transaksi dan Ekspor Tembus Rp7,98 Miliar - atjehterkini.id",https://news.google.com/rss/articles/CBMipgFBVV95cUxPZEowMW5Ja2tybGprd2VtQlRZOHNDdDNQTzJORm5icFhYRi1ERXlkZkRPLVI5Qm5fOG4wUWZjcHBpZzlORHFMd1Y5Ykdxak96ZFJrNHA3NS1SQS01ZXNDc0R4VFVhYVE2N3BoblFrRVEzWTVHdDk0X3oxOVpwZ0hsRndBaUJ0VUtSOTFxcEIxRGF4ak9DbklEVE1wRUJfRWRFQ0F2Y2xR?oc=5,"Thu, 27 Aug 2026 03:30:00 GMT",atjehterkini.id,UMKM digital Aceh,google_news_rss
"GAMIES Aceh Dukung Digitalisasi UMKM lewat Safinvoice, Bikin Invoice Cepat dalam Hitungan Menit - ketik.com",https://news.google.com/rss/articles/CBMi3gFBVV95cUxPZm9DT2RIR0g4T1ZubFFmc25XZHgxTm1hb1UwdERMRE04WG83UTBwYUpza1Q2aWJBYmJKczBvdk5CTmRMcnRuOHhsVVNJS3c2eXA2V1RwcUZ1UTJZcGRfT0E0OTFMbWNJZUptVFlobW1vTGotajV5TkNDYXJvcXNaNXR1cjBiQkFuLTEzVDJPWHdDdU00c3B5MUtIam91VWJoZ04tYWhiOHExZEEtWEVuTm16LVgxTHItSWJMRmpvenlNU0FfUEdzd0ZuQklkMWN0TUZ0Z0o1ODNBQzh0ZFHSAbcBQVVfeXFMTU9hdXplb0VvMDZ2YW1ZcDJzcDcxRnljNVpuNTdGWk1nTm80YjFuRnJzbUVnSzB5MElsZjY5WUlTeVhBSkI3QjU4dmNTaVdWVUhHWl91ZHgxdENCZ0NYUXR3MEVmejVSbHBwQ3k4aWxGajlVRjhnd1FTVVI0NUJqVW8yb252S3FkcHdNRVN6enI1OGh6ZjlBbjVueTg1S2p2NldmaXUwMjNXc3hjZ09hYVFqM2JxS3Rj?oc=5,"Thu, 20 Aug 2026 07:00:00 GMT",ketik.com,UMKM digital Aceh,google_news_rss
"UMKM Aceh Cetak Rekor di KKI 2026, Penjualan dan Ekspor Tembus Rp7,98 Miliar - distori.id",https://news.google.com/rss/articles/CBMiqAFBVV95cUxQX3d2NmhZMk1XYklkSU1JZm5fNWY4OHZxSnhUSkdKZHdnN1dkUlRYOEg1WnlQSFkwaUE3OVpzSU9RQ3VZRGR2dDJOTURoQ2ZfV0tyU0dUdEpPanNoQmNYNFRodWZDODczSV9tb25iRVVaTXljSHk0UXd6M1VNVnJSbTRTS084UjZxZUxHdkJsNDlrU0FMVi1oTmFXQkUxWVhnRDJ6ZmxhZzM?oc=5,"Sat, 29 Aug 2026 13:27:06 GMT",distori.id,UMKM digital Aceh,google_news_rss
"Digipreneurs Summit, Konsulat AS Dorong UMKM Sumut dan Aceh Go Digital - RRI.co.id",https://news.google.com/rss/articles/CBMitAFBVV95cUxQcGJvd2E4WkphQjJ1SlFCWWJZTFQ1VVE4T2FVcU96elZrWHU2TVZORHR0ZUxjNEhqbVFmcEpzaTdiQUtRRVk4YzdrMXBrX25SVVF4TUlqWDQ0TnhvdkdxM1l4aDBiS0lMZGdDSTdZOG1SNDYwME9NVmVuRFhDc052a0tkTEgtRVQ0MlVzc0pPVG9qODVTR0F0VWJfRE05S0hNcUc1aGR5TGs0RDhndmh6bThqVlk?oc=5,"Sat, 22 Aug 2026 10:50:00 GMT",RRI.co.id,UMKM digital Aceh,google_news_rss
"Panggung Jakarta, Nasib Banda Aceh: Ketika Sorotan KKI 2026 Usai, Siapa yang Menjaga Nyala UMKM Aceh? - ketik.com",https://news.google.com/rss/articles/CBMivgFBVV95cUxQQ3hLV2dBbUZWNTh6bEZRcnBpb1FwOVozcWt0UzlmR2FXbGNaNGxSM0RfLWRCTHJ1eHZ4bG04ZUNqbnB5ZTVnVjlIUUdwV2xNSWNHRFpLWTZqcjh4R1RBRERsMy1Tam5WR19KQXE3ZUJFaGhGenFsODZ5V0wwRDRLS3ZoemU2OExXdVplMGtkVkItOGl2U3NXVFdHTlFid3RieG5uaEJqbGx2WWFuSHlXczhMQkxRTzVKa2VvVk1B0gG7AUFVX3lxTE9OYkdhV1p5VlpGLWh4Nk81VFBsWTA2N2ZsdWwwSjQxSXlGZ21zVmRzWW04d185TGh2NDN4dk1qYkJCdFJ3czdvdUdYaHN0LVZob1Y2Ukw4ZGt4RlFVU3A0cWNENmVUUXMzSnllQUp3M2VMTlU4Y2lEN3lRc01FNjhNbV9wUjZVY0lrTjJWMXdIRHVNVE41RF9lZzRHSjZ5V25RbEhwenlJSVYxYWI4UnpiblN3NDRBbFc5RmM?oc=5,"Tue, 25 Aug 2026 13:30:00 GMT",ketik.com,UMKM digital Aceh,google_news_rss
UMKM Aceh Tamiang Didorong Penuhi Aturan Sertifikasi Halal - RRI.co.id,https://news.google.com/rss/articles/CBMirgFBVV95cUxOYzRBaE44bWF5R3ZCQ3hqblF0QVZVVlB4ZjR3NEVaWUppa2FFcm9wX0V2Yk1Td2dtSFNyZWNKTzE5V1l4LVprcVJ6OHRiT1IzYUpaN3JJTTFOTkRtX2p3bHlDRkE5YWFLczY4T0FNZUlFTUdGSEZPOGRlQmNYd3NDakV3amV3TTN3OVNNWm1QNUJWUkc5TzVPMzFlQUNUSW1SV3I3bFZDeEVsOWdGMVE?oc=5,"Sun, 30 Aug 2026 06:15:00 GMT",RRI.co.id,UMKM digital Aceh,google_news_rss
Produk Beku Buka Peluang Baru bagi UMKM Aceh - RRI.co.id,https://news.google.com/rss/articles/CBMimgFBVV95cUxOcVh6TDJ5T3d6S0Vob2FKaFBHSlZRdWotODE2ZjNiV2tCXzJTWkRNV0QzclF0aTR1QVVwVFQtUnM5N0JkVjF1dk9Tb0Q2S1dNNGpuYlJFU2ZOeV9TWU5QbTJTUHB5VEpxU3M2RmhWTllIVjhrWjlvWXRsUDZLeG1fVmtZbzVuLWR1b0p0cDhtcXVHbnF3WENZWjhB?oc=5,"Sat, 08 Aug 2026 07:00:00 GMT",RRI.co.id,UMKM digital Aceh,google_news_rss
Dosen Unimal dan Sejumlah Perguruan Tinggi Kolaborasi Dampingi UMKM Aceh Tengah - Atjeh Watch,https://news.google.com/rss/articles/CBMitAFBVV95cUxQcnFFMGFmU0JBUWZwNGZzYWZuVjZ4QU9Pd094aEtJYkthVzVXWkdPYmdtVVp4ZGpZVnk0S1h6MFdNYm5RV0xxTjlYMzdkUGtzdHU3a1c0Zm4wcjJxRld4ellSQ29VVnducVpuOVgxeWNiM0VPZG9VTXZQcEhSZ3h6b19GWFpSd243VXU1d0Y5ampmVEp3ZjM0a0xCdklVNnp2YlF0S3pTY25aakNqVjJka1lGR2Y?oc=5,"Mon, 24 Aug 2026 08:38:17 GMT",Atjeh Watch,UMKM digital Aceh,google_news_rss
UMKM Aceh Bawa Semangat Beudaya Meusare Sare ke KKI 2026 - InfoPublik,https://news.google.com/rss/articles/CBMipwFBVV95cUxPeEVQMi1tNGgydV9iQm9Ecm51QXdVbXU4d3pXMDFYalllSElpZHdyX09xay1pSlVLclVLc0d1N0NCYU85ZW9iTUhvUGxJeUk2YlFiaWw1WkRjckl6Y3BadW1LaTU0M0NUcnlGNWNHclJEQXowUzVDNzA3MEdQaHg2d0hCdnpCRzZtUzJsU1AwYl9oZlJHM1Zvc3l0bDc2RGJDcXFWbjAtYw?oc=5,"Sun, 23 Aug 2026 07:00:00 GMT",InfoPublik,UMKM digital Aceh,google_news_rss
"Berita Kini - Pascabencana, Kemkomdigi Perluas Akses Talenta Digital dan UMKM Aceh Utara - Kementerian Komunikasi dan Digital (Komdigi)",https://news.google.com/rss/articles/CBMia0FVX3lxTE5CNjBYVkVJUjJpWWZadkJDcHJKYzJ0c0pseEUzR2FVaFhEZXhzRkJsOUE2YlBQRWU2QzF5UG5nZkhrdlNkYVBJWW90NWJKcE5mQkkxUlNGQ1Z0VDMxRDk4b1JFWkZ4aDc1ZkRF?oc=5,"Thu, 25 Jun 2026 07:00:00 GMT",Kementerian Komunikasi dan Digital (Komdigi),UMKM digital Aceh,google_news_rss
Komdigi Perkuat Talenta Digital dan UMKM untuk Percepat Pemulihan Aceh Utara - InfoPublik,https://news.google.com/rss/articles/CBMivwFBVV95cUxNcnBhTVM1NWY3a2YtelFjY3JHbjc3ZzZtZDQ2Z0FnNXhESGNYT3ROMGc2Sk5oZ25vUU9kYXdYNHlPZzNraEpmT1hjZF8wcjZtTHowZ1E1OGl3LUNjdzBmZmZDRlVPNGVxMGhSdXBZRUpZbDdIN3Vrdk5DbXoyNEx4OE51ZWtvbDZnVGRmMzdGb0dOVUZpcnlpaXRVY0Nnc1dIZzRRNnhTaHp2TGZkcUR6RF82cjFhUGJBOGJrWm5SOA?oc=5,"Thu, 25 Jun 2026 14:26:03 GMT",InfoPublik,UMKM digital Aceh,google_news_rss
"Hadiri Karya Kreatif Indonesia, Kak Na Ajak UMKM Aceh Bersama Berdaya - rakyatpos.id",https://news.google.com/rss/articles/CBMiqgFBVV95cUxNWHVFS3oyOWROUzdNa2NkOHBISDhtY2tDUC10cWVpUmpkX3dqVUpTYjlTTEJEVUthaGVUOThfbjY4X0x4VlNRUlFlRnBoNzM1ZzVhdG1BM0d4WEtzS1EtdUN2dUxTZG1lWFhLR2hXWWN3V193bnhKUkdhRWN4RnRxNGZYS0pnNUtqSGZRYXdXZTRIdXE4QWdHQ2ZUaU8td19ILWR6aEtZLUxZQQ?oc=5,"Thu, 20 Aug 2026 18:44:00 GMT",rakyatpos.id,UMKM digital Aceh,google_news_rss
Bank Aceh Syariah x PosSaku: Kolaborasi Digital yang Siap Naikan Level UMKM Aceh - Portalsatu.com,https://news.google.com/rss/articles/CBMipgFBVV95cUxPb0JxeFhDSGFpc05WSnd2cUIzbTQ0dXQySzlwMlBTVVFsTktfZTNoMldtdkx4Y3RjdE1zdE5Nd19OUXV3ejNMcTMzZWVvRUFUMGUyeXdwZjRqLXNPM2s2dHQ0eXJ3NXdWTmxtSjVaai1kZk9pVFVJUkZTdF83czVUcW9RMHJQbGw2VV9WM0hWejEtZmV1dF9fcUtvNXhFYVVLaFhWbXRn?oc=5,"Thu, 21 May 2026 07:00:00 GMT",Portalsatu.com,UMKM digital Aceh,google_news_rss
Bank Aceh perkuat digitalisasi UMKM dengan teknologi point of sale bersama PosSaku - ANTARA News Aceh,https://news.google.com/rss/articles/CBMiwgFBVV95cUxOUGVpbFRZQWN0eGVFcGgyaWt1SWVuRHZFeEpWUXlCNHIwVFUxUkNBX0czVm1FUWU0ZDFaU1RXMEYyV0I4QzVzc3Q4THB3d1djU2plNkRsb1VJVU9uSUoxOFJEeWJvd19pcEg2NnN1QVdRVXktUXJPLVd2ODBiajIwV1dZdk9TMmtVaVJNU0ZIOFlCZjBqak1JQ1VZRnVNOWhpMnJXZEotUHBkRjBlM2VJXzlaaXZUMm1MS1dUVFpibXo4d9IBxwFBVV95cUxQQmx5SDVjZlhMYlUtR0tYeEZHakpLV29IcVA3NWl4Y3BBbGNhOFdSQmZjV3h4bGlnSDB5eG51VExIbGV1Nk5zcDY0TG9JOTdOc2oyZnBrWHBTWE5zcFRDR2RkbXB6dDhmbW9WSGJ4MVJzMlR1aWdzUXlmLXhmTEtYN29McUtFZEw5QnpfU2R0dkFWR3ZsRm1CNHhOZGp6RHpzc2lJUW5EalNXOHJNbkxTdUJWUjVGVjVxZU9oVWd3bWNwVl9nR0xv?oc=5,"Thu, 21 May 2026 07:00:00 GMT",ANTARA News Aceh,UMKM digital Aceh,google_news_rss
"BI Angkat Semangat Aceh di KKI 2026, 47 UMKM Raup Transaksi Rp 1 Miliar pada Hari Pertama - Sudut Berita",https://news.google.com/rss/articles/CBMiwAFBVV95cUxPYjNiX2hKYzlsN25zREJKcUo3S0txOWhkdkdSRm11VHQwakJ4ejJ3V3hRcWs0Ri04N2E4Z2w0eDcxU3dEX1hDaGRpX3FIdVJlTXlYLWVSUmJ1OXUxU0xDUlVfQUcwZzIwMnV6aXR5TnNZWDUtWHRVOE9aWFdkTVBEX255ZmNfR0VJUzBPMmg3bmw2V2h3b0lrb0JaRmRESWQ1eDlkQWljZFJhLW9KWFhmekVWQW9ZX0ZLckViV19YMXY?oc=5,"Sat, 22 Aug 2026 10:19:35 GMT",Sudut Berita,UMKM digital Aceh,google_news_rss
Kemenkum Aceh Permudah Legalitas UMKM - InfoPublik,https://news.google.com/rss/articles/CBMijgFBVV95cUxQUVY1c2lTa2tlN1Vqc1RqdXFTNkFnOWEzejBtbjcxRmphcGZfYk5uQ0lDc2pXSmd1Tk90Y3lmaDFwU3dzM2piajRlQ09CYl9qZFJtaDdSM0FHS3paRWMtcmVzeTFUY2RHWmIxSFJKcmg3eU9LYXE2QUZrQ0hpa2dISC1PWUdNQVV0VFNNZ0xB?oc=5,"Thu, 18 Jun 2026 02:23:52 GMT",InfoPublik,UMKM digital Aceh,google_news_rss
Disdagkop dorong UMKM di Aceh Timur naik kelas - ANTARA News Aceh,https://news.google.com/rss/articles/CBMikgFBVV95cUxOVV9jUmgzVUk5Ymszd29EQ2d2SlIwWEx3SFUtcXhkSDFUM3hHaGplT0pXU0tEMkI1clZGN2ljVjQyWHBBcm1kNS0zdElGcmlaRm9aQ1VkNVo0U0J0OWNNc1VkeTh1RjhNVlRFdklwM1l5SnJUWVVVYlF5Z1ZvVnZ6TEZhamdyWnh3X2xFSkcwSms1QdIBlwFBVV95cUxOaUFMaDJ5V3VzaGI4eGZjNGI5YndVN0ZkazMwZ2NBMzI2a29RWDNubU82MmNtNnVPOGg4Z0NJVFNRWW11MTR6dXQ1cDdhSHZpMXFmN01PN1ZHeGZfR25ZYjh5ZVFYTTZVcG05UGQyNUoyZDJyamVmRE5LbllCWUJ5bUNkX1VMMEZwTk5OLU5TSUhuNG9JWXBJ?oc=5,"Wed, 08 Jul 2026 07:00:00 GMT",ANTARA News Aceh,UMKM digital Aceh,google_news_rss
"Komdigi Perkuat Internet, Talenta Digital dan UMKM untuk Pemulihan Aceh Utara Pascabencana » - dialeksis.com",https://news.google.com/rss/articles/CBMivgFBVV95cUxONjRFQy1fRWFhMEkzMVFrM2dQajNnMVdUcVFSSF8wQlVuRlVIUklmVFI0c0gwNHE2VW9EaDRzS2VHOW1BV0pSR1lIdndmWUlTVklqR0VONGFaVEdBblhDNGdJM2JabnNtSWJTa2R0X21mU3VYdlNaQmdyd3AydjJmOHQ5NjhEcDROWTFZQkswUWlNaHVMYUJXSXZmMFNrOFNSQXRMZFp4ZUVfdmpycklieFdjbnBvcmFVTXhyQjF30gHDAUFVX3lxTE95QnZkRi1rRTNZTk5wX2hzVk9GNUZwWXdGNjlUZ05aakdXaVQyVzhfWHFyWldubzNsMThIS2dETWVpMXdQeGYxRno5UDVreGtxNDBnejVBU2tlc0pfSlB6dXVtR0NqVHlYM0xrMnp4SEVCRHV2dlgzOWVTRjBMT1RqTnNQdEZHY3JXSFV0UTkxdWVmZEphVFptcFh3SEU0Y25WaFcyckQ4UW5sZlRTTTR6TE9pYjY4YVMxRGNHdUZwZXp2cw?oc=5,"Thu, 25 Jun 2026 07:00:00 GMT",dialeksis.com,UMKM digital Aceh,google_news_rss
Gubernur Aceh Tekankan Digitalisasi dan Dukungan UMKM - Kabar SDGs,https://news.google.com/rss/articles/CBMiqAFBVV95cUxNMFk3ZzlzalFTcXhJV201OG5vYkc1MVR2VUROMXhfc0l4bGtmY3hQeU1ZMl9vRkdZejN2ZGI4Z3dJblBLcGZ4QkdxSVlCQV9fcF9MNW92cU5Ub1F5WFA1TmpyME1jRWxFVU5JOHk3N1NTc01PMUFBUHNtbjh0RGpiSldGMHVwd0ljRk9ybm5vcEJmcjRDeHhtMkk5QzBvT0luRXdVTXNvYy0?oc=5,"Mon, 20 Apr 2026 07:00:00 GMT",Kabar SDGs,UMKM digital Aceh,google_news_rss
Dinas Koperasi dan UKM Aceh Dorong UMKM Milenial Melek Digital - ruangberita.co,https://news.google.com/rss/articles/CBMiowFBVV95cUxQTld1ZXpMMTAtRW85eFBsc1ZXVmhkWXpkNGZLQWxNak53SktrZ0lwZTVkN0Z2enk5M2tQSlhpeHhfczdFckxDeWlMM3d4NExtYVhYV3d4XzduZzJQX3RnZldLdV83Y2pmOTJRbjZxajdtY1FWRXNkT2s1dmZkNExCbTVkUVN4czl5YWxTMl9vWENKVmZzWnpma05XZGNVUUNuY2Jn?oc=5,"Wed, 20 May 2026 07:00:00 GMT",ruangberita.co,UMKM digital Aceh,google_news_rss
"WAGUB ACEH HADIRI SINERGI EKONOMI KERAKYATAN DAN DORONG PEMBERDAYAAN UMKM, KOPERASI, BUMDES UNTUK DUKUNG PROGRAM MBG PASCA BENCANA - Pemerintahan Aceh",https://news.google.com/rss/articles/CBMiiwJBVV95cUxNM0J3bEFHajNjWVRxSzVWU21STjhWRWVJN3hLMEZNNzJYa3AxcXNQT0JER2NWc1IyTWs4anZDYjlNQ3pZdVctS1JJNDZSbWp0SzRUOVdTMDIyTHVFbzBqNEF2OU4zaEdzbUdYTlNuVXE4MFlSbUNjR2tjblYzODM5MFdDRVFEQTNDay1NYm5oRDBFeV9pckZXQmtITGpVZDR5RWlmWVo5blpYZHVrVEp3TEdiWVp4UWMwOFg3OFpyaG5zMXpQaXgzdGlUalBQcFktdWRuTTRqX3k5aEZ0ZWg5VGVhVEZTeDZfSURYZE40TTVuUmtVeGpMaFJWRjFvelJ6dFNic3Iyd3BvRzA?oc=5,"Thu, 16 Apr 2026 07:00:00 GMT",Pemerintahan Aceh,UMKM digital Aceh,google_news_rss
"Bank Aceh Syariah Gandeng PosSaku, UMKM Aceh Kini Bisa Kelola Usaha dan Pembayaran dalam Satu Aplikasi - ruangberita.co",https://news.google.com/rss/articles/CBMi1wFBVV95cUxNZVk2UUpabTVKY2x5RDUtQzZMZHpfNy1vSi1UWFF5LW5PYk1FbnFIREEzaEhPQ1pRWjlndGhrY1dKQjZzZVdwOTZ5TW0tRHVWMW9CRGdhaVZOZmpucXo3WHZUTGowZnlqeTByY0Z6bDBqbEwtWl9JNVlnXzIxYzEyOVI0UmgyV3F2SG1yVGdTVjIxQkdTeTFLTjRNUnp3clJEYks4NlhaTzdBTElkb19WODJqcndOb3VQWkFZcWVSdHJfenkzYndFSS0tcmFlbHc3OC0tSnRqVQ?oc=5,"Thu, 21 May 2026 07:00:00 GMT",ruangberita.co,UMKM digital Aceh,google_news_rss
Staf Khusus Presiden Bidang UMKM dan Teknologi Digital Tiar Karbala Hadiri Peresmian Fasilitas Air Bersih di Aceh: Negara Hadir untuk Warga Terdampak Bencana - acehnews.id,https://news.google.com/rss/articles/CBMiogJBVV95cUxPRWZhT3VkYTQtS0UwaWZBZ1hCTGhBejlLaDZIZEgwYmh0dTFVNzZsUTlDOFVRMFQ2cjljaVJYN3gwQ1FXTTFwSjZrZmxad2xPeWgwZEN4QWh0VzhoMXRDaDdZdU9HbEVETkNIT01ZQzJ6R3lyN0FQSFpIeFB4N3hwbmNYaXBMUjI4amN6YlptU0pTbGtTcU1paWhGSjlWRlF0eGFjNEdkeVZfeHlmQjlRdEVJTmdBRkR0TGlHSWN2MWlaWHZyXzAzNktRd2tpMVI5bjNBU3Ffdm1RVk1zOGxRZU0tVHdQTVRwT2xON19OWnBTVElKdWdxNWx2ekFjOUtHT3VIVkVWc1A5UVFUMzEyZ0FJVzlZaS1pSUtwczVDUUptUQ?oc=5,"Wed, 13 May 2026 07:00:00 GMT",acehnews.id,UMKM digital Aceh,google_news_rss
"Tim PKM Universitas Almuslim Dampingi UMKM “Kamiikan”, Bangkitkan Ekonomi Pascabanjir melalui Inovasi Olahan Ikan dan Pemasaran Digital - Waspada Aceh",https://news.google.com/rss/articles/CBMi7gFBVV95cUxQR1pxaElhd3U2R3NNWGlSVHo2TTZ0SGNDQlhpTkhWSDN6ZnJidXhYTHRhX0N2QTVIR0hsMW5lVzY2SWFhYXFHeThSZG5mS1kycjlUNTI5dmhSZXg1RmVwY0J3a3ptQnBta3lrN3ctVnVYZWtIY2hUcUl5TllJTjlGTWRrSVMzc3lfNHFKTG5pdW9DOUFzUWRfWmFBdjM3OGlPWnNwXzhqVTBwOVlfUUF1UTBOR0xLREowenZYMFRoSW5uOVBVQ3Z2RU5NSldjSTBWbm9IaHhxS3VHY2REVGE0Z1JNSzA1RlFxUmV1eWNR?oc=5,"Fri, 10 Jul 2026 07:00:00 GMT",Waspada Aceh,UMKM digital Aceh,google_news_rss
"APINDO Aceh Gelar Bisnis Forum, Tegaskan Dukungan Terhadap UMKM untuk Naik Kelas - Sinar Post",https://news.google.com/rss/articles/CBMipAFBVV95cUxOd1M3aXJPUTBvYUtNY2xjbk1XeURhNjhhQUJnZnJoVm4yaWM3a2dBTnk0T2k1Ukg4NDAxWEppYTdOczFlMDhzS0xDYWFSeVZxTkRZaGppaFBocXhqeE9abmxKVFA0ay12dHhRV2FuYXRqMHBTSVduV01fckgwUEo4c1FqVmZFb3BxaF9qSkJCM2dwend4alA5cDVlTnRZNGNRNXJvOA?oc=5,"Thu, 21 May 2026 07:00:00 GMT",Sinar Post,UMKM digital Aceh,google_news_rss
"AMANAH Hadir Kembali, Fokus Kembangkan UMKM dan Inovasi Pemuda Aceh » - dialeksis.com",https://news.google.com/rss/articles/CBMimgFBVV95cUxPRFp2Q2hGT3BHblR6a1g2Tnl0TFBQRDF2YkVaUUtMRFdHcUU4Sm4yRTk3QmJWYlU0Rkdyb0JSWmNlUWI1QnA2Y0ZTTGZVX0JhS0xHaURFbDVPSzJSSkhwaHZQQm5GTDRvMDJVTjhGNGo5eU9pSnVIQUU2bm9tdEtERGQ3ejdSM0dBVjhsYUFHanNSNDd0TDJGTTV30gGfAUFVX3lxTE1vZnoxM2EyMkRZYkFCOFE3Y2tKQWxJMkpGZkIwMnBDUzlaOGVmbG9zRVJYc3dLVUsxcEs5TkZHam95N2pxajZOWTdGNW53WXB1UFlMUkQtd1dEaldxR01qbW55WUJpeUM1WVY0U0did0dycWtaUUVkM3hxdWNWeVlQeGdMVjhaUXo4SVZZQ0dRakNkcWJka2dmblA3WFVUMA?oc=5,"Thu, 23 Apr 2026 07:00:00 GMT",dialeksis.com,UMKM digital Aceh,google_news_rss
"Sentuhan UMKM Untuk Eks Napiter, Idensos Densus 88 AT Polri Apresiasi Pemerintah Aceh - aceHTrend.com",https://news.google.com/rss/articles/CBMivwFBVV95cUxPX2RNbU9VQmp5RnUwQldGc09NT1hkVGpadGNTUUpUMTVxdWs0czFVSWhUZWNYTjZINmpjR2g5b2MtMFI0V2s4NnE1RUFWWENxWlJZTlVHYzZrdkRzeDdPVTd4azdzWVV2QzFQZmt5eU5rN0kyMlVPbkRKNnVKQWhxWjhfMGdLNnZlS1ByeGRPenIwMk9iUG9oVDRWYVplMjRMdU5DQlhKOVA1MFlhV2JpRUpnTEM3V0h2X2lXS1BYRdIBvAFBVV95cUxPNDVsSTF6QWliTE1ZWkczQURsc3NITEJUa2g4SV82S1J0NnZzNlZzSEZsNHg1eWs4S3F1VE45VjlRdG1wM0s4eV9HaTd6S1ZERFYyajNoYnVxSHhvT0NrYUJvMHVVQUtmT1JNdm5EVHFsMzFWSFNwS2lUei10QVh6Y0lBR3FBQndtS2MzNjA5Nng5Z2dWaDNOQnpUQ2VfSU96aE1lak8ydExaVWVoR01XTWExM3hRUEIwS3Z5ZA?oc=5,"Thu, 23 Apr 2026 07:00:00 GMT",aceHTrend.com,UMKM digital Aceh,google_news_rss
Dua Dosen Almuslim Raih Pendanaan BIMA 2026 untuk Penguatan UMKM Aceh Pascabencana - KBA.ONE,https://news.google.com/rss/articles/CBMiugFBVV95cUxQVTJtWFRmN1pLQ1dzQmh1STgyeS16S2RuY292U1Mzckp6aDJ2YVJHbEppSUNhaUxyZDlfSzZBcXBwb2NGMktDNmk2SGthSGNhcnltVmtENWJLbFY5Mk54YVo1NjBnOFRDbTYwOHdlOExwdUhSTVQ4VDZweGRCU3lRWm00QkFod2NCM2FQQWFNZkFobHVnVDE0cm8tdjRIQkxDVmRSVGJ4dFVvVWdUX0Q4TXUxNjR2TzJQNlE?oc=5,"Fri, 10 Apr 2026 07:00:00 GMT",KBA.ONE,UMKM digital Aceh,google_news_rss
Role Model Holding UMKM Aceh Resmi Diluncurkan - Sudut Berita,https://news.google.com/rss/articles/CBMiiAFBVV95cUxQbkNCVi1ZRG5WdkpRNkxuVVZJanZmQ1llNWpXQzZBeFhkTHF5SlZ4N3FLdkVBdU0ybzRFeWwtUjhOV2pnRnU3bE10TkNrOHB1eFFkMk14Y0wzSGp5UEVMY0s3NWhSRlVOTW1kWHB2VndXTkNrOVByNF9tRVcxUGk5YnBNYlN1WXlG?oc=5,"Wed, 08 Jul 2026 07:00:00 GMT",Sudut Berita,UMKM digital Aceh,google_news_rss
"Banpres Rp1,2 Triliun untuk UMKM Terdampak Bencana Aceh-Sumut-Sumbar Segera Disalurkan - Republika Online",https://news.google.com/rss/articles/CBMixgFBVV95cUxQMGIwUUR1SXdpbGFsZTdzX3Nwd2MwVTZEVXFXdkpGbjE5Z2V2M2ZpSEtkUVhxTHhGNUlzQzVEN204dlBTMlMtRGxCM3RZSkVqSHhpZW1VRDVJc1dIbzhQR09BUW1hazF3TXRvd2hXZUhJdE1UUFpXUFFUdXNYYng5VjdPSkktTzRxak8zMnBDblJyNVVDOEphMDlkNnR2WUdPdG1fNy1OWHNvclRsS2EwcW1aRXQtSzQxZHc2X2lIYjRQMlMyeUE?oc=5,"Sat, 06 Jun 2026 07:00:00 GMT",Republika Online,UMKM digital Aceh,google_news_rss
"Relaksasi KUR untuk UMKM Terdampak Bencana, Penyaluran di Aceh Capai Rp 1,01 Triliun - kontan.co.id",https://news.google.com/rss/articles/CBMiuAFBVV95cUxOWTZMWW9abDNPNG0xUkkyUDF4MjJYaW1lYXJYajJ0VUE2Nl9oRllTUU5zVV9ZZllTeFNsUDRqdzJ0bWNZM2lURXBZQkdlYWVTNm5HdU43MTlYTC1xTFdvcHJMUklFcFVJOTFaQXNyM3pLX2R0dFk4SEhpbzRWaFpqNGdxQ3lTSUFRQnUzYUdwcE5Hc0dsOTZlSDE0alE0S0RnX2tWTjF6MWx2SktqNWc3enh4ZGc0X2FC0gGyAUFVX3lxTE9XeGR3YVNyaHJJRUJTR2plNDdpU0pXYTJLLTN1WlJFdU1NVmFXcUtpSzI4QmVadXNURUNUbzRNU3JJakFZZFphNnZEYkpEeFZfUWxkN0x2Tm9fMDl6eTlJRkZ5eDRqZG9SNWhrS3NwekdMY3c3YThELXB5SlZwalhUU09PUTFfdUVnS2syZm5KeGM3Ti1sMW0xd1RMbmtIUjN2NGZMVENjS1h6cUktLW9LWlE?oc=5,"Sun, 10 May 2026 07:00:00 GMT",kontan.co.id,UMKM digital Aceh,google_news_rss
"24.500 UMKM Terdampak Banjir, Aceh Timur Berharap Stimulus dari Pemerintah - Kompas.com",https://news.google.com/rss/articles/CBMixAFBVV95cUxOZUpLOWR4cjF6ZlR0SWYyVmJGdUtaVDdLOUJCd0YzcTE4cjdKTl9Gak91OTIxV0JfWXB0dmphcWU5b3NUTmVaSGoyd3hSbm9kSGx3S284d3lrY2pWMXNlWldyalFjU0NobzNKcGN4R0w2QnNsR18tR2xKRFZfd0pwYW1Rd0xrTlY4U0xfV3RBUnJxZW82VWpRZmVvVzl1N3o0MjlRZUpKamlJaEJZZ2FId0x6QVhTWExBckphSnB5cXdGOEts?oc=5,"Tue, 14 Apr 2026 07:00:00 GMT",Kompas.com,UMKM digital Aceh,google_news_rss
Kemenko PM Perkuat UMKM dan Ekonomi Kreatif di Aceh - investor.id,https://news.google.com/rss/articles/CBMikAFBVV95cUxPSEMyRWthQnI4YVhfREVvSFF1Y3NkMVpubk5FNXVpSm5JOTFwaC1VekJqVHo5WmlhdHpHUExjVzAxbk01X2o1NmFvNWhaRW03anY5NVBQNFR4WjFZa0FTWndWeU80WmdOQUhGX3BPM1psUHh1VVVhRnVFWlN5cWxZQ0U3OVoxYnBvVmloY18yWHU?oc=5,"Wed, 11 Mar 2026 07:00:00 GMT",investor.id,UMKM digital Aceh,google_news_rss
Pemerintah Mulai Bangkitkan Bisnis UMKM Pascabanjir Aceh - Suara.com,https://news.google.com/rss/articles/CBMipgFBVV95cUxQLVlKZ1FyQW9iUFp2ZXY4enRZcGRpdTBiVFFSbDBYb1VFOU4xdnlNM0tjR1RsSXpkVXRLck5VRFB4VFd4eVlSdnpCQ2xsY2FucFdadVlhWHBwQTJnM1BJMHV1YldhOGJNTnNFaFNqUTdpbWlCMG1jVG5Od3k3aUZwNFc1RFpGaGt0NjdCUlh1WnBQWS1kN1k2cVBITFF4dzhERjZlRm130gGmAUFVX3lxTFBuSnBSalFpR1lPMDQ1WWo3NTEtR1k1TnI0YnBWa0NidzI5dzdHaTNNSmJvY3lwdnNBTWpuM1hVb1o5OHpwNzFQOFlGZ0gzXzN1NVFDaXpLZTlxM0NQcnBRSzlrNW51SEh6NTdvUk1WVmVDenk2ZUlCLWtXZS1JOHpjOTBYZHh4TVREeW1Cd3hnZ2s3YWQ0aTUtTFh1eG5zd2RrTXhQeWc?oc=5,"Thu, 12 Mar 2026 07:00:00 GMT",Suara.com,UMKM digital Aceh,google_news_rss
Berita Pemkab Aceh Besar Dorong Inovasi UMKM sebagai Penggerak Ekonomi Daerah - Pemkab Aceh Besar,https://news.google.com/rss/articles/CBMivgFBVV95cUxPME9xWElpcVFGcEVOb05YdHVmTXNMNHBBWnF4eTNydWoyaW1KZzU3N3Jwc1BhNHRHR3JJdnkxOVBSWTlrRTVxSy1GZmVSVHVDeW4xa3hZU2JNWE50WTRkREhXSzBZQU83RTd1c3FKTFBkTmRnZ0QweEtVc19wVXJESUdic1JvNVZIUXRuUENRdWNIYXk1QXBfQXBjUktUOXdXTFNMZEV4R21PTXdIa3ViX0VFelRxZGswTnlkUV9R?oc=5,"Thu, 30 Jan 2025 08:00:00 GMT",Pemkab Aceh Besar,UMKM digital Aceh,google_news_rss
"Perkuat Kapasitas Pelaku UMKM, Diskop UKM Aceh Gelar Pelatihan Pemanfaatan Teknologi Digital - ruangberita.co",https://news.google.com/rss/articles/CBMiygFBVV95cUxQbno0WXpUbE9IYUxYS0VwanlBNzcxSW5wTm5zai04TEtXSW9acnliYmdHOW13OVhsdkNzZlVSM3JROUQ1MHpWcFRETDRoeFJHd1dGNDNjd1BXQl96U28yMUxNbWo3d0xJbDZaZHladGlIWHZMbzkxRk5aZzBBREprM2JCR0RrNWFwMlg3c2FFSDNhMjFwUXlEbHRKVkVZSTlWZ21iSTRSTjJtaXE5aXJhZk1TUW4wd1lwajhmYkVjbS1TeDhvTUhfVDhn?oc=5,"Mon, 24 Nov 2025 08:00:00 GMT",ruangberita.co,UMKM digital Aceh,google_news_rss
"Pj Gubernur Aceh Mendorong Digitalisasi UMKM dan Koperasi Melalui e-Catalog Lokal Aceh (e-Coach) - Dinas Komunikasi, Informatika dan Persandian Aceh",https://news.google.com/rss/articles/CBMi8gFBVV95cUxONzFLeUREOUpRTnNsUEtKWFR3dXVPY0ZYdGFZNExJZjlEUG1OV0tvWm80M29Ra05lRDlIZXBycWdveWtDeE9ldmVnTFhCaENmT1dITHljX1ZCdmlERWFVdm9tRlpsXzZodzdhWWdnRUhVOV9CeDNJZHVEVVpKLVI2cDNJODJsOXY3Wk5rdXV5c24tT19GLU1oclhfYjNUNW5fekM2TzRhcG9kOWpYRHFxOEpfeUlNWFV0UlZHZ2ltZW9BUUFxMDgxdzgtOUEzNHRnMXRVUDBvajNMdm9qaFplMjE4cUJjZUhscWJuTXhsU2pWUQ?oc=5,"Sun, 15 Oct 2023 07:00:00 GMT","Dinas Komunikasi, Informatika dan Persandian Aceh",UMKM digital Aceh,google_news_rss
Peran UMKM dalam Mendorong Pertumbuhan Ekonomi Aceh di Era Digital - theacehpost.com,https://news.google.com/rss/articles/CBMiqgFBVV95cUxOM1o3M1A0SDdDYnBRYWhtSnFMQTJacS05c2lncVdWZFY2NmJBdDJKRHBLUXkzbkcwWVZnZGVXaFNWYU1KYjk4SXpaVFozcjN5Y2ZWaGl1YVhpWTJkS1lrYUhsOUhFUW9DbUV1S05aeEJHdzRmWkt2b3M2Skp6WkNiU1A5a2poUzlkenpLb2xYaWxzaVlhTHJlVi1nUThGYmNTSjJCT3drblhkZ9IBpwFBVV95cUxQemgzcmxiNFpiR0JoZkhrZHFyU3M2SFVxeU1lYnN6TFZDTzl5WmxOVmstMDg5S2NrUjFhUHZESThUNVFUamVRNGZEMWFPMUNNZks0SHgwUkJkNUllUzhVOG5Db183VHZST3gxQkhDUy1nVGRXM3U2NXFXWnF4VUhWdGQ4SnpnanJWVUVTMGZNT05xX0FTU0tRdWhKb0V5WngwWVlJMzAwYw?oc=5,"Mon, 13 Oct 2025 07:00:00 GMT",theacehpost.com,UMKM digital Aceh,google_news_rss
Kominfo Targetkan 30 Juta UMKM Adopsi Teknologi Digital pada 2024 - Kementerian Pendayagunaan Aparatur Negara dan Reformasi Birokrasi,https://news.google.com/rss/articles/CBMivAFBVV95cUxNTkxHWDJDSmVvSWtNQnozcDctM0ltS3VzZVNEdGw1d0ZkRUxtV25oSEFJRy1oTE94X016cXJ3OTUwMkRmbWhUNTFtT2NjUGpOQ2pIR215WU1raFNucTZPNDhPTVVyOVVxLVZQVHRQWF9SQy1JNXpacXgwYnFhdUtEeUduSG1zWklEaW4wYlZGWEl3S3h4dm1xUGpzUTlEYUx0ZzhTUHZOWlhyeUQ3ZzV5YnNPemlwOEl5b0xSUg?oc=5,"Wed, 07 Aug 2024 07:00:00 GMT",Kementerian Pendayagunaan Aparatur Negara dan Reformasi Birokrasi,UMKM digital Aceh,google_news_rss
30 persen UMKM di Aceh sudah masuk ekosistem digital - ANTARA News Aceh,https://news.google.com/rss/articles/CBMimgFBVV95cUxQdF9KYmdlX0VWVHVOWU1ySS1KT0d4NTdrbkRYb0Q1MEdzMGJyMWtRMTBMYV92bUt4cXV3Y2d1b2d2dFV4YmsyaHhOdkRzU0FZRnZldVl1QmlHanlNTkpqN1dxX2tCTW5SYXdfMTJ5dWtBdWFBcjVVVmUxcnhmN0hrYUdRd3BTRnVpaWs4V1ZSNDlhWFE2S2ZEbVNR0gGfAUFVX3lxTE91b2UtYU9kU3Azdld6amdITEtwQlA4Yk51Zkp3VWZrX09DVERWQ0xVU0thSnJ0WDc4NHB2b0ZoWWMxdDhENFN0SE1jOEVsbEduUGxYOGxvTEVmbjFCeXI1SVF6dzdTMUx5VUNkdnNFU2NKazFhaU5kaU9mNENjN0w4b1NoTWhEcTJZNHpQUjkzV2xXcTBiWV9FMHBDNG9tQQ?oc=5,"Thu, 25 Aug 2022 07:00:00 GMT",ANTARA News Aceh,UMKM digital Aceh,google_news_rss
"Bea Cukai Dukung UMKM Nyunti, Inovasi Sambal Aceh Masuki Pasar Digital - Acehinfo",https://news.google.com/rss/articles/CBMimgFBVV95cUxOUkVMRE5TUDZ4ak9ZbFd0NjlHa19YRlJQZzZZT01vOHNqVkVraHlZaGw2Z1Y5eUNYSDVONjFOVmM3WGl5cUQ2U3VhLWtLOVVhbFNqcXl3VG4yQkkyVjlWQTlpQ2Z6U1BFS1Q1TVpCS0VUWGRkQlQ3WFZyRlNQaEt1TnJEN0ZiMndLTlpMWjZmejU1UU5IdkQ0bDFB?oc=5,"Sat, 18 Oct 2025 07:00:00 GMT",Acehinfo,UMKM digital Aceh,google_news_rss
"Meuseuraya Festival 2025, laboratorium edukasi transaksi digital halal UMKM hingga wakaf - ANTARA News Aceh",https://news.google.com/rss/articles/CBMi1AFBVV95cUxQN1ZBTHlrWWxoX1ZTTVhSLVpXMmk1cjQ2aTdDY2FnT2FPMG9xWEt2M2c3S1N2emVmU19BT051TFkxRFFSczRYaVFlMGtYY2lUYVJoYzkxVmxaUXdzMXVOVWljUzJsVFNvSVVOV09nQUFsOXFLZkxDUGF5YkhxVXR2cFhMaUpreXZLUDNlYWgzZnZSeUJUSjZUZnRoc2FfSEppUE5IU3JjeHFWSkhmcExWa0ZXZGY4NGhyWVZ6eXhZbHBoSEIzek0xaTIyVU1NOUdYWGZ1TtIBzgFBVV95cUxPQlBIYjBIWm9wZ3NpRlotNzBDS2k0ZWRXZk03NWlvVW9Ba0ZNem1hYWttZHp5TTBXNWlHUlZrS1pUd1BnelAwMXhFT1FSampCM0x4cHdsc1RMaUxEZ1lpWERLNHpCelJrQjZrWF92TW9RdUxkVGZabUJReWlRdGhyN0ZZXzN5S1lIaHNhcTAyZXpVZDRZc010VTk5S1NIUENyRjA3U3QtMFdpMmdKM2ZIejhRcG8yajd4b0hOUTJjeS1SNWY0b2J2bTg0MVhPZw?oc=5,"Tue, 30 Sep 2025 07:00:00 GMT",ANTARA News Aceh,UMKM digital Aceh,google_news_rss
Strategi Digital Marketing Antar HOCO Coffee Jadi Role Model UMKM Aceh - Kanal Aceh,https://news.google.com/rss/articles/CBMirAFBVV95cUxNb3kwQnA2bXNrU2RoaW5oVmdSeDJFcTNJOE5ZSTRZTXpJN29wTWVkQVgyaUFzSkRmczZ2ZVN2eGxRcTBaVDlScmxwTXRSaU5CSlp0QXYxTUh0aWVfRGhyUnNuMkkzczBTd2JZZHZTbnNSRXQ4cWhSY1VCLVR4bmVQS29FY1NJSmEyTkt4a2lBcVlBRzR4YTVPczl2cWNpdHpOaDR1WDF2Q3ZtblVD0gGyAUFVX3lxTFBsNEZLdWNxRlV5Z3dtVTFmalRnS2pBQjNhZjFtQ2dUenJTTGhzYmphSUVEY1AtaEhXRnhwRTk4SFBHS2RzQUdEd2ZBX2ozZ2dHQ0F0S1Z1a2lyZzhTMkhRdnhKSFdBQXhqQmNQWk9YWjFQOWx6bjhlb01Wc29hRzRWejlLckxETlFsRjBrQS1HaDBKc0xxU0o0aHdNejJJdlN2cjh6cDBjcEpyTm9HaXdxV0E?oc=5,"Thu, 25 Sep 2025 07:00:00 GMT",Kanal Aceh,UMKM digital Aceh,google_news_rss
"Jumlah UMKM di Aceh Capai 624 Ribu, Mayoritas Masih Skala Mikro - Waspada Aceh",https://news.google.com/rss/articles/CBMikAFBVV95cUxQdzNkbUdLNERHa2dMVDVNV0dmT1FuTkpsUDBEZ1FoY1dZRHgzNzZ6dHU3Wl91LThkaWgxU0JMZnZJUGpzSENhNGVLOXppb3pPaGRycWlseUQ5Wkt5eDk4ZnppMTVpN25MOTZuaHU5Wi14M3NCX3lpaFpFZklkRzF1VnBRdDktSHZlajVNUmtwd0o?oc=5,"Tue, 28 Oct 2025 07:00:00 GMT",Waspada Aceh,UMKM digital Aceh,google_news_rss
Berita Produk UMKM Aceh Besar Merambah Pasar Digital - Pemkab Aceh Besar,https://news.google.com/rss/articles/CBMimAFBVV95cUxNaGFYbmpLd0JIeHlTVHJ3bXZjRmRUNl9GOHplSEZQaG1TWTdWZFJURldGRzBHNnJnSzBwaHJoeW01MXdnTnRoUTlZTThTX1JnNlhOWUlocjZiMGw2VlBVeFlqNFRjXzNmcGgtalhzQ2RJNXpITWFHU0hQUlhGMEhWdFU0ajBKRW5xN0dZMElVUTZra1Z1LW1MbA?oc=5,"Wed, 24 Aug 2022 07:00:00 GMT",Pemkab Aceh Besar,UMKM digital Aceh,google_news_rss
Berita Pemkab Aceh Besar Dukung Pemasaran Digital Bagi Pelaku UMKM - Pemkab Aceh Besar,https://news.google.com/rss/articles/CBMirwFBVV95cUxPVi1wandmdldONHpyMDlmd0FLX3FkUG9fWjBXbmdQSEFlZldWdTliQzVRR3FDV2M0WHFOeWwxRnJNdldWVVJ3NTN3a1JWU0NucFZUYlJJc21QX2IzR3hlcXRVSFZlbHVnYl9yXzJZcU1rSExHTG5yODhZRFVKX3BKYVB2OWVndjFJODlZRElVUkhHVGJMTUdKTlJFSk1CUS1oOENjSXN3djVUeEpualVF?oc=5,"Tue, 28 Mar 2023 07:00:00 GMT",Pemkab Aceh Besar,UMKM digital Aceh,google_news_rss
Sensus Ekonomi 2026 Jadi Momentum Pemetaan Ulang Kekuatan UMKM dan Tenaga Kerja di Aceh » - dialeksis.com,https://news.google.com/rss/articles/CBMiugFBVV95cUxQb0tpRWw0b0dWaFotZXRKVWZoNG40YmRZQ2VKSDhrZElya0M1OHk2T2RPZTNrTFBsTnFPNUFQd1RCVllCT3JKZnVaZ1FabDF0VlVNUTNfTjJSRldvZ0N1dXA2LTBjTF9scUlQSEJOUVAtRHBmMV9XRHNKYWNkQ1g0SG9wYTY0cVZnSjhSQ3BUcTh3aXRObm1Ud0RPOFFnUXZmRXd4NzZiNXp4Wk1WbzlHMDFtSUE1eW5yOGfSAb8BQVVfeXFMT014Q3A3dmlId2xleTBPUENOdl9zSXozOFMwX2hZdW1VN28zbS1zeGY5enVoYWFjM1BjQUtTNk5yQzFxN1E2all3Skxkalg5QlF0UElYV19aN1VleDhEeHZuRnlFZFpDNmhoUGl2bDlvQl9qVGhWVUJyVm9mS3E3V2k5WGF2T3pQenNJSEF3RWZhZV9TT0pDZ0o2cWZYdThyejNFcVQtSWxna1otVTZZNDl3XzZ2SG1lbjAyN0dvZ2s?oc=5,"Sun, 22 Feb 2026 08:00:00 GMT",dialeksis.com,UMKM digital Aceh,google_news_rss
"Digitalisasi UMKM, Pemerintah Aceh Dorong Pelaku Usaha Masuk Pasar Modern - Laras News",https://news.google.com/rss/articles/CBMitAFBVV95cUxPYWc2aUhCREx1alp1dG4xUjJVZUwxakg4TV9BVW1HQWk3X1M2RkxOcnRWcmdfX0N3eVR3aGI1cGNzdkctSTZ5ZjFRRUhJNWNXUkstOTVUVzgwUGF3ZlViVFNNOHQ1Wk1EQ0tfSVJpWXljYUFfMk45dy12U1hMX3pLa2VzTVZING9mS21SeU8xc0Y0dEluMldxd1RUaDhJcDZjNnh6UVBUSzBZN1Jic3JBX3BYbEg?oc=5,"Wed, 27 Aug 2025 07:00:00 GMT",Laras News,UMKM digital Aceh,google_news_rss
"UMKM Banda Aceh, Siapkah Naik Kelas? - RRI.co.id",https://news.google.com/rss/articles/CBMiggFBVV95cUxNaFo0R0JqUjZRNDV6OVd2LU1lUUEteV9pZnRCdmhNREZCY0NHSWZkckpIRlVqb3NlLWo5RThXTzQ4RWloTndTVkoyWGJuUmJnUlpsaDBDNlRFWEx1QlFxRnc0RWhhLWdFb05KYjNnRjhscUZDeU9HNEh6UURKVDRMR0Z3?oc=5,"Tue, 23 Dec 2025 08:00:00 GMT",RRI.co.id,UMKM digital Aceh,google_news_rss
UMKM Aceh Besar Siap Meriahkan PON XXI dengan Produk Terbaik - Pemerintahan Aceh,https://news.google.com/rss/articles/CBMiwAFBVV95cUxQdGlmSkVmNzdOZklQYm5wSHJXcW13dGxiUlEwZVozcmFfOHl2TWFxaVlYYjhsc0dZU0JzS0IwWHdXWGJKeHp6ZzZUM211SktmYUJETHhMUXJDTmtlWHpfelZPLVd2NWVIakNFYk1rUHhUSmxMRlBxdk1ZeHQ2ZXY3bk5BTjZUZ29TQzhxWlRtcUY5cGVNSUtzWDNGQ2RFR2FaSk9kVVMwNG5rUzNRZnFoVHVMdlhMVTZoZDBCUGxWWUU?oc=5,"Sat, 03 Aug 2024 07:00:00 GMT",Pemerintahan Aceh,UMKM digital Aceh,google_news_rss
Berita Lebih 66 UMKM Binaan Diskopukmdag Aceh Besar Siap Sukseskan Gelaran PON XXI - Pemkab Aceh Besar,https://news.google.com/rss/articles/CBMiwAFBVV95cUxPWHdoTHFhQnd0QW1yRFQ0WGxtWnZlWmdWSm9oMktfOFhIZ2NRUXhDcTFRSVUtNklhZ2UyRHd2Mm9GVy0xNnBHc1JHR0VlclZqNFVxUUNHcmFIS3RIWExkM1oxYk5PTG9TakFvSDFXckJMekM3bjVCakF5YXRSVUlGQlc0QzdYdm9XR1YyVFhNSUZCdWNlTWJrNm85VnNVYUdpaVJhb0dNdGI5MWxoc2Zjc0VJUUpXcFQwSUJhNTBwMWU?oc=5,"Thu, 01 Aug 2024 07:00:00 GMT",Pemkab Aceh Besar,UMKM digital Aceh,google_news_rss
Bea Cukai Aceh beri pendampingan UMKM kuliner tembus pasar ekspor - ANTARA News Aceh,https://news.google.com/rss/articles/CBMiqwFBVV95cUxPUlUxc3FXUjBSYmt6SWpOV3BGTkRJMjFjRzljUm1obHl0TWlYWGtMaWlsTWNsanM5QzREcWdFNVVaYnRQbTQwRTUyb2prS2RmRW9tZ0prNy01bjA4TV9OajhadWpiNzBBZDhHN3lRQ2l0NEhDSDRmclJ1UmZqS24wQ1VIYlhxRHJIYlg0c3paM01qX3oxUWJ3T200bzJQanVHY3ZiZWFtcW5YZjDSAbABQVVfeXFMTlRyN29FMFVCRzNiUmZrSGFyT2d2ZnFDa3JfblMzaGdfUklIVVlwNXpINzFmcUpFWFZSVHpNZnZvMF9vV3ZvQ3NQZmRvamVCY083eXJ4VWRtUzVnazdvb0loVnVnb015UzJlakhUMkxKZEFPUWtEZjNGOWozaXBpVnMwYWZELWZGQnlnd1V0dUx6cnJyd3paaGpTdEJkYnJVSXlhQUl1bjN2c3pIMXVTcFE?oc=5,"Fri, 17 Oct 2025 07:00:00 GMT",ANTARA News Aceh,UMKM digital Aceh,google_news_rss
UMKM terdampak bencana di Aceh dan Sumatera ditargetkan pulih maksimal dalam satu tahun - ANTARA News Megapolitan,https://news.google.com/rss/articles/CBMi0gFBVV95cUxQbU5xSVR1ZWpfdzNjZDVjLV92TTJzdzlJdGplbE16cUxYSl81eWVPaXotckFMbk1EOElaeUwyM2ppOTZQZ2dsNXlUc3dxSEJ1T1RobThzcDV0SDVkbGhaTURPajk0S2lNdEN5Y000UGhUNU5Dd0dLSjR0T0FQV3hnZTJxT2xNQVNnbmgteFB4czhWTHh1bDZqbi1hc25FbnowWVpweTMxbjRjYzlzY0pveDFmSEJpWnRMSVVsQmE4MWZEVHY0MkQxd1E3Y2tURkd4Q3fSAdcBQVVfeXFMT2xuNkd2LW1MaXZacE9RRDR0dEhUaVFmN2lOSzJ1YWdJLUZQNVZlUnpLYVQwSlkxMGd0ajBISmpEaG1GWnBrMVMteGFTaFBweWc2QldaWDA4eDBDTUs3YmM1Z0g1dkhYbmlEbW45WDQ5SGVIMG9mUDB3UHE5aC1Icjc3WlBVZXVpYlVpMk56OF9jSUJncXdtaHlwek1PMTJwX1hQZDNPS3lJZlFFY0g5VUhrd2lyMm11eFNQVFYtZklFZXltbVV6MndSNVFoRDNORU5ja0drcGc?oc=5,"Wed, 31 Dec 2025 08:00:00 GMT",ANTARA News Megapolitan,UMKM digital Aceh,google_news_rss
Perkuat Kompetensi UMKM Di Era Digital APIKI Aceh Gelar Workshop Streaming TikTok - Acehinfo,https://news.google.com/rss/articles/CBMiqgFBVV95cUxQQVptTmtmSzRxTmZ3elN4LTVRNUs0U2NjSmI1cWRpTXRQM2hRV0p3YWV5YW5raTJaalp0SXBUS01xbkZFOEQ4a01RYW40T0tzSjl2Vm9wcnVfZkRjenB6MnloX00xTlBzNjhPVHZTczJxZjNUaFVGUm9XOUJidDhOMVk4U1czZENPX3F6UEtWRkNDQndzdTJ0UFNocmdXRUhHVzFXQ21YRTh5QQ?oc=5,"Mon, 19 May 2025 07:00:00 GMT",Acehinfo,UMKM digital Aceh,google_news_rss
Kemen-UMKM siapkan seribu tenda guna dukung UMKM Aceh Tamiang bangkit - ANTARA News,https://news.google.com/rss/articles/CBMivAFBVV95cUxPZlU0NkRpUi1IUHltYXFhZjd0M25LdV9jYUNkYVRiTkttTVM1MmFKRkRTVEtvaEk0S3JiclZfU0d1QmtpUG8wV3VjakNBMmp3b3Y4MEJRazRKSGxXVDBMV01DdFZyQzQycjRXMnhCR3dnSnJ4RHdQdWhnb2FwaEdMUDczWF9YaE8wc0xEeDctYThDcEFLMU9TQXFBaGUtU3ZBQzdwcUVXNlBJcFJNUjhKSVJrV0RsX3J3WmctLdIBswFBVV95cUxQbDZqZ284ZnlqSGZxVnRNOVVVSGJhaDAtQXc5QTg0SnkzUHU1VVY2bGw3am4zSEVnaWdBaW1WOTJ1YmdZQXB3czFzZG5jc0FQaXJRVWtOQ2V0dWhJWVFWVWlnUXpRZ3VoRUs2SldDR241bGZWenFvNHF0eFNUTzFkVXhWMmhfdDlKaEU1RkxUVmRFSUtxcjVYVUxteWdkMGZUYl9fLUVaaVZPNUdLQ3oxSEhDMA?oc=5,"Thu, 19 Feb 2026 08:00:00 GMT",ANTARA News,UMKM digital Aceh,google_news_rss
"""Kejar Mimpi Aceh"" Dorong Generasi Muda dan UMKM - RRI.co.id",https://news.google.com/rss/articles/CBMilAFBVV95cUxNRWE0RU5Fc2k2TWVkTzdRdTh0NVN3c20zRi1fYkRLNlBQaHJja1NNVnVvYl9EU3dGaVE2NnJMR2liNHlNVWY5a04xT0h1UFZlT2ZnRTY2VEw1WkhDRmFxZ1VpQWhiTzJiMk9PLUFRaTZDbGFHdlRTYWQ2bTlqTzBDcERXbVJnNzJldlNpSDN4dlFweVBk?oc=5,"Fri, 26 Sep 2025 07:00:00 GMT",RRI.co.id,UMKM digital Aceh,google_news_rss
Pemkab Aceh Besar dorong UMKM jadi penggerak ekonomi daerah - ANTARA News Aceh,https://news.google.com/rss/articles/CBMiowFBVV95cUxOU1RMYlRORVBPbV9CZ1dZVGpLV1lqQkpyUktKQ0dydi1md1paUnB2NXNBaTZJRElkMENSeVpTdmx5VVh3U3JMbFl6QWVObHE3RzQyT2FrZ01pY19mNlV6V3kxM0N6WFZXOVJlUzlNNm9DSHNWVDc1SkhXTnRiUXQ1S0Q3MFMwY2cyY0NiZldLbHk3R2JvZGQ1QnhZLWpZQlpYVFEw0gGoAUFVX3lxTE0zbTFjQmNpcjVQVHhXSVlGT1FTMjJoU2dNZ2o3N3owX3pzdkZMV0JBN0FoRW5tQUpzNlZEdU5CejU2TTQyMzlTNjRfZG1xcFRZYkRvVXRrQ0F1am96NkxCNDJpSHYxTHlaTWtOcWlWRUFQaTNGMU9ONWdlTVpma04xNTlqOWFMUU8yRGM1ZlJXZ3d0SDF5aDR2NUhlWEcydmw1UGJ0OGxoXw?oc=5,"Sat, 01 Feb 2025 08:00:00 GMT",ANTARA News Aceh,UMKM digital Aceh,google_news_rss
Aceh Tamiang laporkan 98 persen UMKM mulai aktif pascabencana banjir - ANTARA News,https://news.google.com/rss/articles/CBMirwFBVV95cUxObmlOd0RhQmVVWWVZT1J2LURmckh2WU9DbUM1ODcybmctc25JYk9UREo0bTN3T2VNZVNNSURLbHJOam1lbHptZUJydFhRaHFUTE5CVFNKdkFEcnFGeks3WFRrbE11OGFtV0VUSXotMnJXbllKVEdSUFhfOUd6NDVJNEVuR3F5UW0tS1JhOHg2OTZDZ3E0TDNxemFMUjl6RlFVRTE5djgzcFA0TklzeDhZ0gGyAUFVX3lxTE9TV3RpZ3ZhU3BXOHFKQkNoR1NFc3VsMm5YOHcyeXVKRlZtd2dJUjBYMm0xUE44RjQ0ZjR0Q2x0WXF6Rmhsb0JoTUJuRnE5MHkwQ2g0NllQRXhhYTBEVE43dnRvN2dKWkszajBfSjk2Y1o2VjAwai1kc1R3UGZfQ2phQ29RRHBxOFNtajlaTjFIbWs5S21rSU1KZHlsZk5WYUNfNXl3UGRzNG5EdnFfV21LQ3c?oc=5,"Fri, 20 Feb 2026 08:00:00 GMT",ANTARA News,UMKM digital Aceh,google_news_rss
"Dorong Daya Saing Pelaku Usaha Lokal, Diskop UKM Aceh Gelar Kegiatan Digitalisasi Koperasi dan UMKM - Gumpalannews.com",https://news.google.com/rss/articles/CBMi4gFBVV95cUxNSldxcTc2MlRnMm5ncDBJZmhER1RCZ1lITmI0YjI0dnZBWHJuc0VRa1VkeTZ3ck1OX2hXOUhURFJ5eWVpdXJjODZ4enlHYVhiSkh4U19SX2xXZ2l4MHdXcGJmTlIyZmk1cURSVm53RldNZmtVN04yTFhnelZTY0xIUU1RNjJQSXd4OExEMmYwQzVULV9OWi0xdWhtQk5qeW1meENXeU1kc21DSUlYejhrcm5TRlZZU1BIRGVZU0hmeVJMLWNXNmlGczByR0ZZMzZwRkJTREVWUWItMllmVHhSYWhB0gHfAUFVX3lxTE5DRng2WENQLWMzVmRGZHFoa094cThldml5bnpOX1lObERfTTgyUGlCYUZNNnppNFlOdlBFaGxDaC1TVHFiYWdWUzAtY2w2OWZpTGJHNWthVWtKMHByOV9mbFZSeUF4dlRWWXFaMGd4X3lPd3BOeldVVXZGdXRDV2Rtd0ZnRGZqM2FBZG0yczRWUWNiWjkybDdkdDRSaEFLZ3RQUkIyams2a3ltOWlBNkg5ejZOSDctWlN6blE1dVM2XzVEaDVDQ25lNlhja3BSbWZZSUVQRTQ4OGNQOWd5djA?oc=5,"Tue, 26 Aug 2025 07:00:00 GMT",Gumpalannews.com,UMKM digital Aceh,google_news_rss
PT Pos Indonesia Sediakan Ruang Promosi hingga Pengiriman Produk bagi Pelaku UMKM di Aceh - Kompas.com,https://news.google.com/rss/articles/CBMixAFBVV95cUxQTUVYWlFQZTA4VHJTLUhCV2lhaHVIZDRka2ZLaEJPN1pnWW1ldjlnV2J0elBwTlk4TjhxMUJESlhxVkNhTEJYbUNuWnlrcGpIS2dabmgwV1p1M2JHaTdRQTRFcXF6ejlBWXJDSXgyb2RUeU10STlleURtNXJ3aWxKMjNVd2RVTlJNZkY1MXVDdGdhQmFCemRDZmhjSFQ0U0N1ZjRRR1FseVZzOUotVmlxd3Uyd2c4T0Q0ZGRuTFpkOFpuWERy?oc=5,"Fri, 16 Feb 2024 08:00:00 GMT",Kompas.com,UMKM digital Aceh,google_news_rss
APIKI dan Disperindag Aceh Bahas Kolaborasi Penguatan UMKM » - dialeksis.com,https://news.google.com/rss/articles/CBMimAFBVV95cUxQYTBkT3RyNmQtWTA1MHRiaFpVTy1ac2NURW1mVjFYNFhOVUl2bXNSX1RyYjJsLTdZZzk0Rm1KeWstUVZZNVJIaGR5a3Y5amRGSU5qQkluSi1ad2xnUjU5N3JNalprYWZQdUlRR1lrMXM0TlNsWmhjaUk4NmJmRkpNaFgyeklZbTVLQzczcmtNaHF6SndacmhYWtIBmAFBVV95cUxOUm1SeVVvUWJHeDRhSUtTUEo1X3lhY1luRlp0ZkoxQVlHb0Nfbll3dFI2b1Vlam8xYXZlR3BlM2ZuV2ZHRWxMaEJDT3dYODZ1bVBLZENnTFROd3lsSkVDZzdLMk1lSFJ6NVlSMDdqVl9PTWFkZnhLZFl3VE1ub3FNWlBsZndaaHRaNE03d2JpV3hNN0dEVllXVQ?oc=5,"Fri, 30 Jan 2026 08:00:00 GMT",dialeksis.com,UMKM digital Aceh,google_news_rss
Karyawan Bank Aceh Syariah Ciptakan Platform Digital untuk UMKM » - dialeksis.com,https://news.google.com/rss/articles/CBMimgFBVV95cUxQUWlGNHZvX3ZGbzVDNUZtNHo2bmZFQTZ0c1FOYmVGVWJNMUVZdUV0NEJUdW0zM2RidVN3ZmtsZ2MtOEZIUVBkbm1leVBEMGlCMWdEZzNUcjZidGR5YWh4bnRMX1dkSlF0bnBoTkpRSkcySVkxdl9tZ012NDgwSl9RektCSzJpY1V0SjFWY2tDUEJ2N2VVczVMeUVn0gGfAUFVX3lxTFBOVExkS21oU2pZMFlfVHVOOFF5M2N0UUdqakRiMDlHNE9Zd1poeDVpdDQ3QmtPeW1OMkVhTHFvcC1xb0xNSUxmejl0Ti0wSWVrdjlfaXJReGFrV3RCUmVWU3FhRFNXb0lRRjB4bGx4UGpkeWs3RUZfWElyUWZHbVYzOS1yVlJBRTVyd2Q0YnR2eFNNLVVTVGVYNGs3MjkwRQ?oc=5,"Fri, 05 Sep 2025 07:00:00 GMT",dialeksis.com,UMKM digital Aceh,google_news_rss
Pema luncurkan Rampagoe bantu tingkatkan pemasaran UMKM Aceh - ANTARA News Aceh,https://news.google.com/rss/articles/CBMipAFBVV95cUxOZjFNQkJBWDJqZEw1aEJaVWJ2SXM4Mk1ELTgtVkFvS3Jja0c3Rl9tU01fdDk0N1o2ZXNybl95OGdKeWZoWVlaMFFzUE5xRkJlbzNwX09QcXlqZTVPc3B1R3Bmdzc0WTlKR25ESmRYZ1JFc2JPS3VpSmRDeWtnZ2pZYUp0d194dVlwSHYzaGFhZWFsd1JEZVFFSDhyVHBBd19TaUpCcNIBqgFBVV95cUxPZzZyNVpmMGl0MXBuYWdPcFlQS0txZ00zSzhJLU1LS29KMHpES1NKZmZjODR3dUJEOV9RbTVwTkdSNm5oNEFQXzBQM3pkelNhXzhTNkJ1VGo5Q0hIbnJZam95eW1WMms1ZUFUQ1lfbHpMRlg0TjBMV0RhbUV1VVFNTWVOR01QVG1qWW0zMHU5dUUyMjBYMkJ3WEZwYmZCV25NTTdJVmd4VVBldw?oc=5,"Thu, 20 Jul 2023 07:00:00 GMT",ANTARA News Aceh,UMKM digital Aceh,google_news_rss
Kadiskop UKM Aceh Dorong Perempuan Pelaku UMKM Optimalkan Potensi Ekonomi Lewat Teknologi Digital » - dialeksis.com,https://news.google.com/rss/articles/CBMixwFBVV95cUxPSDVPMFl4ZmpEMWxrY18teVZXYlhtMTFTMDctNFpydmVXYjZyYjlTaklDc1JKQnJ3QXJrbXUwMEVXbV80TmM0SnJMeVloczZQbHMwNnh3cDlfS2VfVHY5TXBiWWxmSnd0TU13cXRfQzg2aTVSSlQ5aU11ZDBtUlNLWlYxV3B3YTd6NHZmNTJIMUJnQmF1Z0Jwc2h6WUd5REJhaDRoeHF2MTBTb3ctbk0xbUVJc0ZKdHl6TjVXVjZQVnc4NVBYSlZj0gHMAUFVX3lxTE5tZ2JpenlPbUJWVW0tZVlLcjJrOU0yWGx3TWlwRlk0T3BUelMtMENOdVBxN0szUnc0V3NQTGRtbWt5Y051OVcxNEtsWk1OSkJITTFaQm9RU2JFYXJmZE9OaGJwYXNlOG9hTThVS2pQdmg5RktSUkxsSzlLbkdSUTBJYTNrM2ZsMXNleHg2THMyWFdVLTNMMG54Rk0wanE4MDQtSFAzWHZqREJ5Wk9lVWtBMmNSUGN2SVR6MzVNcmFrcXdxSk9pXzBVU25OUg?oc=5,"Wed, 17 Jan 2024 08:00:00 GMT",dialeksis.com,UMKM digital Aceh,google_news_rss
Kriteria UMKM Terdampak Banjir Aceh-Sumatra yang Dapat Restrukturisasi Kredit - Bisnis.com - Ekonomi,https://news.google.com/rss/articles/CBMiyAFBVV95cUxPVjdDNkVucHZIUGR1dWVoNDRlQmc0eGh0aVZ5OU5kMC12VFFmLWxNRVo0dWpRSHhtWXBBOE5DUTRwWV9kanZLaUdGeGZhWFh5eE8zTFF0T2RqczhOLXFKcVRBYkcwdDNlY1J5c0ZfVGJYLTZNZWNuc1pKS1R0SmxUcjY5WXZXS2hqU0JwYmF0UkhVSDIzNmFvQ1U5X0tOZUNZbUZjc3NvVDNQQ1NpTVcxYm1IZW4tTEQ0eXJVUmdDZlNhQWwtdjlyUQ?oc=5,"Wed, 11 Feb 2026 08:00:00 GMT",Bisnis.com - Ekonomi,UMKM digital Aceh,google_news_rss
UMKM Aceh setiap Jumat pasarkan produk lewat Aceh UMKM Mandiri Berkah - ANTARA News Aceh,https://news.google.com/rss/articles/CBMivAFBVV95cUxNc3hFZEY0OUg0eXl4QjJKY21wVUlZVnRiblY4T2pmTWtvclRrR1FsbnBueTQ2YzFwR3hBWlpHX1dLLXdsWEI0MzBRTEN5Q0ZiM01sY3lhaWtNOFAzbThWREp6OTJ4MlhyNmpsWFlOWG9lbVowdGdGSk9XN3pELU1Td3B3aUc2d0RfTXJmd0lHR3hJSDRTQk4zTS1JcGdCUmw4VVRYVDBZWVN3ZXo1eFlUYlNEV2JzQnhvUXdxQtIBtgFBVV95cUxPSzJieERPb2lfc1hGeG0xX1hkb0hJc01ZYUpUNkdOSktaRERQNnFDOEV2S19FOV83amZ2M1p2V0RVVXJLa3JGZHR4U196OEJRNnh0a1F3bDREektJX2pJc2FCZG8zbC13VTZqaTl6MldaR0hmMWx3bXBMdDA3dzlzN0VUM0RZaTdJdUpUX3dPTlpWZkJ3bzFCWkw5MjRuR05hcktJN2Q2RjRZS1RyYVhEQnRpOFV4Zw?oc=5,"Fri, 27 Oct 2023 07:00:00 GMT",ANTARA News Aceh,UMKM digital Aceh,google_news_rss
Pemkab Abdya tingkatkan kapasitas pelaku UMKM - ANTARA News Aceh,https://news.google.com/rss/articles/CBMikAFBVV95cUxQZ2dMeFVFT3ZUNlhRc1ZTcDBDREJpb2RXT1Bjb1BubDBud3hac0hGd1hJMUtmam51TG1EYk94czVrV0hXVGpZWTh5UWhvYkFwQ0lCVk93WjVLaVE5TkQ5YjlKRHZaQ1RoVHItQ25ELS1EOTlLMnNXUFhTVno2Z3FnYW5tSUpwY0czLXRNWldGTmjSAZYBQVVfeXFMTUQ1MmRqTUU2SzFfNS1VRXplMUJyVm9tZTZHM3pKb21Pbkh2dnhwRUE4NnQ1WTVUTEVQNzhtbnlZWDY5MEdRaDBCNEx4dnVLT0h5TEx5N2lILURqRFI5aTVHclpmbnpWMHdlMnZRUHYtS2RNb0htdUR5MGc5WUNFSXE2WjBocEFEc1FqcVJRTmNJYTZ3ODdn?oc=5,"Fri, 26 Jan 2024 08:00:00 GMT",ANTARA News Aceh,UMKM digital Aceh,google_news_rss
Bank Aceh Komit Dukung UMKM - aceHTrend.com,https://news.google.com/rss/articles/CBMieEFVX3lxTE9kNXV0QnVSOFFwTHE4dTBENlNHcW45QXdFQVZua2lkelNicUJXQmtRU1NTSkdkQ3NCdUd4MjZmVHNYR0I1SXlpZEtHbFU0Wm5GTlk3bDZRY2NBd05ZM0VaSFJNazkzNi14bU41TllLV2FWcFgyazdaZtIBdkFVX3lxTE9lQUJEa2hvdDNxUFltZXhYYm1KbWNQdGdoSVo3aGdPRkthdkl2b2hQOXhpMURyS3oxeEc2UVRCUXkzcDdKTW9FNV82SkhvZEtXeFpiQWM5WVMzZzFQV25yUERvU1BxU2VtZWMxdjNIaG44UXBJSUE?oc=5,"Mon, 29 May 2023 07:00:00 GMT",aceHTrend.com,UMKM digital Aceh,google_news_rss
"M Nasir : 64,5 persen pelaku UMKM di Aceh adalah perempuan - Popularitas.com",https://news.google.com/rss/articles/CBMikAFBVV95cUxNbllybUZLbUVpNjJnZzJ5ZEV1ZG1CMnlLZDg1VGpQaF9mdUpBeGJvRU5IOGtkYlJmRXJVNlEwU182VzNNRkc4LWRIMWFRZktsQm52OUdLY1NnUC01dWx1SjRsYVM2SWJqeUlieURrclh3eExTeE1LMUxteXdPR0tVUUxhZFZCNmt2UW9XR1JDZDbSAZYBQVVfeXFMUG9vZUpFMUJvYWZTbTVJWldvb3ZwYW9ZVHdzRW95VnBtVHVzc0NVZzlqR0VuZUU4bUZFTEZiTW5CRlEwQ2JIbU9oWjRuVjdJUTVWMEpyaExPcFBzY1pvTnZxSGhTS0lBRGl5QzdzemdhbkpIcHZQTVZ1dlVjMlI3RDJUUFRiWFJ3Y1JSalhnZktqdkhzRU93?oc=5,"Wed, 30 Jul 2025 07:00:00 GMT",Popularitas.com,UMKM digital Aceh,google_news_rss
"500 UMKM Unggulan di Aceh, Siap Buka Lapak di Lokasi Tanding PON XXI - aceHTrend.com",https://news.google.com/rss/articles/CBMirgFBVV95cUxNVkR5RjJMRHdMQW4zY1A4Q0FSdkdMSHF5dHdxWTFpdHdpbU1qcURuaW1xUHBvSG1mT3l4R3RhV2dXUHRlcVcwWEE3b1RXWlphNVloWlFaYlZWQk40Q3NDX2lVdlRBYmFDSS1ORzVNLVJUcDgyVDcxV3hMS3lJMHViYVViRkk1ZWprU3pLaVM0WWdxSE4yak1Ld3hVMzBpVU9nZVBiZ1RIYVUtT0M0eUHSAasBQVVfeXFMT1BUZlRFYmU5cUc4dDR2U2N2OGIyUmN4UVBpYnZlU0Q2MXQwYWRaVkpUZFc1dG84UzhRT3BTVEdqNW9KbFZYRHpaWjV6M21mTzFiYWtpYlFVcFcxX0FxdTZhbFYxUHVJLTFFLTQ2ZzlmYU5xR2ozX3RVRUxPRGxxYmNLdm1KT0pIVlFjUk4xZGY3WHlWMkFIc29wVU5FRkY2UDVBelcyZDJZeHMw?oc=5,"Mon, 10 Jun 2024 07:00:00 GMT",aceHTrend.com,UMKM digital Aceh,google_news_rss
"Seluruh UMKM di Aceh diminta masuk e-katalog lokal, ini manfaatnya - ANTARA News Aceh",https://news.google.com/rss/articles/CBMiqwFBVV95cUxPWktEaVBxakhPallrOVotUF9oeU9MckR1V1UzaW90R3k3ekx1WmtrZGdxTl9hczZzYktISHNKdUhTMk92UTNIR001bzhYOXg0YnlKYnZuVGpvMFlZU1MweGJ3eGgzNENyaVVyZlZCZ29QTkRKR0UwSDlXNzg5dWhnTGppYVJiNzJiVlZmWl9tMjhrWGRHNEhRelRQUV9pakJCSDZKNWtGRk1hTG_SAbABQVVfeXFMUHNiMC1HTURCVFA3UDVPUEhIazVVYmVrMjUyS2RJcmRIcFljamVaZVZFLXBuUWZKMFI0S2FBalV4TTNuQUxxeVVQenlnYTJMb25rMXNlNmhweWVmMUVlcVctQ3RxOEZpYXZCOW1KaU9OQVQxWllZNlZ3QkFPb3N1TS1uSWpGam5WeEFMREZsQnV4NGFyMnd3NE15b01ZSGxBX1Zoak4tbmk1QWxsVS0zLTY?oc=5,"Fri, 26 Aug 2022 07:00:00 GMT",ANTARA News Aceh,UMKM digital Aceh,google_news_rss
"Antisipasi Banyak UMKM Gulung Tikar, Pemerintah Aceh Dorong Pasar Digital - aceHTrend.com",https://news.google.com/rss/articles/CBMitAFBVV95cUxNalV3Z3B1SE9KQXhxMV82V1gxVzE4N2ZON2p6MTVvLTVWdVdpeDdJamh3cXo3YXBmRHhLODg3cFZqclRQam9yOFRhZmNvQUxaSG91M3kyVWI0RU11RlBrY0RfNG9OX2VvNUFkQ01zdlNsVFRQQUxRUi1lR2c5VDdIYkV0TjVwc1BCSlJ4RTFvb1ZpTy1ES0VGdHJYNXpPVWlnc1I1ek5JRURFNV9RNXJpY1dYUnDSAbIBQVVfeXFMUERJSkJkbWpsbVBLRGFwZlZzV0tic0NoVlZ5cXl0S1pVOGpPakJ2Z001QlJaNnUwREdxd205ZVctYk9IanB5aDNnS3BDcG5sMHJNMWhBQUpuTVB6U05uVGl1QWRvLS1ZUGhZRjFhbDNfSVBxai14QUctT0pPeDFyVVpfdlRPUmhRZHoyNXJtQTdFVkxhM1FXdWlhbDJ4SjNsRVBjSXd0SnVrU2RrR0tMMkRvdw?oc=5,"Wed, 18 Nov 2020 08:00:00 GMT",aceHTrend.com,UMKM digital Aceh,google_news_rss
"Inflasi Menekan UMKM Aceh, Peluang Kian Sempit - RRI.co.id",https://news.google.com/rss/articles/CBMimwFBVV95cUxQOFhSS3NZQzRkR1JNV2dGa3dzWTFfVmE4QmhIVzNxWkc4TjJIOTFRUUd5d0d5ZWxaWEpidDJfRWRNb3BWbUQ4NE50X05oRXZqRVRrZk42aGdhcEJvczRJQmZPaEpjNl8zNnZiSF95SDBTa1Q4alNkWldOay1BbDR4TTRmaDNua2hvZno2UlZuMzBRX2JsZ0R4ajE3WQ?oc=5,"Sun, 01 Jun 2025 07:00:00 GMT",RRI.co.id,UMKM digital Aceh,google_news_rss
Rumah BUMN Dorong UMKM Aceh Naik Kelas Lewat Karya Nyata Fest vol. 7 - Aceh Online,https://news.google.com/rss/articles/CBMirgFBVV95cUxNSHdCNnZrU1FLRGhwa3ZPcDM3akwwclpPVkVEUzFLb1poM05NaXU3QjEyYjNOQkVnUmVkZVZmMnBHRDhhYTRxZEhpSFlmX0VveTNWWHZBclkwMVlYMXFtdlZVbU1RZlBsZ3l5TG4teGRvZm5qYlFkaFk1UWRmVEtHSU05bHh5UzFXUlBhRnk4N1hTRHh3QVRMZmFjbm1aVE9lSmtfTklSRU5BRUoxNWfSAasBQVVfeXFMT01Kcm9FMDRHblA4YmFWOFRXdlk0WUljT1ZiVV9rNXN0TTRqWEZHQ1ZDUHFnbW50QTBwOTNlZ0w0Sk5yNlRFc3JHb00tdlM4TGN3WjdaY1UtYlVnTEYwRzVoSzBDanhUR3dxMzYyekZsYzA1SVRlblhyX3YwMURBMG0xXy1MN2RvYjZjTkZGdllXSHRoOFJzdmlucUFLdWtUV21QeVowRlBKWkVN?oc=5,"Sat, 01 Jun 2024 07:00:00 GMT",Aceh Online,UMKM digital Aceh,google_news_rss
Membangun Masa Depan UMKM Berbasis Komunitas - RRI.co.id,https://news.google.com/rss/articles/CBMijwFBVV95cUxPVG0xeHR1c19XUlZTelhHeUJWdkdKMTNWVVVsM0VBOTZIYWtYaDkwTjlFdXQ3ZFUtY2oyMktILTRZd3lnOWM1YU9nVTVEUE00b2NzSUFCMUpLczVubnJzaUhWNFM2M2VuUFhQbnBfY0lKT01wNmxGWmZvY21QaHVlSlA1RENuUEFTMnpRR01pVQ?oc=5,"Sat, 04 Jan 2025 08:00:00 GMT",RRI.co.id,UMKM digital Aceh,google_news_rss
SAPA UMKM Jadi Jembatan UMKM Masuk Pasar Pengadaan Pemerintah » - dialeksis.com,https://news.google.com/rss/articles/CBMilwFBVV95cUxNNFVHLTNzRE9QRHN4SDFXNnZmamRQTDV5N1djTm1yRHltNFFjM0FDQ0FpS0VoZkRmMWlCbWs4MWdvWmwzeDJxLWJVcnhjR1o5MWtKcWQwTUU5UlNOOXE5R0RLM3F0czBnbDZsZjJBV2tiM21NZk5oMW1LYWplN1BCTWxRTTIxcU1fUWlaM0xZWkdDTXoxZXMw0gGcAUFVX3lxTE9BNE54YlB0MWlFMzlpaVBteXVwZWRPTnkwVk9Fc0RtMEx3ZjVNZHBLSTlrUl9oU3l3c1NzdHlaLXptbjNhTFpsbXpnMnNpREJ0ZEdBeVJzNXFjSm04X2dPNWNUZlBTUk96dGNPZDBrUU1XTjZSSE1HaDY2QTI3cXpGdTVyMmJLZXM5ZE9teGZWang0M0xNbXhRaTdKSA?oc=5,"Tue, 23 Jun 2026 07:00:00 GMT",dialeksis.com,UMKM digital Aceh,google_news_rss
Berita Kanwil DJKN Aceh - Website DJKN,https://news.google.com/rss/articles/CBMi9AFBVV95cUxPSDY1TjhNbjJkRHlFWFlULTJXd29hMUFWTE5vVGV5RnRlNW1iakRMM1pMbHV1cFFFX1hmUEVMeDVYa1BvZE9WMmdCYUxQT1FYdS0tdUNIc1ZYRTNQUkVXNnJ5SFpVQXFLYmctcGk0SWRfQjJ0R3YzcHNJWF9vSTRzSnlmb1ctN2RhOXAzVTFiVm5GVFo2ZzVJZ3hFUDAwYU1fbG9SbVViZVdFSC1US3NVV0NhWWlyOTU1VHdJdTNXbDg1OVY1U2h3NVZfMzNHOEtISEVjOHI4aTd1dFd3NE5sNlNtVmt4MEljZW9la3gzLU5XUEZW?oc=5,"Thu, 11 Aug 2022 07:00:00 GMT",Website DJKN,UMKM digital Aceh,google_news_rss
"Tutup Tahun 2024, BSI Aceh Gelar Grand Seminar untuk UMKM - MODUS ACEH",https://news.google.com/rss/articles/CBMimAFBVV95cUxOMmlobDktQXZqTXdlTUNpdlhHa3Z0c1k4ZVZiX0dfTmFZd09NR2ptZ0JNWHdrRDdfdEFBYWw3bFM5Vkp6OV90WnFjc1g2OHlfczF2UVB2SFdmd2M2RVpTUVVxYlVZWFk3QXVYTzhyTGwtOW0xTDdzVUwwX3AydmJLSkVrUjZ1b1E2RG1LcWtqOERxSjBiTk1LYQ?oc=5,"Wed, 11 Dec 2024 08:00:00 GMT",MODUS ACEH,UMKM digital Aceh,google_news_rss
"Kisah UMKM Aceh Naik Kelas, Produknya Sampai ke Paris - CNBC Indonesia",https://news.google.com/rss/articles/CBMivAFBVV95cUxOV1NVbWtoWlJGVzFoT3NQTjBiUzVreG80RnlXMlMtRkpnWjY2Zk1IbDROX25zOEhOWklqSHRGQ09vZ0h3TENTOTdaRzg2S3FmUXdGSVl4amFTa0JVVDlfLTU2UUlxcGEtbi1sWHlBVmVJNy1acVJpeTN0Y3Q4eGpPWWpJVG4xVVRiaEYtZ1ZzdU9FUWFxSEpFa2UwaUw3eWs5bURaX3RrQ2gwTWhlYURoREVyRHBBZ2Y2RWVoWtIBwgFBVV95cUxNLUlsQ1ItSmxCQU5RX0EtWmpDclNnV1BGa2gxOFlfVEl4TjdfR1JqeGNvYWpkN0gyXzFqV2NBZDlLY3huNnBTdnZNbGxFSDk3cWpfLU55XzNYUE5YdUxzMXhyazQzaFZOQU16VERnTGpJOGlMVEM3UWtMU05LS0RXYnNHUElTS0FxRk14cFQ3eGF3bVZGRmRrcHI2eFphblFxS0RBSy1UeFpfYTdBbnhzenU5V2Jwelotdld5TXp4RlhtZw?oc=5,"Fri, 07 Feb 2025 08:00:00 GMT",CNBC Indonesia,UMKM digital Aceh,google_news_rss
"Ingin UMKM di Aceh Maju dan Bersaing di Kancah Internasional, AMANAH Gelar Kelas Bisnis - AcehEkspres.com",https://news.google.com/rss/articles/CBMixAFBVV95cUxNSWFkSF9lTU5GNk5nMG5NM1p0ZGh6MTh4MUdMUW9kVnp1TXp5bU5ZTXhOaktTbWtfaVpPaGZEcThQaHJzQlZNd2ZONktMX1NBeXFXMkJHeVNvNGdxMlpJYU1PRE0tMWtSQURmWTVFZ3czR2w0MC1qRXpVOXBVU1VFV1FkdXFDMnhFZjNLbHo3a0pKV2tVb0R5NDlJQXJfbFVGLUhuUlBRZTRtQmtvQ1BLTHIxZjMzZXAwOGdUbVpFRDhDR2xr?oc=5,"Thu, 04 Jul 2024 07:00:00 GMT",AcehEkspres.com,UMKM digital Aceh,google_news_rss
Produk UMKM Aceh Besar Merambah Pasar Digital - harianrakyataceh.com,https://news.google.com/rss/articles/CBMilAFBVV95cUxNYnJCNzZ3UlRhTzVwcENFRnBfZEpDSkJHa0lZV3VJTXZ5OTNXSWE1SFVNWVp6WUhuV2JLMUlQTDcydzZLQjJncDBoWmRiZUZ3bi0tN1VNOHExSS1MclBfMHJfa1JjMFg1WTdaU0o1TTBlcUd3MTE1SE9acFhKTlVINUxYS2ZoM0ZnUWpISzFLWnYyM3BO?oc=5,"Thu, 25 Aug 2022 07:00:00 GMT",harianrakyataceh.com,UMKM digital Aceh,google_news_rss
Aceh Economic Forum: BI Aceh dorong hiliriasi produk UMKM masuk ke rantai nilai halal global - ANTARA News Aceh,https://news.google.com/rss/articles/CBMi2gFBVV95cUxQODZJWkVCOExNdzNoZGF1Y2lzZzVXaDYtWnhxNk0xZTZ4cEZDZktHU290ajVjUktFVkEtSzhGTm5ZZkRlYjdYZ1lhZHZYQnJGNk9OSVZqYVhHb2lJa2JwbjU5TTRhVDd1UDVtT25jR0R1Q1dtNUZfZ2tNOW5ReTd1dmJ2dzRzQnhMQ2Zud2pUQUI1YjhEMWJGdlNhQ2xMY1JwcmFoZER2a25SeVNWd2plTjNBUVU4NHFoWVJDRTY1cjZjSFdHUTZPNU5fQ0FmOGxGWkVuQ0RTWDJ1QdIB0wFBVV95cUxQTFF4Qnk2cWdRaTd4Xzc0bmtJYTUzbEU5YzJGS2I0ekxicHYzMnJCX0pZcXFGNkZwWWNUa2dUT1o5LTYxMXA3Ym9WYWJXWHJWLXE2ejkwZzFrb1VUV3lHOHNpc2ozNG53dVBINHIya3ZEb3ZSV2JaWUFoSmo4Z3JVb1lkNVI0WEg4V3MzTGtKN3dwejNlYVlvX1ZWdHJHbGVyREFkWTJ4SmhUeUgtLVl0WEw3XzB0dG9UN1lqdXl4MTVuaU1tRXdPNk9UaWhJZmpwa1dn?oc=5,"Fri, 26 Sep 2025 07:00:00 GMT",ANTARA News Aceh,UMKM digital Aceh,google_news_rss
"Dukung Pemulihan Ekonomi Sumatra, Shopee & Kemenkraf RI Gelar Pelatihan Digital untuk 120 Warga Aceh & Sumbar - KlikPositif.com",https://news.google.com/rss/articles/CBMiyAFBVV95cUxNQkN4dDFpS2VXOURNTW82SkIwYTRlTENyd0s0d2JEMlhYMThOLUFMbHJJREh0ZVhXTjljVmNLZl9QX0lKR0VQYXNtTTNYOEs0a203dnFmSEZWd2VSanBaR1pyQVBzUnlPSFpqTm9La0NtNjctb1h6cWoxZHlSay1ieGhzbml4VnZFOVlCNUYyNEdvbF80STh0c2haMjZNX0tzSUNoT0oyZ0NiQ0lYMTFkSnZoMFBWeG5TUDdya3BFYmVLTjFZZ1ZnWA?oc=5,"Mon, 31 Aug 2026 05:38:53 GMT",KlikPositif.com,ekonomi digital Aceh,google_news_rss
120 Warga Aceh dan Sumbar Ikuti Pelatihan Digital Shopee dan Kemenkraf RI Untuk Pemulihan Ekonomi - Berita Minang,https://news.google.com/rss/articles/CBMi1gFBVV95cUxQVWo2N2VDaldtdXJPaHozRWlLTWxtZDd3YU1HZ3ZiMm4zXzBUQ2w2Yk1wVDdmQjdIMXRUci15czFDMmRHbG1aQXlMQVpuN0VVY2RQVjNxakx2LUdPUDgzbHRYUEtOb3NleXdoUWp4UzZvUWN3M0VZQnJZcGR6NnRjS1FqMVpvb2lBU1VvZ1ZxZnA3VkdacFgzdHRJdGEyRzZVWWhrRDlscWh1anluMnBuSzQ5ejVsMFRfUHdSQ3VnWkpHQm9yVnVHSGlDaU5zM3NJQ0lBMFBR?oc=5,"Mon, 31 Aug 2026 06:20:00 GMT",Berita Minang,ekonomi digital Aceh,google_news_rss
GenBI Aceh Diminta Jadi Motor Perubahan dan Penggerak Literasi Ekonomi Digital - mediaaceh.co,https://news.google.com/rss/articles/CBMisAFBVV95cUxOMjFCRVZfQkhPdFlxMlJLX0ltdFcxY2tNOGtSUFBtaEc1Si1DNG1WNkZZSGowNGs1c0JFSDYybnQ2OW9fZ2xDQ0djVE5ndVB2YmEwTXlYd29wc2RXcERscmdEWWFYMUtDbVVyUWxRYUhLRXZGbTZ3TGRadDQ3TlVTN09YSlQ0M1hGeFp2US00UTJiaHY5YVB1bUZhaHN2bU0zS3BCcmFtbGhYcjFUZ0pGUQ?oc=5,"Sat, 29 Aug 2026 02:23:01 GMT",mediaaceh.co,ekonomi digital Aceh,google_news_rss
GenBI Aceh Didorong Jadi Penggerak Edukasi Ekonomi di Ruang Digital - masakini.co,https://news.google.com/rss/articles/CBMioAFBVV95cUxQZWZJZVlzT3dMdWJ0dUJMOThPdEJBTExNTmtCNDhabDl1SThWNk45Tk45M3o2blVWaTFRcU9YX1U1dllpeFpaWjVBckxMeFpSSFlwYkVGV2JBZkhLcExaN1ZLVGZFLVhTNU9QU21CLVIwWlZVUWZIS0NYdE12bGxpWElRN09mQUhRWWpXUHZDRzltajl5VmI5QUhpWG1XYTVr?oc=5,"Sat, 29 Aug 2026 13:58:46 GMT",masakini.co,ekonomi digital Aceh,google_news_rss
Hilirisasi Didorong Perkuat Ekonomi Syariah Aceh - RRI.co.id,https://news.google.com/rss/articles/CBMimwFBVV95cUxPUk8xcVdLU1FUaC04WmlKRk9qWnAzYmJtbUZuTVRqYW1zem1CQjJoNnBidWl3RHhfczBJek1RZURFYUFKUV9rbUo5R2dfWGFwdHZfVXlzSlNCVkxUZURRYk1BU1ZQeVZ1WGprMGIxdnM1d0lFbFR6cUg5MVlOdEN6SUx5a0dfdDhIQm9TZVJGaVhLMGNVYkhrLWY2WQ?oc=5,"Sat, 29 Aug 2026 22:18:00 GMT",RRI.co.id,ekonomi digital Aceh,google_news_rss
Literasi Keuangan Digital Masyarakat Aceh Perlu Diperkuat - RRI.co.id,https://news.google.com/rss/articles/CBMisAFBVV95cUxQMnlfQXpVNENpajVKY1FpdjVSc2JRTFMweHRZRjhJRElhSFlraWdpUEZOb3ZTaDAtaWQwZDNFNzlRY2R4VFM3ZzQ1YVc1cFE3V1FUS09zd2hkZkVkWWwzRHlOVFpVTFNSZWVFTS1kbEREWkowcTNQeGtKZEpkNUFhbDItNEF3YzlsYV9DODhxNW02RUh6bU1TeTZ2X1lDNVhXU2Q3b0N2RGRMZklKT0F5Vg?oc=5,"Thu, 27 Aug 2026 14:33:00 GMT",RRI.co.id,ekonomi digital Aceh,google_news_rss
Sekda Aceh Tekankan Sinergi Pengendalian Inflasi dan Digitalisasi Ekonomi - Pemerintahan Aceh,https://news.google.com/rss/articles/CBMivAFBVV95cUxQb2JzOWtHTVoyamJaZklzdW1sdHRWSWRVSFdqdEFHX0Y2WVl1bnNISUFxZnBSOFAwOE1SVkVhX2pZRDlYVk9Bb3pkZEJWRXktb2FMUUZndWd2djVnYUVoclRZRHkySGloakRFS2xxcWVwcENOOEtMN0lKVEhpYUdlYS1acG8tZk11WWJaclFERGYzZnJZTTJRSGRCMnZtUFN4LWJTVlBpWkhyUDVBck5YXzJBZUpUS0h6aU5NQw?oc=5,"Mon, 06 Jul 2026 07:00:00 GMT",Pemerintahan Aceh,ekonomi digital Aceh,google_news_rss
Aceh Dorong Transformasi Koperasi Jadi Pilar Ekonomi Digital dan Inklusif - InfoPublik,https://news.google.com/rss/articles/CBMivgFBVV95cUxOS1VTX3M4YnlBb2hVYi04V1N4Z0tZM21kRXVZZjFVUDRBOGJjSHh3bHEyOHdFQmVpN05rS1NOUlN3d3JHbGh2ZE1LUEdKMnJJdlE2UjMzcUNzc21xc0dON3ZQRzZBMWhMam5DekRTRkhzNXNpS0VERVBMczY2YlNzR1NfR0d1WmUwVVRGS0F6NVl3eTFNRUJYcmIzNHJQaUtBSGlvUy1CaGFSUUxPbG03bTNFdy1hVkpkOUg5VFV3?oc=5,"Fri, 10 Apr 2026 12:20:02 GMT",InfoPublik,ekonomi digital Aceh,google_news_rss
Aceh Barat Manfaatkan Kemudahan Era Digital Kembangkan Ekonomi Kreatif - harianrakyataceh.com,https://news.google.com/rss/articles/CBMitgFBVV95cUxQbVZHQVIzSmtfU2VTdmJOSlJmWjIyUFRseFZweDF3VlkxWGtpNFJlVlZFU1dBY2YzR2V4X2hjTE84bGhCUnduanhjbzNTU3FENm9SVUN1Y1hRb0JtT1N5cG9ISXdiRmRqUXZYZXZhMGRhNHlZUnVYc1A3Ri1tWWI1YXM2cUM4b3NqRmRUZGItaGYxQ19EdS1fQWV6WFZOb2cycGRvc1hmZ2phdFJvNl9NMXYzUTZ0UQ?oc=5,"Mon, 03 Aug 2026 07:00:00 GMT",harianrakyataceh.com,ekonomi digital Aceh,google_news_rss
Takengon Jadi Pusat Pengembangan SDM Ekonomi Kreatif Melalui Aceh Go Digital - Prokopim Aceh Tengah,https://news.google.com/rss/articles/CBMisAFBVV95cUxNWGNVQW5jMjBOUWNGME16enhzMGc2THJVV3BkVGFlQUVjMllRN3B4Vmh1cnNYcWhmTkVJODUwTmFZSjF6RVhIMjI4aDlmdmZ5LW91TXZwbjdXeldkLWVGMEZJYlRSdjFuNUJsMC1RT3hmR0RiV1gyZWowZGFSdVRSekZobEZJcElnbkU0dUhxTFhxY2U5UnR6aGJsYU5ZNlFNbGw4b0lEQUs4ckd1bjBseg?oc=5,"Sat, 20 Jun 2026 07:00:00 GMT",Prokopim Aceh Tengah,ekonomi digital Aceh,google_news_rss
Aceh Berpeluang Jadi Percontohan Keuangan Digital Syariah - RRI.co.id,https://news.google.com/rss/articles/CBMisAFBVV95cUxQeTlwS1BuYUZHUlJSVGxKREduUEkwckZpVFJNSzFOU19qMkZjbmthVFlGS0dnVzBkQUJSNkpuNjFOVWRuM2dZSV85aWMyWTVpbmRwTjc1MnF6VktOLWUxc3MxTlh4WGcwLW82WDVRcy1TU0pnT1pSbGpNczQ3emo3bEpnd1VhcHpLc0dlUW5qa1BjaUJKcnBrUGtYdTFGZ1BDWHgtRXNWZ1dsalVjZzliYg?oc=5,"Thu, 27 Aug 2026 14:35:00 GMT",RRI.co.id,ekonomi digital Aceh,google_news_rss
Bank Aceh Syariah x PosSaku: Kolaborasi Digital yang Siap Naikan Level UMKM Aceh - Komparatif.ID,https://news.google.com/rss/articles/CBMipAFBVV95cUxNQnladVNrN2ZxV0dYQndkdXlPSmtFVnJxcXNMb1BaR19TQ0YwN1JoNXNUZE1EWmQ5RzBfQkozZFFUZGZRQVVhaGNpaFZ0SU1hcmRmbVZpTWZFUEdxUUdmNHZRdURfN1ZRR2JRaUpJbE0ydDJpMmRTTDRJSDFxNnN6WTNzaW5UanIwM09qQktHV183LUcyeGplREx1Q1B4cmZYTUNJdQ?oc=5,"Wed, 20 May 2026 07:00:00 GMT",Komparatif.ID,ekonomi digital Aceh,google_news_rss
BI Aceh Dorong Pelajar Aceh Selatan Pahami Risiko Transaksi Digital - masakini.co,https://news.google.com/rss/articles/CBMioAFBVV95cUxQZzRVbC15SlNNeDQyMkJWQXp5WlU2VVZQWlRvV2hJX2lYYUFPVksyclVhWXo5NzFRakVxcXdHS05xSWtZZldISFRianotQ0c1OFp5REUzbDVRZkVlYmJIMEtsNWF4Q3VwVDFfeEg4MkpiT1pENU5BUVJsZGlackZKWlBkM3hZYjE4M04zd3Z4Z1ZQUmVkcHpjVjdQOER6c1dF?oc=5,"Wed, 22 Jul 2026 07:00:00 GMT",masakini.co,ekonomi digital Aceh,google_news_rss
Strategi Transformasi Ekonomi Digital Aceh: Menuju Pusat Talenta Global - BERNAS.id,https://news.google.com/rss/articles/CBMikwFBVV95cUxNaXRHYWxrSkU1YXdDU1h4SXN2R2JZYzZ3WHFHWFJ2SVlpeEtQVFRRN1VHYkFPNldsNTJSWGxaaEhnQ2FTUFZQWkZGS293VkhyOHRnU0l4b0x6ZGdBS3ItZ1d3UXkyRHdYZXRkZV9BcGpLTGlqY19sd09uRXdEWGU4RFp1ZUJhZUxtQ3M4QmxKamlqN0U?oc=5,"Mon, 13 Apr 2026 07:00:00 GMT",BERNAS.id,ekonomi digital Aceh,google_news_rss
Strategi Karir Remote: Transformasi Produktivitas Global bagi Talenta Digital Aceh - BERNAS.id,https://news.google.com/rss/articles/CBMigAFBVV95cUxNTE5QYl9RaWdCV2d4MEdHeURDVi1ZbnFkQkkxVHdmM011NWRONzJJVUZIeWEtR2xVWllMTGpLbEtmM0NwX2NMVWE1RFBOb1h0eXdiaHpmM1NTa0dNTFJRRl8xWHpTZ3Q0aGd6dTdEMUdKOUkxRFQyUmUzLWZ4aHBraw?oc=5,"Mon, 13 Apr 2026 07:00:00 GMT",BERNAS.id,ekonomi digital Aceh,google_news_rss
Berita Pemkab Aceh Jaya Raih Penghargaan Inovasi Digital di Serambi Ekraf Awards 2025 - PEMERINTAH KABUPATEN ACEH JAYA,https://news.google.com/rss/articles/CBMizAFBVV95cUxPdnFvejBfSFk4X2psMGVqWUM3cWpMOThNU0w2NEtCak9RUDFjLWw4cGdWV19pRXNNb2JRMU1fV1FLRkNnUWJhUVU5N3VMRkRwN1NyY3dZZjU1TGFCSm40MXZ3Q21yWkRUekxqaFNkS1MxbkphVG1SS294cGRkdUF0QXNMd3NucDZlNDVFZmtBWXM3UHhpN2hJWEhpT1JlUmRadGh0UU9zRnhoSzhkV1ByRGsyYWpXRWwzNlNiYm4tNWt1eGtxdHNoNWg1eXI?oc=5,"Sat, 30 Aug 2025 07:00:00 GMT",PEMERINTAH KABUPATEN ACEH JAYA,ekonomi digital Aceh,google_news_rss
"Perkuat keterampilan digital, Shopee-Kemenekraf latih 120 warga Sumatra terdampak bencana - ANTARA News Aceh",https://news.google.com/rss/articles/CBMiygFBVV95cUxQZ0J0Q0ZWVTFqVWtVN3loQ3RBWlJwQ3ZpTDlyRG9VRzdjY3ZUVWt3aVZGR1RrSTlCRS1kRmZsSVd2QzFkWkM3V0FWVmlUcjZTS0phaS1KZkx0NWtRbVBfZWdCY0UwV2lua1RZT05PQVR1UHVVRmFWNGlzYlUtaVM4eFVzNERvaUk2MkdNc2dQWjJVcWVXTHhNeXQ5N2UzTm5reFEzT1lGZGkyMHdGeWhuMk1DR2NFWG5Fb2h1ZVpiVWgyLVdZZGJOWHF30gHPAUFVX3lxTE1pVVE1bXV1blYxR3k2c0E1eG1XX21LREpyVWl5MXpPeUdJclN0dDdBVWtLc0ZTWWQ0V21MaHRZN1pHWE1IeGZTUzlTVm9xT0tjVnJXNWhGbjE0dUtCbnJfRGMxTlNTSjJUT0o4YkRqQVdaQWVLSVRQVGJNaDJ3bzduSG1raXp2akExb3E3NmhYcjlpeXo4VU1GSi1JM21DSkhYbEY2Tmw1X1RaN0ZJT3pXbWNaZHJqWW1PcEttRGRsSHJhSWVaQThfQ1FIZndtQQ?oc=5,"Mon, 31 Aug 2026 09:35:11 GMT",ANTARA News Aceh,ekonomi digital Aceh,google_news_rss
Ekonom USK: Program Prabowo sejalan dengan transformasi ekonomi digital - ANTARA News Aceh,https://news.google.com/rss/articles/CBMisgFBVV95cUxQSGE5THdNYkNBOUpGMk9oT0FZNVc4N1hXS1R6bVlLcFhIejJKOF9rRXVnZTJraUdadFJKXzNGMGg5YUFZWDd0RnRPRmhGRXV4RERINmRmTURWMnVvZlZpM016UEhYeTJMTkFmeWt0RERXXzUxRUJKcW1IaTQtMFozbGZqQXR2NmNmRktFNGJlanhOSGFjV2FQc3FXVzVPcWNra2VZNEprWnhXd3kxRGt5QnN30gG3AUFVX3lxTE5mZy1BamhhRDNrQ1dxbk9iVHk4WFhEcTVtVEVaVlN0UmwwTUtmV2VoZm10cXc3VUxzVnJiU3hoRVF4WFR2b3Z6RjBNbWFVdTBuX0JoODBIUl9lMlotb05LTTk4NmNUZ3h1NUdMR3pvemVjU1MxaDY0VGp4aHp1VHNJRU9zWTktMl95bDR2a3puamwya3V1TFNLNEVMNUZ3Y2E4Y21kbE1DbEFFaU13TG1GLWc2R2VrRQ?oc=5,"Thu, 24 Oct 2024 07:00:00 GMT",ANTARA News Aceh,ekonomi digital Aceh,google_news_rss
Ekonomi Digital dan Sosial Media: Revolusi Senyap - rmolaceh,https://news.google.com/rss/articles/CBMifEFVX3lxTE1ZUHF3VndiUkJCajFGY0tMcnkwbzN1SmMyVFU5UTRGSE9fVFZNQlpLTEFGXzlBLWlmS2VDaTQ4M1ZfTnV5b19xR0I5MmNud25mdE1sMG5xZnUtSUdLYjZaNjVQTUxYRm5KMEpyVjV2aFJscHdoX3VydHh5VUo?oc=5,"Mon, 10 Nov 2025 08:00:00 GMT",rmolaceh,ekonomi digital Aceh,google_news_rss
"Sektor Pertambangan Dominasi Ekspor Aceh, Capai USD 39,43 Juta - RRI.co.id",https://news.google.com/rss/articles/CBMisgFBVV95cUxPeXhteFZvTkI5OUlvMktaRXdibmpxT1pieXNDMFkxU0FlQW1hMWRQdjU1VDN2bnkxSXJCaWpkdmJJczRaQjVSanpDOTd2eVpZZEZXZGxOSHpkWjl6R2l0WE9yX056ZG1OcnN1a0dnWUhPdlM0dlZ4ZVhUWWxXeWpRQktXeVFmeV90YVZucldRd1J1cDlvSXpBNGp4Rkxid28wN0Y0ekRmMFVsMGNwNWNJMi1n?oc=5,"Wed, 01 Apr 2026 07:00:00 GMT",RRI.co.id,ekonomi digital Aceh,google_news_rss
XLSMART Perluas Akses Digital hingga Wilayah Terpencil Aceh - Kabar SDGs,https://news.google.com/rss/articles/CBMiogFBVV95cUxQWndzOW93WmJRMlBSQnVRbmNHdjNwcy1lSGI0U2pPcUtncmdtYW1uclNHQlEzd0NqQXN6cW1WamZKNzhzYXRhbl85Wmd3NGZnMDAycFVPZVdteEpWY2hqLW1PVm4yalRKNEdWM1ZFcGl3RS1PRE45Qy1ybFlkLUEwNVpLbmcySW1WZUhSaXlfQzlfMUVwYVNDS0R0VGV4TUdnNUE?oc=5,"Thu, 03 Jul 2025 07:00:00 GMT",Kabar SDGs,ekonomi digital Aceh,google_news_rss
"BI Aceh Gelar Meuseuraya Festival 2025, Dorong Ekonomi Syariah yang Inklusif dan Digital » - dialeksis.com",https://news.google.com/rss/articles/CBMiugFBVV95cUxPeFhHRHk2WnB5akFHem02VDhtZ0lXT1RURnYwTjloWm14UmZQM25GZ3F5Tld6Tmw0eGktTmNjaDN3Q3o2TUVGMUdEdXotZVdnVUxReDB2Mi1jem9oQk1mVDh0VzNrS0NwNkJUdE5RRGQ0V3BBNGV3a3RoS2cyVXFBTnVTcnhSMHYtN0tobDFXQjJfelRHc19qNDIwLTJFR0hqWDJwenRPQndaNk9rRDNQblNFQVBHaVNRYmfSAb8BQVVfeXFMT3MtYl9QeUdaLTJHUlJzZ1BkR1NxUVhkT24tcEZEcXlidk1ZcDVvazVmaTRvbTAxSmtMaUlaY0pOZktxZ2NpQWdGWVBGODlfM2RKRkpRUEQ5QjlFRURQbkhTTGltM2Mzcmpzb3lhZkdkVVZ1aHpSdU5leFJqdHVXYUYtOFhQZFdLSEtvTDdTLTc1enBXMEo3NEhybkRvME90cGl3SFFNblI2WllMWjUwaXhNYS1lOGhoRW5HVkI1LTQ?oc=5,"Thu, 25 Sep 2025 07:00:00 GMT",dialeksis.com,ekonomi digital Aceh,google_news_rss
"Aceh Barat Hadapi Inflasi Tertinggi di Aceh, BI Dorong Inovasi Perikanan dan Digitalisasi - nukilan.id",https://news.google.com/rss/articles/CBMirAFBVV95cUxNNGt1cWdwd1REckV5cjJ1Q0RKcTNQYlFnMkZDVl9zMTdzVm5fMklLY18zcUl4Z051RG0xVjlFcmstVEJlOGRlVExQaUVmY1BodERFLWJEWnJaUnVscWEtcG5kQXdxQ1o0Q3ZxMTBjUl9WTGdHZzNobmU2WWJxakoxV0RZSEhpZ3I4VFI5N1pudml3SXdqSnBNVkZYd21fd2VEdDJQT2VMTkNOZEdj?oc=5,"Thu, 31 Jul 2025 07:00:00 GMT",nukilan.id,ekonomi digital Aceh,google_news_rss
Daddi Peryoga Dikukuhkan Sebagai Kepala OJK Aceh - Acehinfo,https://news.google.com/rss/articles/CBMifkFVX3lxTE1jNkJYSlJqRHMwX0VDUS1pRlRoR0ZrNndNcDBpRlFsdHhIWjk1a1dFaGlwa1RQSFF5YnFWc2NCSkZEUFFGUTV4NTU3Q18wbFhRT0Y0U1lvekJSazFwTTdaSUV5NmxLYUxwZDBuemxFcm9RbXlsU3FwQjBKczdLZw?oc=5,"Tue, 11 Jun 2024 07:00:00 GMT",Acehinfo,ekonomi digital Aceh,google_news_rss
BI Aceh Luncurkan Modul Dakwah Sistem Pembayaran Digital - Sudut Berita,https://news.google.com/rss/articles/CBMilgFBVV95cUxQaVRYVkMyWHFveGxNanRRbXlPcW5tM1ROeG1iMGhHbUt0SHhTUFRQczdWSkFtRzdacmE4MFBCSG96TmpPaHZPQ0c5VmE0NU5jZ1VOVDU4Mm43LUZUUkZ3amhtS1MxR3VLYm5qTGJiMUJJaklXNkoyOVRjMEY5MHM1a0FZWHBFUnJGQU9oT0YzLTRNeG5SREE?oc=5,"Tue, 17 Dec 2024 08:00:00 GMT",Sudut Berita,ekonomi digital Aceh,google_news_rss
"Jelang PON Aceh-Sumut 2024, Bank Indonesia Aceh Gencarkan Akselerasi Keuangan Digital - Waspada Aceh",https://news.google.com/rss/articles/CBMirgFBVV95cUxPcXY2OU1lNzJLUU1fRmNOUWNZR3dqSDF6ZnBzc3o3ZVFEaExYWWlJY2drdlZXWWl4SnhLUnJ1cTBFVE44Sk9HeUI5MXRVa0IySkNyX19FdGJuSm93MlZ1SEp0R3BoOHJVakVnNnRXQWh4N1BOZVFpajhKcmZpaHAyWEpBbGRWWlNXeG9zVmxVVUZNYVJJVWNTSldqeFVDNzlHZ3F4VmNSbzlIampfQWc?oc=5,"Fri, 15 Mar 2024 07:00:00 GMT",Waspada Aceh,ekonomi digital Aceh,google_news_rss
26 Anak Muda di Banda Aceh Ikuti Workshop Ekonomi Kreatif Go Digital » - dialeksis.com,https://news.google.com/rss/articles/CBMioAFBVV95cUxOd3lGQlFNSlZvN1M3TTJxNjItblJTVmFhVzRHRzZNcXY2VXJNUDVpbGFuaUstTWR2d1FGaEE5dEtWNjd5a0RLdU5KSVo0WVpxVXJiMTdUNEROWDdLWU5UUFA3Q0VLYWVFRUNjdDQydXJCU1hqWkxEWEd0ZGZUejlXQllQb1RBQ19MMVB0UHc3MFFkeWR2YmVHc2Rtb2haSkt20gGmAUFVX3lxTE5EbGNETXcwa2pybExlVVJHS1FuSUxISHE5UTRxb3d6VHY0OE5tdmlYN1VwMmNVWWlaRDFIYjlaZVdDS1Fja1J1RGpvS2VTWTZOclU4MHc4bU0wWXlxWTZ1MmR4aFJEdmFnU0RNNWh3UmktZ2ozOWYyQkN4bUpJNE1nc04ySGdueUlQV2M2WUdwd2JUUFRpcElxVWJubGJvR3RFdEVfSHc?oc=5,"Thu, 10 Oct 2024 07:00:00 GMT",dialeksis.com,ekonomi digital Aceh,google_news_rss
Wamen Nezar Patria Dukung Penerapan Keuangan Syariah Digital di Aceh - Sudut Berita,https://news.google.com/rss/articles/CBMipgFBVV95cUxOcktBQ2syOXg1eXlGSVQ2R3FhWHJ0VGMzd1ZtMlY5Xy14NlR1akFuVDFBN2psLVJ0aWVldXU3MDM3bzdJNDJ0UzFFM2JRLTA4bmFyNThIbG40YlJtXzlZbUtGeTZxYWphVFZ5M2lQVXVWaWo5VTlTQWd3djZKSU1qRTU1cWV5eWd2dHRUYms3ZkVxdkZxbl9IU0VobS1oR2ltSFlGZVlB?oc=5,"Tue, 06 Aug 2024 07:00:00 GMT",Sudut Berita,ekonomi digital Aceh,google_news_rss
Sekda Dukung Penguatan Layanan Keuangan Digital di Aceh - Aceh Online,https://news.google.com/rss/articles/CBMingFBVV95cUxNd3NSTUFmQTM3VnRZamVmOFctM28xSlZmNUkyWnA1dUFSc3lYNEZLQ05RcnoxaWE4OE9yQlNpTm1sT3kzLTF6OUEtUDFlUmN5MTZnU19Jd3lUcWhIVDdTNGFkMXhiY1lrVjZUaFV2VGJiYk92RHBiM09zSC1OUVdmYnBVdHhqd2ZiaFhHMXRNdHpjOUZIaFNLMG5vVHRLQdIBmwFBVV95cUxQaEg1V3hlNnZXWC1FVU5kWi0zT2tJYzM1RFFGOVZ5ZnVNTVNOeEFLbkJCZzM3OUJDQmNsNlNaU1BodWlzSGlIUS1EcVo5aWtrSldDalp6OHpxd1RfdnZyQmItY3VYU2tuX0V5WXZ1RVFPRDFRTDZHU291OUtTYUR0eTdSc2Jxc2cxcGFZTEl3cXpLSDBoVnJCRmp6SQ?oc=5,"Thu, 10 Aug 2023 07:00:00 GMT",Aceh Online,ekonomi digital Aceh,google_news_rss
"Dorong Pertumbuhan Ekonomi Masyarakat, BSI Terus Genjot Transformasi Digital di Aceh - Infobanknews",https://news.google.com/rss/articles/CBMirAFBVV95cUxOVE5hUnItRGZUUjRqUEMyUnBucnlFU2hJMXRQLUdMR05qVi1nQ1lvMjU3OXJVdGlSSmVKWGNSa1dWelBFanNQeWNSMDVsc2xoZkZHVF8wZzMyMGN0MzZfZjg3c0NOM1FxTVdiOWwtWnQxcDVTUnAyR1dKVUVENW5TOVl5aHZRai16NHFxUF8xbGxDUUhQbWt1eENFY3dkY21MN2o5R0tNdW1tMkVt?oc=5,"Mon, 21 Nov 2022 08:00:00 GMT",Infobanknews,ekonomi digital Aceh,google_news_rss
Nurdin Luncurkan Pusat Talenta Digital di Aceh Jaya - acehnews.id,https://news.google.com/rss/articles/CBMilgFBVV95cUxNdHhRcHVybUZNN3Q0Vk9FNG5XRE1iakJrZkdNaEZUQWV5cnZRVndFUkw0Z1RMU2hjcXNPcjNnWDFiSVVjaDRWOUVLZXdMRGhlOFZfRlVrM3NSZ3hTZGRkQVZjVWVidzdwYVFiMUk1UVltZlBPSGU3LVJBZFhBeHlqdk1sdk9WamoxRzdEWlpBOFo4X0dYMXc?oc=5,"Sat, 21 Oct 2023 07:00:00 GMT",acehnews.id,ekonomi digital Aceh,google_news_rss
Shopee Gandeng Kemenkraf RI Gelar Pelatihan Digital Untuk 120 Warga Aceh dan Sumbar Dukung Pemulihan Ekonomi Sumatra - Seputar Sumbar,https://news.google.com/rss/articles/CBMi4AFBVV95cUxOUVN5a0YtNDNRcU5ZRTRwUmdSRUxtbWRzMlVLTTJOU3lsWEhybGd4QkV6eDFtV1BtVVYxc25zRExOczlXTmhfY1V2aGlUT3ZyYm1hMk9EZ0gwVE1aa3N4R0VzZVRVdVdxOHBlVmlqYVRpSmk4RkR5enhRemtqekJ6SFBhc3NMRG9TYzhYV3RIeTZqWDlXRFNfREF3UXNyWUFGSHdWbU84T0w4VkxsSnRvUV9qVjVodzJHYmF1cEZYN09aVjZDLWVzajY5Nmk0aWU0X0xkVnNtU0xaZDhYaHJTNtIB4AFBVV95cUxOUVN5a0YtNDNRcU5ZRTRwUmdSRUxtbWRzMlVLTTJOU3lsWEhybGd4QkV6eDFtV1BtVVYxc25zRExOczlXTmhfY1V2aGlUT3ZyYm1hMk9EZ0gwVE1aa3N4R0VzZVRVdVdxOHBlVmlqYVRpSmk4RkR5enhRemtqekJ6SFBhc3NMRG9TYzhYV3RIeTZqWDlXRFNfREF3UXNyWUFGSHdWbU84T0w4VkxsSnRvUV9qVjVodzJHYmF1cEZYN09aVjZDLWVzajY5Nmk0aWU0X0xkVnNtU0xaZDhYaHJTNg?oc=5,"Mon, 31 Aug 2026 05:20:57 GMT",Seputar Sumbar,ekonomi digital Aceh,google_news_rss
BI Dorong 413 Mahasiswa GenBI Aceh Jadi Penguat Komunikasi Ekonomi di Era Digital - Kontras Aceh,https://news.google.com/rss/articles/CBMivgFBVV95cUxQaUV4NlkzZ3NBMUVCa1l0enp5T2UwcVRJaXRVaWdQNk5GZzc4UnVWY2RNejdhRTE2WnB3QWFfYlFDQll1NGxmOFpiWVNfc1RaUlVrcHl3eG9RUUdsckVUNWZTbTBQUnE1VUFvdlA2S2Fpd2JrazdIN3ZkQ0FMSklscHV2Z09NYzB4cVhnSnJTbko5Z1JMeEU4RmlTcFVwVGtGdXNCNnU3d25YSGs0TjZLNUl5ZFNQYXgtTnhaQ0ZB?oc=5,"Sat, 29 Aug 2026 02:08:46 GMT",Kontras Aceh,ekonomi digital Aceh,google_news_rss
Kolaborasi Digital Bank Aceh-PosSaku Siap Naikkan Level UMKM Aceh - PORTALNUSA.com,https://news.google.com/rss/articles/CBMiogFBVV95cUxQUUt0bUYxekU5Nk04ekcyMnBOOHNMeGhVMzJHNzdmUldSUy1sVGxfZVV1VF90U3haMXgwX194bHREYW1BcWpLMFpKc0RPVTk4TTM4ZWFaa05YSUp5MWtvWTlwV0pfR21ISDQwckZhNkhlemVfMFFvdWtGcmdVUjQ2X2lnVmhyZ3VPUDRmR2JfakRGdXk5dUVHaDZGWTZFamVKN2c?oc=5,"Wed, 20 May 2026 07:00:00 GMT",PORTALNUSA.com,ekonomi digital Aceh,google_news_rss
"Usaha Teman, Inovasi Digital Banda Aceh untuk Tingkatkan Ekonomi Warga - fanews.id",https://news.google.com/rss/articles/CBMiqwFBVV95cUxQNC1FNkV1TTk3SzY5bGpYbjRQX09uZEhIUVZRTnBxYU9XRXE2cmJHWFdTeXA3ejBZV2VDZEtZMVg0YVNlNXR5eU9XbFk0QlJsTUp5RVlWSG5qZTI1OXMycVZya3BFT2cwVGR4bWpVMEllOTV0VGpwNFpUSkY4eTRJTkZvUVFSZW1BUWpYWjY0cG9FeFViVGpkZHYxNjdrZnY4QU1Ca2FJcG9OQWvSAagBQVVfeXFMTzNDSDQ2VDMzeXJpRlBNZTFRSmY5Uy1OOE5JUTUwOEdXLW9VV3JsZ3BiOWxTWnppWnZ1QVJ2Mkd4VnppWU5ha1dhSUJPcjlWd0g1V0hpLXFPLVhIYkVuLTE5b3BsdVhyVGlBNEw1cDlwSmd6VjRHWVN5a1kwLWxvYkR1c0FRNGNYVzZ4VWdfZmxYLUkwc04yRDZZaEJMalltdG1BeHVjQzFu?oc=5,"Sat, 09 May 2026 07:00:00 GMT",fanews.id,ekonomi digital Aceh,google_news_rss
"BI Aceh Siapkan Road to FESyar 2026, Fokus Sinergi dan Transformasi Digital - Kontras Aceh",https://news.google.com/rss/articles/CBMitAFBVV95cUxNM2FVZ2hMeTRydjBHMGEzMzV2d0FZcWp6ejJ3eUtRWEVLUlo0UEJ1M1pqMVpTTXZ4N0VwR25hWUVpcWZLYlI0Wm9IT2NudVJha0Y1YmVTRDZYTjNLTEJCMHY5M3RYU25SOXVsYk5XcnBhQ295NTAxUl9KLXB1ZWw2ay1RQkJ1WG9ERlZ2Z3dpYUpkeUVJcmtQTTVieVpYaUN1VkhlS0pZbVRTLU5DNkRyZ0ExeW0?oc=5,"Sat, 18 Apr 2026 07:00:00 GMT",Kontras Aceh,ekonomi digital Aceh,google_news_rss
Literasi Digital di Aceh: Ancaman atau Peluang? - Serambinews.com,https://news.google.com/rss/articles/CBMilAFBVV95cUxPV0RHMnhPb1NQdGtYSjJfbXFYUmlrdTJIQ2hvNS01WGFxemIxTVkzODM4MFM4ZU0wcEJUdE9VSVFKRUtyWjh3d0NkWXQ4Z3hON3p2bVVreXJmcVZHRmpjamlVaXBQZ3JEMXlDUUR4ZE1IaGlqaTR2NTc4UkRnQ3pEMHJxLWVwcVFpTlpHdHU1cDRDT0Rs?oc=5,"Fri, 06 Feb 2026 08:00:00 GMT",Serambinews.com,ekonomi digital Aceh,google_news_rss
"Aceh 1,6 Persen dari Total Usaha Nasional, SE2026 Jadi Momentum Perkuat Peta Ekonomi Daerah - BITHE.co",https://news.google.com/rss/articles/CBMixgFBVV95cUxNVTVCdTJIcVdpX1RsU3kxVlVrSXo2aVIxRTR3dlhtdmZxSVpublZXVWN6WW9oZktfV3Q3QUt3UzBvUnR6QTFndDlLQ3V3dFlJaFo0MHQtRE1nODQ5TjJZYU0tSTd0eVFMQmt5UUNGaFJXVThIcGFpdElqbHo5M25Ia1BMMWJGV3NJLWdjaVhla25YcjU0aDFFNFAtcHp1Ykd6c1dock94WWV5NkxSTGQzbTVVWmRHa0tFZFFSLUh2VEN4NU9NNmfSAcMBQVVfeXFMT1dKZ18tZ1BpbW1hUXlmaTdQNHF1V0x6Z1BnYnVHUzlzd3lETzl3VGdvVDlPVVREeXVvRVVkeXlGWHN4a09JaEtURm94UTdLWV9WU1dlNlpIYXB3WGJlczFsaG5PYWJMTEJWNTd5ZklFM0gxZHJfY3dTRG1RV1J2TkhPWlZ4Q3UxZHRDa0ptQlJ2MTl0QnpsbHRZOG9kZW9NbDFIanRydm9KQ0pGai01MkxyTjgxcklSSWJ0YnFhV3dSVGlN?oc=5,"Sun, 22 Feb 2026 08:00:00 GMT",BITHE.co,ekonomi digital Aceh,google_news_rss
"Bank Aceh-PosSaku Kerja Sama, Kolaborasi Digital untuk Naikkan Level UMKM di Tanah Rencong - Serambinews.com",https://news.google.com/rss/articles/CBMizwFBVV95cUxQcm5sZDdXZTdFaWZQenc3Mm5CemJYcmVXSmJaZHNSZS03V3NZUFFzcDh2Sy1aTTZTTzVhbm9tS3VXUW9pam9WOTBXa0RiMGczdXlMY2ZGSEFuSDM5TnM4U3BlRzJ0a2U3aF80MVlVZ2s4WEVtWkFURV9QaXIxR29PNWJHSU9RN1JManFYeTFIOG9kWEQ3LXRnQXVkTVlCNEJ0amt2NkxZbUlLelk3c1dRd2h4eUZhcFFYT3FzcllXTW56U0x1ZG83VmY1RzRvbms?oc=5,"Wed, 20 May 2026 07:00:00 GMT",Serambinews.com,ekonomi digital Aceh,google_news_rss
"698 Ribu Warga Aceh Pakai QRIS, Transaksi Sentuh Rp 2 Triliun, BI Ungkap Faktor Pendorong Utamanya - Serambinews.com",https://news.google.com/rss/articles/CBMi1wFBVV95cUxONWhLd0JsX09CREdveGhHdmYybmRoRWxhUUJjeWlhMjFMVVg4dGNtUEE3ekJ4Tl83Z1F3c01jckprcDNocThKZ1VYeHpOaHM4dVNSWnFKdGFrejY1OVAyWVlWaDg2VUd2M0M4UVhFeEtETlV0Rm1FdmxuYk9lZ1M0c281ejJXUU5TVG1ZbS1LMW9ZLUVHOVZOVTRZZjlVUVJDaUdoZG04SkRYejV5UVhCbXJCdlRDQmZPQk9VajFZZmVzZ0FvU2U4aG5TNUk5UHpiRzlKakNnOA?oc=5,"Wed, 05 Nov 2025 08:00:00 GMT",Serambinews.com,ekonomi digital Aceh,google_news_rss
Transformasi UMKM Digital: Disbudpar Aceh & PosSaku Gelar Pelatihan Ekonomi Kreatif di Banda Aceh - Serambinews.com,https://news.google.com/rss/articles/CBMizgFBVV95cUxNLW8zbnptRTM3Q2h4bUxST0tmcEJDdVI2LWRUUGxmZnJQelhLV2dRMTloU0NxUUZmOXBFbjVVRGJXbmdsdkNSRlA2X09xbHdNTXlFMkNSeVhJaENuVWMtdUtyUlhWQk83LW9IOG5Kc25hN25HeUhxWElHdzU4cnZQVnhqMmNxU19Cbmlxbk94X285N25nV2ItV3c3T0J6ZDRDekRZZkxKTjBveW4yMG1YZEdQY1M3clViTVlkT0NOdUtUYmFvZ3VBcWVFMDhNUQ?oc=5,"Tue, 27 May 2025 07:00:00 GMT",Serambinews.com,ekonomi digital Aceh,google_news_rss
Nudge Theory - Gagasan Strategis Mendorong Transformasi Keuangan Digital di Aceh - kumparan.com - Kumparan.com,https://news.google.com/rss/articles/CBMizgFBVV95cUxNQnFBQ3JHY1V5STBITHBtMFk2U3VKNERkampQZDdqTFlwTFE3eW45R2VYU1JRdVZ0T3hFRlZrUXdLS1NST1ljbVdjR3E5djgtT1FTT3BNVk1seGxfXzFfNkx4bWVvSEhRcW9SUzlyejF1TURjWHRtYzVzNmZjakxTNHU1emR2T3p2RXI1NVM2enpJY2xZeFFhWmNxcVl3NFNYa3JjY0k2OFpRY05sN1hWM1hkREtwSE1TUndMQWtQaGR1cG53UWNVWk1KNHFTZ9IB1gFBVV95cUxNaUlwRjdiYTlJRG9jV1lpSmo4RmRsaXJwZVdQcDJLTzN4emhSampWeDZSTGZneTJ1amFQaGZTdjVoTDVBRWJodGt4MlBvQlF2Zmgtbm5zQlB2MEYwZTY0RTJncnNUT2JDSjNPZ2FOeGZNVGxmUDJJVTZncG1wTzNlVGVNZkFnMmZOa0FybV9Pd1VZaHRtc2tLVV9DTHc3ME9IRzVQUTQzeThjaFlGaGtIMmpTWFpSd29IMVlTMHoxNUxVUENxdWY0d3BUbzRkdm1hdk5GSmJn?oc=5,"Sun, 26 Jun 2022 07:00:00 GMT",Kumparan.com,ekonomi digital Aceh,google_news_rss
"Bekali Kemampuan Pemuda, Dispora Banda Aceh Gelar Pelatihan Manajemen Organisasi Kepemudaan - Meuseuraya.id",https://news.google.com/rss/articles/CBMizAFBVV95cUxQWnUyODBUV2ZwdnByalRZVlFnUnV4VlBBMkVNcENPRHN5TklHRWp1RjRXSGF2NnN2T0JwNWd5TE5mOW1CcE0xSllLZGFUbTU4Vk5SZGZVQXNhN3A4a2lGMFYzbk05aTBhaHZfN0ZKSkh2UmMySVJlUVBJMmlYdjhFVkNBbkFEWUY4SjRSTzlVMHBJU1hUQ0szb3g5aDlxNEJVR3hjN1QyVmhCenZhNjJ6TlQ3ak1WZHd1YjlkZjJfQ3ExUU9vMUdheHZNRWHSAcoBQVVfeXFMTWlJb0RBVmRXX293dnRLM2ttMXpDUjJ3RjNMa1duWTBxTWVRU1BpMFZlNUsyM29rMVlabWwtRlhGQ0ctdG1XWGxPN05kZnRhU1BNcmJMajRwWWdHcmNXZGVrOUVaczNaTWI4U2c2am1BN3JibEJhaF9VSWtEXy16VnhhalJicmtWby14Ry1IVVBZSnV6REhTNGJzTVZhYnZFVlowNEs0SVU2RW83c0tFLUNUU2JYbzBvX0FNQy1HQU9IbVhubEhLYUR0UQ?oc=5,"Thu, 27 Aug 2026 13:55:20 GMT",Meuseuraya.id,wirausaha muda Aceh,google_news_rss
Gubernur Aceh Dukung Program AMANAH untuk Wirausaha Muda - republika.co.id,https://news.google.com/rss/articles/CBMiqgFBVV95cUxOSEJYRkowR0RjRkFpUWh0c08zZW1wc0FnVnRoWlRJTkw5SHZzMWV2Rm9wRkhhMzJpWWp0TEVvQmRKTVJiS3pjUk91NnEzd2Jwc2hGT25rZmE4TXpDR0dFQS1vMV9lYzhocnh6YllKbUV0S3VnR0NBc0FNeTJ2cXg1UnVYUnl4NURwWkNJdzFoWGhZbEtTQUk4aTdFMnhIb0gyNUdGUHYwcWNXZw?oc=5,"Fri, 24 Apr 2026 07:00:00 GMT",republika.co.id,wirausaha muda Aceh,google_news_rss
Pemerintah Aceh dukung eksistensi AMANAH untuk inkubasi wirausaha generasi muda - ANTARA News Aceh,https://news.google.com/rss/articles/CBMivgFBVV95cUxNeEpDWVBxWlVoeGtzZmlXMTlYYnYtYkxZYldFV2ZyeGVuMG5ZdTlGV0FwOUo1YmlGcDBHdVBJUG9QWlc2NXlrVjNtdExfWGFSeTFFQ1hjYTZ5aDdHSTJPR0k4WG1oMDZWVDhtbXdqRS1OV0ZEX1BtQ0NNZ2YtamJTMGFWRzB4OWU4UjlYUXZxVkpLMUNvMUFhbzY2eDNaUkRucm9xSHBFbVB5N2htTFpja2VQYS1Oc0hfRnYwcGl30gHDAUFVX3lxTE1HNVFKVjZtT2hnNDMyc3NzRllUc0hfLWZWNEJ0X1k4bkxmQ1dhMTNXUFV6LUJJZjNvZGdaWlRzMzZGQ2VZVV9vSDZoOFR3dDlfc0RORzc2OVlZbWs0NjRHWWhTNEFLWDlhU0lYbmxFc2xhM0lJX0c0VG1xYmM3SHI1Q2p4QzV2dnEwRUxsdlhTTDZxYVBtVXFlSTdiaHIyeGxNUldKNWU0cERfbXBCaUhnQjhmcXIyaUtDUjEtT0JNUndYZw?oc=5,"Thu, 23 Apr 2026 07:00:00 GMT",ANTARA News Aceh,wirausaha muda Aceh,google_news_rss
"Dari Pelatihan ke Pasar, Pemerintah Aceh Siapkan Jalur Bisnis untuk Wirausaha Muda - ruangberita.co",https://news.google.com/rss/articles/CBMivAFBVV95cUxQQW42eUl6VTh6ajJjMmtSLTBMaUJ4eGl1bHMwb3A5ZEtyVWcybHRuWEg5TWxqMk45UzJLdG1ONFdHMTVZMjI5TFIteklES0lJUUVDM3loU2FUQ19oNGdRUHN3dmJqdE4wZ1BfS2dGRGRub1JYWU5yNGRqR3FyUXZBZFNHUFNTMXV5NkRDZUZWQmFVMzlDU2Y4cnZldXBIS1dUaTlHWk9MUTVvR080ZXpTMnNRRHNYUTJDRXZnbQ?oc=5,"Tue, 05 May 2026 07:00:00 GMT",ruangberita.co,wirausaha muda Aceh,google_news_rss
"Dekranasda Aceh Barat Gelar PKW, Cetak Wirausaha Muda Berbasis Potensi Lokal - NOA.co.id",https://news.google.com/rss/articles/CBMinwFBVV95cUxOS1V3SGVJZDk3dzRzc2hmZVdzYjI5YzNNUXpqbTFCWWxuYUR0Wm5OTHRvZVZkUkFJT1VFbGdXb0QybmVwb2pkdzh5bjB3SHJ1X3VFQldHY0RnRFE3OGg4ekV2OF83Rm8tQVM3V05oTm1zTWY0M0dkVTBGNlpLaElGeTBPSW10RHNJRFYzTzVKRkgxMkdzWUFHNWhJcEUwLUE?oc=5,"Wed, 24 Jun 2026 07:00:00 GMT",NOA.co.id,wirausaha muda Aceh,google_news_rss
"Zulhelmi Ridwan: Sosok Muda Penggerak Wirausaha, Ajak Generasi Aceh Bangkit - RRI.co.id",https://news.google.com/rss/articles/CBMivgFBVV95cUxPN3d4d2E2Y2VFeEVRRjItRnNzZkZFa1B1aThJWFhkYVFnb2lQeE5aUURhanFYZ0tVZS0yaXYtQzA0b0UxTVEtUVZhTmZZRldiMzVzb1BtNlgwSzZTd0NXeHVBVzdCQVNpemtiN29oT0oxZVQ0SFRhMWdQRkM5SmZNa0JOajZkdkc1cFVfellrU3hRYUNNRWpBLVB3UHBubk9UTHRDT1FoLXVJS09GdDl0NWg5UU9lcXU0WS0zdmJn?oc=5,"Thu, 30 Apr 2026 07:00:00 GMT",RRI.co.id,wirausaha muda Aceh,google_news_rss
Staf Ahli Keistimewaan Buka Pelatihan Digital Bagi Wirausaha Muda Aceh Tengah - Prokopim Aceh Tengah,https://news.google.com/rss/articles/CBMisgFBVV95cUxPRVJEVFNSRUpYV0tSRjYtRUNRWWhVTjBaSUdwaERfMFVYX2pIR3dja2pmQk1SUUY2eTF3bWRkaW1hR2ctcC1UNlg5QkFtZ1V5V0lxUHBsMUxiaGozT0dTR2dZcGM5dVRPYVZtRFRBOUsyYlpRTF9CV2EyUlFmN3l2amdiWjNWLWVhQ3JEc3pEd3VwdExEc2JXV0QzM2FqM1N3WGN0TmhCN184aUZfaUxUQkFn?oc=5,"Mon, 14 Nov 2022 08:00:00 GMT",Prokopim Aceh Tengah,wirausaha muda Aceh,google_news_rss
Dispar Dukung Lahirnya Wirausaha Muda untuk Penggerak Ekonomi Kreatif di Banda Aceh - Diskominfo Banda Aceh,https://news.google.com/rss/articles/CBMizwFBVV95cUxQbDQweUcxd1p2QXpOd28yYlJLS2tlenhmdXlvd0Q3OFRTc1plSGhVdUQ3YVRLNU02T1RkRGxvMWJfcXJONEYtaENiaWFSVnN3Y09ZNTB4R0hjajRScnA3ZGRSS3RZcmFybkNzR2tyRWYxajkwUzE1aHRvdmFuTDY1NHk4QjVoalN2TDcxRVJESlBIaE8xR3VZalFwd3BsMjl6X0p3LUxfMTBpTW1MWWJaZWFvN2x1d1lWemlCeWhobjdROHFNZ2NNQklKNXZuSFU?oc=5,"Sat, 23 Aug 2025 07:00:00 GMT",Diskominfo Banda Aceh,wirausaha muda Aceh,google_news_rss
Sekda Aceh Tekankan Kewirausahaan Dan Integritas Pada Wisuda Universitas Widya Mataram - thejurnal.id,https://news.google.com/rss/articles/CBMiwAFBVV95cUxPVmdxOHNCRjB4aUU4bVA1a2F0Tlp3VkVuaG9Kd0hScWdvZzNNa2djM2d1UzZFVW9zdWI2NzhDeDFINGUxQVZMT1NhMW5WaWlvUllrOUgwZG13SlZ4V3c0WktsT2owa2FSV0FMa3F1N292VU5LNEVyaDRRdl9zVDNqS3pUOWlLam9Tb1lDcTd4TThvbnBWSEFwNDJka3I2d0VJM0RqbkJQQ055SGJScGdmcjE2MzBTaUdtM3NyT1FSQWE?oc=5,"Sat, 11 Apr 2026 07:00:00 GMT",thejurnal.id,wirausaha muda Aceh,google_news_rss
Dispora Kota Banda Aceh dan GeoAceh Jalin Kerja Sama Pembinaan UMKM - InfoPublik,https://news.google.com/rss/articles/CBMitgFBVV95cUxOUFRUYlVQbVVqajRnR0VJNVVEMEJFRVVuTS1pUWplbFFXaEc5bVpHemxoZ0JKVEUzM0RQUmpvSmh1dHJIcDFyRDdpYXdzejdYeERicTBJUldPaU9uM0pRV3RPYlBIOWh5TEFOY0RIMWZKU0lfWExYZE1pNnZlM2VlTEJBa3F5c1lPakNjODk3UEYwWGtyVjZ3QTZMS1FzRTh3N2FkbUZ2LWlOYTdrRlBZYXRrRjQ4UQ?oc=5,"Mon, 03 Nov 2025 08:00:00 GMT",InfoPublik,wirausaha muda Aceh,google_news_rss
"Wabup Aceh Barat Hadiri Pelantikan BPD HIPMI Aceh, Dorong Pengusaha Muda Perkuat Ekonomi Daerah - atjehterkini.id",https://news.google.com/rss/articles/CBMiwAFBVV95cUxQV3Z3b1hoMVNBZHlFbTd2VURKTVRndW9ieExPZm1Ed2ZSQ2RRdDV2OHdVOWtuUC15RGxjVWdTbnVuamxWb1Y0ak03enNWT0Z0VXVyWlVuMXBDQ1JvMS1paVl0M05lNWd4VkQ1Vk11V0lQb01RMU9DMHJRaW45aDZ3aVRCS0o1VTN3LTRlUlNueHF3cmo3YUc5STVJNnhuUHlvUVNfSVZILXdMa3k0Q3JwVzVxa3YzN2M4aklUakRyUnc?oc=5,"Mon, 03 Nov 2025 08:00:00 GMT",atjehterkini.id,wirausaha muda Aceh,google_news_rss
Inkubator Usaha dari Sekolah: MSBS Tumbuhkan Wirausaha Muda - Baitul Mal Aceh,https://news.google.com/rss/articles/CBMivAFBVV95cUxOS2JKYXpmQUVVMmNRLXE3NGJPVGVSVjJ3aWVSQTdBdEUwRHFVTmYwRlk1M3QyUFJubVV0SXhQQ0ZXZmkzQjdvUXU0ZnE5cUFLT0tsdll3T0Z2ZER3VHVmcTdNdksxWHFpMzhHem9WcmFBckxnX2hjMnVSek5BS3dJc1pBOE9lLWRtVGwyZFpJX3ZUV1pBaUpnSEJEZ09hVXRTeFZhY0xBazF2RE1TNGIwbHZNLTQ4NmZ5dmNFWQ?oc=5,"Wed, 11 Dec 2024 08:00:00 GMT",Baitul Mal Aceh,wirausaha muda Aceh,google_news_rss
BSI Lahirkan Bibit Wirausaha Muda Unggulan Aceh - InvestorTrust,https://news.google.com/rss/articles/CBMikgFBVV95cUxQNnBSLWEzWEotNGpqWC1WTnpUaEY4cEt3SnBFNnZtS1RfUThsMmozMlhHOFZUTmhqRDZzU2UtWEhBaGJrWE1zQ0xEOTZoQjA4NXJNb3hHQVdlSXY3M1FwaUtGeDNHWFdFbklzVXZsQ1NkUlczYkVUeWVLR2RtaS1UWmhGbWFqcmJfdnhPaEFqQk94Zw?oc=5,"Sun, 27 Oct 2024 07:00:00 GMT",InvestorTrust,wirausaha muda Aceh,google_news_rss
160 Wirausaha Muda dan Pemula Ikuti Bimtek Peningkatan Kualitas Produksi di Aceh - AcehEkspres.com,https://news.google.com/rss/articles/CBMivAFBVV95cUxPUDNicEhlQnhURkthbVBrZVlRMk5TTHhURENIOGhZdnprU0xzUmpqOHhXM2VLdlVBbUdLTmotMWZWT2xpSGYtS0M4ekp2S0xodkswMjlDZjJ3SG1QY3RqVF9qRUVWZHlMMTVCMjN6R2loMW9acGpBWXkyWDF0ZHhWYVpYQkUyWm9JcHJrWVU1QmdaUFA1clpPem8yV0ZfS3hkUFdNeG5NWTFGZTJ2a3Yxc2FENVphclRaQV9lOA?oc=5,"Wed, 18 Oct 2023 07:00:00 GMT",AcehEkspres.com,wirausaha muda Aceh,google_news_rss
"Untuk dipilih jadi terbaik, 25 wirausaha muda Aceh presentasikan produk di BSI Aceh Muslimpreneur - ANTARA News Aceh",https://news.google.com/rss/articles/CBMi1AFBVV95cUxONkk1Yk9pakY1d3pvd3c2MDRiX0RKQmdTRjlZbUhlSHJqNzJtR1kxeUJMdXB5M0ZTbFlGTVYxLXpSazU3WEtJeHhfU3lkZS1hbGFybTI4Z3RTSzFrYjh6YTZENGJwU2pfSkxZX19JdmtXQ1lkWDFXc2VyY1l0MlNrNXlscjJHQmtUZjBEakxXQVdPWTMtdXZVLVhXUy1wbzAwWDZ2Rms2T3c4enpIc2dOa3JtMnZhcWtzT05UWWR6MVQ5T0dXa001U1EtM2xrZlppT0VCd9IB2gFBVV95cUxNOGE1MXozNG5IRXJNOGtMQWpkZUJzS2toTmdaV1V3c0VlMlp5RkhqcHpSV3JiVVFKbzVkZ1pxZl93MzZyX2RYd0t5dFNhaTJpWS1zTUh2ZXkxUUQ2ejJDYWpmYWdkemgtd3hyVHliaUFsVHpiSEF0akZqSDQwcHFqRjRnRGQ1eFFNYXJqVkt4d1RZOWdfTDJKdUtWUFJUVHZvY3FsdW5TR0VXOXQtUERFeTdzWVFxNGYxRG51QTduWG5UMGg1bWROTi1DRUo0Rk4yT1FkVVYwczdwdw?oc=5,"Wed, 27 Sep 2023 07:00:00 GMT",ANTARA News Aceh,wirausaha muda Aceh,google_news_rss
Zaza Abizar Dorong Generasi Muda Berani Bangun Bisnis dari Nol » - dialeksis.com,https://news.google.com/rss/articles/CBMilAFBVV95cUxPdFZDWWd3czlheVZkMzBaOWQ1NW0yVjZXYWlPemt0aGRwRktKX3dQbmJkU1A5cWlKaE5Sd21kbWZRZi1Cb3owNkp2eURUMDlnaVVQYzlBVHgyT0xwOVhveXZTeUxvM0FxVjRUdjZxZGRxMzRKMFFiWXBjZXJ3YXZMU0JFams2ODRpSk9NOFRZTU5zY0V20gGaAUFVX3lxTE9KWmdXdUxKS0lUYnN3TXlSSGV3N3N2dW9ScTd5SXNjMGFhZ25wUGtsSkVhQ0dKWFF5cXdNZHNfV0xfcHkteFpDQ2haTC1hd0pJbGJpcVZxMmZmd1pfMDFfaklXemFEOUxBYTRzQ29lUUlMSU10aXpfclNGWTZnLWpGQjFhRUdidl93YTF6NDVGajc4eW95TXdveGc?oc=5,"Tue, 14 Oct 2025 07:00:00 GMT",dialeksis.com,wirausaha muda Aceh,google_news_rss
Pj Gubernur Bustami Buka ‘Aceh Entrepreneur Expo 2024’ di Subulussalam - Pemerintahan Aceh,https://news.google.com/rss/articles/CBMitwFBVV95cUxNaEF1bXVEcDBJcFRGN2JYNTVaNWZDM3dVb0tXVVlTTDl6SEpTTkpZWG0tenhBYVdFXzlCNzUtd1VuVlg2cDNuUFUyMHEzYmo0TVdQOC1GeVVlN0FBQUJ6QzluRVVFTHgzUWNWMXN3ZzJzTHM1c1BNVUd1RWFheEticEFlcTBmak1YcTBaUXJVTkVQNWk0TnlJbkU5YU92MVFhelRpbEMyTFdkRW90SkMxY3BLWXk1UUE?oc=5,"Sat, 03 Aug 2024 07:00:00 GMT",Pemerintahan Aceh,wirausaha muda Aceh,google_news_rss
"Jumlah Nasabah UMKM BSI di Aceh 108.029, Total Penyaluran Rp8,43 Triliun - Pemerintahan Aceh",https://news.google.com/rss/articles/CBMiygFBVV95cUxNcXFPX2R3SGVKSTA0WEExU0dMaXhuY3NnM0hoYUNITE5PdU1wWnJSbF9UMENyYndEZjdHVWxSOHdoOF9FQWd6YnhmdGxmcmtFRnFmZk5lWVVPVk81YkNVQUFXRnVJRU5LdHhabm5RRnpEMEVWSERQTW82TnY5cnhwZVN0VkxIZW9MUE15MENIdllBSWhjWm53SjRUdHZZbkhvbEtTLWVaUHNnenhhcGJTREkxN0JzY09xbE91R2RUTUpSbUtHTndlcjZB?oc=5,"Thu, 30 May 2024 07:00:00 GMT",Pemerintahan Aceh,wirausaha muda Aceh,google_news_rss
"BSI Kembangkan Wirausaha Muda Aceh, Siap Tembus Pasar Global - RM.ID",https://news.google.com/rss/articles/CBMiqwFBVV95cUxOT2FnV1pKU28wSW9mNV9JMDhncThvTmFFWDNFRUtjV3U0a0hKOXNWdWtDRGtlQ1QxVUhmVGw2UFl3Q2RQV0o5VXQwTm1qb3ZMcllWbU1YbzgxOHl2ZWJHLTUzbHVBOTU3NEpnd1FtWGtqbXZ3RF9MQUVLZnBwaTNFZDMwLUEtY1NtOU92dk9wbFFYUzJRbVBBUUN2LUQzZzY5TXBieUdWVEg3aVE?oc=5,"Sat, 26 Oct 2024 07:00:00 GMT",RM.ID,wirausaha muda Aceh,google_news_rss
USK dan BI Sepakat Kembangkan Ekosistem Wirausaha di Aceh - usk.ac.id,https://news.google.com/rss/articles/CBMiggFBVV95cUxOcEJpY2NFaVRITThpRXpJcmFWc3Z0dVdNQWxIeWVNMUp6MzFESmNJZDZnajJ6SThMUDBTOGMzM2laTmROT3lySzNKQjBjbm1pSG9iUHlOZk1CTVZwbFA3MW1MdnBQNEV5WXFOMVpVRTZTV09SM3oyZXdMYjgwcnQ4azBn?oc=5,"Sun, 18 May 2025 07:00:00 GMT",usk.ac.id,wirausaha muda Aceh,google_news_rss
"KDEI Taipei sambut kedatangan peserta petani magang pertanian, Teuku Musrian Wakili Generasi Muda Aceh - Kompasiana.com",https://news.google.com/rss/articles/CBMi_wFBVV95cUxQSzN4Nm4tZ0lxUGRQWDBNbVZDUEVpNlNJT1pkWWlnbXV6SFUwVTI0SUN2WE5Id0dZamVmWFZQSjBjTm01U250emdEZDRadE5ubFFWMWo2V3FiTjZOY1F4emdseWdfQlptSVk1SzN6YkhnU3V6cFFlZUd4YWJWXzlHNmtJcmtrTFBVYmE5bGZKajlIYUt0TmhhTWJpdG1yZHNQTFhkTlFJZk5JdWRSazJrc1dLbzFzd0t6aTZFd0FkUHBCWlA2UWZVdEkxenJQSU5IVFVOVEtPU21MSmNULU1yUkRSR2hWTHBZR010RzlpVVJ6V3l3UnBEeXc2VjQyOFU?oc=5,"Mon, 24 Nov 2025 08:00:00 GMT",Kompasiana.com,wirausaha muda Aceh,google_news_rss
"Wujudkan Wirausaha Muda, USK Gelar Pelatihan Legalitas Usaha Untuk Mahasiswa dan Alumni - mediacivitas.lkppl.org",https://news.google.com/rss/articles/CBMiyAFBVV95cUxQOVZIMjlMRzd1U0R0elZWVTQxdWZROGl0N283UkFRTjg0QWdiZ0U1N2F6NElYRzRJRHZZLXBrLUUwVDIyS0R0dnhKWWhtWjloR2kxWTVTNjExUUdOcGNyTUlpcmNxOUtmUWluazQzaFBQeWo5QzZqbmQwTDgtWnIwblFBck5FbU1Cek1UTWpCbjVFVmYyb2h2NHVyVmpRcGRjbFBVNUgwRmdrS3AzY1dEMVNBQXU5UTNLcTd3NHZ3MUZFTHptdTJIZA?oc=5,"Tue, 24 Sep 2024 07:00:00 GMT",mediacivitas.lkppl.org,wirausaha muda Aceh,google_news_rss
BSI Kembali Cetak Bibit Unggul Wirausaha Muda Aceh - Aceh Online,https://news.google.com/rss/articles/CBMilwFBVV95cUxPVEc5Nl9UdzU2Ym5wcmJzN2xqTzVueUNoUG8yQWJmRm1TaGpEMGtLeWNkTHF1XzJwX1hGb1JOM0xjMzBjbnRyY2pkNllKUUVlSVFWU0Nta0VKMDVjUDRKOURlRlhEUkxkT2xzalg4X1Rtb0draU9VTThZZFVtcGo5dTdWQ1BQeV9zZ1NDdVJ1UGJoRGk4Q3lR0gGUAUFVX3lxTE95TUZ2RlZURHdtSlRkWU1YS0o1NVdhRnVUZkExNXNRVUZVUnd3LVdnR3hCUDJNWjNNX1FQSUxhekRuSkhXcVUyOEdMRGNueno2Y05NblFiQ0w1aVRZOEU1eXF4V01FUGVaTmUyN3hhTVhpNXJwTDk5UTMxdW5wbWIxTXBwTHgwWnFseWVjaHVrYXY3WG4?oc=5,"Sat, 26 Oct 2024 07:00:00 GMT",Aceh Online,wirausaha muda Aceh,google_news_rss
Pangdam IM Apresiasi Generasi Muda Aceh dalam Acara Awarding Aceh Muslim Preneur BSI - kodamim-tniad.mil.id,https://news.google.com/rss/articles/CBMiwwFBVV95cUxOT2ZndjB6N1NTZTNhVmZualpOZnBzS1BoeGE3YjNMdEVGSi02eGlMRDhBM2d6c0s1U0dULWJoY0JVMGhXUnRVVDJZUmtFdGtzdlhJbERkdG1LVVRoeTgzZE5qN29yZ3FHYURJQ3VOUEhxQmVPRzFYR1p5Q3lCUUJod2JhdEJLVzlNRDhFeFJTQ19LbFFvMGFnUWtIa1ZjaFpyS0lES0NSemZwVG9YVmZEZUdJdnZYMEFHQS1qbUhSVVI0S1nSAcMBQVVfeXFMTk9mZ3YwejdTU2UzYVZmbmpaTmZwc0tQaHhhN2IzTHRFRkotNnhpTEQ4QTNnenNLNVNHVC1iaGNCVTBoV1J0VVQyWVJrRXRrc3ZYSWxEZHRtS1VUaHk4M2ROajdvcmdxR2FESUN1TlBIcUJlT0cxWEdaeUN5QlFCaHdiYXRCS1c5TUQ4RXhSU0NfS2xRbzBhZ1FrSGtWY2hacktJREtDUnpmcFRvWFZmRGVHSXZ2WDBBR0Etam1IUlVSNEtZ?oc=5,"Sat, 26 Oct 2024 07:00:00 GMT",kodamim-tniad.mil.id,wirausaha muda Aceh,google_news_rss
Pj Gubernur ajak anak muda manfaatkan potensi Aceh untuk berwirausaha - ANTARA News Aceh,https://news.google.com/rss/articles/CBMisAFBVV95cUxONWtlSTFEd016OHN1WURjeUV0cDdqTkNlNlNBVnJDeG9OY3JPQkJEMWhQTnhLQXlJVmJXblEwdDVNUTJfdjlTdkNpNVBndGZWNU85UktnS1h0d0pNeUM0dVZDTXFxdzNYdWdLX2ZXZjh3YVRxanJLdXhWa3dvak0xZjJUWWdCdTJWMGU3bEZOR2dyeFlwTk9mQWp1YmcybG9nczhlQ1JiN09kbUNpc00xRNIBtgFBVV95cUxQbFNqdHRRSnF2cUQ2RHdBZ0U2WmJBWDNwbDRHeHlGbjU1U3lTT2xiQWJPZjFjMXVBQUI4RmlxdTRhazFXdGpzVnlJTlZaMU5kNXNFWEhHYUxocGp5RjRBWTB6TXFLV0QyQVFFNFJjcW1MQ3hFWUdyb244ZkY1TXZyaVZ5enMwOGU2LVNNXzM2X2tDMGZKZ2ZodldiNi1BZG92UW5QRExteGRNU0MwLXhhN0pDY1VEUQ?oc=5,"Mon, 09 Dec 2024 08:00:00 GMT",ANTARA News Aceh,wirausaha muda Aceh,google_news_rss
Ini Bibit Wirausaha Muda Unggulan Aceh dari BSI - Waspada Aceh,https://news.google.com/rss/articles/CBMifEFVX3lxTE1VZ3RZY21WR0Y4Y2pQTzUyVE53cmNPdkg4QmlZVEdiODlWV1I2SXFIZTcxX0M0b2IweEY3Qm5FazZmS05NejJCdFR6cW5SNFdOWEVQYjkxaEo0LVNsa0VGZUJQU1cySmU2MXgtblJUUWNNYWFtZjFMdFdiTDg?oc=5,"Sat, 26 Oct 2024 07:00:00 GMT",Waspada Aceh,wirausaha muda Aceh,google_news_rss
BSI fokus dukung pertumbuhan UMKM di Aceh - ANTARA News Aceh,https://news.google.com/rss/articles/CBMiiwFBVV95cUxNaEV1dTY4VDQ0WmluZHNSX1owRzJhVWdTc0FQZndCcUZXRUlsaTR3b09vcjdLODZhYUJPem9fZTVBUFNkeGxWYktIUks5V3ZYVEJBVFNtQmNoanlObzUwR1ZuSWJ1U0lkS1ZqSlp4SkF0SjB6S2ZlQUZnOEc4RW45ZFBTVEM4UjVYU0NF0gGQAUFVX3lxTE03bExXVEo5d29qbUdrN0syU0k5LW1uazA4ZGFKVjZYRkRraTMzNWpqa2NjQl9EdHhjRnZkUkVoOUI5cHhBbHJuaEpDUmNNSk5vVGhxbTJEWDB0NEtSWWMwSW9hcC1aR0xFdThEeDBOd0tqa1BYOElYeV9CeU0xZzg1c21lWE1PeE1xMDA1Q1Zzaw?oc=5,"Sat, 26 Oct 2024 07:00:00 GMT",ANTARA News Aceh,wirausaha muda Aceh,google_news_rss
"Tingkatkan Minat Siswa, SMKN 1 Kluet Timur Gelar Program Wirausaha Ikan Nila - aceHTrend.com",https://news.google.com/rss/articles/CBMiuAFBVV95cUxNamR2NkFqYUlzTWtqMEtGVllYZ0NOdllDaVkyWFdnOER1M3ZTVW9hN0lkZ2JjeHdNYlpKZEpfVmFsQTBQVW9obThpRHBiaFBTLUpSQVhnVXF0MEhJMTY1a0psMHYtd2JEdzFtNmo5NFk0Tl9JenFkbFJfX3RQWkwyc05fcGhWdU9mamhoUUhaU0QzN1IwS21wQ0VvTjJSaEFpUVoxYmx2ZWkweXZicTNCemFoVVRlbU020gG2AUFVX3lxTE9pOGp1NE5NSURuellJNEVUZUNjN1hhVGM2cTFyTDdmV2FUbW0weEZBTUpobUkwaW5DTjVSY05KMGdLOTJNeEE3X2NWdF9qekJPMWQxcjJQSy1ZdE1feGUtQjZVZVFFbEYzODRjdDU4M0w3NXFmdXZGZEUtb2NmMnpRd3o0UFUwRGZPdDBTRzdGUWtmRUhnMHE2ZzRJYm5Qd09PNmpMQ1h3eVFUQS1ma1c4c2Z2UTNR?oc=5,"Fri, 19 Sep 2025 07:00:00 GMT",aceHTrend.com,wirausaha muda Aceh,google_news_rss
Diskop UKM Aceh Bahas Kewirausahaan Pemuda dengan Unimal - UnimalNews,https://news.google.com/rss/articles/CBMiogFBVV95cUxQRXpiTjRJRGprMW5ETVhkaTlZUnZ6TFkwOFZyRVV1eTZSTm1YR3NiMFJjY3NCczJNVHV1RV9mTTBmX09JSUVYU0x4WTFfblJpSHRHU0dxWUJiWF9xQkExempkVXVNekNiMnNkb3FTZVZuUDdXZkhxbUNSRnpiWm9uRGFBS09LMGZKUFpaNTEzdXUyb0cxd2pRZmQ1WmNjOW1uT3c?oc=5,"Thu, 02 Mar 2023 08:00:00 GMT",UnimalNews,wirausaha muda Aceh,google_news_rss
Pemuda Muhammadiyah Jaring Pengusaha Muda di Aceh - Suara Muhammadiyah - Suara Muhammadiyah,https://news.google.com/rss/articles/CBMimgFBVV95cUxPV3RYQTlNVXBzUVhndkdNazB1WHJJWnFkNXJLazdIb3VsSmVfc2w1Rks1a0ZDcUlRRVlvOGZyc1FqbDV1WUtDc29rWTNBT1JzQl9LOUgybGxaaVJ4dURDdE1CMGdqb05rNVVpRUEwVWFKRnlpWE9jYy1pTzZoR3JOOUpPR05pVHlkbG05T0ZsaG1wemlIM0ppMnRB0gGfAUFVX3lxTE01OVRBYWZXcGNic3Q0MnQzOFhrM2l5V0hkTEpEcEx6MktKVEZhUmhHd3BYbWZHb2ptM1JaT3FGeWF5bHk5ellEMVRFSHVaeFRMZGY0N3FQM0lQVXpMRlRkbjhZaGc3dmVmVUNrYWRGRFRkdHpMZkYxa3pNdlhmVEwzWG4xVllURzg4S2lvVnZPbUZib29yWTVRcTRmdS13bw?oc=5,"Fri, 21 Oct 2022 07:00:00 GMT",Suara Muhammadiyah,wirausaha muda Aceh,google_news_rss
UMKM Naik Kelas Bersama Wirausaha Muda - republika.co.id,https://news.google.com/rss/articles/CBMikAFBVV95cUxPRWl0ZXZ1WkZ3YWFMUWZza01jdTVBRnZYcG84UUY3TS1FWFdPeHU3Wm5namMzamxaTEJ6UC1icC1NTnFORDNjVXZXNVdGY0ZNWlFacXd3X2lSSGNVYjBRMFR4VkNjRWI1S2JuM3lQaEs0ci16LUNHRlI5eXdXWGUxS0RSWkNPaE0wTlp3UFlCYk0?oc=5,"Fri, 28 Jan 2022 08:00:00 GMT",republika.co.id,wirausaha muda Aceh,google_news_rss
LIB UBBG Lakukan Workshop Pendaftaran Wirausaha Muda Pemula Kemenpora - aceHTrend.com,https://news.google.com/rss/articles/CBMisAFBVV95cUxQakZrX0ppcG5tU1JwRzYxV1A1bGdRY3hPQWs1Tnlxdkp0NlZDNXZLemFqbFNxc1FMY2k1aXZFRzFNTEZST254M2hvUGdtdHdWdXNTc1BqN2hacDh6VW0yOUQ2YTNrQURLY0s3WHh2XzV6YlNwMGJJZnd6dWFWYm5oX3B2bTBkNEFGa3c5ZTFmZ05DSVdfdEMwRkZxb1lBWkRaS09tZ1JlLXJDdHU0UmZtMdIBrgFBVV95cUxNZkp5Yzh3TWJUUzNuWkZzaGdlQXlqQ2tid3NjWU5ZM0pyQVZzUG9iRFF3bUp0bzJQb2V5OEFyN3U4YUNHZ2pHeXNHUWEwRXhfdnhYMEJaRk93RzVGWU4yendyMkF3MEVvS0RIeTNiZUJOV2g0QUI3VFRnNjE4UU1OMWxiRTBQQnNURzNPa0NtdzBBOURyMEJkaHdicGdlMTR2LV9VOWxoWjd1Umlma0E?oc=5,"Sun, 12 Sep 2021 07:00:00 GMT",aceHTrend.com,wirausaha muda Aceh,google_news_rss
BSI Aceh Muslimpreneur: Generasi Baru Pengusaha Muslim Aceh » - dialeksis.com,https://news.google.com/rss/articles/CBMijwFBVV95cUxNZmt0dUZoVmF4MmZqb3FnSl96cDExXzRUdTVBMHBBQzZtZUtablBBalNPRk9lV0gtdnhETmNmT3k5WUtUNG5iNnhDeXFYWDdEclZhMDcxMW1ITUhtalNxUWpSZVZVeHZab2hHQ1MwOWlUMXFQRk5NM0FUR0MzTHhraERXQnBGRkZDS05XNUxSTdIBlAFBVV95cUxQOTEtU3NKRVhHX1JJY2VCU29ub0VpZ1FBLWxnc3IwX1FLTzJsQTlNdU1HQ2FOLXRPa2N1Y3BieUloSHM4TEJUSUU2dFQ2Zm9oZUVYYlhIRUhmU0R1UVdGRWx6ZTlDSDNySjZJQUVXeHFIWm4zdnJ4YlhzOU1pUXNTYkJ0OEZPSUpNT21wM0N1emtfUV9T?oc=5,"Mon, 07 Aug 2023 07:00:00 GMT",dialeksis.com,wirausaha muda Aceh,google_news_rss
"BSI targetkan 8.500 peserta di program talenta wirausaha 2024, total hadiah Rp750 juta - ANTARA News Aceh",https://news.google.com/rss/articles/CBMixAFBVV95cUxNbnRiSUdRanVZWXliTmE2ejMtOV8xMjdEQ1RTVUlwYUlHdDJtdmhVZ1JIekRtWno1b1J2OTVYcXh2RHZGTEVWOVdhTDR0QkpXcnJRd3JrMUd6enhWdVAydUJRUi1qU3BCYnAzOXo4dzVuemlGU2ZNQl8zN3pEcFdfVFZjbkF4RDl3TTlQb3ZIaTQtb1JGcGY3VGRWNnN0RjM4d2NiNFZxRFExSTFXekU0MzZDbVhsMjRKVVFXNWdHckRUdTFl0gHKAUFVX3lxTE1pODBiem9RNVhZYnlLV3lXVDJUSE84azVtOFdySEcyMUZqWHlVN2RocjZOMGhjUDBCVEVlTHpUeW1NVC1TMlk1RXJQNWF5Tjkyc3pZWGNYUnhqZWNLcTJXWE83MnlpaFpNQlRleG4tMGhqV2FUZVh6c1lTZjB6SmxtT0ZNMHZKb1pRZFNtQWE1cEV6dkRBd2V6VEFJQXdSdzRuYnVBQlU4Skp0cG1jWWRJZS1pQ09pSW1UaW5sSXFvVWZqZ0loZDN2UUE?oc=5,"Wed, 11 Dec 2024 08:00:00 GMT",ANTARA News Aceh,wirausaha muda Aceh,google_news_rss
BSI Dukung Kewirausahaan Lewat Talenta Wirausaha & Aceh Muslimpreneur - MetroTVNews.com,https://news.google.com/rss/articles/CBMirgFBVV95cUxQUWk0QVFyZHV0N0l5NThSTElQQTdhSGR4U2lDY0JvWmhORU9oUmwwUXJiVERyMmxRc0Y5eFlYUHRyX2xwRVpST2hycGFnMHdjSVliOTZxS2NFMkJpM3BNN1oyTHhubXlBcGYyb3B3REM2Qm5USXVhSnpGOHNfUzRQbXZ3YzlPSXdqMlRMUmpFeDlLangwaTZRRUNXZWtWSHpSM1cyMjFaRkNIXzl5V1E?oc=5,"Sat, 14 Oct 2023 07:00:00 GMT",MetroTVNews.com,wirausaha muda Aceh,google_news_rss
Yang Muda yang Pengusaha - Kompas.id,https://news.google.com/rss/articles/CBMiZEFVX3lxTE85ei1Fa1dacVNQbldiMTZZbnRBYXIxaGJsc2xWYmFoaGl4bkNlN3cyc3ZsUnUxMW5NVTk4em1ucnpSMGZURW9tb29hQVZPT2tfRENTRkg4RThqLTdOSVhaUHZORGs?oc=5,"Wed, 28 Oct 2020 07:00:00 GMT",Kompas.id,wirausaha muda Aceh,google_news_rss
"Talenta Wirausaha BSI Mendarat di Malang, ada apa? - ANTARA News Aceh",https://news.google.com/rss/articles/CBMilAFBVV95cUxPYWZDTVV2TkRIMnZGSjRzR1RQR0lwTkZvVGFEaXRsYmpLcS12bFNhWlZrWWRHTmItMy1pSDVqVEhwM0ptdnhrS1ZKRDJscDBfRl9HNloxY3NOWVVjbHBBYXlMY2tFZDlwTXpPUGtERkdnTTJGSVBVcWxqeVdEWmN4b1F3LV9rTzlEUFRXTjhWck5FdUdB0gGaAUFVX3lxTE9QdGQybnJBdTM5elBHajZVSUxrQnV0dVJiWlJ6V1YzbU1FTUZ6UVB1WUJoOWdFMGdPb0l3ZUZZcEZxdE00dl9XTG1JQWFGNXZ0T0JidmZ2NExxSVc5WGQ2Yk5UcHFuRkhfdXlRdkFOR1NPdnR3ZEhpSVY1d0NWUl9sX3RfT1ZKZXVkQm1LQU1YWFk3TW5XWDBHU2c?oc=5,"Mon, 14 Feb 2022 08:00:00 GMT",ANTARA News Aceh,wirausaha muda Aceh,google_news_rss
Sandiaga Beri Beasiswa Kepemimpinan ke Pengusaha Muda di Aceh - detikcom,https://news.google.com/rss/articles/CBMitgFBVV95cUxQM3B4Mm5EZC15NWpUTTBXZFNkTENPSEZhSTJNbUYxamVMaDREQU40R0J0a0FXWFdSQWhLMXY0cXR6NW8xZjZWd0hkWV82UHZoTDJOTlAtQkhGYVlVU3A5bmRwaUNWTmdQMkhpWmRpcnFnbzZLeDF6YUUzWFFqZ1dWMHNwcVlycER4SFB2bmdXdHRvNWpKcjdEbHNyTzBDbFR5dmM1SFl6ZkktRUJtemlYQXM0Nk11UdIBuwFBVV95cUxQSGFPTl8yYWtJS2VQUWpreDRnZk1wamVYT0Rvb214cEtGOHB0UXRBbnNzR1ZfVXN5Q1UyUEhaVWo2cXM0alJWVWdnZmZDSlNTRThQSm9iNEZfZGFTWHB1WGszY3U5LV8wN0taQnFhU3Mya2Nmc0NDNHVTNjlkSUczLVFGQ2lYUXp1Q2lXeFhnbXlCMkpMUHYtQkYwV09LbTNJMll3TV9WdTdwQy1hLTUtSWN3bkJRSzhGaGNR?oc=5,"Fri, 14 Apr 2023 07:00:00 GMT",detikcom,wirausaha muda Aceh,google_news_rss
"Launching AMP 2024, Dirut BSI Dorong Anak Muda Aceh Jadi Wirausaha - Sudut Berita",https://news.google.com/rss/articles/CBMiogFBVV95cUxNZlR3WXY4Uk0walJuaGNjTzJtMC15VzNRY3VxMkVlYl94aDRWbnh6ZWFvdEloN0ZDUjZUX19LOXBoM3VfYVE3emxQcUhMcUtvVVFONl8tOHotXzhaMkxNRk1renJtaWNyZTdIcjRoRkpxX0V4eGVmU3R6bUxFRi1NcG1VcTYzeXpOYnlzTTlpbFBGWWszTWNESTFibWxBUTl6dEE?oc=5,"Wed, 29 May 2024 07:00:00 GMT",Sudut Berita,wirausaha muda Aceh,google_news_rss
Diskop UKM Aceh Gelar Bimtek Bagi Wirausahawan Muda - Aceh Online,https://news.google.com/rss/articles/CBMimAFBVV95cUxNbXdsSEtqSW9TWi0yRlRZUkZiTnczRWhrdkJua0V0aE9hYldwRi1HU0FsZ1JOb09QOFloLVpVZGJodGNpWlFuUGRvcnZZY0pRN3V1QUY1U3hoMTBNZDFOSEtGZzJtUmxpX0VuLThwWmhPZVpTeUNfZnFQUkkweUkxbGZHc3ItZTR5XzhsbkFfUUhLQ2VNejJVRtIBlgFBVV95cUxQdGJZb2FfZmZfVGNmMGY0ckE0YVRNVlBYT0s4T1BnLVN5clJNUFl3cnhYN3BXZUwyekMzODhCSHA4X3EweWNVT29Za1pwSjYwdl9hSmVEeG9LNFNuXzF5X29TeUlFZzYwdmF2OWxsX0hCOEJyMjdzMFJFRkxLSnl1eWxZYVR2QmRaTC04NzNST2lDSjNMb3c?oc=5,"Mon, 05 Dec 2022 08:00:00 GMT",Aceh Online,wirausaha muda Aceh,google_news_rss
SMK PP Negeri Saree Siap Mencetak Wirausaha Muda Pertanian - Waspada Aceh,https://news.google.com/rss/articles/CBMiiwFBVV95cUxQSTA4R19Xc0I5UW9VUnlrWDROUHdlalB4OTMzblpfeFR0LVI3eXpHR1JqbWhWNGJZeGtWYmtBZUFiQ3lyVWFnSEsxS0w5QjdMdDR4QkJibGh5ejY1ZGZDaG1EZzlqTk00WV9LM3VpVTNnbkJld0NzOGpDc2tYRF9wWnowTV9FNlA3Rlpn?oc=5,"Fri, 26 Aug 2022 07:00:00 GMT",Waspada Aceh,wirausaha muda Aceh,google_news_rss
Intip Pemenang Talenta Wirausaha BSI & BSI Aceh Muslimpreneur - CNBC Indonesia,https://news.google.com/rss/articles/CBMivgFBVV95cUxPbnRfZExIUWtRci1KZHFOLTNwMHZxZ091aTVWQnpLZjJfRmpZWjE3STdJTXRYaG9QU3pUZWJBTjkyeUZPbEpBcllXenFSQzR1SmlOUXMyd0JQbmdPdTIyZk42S2o2VkhTMDFpNy1UQ09ZRmZRU2JOY3JXbzl2Wk9qSXI3ZW8yTWdrelRPNXlPRkR3NDFqWWd0NGpOMXQ5eWxiOTZrYzU1TGZxOHIxNjJjYzJKeHJKaHg1LURJZzFR0gHDAUFVX3lxTE8wd1lCN1V2SGpheVZSbkpSZHdicFdZWlRnbXphYTNoR19pRHhON3pzVzd1MkJzSkxJM1Bib1RPb0NXdEM3M2FCZzAyeXVmZHltbzBlcEUzcXgzZng0aXptVnVDRHk0YzJlN2lqVUt6T21nQ1lIVWJZTWdTU0FRRk9acmNNdnZRcVZLbmJibzdjSjRFbHRVQnFDeERDMGQ3YWozWHh1aVV4SjlQQ0RzTlYzSkktcGU5UngteG9PZlVGSWV1cw?oc=5,"Thu, 12 Oct 2023 07:00:00 GMT",CNBC Indonesia,wirausaha muda Aceh,google_news_rss
"Hadirkan Coach Faran, AMANAH Latih Anak Muda Aceh Bisnis Minyak Nilam Agar Mandiri Ekonomi - RM.ID",https://news.google.com/rss/articles/CBMiywFBVV95cUxOZWhYaTlLb1FsdFh3YkEtVDhLbkhxcDc5MGVJNm1wSVpscUtnenlTNzhHTElkWUR1bVdpdnlYSXFmSUR2MG9GVmJiM2x1R3pVazZkRy1YdGJ1WUpnZVpvV0dOdXVtRVdrcFN1TG9oU2dmcDVHVGJtbjRCQ3M5eEpSa29pbGlnMUtDaW1CaDh5bHRzWElhVDluZHNDejE5UlhqQVJaYURxR1N0bm1aLW44STRJSE1uV3lneTh2NWo4cHFlNlZERkYyV2VQaw?oc=5,"Mon, 08 Jul 2024 07:00:00 GMT",RM.ID,wirausaha muda Aceh,google_news_rss
BSI Aceh awali roadshow Muslimpreneur 2024 di Sigli - ANTARA News Aceh,https://news.google.com/rss/articles/CBMingFBVV95cUxNYlR5M3RycTgwUFVncVVfX2pvQkxOOUtQT3pONG5xYzJBWUFTSGxVTmh4QmV2MXlBZ1llUF9JY1Zuekw2MThubV9mY0ZXODBUbWJSbElEZk9RZVZmTDU2TzJmQkEwZzZnY3JKV0tTYnd5Q0hHLVRtYVNBVFBhSnBEYW5iU3hlTVVaWExWRkxXZS03VUo2ZGpSbE54VHdQZ9IBngFBVV95cUxNYlR5M3RycTgwUFVncVVfX2pvQkxOOUtQT3pONG5xYzJBWUFTSGxVTmh4QmV2MXlBZ1llUF9JY1Zuekw2MThubV9mY0ZXODBUbWJSbElEZk9RZVZmTDU2TzJmQkEwZzZnY3JKV0tTYnd5Q0hHLVRtYVNBVFBhSnBEYW5iU3hlTVVaWExWRkxXZS03VUo2ZGpSbE54VHdQZw?oc=5,"Wed, 03 Jul 2024 07:00:00 GMT",ANTARA News Aceh,wirausaha muda Aceh,google_news_rss
AMANAH Fasilitasi Anak Muda Aceh Produksi Lotion Dan Sabun Cuci Dari Nilam - RM.ID,https://news.google.com/rss/articles/CBMitwFBVV95cUxPY1d0Wk5JdWF3Y1pIZmdoVGlQMENxNjlWX2NyeTNzeG9URFdXbEwxbFdJRGpCekZHT1gxbGU0SWtBZE5lVWpKNUtJNUxnalZzVFc3RUw2UEJLRmNfV1dLblUtc1VGYTNxdDJ0cmJCWDVLN3VWellWWldwMk15elR6RTVjbjNVcDFGaGh6NG1EMndheHpkRS15UWhHVUNGT0QtNWZRaWpYc2FmdEt0LTlYSUx1eGxtcEE?oc=5,"Thu, 06 Jun 2024 07:00:00 GMT",RM.ID,wirausaha muda Aceh,google_news_rss
HIPMI Aceh Utara Ajak Generasi Muda Berwirausaha - aceHTrend.com,https://news.google.com/rss/articles/CBMilAFBVV95cUxQYlNQRGNpWFcza3JEOXQ0WXFCbkNNVVBla254a1RjTGI2ckhPRXFyTlJaM2hlUXhwYnlJcURPSXRCNW1qRVhab2U5ckdfWHZLNVBOLWEwbHlIalE1NllvUWY3TWM4UjZjcmlSN1FuQmV0czZOZ21wRnBESjdCQkJqMWEzc3VLQnlzSWNUbXFRWVA5b1FF0gGSAUFVX3lxTE5FbUVPdmZnTkJYUzFyUi1USnk4TGRKdlFGTHJTOVgwcGVmalZMYlZpRl9lVzZpa2dzUlZyZHdkRjg4UXMtUjRGaTI0ak1oVk1wdXk3TDQ2ZElwS0lweHV4cXg0dmc3NV96eDlSSVpZYkhoTWNNU2xDTVc1RXctejQwa1RYWFJSVDFhQmllY3l2UVh3?oc=5,"Wed, 24 Apr 2019 07:00:00 GMT",aceHTrend.com,wirausaha muda Aceh,google_news_rss
BSI Dukung Pengembangan Ekosistem Kewirausahaan Lewat Talenta Wirausaha BSI dan BSI Aceh Muslimpreneur - NOA.co.id,https://news.google.com/rss/articles/CBMiwwFBVV95cUxQREF2bUlDM0UyWXRZbWNxUFo0RnpfLXdMUjJvVXYyRjJIQVR1Zl9iUnAtVHVaYXlvSXN0VWRnNE9tQnpxVUVKZHBDNE55OGNTanlBMXNwNGNzTDFOWW9WdGptQThDTGtCOVNaR1djUkdMbE1oaWp6QWR1SktDc2hzY3JmbjFvTVJibWt5MW5HT1hCOUZHRnZrYXhmZUluOTJHNW9CaDNVcVozQWRONk9obDUxNWlkT04yckZyeFBwS3hyMk0?oc=5,"Thu, 12 Oct 2023 07:00:00 GMT",NOA.co.id,wirausaha muda Aceh,google_news_rss
"GEKRAFS Aceh Dilantik, Sunnyl Ikbal Siap Gerakkan Talenta Muda dan Wirausaha Kreatif - Pikiran Merdeka",https://news.google.com/rss/articles/CBMiuwFBVV95cUxQYWVvOWhzTURPLVVtTWRBNWhFNEZJZ0VWbkNxN1hjd3MzLUxJbGkyN3gwVW1idEdJeU83YVVKWERnRFhWd01qVDlXdVBwNENMV2FPc3NpdS1LckFOdERrZzBCVjd5X2NQc21WalJtOV9rdGVLbFY0Z0taZEZqSWVTekhreHNtUklUVkgyVXE5SWd1Nlp6QmQ0TVRaaS1zbWc1SmVIMnJqVHdieE92bWZUazRKY2EtSTd5UndJ0gHAAUFVX3lxTFBZYVpCVEhrcC1ZQmZvVWUtbUExVW1zc0NWTUhRa3I4Rm9QajNuSWNEb2t6M09Dd2tuSGlnR0Fzc0xjS3BKMy1BSWVKVXNNQ2pPUmJqMlFGcXNnUGljOVpQUXdfdGdfVHl4SkEwVjhveGsxMEtjX25pOGMwUWl4Q2hRV21ZTVdBN1FfME5zSzExZzRNdVFJYngxNXRFaWx2Mkdid3BrVzQ5UGFSX0ppU1diRXd3TEFuaEpGR0d4Snd1QQ?oc=5,"Sat, 21 Jun 2025 07:00:00 GMT",Pikiran Merdeka,wirausaha muda Aceh,google_news_rss
Dosen Poltas Berikan Pemahaman Kewirausahaan Bisnis Online Kepada Mahasiswa - aceHTrend.com,https://news.google.com/rss/articles/CBMiuAFBVV95cUxQUVdabnQ2b3FUVThyc0dWaDlvYU9oZ01wYmJ5T0FDNExDVV9rTzA4WG1OYUpqd0UzQWhFaXUyNjltNFFuNTRMdkJkOWFranV3ZEhBVHgzSXAyTjBJdzA0ZkVyZlJwWjFfS2pHS1VYNnhIOTJ2R1ZKRnZOQkRhN200cC1oRnBsUEp4ZHZZaVJwaXBoQlNtT3hGYnFHMldWUFJ2cDBOMWdOcnlweU5SU2wzLW1wN2JxQ3hL0gG2AUFVX3lxTE04LU5udFdFcVZBbkgyN2laZXAtUFFVYUNpZVUyaExwZnpZMkVPVjZXaXNUSnR2YnpPbXRuYk92alltckFyRnZycThDWjUxODVZTnV1SXZPYnRaa0FtdENWYnBnUVQ4MnUzQmtsVFpFQ19xWklQWEROUFp4eE1qSF9zcHFHajRnbTlhb21LajhkNVczSTI4OTlTYlFucDJ5blRHdC1WLWFYNFV5TlhBamFya1RNMHp3?oc=5,"Thu, 04 Aug 2022 07:00:00 GMT",aceHTrend.com,wirausaha muda Aceh,google_news_rss
Presiden Joko Widodo akan Resmikan HUB UMKM Aneuk Muda Unggul Aceh di KIA Ladong - aceHTrend.com,https://news.google.com/rss/articles/CBMivwFBVV95cUxOSW5HU0lJRHUzRzQ3X01yZEdNVzRNOWRwT182NURJRTBxc0JOQlpJSUpscUtrblgwdWxzLWoxYTR0blJOeHRCcDNIV2xlS0twSHdKS2NHZFM5cG5XVnQ5NEoyb0ZOWkM4UnZJVTU3eUh4RWhLbTdBWDB1ZjdoSGo4RHdyQWQzbXR5b3ZXUndfd3VzZlM2Qm4zblhSaDRCTlpkT0VLMC00R2JvWU9jOVMzcElnemxRdExUYndOYzhPdw?oc=5,"Mon, 14 Oct 2024 07:00:00 GMT",aceHTrend.com,wirausaha muda Aceh,google_news_rss
"Jokowi akan Resmikan Gedung Amanah, Pusat Seni Budaya dan Ekonomi Kreatif di Aceh - investor.id",https://news.google.com/rss/articles/CBMitwFBVV95cUxORWJURmV6WlJ4dm5rM2JkbkFDZC12X0hqd1hzVzVzczVORlptZTJubHJMMjhqYW9VOGl5OFA4b1poMzlyU3hxQnU1eUVUYWZoa1BJa3pZYm9jdzV2N29IZnhQWkVWajRlMDVEd09TdXlKc3FDWUMycXN0UGhFVXAwbXJxNjJMVGxoaHc3T21lbDhSV3pMQWxMWXhqNWRDbXlDVnk1Q1pfeU9tdzZYZDRZNnh0ckUxUW8?oc=5,"Mon, 14 Oct 2024 07:00:00 GMT",investor.id,wirausaha muda Aceh,google_news_rss
"Bidjeh Koepi , Peluang Bisnis Budaya Ngopi Masyarakat Aceh » - dialeksis.com",https://news.google.com/rss/articles/CBMikAFBVV95cUxNUzF6cEZFVEd1Sk9DZUt3OE9ueGs4U3ZFc1k0bndvcF9lcEEwVHA5WjZrRDNIOTBRcnRYVGNZcEEtQXJNQ0tWMkNRdXR3Yl9ZU3lPMmZSd3FoeVpHY01xMVB5TkhxT3BLaU4yNjFTdnFCcXFVeWJteEVUa3NKMkJIa01sUjdVanVERkRIYjZya03SAZYBQVVfeXFMTm5xU1FfSlI2aU1UcUZrRjlBZHk3Zm54NjBvbG81Z1pzWnZpZEhOUEhScXQxRVFmcEFmTWlhbXRsa3h6WHIyN1FFTk14alhnTDd4VGI4VEkwV0FWY2QxbzdhcUo0Q0tXdW5NRE5HRjRGUXpISTJidWd0c2VzU2VhUWpzTFNlWGJRWW5TNkZNaTFQSFVfeTJ3?oc=5,"Thu, 25 Jan 2024 08:00:00 GMT",dialeksis.com,wirausaha muda Aceh,google_news_rss
Bos BSI Gelar Kuliah Umum Literasi Perbankan Syariah di Unsyiah Aceh - Infobanknews,https://news.google.com/rss/articles/CBMimAFBVV95cUxQbzJUZVlJX1gxc2tXMUtqSmZZRmlScW44VHUxWmZLSDdXRWw0akZ3bzZlbGhZWTlBcVllbnRWRkhCSVRoSFdFMTV5NS1lTExscDJfeHpYLU9sd2l1NnMzMUJ6cUZ0NjcwZV9MQjNUd2JxRW5MenN0VzlTczI3ejNiWVZkNHFDbFRZVEdOZlNPVlNOVGZqeFpwNg?oc=5,"Wed, 29 May 2024 07:00:00 GMT",Infobanknews,wirausaha muda Aceh,google_news_rss
"Kopijan, Kedai Kopi Keliling Milik Pengusaha Muda di Pidie Aceh - Minanews.net",https://news.google.com/rss/articles/CBMijAFBVV95cUxNc1hmczVOV1N3NG9hVm9YTHF0OER4ZlJMVmdhT0dJbkxLMUxoXzVibm82cHRJVEtYQ2xzN1NFLVd5eHQxc0lYcHFoYWxCdm0zWnZYdkFvX211ZVJ0dDQ5X0pva1RjNVc0Szk5Nm01XzBSSDRXWWIwU2ZYUHhESkY5MzhGbDhGT1B0YTR3VQ?oc=5,"Wed, 11 May 2022 07:00:00 GMT",Minanews.net,wirausaha muda Aceh,google_news_rss
Diskop dan UKM Aceh Bekali Puluhan Wirausaha Laundry Pemula di Aceh Besar - ruangberita.co,https://news.google.com/rss/articles/CBMisgFBVV95cUxPQ0VXWmJBVU1haEQ5S09OU3JMbmNReGdCZWxiNEhQdHctTmRlMjZnRDZVZUdOXzZmdXdydzVlaUZhRXl5cGxMbHhPbF9ra1lQUWNhckotOVBpMGFUVUdKa1QxV3RZZm5Vd3RWbkJ1ejFNZDV2YjNUUlVNejNraVlISjExcmZDeE53NG1FRmY1bDZUX0kyRXRRNGQxd1pwelZZeFR3cFBnYkFDdE1tOWRDNjBB?oc=5,"Mon, 04 Jul 2022 07:00:00 GMT",ruangberita.co,wirausaha muda Aceh,google_news_rss
"Talenta Wirausaha BSI Mendarat di Malang, Ajak Wirausaha Muda Naik Kelas - acehportal.com",https://news.google.com/rss/articles/CBMitAFBVV95cUxNdXA5SUVscEJaUVFQdFJ6ZWRKaEtoWWF1SkEzaHpJaVNzbjZua3VYOTVTR2dTOVlWc042MjFMNDJITHFmalAyRUgyXzEyQXNNVF92M3MzY2phQVNJTmViNno1SlBzcWd2WHdPZENnQlFtOWVPbEZxSWZVR1oyVzNmT1I4bGJpYVBCZ2R5a2k3S3VqcVVxOVBLRHBrZDZJYXpsQkFHT19YT0dSQ3V2ZEJ5eThiQXbSAbIBQVVfeXFMUHlNNi1PWDlfUGRrcDFsajFBWkxUOS1TdG9tYmxVZTJMQ2F4dW9ONDFrQ0luMzZFbktkRExpZktfLXM4RU5rOGE5V2JKSHVTS0ZFZ3VJdGxqTTFkNno1VXM5MU5YaG5pS3hWSGZNV3plNXpYakx5dkNVTlVjbEpYOXJscHpiUmVUYjF3N21LS0x0MTJyZXhoYmIwNVJLZnVWaF82T3RwMDVDd2pQRmo3LXlxQQ?oc=5,"Tue, 15 Feb 2022 08:00:00 GMT",acehportal.com,wirausaha muda Aceh,google_news_rss
"Pemenang BSI Aceh Muslimpreneur 2024 Terima Hadiah Puluhan Juta, Ini Nama-namanya » - dialeksis.com",https://news.google.com/rss/articles/CBMisAFBVV95cUxNblNaUlZmZ1A1dFVWY2FYNmNrY2dsXzlmRWFrU2pOZnc2V3pOZUNFdjByaV9OYU5mdXNUcHF6TXRKSm1pV2VmUzB5U2VocGZHYVVDaktuZmJQeVhjNjZ0Mld4NjFfV3JMTTNrc24tNnRBMGdiaTdESzkyWl9xVDhpX2huS3FVTFVYOGo5QXNILVhDTEZKcHJGN25abl8zdGo2VktuemtqZ2RKaXhuLWdkcdIBtgFBVV95cUxNc0NVODRwbUpHN3ZHVnBUWXFBYUF5TjBXRHNKRGRPRks4WkpBblVHb09YTl9xZTVpaWxEcTlBWkhEcEI0RVozNFRrVlBmZHd2dlhnNUpVU24wdGJZdzNMWTVuY1FFYUFOQkwwYS1aYkFLY2laSjZ2SG9xd3BWSW5hTGFqTmdzVmFocFplYXpXNzlSSTFxZlo5MkY5cFFsd0NvTEN3M0ZLS1pxRl8wVy14VUVObGNKZw?oc=5,"Sat, 26 Oct 2024 07:00:00 GMT",dialeksis.com,wirausaha muda Aceh,google_news_rss
"Gandeng Unsam Langsa, BSI Komitmen Bangun Ekosistem Wirausaha Muda - Sudut Berita",https://news.google.com/rss/articles/CBMiogFBVV95cUxQaTdTY1JIS19Cc2pQMUtoNEJwVW9adnJQR0l4Q3ItclA5bDVPbE5CUGtqT0I4c0NsOTdyYm1wcWFvU0IycFBPXzZCbElMMEVHTWd5MzFsa2FDQzZCUndwQTVXRVZIMVd3cFptajBxMHFjNE9ZeUpfeFNYaEFTdzRSX0xLbUpndXhzSklLU3l6ZllsRVpLWGdCdkJMVzE3VnlCcHc?oc=5,"Tue, 21 Mar 2023 07:00:00 GMT",Sudut Berita,wirausaha muda Aceh,google_news_rss
Komunitas RSC Gandeng UGL Adakan Seminar Nasional Kewirausahaan - acehstandar.com,https://news.google.com/rss/articles/CBMiqwFBVV95cUxNcnFROTBsTXdQVlYxYTNPb3YtNWZfc2hhUF9NX2x1ZEhrTW4taHFFNnVMWllnX3FtLTk2bk1xVkpBQkFZWjhFVkQ0Y2NtUVJjUFZJRlBrSGFobFlzNFl0RlAzYm1xOWZuOHB0UVFXZmJwYlVIbEtvcG11bFNYR3QzVWgyeWhyOTIwLTZtdDYxeDFuR2VmM0ZLVXhuVG5XTFNSNVB6bUoxLVhIalU?oc=5,"Sun, 08 Jan 2023 08:00:00 GMT",acehstandar.com,wirausaha muda Aceh,google_news_rss
Produk Bayikribo dari Aceh Juarai Kompetisi Bisnis Mahasiswa Indonesia di Batam - aceHTrend.com,https://news.google.com/rss/articles/CBMivgFBVV95cUxOWVBDUllsaHZ1N3VkY0pRYkhoYWVMdU9XODVQWnFNbUV2RGNtelJETUFfUmN4dzY3Z3F1aFpzRVZWNGQxdkZ2cEJ6YWUxeU5zWEFaSy1uWTB6bXhWQmI2M1FBNHpDeTZZSmsxNXVqS0ZYeHlCbkdBR3dPWk9zVm1XY09uRzRhQk1TWDd3VTNMSWFpMTU5OE0tUXJvSzJBYW1fMDEyYzJ4SnR3VXVZNFA3Y2s4ZWc4UXVfblRYQV9B0gG7AUFVX3lxTE44TVNIazhHNHA1SUNjS2UyM3dldmx4R0hJWXItMVppUUEwbEdZRmRRX1gydE5LVWctRmFDU29FODRfNVR6dklrN0N6elJvazFpM2o2UWNldXBvakJYUXdacXRiaWlEU2lpX19qWDN4XzJnNVZQampwM2R5UE00Qjc4dThXLWdFa2xGU2d3OE5XS1MyNmVXV3ZJZ21sdWdBZG5feEFkekxiVnNkcXZWdHZoLXdfbUdoTWlUVDg?oc=5,"Tue, 26 Nov 2019 08:00:00 GMT",aceHTrend.com,wirausaha muda Aceh,google_news_rss
Rektor: UTU Award jaring bakat wirausaha produktif - ANTARA News Aceh,https://news.google.com/rss/articles/CBMilAFBVV95cUxQanFVX3ZhQ0N5NklJdXNsNEVGWDc2LU04c043U2lGWDZ1NG5pQnhieGVvOWwyNEJ5WXN4RmVyXy1zS2VYaFR5TlFfNVJjTUNVUjA4MlRlMUUxSnltbzNkb3BITU8yZ042QzVPdUlQamM2YThpM2E1MGFrdDZIaGtOQTFhOVMwTzg5MkNZUEREaEhpVmVE0gGaAUFVX3lxTE1Lb1Ffcm9tWVZkY3d4Szc3eWN5WkFuU2lLbjE5QUxfb2JNc2ZGN0hscXBUZ1dxeGVSZ3lIZnJ0QnpjVGl5X3dscGVmUWxrOXNpVEdhbFR2N0ZHSWdLaFNzSHZHMlk3VWs3SVhZcXJod2IwY2pOVmFlX1J2MUlzZUo5WnhpcXZJeXg0TzhDZ2VISVlxY3hkVHBxbHc?oc=5,"Fri, 14 Oct 2016 07:00:00 GMT",ANTARA News Aceh,wirausaha muda Aceh,google_news_rss
Diskop UKM Aceh Gelar Bimtek Wirausaha Pemula di Seluruh Aceh - Kanalinspirasi.com,https://news.google.com/rss/articles/CBMirAFBVV95cUxOSmRQdm44SW1FLVNmNDk0U0RSb0RzVElqVVNKeFh5dUx6Y0dCNGFaM0h6STRWQWxWeHlJeHRwWFpSbEFLa2dYcHFaak9HeENpbkVlSlIyWGZLNVlfcW5hclJZb1JfSmdpOTRGeWFVd0FjbTBhUEUwQ1F4Tnh0c2RWbE92R1NpOExVNjA4NW0xNkpSekkxVXd5dVVrQnMzaUxqVXhuLU9RMFgteGI40gGqAUFVX3lxTFBodGFSaUx3b1dhbFA4eG1kTzRUclJITUtMTF9nN25FckdBaHlNeDQyVmYxNVVsSXdqNEFqQnlDUXpGb0V5WDlTV1gyYnhOQ1FDWE9HbFhPTkFXemVfYVJIU2tuUm5FZUhIcU9BYXViTWVBVGxmMFlyWmpzQS1vZnBFMU5CV2QzdHBuN2NsNFpudW55RGVWeVpzbHZrM2ZUU1drWmluUHZoTDZn?oc=5,"Sun, 26 Jun 2022 07:00:00 GMT",Kanalinspirasi.com,wirausaha muda Aceh,google_news_rss
"Hijrah Saputra, Pembelajar dan Pengusaha Muda dari Aceh - Kompasiana.com",https://news.google.com/rss/articles/CBMiswFBVV95cUxNRFBfRi10ZzVtenFIaW5jTkkxbndIUE1jYmxqOEhDYWJaZ2c2QjN2V054SGIzbURVZnJ3SjdUeHdheVpIcnU0Sy1GY3JzUnBtaVh2ZHdHcDVRYUhQdVpSMXBIWjduZ2VnY1dXVU5lU2pwdUxHRnA3T0lTZHdTYV9zVHRLNVI2QUVQLXBHdG8xUjRlOEliQW0zbE9PMzYyNnF0RW5RQWFOdFJLYUNFenpOUWNnWQ?oc=5,"Fri, 22 Jan 2016 08:00:00 GMT",Kompasiana.com,wirausaha muda Aceh,google_news_rss
Syarifah Fitria Nadia dan Semangat Wirausaha - sinarpidie.co,https://news.google.com/rss/articles/CBMiigFBVV95cUxPVGpHYzBSZVVNMWZreTUxTWd6eDIyUjlJbzdUeEFZNjMzbVFoTEdmSUtMcS1rM3hlYWhuNzUtTmhoejlkUHVsS3hYOUE4M082QWpkSlBjZ2laS1JlZDcyeXZQN3pCbE5GMElYT1F3OU5KOGx4eGt4MFFVdTZUM3c0ZFFrTDNqT0FKMWc?oc=5,"Sun, 30 Jul 2017 07:00:00 GMT",sinarpidie.co,wirausaha muda Aceh,google_news_rss
"Amanah Bangkit Lagi, Fokus Cetak Wirausaha Muda Aceh - Warta Ekonomi",https://news.google.com/rss/articles/CBMikwFBVV95cUxNdzRILTVyblJqTDByemoyY1Bjbnd2MklMc3R2Y3UtS21qMXV0TTB6Wm9YUzhRUGZnb0I0ekxBaUV1SlhtLS0tb3BVLThaZFkzdmVJcU9wZWk1c3FLNDl2cXdORlo3aWdGMXNYanVnbFdlLVEzbEloa0tkbU9YUnlkcmtyekJEYi0tbXc2dE00TGZmOE3SAZgBQVVfeXFMUDZfODJSWmxkV3dfNjRLZ3NyZ3pHWXNQellsenFkUXhRaG9XRXJXYVJVZnlYWUtYR1ppRkpIUldjb3dRQzlhTDN1YTJuRlJkb1pDSVBEUEJ3ZDFjWkNoeGVNenBaY0JwRE56elR2eFdBWHgyMXRmNTZhNndmUVZTcnlhMFd2ckNiSEN4RFYtNHdnN3ZLb0MzYjc?oc=5,"Wed, 22 Apr 2026 07:00:00 GMT",Warta Ekonomi,wirausaha muda Aceh,google_news_rss
Wali Nanggroe Dorong Pemuda Aceh Jadi Penggerak Ekosistem Ekonomi Kreatif - Serambinews.com,https://news.google.com/rss/articles/CBMiugFBVV95cUxOWEJpa0Fmb1BFd3I4SllaVWNYeFZZSU9KeFItUFR3c1JlYURRc1RWdS1oczctYUdnNnBRS3lEUjYyTW92eU11WXRzMHFxN3U0QXh4VHNXcnZFS3JmZUNOMm10bG1OZEYtQ2U3eDZ1b1hoUTNOeGNxWmNRV2kxWkhtNW1kRG9fbE5Xc3V6WVBUQ2FTX2FJWFZzMmxpTnluY3p2TXlqc3lKcHlsT2hOUXZvWTN0V2V1QTFaTkE?oc=5,"Sat, 18 Apr 2026 07:00:00 GMT",Serambinews.com,wirausaha muda Aceh,google_news_rss
Pemkab Aceh Selatan Dorong Kemandirian Pemuda Lewat Pengembangan Wirausaha Muda 2025 - Serambinews.com,https://news.google.com/rss/articles/CBMiyAFBVV95cUxQb3AzcVAzT1ljVE5vbDhndXVHdDROcm9TSHhBLXhwZWRsV1M1WWZlZC1ha1FXT25hV1I4OHJveThvZWJYZ3FGYXR5NUJERW1DTTAxYUxYdUhCNG5RU3pQdDA3TW0yREQtb2RxQThVcXV5djQxRlNGaWNVM19iVHJubTlPeUR3cWxWYXdyWGx3LXhzc2RJMXRqcDJhTEgzcmtxQTQtN19WT1M4ci1vVUw4YjFCbEpZMjU1cUpfVkpFWWFfYTdCeHVydg?oc=5,"Thu, 25 Dec 2025 08:00:00 GMT",Serambinews.com,wirausaha muda Aceh,google_news_rss
AMANAH Gandeng BSI Perkuat UMKM dan Wirausaha Muda Aceh - Kabar Aktual,https://news.google.com/rss/articles/CBMilAFBVV95cUxNRzVRNVVqaUx0aHUxb2k5SExOM0UyQnFsQVEzdkU0LUplX0huMVE2QUMxV3BnY3phWUFxdm1YU0Z0Y1hPN0lYcFFhcFFhRlRkcGVKTVV2ejNxVnVJYmFHemQ4M1NldVl5WFo2aUVkQVlxZW1QT0NwYWNsMVpVcDdLQWVUSlIzdHZPRkszdUFGdFVDU2Rx?oc=5,"Tue, 10 Mar 2026 07:00:00 GMT",Kabar Aktual,wirausaha muda Aceh,google_news_rss
Kemenekraf Kembangkan Talenta Wirausaha Berbasis Komunitas di Aceh - Serambinews.com,https://news.google.com/rss/articles/CBMiqwFBVV95cUxPaGtPVkdmdkVHVV9IV0x3aHFHcWlDZEw5ZFlfeVpIYmRtLVJ6U2FWLU1EalNkbVhELTVTY2trUnozVW1KTW02QWNrMU5Ra21OVDQ3NHpNZy1feEw3dEl5VkVuSWlGcWJKdnE1OEh4N0lWakhVenJBY3lBOEpueFlScXRNOVhja3czUFFNQVllRm5sTE5UQnNSVjNlejdnWllKWDdVX1p2clBTejg?oc=5,"Sun, 26 Jul 2026 07:00:00 GMT",Serambinews.com,wirausaha muda Aceh,google_news_rss
AMANAH Aceh dan BSI Perkuat Kolaborasi Dorong Ekosistem Ekonomi Inklusif bagi Generasi Muda Aceh - Serambinews.com,https://news.google.com/rss/articles/CBMi2AFBVV95cUxPZXZ1c1ZvTnNUX04zQ0tqa1JkY1BJak1NbFhIczVCU1VBTHJFVGY1dmMtVHNWWENvRHZSNlc3TV8weEtyWC0ySmNURXNDRlM0M01TRVRBaXYwWjUzSzBVVDFnQ1FjQWd1YVV5UEdkR2hqVGRzM09pTDJCMktyMjQwR0dfMGFvbmw5OW5WZDlzOERjZ0ZZQ1FLMFAtRkpUUk44ZGNwYzFjbnMwR1ZObmMzRWdjaXB0em9LU3pFZHZiZUNIUE51RUpUQ2tXSXV1S2tZaFgzSHIwVGs?oc=5,"Tue, 10 Mar 2026 07:00:00 GMT",Serambinews.com,wirausaha muda Aceh,google_news_rss
AMANAH Aceh dan BI Dorong Pertumbuhan Ekonomi Kreatif Generasi Muda Aceh - RRI.co.id,https://news.google.com/rss/articles/CBMixAFBVV95cUxPZVRKcGVoWnp3WF9Ec2RybUhNaVBlYVFFdmxyU3pGanNhRjFHZUpqdGRPTEQxczQ4b0FGNEtzMXlLODNPWUF1LS15d0E3YnZZR2tHOU43YnIxNlp2UEJBSnR3dGx6cmlGb19ZczRCdVEzLXhrMWRHNkl4VlhNVEwtYnVwYktma0VSaFkydlFfZjJoM3VILVlERUdUbDJMMW5rRUlFMk0zbHVheThBbDVXbE9BeXB1dXpkcXIxT3FUQ05QWkFL?oc=5,"Tue, 10 Mar 2026 07:00:00 GMT",RRI.co.id,wirausaha muda Aceh,google_news_rss
Pelatihan PKW Dorong Wirausaha Muda Aceh Barat - RRI.co.id,https://news.google.com/rss/articles/CBMibEFVX3lxTE9NTldiTjl6b3V5S2c4ZEpzNjNDd3QxR09STUg5aEVIRi1TUDJZN0FSU0piX3JZTy1OLUJQbVZHVDBoM1V6bUd3clMxczhycklubHlDbV9ENUJDWTJfUk9iNmFrYWU4S0E1U0JqNQ?oc=5,"Thu, 20 Nov 2025 08:00:00 GMT",RRI.co.id,wirausaha muda Aceh,google_news_rss
Kementerian Ekraf Perkuat Talenta Wirausaha Berbasis Komunitas melalui Creative Hub di Aceh - pantau.com,https://news.google.com/rss/articles/CBMiyAFBVV95cUxOZVhDT1RLR3pzZTItamlWWDZzVXpGYk9ZUnV0YVhzeHpTeUhUTTB6OTlSbGs5aDh4MWlUWUFFZzdpMDFlRlhZeUctSTgybFVyZHlEV0RqNGRGN3A1R2ZjNlZSWW1iWmhQYllsRFZyNUZZblJCbGZVbC1JMFpJQ0podUhsVjBTRWtrbGxiMHVqQTE1Uk9Cc0VHN2xPc3FfSHptV0JIZ1JsN0dRTzlpbUFFSDFiRzBRem44UVVjWE1SYjV0RDlLZV9DVA?oc=5,"Sat, 25 Jul 2026 08:06:00 GMT",pantau.com,wirausaha muda Aceh,google_news_rss
BSI Komit Bantu Wirausaha Muda Aceh Naik Kelas - RRI.co.id,https://news.google.com/rss/articles/CBMilwFBVV95cUxNWUo1ZE92eFQxbllqQmh6YjVheEtmU3FEZjFUYmNaVTRoQUV4WWZ4OEdTSHNOdk1BUnNJSEExSkJvQU15b0FRVzJOdDRmb01EOFhkQ1pJWThLWTdfUUdnTzV6b0p6VERYdU5OZWdRbFRzMzBjSFp1R3p4OXZNRzhsLUVISjczRk03N1Bsa2tIbFRQck1hYTRr?oc=5,"Sat, 26 Oct 2024 07:00:00 GMT",RRI.co.id,wirausaha muda Aceh,google_news_rss
Paragon Corp Bimbing Anak Panti Media Kasih Wirausaha - AJNN.net,https://news.google.com/rss/articles/CBMilAFBVV95cUxNb1VacGlxalZnclBmLUZKbWVzbzVUbTZaUUlWZm9ZbVNTYXBJYngxR2E0WkZCSkdIWHRwUE9Na3ZPYVE4QlBHbWhRc1ZDVzVyYUszTlQ4dWJ0anFsdFA5dWpZWGp6YkpHNTktaWRhazVrbHdBYjV3TkhVRTdRTkI0bHVyN3lvUW9TeWswZ3ZfZFAtajdq0gGSAUFVX3lxTE8wOVRScnhEMXZTM3VZRy1tQUhldXVSZEJCU1loTGJRLTVWQThFVlN1alI5bWlhSC11YWpwRVZqZHFxREhMRDdUMXBnamdWYTloQVFkS3p6SUp3aktWLXFveURKbmFtd0FpNlBDNnYzdXdkdWFPbDQ0Q1pfcFgxRHpUTVk4VVBkQ3Z1M3VGTTVHbTVB?oc=5,"Sat, 23 Dec 2023 08:00:00 GMT",AJNN.net,wirausaha muda Aceh,google_news_rss
BSI Dukung Pengembangan Ekosistem Kewirausahaan lewat Talenta Wirausaha BSI dan BSI Aceh Muslimpreneur - Radar Bali,https://news.google.com/rss/articles/CBMi6AFBVV95cUxOSlFVZHcyNHV2VHY2X3BIWFZwM3JrSEFyaHlmaHR0SFNxQlVlOTlsdDdQVFRXeExyUEZhb3BQZGtwOHBuWjdfVGZrQmd4aUtPeEppTWhkRG5WT09KOHRJR1RSRFRuVzk0SngycnB3ZWZ6U0dURkZmdE5ib2duNTN4QlVZT1g1RTE2cmNSS3JoLVhoRE5QT2l3cXpBUWJjRzNCeWl1Zk5tcWs1ZXZkWDUyM0tnM1JwWnNSeEdzWkVYZUczZVd5TWpmQ3FkbkhOM0FzblhENksybUZnSDhqVlVUV0RQN1BrMGFs0gHuAUFVX3lxTE9PV1E4YmdyUlFQbEVxSFBfMFFzTnRWVnJ0clZLTzFNMXFUblUzMGVhN3hjVGkxUERRamZuVlYxb2EydzBSc0tNN19GNjR0OFpaU3MxNnZIMVR0dzFIdVBBU3R4cXNuUEdKazUzX3pIQjl5UHR3SEl2dzlkNy1tWDJEX2pvRFAtUllBdHVaemo5eGVVdlo0X2tJQ1NCWHh2VWJyWERmOEJBRnB0MGM1S1p6VW1BeENDdGVTMHZHNDJ4d2xiOE9GUUJTdVRqWV9MeTdPdmJFV2RvX0E5d2xTYkFPN2M2UGVUcFpvTG5yOWc?oc=5,"Fri, 13 Oct 2023 07:00:00 GMT",Radar Bali,wirausaha muda Aceh,google_news_rss
Kembangkan Ekosistem Kewirausahaan lewat Talenta Wirausaha BSI dan BSI Aceh Muslimpreneur - Radar Madiun,https://news.google.com/rss/articles/CBMi2AFBVV95cUxPX2ZJZjRBRjVqY2ZQaGJIazhIYndleEJTYXNkamtoWURmeHd0SzkyQ1FOVzd4ZkNzcG1GbjRlRmtRaTBocEdrQ0NhUnNQLXBIVjladk5yUnQ3UWtWaWpMWDItY0tUWVFlTHFCZ09Qb3laLW85Rm5pdzhYLWREdnRqSWZzRGo5c1d2TGIycm1uZzFzRE9OaU9IRjNZSTV1UWs2MFNzTDBFdnFabHdtSUk5ZzJOUTJsMDdySkJNVXRfR24xQTNBZEVLZWF3X0pFbzVCckJQdVpSUkrSAd4BQVVfeXFMUEVoYWVBS1B3RmEtUkJSWFBwU0YyS2tlNXAwQlB4VGFsbGY5YWhIcWJoWmhWdnI3cGNLNVBqeHZuZjd4UmZqZTFoeTdrdzhzSjYzOTNMZ255UzJ3M3k0cUY0ZDhPeERVVHVuWWVNLXJyODliajBPNlZtMUNudFRwOS1aRmk0aHI4WnQwbFgtbUgwLWVQMFprZzBWSXVwdnBGLUE2eXYtanpybVR0akxpMzVxOXlhdGZaUHUtd0pzTy1Bam9jR0tHWVF5dnVaYmVmVXVrLXl3S1JWTlR5U1ZR?oc=5,"Fri, 13 Oct 2023 07:00:00 GMT",Radar Madiun,wirausaha muda Aceh,google_news_rss
Dua Pengusaha Muda Andi Irham dan Sona Digadang Maju Pilkada Aceh Tengah - AJNN.net,https://news.google.com/rss/articles/CBMirgFBVV95cUxPMlRNejRianR4OFhlNk1zN1VIZTdVUjlFbnh6RV92cVJ2SGRMNzJUSTBnem45alBDWmFHOFVjVkZNSE50a3NiLW1CdE9pXzFQYUxPN29hUTMxeW4xVHFpUFlDUGVaOTFDT2JzUFBSMThKUXhYa2hJWEhvNlJJUWpfOU5feWVlZGFLSnR4VlFRZW4wWWx3RE0tZm1hVlp5bTFkVzZPUmMtWVVsMkE3YmfSAasBQVVfeXFMTUo3X25DYWdybnkwWDRHZkJEbjk5N2ptYmw1MnJVdnpJc08tcXVjUHZld1VGTGJWTkZ4RUx0M09XcHc2RG9QRGdLUFdPaE9mc095bG00UzctV2tjOVdBVjlQTENuTmtJTmdkVWhuZzdKcmZWUjJGVlp3X1NqaFc0NUJnQVhfSDhnaXlJN2dpeC03VlVNcDBoX1VvSHN0dFk2TDMtUDJ3eHJLR1Bv?oc=5,"Tue, 27 Feb 2024 08:00:00 GMT",AJNN.net,wirausaha muda Aceh,google_news_rss
UMKM Naik Kelas Bersama Wirausaha Muda - liputan gampong news,https://news.google.com/rss/articles/CBMiigFBVV95cUxQekVJTVdWSkJyNXRDZzNSQlF3LVgwV2ZQSERsaGpqclhqQnA3ckJOUjl6ZUhhNThTeDhFQnNaUWxwdDRaTU9VR19TRG11bl91SGFnVTI0d3dYTUd5WkV4a0NiSHN2d1RmRDN4MWRKd1h1QUd5VkZDdUduejdXT25uVGUtai1TUFlFb1E?oc=5,"Fri, 28 Jan 2022 08:00:00 GMT",liputan gampong news,wirausaha muda Aceh,google_news_rss
Mendorong Kewirausahaan Anak Muda: BSI Aceh MuslimPreneur 2024 - Warta Ekonomi,https://news.google.com/rss/articles/CBMioAFBVV95cUxPYlRuc3pMSEc3V0loZXJUdTlpQkd4a3dwSjZHcGpjR0h1dXZ1ZU1iYV94TmhQYlJQaUEySVVyTVcxeldRdDNrR1dPN3BibTZVWm1oVVU5NzlETlRHUm5CWnhqbEV4TWpFVHRGTk9jMFBJd2ZlT1FEVVcyQWZzOVJDWnNfSDZGZmExZ0Y1SzVkRGhxdC1vcXlrRUYtZkJzSnFy0gGmAUFVX3lxTE1ZWjM2eXZLSHVNWVd4X0wwXzJ5N3FTWXpCa1J1VmI5VVU1TkZkSDdjbFZmeDdvYkx2Ul91bWFQMlpTR2JOV1g1cmtGWDBuSzBVX0M0LTU1VG9DWDVKS29qOVZtNFdIaDlPLUhnbE9iMnpGTUE3MmlWZVU3RTFjcmRtQzY2ZlRDaFBvQW9CdU5UVTJwRWphdzNHVEREUHhrRmRNVlFvX2c?oc=5,"Thu, 30 May 2024 07:00:00 GMT",Warta Ekonomi,wirausaha muda Aceh,google_news_rss
"AMANAH Aceh Dorong Ekonomi Lokal dengan Program Kreatif, Selaras Visi Presiden Jokowi - Bali Express",https://news.google.com/rss/articles/CBMizgFBVV95cUxONDExMUJSUEJwVDE4MVlqQVBwa2gyNWt0TFFUdmkyak5wUXNMUzlDSlhrNmRsUWtTYkVZd19vb05yb1hHVThuVm55VTZHUUF3MFg2Q1lDb0lHdXBSaUN3VnZjVXRxVnNyZHNoWGhtcVNYdTQ5M3JObHVMcTRDZ3Jpck55T291UkNwdHl4encxazZURzdDRFJFOGNBdWpqUXZ1aU5hc2JfR1dJbF9laV9zYVBYejZzdmllWmhFXzVEcjZKd1dJazZGd3lDNDA0d9IB0wFBVV95cUxPM0Zuam1xTHhvVnZ2aExxWk9ueU1paTBaVjY3X21ld2RuWXNNWURrNXRGb0JMcVU5UnZ6Z3AwQjVaVFY5ZGRxTUFvUG1oeXoweEJkSlRpQXNER0E5YzhfWVNzUVF2MlN6UTNjV19YNTNaX3YxanltVUlZWWdIOFVrVG1JVnBXeWViNThRMm5qUzg1TnhISFhkeklxdkE3VmNnalFHVzBfOUR3VDFGWnNyQTRJUk45cWhacjRxaUhCRTRDWEhjQ095TnBlNEJfLUtlbXdV?oc=5,"Thu, 03 Oct 2024 07:00:00 GMT",Bali Express,wirausaha muda Aceh,google_news_rss
BSI Lahirkan Bibit Wirausaha Muda Unggulan Aceh - Manado Post,https://news.google.com/rss/articles/CBMimwFBVV95cUxObUlHckZPWkdWSHl1ekVWQkhWdmhLd3c0RnU5VWItN3R0UTV5QnBSWFgzUEgzV3ZVclF0Qlk2bTZrUGJRNW9mWlRrakdwdUNsX2x1UUZ0VjdJbm90VHV1MTVfWExtZXJpNF9lZzVjVVI2RmYxRnhQNEhBOWZ2clJkc3NwUHVjbkRVNTRvSnQ0cW5NZEZjX05sUk1HQdIBoAFBVV95cUxPdWtqZnMzdmJqcXlRbjFMZmF0eUo0MThNeV8tTVliaXhtUTlDeDdhdGxTenZtVkJrNW9aLUExeEdaQXlHTWVBRnNYTHVEN0hhclNmYWsxWXRpR3VIMXo4M2cyZVZoY0xoMy1tREpBV2paQ091c0xLSG8zc3JpWXZmNDBHVVpxYzlmdk05X1g2ZTZwOE1PaVh1VGFwREl6cUtQ?oc=5,"Sun, 27 Oct 2024 07:00:00 GMT",Manado Post,wirausaha muda Aceh,google_news_rss
"Bangkitkan Jiwa Wirausaha Santri Dayah, HIPSI Gelar Wicara Santripreneur di Gedung Landmark BSI Aceh - Serambinews.com",https://news.google.com/rss/articles/CBMi1AFBVV95cUxPMUZOQTBzR01vT254Tk9ldDkyQ2x0Y29sdVZTd0JZV0lKdzZpRjRObTNMa0JINVpHX0UtbmZiaFVqUkJvMWI0RmQ1Z2pRNzF0MnJwRkU4V1F4SjZVZFQzaHJOc3lvVlNPelA4WWN3LUdOQ2JRN2lNYUE4OElKUlkzZlNqOGdtdGtFMktIVmRpYnRyanJCc21wSk41ekpIRFBfY3g0YkphcFZEamxqWU1LU3lROF9kWDVHbVdQVXh1Z2x6dGtQYi1COGFncl8wS2VTdm1oRQ?oc=5,"Thu, 27 Mar 2025 07:00:00 GMT",Serambinews.com,wirausaha muda Aceh,google_news_rss
"Bisnis Kue, Wanita Muda di Aceh Besar Raup Omzet Hingga Jutaan Rupiah per Bulan - AJNN.net",https://news.google.com/rss/articles/CBMiqwFBVV95cUxPejhRRDBJaV9vYjFZWkFITGxwZm9pN2RsVXFrWWdlQ1lsaGlCbk1oVEhwX2RoUzVVTGRiLTcxX0NSMkxsWHMzdDhOZWliOW9Tb0RTOTR5ZzhlaUIxZ1RqbVZSTTUxVkVsREZhVVdNMnItYjNSZzh4N1lrSlljeUlEWWFpN1huYjNnVmVmQ1NmVHk4TVFucTdEb3ZIdjNGQXVMb0dxSm5UWmRrV1XSAagBQVVfeXFMTjh4cGlqOS1meWM3Vkg4a3d1NDhYaVBLZXFZeVVEOUs0LW56NU94dVFkVUp0SHpvR2VoS0NZSHRQOHVPbk5HbDdpc0dkYlQtaWxWbWdWc3RaTXRQVmMwRDBpbW1qTzBfbmQ1TS0yeG9tV3c1ay1LQnBlYU8zbk9ieU5kd3RrcnZ0QjdoQnk3aUEtYnB1c0FkSXZnaUxad3I5WTZDX2JHcklM?oc=5,"Sun, 27 Feb 2022 08:00:00 GMT",AJNN.net,wirausaha muda Aceh,google_news_rss
Komisi X DPR-RI Ajak Indonesia Contoh Banda Aceh dalam Modali Wirausaha - MODUS ACEH,https://news.google.com/rss/articles/CBMirAFBVV95cUxPVVdxaDlUZmI1NWxmVkNGSTIzcFR5cWg5WUVnREdjNDdkcE5zdGpGd0hOR3VtSVNwcGlucV9TZklQTFpZTkpFU3lObEl2U0k4enNmSkZKVTRWeFVlQzJaaWtfS2RuMHo5bUk4WmluSFdKdmZkVjlKdkdmMWh3SmNyUHJBXzdGVWlzQXhtTGFEQXpGTUdYOFhqQ0hBYmxrZ2pNTmwyZ1hXUGFZanJG?oc=5,"Sat, 20 Mar 2021 07:00:00 GMT",MODUS ACEH,wirausaha muda Aceh,google_news_rss
BSI Dukung Pengembangan Ekosistem Kewirausahaan Lewat Talenta Wirausaha BSI dan BSI Aceh Muslimpreneur - Cobisnis,https://news.google.com/rss/articles/CBMixAFBVV95cUxNTlY4Y3h1WkRjOWZHaGpPVC1xeXp3OF91Yklkd1V0UG5DdEhMUHVuMmVXZmpoTmVyMXpIMk5SVUV5QWg5aDhvX1hRdGJSRjQzTjl4eDVqQVFIRFZzajBkWVZ4VUFXTmlQSzBEd3c2M1dzV2t2UXY0NVdrbHBmZnl6dXV1bkhZS1hQUGNNMklWNnZ1SEV0MGpyZzBid2ttck8zbXdTaGUyUTQ4TTgxWFVtTHdfWHNOZVRTZUJObTRYYTdtZzVI?oc=5,"Thu, 12 Oct 2023 07:00:00 GMT",Cobisnis,wirausaha muda Aceh,google_news_rss
Puluhan Anak Yatim di Pidie Ikut Kegiatan Seminar Kewirausahaan - Serambinews.com,https://news.google.com/rss/articles/CBMipAFBVV95cUxPb05nUGgzQjlvLVlMcktTNV9QNkJnREhxUTY3UGxkWlFDMW9zR09NRDViZEp6czVBR1c1LUx4ZlZFa25fZXpEQ2M4X05VNi16N01MMHhDVkZfd3RBNEFTcFM4U0dCblFsODR5N0tQOTRVdlJhclA1VTBKS0ZYX1dTRUhuNXVuUTlDRWMwUGg3TlUzTHE2WGR1UDFnZHFoaWNyTW5WZQ?oc=5,"Mon, 04 Oct 2021 07:00:00 GMT",Serambinews.com,wirausaha muda Aceh,google_news_rss
BSI Roadshow Onboarding Talenta Wirausaha BSI 2022 - Gemarnews,https://news.google.com/rss/articles/CBMiekFVX3lxTE91S1c3dE9VR2tTVGhlNXMyNjZIMzJpUFNXalFPMnU4WXlaZDhMMUxxM2lGbDFvQm5OWU94aVdmSWpseUhQUHVIVEhwZHRYbDhTajBIT3UzTTZFWXM0VHFjcUFUYUpBTzhhZkQ1c3pDUE9zZ3RDcmFMU1ZB?oc=5,"Mon, 28 Mar 2022 07:00:00 GMT",Gemarnews,wirausaha muda Aceh,google_news_rss
"Perluas Kolaborasi Industri, Unsam Dampingi Pengembangan Budidaya Nilam Berbasis Inkubator Bisnis - Universitas Samudra",https://news.google.com/rss/articles/CBMixwFBVV95cUxNSWNmTkpGMWlfQk5QNVEzQzVzWngtbFRVSC1ZTExBVG9vcjBvT0RfR1RPcmJoY0dsT0Z0TURDdEZTeHlsTGN4T2RDQ2xxNUpsNl9JOU50RlRySzRuenVjZjRCdk51Q2FPMFdFM2VaX2ZiYXZmVHc2aWpDajd2WU5EU2NiNXVQSHd5a2MwdkFkVHNVdGFsMFZfWnpFd0tEY0ttN3F4ZkVTMkg5QmRyNGVuLWoza3FmeHpYeUpZV0VnTHhMNzJxVnpz?oc=5,"Wed, 08 Jul 2026 07:00:00 GMT",Universitas Samudra,inkubator bisnis Aceh,google_news_rss
Prof. Apridar Pimpin Inkubator Bisnis KAHMI Aceh - Pemerintahan Aceh,https://news.google.com/rss/articles/CBMisAFBVV95cUxNelNzdWlWZzZERmJlTnkxVGkzaDZUV25DWFpqWUU4azZJNTBzRkMwUXp2eEdENGd1WTlteXBHb2cxSm5oU3c5WmoydFNuUDJEbUk5YjBTUW5haFU1SEFOVUZGRWZrMW1zUGVkcWxJR1VuNlFPZXhqLVBOMlVWeEtXOVo0QmhKTHh6WFI2STZuYlV1RjEwejV1b1JYT3dsNm5HUWtMNUpmSkhsVlF5cl9ZTA?oc=5,"Sun, 08 Oct 2023 07:00:00 GMT",Pemerintahan Aceh,inkubator bisnis Aceh,google_news_rss
BPDPKS dan Muhammadiyah Sosialisasi Inkubator Bisnis UKMK Sawit - bpdp.or.id,https://news.google.com/rss/articles/CBMijgFBVV95cUxPWTg4ZnN6aGpMRUhsdF91YjlJajFhbjNBcEh0VVJjYjF0TVV1SnhySFRHc3o5VjZtX1pEMXVyZDlwWFRqZU9pTWlDb0FaVzRvUGlwZE1rNXllcVpka2doa05QQ01Zd25uZ2xHT1hmekpoWVdvNlBjWDIwWWNLSmE2dGhCZVNZNUNZQlpxVDRn?oc=5,"Fri, 18 Aug 2023 07:00:00 GMT",bpdp.or.id,inkubator bisnis Aceh,google_news_rss
Kemnaker Terapkan Peran Inkubator Bisnis di Sejumlah BLK Komunitas - Dinas Tenaga Kerja dan Mobilitas Penduduk Aceh,https://news.google.com/rss/articles/CBMiygFBVV95cUxOT19iOHdBRG1mYnc4S3pxeFFmOERBZW5KZ2p4VlVlSjNEa0JPMFNxX2tHc292OVBSYzdTNW95a3hxN051QS1uZnFmQ3dxNXBYNWhVcl9xRE5mV0FTaG1JeTZ4NXdCaTQtZXFHUmJDZlJFSDl5WUQzWkpLZFRkVUw1Z2h0MDhpaXVtZFBKR05jRjkyWVZoV2lIallJRjh1Szk3S2lGUzlCWW5hckJiNDZ1aEhGdmNXVlhXSUtKZUtIWmNBaU9rNFNjS0JB?oc=5,"Tue, 15 Feb 2022 08:00:00 GMT",Dinas Tenaga Kerja dan Mobilitas Penduduk Aceh,inkubator bisnis Aceh,google_news_rss
Wagub Aceh Terima Direktur Bisnis Jasa Keuangan PT POS - AcehEkspres.com,https://news.google.com/rss/articles/CBMimgFBVV95cUxOSlNjVzNTMXE5R3R5cWtWT01PMmdFVUFrQmRrRmx4R1pfUEkxTXFSUFh3ZnhHLW9jWTM4eEZ1eFgxajlOZUoxdVhINDE4NDRtdE9rT0dTTFJGajlrWTgwRURfLU5VVUp6UVFualNSYVFmc2FMeW1EaTZOSDFneGlZblB5WTFLbkNmZjFTM0JvckdEZ0VqLUVSY1dn?oc=5,"Sat, 13 Sep 2025 07:00:00 GMT",AcehEkspres.com,inkubator bisnis Aceh,google_news_rss
"""That Groen Pomade"" dan ""Bumoe"", Dua Calon Startup Binaan UPT Inovasi dan Inkubator Bisnis - UnimalNews",https://news.google.com/rss/articles/CBMiyAFBVV95cUxQNTNaSXlBZ0xVc2VqUDM3M3JkUDRyY1drR3RSTEUwNFlVeG8xZWdaOEo4NVpKMTZHamhpUlVET3o1LW1IVG1qbmRKWUt2S0EwaWNIZ0NhNHlnOXlHTDRDNXhUcUNJV01MOHhpa1lYR0xFeXVGSlU1WVY2UUw0TjlzOUZnSFZyZHNrUmZfQ05jRkN5UnVRalVmZFNWYUh1NVF3MXVSeE11bXgtbVdINFliT2JGcXdDUEVIV2F1eVFfclFRNkFfaHd3Qw?oc=5,"Wed, 25 Nov 2020 08:00:00 GMT",UnimalNews,inkubator bisnis Aceh,google_news_rss
USK dan Universiti Utara Malaysia Jalin Kerjasama Strategis Majukan Bisnis Mahasiswa - acehstandar.com,https://news.google.com/rss/articles/CBMixwFBVV95cUxNNEJQQ1pQdGNiUlJObGFWcWFzUDRvVks3akttb2E0QVk0TWFDMHBNQVVPaDQ0OEwzQ1Rjb3Q2Unptd1UxR1liZUxIYXdKbXA1OC1yd2VtaVdiU2wtTjNHbzd4VHpVUWRMVWJueUZZM0VXMVFRcGVGeTAta1prWUc2QkN0cjM4bWllQXN2NVFaY0Vhd05sS1I5WERQaVo5RDFMNFFfNjFRaUxOR2tnX2gxcGs1TzNjTzYyUGJfR0pVcVZ4SUtkNk80?oc=5,"Fri, 13 Oct 2023 07:00:00 GMT",acehstandar.com,inkubator bisnis Aceh,google_news_rss
“Mak Rah Pireng” Raih Penghargaan di London - Kompas.id,https://news.google.com/rss/articles/CBMie0FVX3lxTE9KdkRHNDNrVmtXODF6U2g1YU5qbm5Pd1VpRmhTSXIwazJZaENqTjhQb1BvWTQxVjA2N0FrZDctUEo1bGNnLXA3QmphLWRJWVhVR2xzVXJtaHl5QXRnSFVnczZmZk1BdU5CQ290azg3eHBHclFoc1RBX2FkSQ?oc=5,"Tue, 29 Jan 2019 08:00:00 GMT",Kompas.id,inkubator bisnis Aceh,google_news_rss
Terobosan Aplikasi PINTOE LLDikti XIII Mendapat Apresiasi dari Staf Khusus Presiden - aceHTrend.com,https://news.google.com/rss/articles/CBMiwwFBVV95cUxNTElOcFd1bGlyVk83TElZeHZKWm5PNk4temZZSzU2Z19PNVlpS2RmRFpVSzZ0Nl9ZQ2VmQ3BNUWFrNzVwYlZTZGx0WXRkYkF5bkQ0amV4WjhvWmhTc04xeTlETWRSVW1ia0FVUV9ucnpUbFZlWGZXVHZpX1RVLWNaNEtSSE1kalQxVm9wMDZvbXBEc1kyeGVkcjM1RlN3WnVkVFZxNHh5WS1NSnlaQVk1MkwxRk5ONFR5RGVrNF90YWZFN1nSAcABQVVfeXFMT2RyWXZGaWhFWERXS2M4eW13WWp6YVU1cnFiaVpxM0tsWm1EUmI2a3E5RWxnM3VMQ0JHLTZaX1RBemlYUy1KelRlbTBKT21wZ0Z5YURRdDV1NGdpcHZwaUJCejdSbHM1N2FCVGk0NjYyYXJRcHJDTFlaYWU4N1RnTDVhQWo2SDZGMExGNzFzNm44MjVZY05wbGpSaHFvbm44VG8xZEQ0REEyX1RPbG9pOUljQ29RY0JJWW4zdDBVd1Rs?oc=5,"Fri, 19 Feb 2021 08:00:00 GMT",aceHTrend.com,inkubator bisnis Aceh,google_news_rss
Universitas Malikussaleh dampingi 44 pengusaha pemula - ANTARA News,https://news.google.com/rss/articles/CBMimgFBVV95cUxQeEZYQVdrd1pLR2hHaUpkTVBnQ2J2M2FJM0hMTEJ4Y2VLeEVxOGY1YU8yeDlBQ1FnRmRzR0h5eVdsZS1yb2VZUFA3UjRKdDI5THc3dWdidklkTkZ6SWpENWlrSjBUdG90QjNKZFBwQUVoRW5kdURLVGp2eldsTHdKMzFNdlNacmpISUtuRkdENVhoQVlaNGxlbDBR0gGcAUFVX3lxTE11R1RiOVByS2VoSzduWkFyWE0tcF8xNnpoYkdrRXZzVFFVOTRqU1VRQ2J0VUxuR2E1dTlnQ2xKa1hwOGFOWnJNWDFUcTdMVG9qS0RGcUFOYTNzNnl1dWJUa21hZk1Ic2xVTWNzdW9PanZhVjd3ZTF1VFNlUXNKcnRsdk5Fd3VuZjBxVDAtVF9QM2NvMDJ5aWZEX0N0Nw?oc=5,"Mon, 21 Jan 2019 08:00:00 GMT",ANTARA News,inkubator bisnis Aceh,google_news_rss
Rumah Produksi Madu: Pengembangan Usaha dan Perluasan Kesempatan Kerja - Dinas Tenaga Kerja dan Mobilitas Penduduk Aceh,https://news.google.com/rss/articles/CBMizAFBVV95cUxPdDF2LXl4eVlmQkZreFN5dWRiaF9BV2RDVXJ2QnBadjd3dmRmXzBsRGNDZ3dSaDNsWWU1aXN3WTRrWkJRQ3FEdG9SZzktMV9YTmhFN2lXdlY4Q2d3ZS1uWFl0RC1rY0VDMDhncWk3ZzY2UUVWeFpCYzc1MmJEQlByZUtKaHZha0pqQjV5bFNOTE1YelM0aE1CQXRMaUt3S2lRbmp2UE5ibExMYWdfTHkydEVkc1FBZVNSb0hRNkU3QzZmQ2daOVdPRFlWNFo?oc=5,"Thu, 31 Mar 2022 07:00:00 GMT",Dinas Tenaga Kerja dan Mobilitas Penduduk Aceh,inkubator bisnis Aceh,google_news_rss
Lahan Eks Terminal Keudah Disiapkan Sebagai Kawasan Open Space serta Pusat Bisnis Terintegrasi - AcehEkspres.com,https://news.google.com/rss/articles/CBMizwFBVV95cUxNSW82cTQySWdjaUgzSEE4TzNBd3pkT1VQWHExaFdESjhaeEtoOVo5Qkc0ZjZBNE0zNEZkdWtfN0xvNzBBLTVwZEZhVE1NYVpJeG4zR1E5UWlDZTFQcGg2NHAzakFXS2JWaV83X2NkZmtVWDV4VGxoUmczQW4zOXNmX0xDMzNlVjUyQmx3SklVRDB0MGpJbEhBWWFCRXdONkFVVEk3aXRyN1VZaTFNaG9mT0cyZk1sWTFjMUktMGdzM3B6LUxCS3J0NUhQOTZCY1U?oc=5,"Sat, 25 Jul 2026 07:00:00 GMT",AcehEkspres.com,inkubator bisnis Aceh,google_news_rss
UIB Disnakermobduk Aceh Pamerkan Beragam Jenis Madu Asli Hasil Peternak - Dinas Tenaga Kerja dan Mobilitas Penduduk Aceh,https://news.google.com/rss/articles/CBMizwFBVV95cUxQeTEyeVU4aHFrNFdoZlEtSXdzQmRfT1ozSUhibHlXamp2MnpTQVRROS15azRSVzA4bzZFQWVGWlk4TVloakExdVBqbGxsWjFuY2JpQUhRVDBNV3EzN2RfUFM5MVhVcnVUX3dtZ1VJX0ZRZHRhUm1sa3R0WHZoSnJfT1RrWmFFRTJqc1pQNTN0OXAtX01yOGZ4RTlibGt3MjVWUl9sQ25ZOTJtQVlCZVZCdlR5c3R0Q0hhN3FuTkw1cER4bDBOMHVFeU1qZk55cm8?oc=5,"Thu, 21 Jul 2022 07:00:00 GMT",Dinas Tenaga Kerja dan Mobilitas Penduduk Aceh,inkubator bisnis Aceh,google_news_rss
Mahasiswa UBBG Raih Juara I Aceh Business Competition HIPMI Aceh - aceHTrend.com,https://news.google.com/rss/articles/CBMiqgFBVV95cUxOM0lIa2oxekRpWEJYTC05RkRjSGdyUGlqOVpDN1p3SUlwa1JaOV9XQ0JuZkFsRndJREVid0xZUkplX0tTaElELWROU1JtV1pfc3Z1U1NsUlFRdVNtUnplT1ZHdEZCRmIwNXpaZ2VObUxMSmR2UzRiTjdyMzZPYXhiZEVKV3JDZjh2NjhHY0dxU3ZOMkpWNkVUdDhOb1dTRHVmUzNtemkta0s1Z9IBpwFBVV95cUxPbHJJb2xNNkJ1THFNbTVRc3lYU1psN3k1M1FVcVF4ZVBndldFbGtLRjY2aVBPQWFaWGpHb0pHY0M4U21UTnhQbDREd0pGNFo5QWZmcm56N2tkMjFJaTEyVGhhTnFlZUxFZXlQWDVlaGtFYXJqT2pQSUpHTWt2NDgxQWZ3cjRIcHN2Y3g3V29ZTlNVdGFjd203UHVtcjl0VmNva1B2VVljOA?oc=5,"Sun, 25 Sep 2022 07:00:00 GMT",aceHTrend.com,inkubator bisnis Aceh,google_news_rss
Astra Bersama UBBG Salurkan Sembako untuk Warga Penyintas Covid-19 - aceHTrend.com,https://news.google.com/rss/articles/CBMirAFBVV95cUxOVVloc2lISnpvdG1rckdsQk1RandfUngyVTJxQlliblhlaEE3b0JnTjJpYXpKNVZ0ZlhWWWk0SjFWanJFZlp1RkZiUVVtdTlkOFpmTURHdVhSTTExcEpDNDVVSWZ1b2ZxazJPSWVHa0Fkam03Yk1BZzd6ZlJ3UDRMWkZ4czdPOC13c1ZvYUhqMlFuQ3gzLVNFdTVoSmJ1Ykc3SW9EOERNSml4NXBa0gGqAUFVX3lxTE95V24ya3Z1SUt4d2MxLWRJMWZScEYwZ19aNFJiWXpsbjVZZGFUY1QwOU43d3lMY3BsRllOM2wxYzRKaW1mRWJoc1lFdDBTS20yYTF5VkdHR0Y4SUVUSkRJdTM3aGdPUndlck0xOE5EdVNPZGFQdFFaQ2tiSlZHSXNUMHZNQ0wwRk9ISzd5QkVGLXpPdTk3SmhTX0RNUTFGZV9fcGJsekhPNEFn?oc=5,"Fri, 24 Sep 2021 07:00:00 GMT",aceHTrend.com,inkubator bisnis Aceh,google_news_rss
Semua Parpol Pemilu 2024 Tak Penuhi 30 Persen Caleg Perempuan » - dialeksis.com,https://news.google.com/rss/articles/CBMilgFBVV95cUxNVDZVWGVBbnFpcmU3ODVEMldKcXc5ODlSOVZuSnBFVHdUN3NDMkg3bHp3dFVWMHU5MENhYXEyT0FmdnVWcXBPMXdBSm1wZjcwYWsyQ0ZTU3B2d3lJYXJUTXJPendPNHZrOTZySlB0VFJSTzNBZ0I1Q3ZUUzh0RTJWVmI1QW5wdjByVUdFeWpVNUE5bk56LUHSAZsBQVVfeXFMTVJza2NRR0FDdEpXSFBKUGFOM0pqTGNtcHdPcVc2d3JWT2JBS2tlNWo2TkZCUTJ6UFd1ZTFhNE5VWVowU2JNcWNBd2pxY0lTX1NVeEd4Y1Y5OGxDQXU0WHBOTTNRS0dBbzRYNVJId29fN0RtZlpRLXZNWkFaSEh3RkJFZHdiWFdhZXloYkpKQmRMbnlJdHdscnhpVnc?oc=5,"Sat, 07 Oct 2023 07:00:00 GMT",dialeksis.com,inkubator bisnis Aceh,google_news_rss
Unimal tuan rumah sosialisasikan program Kemenristek Dikti - ANTARA News Aceh,https://news.google.com/rss/articles/CBMioAFBVV95cUxQTHVPc1kxQWJKZlZLWUE4RUszUmw1NkN0UFp2RDE0THZ4SjhXaHo4Sm41V2ZYcmNDbTc4Y0UxallYMm94UFROazRmMU1wVEJoaTNUa1N3V1NtdlV3U1pCNk5Od1JRVkdTM3F5VU5fWTZmVm5hUzJEcEk2bUhDNW9OTUZKUFEyZ19udS1PSVR4cF9MRERTeDBWSWstOXN4NTF60gGmAUFVX3lxTFBEN25mREttLXd1QVZ0MlBESU5KemxDQTZjbjlCMGV6U0FhSWdqZW9YWE13ZXUtcXRZOVFhaGQ2RS1vbkJoT1ViUEVpQWdLTzFSNmlTS08tZVpwVkN2bUVMTWZwV3gtWXNSbjBkbndaZG5fMGFtR3FhNU1ycUJpSi1NWENIb0ZQODhUd25GNmhOQ1ltUFV0Z3VITVcycFFSTnZidjhldVE?oc=5,"Sun, 08 Jan 2017 08:00:00 GMT",ANTARA News Aceh,inkubator bisnis Aceh,google_news_rss
Stafsus Presiden Billy Mambrassar bina IBT UTU Meulaboh - ANTARA News Aceh,https://news.google.com/rss/articles/CBMingFBVV95cUxQSW0tcEE3OGN2NTdSQnBsN25kVGZrZWgyN1R1YkVJRXR3WXAtREZhN09zZVZOdFk1QllYOGRiRHc4Rkl0bE1sQzBsaDROSG56UnU0NFdRTWd4aXZGNjVITDc0Q29LNjhrVEdYRUlYczh4SF9PMEsxNVhUOWNaRDRvaWVOUkxVZm1rZHJQYzNjY0ZOZjlwRmR4SWk1SklEQdIBowFBVV95cUxNSVpMNEc4WHEzbFNmNFlfS21Cb1pEYlZzeHNQakVua0dwVHV5S1hDVnR1UGM5SGxKSUVkQ0NtZ2lMU1JIZXZUMnN0VVJtYW9nRjlFSnNKLWxPZzBTMjAycE5KYXRaRmZYdzJvNU9hX0FDZVlONVBFWENmTGlSWVdhamxlY0ZwNzdMc0w4bnpsUGxaQ2VyWGphRGpDNjB3VGcxT2dj?oc=5,"Wed, 26 Feb 2020 08:00:00 GMT",ANTARA News Aceh,inkubator bisnis Aceh,google_news_rss
Sabun Cuci Piring “Mak Rah Pireng” Bimbingan Unsyiah Raih Juara di London - aceHTrend.com,https://news.google.com/rss/articles/CBMiswFBVV95cUxQR0xoaVZfUTBKVmljQ0Iyc1pfSjNVOWl5LTVuSXd4QU1oaXBNbnRhSU9RazRJVmdwRy1nYzZEMi1VTnhKZUVmd1BjMTN3NEt1aWtTVGk1eVNRU3FPRUVnYzBmMlRFdzZmaFlfOVBjSGhVUkFxamx3WHJvUGNHUDRocHRMTlR4NjVDUkN2aW00N2VIay1BS2xwT253SE16X0hXQ3JfakhNN0tDMTBPTDZBcWhsRdIBsAFBVV95cUxNcHVITkFqYjhpVDd4OTZGME1JNXB4aTZ1RFV5OS0wLUt4enNmRnRzWG4xY2tncE5ORmlaSTVXeVNzWThaRTFMT1dqSm9lTGNnT1VndWRaajlQSUMtU043cTJCMl9HNXAzWFdZR0FGTDZyZ1REQzdxZ0tNc3lwYlhuWXl4dS1ad3Y0cjJ5WHZBanpSMG1zMjQ0dF9OLVFrdFZ4X1V0YjZ0bk9RM0RHb21scA?oc=5,"Mon, 28 Jan 2019 08:00:00 GMT",aceHTrend.com,inkubator bisnis Aceh,google_news_rss
Keterlibatan Lintas Sektor Dinilai Penting untuk Dirikan UPT Lahan Gambut di Aceh » - dialeksis.com,https://news.google.com/rss/articles/CBMirgFBVV95cUxPZFRuM0xpZE1UV3pNbVVNZjd6SHpwcDlNM2JWUEpOclZGeUdrUmVYVGVXYk5JTmEtTEdvZGlkS2lxenNxdUFfSkEzblQ0bzJHOGNLQUJCSUlIMUNjeVV5RjJKRkhkUXVKSE5uNEFoVURmY29HVy00alNZdU9uLVQ2ZmFDbnlIcXQ5RkxyUG1tMkxnR2hLX1R6eGlUMHRJTkVSYTV5XzlFM0pPUGxRelHSAbMBQVVfeXFMTS0yYXJtMlYzMzhaSXFkaWZIR2I0eDBXcG9obWVvUXdCeVEtREkzV0hMVWJHZ2d6Y2UtU2puQzc4TE52VHlIWFJveThiSU1MT1dLOG5lTjdYTWlMNmdNaVdMaUJQN3JodVBscFlvTE02bi1jWTJuNXp5NWhMeFlpU2R3azdHSEJocTdKYmIwNEtONXNGa2NRa3h4dDdmRWxkYjRfcFkxTE5VMFVneUVBTDJBRXM?oc=5,"Sun, 08 Oct 2023 07:00:00 GMT",dialeksis.com,inkubator bisnis Aceh,google_news_rss
Touring ke Gedung Amanah: Wadah Kreativitas dan Inovasi Pemuda Aceh - Waspada Aceh,https://news.google.com/rss/articles/CBMilgFBVV95cUxNX1d5TGhISTdvc0dyUzhuZURBUl9CX2pFeWc2LXcxeThpaExIQlNJblJIenB0UzdKX2Q1a2ZuUUJGVVVOOWZieFRVV01NXzRqRkpDaVN6VjJEUURKLWRFYmdjYW1UM0F4LWhlc3ZRUHVZeUN6OVFOOXZzR29tVkQ4VTViTWxRUER1dmNOMlREWkhGQnFTbkE?oc=5,"Tue, 10 Dec 2024 08:00:00 GMT",Waspada Aceh,inkubator bisnis Aceh,google_news_rss
Mahasiswa STIAPEN Nagan Raya Berlatih Bisnis Kuliner di Medan - AcehEkspres.com,https://news.google.com/rss/articles/CBMisgFBVV95cUxQMWtFOW1zSHJvVXUxQVJOV3dDR2x5aXhHZDRQWEFLc3VVaEp6Z3FjTDZ2WXdzTnByZHhYOTNnWHlKWFFWSmFDV29qVjluU0ZjeG5uYWNWWU9DT3RxblM5TEp0REJ2RnFQSW9Tbk1rVVNaQ0NZLW5RWjJLTnFGaEQwUEp2TUlGVHd4Qkc1Ry0yMkJBQ2NwX3VSQS1LOTQyblJUYmdMVGVYdXU2NmlMYTN4RlFB?oc=5,"Tue, 16 Feb 2021 08:00:00 GMT",AcehEkspres.com,inkubator bisnis Aceh,google_news_rss
Prof Syamsul Rijal Dilantik Sebagai Koordinator Presidium MW KAHMI Aceh Periode 2022-2027 » - dialeksis.com,https://news.google.com/rss/articles/CBMivgFBVV95cUxPeTA0TXhidmhBVXI4eVZpVGNqcVM2TFBCYVNzZ2k4VWVIRk9zSnk3VWZVcG1JU1FJcDE3WXRpb0phaldlQWl3TVFLOWVhcm9HZEhDcEVJcmVudlVQRGl6MTVrSzRsRTRVYzJzODdlTXRnLUtHZldKT2wxWGlyc19PSXQ5dVZUVWp2WHJoMjVOaVlFMUdZbHFHVE5IcTJWOE92UHE5X3d5TXhVN3VIZVNMaV9FTl9IM0pjUGpaZUtn0gG-AUFVX3lxTE9KTzJXWnpuS296NmZGX085bzBrdEdJdGFsUVRTcDJJWi1JR3FxQmlDRFlIQ0VkYjV2bkVidGUwRDBBLXZCc2FhbjhJOFBFajBuNElKMk1ja2xhVDgyb09jNUlRTHp1LWI0ZTE4YnVka012NXEzei1ENzlwNURRbTVucWhYUkctMUtjTll0Zm1jdHhEc016UHp1d3NiWDFmRFFIX2dTN3hpZUdFZWtQeWotRGRldkluZlZDekxvTnc?oc=5,"Tue, 03 Oct 2023 07:00:00 GMT",dialeksis.com,inkubator bisnis Aceh,google_news_rss
"Mak Rah Pireng, Sabun Lokal Aceh Yang Siap Masuk Pasar Nasional - ACEH BISNIS",https://news.google.com/rss/articles/CBMiqAFBVV95cUxNSHlMSkdIWE1IS3RiSjJVYlpoVXRyMEZHSlZpckpBb3E5aDllNXU0b2IxUnNvRGp4MUowano5TkxDb2xOMmNJZDFMU2VZbDFvbkFSOEE0d3pBYnlrZ19pNExLWW8tX3JYcEl6R1c1dzVhOXl5dlUwcFBVY0VQNWN2OTZfYk5JWF9KcDJvU2N6UGRCQmhEaHZJc19ONkk0OWt4eGMwa2RXZEg?oc=5,"Mon, 21 Nov 2022 08:00:00 GMT",ACEH BISNIS,inkubator bisnis Aceh,google_news_rss
AKN Aceh Barat Daya Buka Pendaftaran Mahasiswa Baru - ANTARA News Aceh,https://news.google.com/rss/articles/CBMilwFBVV95cUxPMnlMUldMbjdVM3l0eGkwdGdLNkMxdnUzaVE3VWVXaVNzSGxPcnJsc0EzMldkdG1sX3lidEIxREpqM2o1YjBNYjQxQkhFQzNDWmhZNG96bHpnR0pJbzZGZU54R2ZhcE9uNl9NVFh5ekI0VUhpalljdW41WUxOQkUyMHk0U2pZWjZleU50dmRZQVVfNUU1THlN0gGcAUFVX3lxTFBBMkcwalItVmxkSk4zNDZVZDA4amo2VU9qRDk0bjFfV0ZqTXd0WUZtTHRsWEJmdVRKTU5PR0dZSU9rWlBwNFBiam9qVjJEZG1QMEQzWnBmWEU4T0FZZ3pjLUx3MXBKZUJkdkRlYXNLc1NhclZKSlZmczdmN2ppSjBCUE9GWkNJbjBGRWtwd1FBcUVtVTVlU1hFRHlWTA?oc=5,"Mon, 25 Aug 2014 07:00:00 GMT",ANTARA News Aceh,inkubator bisnis Aceh,google_news_rss
Rumah Orang-Orang PKI di Aceh Diserbu Massa » - dialeksis.com,https://news.google.com/rss/articles/CBMifEFVX3lxTE9rLThYbVhFTGxNXzdCOGgzMS1fcHpDUUEyNUJya2RKcTljXzNJR3NLeDIwblZ0MEJHenBGc1ctd2FsT3E2b2syNk1EWlFfWjRGUFhib3I2eXQ0SUI4X2k0ek55TXRRTjRYV2cyUERjRHNuOVdrMXVQUWpfSjjSAYIBQVVfeXFMTW9fUXh3MHVIRXg1eGp3a3hTODBkQmZKVXhQeUtIR3lKRHZRdmNBcUNhRzVfamMtMGFFbVFVX0tQSzdLMWpNc2FKOGpERFk3ai1UTno2REhRWmgzUmhlZjV2WmlFME1Ubjlxc3h4amZBRGpmM0tmQl9nclg2Q0MwWmh6dw?oc=5,"Sat, 07 Oct 2023 07:00:00 GMT",dialeksis.com,inkubator bisnis Aceh,google_news_rss
Melihat Budidaya Linot di Kebun Kurma Barbate Aceh Besar - Waspada Aceh,https://news.google.com/rss/articles/CBMiiAFBVV95cUxNN0lLTFRSVFVlMUhSelhZVjdSdGJRdGVrUDlNOHM3YUVQNDE1V3AtZWE5OTd0cHJ6OFU1aDlNSDF5VTlranZVaUREQldxRXlOSHVza3pCZG16azMxeHZ0cFlwb2pmYXktWGc4UHNjMm5uN09HZi1oVDQ3NVVFTWdiOE9hMFV3Njc5?oc=5,"Sat, 30 Sep 2023 07:00:00 GMT",Waspada Aceh,inkubator bisnis Aceh,google_news_rss
"Survei Cawalkot Banda Aceh Dibantah LSI, Djayadi Hanan: Hanya Untuk Konsumsi Internal » - dialeksis.com",https://news.google.com/rss/articles/CBMiswFBVV95cUxOczV5TEM0bzg2Z3Z0Y1FnUGR3d2pMclUtcFVaQXVoUVZrNFlYWXZSc19fV2J1elZWb2VLQU9hdExuOXIybkFKclhkeXRPMDBpaGdtZ0U2U3kwdFMwbllTcTNpajVMTTBheDFkUjRpNkJ3UUp2YTQyQjdmVF9Gbk5LWTNOR2VQNmVnaG92SlNaUlNOQjV4QUtXcGliQnFtUzV1OFVFQUsyVUtjOW51VzN4eXAtVdIBuAFBVV95cUxOblhpVkRKMjhYVTVzUnhMT1pmOW5EMHZTZXJVLXVJaC1yb2d2TEFlbGZUbmRYTmJjd3AtQ3lqWkxBbGFTRkwwSkhfYlAyaUZKOV9yYk9hVGxCT2Uwa2RFTTd1UnZmeDZfZGhsWl9YS2I4TmwyMWpCMmp2bmZoYllVa00wQzhKUzhTWkxWQi1sVS1ZRXRocjJ3UW1aRnZxSUhUeDJRejVJMDFOSDV4clRCMEVuYnlhY1d3?oc=5,"Sat, 29 Jun 2024 07:00:00 GMT",dialeksis.com,inkubator bisnis Aceh,google_news_rss
Zaenal Azis Sekjen Bejo Apresiasi Muslahuddin Daud Kembangkan Bisnis Pertanian Inkubator Agriculture - batarapos.com,https://news.google.com/rss/articles/CBMivwFBVV95cUxPTDFacjVqc2stWFVWc21lTFlOWXJvRjk1Vmw4T0dpU2xLekIxOVlDdVo0TWsxbElhcUhjczlyY0pIWEtTaU11TUdqNXNiZl9qd2JVYTEzNXRYck9zRXUxT0hiSW5CdUZJaDFsaDl5Z2NVUzhKY1V5XzFDMjdsVG1vR0Nud3JidHdrbG1tbVJtV0hxYnlHM1JDNmQ4dFEwOW9EMHJaRVUzYlNOQktYLWxqeDlidW4wcWlsMG5WV3V4OA?oc=5,"Sat, 12 Sep 2020 07:00:00 GMT",batarapos.com,inkubator bisnis Aceh,google_news_rss
Motif Situnjong Cenderamata Khas Aceh Selatan - suara indonesia,https://news.google.com/rss/articles/CBMirwFBVV95cUxNeGJfcmprQlJ4TnNIckExd1R5bkRpcF9oNTlQWWJrWXN1TFlWcEI5UXJlTzN5Q3FYNUNqOWU0Q1NNTFhIWkFZZjVabkw2WUVZMi15WkdtV3BXazU4bEZYa0ZpeUhicUV4V05WZXk0WTdsSVJYeW1JOFBKQ3dPX084QThHVlVhUWthQnFSTzZ0aUp0QzBvSmx1bUV1aVZnUC1ucHR4MFM5XzhRY012TkpV0gG0AUFVX3lxTFAyczZkZ3c3VEtRV05TSG1VX1BxcEVPNGlwQVkxR1ozSmd4SEZZMnY2R0RNVEJRMlNQTXRhSjVELUx1NUZDU0JpXzlwSWRDc1FmcVBxcVpkOS1WbDQ3Y1FzeVpoczdvZ2xhQ284eW1ITFIzTVRUWDFZTEk5bF9WWTVsRHhxMUNia2w1VjAwMXRqcWlhM0IzSXhmbzVKYzlocElpZ0JWX1pWcEd5dUdPNkY5UUFZeA?oc=5,"Thu, 21 Jan 2021 08:00:00 GMT",suara indonesia,inkubator bisnis Aceh,google_news_rss
Bank Aceh dan Taspen Sosialisasikan Wirausaha Pintar bagi PNS Menjelang Pensiun - AJNN.net,https://news.google.com/rss/articles/CBMitwFBVV95cUxQbm41SEplMUNIUVlTNTdyUXo4ZTJ1czZYa0hCbmowX3gtYk5TdXo0d3ZWbVVQVlo2VkRlX0FWM3lKMnJYUkwzN0hxcDBmQldQaXVVQjBjcHZOYkJxNWI5SEp5WnJuX1JKbldVX1hGdEJyRUNJbXVUemxwLWtYdmI5ajF5RldSZWFZeXNKeXFxV3c5MkpXdFhsLUpyN2FUTlFEUWdKRzFzOXFxcmFvWWpNMFJabFJhY1nSAbQBQVVfeXFMTTdvb0tmY010LVB4RWVCbWlQVjh1emxKdlM4MnBSOUNJOVc1Mlo4Wmx6ck5JMkFnRllpRklIV3BRVGdGa3pHTm55YzgxRkhlekxYcVc5X0lpRHlhWnBMZjBVU2FNY3BVcnd3OUVFSGVRQ2JneU15RDlTQ1dTSHc1ZWJmWVk0NGhjU094TktpOTRZeWk2d01NN3YzNVZxMXZpWmZDUDFwOFV1VkliNUhsYTctcm5V?oc=5,"Thu, 30 Jul 2026 07:00:00 GMT",AJNN.net,inkubator bisnis Aceh,google_news_rss
PLUT KUMKM Aceh Dorong Inkubator Bisnis - RRI.co.id,https://news.google.com/rss/articles/CBMibEFVX3lxTE9xZnA2WUhvUklOQkVLcVRtT0l6Skl5dDNsWnhwS1lfT0VTZEJmeWZzRmxpNDRhbWhxb0pEbTZrNmhTZTQ1QzIzTjE5OVRzSGZLUlQwb21uaU9zdHdmWU1CMXp4QVU5dTI2Y1MwYQ?oc=5,"Sun, 31 Aug 2025 07:00:00 GMT",RRI.co.id,inkubator bisnis Aceh,google_news_rss
"Perahu Fiber Sudah Diproduksi di Aceh Selatan, Dibantu Tim Inkubator Bisnis Politeknik - Serambinews.com",https://news.google.com/rss/articles/CBMiwgFBVV95cUxPZDc3bVM1ay1qdDMwMVFCaXhidjJzQjh2d0JFNmpRN1dVSm9JeXd6Q19vZ0x5NGdEN1pkcmR1bGVOY3RXMFc0Q2pOVWhJMjBGSk5XQXdGLTVwdHo4a0ZfSTBYa1NhQzZuN0NPR1pkVzlQZkFmN2JydUZzTmdnRy1QcDBGdHhTT2x1MzVDN0xiSXJuc0ZQWGhDaTl6MVRZZloyZm1IM1lLd2MzamdEck9MWl9ZRmM5VFZQaTZNUy01RU1qdw?oc=5,"Wed, 09 Sep 2020 07:00:00 GMT",Serambinews.com,inkubator bisnis Aceh,google_news_rss
"Pemkab Aceh Tengah Terindikasi Pakai Uang Zakat Rp8,2 M untuk Operasional - AJNN.net",https://news.google.com/rss/articles/CBMitgFBVV95cUxNV1EydDFsdWhfd3JqcHlrLUFKU2dzRXNHRGZWb0tFeVFnLVhQaWFfZ2std2l3N011cWdYM1plY2V1VEYwbTNSeGtaUHNleEdwS3prb1p2bmZjXzBDc1Z2V0VQRGUzaU1Bb3BRTnZ2Sk5IM2ZOVE10cjJaMzFsaUpDLXBiaTRES3JRTEtWM09Xazk3M09VdlEyQTlteTRabDNpQTFaRzJKM2pFQzRSdmJSM1FpRGV5Z9IBswFBVV95cUxQdDFndk5lRE1NRVRNSWp4MUoxM2VtVGlSRDBqQ2djQWdxa3JoRDZwY0xuM0NvYVRIMkhnd0VNSTRuaHlXZVhqX3lZSHV0dE5RZ0V0c1dhTVBZYkNEUFFZYjgtYUw4bkJyRXVjYTV3ZTU1WjI5dHlrQjJUbjNyOTFlVllqampaZ2VNMmFWNkdfb2YxcEpsVVFpSFJfem41Rk96dUFEeEhaRlhnU1RUNk05RmgwSQ?oc=5,"Sat, 27 May 2023 07:00:00 GMT",AJNN.net,inkubator bisnis Aceh,google_news_rss
"Bisnis Thai Tea, Minuman Khas Negeri Gajah Putih yang Digemari Kaula Muda - AJNN.net",https://news.google.com/rss/articles/CBMirgFBVV95cUxOOXl0czA1ZVE0TnJqenFteGdrTEI3Z0ZicDRFdjZnSFNLdHFQNnViN2hlYXctSGo2azJWclVGS3JzcndyZmZlb19Pa0U3aHZvS0w1WmdMNFBQdlVvNV9Ob3B2V0dzaUdadWtZeGZCTENyLXFsU1NNYXVzRExzTnZMZXE5MjVjb2dPY0xSdVkxNjhySXJmM2NudUZtM3ozcW9ud1VIYl9iRHFtZk4xaUHSAasBQVVfeXFMTmN3TC03d1VMeWxkdE5XRGV5aXpiV3NZYjU0ZUZPS3MtSHNMQ3A4M3FOQVF6NElYWG4wd0RZZHFGcURvZ1JwMHpILUlocXZhY3I3aHBNVU80YU4yalJKN1pMeEhLWXM0Z3VpdUVLempGY0JjNXE2X0tzT04xMjhMRFkzZXFnV2JlLTItZkhIT2d4enlLOW1sTkxZOEZIYk9TRUI4ZVdQX0NCcG9F?oc=5,"Sat, 05 Mar 2022 08:00:00 GMT",AJNN.net,inkubator bisnis Aceh,google_news_rss
"Kesempatan Terbatas.! Koperasi di Aceh Bisa Dapat Pembiayaan Hingga Rp 2 Miliar, Daftar Sekarang! - beritamerdeka.net",https://news.google.com/rss/articles/CBMi0AFBVV95cUxNdnIyaGFubXRWN19oMG1tSndBRS1ScDVYZXh6WTdLd1BuSXkxUDNvYk1veVVGVU1NUmJ0SmdtbVp0aUZvVS1xYmlUN3BVSml1RzJIZUJxaFNXQnNEa1RjTEZpVnpFSnRzaXpWSjkwODZWZUxpNXJaZVkzZ2thRFFiQ3VRd3RIelA5VmsxWEhuQS1QSkc5a192VkRPZ1NWZlJxWkpoSXRmdWoyZm8zQV8zMWJ1Y1A1c3B5dllISE9VYmd6bTdEeVRDekk1V1Ewcmpi0gHOAUFVX3lxTE9MLTM1V1VRNHhsU1ZkNWJsVG1WLWVVVncxWEJnZXZkVDNoZlI5VjlLd1BHejV6bzBQMDc0T1o5cDNGOWpYWkM0Q3c1RFp2X25NNWJqTmNuUHE5dEdmVGJyYXZwUTlkTWh6Qmh0ekFrck5xWWE1VTZWQTVKd3FXUzBsVjhLS2o1MXh6WGwtd1ZtUkt1TmZNOFlVdU1zc2h3cmdkMDBrdkZPUWloV3JFRnBxck5rTVlTNTNlckRUMGVpWWdrUm02UjhkTG9fNXZn?oc=5,"Tue, 25 Mar 2025 07:00:00 GMT",beritamerdeka.net,inkubator bisnis Aceh,google_news_rss
Pemkab Bireuen Didesak untuk Selamatkan Rawa Paya Nie - AJNN.net,https://news.google.com/rss/articles/CBMilAFBVV95cUxNQmlrSEU2TUgxQkpobGxVV3dGajNjdldMZkNtdXZ4LWpQdXUxWVFQWHVqVHEwNmVLQUVQZjVQYW5GN012YW4xMEx1THZmMHdQOFcyMlRUd0s4WmFweHlRdWM5ZFFWOWVzTFBSWlU0dkVoOUZ1bFNwSk1ja2h0aDFUUlhveGMzMlhxcVlsM0hua3dBc2Nk0gGSAUFVX3lxTFAxYUZXVG9TaTdiOG90TXM1RmZ0Mm5FZGQwS29YdW5QRUtKRXMtNU1oSjY5VWd1WFNlVFFFenYzMWM5RXQwMkc3dHJ5OHJJV1RERzdwVWR2VmE5bENfbm53eHhYQ2c2dkFneHVibWQtSjJsaE5ETnVFWEpLNkhqVEF4T2ZSeFFfdFJWMVlDZEVJQVJR?oc=5,"Wed, 20 Mar 2024 07:00:00 GMT",AJNN.net,inkubator bisnis Aceh,google_news_rss
Bisnis Ikan Hias Menggeliat di Tengah Corona - AJNN.net,https://news.google.com/rss/articles/CBMiiAFBVV95cUxNQnd0WDdhMzdYMm1KVWJkSXpDYmNPZS03dGFWOEphZ3BoZEx2YWZaZEFZZVdFeDhKYlVLQ0RXdFpuZGJOdGIwc2RiZW1rVVpLOHhMaFBJQjh5NXp6VjJ5ekt3dnR0SGdGOExuWE1RS2kwLVBVUnY3UFpqZXdFeDY2OXR1SnZmSkFk0gGGAUFVX3lxTE5HaU0xSW5qbGFyREFITldJblBtYWZwMDlrU3Ntb21zcUZGRmxWaXBuaDdEb1BTZ25fLWxKeTVXSnB5V21odzExYW1LWXBzVnhvc29aZjZWaUtPTlRiVTJUX2xFc3Z5azZmXzhmUG1QNENYaVYtdmFNbnExRUJvdlhUT3gwQ3FR?oc=5,"Sun, 19 Apr 2020 07:00:00 GMT",AJNN.net,inkubator bisnis Aceh,google_news_rss
"Pengenalan UMKM, IBK Unmuha Adakan Kuliah Tamu - kumparan.com - Kumparan.com",https://news.google.com/rss/articles/CBMipwFBVV95cUxQUUwtU0RTTnlTSTNQOWlwbU9KZnJmcXBLZGNJV0N2YXVOLUVjSWpNVFB3ZGNmRTJhdG4yaVlBZnp2d3ZfLU0zenJmOVBrdExWV3FyTFExeDBNcWxGc2JfUFVZcjFlNXI0U09HTEhIMS1mVFQ1X2g2Z0pLYTVaOXpOSVBUbmhXSlZYa1VMYjg3ZERyWDdGYTYzZF9Ld1ZhTGFVQ19ZSi1mUdIBrwFBVV95cUxOR2NxclRTUkYxVExPSHRSbnBYamtuZWljVng0N2RxNVZQTUNYV2FsUmdkaE4tRVI5MkFCaGctYnZ3ai1WelRvQjFaZlZqQkNLMVJZSG9VOTFQcTRVQXJHc0JNcGJkZkVaam5jOHRvYktJT0Vhd0JvUXU0QUZkU0ItUFZ1X2IxU3lndW5JdlBCNlQwS1pCYmliU0lkb21DdGgyY2tZZzBxcVBHd0VxYWlv?oc=5,"Tue, 25 Oct 2022 07:00:00 GMT",Kumparan.com,inkubator bisnis Aceh,google_news_rss
"Gas 3 Kg Langka, Pemkab Aceh Tengah Didesak Bentuk Satgas - AJNN.net",https://news.google.com/rss/articles/CBMimAFBVV95cUxQYmgzTk1LMVNhc1FKN0ZYOEVHLWxLWThYemYzZVFwT3cwdENuMFVQNVRDZmgwSmk0dzVORlh1blh5Uy1najVNdnQ3VzBIRlVTcHdtVW9sa181dVlFci1XcUZDNFFQVHFmMENHdWN5UjR3OUN0VDhrSEpXS2pXSjlsbDYyTWV0RVk2LWdKLWc3S1Y0Q0FBMHc4WdIBlgFBVV95cUxPNVQwS0d5YnRRbTVDMVpGMjJacnVZN1l5WXd4QXd0emFjUWZueURQaTFKVFg1NTZNWHRUQ29LOXEzYVpfNnp5UENIR3hCaXdaeEF1ZFFrRUIydkVtaTJiRzJsOHEwZWZfQ1g1MVZLWHk4bl9mN3lWV3pPcm9MeS1EcjBsQUdxOWt6bm9GSGVIWlppZGdvRHc?oc=5,"Tue, 07 Jan 2025 08:00:00 GMT",AJNN.net,inkubator bisnis Aceh,google_news_rss
"Perjalanan Muhammad Albar, Mengembangkan Bisnis Streetwear Orbitutara ke Panggung Fashion Nasional - Kompasiana.com",https://news.google.com/rss/articles/CBMi-AFBVV95cUxOR20wU2FydE80RnVyZVhDX285S3ZqVm9DY2lMRnVrLTV6dDNNMjVGU3V4bGZNY3JDT1lmV1ZCdWlueGd1ZEUxdy1HM1hpek5BOXJyQzM5bTZsdnpINERocmlkclVISGgtZldPWEN1WDl6YUJiV0tmdWx1UHM2N0RJNThmeGlXUnl0NFYxa19vajZxU0VVT29jaF9wdU15SGhBR0h5bUJBYW0zOERjRVJvaG9yWnZOcHlBYVlhdWUyRHVEWmxGU0ZNSGQtZUJmbHI1bmNrSjZVU1hGcU1xaHlLXzJZR2l2Q05HWWt1RFRfVUZRd2txaTRCZg?oc=5,"Fri, 13 Feb 2026 13:39:57 GMT",Kompasiana.com,inkubator bisnis Aceh,google_news_rss
Genta Fiberglass dan Poltas Kembangkan Inovasi Perahu Fiber - Berita Merdeka Online,https://news.google.com/rss/articles/CBMiqwFBVV95cUxOTFNlcU0tNFpqRGJWY2pLNXR4cWF1bUhmY1h5aWlBT0h3eFpVaGFtSV9SSWxIVW0xZC1CT3lwbDJUeWN2OHZ5anFxTmxHM2JRMGJqeDExVzNRSDFWb3NKbmVTZlJrVEhSVWFobFg3R0F4bmFDdVB0ZjF4ZHo1MFBMTUhrWDJjRHk0ODdGcVRXNzRXXzZiWHgwMjZLX3huQzRHX3piRVZIY3Q5MW8?oc=5,"Wed, 09 Sep 2020 07:00:00 GMT",Berita Merdeka Online,inkubator bisnis Aceh,google_news_rss
Program Indigo Telkom dan Ideanation Bersama Wujudkan Inovasi di Tanah Papua - Media Transparancy,https://news.google.com/rss/articles/CBMisAFBVV95cUxPQWhETWYxa3hfLU1URVI2aVpkeTIzQUNyQ2NwQWtKSDF0NnBtRHgyY1ZHN0RmWFgwS1VJemYzR1R2U2dManRJRjdBQzZJQU5GcFFraG4zWkJWeFg5cVFQLUlycTl2NXF0QlNwTlNLNWs4Wm9sRzJ1alp1aGFkRHVteEl2UWF0TklVcnhVMmpmZC1fb1BieFhfN2NQejhabkdfeEJJOS1KQkpKb0Zjakt1Tg?oc=5,"Fri, 18 Oct 2024 07:00:00 GMT",Media Transparancy,akselerator startup Aceh,google_news_rss
Berita Pelatihan Digital Marketing di Kawasan Transmigrasi Jantho Resmi Ditutup - Pemkab Aceh Besar,https://news.google.com/rss/articles/CBMiwAFBVV95cUxNQmFKclFXcjNiVXVrMzBpVFJOSzFIQUNhY21MaXJoZ3YtcU9Hdy1PcnpIN0F2RGlhRTJmckNRMVgzQW1pU241R1lIUjJ6eXNMUXJGcVBZclZaSXFTRHlzYzZlSkhZd0JXcG45U3RjQnJPM184UW9jWFo1UTVQUFZLay1qNnlrTm0wVmROaEtDdFIwd3lMaVF6RGpLTy13MUE2NU0xeFhFYjlFRXVBME5ZaUpXeVF1Wlh2czJRU25Rcko?oc=5,"Tue, 14 Apr 2026 07:00:00 GMT",Pemkab Aceh Besar,pelatihan digital Aceh,google_news_rss
BPSDM Aceh Perkuat Kompetensi Digital ASN melalui Pelatihan Google NotebookLM - BPSDM Aceh,https://news.google.com/rss/articles/CBMi3AFBVV95cUxNWTRRUEc5dEJJOVZIVHp4Tks2eUdGLWlYeHpqTDliRUx2M2FGLXFwNU9hUGNCRmdHUy03MGppanBoQm16eTFobXpBUmRqVnJrdjBZSEJ1dGZ5bHNldG10QnJUWTNjNHFlOS1VMmc1cUtNaWJGalhoNXhKT3BYNWpwcjcxZ2tqYUxZMVAzN2Zzb3hZMzRnQlRXamxkQW9YRl8xVk5faVRBNmdWSlZwZy1CVzlTLWdtRVdIb3FBcWd0dkxuV1BCOEE4bFk0Rl9rUkR2dmZzSGh0OWlMS21Z?oc=5,"Thu, 29 Jan 2026 08:00:00 GMT",BPSDM Aceh,pelatihan digital Aceh,google_news_rss
"DSI Banda Aceh Gelar Pelatihan Dakwah Digital, Dorong Dai Kreatif dan Adaptif di Era Media Sosial - Dinas Syariat Islam Kota Banda Aceh",https://news.google.com/rss/articles/CBMi4wFBVV95cUxNRGIxNVVyeGZfNjdKRmd6enVZVU1mc3VhaXppR0U4MEwxSmowR2lXWF8xcWtxeG5aLXRVMVZRR29Gd0lKUGZtLWE1ekhnLUhNNE9GWURGUHQyR0dmdlVRUnZyV1h0eWFVWmNWR0ZXOXZDNVlJemxwQ1NyYVNPUWl1UmdyOWNvbVQzRE9may1xc0Fidm1SMEJycHJLNnpBeEhJX3piSjFrd1dZMGt2aWx1NEFObG9qeXdHMnYySDd4aEFDR3V2cFFaOWRmeFZMLUZwdkhGX2JiYUNFM0p5aTZ6SzB0cw?oc=5,"Sun, 24 May 2026 07:00:00 GMT",Dinas Syariat Islam Kota Banda Aceh,pelatihan digital Aceh,google_news_rss
Instruktur BLKI Aceh Utara Bekali Warga Pidie Jaya dengan Ilmu Digital Marketing - KBA.ONE,https://news.google.com/rss/articles/CBMitwFBVV95cUxQNzNfQl9GR1FYQzRETVYtQUREaE95d0pPN3BJbFZERFpBZEc1YW85M1JSem1hRjBGeHhXSzdEODdrRGs2MGo0bnE3VUQ0QU5ISE00aF9XQ1JLSEhSNFhYcXpVQlBqUnpIaEFtUTZDbVh3SUhMN1JMLU5VMm9tdjAtMzhVZVJEYml1ZTdJRk16d0w4TjJRRkpFa1NGY3pLdERnb0haSVJXUTl6NlhZZzl6c0RjVGMyZms?oc=5,"Sat, 15 Aug 2026 19:35:56 GMT",KBA.ONE,pelatihan digital Aceh,google_news_rss
"Tingkatkan Kapasitas Pemuda Berbakat, PLN UID Aceh Gelar Pelatihan Digital Marketing - Putaran.id",https://news.google.com/rss/articles/CBMipgFBVV95cUxNTUJNMzVQcmhMTl9wbXJ5SGpZUnNINUVOZi1wb09WeDEtQmZxYmZYQm5WLW9MaUg5ZFhTa1JQWWJfWEJ5OE5Od2xxN25FM1JhS19SaU1xUkxQVGcyUzBmYXNLaHZQQlZjYVBVbXhOZ0FTLVNMVTlFNjd2aFltcTdSNTd1VDZNMGFGRExpMWVGZ2NOSjdRVGxoZFlDaTQ2eTBUUVc5Qjhn?oc=5,"Tue, 30 Jun 2026 07:00:00 GMT",Putaran.id,pelatihan digital Aceh,google_news_rss
Dinas Syariat Islam Kota Banda Aceh Gelar Pelatihan Dakwah Digital pada Remaja Masjid - aceHTrend.com,https://news.google.com/rss/articles/CBMixgFBVV95cUxNa3dUZEdmc21nQ0UwRXRFVzc4SmEza3FQQVc5a2RjdTN4dFMyQkhHTEdoeE9wdjY0dTd2MHV6Z1RGb3ctaWZjUTFyTHRPbVllcW9VT0xaYlUwTUhTVDgxckNkckxTSkI5MWVxaFFoSkJiRk1lYXg0aHlwaDZhUzJUZi11V2lfY2lXYlh3V3NtX091NDdPYWpLLXJIN3ZGSHV0ZWd5WE10M3BoN0Y1M3dUdlZLQlczbEVjMEZZa2hsQXp3QUJzRkHSAcMBQVVfeXFMTWNqZ3g4UlBYc3Z3X1ZGVEwwcjJmSWRVRGZxN2Mwem1EME9pU0Q1RDRTQjlTNWtpc20ySWI5b1dLSXZ2TWNzT0pnaTRPZm5qMEkyakk1dDNaZVc2anRJOWw3YmpjZ1NZSXJMcmFQc2doZDRNQ3pUSHRkUGtfWXNJbU1yQXNwVnpGMXp4WkRiRG5EVEQ0STh0MEM5cTVkT2dObkVCVW1sR0lyLXZCejlieDNfRjdwUW5TVDdlcjJub3dRRndn?oc=5,"Wed, 15 Jul 2026 07:00:00 GMT",aceHTrend.com,pelatihan digital Aceh,google_news_rss
Berita Sekda Aceh Besar Apresiasi Pelatihan Digital Marketing di Kawasan Transmigrasi - Pemkab Aceh Besar,https://news.google.com/rss/articles/CBMizwFBVV95cUxNcDY4SFZkZlpTNUJmcHdzWl9iNXpvc2hwTjRVVG9EVXI2YlN1d2lRRU5VWS1HeHA5LW9zUEpNdUpSb1AzX0pwNlFSbVg2ZjhtUzFLSmtuTUVUWDk5bmNtdlJmWTl0MUJ6b1o1RFVDdlhQXzFFM3RqLXN3TF9Hbnc4bTdlVGhXc2tuQ0VETXVROER4c2IzRFAtcFZjblBDSHdubzRycnZRM0dCazFKRjlFZG9obkl5LWlUdWVoMk5CQ2VpQlh0d1hkSDJLaDRFOGc?oc=5,"Wed, 08 Apr 2026 07:00:00 GMT",Pemkab Aceh Besar,pelatihan digital Aceh,google_news_rss
Ketua DPRK Banda Aceh Buka Pelatihan Dakwah Digital untuk 100 Remaja Masjid - Dinas Syariat Islam Kota Banda Aceh,https://news.google.com/rss/articles/CBMixwFBVV95cUxQdi16bG50Vi1ueVlfeTJwMlJJZDczNGZGWXVtMHZjSFcwSEhIU1I2alRCRUtDSXkxLTRObXVwWDRtVVJoc1JRRW1BdzRtRUpIcGNjNkU4c00ySmZ0d01SLWo5RWJRcmlSTkQ3d0pfNkE4ZjZuX21LRjdWWjFlU05CTjQxbVBtVU5EcGw1VGM4cnRZeWE5TFl4SENGS3VBVExyalhOZVFfN2ZqdVVXVExtczFFRXFYT1lGQVV6d0JVMEp2MmN4NVNv?oc=5,"Mon, 20 Jul 2026 07:00:00 GMT",Dinas Syariat Islam Kota Banda Aceh,pelatihan digital Aceh,google_news_rss
“BPSDM Aceh Perkuat Literasi Digital Pegawai melalui Pelatihan Optimalisasi Konten dengan GEO dan AI - BPSDM Aceh,https://news.google.com/rss/articles/CBMiwAFBVV95cUxPRzd6dXU0LVVMUDE2UlpIaVA2VlhQSVNCMXE3Y0l4cEQ1TUhOLUMwRUcyVHZpcUZMSVlVWlI0aGZkQVItZGRUUG5Hd3Z0OS1yci03UF9XYXpfUzdaWmozMWRuYlVibnktTDhBSDRJc2dJQjQzTXNmNy02SDF0LTlyUWJBUXZSNGNhWVI1WDZmcWZtem5lOEVwTi01S29IMTI5T0NucE1hSVRKLVdQWWcwQURqczZRdWx1Q0NxWExiQnU?oc=5,"Thu, 13 Nov 2025 08:00:00 GMT",BPSDM Aceh,pelatihan digital Aceh,google_news_rss
"Akselerasi Birokrasi Digital, 2.600 ASN Aceh Utara Ikuti Pelatihan GARUDA AI - atjehterkini.id",https://news.google.com/rss/articles/CBMipwFBVV95cUxNUkFPZFk5VzBuTVZnQkowN1lVZ2xUcjJjMEtxLU5iR0ZKbzVBN3dpQzROZUZsNjdETWpTNG9FT01xclMwV24xQUtJSEgtOC1Pc3ZNVWZ2c2FZMHhvVDEzZVIzWWpoMEdqUUVQVlpmU3NmVGc5Z3NYajhLS2E1Ql9yVUUxRlFOVDFQYk9fWUx0VndSYks3Vm9MNEh0NUd4NTZtTng3NzRTNA?oc=5,"Mon, 27 Apr 2026 07:00:00 GMT",atjehterkini.id,pelatihan digital Aceh,google_news_rss
Pemerintah Kabupaten Aceh Barat Dorong Ekosistem Ekhonomi Kreatif Digital Lewat Literasi Dan Pelatihan Kreator - Lintas Nusantara,https://news.google.com/rss/articles/CBMi4wFBVV95cUxOWE1KamVKVWctdTFsRFNpaXFGYVhLQXRXTC14dl9KYVEyTnBhSmVfN0J4YVZnZHU1NVJGQTYwSWRZQlFDdDl1cF9fQWNQTWtQZGVDUExlVUkybF9wbWE1QzV3VGdEa3VzdlRQTnY4N0ZkRTY2REY3d1ptUllQNEtrNDIzcUZBcThBQVpNaTlfNmpfVWtDUEdQQ3dNQlZxTUhVNnROQWZURG9QaG9tQlFnai1qcGdfR3AxcUNrbG5FbF9LR09GSG1qRnZIYm8yYUY4aXFyQ0hPNmotX1ZJdWl3aVlxUQ?oc=5,"Mon, 03 Aug 2026 07:00:00 GMT",Lintas Nusantara,pelatihan digital Aceh,google_news_rss
Edukasi Digital Storytelling Perajin Sulam Kasap Aceh - Media Indonesia,https://news.google.com/rss/articles/CBMingFBVV95cUxNS2NDMG52aXFEUmp0a1B3X1QtUzRZN1d5ZFUzVmtGQXVBR016VEpCbXktY185M3NpQXBiVjhmNTVoV05UR1pmRU9QQjhlQ25sNUJoeDdiNTBCdURXcGRvU0xGSUVtejB2V0tUMTU1TnlNWEE0VnFXUkRqZXR0b25Qbkwxc19HMjZ2OUdGODFjOWZrOXFlWU53cUdXVERqQQ?oc=5,"Tue, 21 Jul 2026 07:00:00 GMT",Media Indonesia,pelatihan digital Aceh,google_news_rss
"Kemenag Aceh Tamiang Gelar Pelatihan Pembuatan Konten Digital untuk Penyuluh Agama Aktif, Ini Tujuannya - Kabar Tamiang",https://news.google.com/rss/articles/CBMizgFBVV95cUxQY1J4MktMWXlxVlRRcVVlQ1lpTDNiWUNhMEJET1Jxajk4RHRaS1JHbmU4WnFPRmVHSnNwektCdlV4VnJnQkwwaHBKcFZndXYyVFZHV1F6TERmZW5ZXzk2MWxDVjJMTjZfSER5eWM0RlQ3X0NGUnFfVU05M3VucWc3bXY3UXJIdFF4dGl0WWh6RTI2dnJJaHI4TU5BSDA3UFczYlJ6cTBfQkxBVzAtNnhVOW1QUUppSzdtN2NiNkpCczZMeWQwTE94cGI1WkltUdIBywFBVV95cUxPNWNKMDFpRWxTOXR3Q3JNZXdXRWp1NGFScVhWVUh3SGMxSVpSc3NyTXJHdFo2Ul81UktRYkwxZjlkamlFZWdZWkZILWNIRlE4UERmSjg4M3RVSkhCTTN0TWxudExqaE5WZHlzUHczVnBvT3VJdmlZODY5SHZTR3J6MlFYQUh4ZEx5Smxyb21HM1NBc1RmQlA5VjVYcEEyUVBRZVQ3Q09wMkx1bFROeXJWUFJaOF9HRlRSbXltUXJ2WXFlb28yR1hLTFlCZw?oc=5,"Wed, 12 Nov 2025 08:00:00 GMT",Kabar Tamiang,pelatihan digital Aceh,google_news_rss
UMK Academy Tingkatkan Literasi Digital Pengusaha Kecil Aceh Tamiang - Waspada Online,https://news.google.com/rss/articles/CBMilgFBVV95cUxPMUl5LXc4QkM2LVl5Wkh5RUdoYll6STB6RXB4SjE0MU1LY3VKMGlFSi1ST3BsME5KS3dVWE42YThGTW51VC1QUUhCSFdDY25PNGdZMTBNZm5CMFdzR0ZjNmw3b1hXLW5IVFp1MmxDVDZHODRpcy1kS3NkNzVrUXkwMzJoMzJ6VTZDZDN2ZS1ESnhQcGhlcFE?oc=5,"Thu, 25 Sep 2025 07:00:00 GMT",Waspada Online,pelatihan digital Aceh,google_news_rss
Berita Pemkab Aceh Tengah Pertegas Komitmen Peningkatan Talenta Digital Masyarakat - Pemerintah Kabupaten Aceh Tengah,https://news.google.com/rss/articles/CBMiyAFBVV95cUxPNUF3eEs3LWZscm1ydGlONVRzbnlNbTBUamxoMHIyUUZWOTdEUFhLcVZlQmRUbVZGcW81WkxsazctSU1VaWpCNmJNT0dZcnhsMmhQVmtMMzVDOTR2SE5XWGhSamRJdlkzcTdoZTl1Tkx4bmItX3lYOThkZTh3WXpmY24ybWZFaWVHMWFPSmxCQmdHclI5NjBxZlE4blhxckZaSk5jSEhKdjVTdnV0amJONy02cEZnbEd5YkYxWWFoZlBqU2YwaWJwYw?oc=5,"Fri, 17 Oct 2025 07:00:00 GMT",Pemerintah Kabupaten Aceh Tengah,pelatihan digital Aceh,google_news_rss
Pelatihan Digital Talent Scholarship Pidie Jaya 2025 - Pemkab Pidie Jaya,https://news.google.com/rss/articles/CBMipAFBVV95cUxPT08xWFRjcHBCTDJKU05nLUF2M2EwTHB6MkI3X3ZHUGN2cC1xYkdOX1lHU3lmTFdJTzdkZXZQY2lYY0FnNWkxeC1RV0J3bUtGaVBROWpNZmRDS0VMUktHVDdJQVBRTUhqT3RMUE56VURtMlVXWU5BNVFRYmlhVGRTdF90Z19KcjY2LWdQTFRGUm5lTV9Wb3BGeC1HNUxDMmYxR05Ddg?oc=5,"Wed, 12 Mar 2025 07:00:00 GMT",Pemkab Pidie Jaya,pelatihan digital Aceh,google_news_rss
"Aceh Jaya Luncurkan Pusat Talenta Digital, Hadirkan Peluang Pendidikan dan Pelatihan Teknologi Informasi - PEMERINTAH KABUPATEN ACEH JAYA",https://news.google.com/rss/articles/CBMi_wFBVV95cUxOd2ZTMXByTTJRblNpN2dvSEdURjJVZGhPYkZOcFRIM0FUQ1RxODFqMXB3aGtIX3VmN0JhdFRpeUNwTWRXZHNoMnVubElzV2s2VExYTGVVUkluRHM1MTBvajNCMDFXQmNabHFTSUR5MzhUcjdzeHdObmpiUUNlVWhieFJIOW1JNTlmOXhFajVZcEM4VEdjWEpzYUVtUmZpRktPUmJlaVQ4RlFPc0hfWlJCQVpvT3hfNURiOHZKaHYyT2doLTJabGxVcG1FRzQwTXNjVXVFT2FEeUZVWm91X0o1SV81RENsWVZMM3dIcXpsaUVWYVMxR0l0ZVZlUXo1dDA?oc=5,"Thu, 19 Oct 2023 07:00:00 GMT",PEMERINTAH KABUPATEN ACEH JAYA,pelatihan digital Aceh,google_news_rss
Pelatihan Pemasaran Digital Dasar “Online” Kabupaten Aceh Timur 24 -25 Oktober 2023 - Pemkab Aceh Timur,https://news.google.com/rss/articles/CBMixAFBVV95cUxOSlkzT3JFVDF5Z0J6YXJ3bFc5Rk9ZaWVXSFZrSFBCZG82VUZrTFRJQ1VBaGpQTkRRM1ZRRGMta2tBb1BYUm1OMUhObG0wbzZNU2VJLUNxWmVhMzJTR1FDdmhZdVJsQi1XSG1SLUp4eW1MOFRjenRqcE15LUZWa3BWQlliaVhvLWVTTTFLYUNpUFktRnY2U0lFWG9tbXJQc1pIaENURWlYTTFXeWZqUzBubE92VVZ1N2dSRGJHMm1JMzhONjl4?oc=5,"Fri, 13 Oct 2023 07:00:00 GMT",Pemkab Aceh Timur,pelatihan digital Aceh,google_news_rss
Mahasiswa Aceh Lolos Program International Holistic & Digital Security Training di Nepal - Pemerintahan Aceh,https://news.google.com/rss/articles/CBMi5AFBVV95cUxPOW5Mb2hIdnp3UVNZNTRzLWViSERUUzFqRU45RTN0SnVKXzdMLVcxM2ZnZ0UtN0QyVF8wTVB4bktHZkNQSWxWa3VsS2VpUF9jM2ZJOGxqTmJaZ2JnRUtoWmN3TldpQWhWRVFndTNIN0Q5ZUhIVHladWl4Q3k2d19jT0NCMnNUMXBkb19hSHZ1cDBZU0FSY0poeGxUczVoWWRrVnVxakY0RHd0aHpZSzlGNE52RkI1dkpGdXM0YmIya0VjcHRyM3MzaVNEZzVJZWV5WW1NY0xPUE00TDRYaTNjZE5ORkY?oc=5,"Wed, 08 Nov 2023 08:00:00 GMT",Pemerintahan Aceh,pelatihan digital Aceh,google_news_rss
"Plt Sekda Sambut Baik Pelatihan Digital untuk ASN Aceh, Upaya Wujudkan Birokrasi yang Adaptif - Pikiran Merdeka",https://news.google.com/rss/articles/CBMixwFBVV95cUxNUHFLc1ExV2hQcVZueERuNl9Ucy1IU3ZzX1FXYUFhUlJCT3VUTF9GZUZIOXRjQm5nalAyblBYbVhSLVV6WjZONy1jMlE2ZE9pNUFKMl9UWkRlWDBiN2VIZy05REFOZnpKb3llaTJXZmRSekpwVE9NanFfOWR2bGdsRWlrc3pIbk5WbGNrdElHazJjTFNrQ1E2bEVQaS0xako0SGRXLWVzRXJEUEd0R0VrSEhibUlSN3lISjYxOGJydTRjaV9TU2RB0gHMAUFVX3lxTFAzQkZhcWtFREpqNHVsMXRQR2ZzM0xZTEd1Q3ptUWktV3NTM290UWRFc1k4OS1IUURrdFY5cDBSMkVzb0lvSEFQRUFUQXlzVjZrT0hUUV95aHZHNnN3R2ZxLXlZTnpJSm5lU2dKSHNURmRnMFV1X0pqTWJYRTI4WlEzNnAwYm5ncHJPem1tTXBhVjczMjNYUG84bTlUZ1BwN1htcDhCY0pBbHlNajRoNnloSHV3S1o4Ul9RMmF2T254ZjdRZWNpRDdvRzF5Sw?oc=5,"Mon, 21 Oct 2024 07:00:00 GMT",Pikiran Merdeka,pelatihan digital Aceh,google_news_rss
Mafindo Aceh Gandeng MPU Adakan Akademi Digital Lansia dan Sekolah Kebangsaan - Pemerintahan Aceh,https://news.google.com/rss/articles/CBMi0wFBVV95cUxPcGRfcmVLWUVkcUNwdHhhN3R1ZWJ4cnRCeEtkRXAzMzg1YUhQS3FlU0JXSVJ4b0pjNUJZZER1UjZBb01Xay1ib1FreTktT3h4YzhRckI5alR2Rmh5aHF6YjlkWXVtMFlsdGxfcGlpVThNOHc1U01QVHpKRlNUal9PNUhDUjA0MllyODlMMFhZbTdIdTM5VG1IdEJ6VVFVT0M1cS11LWt2TFRBVXpwTDFmaTJpVlk2Sy12eXRpRTJjY2pmc1JkdmpjU0hCbElhaTVSbnk0?oc=5,"Mon, 30 Jan 2023 08:00:00 GMT",Pemerintahan Aceh,pelatihan digital Aceh,google_news_rss
"ISBI Aceh Kenalkan Musik Digital, Buka Peluang Kreatif untuk Seniman Muda - harianrakyataceh.com",https://news.google.com/rss/articles/CBMiuAFBVV95cUxNUTdEWUF1QmhDendSSXFUUGlDQWRrT2tuRW0wdi1Vd3h4d1ZFdjJHRGV6RDBRamc5Uzk3ckpNaDZHX1I1WjBheGthTzI4dlE4NHFZSXFJWS1sMzVpUGlmeTBIanhZMTM5d09xZGVtLWFhTmN0R191XzBTcUhBN0tmYjhLbndkb2pMa0NTZkk4S3J3TWNodHVtMnpwRWl5bDV6SUVXQkVYYXRJa0dDY3BrSGVOVVZQRTM2?oc=5,"Sat, 23 Aug 2025 07:00:00 GMT",harianrakyataceh.com,pelatihan digital Aceh,google_news_rss
FOTO - Pelatihan ketenagakerjaan penyintas bencana Aceh - ANTARA News Aceh,https://news.google.com/rss/articles/CBMimAFBVV95cUxPTWdua2Y1blg1ZlZCX2NyQ0NIQ2xRWGQ4dVFrTUdTRVlPNS1KSnFjRXBtRl9pdmxRY19xcXNaNjNRM2hnYUppd3lQb0l0TGcwdXRyX3phM2VhMGZnSlpUWUp0M2d2OWVxSEpWTmZBRC10dHFsUmNwazd3d2RSd09Xd1BIT3FMWmFUVnhhenc4UXVSQlpONHFldw?oc=5,"Wed, 15 Apr 2026 07:00:00 GMT",ANTARA News Aceh,pelatihan digital Aceh,google_news_rss
Pemkab Aceh Barat latih ASN manfaatkan teknologi digital berbasis cloud - ANTARA News Aceh,https://news.google.com/rss/articles/CBMiswFBVV95cUxPc2lJTWNkOFBHMVR5Rkhrc1lIeHZLd0d0azVnNVRmdFdmZ1dkQ3U0c1RGdGVXWU5sdFZESndRdFUyZ0d3T2RiOWRpeDhMX0diTThocmN4dVFoQ3NrLUVDZUk3djZNc3NGZ3Yyc2lOLXluY0ZqYnRkS3I1UVlRcTF4QmdGdjhOV0RqS2xycjNKQVVNQV9ZZkExZHRZZS1OdVdpWWQtaWlHUU9TdXFrQ0JfN0RHNA?oc=5,"Wed, 02 Jul 2025 07:00:00 GMT",ANTARA News Aceh,pelatihan digital Aceh,google_news_rss
Kemenag Aceh Barat latih 65 penyuluh agama belajar konten digital - ANTARA News Aceh,https://news.google.com/rss/articles/CBMiqwFBVV95cUxPWlhBbFlQRGQ3Smw3Uy1WWnp0VS1pczlJMVRhcXVuTUtSdjRXRWJWdnQ0SG1qSjJBS29HaTBWb050c0x6TWI1RWt0OURTT1RGWW5Cd0M3bnh4ZTZid0VkSU1BT3ZJYTNwZXpnaEZ4Wi1MZWF6djlPd1lZMlJSWVdqRmZLTEs1ZDBHV2ZJWEFpTGQ2LV95N3ZoMEZic1ZMTkhWeEtYY3hEY0VScTDSAbABQVVfeXFMT3JvVXMzUUp1RFN6YTlrdURGdVB0V0ZhYXRfTXJxaVh4NUloRE1rTjF2Ynk0UC1wRzd5LVdTWUZPOTJmQmE0b2pNc2tZWnRRTEpDMWY1dHJIcmxLR3Fnd0p1RWtsOENxc3F3eU1PTGRyZVRGckdZSTZiakw0NmR4NXRnaU9ncTZyOFhSMGdlVnlpNGNXeGZ6clU5QWZibk9iQmtSOW5XMEZtcDN2OEY3eGs?oc=5,"Wed, 23 Jul 2025 07:00:00 GMT",ANTARA News Aceh,pelatihan digital Aceh,google_news_rss
UPTD Balai Tekkomdik Disdik Aceh Gelar Pelatihan Digital Culture bagi Siswa SMA - Kabar Tamiang,https://news.google.com/rss/articles/CBMivAFBVV95cUxNVE5kcmdDTnY3TGcxR0pMOXBjYmZFb2FyRHZTQXdhM3pkeTVJYTZaNy1DRGFHREpld0pmOERvb1MtUlhxdXRUV3d3dG1EVlNhMWFrbG9tS1ZSYWlJVDNvMWs0dXR3eldqWE52dkt4alg4RGwyMU56NnM0Zk1oQmljNHRNLXF2X3BkLW50bEFLc3NZUFRvWHNwel9IdWdKTlNqMFpVWkN3UkRodWZwNFNkOGJlREhjQjNPeVlDdtIBugFBVV95cUxPaDZUOVQ3em1STWZJMTlRRU9KcGNlTUtHcVB4OF9GaEhwT3JUeTZoZkYzX05wUzRLUW96NXpFM3JCd0loQTdrM0dWQ1libXp1c2dlNE5DaWRhdHJqdE90MzdvckNkYnc0VEQzMEtKcjdaRlFVZUM0ZWwweU9UTU5oOVNULW1GczdSLUVTeVowcDMySUw5OVVOc25xZ1hhVmdNSmZUa0JhcDJZLUZKWGp5b3R2R0hUWFFHOVE?oc=5,"Thu, 27 Jul 2023 07:00:00 GMT",Kabar Tamiang,pelatihan digital Aceh,google_news_rss
JSMI dan Diskominsa Aceh Gelar Pelatihan SEO dan Konten Digital - Kanalinspirasi.com,https://news.google.com/rss/articles/CBMirwFBVV95cUxOX1M2UnFINXR5OGlud0tYVzVmNms5X29QQTlBYTlZYUlnbVA4S1pRNU55NWVaMjg1WVR3TzBJVDNyMGJ1MVZpR2l5bWY4dmJSazg2VGFqa3dtaWR3LWRCeUZqd09NTEYzbE9icHRERGtWNkN3cVg1cGlwSmVpcmx2N056NmVhNkw0b3Q4WThlMEdaSXVhSUo0ZjE3TTNobVlhS1Q1ZlZNQm9WRHk5dnVB0gGsAUFVX3lxTFAxNG45ZjJFTENRYmFFRXMtY1hlYTNuRlpON2l4YTVaNHdiWkFxXy12cVRnazhNUy1oempiWF90Y0hKb2pwLUV3NkJCOVNtZGVmTXFld3ZSTVN6TmdFTXVSc3ludVhmX3ByVU9GX0VOR01EbEk1UzNIXzlPbnF4WFNqZXpCeXBSWllWS1UzZFhrcXNWUTdoYy1RSnBzN3NJYnRvV0RWMWl4QWVOUEc?oc=5,"Wed, 15 Nov 2023 08:00:00 GMT",Kanalinspirasi.com,pelatihan digital Aceh,google_news_rss
Diskominsa sosialisasi literasi digital bagi remaja Aceh Barat - ANTARA News Aceh,https://news.google.com/rss/articles/CBMipwFBVV95cUxOOWMwRGl3cVhGTTRKZTF1MklMb3BTb2RuOHRDOU5kWVVZN1RXU3NmYzRBMVN1ZzZLZ1FhVXJRRG5YNU1vT1JlckV4dXA1LWRLXzlDa0tFR24zYkszSnljTjVhYmFvSVN6cGpLSXpZal9acUZvdlN2cmJ4VlEwTktlcGxQVHhlZnJFSVVjOE9TRlV0bmxSNUdIaHhaaVJKX0NYYmtpOFZha9IBrAFBVV95cUxQYkNCZE1hcG9qR0NuMnhXeE1KdlJEd01ZcDRLZTNZWHBxeTNVNGI0NG5YSmNuSVVsbzY2QkZwVGdyOG1HbkMxQVBZUFZJSDZZSWtwaEJRbDVTUndMaTQ1ZmpaYVBxWXhoWFhPcUUyaDczS2ozclVkb1NubmVzMEdzd3lQTWxSei0yWFlFb3dENmZJTFpSNGJVN1RoWjdEemE3Z2V3c1ptMU9hOGJt?oc=5,"Mon, 16 Jun 2025 07:00:00 GMT",ANTARA News Aceh,pelatihan digital Aceh,google_news_rss
Plt Sekda Aceh Minta Pejabat Administrator Adaptif Dengan Era Digital - waspada.id,https://news.google.com/rss/articles/CBMiogFBVV95cUxOWmR1NTVpTl9rdEJ2cnZUN3RYWFRBenJLNEpseXNMYW5nVVB4cGNsYm5SOU1xMXN3RFc4UDZxZERZSmZKR1hCSS16enpKcE92T2puTWEyTDhZbnRueWJKeVVmUnktNG9EME40WkZJZ1VPd2NSMHpucGRXMlJicVJlQ01RVVNGaXl6em54VFN6eXNCOUlrQlpKNDRVVUZNYlRoeVE?oc=5,"Mon, 07 Jul 2025 07:00:00 GMT",waspada.id,pelatihan digital Aceh,google_news_rss
JMSI Aceh Gelar Pelatihan SEO dan Konten Digital untuk Editor Media Siber - rmolaceh,https://news.google.com/rss/articles/CBMingFBVV95cUxNbENxVUYwMHJUOEFtYTFnNXYzTG1HemVTdjBTUWc3VXJpSFRMZUJQdXJTUHlMUHVkNlU4UjN5emZuQ2JYNmtEMVhWVHNYSmpZVnVRTWc3MWFJclp6ZGt1eUlYek9sYmsyTVlXa0VpVlAyWGtiRUhTMWFkbWRsTUp4dUljUGYwQm9ianhYNDNHVDhBTzUxQnNiNGt0QTE5Zw?oc=5,"Tue, 14 Nov 2023 08:00:00 GMT",rmolaceh,pelatihan digital Aceh,google_news_rss
FKIP Unimal dan IGI Aceh Timur Gelar Pelatihan Digitalisasi Buku Cerita Bergambar - aceHTrend.com,https://news.google.com/rss/articles/CBMiwAFBVV95cUxNWUVnQVRhTUVBQnUtbl9hWEw4QWdnemlCRGdWeWs5eUlUcDc3NHdnU0lmV0VoZXRPUVpsekkwUVk2aE9PZGFPZzdRM1lZbnRBQi00UHppbWxMQ2NpbzJJQ2VQZUVXeExNMUx1VWx5cEtWRjVkbGJOQ29TQXA0UlhjaHpiY2ZaTXRFYnI3ZmhzU0N0SHZrVnU2bG9pNzBRWE96RzBLdW9UanJnNEQwX1lwbVlFcGF0MU96aDFkVDZrTmjSAb4BQVVfeXFMUG4zSWtVaE13ZU5XSUtRUll3bTRNSU5FSWNFQjZOTjF5cEd2Um9XakpET1c2aU5fUTNZREtZdU1IclEtSTMtZFdJazJORjE1TDVTb2ZhMWlaWFA5dG1QZzhRcmF0d3RieVlqTlA4NnlEclJOenl3dERMbzF3eE5odm9YdTRIQk03RFVjVUhSRXhNU0VVV2xZaVo3ajZWT3drVFR0aU9nNHVkVGF4MVF5M3NMTkNGcUJmMndXV25vUQ?oc=5,"Mon, 23 Sep 2024 07:00:00 GMT",aceHTrend.com,pelatihan digital Aceh,google_news_rss
Aceh Bergerak Latih 50 Perempuan Kuasai Kreator Digital Kolaborasi dengan Paragon - NOA.co.id,https://news.google.com/rss/articles/CBMipwFBVV95cUxOOVJQajczNUpfOXhkXzVwNmoycVBwSmV4Q2RVcVRKX05hdDdSUTJwWDhvdy1ENk0zS1ViSml2SFpqY21BX21jakJ0akJsRkp3V2EwRDFNVXBHLVd0blZDYVZkTndBakZ0NlVaTnBGQTA1bXNEYjYyYmZNUXpMUjJ6WWlLT1ltTVJwa002WmQ4WnQxU3NCVi0zOGUxaVl3MXlsb0xrTWtKRQ?oc=5,"Fri, 14 Nov 2025 08:00:00 GMT",NOA.co.id,pelatihan digital Aceh,google_news_rss
AJI Langsa Beri Pelatihan Digital Safety Puluhan Jurnalis - theacehpost.com,https://news.google.com/rss/articles/CBMingFBVV95cUxNbkJ6T1pzYlI0NkI4MGFMQmxWUXVfV2JzZ0lKQjQzOG5mU19oeWxyakx1eVdpTnM0TlMxYVlkb19zVERPLThmX2pMX1R3WnFlT0JzcklnU3BKY2ZaQWF1YjN5VnY3Y0dVaTI3dmVHYkhkN25EdjlFX3VOMFJZTHFfYmpjUTNaQy1kT2tjVmdmcEc4Y2FELTdiMXlzd3BSZ9IBmwFBVV95cUxOUzc5R196azRfR01mdHkweXozdE1LWUJxZ2VfNFF2cnF3MGx3TjNVSjQyLWdrVDd3eDhGX3VJOXpra19GeG40d3Z4S0dBMTlGUGZMSk5Qa2pBOWE4TkxQbFd3TGlVX0hYRF9Lek5YM2ttWXliVFE4dGhvdDJuemhQc2FxYVBKMzF4M1VVS21pRENsT2tLdEVWUVRiRQ?oc=5,"Thu, 16 Mar 2023 07:00:00 GMT",theacehpost.com,pelatihan digital Aceh,google_news_rss
Plt Sekda Aceh: Pejabat Administrator Harus Jadi Agen Perubahan di Era Digital - theacehpost.com,https://news.google.com/rss/articles/CBMiuAFBVV95cUxPdXJOMTI2dGJWbDZHeTFmZW1GbktqbUtFX0R2YlB0SzRHMVVFajBBZDMwUHNWLVNROW12U1NLN3EzSnYzMGxhcW5RMGlBS3U5UHR3Q29tV2ZxcldhNnFCM29BaVdWTjMybndwYTJLcW1CSjlRbnJjUEZXZC15aEhzSlhBLVVzSENzdF9FUlRTcVVPZU5sSlpXeGdIbzZmTzRyZk9xTFhsdjZZUTdiN2o5TmZjNlRUNjhD0gG2AUFVX3lxTFBSQUpGbDRqNEpZUVBWYnAyenhZYWVRR3lVa2FXdDE3dW4tSXZfQ2VuUEEzdmxqSjNFTEJISmtCOUhRdUNRMVU3cWVwd2JMV3daWFh6S3VwZ0l1dE5HQ196REJQUFRndmlPaXFFNTlXdC14QVFSNWtLUEowNjVncUZUVkUxSXduZmFRYkpINDA5OWRRQU5zWTFTVjZsMjJHU3lCVHZ2UTFIdXFmaExjZGV5Nnp4MU9B?oc=5,"Tue, 08 Jul 2025 07:00:00 GMT",theacehpost.com,pelatihan digital Aceh,google_news_rss
Pelaku UMKM di Kota Lhokseumawe Dibekali Teknik Digital Marketing - aceHTrend.com,https://news.google.com/rss/articles/CBMiqwFBVV95cUxNZFlvbDFhUWhmMFZWa0JnRUFHWTFJME40TGxRMlVZeFBQQmlfRHZ1SVlqMUJNQ0tRQm1SN0Y1aHhTX3FxeF9lZ0JiZUVvcHdMUHgya2ZHZWEzcU1CX3UzQWduSnV0YTRGaUNXeUhnMGFFVHI5TXBUU1A5YWdEVFItcnQxejkzQUdDSjV0My1pTmtPcUFYSUZDT1ZDMS16VXBWNFlCbUM4YnpuVHPSAagBQVVfeXFMTUFwLTJZbEtIMDJyOTJONEVKcTBqU3V5Z2dzQzJweTdQTXR3cUpLdzhzUXhlYXJ3Z2FHSWRLaWJBV2daWGdNZl96UDZyeUVzUXdyNmtJU29XX1huaG45LUFzTF80TkNOYjg4Z0EyTUI2REktSlJ0eW9yWlY2SzJWYmlScDJyX3JyNXF1Rk9pbHFpaVFqd2hkZlZjLTk5Vkk4RHVEVUVzbU4t?oc=5,"Sat, 04 Dec 2021 08:00:00 GMT",aceHTrend.com,pelatihan digital Aceh,google_news_rss
Kolaborasi BAKTI Komdigi-Yayasan Cemerlang Latih Guru Aceh Utara Kuasai AI Demi Pemulihan Pendidikan Pascabencana - Info Aceh Utara,https://news.google.com/rss/articles/CBMi7wFBVV95cUxPYTdtejhLM2FqU1pBbWFnYi1EUlBRN09JQTN0b3J6d0RkQ1o0NjJDWUhYUXBMYTZtMzBSZFp6Q0h3enFWcjJNcXdfV2dSc296WFN2SDZCbjFNMlctOEE2NFl6SE1nNXo0NEtpX0Z2czhYeU9VXy01VkdIOEdJQVNkV2xBNFU4RWlxdlIyNWJUSkxuMHZxckVLZ2ZHQ21ZWXR5MkRMbDhna3hRalFBTmR3SjhUSU5RTGdidTFtNnZIUlAzb3BsNUlyWV96OVVkUTB2SGl4WWJ1MkotX3k5alc5UUF6aTRIanRlNmc4OUQ2bw?oc=5,"Sat, 11 Jul 2026 07:00:00 GMT",Info Aceh Utara,pelatihan digital Aceh,google_news_rss
Dosen Universitas Samudra Beri Pelatihan Media Digital Berbasis Canva - waspada.id,https://news.google.com/rss/articles/CBMiogFBVV95cUxQVU82TUY5aTdOLXVMWmNBSkVYMFNzWHQ1QUM2TzlEWHR1bXpoMFpoNVROZVZ4RGZxeVlMUV9HQnllelFsc3hCZUc5bFdnaEduaVhKaGJicW9PYkdRY2tUQTVYcTRHY0FGQW1VdU9OZGcxLVFmR3g1SFFnM0dTbXg5TWxPaVkxOHJhYkcyajdPbFNydmhNeUtEaXhvNUJDZXV3RWc?oc=5,"Mon, 19 Aug 2024 07:00:00 GMT",waspada.id,pelatihan digital Aceh,google_news_rss
"Gampong Suak Indrapuri, Kecamatan Johan Pahlawan, Aceh Barat menggelar Pelatihan Literasi Digital bagi Kalangan Remaja - metrorakyat.com",https://news.google.com/rss/articles/CBMi4wFBVV95cUxQSko0V2k1SmgwTHFrWXRCbUgyVUNESHBaSF9JeDJNZ0xlbWRLcm42eFJITGZhaDAzQXhFaHJiSlM4RjdwckZrTDhocFJyYkFtWVJ1YU9qdjBlXzFkSVR2bWhkLWllZXp3SzRycHpOZEJ0b2FiaVgxd2lRQTNRdWFrMGpLZUJSdDhGTzdNY1BHS2ZwQWRJRFlvOUNiZ2JTUVEwQ1B4c1hvN01tNVZKUGZWTEIwX3IwWWgyc1J3d1ByMFUwNnRLcFdEemFDd2ZUT3dVa0FxY3FtSUhhZEFSaUxXbW53VQ?oc=5,"Sun, 15 Jun 2025 07:00:00 GMT",metrorakyat.com,pelatihan digital Aceh,google_news_rss
HIPSI Aceh Sambut Positif Usulan Menparekraf Terkait Pemasaran Digital Bagi Santri » - dialeksis.com,https://news.google.com/rss/articles/CBMitAFBVV95cUxQMGlHZU1lUHhmMG84azZXamVxRVphOEs4TEpYMTJfTWVWV3c5cjcteDJrb3VvNERPVk5hcmdYMmN2LWhzRTdzajVtZ19CS2tYTWgtSE9oaTdKSXp1R0hnQldSRVJfdTZ5amVxbXVVbjY4WGN2NDE2OW9NNGhvMk9obmdBcktYV1Y2LV9KbDQ4Sk0yUFhSUXk4R1JqVUZwNGQ1Y3MtVG8zcHlZOEpUbnkyc1lSRVPSAbQBQVVfeXFMTWJxQW5IV0Q2UTB3eUZsYU5IRkpRNXFPek5aYTlTLWcwYWNyWHJVTk5qS1RwZllEbEJ6Rm9ZVGJUU3FOMVZvcXVNcjZyOEUyVjV0c0RRTTN2Y3dzRU1panY4UGJtV2tuZHNvT3hVMThGbnhodzZxdkpLamNxTS0zbF96MUJNQ2ZkMTcta2E0UHVIaXl0cnI3WEZuM0xTdnJTOHIzMWNiZFlsTFVYSmdwM091UWRy?oc=5,"Fri, 01 Jul 2022 07:00:00 GMT",dialeksis.com,pelatihan digital Aceh,google_news_rss
"Dorong Islamic Ecosystem, BSI Berdayakan Ekonomi Berbasis Masjid di Aceh - Info Ekonomi",https://news.google.com/rss/articles/CBMipAFBVV95cUxQcjNsNFhJaFVsRDJxODdRUFRlQnYxVTR3dC1hZ1FIQ2Y4UUhtaGduVTJOVktPQkxwRVc1bjFQWXVuQlRwNUtKVHNZRU1WMHk3SHJwOGxPRlJsZDZxMmR6OTRVczNKR0htOEVGcVBYR0VIbHhuQ1p2Vjg2eXVWd3RoZXJxUm9qaV9tVXNBZm5oY0UtTXlQbFpvQk9jdm9BQTFsQ1I4SA?oc=5,"Thu, 12 Oct 2023 07:00:00 GMT",Info Ekonomi,pelatihan digital Aceh,google_news_rss
DEA Batch VI: Tingkatkan Literasi UMKM Manfaatkan Digital Marketing » - dialeksis.com,https://news.google.com/rss/articles/CBMimgFBVV95cUxNWjFCdkVBeXlzS3VWaTRQZXRIZ3hFVHZIU3ZGM204UzZHTGcyNjFZZXpkYXBNQmd2YXVEdXN2RmVaVGEzb09OcjB3NlptcV94elJRM010NG5pTlR3T1FyY0t0NzlNVTJ4Qll0NHd0S0E3WktRUC0xNHBWUXdyUWRwQnZJM01UOWpod0hacU1VNVBPYnVwazY2MGZn0gGfAUFVX3lxTE9HV3VEazhfaGZIbmFPYUtUNy1qZnBBUjB0TnBTRW9Db01LMHhUUjA4RTctWGtrVUkzOFZrbGp1VmVCZ1JaWnA2d19Td0F0UW9WbC1PdGt1SWZjcmNpcWdGODlHTGZvc1ZNRU4wYURYY2Q0YzBydEpyZjBWMTdMNTZKVkNDekhFX285OXdZc1ppaF84UnZGOVlvUnNmcnVNWQ?oc=5,"Tue, 19 Apr 2022 07:00:00 GMT",dialeksis.com,pelatihan digital Aceh,google_news_rss
FSGI : Pelatihan Digital Untuk Guru Sangat Diperlukan Di Masa PJJ - Media Indonesia,https://news.google.com/rss/articles/CBMiqwFBVV95cUxNRTNjSERrZnlheUNfWG9LY0lieFJRY3dSOXB4anliZ2NOTXh5UkhKRW1fZE9kTnoxNzNRWVAxcC1oenFXMHZMd3ItbTEyMXhQOVRYZWdfUjVUcUg2UGZfbGdZU0JEX2dlNGRERWJ1cWl2dFZGV2JNbm0wZHJzcTNqb0s4OENmSnJHTnZSdzBxU0NvWGUxZHlOSlVoSlJZR1FNNEg1YnYweDVjUFk?oc=5,"Sun, 08 Aug 2021 07:00:00 GMT",Media Indonesia,pelatihan digital Aceh,google_news_rss
"Tingkatkan Kompetensi Digital, SMP Negeri 2 Singkohor Aceh Singkil Bekali Guru Pengetahuan Canva AI - Serambinews.com",https://news.google.com/rss/articles/CBMi2wFBVV95cUxQRFBEMmlsZHNWVlRwRnJtbFNyVy1BUlhfbC13N0xtaS1wVGVZV3NZbnhwY1paYkFhS01zM2JnRzZNanB5cEhGQk8zdnlHejJlTS10b1hKS1RTRFJVUGRUN1ludjNURTUxbkFSUHd4MzUwNGQyQWJaRGFacy1XTC1iNkItd0JVeTd2TW40MGpQa0MtME9RQTNuVTRvYklWWTJlcHRvLW8ya1Ixc1BUdm16SkM5dldKdkdUV1F2NUVFT3N6RnVNaVZ6SUJaOW04cWxvd3NXM1B3QWhUZEk?oc=5,"Sun, 23 Aug 2026 07:53:53 GMT",Serambinews.com,pelatihan digital Aceh,google_news_rss
"Isi Pelatihan Dakwah Digital, Irwansyah Dorong Anak Muda Penuhi Ruang Digital dengan Konten Positif - Serambinews.com",https://news.google.com/rss/articles/CBMi2wFBVV95cUxOcjRvRGZLYkh4NDlYTXhNT1pXVmNhYm94RmpDRGVwZWc4R2w1bnp4M29UQ21PYVUtYXBKS0FsVUJkOFZ4MTRkRlV5SWVPd0xYMDFsNEl4aTVodkhTNHFZLXpaTlAzLS05WWIzV3ZjMTJWV3BuZ0tiTkdDcHlvWmItcmZlN1FxUDNfTEtsWXAxeHJzaG1Sd1M5UTBKSDdWWHRLSU1WQ0h2Qi1YaG5UenJfc0VlS3dVVjNEZ09LM2FlWVVKWGhiQ1VwXzNJZkRfZkhJRmlNVVIxaXg3ams?oc=5,"Fri, 17 Jul 2026 07:00:00 GMT",Serambinews.com,pelatihan digital Aceh,google_news_rss
"Perkuat Pemasaran Digital, Dinas Koperasi dan UKM Aceh Gelar Pelatihan Fotografi dan Videografi - Serambinews.com",https://news.google.com/rss/articles/CBMi1gFBVV95cUxPSDU1NjhRNkg4djY0d2EyNEQzUmdJWGlKQzQxdXZGSm1Iak9lQjlEdFlyaXdJeWdSUDRsYWtaclRtNEcxU2xOZXJvdjJEd2NrVzlaMFEzeF9Wb0J6MlFGQVdicFJHeW54a0JfV1VYeGFOWGF1OFN2SjYyZE1JMFh4bGNVeFJlb013d3hTYTJRNEZNamcwbGlaNlBXSGs2T3dTSlpfN1FvVVhFaGdTSnd2TEgyRHVfd2xOU0Nid2p1VVVvYlZ4OU5KbnAwdWVMWk11UmdIcHBR?oc=5,"Sun, 21 Jun 2026 07:00:00 GMT",Serambinews.com,pelatihan digital Aceh,google_news_rss
"Akselerasi Dakwah Digital, Pengajar Pesantren Tanah Merah Ikuti Pelatihan Artificial Intelligence - Serambinews.com",https://news.google.com/rss/articles/CBMi2AFBVV95cUxObmEtTEItVEl1dFo3STAxWEFiYzgxcUNscGtjSW15REpjMW00ZFJXb29iSWM1SEhZZ0MwenBVT2VQY0RWRWtTQjhDMjlEektrUnRCR0k5NEtxcVRQU1ZWck5wRC1RQXd3eE0zX3B2R3lBNHBWQ0gtb3ZiQlFPaC1KSm9GbG9rUkdjR2g2TGU0SXpFS0NHOU9MMWVvTV9JRFRoVVk2Q21MaU5kNVdBN1Ixcml5eFNyYnAwcXQ3OVE5LUdtaDRKN081ZDdWYVM3N3hQNmFlaWZpQ2s?oc=5,"Tue, 30 Jun 2026 07:00:00 GMT",Serambinews.com,pelatihan digital Aceh,google_news_rss
"Kemenag Aceh Singkil Dukung Digitalisasi Pembelajaran di Pesantren, Praktisi Digital Beri Apresiasi - Serambinews.com",https://news.google.com/rss/articles/CBMi2wFBVV95cUxQcWZuZFFqellyUHhodk8zSElRdl9uanN1QjVyN05lQlEtdzZXaGhtVmVpaS1reUpvVnVJWkJQN2VxWUM3X3VWTUxqcEg4N1ZBam1xbktOYkx6QVpvbkVBZm1oS2U5R25XRGdoakZPb1RqdzNzSVFsSVFaMmFCUGUyTHZYdUdERGJEQ0ZIanFiekp6WFpWZkhuYmJtZVVHWXRLUmVGYnpDZjN3T19DN3ZFcjBNQmJha2NzTmY4NVRpN1c1djRGQnIyNU5mdWpDUTRfSXU0RGoxNERmcUE?oc=5,"Wed, 08 Jul 2026 07:00:00 GMT",Serambinews.com,pelatihan digital Aceh,google_news_rss
Ketua DPRK Banda Aceh Dorong Remaja Masjid Jadi Kreator Dakwah Digital - nukilan.id,https://news.google.com/rss/articles/CBMilAFBVV95cUxOMHFMT283d0FKNy1DQTRVWV9LX1VXUHVzNndsbC0wcDd3R0JDU1FRRThXMXN5MjlBdWpBRFVPM09hcVpEZE5zY2VLYlhYSTR4QzdfNjJZaWN4VEJBdlNPZzdTclhPNG9OczMtUGluRFJ2d3RELTE5LVJJd3RXejBBTlFYS0o5MVRmTlMxalF0WWZ3YjJV?oc=5,"Mon, 20 Jul 2026 07:00:00 GMT",nukilan.id,pelatihan digital Aceh,google_news_rss
PLUT KUMKM Aceh Gencarkan Pelatihan Digital untuk UMKM - RRI.co.id,https://news.google.com/rss/articles/CBMiakFVX3lxTE9TQ19nYXljZ3Y5MkVpVkw3Wm9jZllObGpWWG94dnd3UVR0aWs2akpMcS00V1NLdDdQVzdGVHBYY1RBRVhkUzRjTmNmdGVpUTFTeU90bEVLXzd0QXZjSDZEWlA1eGZpSWR0Mmc?oc=5,"Sun, 31 Aug 2025 07:00:00 GMT",RRI.co.id,pelatihan digital Aceh,google_news_rss
USM dan ADMI Umumkan Pelatihan Digital Marketing BNSP - RRI.co.id,https://news.google.com/rss/articles/CBMinAFBVV95cUxORlVqVFlLZ2hGdWc3b1RjV05mcFpwc2ZvaUx6a0djZ082QTJGTFNNZTlRdGF3Y3Q4MzRTVDhFNDU3RVVJeWJRa3FNMTVhcnlSYmhjLTdKUnEwYVZQRGg5dEpuMVNGdm1ERTJ4VU1nQjFfUzBud3BZZWdtbGl0YTlKRllZUE1TbWw3NERjSVlwb0UyYTRnOWhTa3hab2o?oc=5,"Mon, 18 Nov 2024 08:00:00 GMT",RRI.co.id,pelatihan digital Aceh,google_news_rss
"Ketua DPRK Banda Aceh: Anak Muda adalah Penguasa Digital, Jadikan Digital Corong Dakwah - theacehpost.com",https://news.google.com/rss/articles/CBMiwwFBVV95cUxNalpwVVI2Qkp1TFFRMnRBSzdtTmlzWFdOdHNoN3dHM0ZFTDRXck83M1dzOVZUbVlqT0lqSTdEcUtHeXVEQXhvV3hhdkNKQXNLR2o1dU93UGY1OG1aejhMUGdfdjcwUm1acTBJNmhBeFdYTTR0RFpaTk9MX2Q3ZUxEUVFIc1NITlBkR2lfbFFOcU5qTDJoNENYanU5djJhZEI3SFNlYlRsa0lyMWExR1hySjlQaGxQdnV3RUU2NzE4S1Q4YnPSAcABQVVfeXFMTW1jTURINUtCUXlVejlBMDZFVjBONmFqSEZRV3VfdUMyYVhxcVVyaFNub1ZUcWlUZUJjaXQxZ2FrcGd6am9UTExVYzh1RUdXWW13eTVkUHM2SUoyLXhGMlVsaG5TS2ROR1hkOUlOTTRueEVmbjVGUlpETGNwNVV1WkU3MEY0ZTBKdnJlTDB4NGxnNzIwdy10bGNsSno4Sl9LdW1LVl9MSHB0WWtPa0daWGJ4UmNnX0NNV1dfSnRFUFJF?oc=5,"Thu, 16 Jul 2026 07:00:00 GMT",theacehpost.com,pelatihan digital Aceh,google_news_rss
Sekda Aceh: ASN Harus Adaptif dan Jadi Agen Perubahan di Era Digital - AJNN.net,https://news.google.com/rss/articles/CBMipwFBVV95cUxNYVBhNW5pNkRULThNT0FObDV0TDlxUVdBanZFaTZ2VTlUbmdqM0FLbUs4S2VZaGx1bTJqVU5UMmExb00wdkY0cWJaMUhPU3BzRXNiOFdqbWctSUNBU1c0THBpMV9aYW1UT2RqODRPMVRtSzVGbGs4UWJqcnctLXJWVmNVXzJrQ3B1YlNDZWZPcVI4UEZyVVFGMjZEcm5VdFNYUjRKR2E5RdIBpAFBVV95cUxQRTJqd2dISE5jSkpoczYyZXdrNnRGM0pMcnlRYm1pMmRibE53X3V1cnZjRVJNZlFYVFJKTXRDMG9UR1AtV1FXRWhaaTQzLVFtT1VjNU0zR3FPMHd0UFpYbDhoNVBtY2kxcThmcHk0b2JZN3dkcTRVaERocVlPNFp6bUNNdG1kWHVyNm5Fc3c1TDNKcElOQTBlcUFMVVJrZ0Z6SmRHaA?oc=5,"Mon, 07 Jul 2025 07:00:00 GMT",AJNN.net,pelatihan digital Aceh,google_news_rss
Dispora Aceh dan JMSI Latih Pemuda Literasi Digital dan Kecerdasan Buatan (AI) - theacehpost.com,https://news.google.com/rss/articles/CBMitwFBVV95cUxONWQ2VG5kdWtOTFB5bVlCRGczX2dSNzFNN3JVWTZWR2tTZWxNWlR0NGNHcEpKelFGYlg4U1VTVVpDLWVEM1ZzM01HbzhBQUk1X2tpMUE5czdZa0ZwV0x5M0hhVVAxd0hKWHZ3NUFYQXpkNmIxUUNSRGszNGFPWDRtd0JkTWhDcWRlR1M0MTVjWDBYWWZzREJjME1oemtIN2NOdThZSm9lRWJtNGJCUFhMWWtrc3BTdnfSAbQBQVVfeXFMTkR6YUhGQktzZVNtdkUwaUhreC1jWHdpOVN2X1RaZjVGR2QwY3lIRGJDaFloakszNzdDN2FKNkFNUHNOdlpNTHlGWEdXanlwZmJvZktrdXo3QjFCZjlOMGJnUl9XTGxNX1B6alZxd2tGMW9YcmRfcVpCRUxLNWpOZ0h6U3Zrenk1R2g4aXc2dHNfLXZDUkctRmh0ZVBrN1dPRVZTcDdabWdYMEplRmdIa3NXeUFr?oc=5,"Mon, 17 Nov 2025 08:00:00 GMT",theacehpost.com,pelatihan digital Aceh,google_news_rss
"Digitalisasi Pendidikan Dayah di Aceh Singkil, Puluhan Pengasuh Pesantren Dilatih Manfaatkan AI - Serambinews.com",https://news.google.com/rss/articles/CBMi1gFBVV95cUxOSURic3k4c291T1Z3bmFmanRRYWktaVpRYTJmNUpIXzdzU3hnOFA1QlVJV1dQeGxSazg3YUpMX3dta0RJWThSdnNQUkNhV3JPRUs4SDBkRWNVZUJNaUUzZUNXUlBXSS1WZFVkenFPdzFVOU9RMXQ4MUVWN3lTRXY5UVRtcVJYZXZQTDRjbDVTSERTb09YcDZSUVNFU2FTc3JVODc5aFZNclIxMVlEMFZiRUxRWVV5YTJ0N3l3eDRoUTJ6VDBCbUt4b3JzRGprQjdqc0ZwRUhn?oc=5,"Fri, 17 Jul 2026 07:00:00 GMT",Serambinews.com,pelatihan digital Aceh,google_news_rss
Diskominsa Aceh Barat Dorong TTE Percepat Transformasi Digital di RSUD Cut Nyak Dhien - Serambinews.com,https://news.google.com/rss/articles/CBMiygFBVV95cUxPM3lMUnY5R0NBblRTNm9hTVRyd0M3ckIyQjVDZTlES1h4OVFKZ1ZOejVwSDFfNlhtSlFJQ1IwbDZjNUlsTVZkcC1ueGRSZGZDX1VEM3NicFlDLXVLLTl4cEJOV0VVOV9sWHkyREtwbGZKRF9QbnFkUWV6V1ZfTzBtd3lJTFV6LUd0aUZhRWxMUFhnMnlpUy13MmRqV2VTYW9ZbGJ2VmxReG5OZmVEMVBsWl9KQXZseFVLTVF4cWlXUG5lWXVUVWFydDNn?oc=5,"Wed, 12 Aug 2026 07:00:00 GMT",Serambinews.com,pelatihan digital Aceh,google_news_rss
Zulfirman Pelajari Strategi Digital Branding Kompas Institute untuk Perkuat Tata Kelola UTU - Serambinews.com,https://news.google.com/rss/articles/CBMi0gFBVV95cUxPd0FNM2x6Tmw3Y3pPbXdiQk9vVnU4N3IwYVRtdEdGQmRBRXRWRUNkem8xWVY5QnRXSmNQc3Mta0Z4Z2JjdWpvaXBnUnNqTmZBVVF5OHNzVDh6Wjd5WUhwLU9IY2E1YjVQa1RBS1Q2Ni1sbHhjRkd6eVF3aHZTMUpJZWVMZnVJaEw3MmpiOVE0V1ZGTjVndi0zX2pOX1pQdmpBQmxWRXA0aXh1dlVsS1Nrb01vVDAtZXRpWW13dzBmdktZTG1PU3JTU2NTMVJKamFSNUE?oc=5,"Fri, 31 Jul 2026 07:00:00 GMT",Serambinews.com,pelatihan digital Aceh,google_news_rss
Dispora Banda Aceh: Remaja Berdaya Melalui Program Digital - RRI.co.id,https://news.google.com/rss/articles/CBMipgFBVV95cUxOZ0oyT2ltS09ZNHhaenpPVmJuaW0yMHAwR3gzTVdJVkRZbHhrdXdidHlwSm9BVV9fU1BCcTMwWDhVRlJwNU1oeWJUbkhDcjVfa0otbUxsczJ4RHJCTUUzTXdkOTdEaEVpd1lIVW92cnE2Zi1mUWlvUnAtOFNZR2M4bEFzYVNFbUgzVEFvM1pkNTYtRXhBa2d2SUcxVU1CcG1EbktYWG93?oc=5,"Fri, 15 Aug 2025 07:00:00 GMT",RRI.co.id,pelatihan digital Aceh,google_news_rss
Asisten 1 Sekdako Banda Aceh: Dakwah Digital Jadi Senjata Lawan Konten Negatif di Media Sosial - Pos Aceh,https://news.google.com/rss/articles/CBMitAFBVV95cUxNSE1HX0tlQnhEODdMRGtFLXV4cGVuWUxnVFVjYTdFXzZ1cm9WZ3lIVm84RlZNZDA0VjZ3S0JsX0o0RjdPYzZRTFFsWHhrc2VjWW56aURJREozYURHMlVrcU1kZTEzd1ZYa0FOck1XSS1mYXdNZWUzTTk4R3BobTVnZXdUY25vUnc3b3hfMDEwX19LQ2FUdHdOeU5tQ0dWbXNNY1NqVHpIbVhIc0JJam9lZUpCSVM?oc=5,"Thu, 21 May 2026 07:00:00 GMT",Pos Aceh,pelatihan digital Aceh,google_news_rss
Remaja Mata Ie Dapat Pelatihan Digital dan Menjahit - Analisa Aceh,https://news.google.com/rss/articles/CBMiggFBVV95cUxPSDhvdVd0WXZwNXdtXzRzOUt3SFJraXotZDJnWkRYU1ZfZVdfUFhLSEtBSElXbkRTSjVQb0VyZlUzdG5sQWR4eHJYT1FxVi15ZVJHRFZWOUVlZkFteTU2dG1VM3B5bDVXNnYtTl8xV2RrV0hXMjNubmhYejlTczlqMVd30gGHAUFVX3lxTE1MR19nMElyWkhQUkZiQjF6TnpDT05TR0RiaDU3MUdDUGcwYVBkRVI2QnhuUXpVOE4tWFhXcUZHMXBwcjlvRExYWnExdXN2YmVFRGlWNGFaY0FzRnJNaktLZGFyNGhFLTFkR0czMFhMRy0yVjd1bUdFS2RqbTNTN2pPM0l4bnFFaw?oc=5,"Tue, 12 Aug 2025 07:00:00 GMT",Analisa Aceh,pelatihan digital Aceh,google_news_rss
Disdik Aceh Latih Digital Culture Bagi Pelajar SMA - Serambinews.com,https://news.google.com/rss/articles/CBMinAFBVV95cUxQSlRoU296WUFQSzZvbXVjMmVrbWhFNlRwMG1qSHFkTnhGeFpmdENqWmhWQXlYV1VKT200N2dGZkJVTXZiajlZSXNNeUZ3ODdJZXVTamVDMWgxZ0k0VkhJZlBpWDdvaW9idm1XS3NiSmF0eUhSYjZhM05XckM3QlIwVGREX2g5R0U3cVpJelNuLTA2LW1PYWVGb3l4Q1c?oc=5,"Tue, 24 May 2022 07:00:00 GMT",Serambinews.com,pelatihan digital Aceh,google_news_rss
"Pelatihan Digital Marketing UMKM Ditutup, Ini Harapan Kadis - Serambinews.com",https://news.google.com/rss/articles/CBMingFBVV95cUxNam1hWEd2ZjBpbFA2VTlMTmFqUTduVTNuU29YZjRuTk8xMmRxSm1WeWlKUUVidUhlaElBNnV4Zy1zejZkRWxOMG5jUnM2Zm9kZ3VDdmhmTFg1S0ZMb2h2clRPd3BZdzcySVkyOE13Si1yNjE2T0RISXJZVExndE8wUGtlM3ZBY19qbk1ZaDBKdVdFdzZRSTJBY3B3UDA5UQ?oc=5,"Fri, 08 Jul 2022 07:00:00 GMT",Serambinews.com,pelatihan digital Aceh,google_news_rss
"Wakili Pj Bupati, Sekda Sulaimi Buka Pelatihan GTA Aceh Besar - Pos Aceh",https://news.google.com/rss/articles/CBMiiAFBVV95cUxPdEFWcVBsekRJUzYwRkhXbWg4T0ZwQ3dGLXRYXzRtc3BJVHRHamw0bDlHVDBCdGRNNm1USUgzcUFGYnl0Nlg4SUNRRnBHQXZmanBtaXU0LUVvWVVPdW9lUnhkM3RXMG8zbm1JVkZqMzJWN3Fhck8zQno4NjBkRjI2WGJIVkJKSFds?oc=5,"Tue, 19 Sep 2023 07:00:00 GMT",Pos Aceh,pelatihan digital Aceh,google_news_rss
"MIT Gelar Program 2 Digit Academy, Dorong Anak Muda Aceh Siap Bersaing Global dan Melek AI - harianrakyataceh.com",https://news.google.com/rss/articles/CBMizwFBVV95cUxPcWdBOGtoWHZoeDRfWGhsajZXcS1PcXhlOXBFbFF6MmtBZXVaNEhyMHNUVXAyRUVtRENFb1dWTFVzeFBOejFsMWlyc05XNlRDUmtIMVVaT2FIY091eDVwNnZYTVlhU0N3OS1iQU5hZlU1Y011eXdyOUcwX3l5YjVqV3JHbXY4Yl9wUi1aUmNROTdUaXdSU2kySmh5c3Y1Z0I2M1doRDMzUmtaMnFrWDJhRkdnSWxzWWZJeE9wS043TUhoa1pQZWc5OFE5cm1HS1k?oc=5,"Sat, 02 May 2026 07:00:00 GMT",harianrakyataceh.com,bootcamp teknologi Aceh,google_news_rss
"Relaunching AMANAH Hadirkan Program Inovatif, Dari Daur Ulang hingga Pelatihan Industri Kreatif - Minews ID",https://news.google.com/rss/articles/CBMivwFBVV95cUxOcFl2N2w4S012TDFVanFndmhOSDVUeGx6RVVGZ3hqYlU2MnVqTTlhb2F6SkpnOHJPdXBvVGN0X09vSjdqWlNlME9zbWowRUt2V3hvendDb0R4ZE9nTm55a1dJSEVmTWZodnRfQ1Q1V2hPdi12LTZvVk5OQzlISURqWTJ6TDdkWWZjVTVPcHZRWGNSZW1CcFdXQXBWOW93S0NSLWJmUm1QdmRlNTFWNUpWQ080aEJHaTR1Vnk1Y2NTQQ?oc=5,"Sun, 19 Apr 2026 07:00:00 GMT",Minews ID,bootcamp teknologi Aceh,google_news_rss
AMANAH Dorong Generasi Muda Aceh Jadi Pemimpin Bisnis Global Lewat Future leaders Bootcamp - harianrakyataceh.com,https://news.google.com/rss/articles/CBMi0AFBVV95cUxNSjJVLVBGRV8yVkZadTc0UGc3OTBTR1IwRjY2NW14LVFJODgxUlRPTEMxR2NwQ1VoM2J0RnZuOG9kaGdaWGphcW5SaC1WaFFDVkQxZzhSM05HUllTRDk1bUpicXNVNDd3cUJ4UzVmTUlLdGhYaDZqR2ExUDIyRGtpU3gyTlFIemdDcVpQTXJRTU9zNGo4b1o0T1ZmbDZZZVBaOWplX2p1eThfNld6dFpJY3A4bXNJdnppMUctQjFwT0pEaDVUSVhyeGdUMzZobFlR?oc=5,"Sat, 11 Apr 2026 07:00:00 GMT",harianrakyataceh.com,bootcamp teknologi Aceh,google_news_rss
"Jurnalis Serambi Sharing Bersama PPI Dunia Kawasan Asiania, Bahas Pemanfaatan AI dan Penulisan Rilis - Serambinews.com",https://news.google.com/rss/articles/CBMi3AFBVV95cUxNbTB6YXJBZVBPZDIwWU5fci1Oc0FtWGJMclh1bkFLNW13eTNaRDVGaEwxXzk2MUVqV2F3WmFVejVRY0dPSWVTc0RCS1ZjaVJaN3VnRHlEQm9fblVGZVlMS0lzNW9wMUpMSUV4ZGcxa2RydTFab2dyNnZYSGpUUjJnNTNBWVdidUtVcjQzSGhPVTJFLWg0Q043UjlaSi0zSElINHNSNktVZXF4Z2g0WlBTSDB0X2NDRVgyaTNKeFNPUktjV2tIMWRKYTM3SWtGUDZuZ3Y1Y25zWm9ZcGJl?oc=5,"Sun, 26 Apr 2026 07:00:00 GMT",Serambinews.com,bootcamp teknologi Aceh,google_news_rss
"Bepal Luncurkan Survei Digital, Dorong Pemuda Lhokseumawe Jadi Arsitek Masa Depan Teknologi - Serambinews.com",https://news.google.com/rss/articles/CBMizwFBVV95cUxPbEtoVzNsQ2NuWGRmUzB6bERQVkdGbFN6eHRBYl9KekQ1S2UzOVFwUTlpZWVZVXBXTVVPY1RydWVfSVdiRm1GNXpIY2JnNDNRXzEzTXU4dUZtcWJSb1NjTlZjUlc2UU1NakNlbTd4X3p4TE9WTXdhZVJlMlVuTGFXY1pQTi1UWWRyRVJPWjBmNkdjWjJGV1REbTlLX3dKSWxETnNxRW9fTi00aWVUeWhqZFFxdjdxUl9jZy1KVlNkUnRNUmZLYnhSckl3SFBOWkE?oc=5,"Sat, 27 Sep 2025 07:00:00 GMT",Serambinews.com,bootcamp teknologi Aceh,google_news_rss
"UBBG Rekam Rapa’i Debus Aceh Selatan, Dorong Pelestarian Seni Tradisi lewat Teknologi Digital - waspada.id",https://news.google.com/rss/articles/CBMivwFBVV95cUxPSGNYb24xbzZDVVhqTWRma19GYVVQbkZsX1hkcXdOanh1SGdGRzlGSjlWcDg3WGtXVjZrcGk1d204R2ZjNElRMlZtM2lBR1hHZkVhbVloUm8xTHpsVEJZLVRpSkgwbDEtRlY2bFF4eUxhSDQzaC1vQ1hKZjRWNndNV1Y3WUhSc01acTlSeVRFV0YwT3VPR1MyTVNmYlVBb2tfMTY0clA4czR3Y1FCUXpUaFI4YlFJOXl1QkZ1VmN1OA?oc=5,"Tue, 18 Aug 2026 07:00:00 GMT",waspada.id,komunitas teknologi Aceh,google_news_rss
Perang Informasi Baru di Aceh: Polisi Menghadapi Ancaman AI - distori.id,https://news.google.com/rss/articles/CBMikwFBVV95cUxPZzJVYkQwWGdHTDF5Vll4cmdYUlFvcHo2b1ZwNVNLdkxEX1FubFAtZWpsZEs0Z1ZYd09felBIWjMyNWNmaFpjU2c0TUVWeFFTQ3VVUHhQTV9qdk42NlZYdW9POFJIRVhQZnpPbjRVSWhlMVFIcURUYTNKSXRBU2M5ejdoUllMQmc4Zl8xVURJam5FX0U?oc=5,"Mon, 24 Aug 2026 08:00:10 GMT",distori.id,komunitas teknologi Aceh,google_news_rss
Sastra Klasik Aceh & Masa Depan Kebudayaan : PPN XIV Aceh Dorong Penguatan Sistem Pelestarian Budaya - Parahyangan Post,https://news.google.com/rss/articles/CBMi3AFBVV95cUxNbHZGT3lQV1haYVpvb0N4WG1yVmJmM2hyVWEzUTlrb3ZMZEFXMTcwNHJXclN4MVRCVWNMczdMbnQtTmoxZEI1NmVVdjJpaEcyemVlRFJQalEtNldKVFdqZTVXVl90eE1OZEFVU3VlamFOWllCZWNJWGRVMnEyWjBkNUYxN2h6Y3g2RGlWbXdDbVlRV01ZTzVxQVhOQ3ZHdWY0dGRXTE1UNGowSTVQSmJWZDhuZUNnMXRVa1Q2ak9TQ2dEc0d4N0kwejFJcUhLbHVraXIydkNtc3M0N2Yw?oc=5,"Fri, 26 Jun 2026 07:00:00 GMT",Parahyangan Post,komunitas teknologi Aceh,google_news_rss
BPMP Aceh dan Dinas Pendidikan Kebudayaan Aceh Timur Gelar Akselerasi Digitalisasi - Media Transparancy,https://news.google.com/rss/articles/CBMiuAFBVV95cUxQQk5vUkpBT1BTVDFVLVZDUzd5SmhfR2F4R0tqYzRMNWJmREFveVM4X21NNlgxYWZjQnlydGZLbVV6QW4wRDJZY3lJQjJ1eEZMTWZsRzhKazJDYWM3UEFKcGxlOXJES19HbE14ZFBRU3lsSW9lakkya3NIVUd2bTFWbWhKbFJlWmJwc1Y3WEh2Z3hqaEZVaHRhT1B4QnRzbzZNYjJLTm5YRlA1VXBRbi1VQWZLdTRpYlRZ?oc=5,"Wed, 22 Jul 2026 07:30:11 GMT",Media Transparancy,komunitas teknologi Aceh,google_news_rss
"Telkom AI Center Aceh Dorong Generasi Muda Kuasai Teknik ""Coding tanpa Ngoding"" Melalui Pemanfaatan AI - Klikwarta.com",https://news.google.com/rss/articles/CBMizgFBVV95cUxOTnJpY2dib3pXQmZSY3FDeFNkbVRJdHpwdEhqUWx1YnJTVHhydE4zOHV3TXgyQTFoWkhhMWNzUjNjdmpaRTZDZ3I1OXVFaTBCMUZjbGJicFFydUQ3Rzd6YjhvQXcycUVUOUpRdEFJYUFGczdINGdtY25jV3paY1YyUmluRDhsVWNJYUxMdmZ6Zy03cjdjc01mU3V1YXRfODAzS0x3dFdRQ1hfemhwaW1xS254NUlmLWl1cVVtMnpDa1FMaVNoRzQ0eDdDRzIxZw?oc=5,"Fri, 10 Jul 2026 07:00:00 GMT",Klikwarta.com,komunitas teknologi Aceh,google_news_rss
"Alumni LPDP Asal Aceh Ikuti Program Pejuang Digital, Dorong Literasi dan Pemanfaatan Teknologi di Daerah - theacehpost.com",https://news.google.com/rss/articles/CBMi2wFBVV95cUxQakZwZWFfcUV1YUJ3YjJIWUk2emNqRVQ2RThlallZQWtTa3NxaFNVX0l1dU5nZ21ySUhlbnFXYkkwR2NNNWFBNV9NSXc5Xzl1a0UzTHIteFNxdW9DSDdnb0Z6dzI0WVl3dktIRkJmRU1XcG9CUDN6Z0JDbURKb0NlODZqZTRUdGlUc0lpZGZKdXI5VWtibHRodU5oaUxOazctT3loVDh3UUhfcVpTYzhHWGhveV9wczM5Y3RTNnFpbzYyaHY0SWdzZ1RQenVGd25wV1JSbTZXckZ5bXfSAdgBQVVfeXFMUEEwbzNycTZuaTI2LUt4enhmQkJnUHhvdkxrWGYtakxIQUVKb2ljRkYwWVdIb19GdFhvOWdobGFjV2Y0VkgyR09Zd3cyZG9YdEJ3bDJ4NENDTzRVOGUwYzRkclR0UjlkX3hlWXQ0TGZVSEJNaUhyS181cndmUnZNWlNPelk3RmVjaTIxTGZ6b2lUdE5MTW1BMVc2LWhWY1hCSEpyQmNvcnA3by04bHVSSnI4UlRoaXI4M2F2RFJpQkc1VUhfWjR1d0RYalJOT0ZVZ1B1OFpsb3B5?oc=5,"Mon, 06 Apr 2026 07:00:00 GMT",theacehpost.com,komunitas teknologi Aceh,google_news_rss
Pemanfaatan Teknologi Digital Tanpa Menghilangkan Sentuhan Rasa - aceHTrend.com,https://news.google.com/rss/articles/CBMiqAFBVV95cUxQYkt1MS13TlFhTDVJZGJqS0ZIU1NfQnd4TjRJUmRDamE5UTZ2Mkp6Umxpa3J4SUdlYWhVTFd0eXo5LTJCNnRaUGNLX1dONms3OWo2bHRrN1NSUzlveFQ5ZG1JQ1RNS01EeldDSm1UZ3VXUmd3M2w2RGxTMEsydHg4UUVCRkhsRlItTUh5OVdPbnFtaGw2S0ZoSHh4R3dVM0tSLVRqcElNV3LSAaYBQVVfeXFMT3JqWGVaNmlTcDJ1SDZwZG9ialpPVXRNMEdDVlg2UXBlLU9rcVAxb2RUN1VBVFM5LWEyVnc2bzhHQTIyR09NQm1ubThMN2tHN1hTZ0hNNW5udnVsOEQyTm95VGJXZVhwd2JPbF91N241ekJ2MnFIbE5JWWJLN0J3cUNLWFcxdFhPMFBwaTNxcWJ5TE50dFd3dFlTODN5NVdoUmhYTkNDUQ?oc=5,"Sat, 21 Feb 2026 08:00:00 GMT",aceHTrend.com,komunitas teknologi Aceh,google_news_rss
Gelar TTG Aceh Tahun 2025 Resmi Dibuka - DPMG Aceh,https://news.google.com/rss/articles/CBMingFBVV95cUxQY2x5RjYtU0Y0cTl2X0RmTjVSTlhocDJZZ0tfbEdkdkdwVHYxRjVvUmtOMUNHQkpkbnRUbFlqYjJMZ3dzakI4M3psVGtDUUs4cmNGUW1ZcjBKWExSRUhVZ1U2R3lFdHN1cXFMMjRSZHZGSVo4aWlTWm1tYmgzVlNDRVRWMlUwU2xHd2ZtcG5UcEFZN0NfZ0lIbndxWlQ3QQ?oc=5,"Mon, 02 Jun 2025 07:00:00 GMT",DPMG Aceh,komunitas teknologi Aceh,google_news_rss
LinkAja Salurkan Bantuan untuk Korban Bencana Aceh Bersama BAZNAS - BAZNAS,https://news.google.com/rss/articles/CBMiowFBVV95cUxNa2V1VXQxTWJZbVZwMFFkNHZwX0VkSmNuYVBuWWFIVl9jeUJOM00wRVpiZS0xSUNrWk10Zzc0S3J2NXVKbTVXNU9CZllhZkZjNTE1M0lJZFpxdkVYOE5OcTA5bzlUZ1dKYjNVYnV1M0I5cldESjRPMjE2NUtNWUlIbnh6NXgxalFwa3M5a0lJUlp1TzNLaGJmR3JiQ0NPbTBwQTh3?oc=5,"Thu, 12 Mar 2026 07:00:00 GMT",BAZNAS,komunitas teknologi Aceh,google_news_rss
"Pascabencana Aceh, ITB-Paragon Kirim Filter Air ke Aceh Tamiang - Institut Teknologi Bandung",https://news.google.com/rss/articles/CBMimAFBVV95cUxQT0dTb25PdTRiWHVQWFEtTk5Halo0V0xmMmx1OFNsR0JteU1SQ29GUjhVQTFLRURacjVNZzBBeDZncHVrTnVrc084QTFiSGRhYU15cGlha0hoeXdVOEVOMjRkRU9fME9PV2xhb3FRU2hNOG95YzNJN3RVVjh4UVlLb0VYWmFIdGc4R2pZUW5odV8zWjlRREFHWA?oc=5,"Sat, 07 Mar 2026 08:00:00 GMT",Institut Teknologi Bandung,komunitas teknologi Aceh,google_news_rss
"Kementerian Pendidikan Tinggi, Sains, dan Teknologi - Kementerian Pendidikan Tinggi, Sains, dan Teknologi",https://news.google.com/rss/articles/CBMiwAFBVV95cUxNUWY0RS0wT3g3REk4MzNEblBXdkE1a2d1eG5JT01hR0ZxbGNGV2ktRzBIUjh4NXdYMGNzbEg5ZlgzMUlKV0E5SG5FdWZPV2xKN3BNdlpiaVlJV3hSMktzMTM5ZEd5dzJ3RUx2aHZWMzFwSS10dV9QUW1PVFBkM1dIMlN3MkU4RzJqQ2pBdm54QXZKeDZ5NnB0OUx2eUhQMmZMVkZFMmFhYzFYcDJNZzY0YUl0ZXFlaENBX2pLREp1bTk?oc=5,"Tue, 17 Feb 2026 08:00:00 GMT","Kementerian Pendidikan Tinggi, Sains, dan Teknologi",komunitas teknologi Aceh,google_news_rss
40 Peternak Itik di Aceh Barat Raih Manfaat Program Pemberdayaan Berbasis Teknologi dari UTU-UNCM - Universitas Teuku Umar,https://news.google.com/rss/articles/CBMitwFBVV95cUxOd1p6NUQxZVdpdFREV25XSkNVS2FFRDVhSGgtVy0tUnZwSktfME9lRUJkeE1mZTVFRnJYMEk4Z25CbkZYMVltMjVSXzhaQVNzajAwaWhpRW96YjY0a2pxS1N4QTBsYm9LZ3V3Z09qZkZOTTJwRXVwdmJmcTloZ2tBYkNnamh2eE8tcndCMEVRM0N1NWlNNVcxQ0hDTlNrLS1DTTRPUElJV0VIcFYxU2M2SEVzSTRLUk0?oc=5,"Sat, 11 Jul 2026 07:00:00 GMT",Universitas Teuku Umar,komunitas teknologi Aceh,google_news_rss
Labi-Labi Modern: Upaya Mengintegrasikan Kearifan Lokal dalam Inovasi Transportasi Massal di Aceh - Pemerintahan Aceh,https://news.google.com/rss/articles/CBMi1AFBVV95cUxPN3dmUndjRTliemR6MHdCaTIyMG9ZWjZJM05YWkRfbzFSYTYxOGdkZ0M3d2R2ZEJhZHN4TDRtcjNVbmdrdG10ZGdrV2Y0d00wM2ItZlJieVgtVE1vTFVLUW9Qay1idm5aQWRhWFVUaUQzUDlyTjFRd3hHR3oxWDhwZnhmbERySXBhcWFsdDNpaGV4dURSb3NrTm1hcVJZYWJRUk00Z3Z3T1IxamlIc3RMeUttX0NtS2lpZjdSRXk5Q2pnazhOcnRoRzNsQWVMZTVhNzBLWg?oc=5,"Mon, 22 Sep 2025 07:00:00 GMT",Pemerintahan Aceh,komunitas teknologi Aceh,google_news_rss
Komunitas Motor Ini Jelajahi Wisata dan Budaya Lokal di Aceh - Kompas.com,https://news.google.com/rss/articles/CBMitAFBVV95cUxNckIzNWxsalk4YmVodkphRkVZV05GRTc0NDRHNENhTmh6SXJTbGF4bUhNdXBWSEpDcVR0S3AxREc1bHJmaVBnejJIVkFJS2dpWC0zUF83bnJ2dDEzeGVpc18wNEltTHJJN3dWdE56ckU4cnhUSTgwc3NweE94QUwxWVBGX3pPU25jdk9UOV9wX0hUSGhTcW9Jb2haRTN3aGdMeGZ4MVlTSTZLTzE3OXpTOGIxX1E?oc=5,"Sat, 04 Jul 2026 07:00:00 GMT",Kompas.com,komunitas teknologi Aceh,google_news_rss
"Solusi Krisis Air di Daerah, BRIN Kenalkan Teknologi Pemanenan Air Hujan hingga Pengembun Udara - BRIN - Badan Riset dan Inovasi Nasional",https://news.google.com/rss/articles/CBMiyAFBVV95cUxQSXZRY2J6S0tudUxWLXhmX1NlMFEydWZJRTJCYm9UM2szWWxQQy1rUXVUektvQk80MVR3R0lnbl9YTTJGYm1FV3JLdnhCOUtKUXgzZzdWbWJrX3RmV2poX0hPYXlWZF9oZDNXREtvMDBKaUc4NElQaVBHUmdBaFc2SXpFc3paVE1MSkRtSmRSZTRJTmQwbHR5RU41YmhoNTI5NG9vbC1GcHY2R2xoM2REZ0MyUXV4NXJDMDhvd3plME93UFFqbWNTbg?oc=5,"Wed, 12 Nov 2025 08:00:00 GMT",BRIN - Badan Riset dan Inovasi Nasional,komunitas teknologi Aceh,google_news_rss
Pemko Banda Aceh Gelar Semiloka Nasional Road to Launching Banda Aceh Kota Parfum Indonesia - Pemerintah Kota Banda Aceh,https://news.google.com/rss/articles/CBMi3wFBVV95cUxOWE0zMlpkMXRWMVcwNFUtU25KQ09XdndaMjVJbkxSbE95VHNnX3d3MW9MZ21hMUlzUG5WRm5Rd3NWX0s4T2F1dF9aS3ZDSDVRNVNDX0tFTXVOOHJVakQ2cEZvdWJCM2NIZVZDdGdtaGloMzVYaVo4T0g0QW11aXJrRnpHZDNreGlUc3dTN0R5SkdfVlVFbXhodW9rbTBaRzJpTU9BbVJEakNXaEZVaE5abjlwZHY4UHNucUxJcWpRQkxDZm9TY0Y1MnN2UTl3TV9KQlh1LWlDTk9zeVpLaG5Z?oc=5,"Fri, 23 May 2025 07:00:00 GMT",Pemerintah Kota Banda Aceh,komunitas teknologi Aceh,google_news_rss
"Luncurkan Program Desa Cerdas, Gampong Sapik Aceh Selatan Bentuk Tim Ruang Komunitas Digital - nukilan.id",https://news.google.com/rss/articles/CBMisAFBVV95cUxNSGpJMXJDaDNWZF9UWjVzS2ZwSUZpTFZRR3pCQ3FMNlRhMXgtZXFka29FTjRFMDZzZ0gwN0NCRGZjOXJGYXJKV0JXcElUaHBPdU9hY0V5dUR2eFVNNHV3eXdUOUNXSGVlYktlcjU3MWZvVmxpMUJmOVE5YXZGWDNkeERnOHBDS0h2a3l0YU0yYktHUW1MbnlYUm96Y3ZsY0YtcTlCakx4Y3pXOVNQWnQ1RQ?oc=5,"Thu, 27 Jun 2024 07:00:00 GMT",nukilan.id,komunitas teknologi Aceh,google_news_rss
"Gelar TTG Aceh di Abdya Dibuka, Pemerintah Dorong Inovasi Teknologi Berbasis Lokal - AcehEkspres.com",https://news.google.com/rss/articles/CBMivgFBVV95cUxQLVdvTmZoSWVYaXgxUmhqWFlwa0hpOFlma3ppREZDbng5TTIyemlVRENLV3pPRGZ4aHlwMEpOSFUwNWdiWjktblM4RWVNckExVjRJdUZDZEtWRnlVVEJxQ0d5S0t3VDFsRXp3Q0lRTkZZV202SkxxM0xuV052Y2o5UzRBTW5LVi1LWDRsQkhTM1ZPTEdvbmwxRzF6SEJvaUpSelQ4Z0ZYSzZVcEZWaUl4T3VIbTNIRy1IWkxkRlZ3?oc=5,"Thu, 29 May 2025 07:00:00 GMT",AcehEkspres.com,komunitas teknologi Aceh,google_news_rss
Dosen Unimal Latih Komunitas Tanaman Hias Aceh Utara Teknik Kultur Jaringan Skala Rumah Tangga - UnimalNews,https://news.google.com/rss/articles/CBMi1AFBVV95cUxOcG5LNml4UmlaS2FDanBjVmZuQ3BUWTNlYU1MazliWGk4WU45bnBFaWQ1X21xOFJDTjQ1TVJTQ0c2ZFBHMWE1aGxpb3NMT2hmZmkybnRNRmZCbVY3V3MwYjNFZUR1YVpDN1U5MkJRMFh0Yk5sT2tZbHFua05JUXk1SlVnR1ZSY011RkpQQlBjYS0zUW5rS1ZYZ2cwQlhGdWNlR2s5YlJhd2NQd2Q3bV9xX3pwcElkcks5MXFjSGpRMlY0U2lUQkNNX2ZmcXRmbWtoU3VkZw?oc=5,"Tue, 07 Oct 2025 07:00:00 GMT",UnimalNews,komunitas teknologi Aceh,google_news_rss
Tokocrypto dan Binance Academy Dorong Literasi Blockchain Melalui Web3 University Tour Aceh - Coinvestasi,https://news.google.com/rss/articles/CBMiZ0FVX3lxTE42QVI3aVl5d0l5SS1qc01JdExxdGFITUJZOUREVElSdDdBN2ZDaFNib2ZBYl9PSTFPcHB0cS1Fd1BTajVnN0M0UTBULXlPREFmVWkxaFRUTERvbGY5LS04UmZBMENhS3M?oc=5,"Tue, 18 Nov 2025 08:00:00 GMT",Coinvestasi,komunitas teknologi Aceh,google_news_rss
"Buka Acara Art & Cultural Market Putroe Phang, Illiza: AI Tak Bisa Gantikan Ruh Seni dan Budaya - MODUS ACEH",https://news.google.com/rss/articles/CBMixwFBVV95cUxPQ1Rfak9VX2VwY0RhaUFhTXM4eUpndlgwRUJ3ajkxTHVZUTZhaU5mRmRtTFVEZE11MGhQclFtRnJPZlY2VzluTVVhMVdmQTFhSzVEYlRNSllVMVF6dktfMmpCRHU1WFpnbVR2djBkUDdHckUxWWdhbEdlak8yeW9ISGJKVkp5R1JXU056U281VGRhbWlJaHJHVm5hck84NlY1TlRNZDltc1ZFRzllZkdlb2hhcjhaN05HVW5UNkZUcWVZcy1wc3hn?oc=5,"Sat, 18 Jul 2026 07:00:00 GMT",MODUS ACEH,komunitas teknologi Aceh,google_news_rss
"PT PEMA Siap Komersialisasikan Kredit Karbon di Aceh: Kolaborasi Teknologi dengan Sagint, Targetkan Ratusan Ribu Hektare Lahan - MODUS ACEH",https://news.google.com/rss/articles/CBMi8wFBVV95cUxQeWRjU1JGdF94TURYUHRNQTNSUFpOT0wtTzNmZjBjVWpobzlBUWtzN1R1TTJadENrclJ2UDJ3TmhNZFJzZk1fSjJfaG90VC1wUnU5MHZqYzRNanNydjIxREhCc1NxN1JWTjBPMHBjeUE4aW9QamNUekw1WmFaMUVjVllTZnBkNTRYbkJKUnYyS09OX20zODExNHlCNFFuaXNVUkVTemY1dFBMT0dDWW1STDc2cmJUSXBEMGNMalFGdXdDcTR0Xzk1UDF1OHJRTFBQU2JaUHZFaUJybGUyZV9EMWtxdXhPYVIwOTN3Q08tY3JYdTQ?oc=5,"Sun, 11 May 2025 07:00:00 GMT",MODUS ACEH,komunitas teknologi Aceh,google_news_rss
BEM Fakultas Teknik Universitas Sriwijaya Hadirkan Solusi Teknologi Kemanusiaan di Aceh Tamiang - Kompas.tv,https://news.google.com/rss/articles/CBMi0gFBVV95cUxNODE4Nl82aVVPQnU4Zjc5YkZMd3k1cTl1YnQxT1luYmY5RmY2V0pRbGNRY211WEpnNWw4NEdoUlQwVE40VGR3RnRRVlZRUmstSjZXeFZvOG1ocU0yM0x0TC0tSGpSVjlnTmFXZ01vQ1NESVNOVFI4WXdqd3lnWWQ4Z29JZFVYMmZkSFRnOFQ4WXVwQVFhbURXdmhXM0ZZX0o0Q0xHc0lLQ250R3NZak1hUE9jeFJyeG55YnlsQTZ4dHRvUlZvaUxWendacm9PRXdGYXfSAdcBQVVfeXFMT2hHaklGQXI4RWRzcmJWdTdDUWhreWxXeEgxbDd6Qjd5RDluS2Y2UXVUampGdVhlX182Qkpab2VGNS1MNUJDdzNtWGhqOFdYeDJRMEtGejdKSFNfMUdrTk9xa0Y3akZyVGRwZklRSzBQREQwaHhobi1BWUdTTVBYX3ZXaVFyb3lDQlAtc0pmVXBwUGF5Sk1GVGI2T1ItNVh0NVJHdHlfT0FKWXFFMmpnWXJMMC16c1A4MjFnQU9hTmNLYU8yYnJsbU4zZ3QtclpzbkVhNnc1WUk?oc=5,"Thu, 30 Apr 2026 07:00:00 GMT",Kompas.tv,komunitas teknologi Aceh,google_news_rss
Komunitas Ibu Profesional Aceh Gelar Mini Workshop Fotografi - Kanalinspirasi.com,https://news.google.com/rss/articles/CBMiqwFBVV95cUxOaVY0MFdNQ21xNEJBWnNIOTVxWnNDejRsMHNkNlZ3al8zczM4Z2Rtc3pEYTNPdVNGX2luN1RoQS1mUHVUc0hfV190RDdKREpEeDFYZmNYd0dfMEtONmpIdEVBYkhIak5HNExpQzJLdHRtS3huWFdvYjFPMFpRaUdBNkNMWWI2MDhuQlhxaGFsZ3JUZGJNUGtlZWRyTVFpdko4SzJ2S3FQY3ZpaVHSAagBQVVfeXFMT0pRUjFES3pkNE5mOXFYaTVicWV6UEdXQnpWUlUyal9vLUJLYmJ0a2IxOGVQQ3JKT1UyVThCZUw1bC1uY3k0UnZhQUMyVXdjcVNWOGdXcEw2VVRSQUlQaklJdnJPZWNhUlU0MGMzUUFBSnRnSzZHVmZ3dC1nRHBUUWxBTE1ncVZUSHRVQnhJb3AzcXFRS19OcjNkUG9OSF9CNmNybDh1X1lQ?oc=5,"Sat, 14 Jun 2025 07:00:00 GMT",Kanalinspirasi.com,komunitas teknologi Aceh,google_news_rss
Komunitas Energi Baru di Tengah Tren Mobil Listrik - Kompas Klasika,https://news.google.com/rss/articles/CBMiigFBVV95cUxNWktqblR0NVR4aDU5RmY2X21xWTByZ1ZPMkVTQVNxZ2ljVnNSRHA2ak10cWxJdDJjQXpwM1JGWnFuMW9sUDJRRzcxYUxOdFg2dEpxZjBqNWt6SFdqMkZzTTNwV0x5SUl5Y1A4QXdfU0N0NTNCZXFaR19ydEhoNlhxeTlPdUdfZnZyY2c?oc=5,"Wed, 06 Aug 2025 07:00:00 GMT",Kompas Klasika,komunitas teknologi Aceh,google_news_rss
"Common Room Kembangkan Pemanfaatan Internet Berbasis Komunitas di Pulo Aceh, Aceh Besar » - dialeksis.com",https://news.google.com/rss/articles/CBMitAFBVV95cUxQbDhILV9aYk5KWFMzOU8tWDlZamQ5dVdsNjVtNVhsRDluY2x0VmNvU19NaVBLZXFWWVVac3RSQmhGbUoxVkRQeFdady1kcXFteEpwbkx0RHhwZEZ0ajI4cU5kUG05eG5ULWVtUlBrNmROeFhzZlUxMEI1WkRQNUlnY0hMUVA3RUlWNHZodnVZZS1MUzdKYXQ5amlISFJXRlRtZ0lINVZRR09fYVViU01lUzFmT1LSAboBQVVfeXFMTU1KOHB0bnRtWDAzVGhSN0U5aFdKeFRBZ0lnSHhURXJ5cl9HVnBxbTZJSzhqTE5YWG1pakktQUUtLVNzVGZ2QTFlZVNaN1h6OGNHbmlnUFBFOEl2WjZlb0t4QUI4ZGZyMnBBTUxDSzNKa2QyVHdfYUppeW9rTjZZMEFOcDNrVzg1NXNPYXhoSWJyX3Rqb1kyc1lJWDVXdVF0aGwxRE5zVGxiN05wN0tSMHl2bDJVZjZ6Rldn?oc=5,"Tue, 10 Oct 2023 07:00:00 GMT",dialeksis.com,komunitas teknologi Aceh,google_news_rss
Seulawah Team USK Kembangkan Inovasi Robot Terbang di Aceh » - dialeksis.com,https://news.google.com/rss/articles/CBMijwFBVV95cUxNcUtTT1BMXzVCQWotMXRYT1ZUM29ySVpXUzJubDdqNEgya1pDWFhpTUsxckYwUWZrWHpXVUwzWlB1SWtxMldaN3lYTjZSeWZHNVpxc0JxVTZoU3NDek53X2I0VHNtcHgzT0lOVE1LaVd3cnBNR2JoQ0dBVmNOdWZNM3hoQjZWT2J0dXVfNWhxQdIBlAFBVV95cUxQVXluaVpndllLSThwOVd1UHpHT3lqQmw3OFpudG1tYnpOdm83N3RZMXV5aXZnb3lwaWNjX1hiMWo5dFdlZGlGQlBsQ3MxSldIaXc2OWxqYy1qY3lPWEtqa0RvX1ptbnVfSmFlVlM4bndGNjNmdzNBSFIxUE15ckRtUWVYdnRtVC1TZXdneVlvbVU3OWVw?oc=5,"Fri, 10 Jul 2026 07:00:00 GMT",dialeksis.com,komunitas teknologi Aceh,google_news_rss
Seperti Apa Rupa dan Teknologi Modular Huntara di Aceh Tamiang? - Kompas.com,https://news.google.com/rss/articles/CBMivAFBVV95cUxPT1lTeHNSNUhLbV94a1o2R1d1RXZXczlULXRMWnNVcDk4WTRxVGh1MHA0YXFERmdnYWk2OEVvUWRXTmJXX2EzUGhQdk5fQmRWRElPSzNmSUFzTjYwd3ctZEl4d2ZFdVVaeHRxRndfYjlrQUxqeXBoWU93cU9ZTnF5M2NSdmFjb3pDRGU4b0J4YzZvU2l4S3dycXExbG94LUlMRV9vaHA5ejJqSzNwNE1hcHdxMExMdW8yb2NrSQ?oc=5,"Tue, 30 Dec 2025 08:00:00 GMT",Kompas.com,komunitas teknologi Aceh,google_news_rss
"Aceh Tamiang Bangkitkan Sawah Pascabanjir, Teknologi Modern Diterapkan di 2.673 Hektare - Lampumerahnews",https://news.google.com/rss/articles/CBMifEFVX3lxTFBsdTFXTXpRRmlXUmdOMmhXSmJXR01WcWMxNkYwandKSHlndEU0VlNURTB0anVIMTE3SzdabFJibkFMMF9CWXVucDNHYVVjQ3VreHNSSkNYLXkyTHFyTXV0Z1hlQTdHYlhYSTRoTHhZZm9Bc3FoeFJTaS1yb2M?oc=5,"Fri, 17 Jul 2026 03:22:00 GMT",Lampumerahnews,komunitas teknologi Aceh,google_news_rss
KKN Unimal Implementasi Teknologi Biopori untuk Menjaga Resapan Air di Mulieng Meucat - Info Aceh Utara,https://news.google.com/rss/articles/CBMiygFBVV95cUxPM0dKY0NGVTF3Q25yVllZSFE2cjg5MUhqaHo1bzZEZHdVeHFtakdHUHJXVlFjUlozV1hhNnJOcUtVYXNNMFlRMUFkcDJ3cUNRNTZMM0ROb2VEV3NWR0M0ZkhiYVI3WVM5b2hmZUFBeEQtNGs4RXd4VGw3MmJUSGthSGRSRDJDRE9nVUlLYjNBTUtQZFNraGEyUHF6X1FsNG02WGxZbTdLcEw4OGtpcnRkczZnWTlRWnVJRl92VHFoWk5GNFBuLXBER19R?oc=5,"Sat, 29 Aug 2026 06:39:38 GMT",Info Aceh Utara,komunitas teknologi Aceh,google_news_rss
FKSM 2025: Seni Tradisi Didorong Adaptif Teknologi - Tempo.co,https://news.google.com/rss/articles/CBMijwFBVV95cUxOOHAxVTVYREYyR3lZTUVDR0VJN2ZKR2g0Q3kxVnduTVNfWDNtcnJNSnlpd0dpeVg5b1E4Z0xrWjFfdG9tUVdmVnNpVHBRMy1OMF9IM0xrNWZ3YkJMRUdQbjBnQjlFUVl6VTRKTjNBX0RuelktUzJ1ZE5Lb3NFMmxPOEE1Z082RXl6clRBc1FjRQ?oc=5,"Wed, 19 Nov 2025 08:00:00 GMT",Tempo.co,komunitas teknologi Aceh,google_news_rss
Teknologi Biofuel di Aceh: Langkah Menuju KemandirianEnergi dan Kelestarian Lingkungan - harianrakyataceh.com,https://news.google.com/rss/articles/CBMiygFBVV95cUxNQWtjZE0xUGY0Qk1TLWtDWDlkaTFKYTJFV1FWcWt2TzZ0S0ZiMlFUWk85LVluWjdlclJMY2xhUVdxQkZXV1p3UWE2T1ZPYzZuc05wTTduRE5tNkdpcFE4WUxtRmlrY3lieG83b0FfclY4TE92cDhqakNlamVPeTk1UDdudERDN01haUVlNW5IWmI3WFBLcXp0cFhHSUEtaDBSVU5TRmV5QWdJX1NndWk1NS1MMm1OTlhWNExBT05pd3ltTXY3Unl5aUtn?oc=5,"Sat, 08 Jun 2024 07:00:00 GMT",harianrakyataceh.com,komunitas teknologi Aceh,google_news_rss
ORARI Lokal Banda Aceh Gelar Silaturahmi dan Buka Puasa Bersama - Kanalinspirasi.com,https://news.google.com/rss/articles/CBMirwFBVV95cUxNVk4xX2ZwVDlvUjdLVi14Y2FjNXJ4OHBYRU5Pbjk4bURoei11Zy1qbGhjSVhpenBGRk01a2tNTGduV0RwYk1WcThQeFl2NmpOWUxuanV0VXltNTR2SkZXWTMzS2JOVEs3bUtqcWVzYW5WbXlYVGp4TGVQT2FoNVgwYl9wRWF3YlRReXpOekxiZVF4QlpmbDdlbVpEMDFvNl81OU1jMVlFTkV1bU4wakJN0gGsAUFVX3lxTFBfMDU4cERYQXd6Z2FyOWdFTVdNeldQVHR6eTFiV1J0akZEQnE5TTR6MWw3MWRNLThzMlRDMEdQNVRTODByaWpGTkFRZzRCUUFnOTlxcUhFb21EdzhsZGZ3TklLUlBnY2dLZDBJd2ZQSnBwbGJZZ0tQMGs0Y0QwR0kwQ25yMVRqVzNqRzhmV3M4ZXFHdFVkSmpvTHM4MWl0U0VwVUFaS3pCUGNSR1I?oc=5,"Sat, 22 Mar 2025 07:00:00 GMT",Kanalinspirasi.com,komunitas teknologi Aceh,google_news_rss
Strategi Pengembangan AKN Aceh Barat Menuju Masa Depan yang Gemilang - Kompasiana.com,https://news.google.com/rss/articles/CBMi2wFBVV95cUxOSHpHN0VieFRra01keG9PQWdsLWVMZkVUMkFVdTZfZHJtVEZZR1BHMkdRR3ZWTFE1MXZDd1BjWkU1ejQwS0FBdU9XR3lfR0RUajJvR1MtaGJ4MTdSajM0MU1WcDMzT05UYk00TTEyZVNBd0VEdUdrTUwyWkpLSW1GZFlFZ2gxVFQtWTNTdE5SOFFzbkZ3dzBLNEpBRjgxQTlHMnJJTjNYU2JfYXJ2cUNZMTZ0OTNDb3hGZkE0UFNsczNoOVVaanB5RlVKRUJFMzVxRldNOXdWSnFmOGM?oc=5,"Sat, 21 Sep 2024 07:00:00 GMT",Kompasiana.com,komunitas teknologi Aceh,google_news_rss
Pemprov Aceh Bakal Gunakan Teknologi RDF untuk Pengelolaan Sampah - JPNN.com,https://news.google.com/rss/articles/CBMilgFBVV95cUxPVE1jeHByWElSdjVxX0FNZXFfM2xpNnhlVkFFNkFFaWk2MzktSXQ1ODl6bXVDYUtQa25yTnIzaXpITmF0TGg0Nml3aUVFdXhlbTJOcENzVHV0ZUtqX3hBRFVNd3RqVU1DbjJmNnF1LVNXTW05WGNiZGNEQzVKbTJiT3lRQUZZVGpTaGd3U1ZyRzMwVEJmN3fSAZgBQVVfeXFMTjR5S19UT2xGbnpuc0xBSlRMRlpiazgxQmhyZ3dVS1JmOEU1Q1Y2RHE5X0lndkpDcEl4bHFKOHZjUl9zVmlBZHpYTDNiMnV2dXhZd2tOX0VGazItOTI2MXVtS3V3ek5fSnV1ZkpadGhpcjZQaVM5NFF0TkZEN0xnU3dkbUlfYmZubHhvaFdqUFY2cmFIVUVLWXc?oc=5,"Mon, 03 Jun 2024 07:00:00 GMT",JPNN.com,komunitas teknologi Aceh,google_news_rss
"Bus Trans Koetaradja Aceh Pakai Teknologi Canggih, TransJakarta Kapan Menyusul? - Berita Otomotif | Mobil123 - mobil123.com",https://news.google.com/rss/articles/CBMitgFBVV95cUxPY214SVFVZ3BDbWdyNUhudW9XYnNlQVA4ZW1kNUFka1RHaVpQWnhQc0JEWmlaMDRkSi0zbkluMmdfbGYtV0ZFczdJcmNPUnZ2Yk5CTy1FQXhyUGdRbm1zQ0pLNDQ2ZzdpYmFUTGhPWktseUFEXzluOXBlUWp5d2JmdTl0Ul9iOVg2OF9qaG1SUjJvZmVGbEQxTklmX0xvUnV2ckU5U3diTmdaUjJKYUNna1h4dUd4UdIBvAFBVV95cUxQR0txM1dLNkdtUmpXMHMzVUNuSlJjNWFiYVVaMEpOLXZYSmg3dVpmdzZoNk84NFhkRWthV3RvekE1QWVVOFZISURlVnVFcjZRYllhNUhYalRGNmpaX2JCcHh3aGFhb01fM3BMMWlXQXdPWXJnSmlsMmtKd3pmRVZOZlB2d1lkUlRob0lHcDJCaXdmcXMyOHgtWVJqSWg4VTJzc19uQW5xb2NTZWlwUzgyb0hSaVlyZGtRU2E3UQ?oc=5,"Wed, 15 Feb 2023 08:00:00 GMT",mobil123.com,komunitas teknologi Aceh,google_news_rss
"Gandeng Pesawat Kertas, US Goes to Children Ajarkan Bahasa Inggris untuk Anak-anak Lampermai - aceHTrend.com",https://news.google.com/rss/articles/CBMizgFBVV95cUxNbFg4d0NnUEI0dGc1SVpMYmNKV3dKTmlXR0tKZDgtS0w0VWVYU25GSUhKdkpoUjJyRjlrR1RQaTlJUGpuTEJ1ZVdoTzhkRjJZaG5xa0otVWN0U2ZRRk8zLU5OdEZfRmRZUWN0QlhJMklFR2hOOWFmbnE1d09qZTU0UFNBaVB2T1pyLTFRbDVaTVJYYW1ueWJhVU14eUFhamd0TjIwYjZEMzhyd1AxYnpTXzMxYXZSSEs5V3Z6RjFhWmE2N2N3S2EwQ0xxODlhd9IBywFBVV95cUxNTFZwaFRtWUczY1paTWlycTRnTjFaSW9RY05IQ2NtYXVFcEMxOU5zSTVtNU0zS3U5TGJCWWhuQlVwWWhHX0pkQzZINGxqR0FhQUNPeFR2ODZGYjh2NG85YWxqTS1TRmw3N0ktTWhwSDNQcGZXdlRwNkZ5SFJadjdtRk5SazJBRTZvN0kxNUZUM3c1ZFg2dzBWbnFzdG9SUFhVNzBSRjhweVdZRmlBeUs1Uk13WXYxcGpzdVliQjRJZ2QxS2F3b2RIdm1Rbw?oc=5,"Mon, 28 Oct 2019 07:00:00 GMT",aceHTrend.com,komunitas teknologi Aceh,google_news_rss
"Lagi, 23 Komunitas Siap Mendukung Program Irwandi Yusuf - aceHTrend.com",https://news.google.com/rss/articles/CBMinAFBVV95cUxPT3VoTFVUTVBoR09LdFhMVlJTTVRsbnV4SGpKXzNxOFc4MDlPZ01pSTktbzkzcTh3M3FXa2Q5TzBVUldVLWxoYWVkVXVjRWVqYlVxQ196YWVySzNVS1BSQmRnbDdBMDVkSHVXb1VGaU1jbVZhYkFuSmg5UW84YWc5THhIYW1HdDBtQnM2TjBjODJTQWRpbEF5NTNwTnfSAZoBQVVfeXFMT1J4UFQtOFE4cWpRZFNJUXdGUnNobnFVVktFbS1vNjZBaHNVMExJSlVPUU1kRkxjQUVPWFN3d290MWdVR3V1cUFsR3NTVWI0WC1BdWZHX180cGt2WnNHZHpwSE9nanBETWxvanFRMFlSSjlfcHJpVlJUSTNWVEx1S01NcjBKV1BQNU54a2JHeWdnRmlEQmdsM2pYZw?oc=5,"Mon, 30 Jan 2017 08:00:00 GMT",aceHTrend.com,komunitas teknologi Aceh,google_news_rss
Saree Agro Techno Park - aceHTrend.com,https://news.google.com/rss/articles/CBMickFVX3lxTE5lM29CR3dPVmRlLS03Y0JJa1dINHNXd0pPNVZkQ09jTHZrYlBWZ3E4Tmp4NzhZSUVrWmN1cEJURmE5ZVhaWExiRnRjZ1JmWDBPUVltdE5VTWhiQVI2NzV0dGpLNkxjdTZuQkozS2hLbGRWZ9IBb0FVX3lxTE4zZnVzOXR0QldYdjVDYmRmeGhiMUc1eEZQNGZkTVZyOXNoSUQxV2xxakZqemc0TXY2Vnp5SU9rSDlwbG9faHZyNnFMN1NIRkZtd2RZbmg2czhiVm1xUWE4b2hfYTJFdnF4V0UySW1obw?oc=5,"Fri, 01 Dec 2017 08:00:00 GMT",aceHTrend.com,komunitas teknologi Aceh,google_news_rss
Ustad Abdul Somad Isi Acara Peringatan 14 Tahun Tsunami Aceh - Tempo.co,https://news.google.com/rss/articles/CBMinAFBVV95cUxPOWhDRGJ4aFVtMTk5bUZLQ211MHpDS1JBNGV5ajl6SUdyQWt5cmZDZTYxMUo5bzVOeVR6QkM0QnhmdWNoeU5zdTU0T3o4d0VXenowanRGbWNpWGdIc0lKS185MXRLbExTSExFa0VfYUxUOTJWdmVZbl9DN2dyWmdSUldsTWFDaUlubUhYZGEwcTVvUnFkQ0FxQ0xxMTQ?oc=5,"Tue, 25 Dec 2018 08:00:00 GMT",Tempo.co,komunitas teknologi Aceh,google_news_rss
Politisasi atau kriminalisasi LGBT: dari 'lima partai pendukung' sampai 'kucuran dana asing' - BBC,https://news.google.com/rss/articles/CBMiXkFVX3lxTE5jN20zbU1tUlF4UWo0RF9VYXUxTzBVVU5ObVhTYzRYN1ZjRXp4c191MlZBM0FKQmxqM2JpZ2ppZU1JS1VYaFhlaWJZQThHTkVkSkVteEdsSGo2U3VhdFHSAWNBVV95cUxQYnFUaGtiWXFwMHlWclZfLXI0NGxSZmZtLVc5ejYwMDFPdHhTcTJjUVkySklyeDlIV2ZtTEhGOFN2QUlZN0J6dk1uUHh5TFJWamZFYWpKTUhuZThuRGFjMkw5bkk?oc=5,"Mon, 22 Jan 2018 08:00:00 GMT",BBC,komunitas teknologi Aceh,google_news_rss
"Illiza Buka DEDIKASI Vol. I, Dorong Adat Tetap Relevan di Tengah Perubahan - ACEH INDEPENDENT",https://news.google.com/rss/articles/CBMiowFBVV95cUxOR2h1Q3RicWExOVlZSzVjM0ZNQmlRbVhjcXkxMDNLSUpiS0tkRTZiVVo1LXMzbTgtN0N4NEdkUS1fQVczdjNuQk5HczJPSEc5Nl9MTlJRemszTGFIY21HajUzdHVGc0pRbVpUVGRJMXVISzgzbmJBUjNpUTdCVV9aWkFSRnQwclFYaXR0NHRvYkNIMlpTSUMxbHpxdFlnLXpWZ0dR?oc=5,"Mon, 31 Aug 2026 04:59:05 GMT",ACEH INDEPENDENT,komunitas teknologi Aceh,google_news_rss
"Telkom AI Center Aceh Dorong Generasi Muda Kuasai Teknik ""Coding tanpa Ngoding"" Melalui Pemanfaatan AI - Purnamanews.com",https://news.google.com/rss/articles/CBMi1wFBVV95cUxNYmRPT1I1aWx0cXU0cFlqb0p0Ui1XOGZpb0Zvcjg1Q3drLTdaZjJsZGlHbHJSUWhzcFp4OXEyXzBLdUV2X3ZPTHZMZ21MUk1FNy1BWlR0WUFobjQ2ZEhBU1o4S0k5OWU1aGg1NnlWWnRhajhoUVdxdm5JRmVCNkNOTmFJbHNXd2YwaEtqYjNqY0dOSm5OV05XZ211dVBselZTZUpsODVfSjdYNTJDMjVxVHo5ZTNrLW1lekpyNUJhQXN6TjRBNEJKanRZZm90YTB5aVlrb1Zpbw?oc=5,"Mon, 06 Jul 2026 07:00:00 GMT",Purnamanews.com,komunitas teknologi Aceh,google_news_rss
Komunitas Lokal Aceh MIT Foundation Jadi Anggota & Terima Hibah Teknologi dari Google for Nonprofits - Serambinews.com,https://news.google.com/rss/articles/CBMi2gFBVV95cUxPd3UyUnlFQmh4Umd1cGQxTE1JZnlIM0V3LVV3OXRnTkFSVXJDbS05WTA1cF9aOW90SHRRZTVtZ1VUQmp1S0I2cWViRlpnWC1jUWtMTEkzYzZpYTd2bjhGZFh1R0pKWUZLUU5nM0pld05WU3NNSUdXbnR1WWZ0RENFdlhJVVlubjl0X3o1Qnp6S1pndVN0SHZRT09Gc0FXSjF6VWhhajBHZlk0T0JKZHpjVWZVLTlNYUkzN0RXTVNrLWNPSEVwazBkU051T2hXS1FnZ0VXS0ZLTU9RZw?oc=5,"Fri, 14 Nov 2025 08:00:00 GMT",Serambinews.com,komunitas teknologi Aceh,google_news_rss
AMANAH Aceh dan Bank Indonesia Dorong Pertumbuhan Ekonomi Kreatif Generasi Milenial - Serambinews.com,https://news.google.com/rss/articles/CBMixwFBVV95cUxOR1hiM3RHNjVLaXpEWUhlYlhjUTJNX0NHMzdsQmNZck9Wbi1yZFQ2ZGw2M3J3LWFuUmNod0psYzNJUDhsY2hsU2ZOTTNlQnlNMUpReXZXT1RBdG1oTzZ5S19NTlhmQ09QWjV0UlFMSTFjV2w5UmFlTFVTRTg3RXQ5cmZEQ0lrY3dYTEt5ZHAtbDFkX1ZGZzBTVW45OWxVZDJaMkhMWnlpQmdIbEJYMGRHcU0ySHV4ZmsxS0c4V1BWUzFmdVlaNVpN?oc=5,"Mon, 09 Mar 2026 07:00:00 GMT",Serambinews.com,komunitas teknologi Aceh,google_news_rss
"Jaboi Sabang, Ekowisata dengan Teknologi Digital Pertama di Aceh - BITHE.co",https://news.google.com/rss/articles/CBMiogFBVV95cUxPYWliRzdPUUdrZFlPc3JFRnptNW5Sek0xcnJxMmdaRV8tVDRKeWhMZzBqLTlZWmNrSkN4RlRGMmw2d0pWOWVoS0ZSVXZXNzU4MHdobU03WFQ2Z2R6MWVZeUwxdkNYZVpxZklNLXg1NXU1VjBwTHFDcFluN2tNbGdIcjRoYWZid216YzNreFFKdW53a0dpa3R0UzNQb3FoWmd0aXfSAZ8BQVVfeXFMT2ZIdUJ4STA1RThVZHZER3NsWkkxVmk5U0kwWDI2RnZTVmVWQTJVckI4c0NyS1dFNkRlcnA1bUd4SmVYSWM0TlZuR1dSbExlTVFHcXh3emdZOTB3aS1qTGtld1BkU3F2QVBoSU91UHkySXBGTTE1RW5vZzl6ZjFMZzJxM0hYcm9ETmg5ODFFUlhZUXdocEMxR3o4bzdDX09z?oc=5,"Tue, 09 Sep 2025 07:00:00 GMT",BITHE.co,komunitas teknologi Aceh,google_news_rss
International Summer Course USK Bahas Pertambangan Aceh dari Berbagai Perspektif - Serambinews.com,https://news.google.com/rss/articles/CBMiwwFBVV95cUxORjBUMEhqbmFHejQzOVBHRW52NjZQT1A4Qk9Kc3haR2VqT1RhdEJFWFRMLXhSR1A4alhib0RfQTRsNEpFWUVNbUg1ckR3YUhUYV92Z0Q5NF9ublc3bU5WS0ZlX0JDUFJaZEVkX05vczhKYlE5U2REczNIZ0VKeHZNcVBPY3VrR2JVRmtwVnVzcUZaSkkxdTdGem40cGhSRk11cXFzbW1kajRFUzR5NC1NT24yZWhCR1pKZ3JYNjltdHF1VUU?oc=5,"Fri, 17 Jul 2026 07:00:00 GMT",Serambinews.com,komunitas teknologi Aceh,google_news_rss
Upacara Bendera MAN 6 Aceh Besar: Pesan Bijak Teknologi dan Penghargaan Guru Teladan - Serambinews.com,https://news.google.com/rss/articles/CBMixwFBVV95cUxOcFBqcGwyS1dTVFlQOHN2aHZLMXdtNFNqdWt3MEtRUkJnNjktWjBRbWJ1dEJaMjE3ZkZTYTIydmp6SlR0UDB0SERxZUJmekRCTFRvZXlDQ0dBSUlyQlFQXzBJelZDRzlDYklWeFE5RHRqdHZ2TTBxVHM0b1RiVUJTYWxJM0syU21TMy1mSTZxSHhWTzRXSklPcGtZYUxhZzlNVmRoR0szOVVnQ29WOU9NUXgwRVdCZm1kSG5LWjBMNEpmcndPVXVV?oc=5,"Mon, 04 May 2026 07:00:00 GMT",Serambinews.com,komunitas teknologi Aceh,google_news_rss
"USK Jajaki Kolaborasi Teknologi Konservasi Laut dengan Cina, Manfaatkan Perairan Aceh - Serambinews.com",https://news.google.com/rss/articles/CBMiyAFBVV95cUxOV0YzMXBIWU1tOHQzRnA3d05fX2V6ZmxTRExxdU9xUjIwclJIaWlldGVEUmw4dG1yWWpLR0ZuSWlwdUNtbWpmc2lQaFRmcGMwZ1pDc0c2S3l5dG9pTjhqQl85aVRVNlMwY1g3a3RrNU5DRnhDMTZWZDR6UWQ1RGNDZ25CcW0yV29pZS1Zbnk0a25XRTJ6dkFBbVdFeGtSaGxpa1VyaFY1emx0NUsxVUtPVDUzZzJuVUlHMWNRemlPSWVIczBkSUFoSQ?oc=5,"Fri, 03 Jul 2026 07:00:00 GMT",Serambinews.com,komunitas teknologi Aceh,google_news_rss
Dosen Universitas Abulyatama Berdayakan Masyarakat Aceh Tengah Lewat Inovasi Teknologi Sereh Wangi - Serambinews.com,https://news.google.com/rss/articles/CBMi2gFBVV95cUxNdHdJM3UxR0V6UWY2VFFlTlN1S04wVGg3Uk02NU94dkZHcmlUZVdSQWJ6VHBXbUJhNWhnaFNzWXRmY1lHblB3OHRxQXQ3VVEyS3JUMXRyNGN5dVdZSTZvckE3VDBWZWNUMU1xR3hLV0FiclZZOVpwaWd0cW5CcnlvT2lRaHFaS3MyN0x6YzN3U0ZJeUFKeVpxTmdOMS1xUHZCckoyOG1RQWNOSVlERmYyaURvTkIzU1FwZlI3ZVpUdXA3TkJXT1ktS1RNck0wLXBGa3h1M2VHcW0xZw?oc=5,"Wed, 12 Nov 2025 08:00:00 GMT",Serambinews.com,komunitas teknologi Aceh,google_news_rss
"Visi Kota Kolaborasi, Wajah Baru Banda Aceh - Pos Aceh",https://news.google.com/rss/articles/CBMicEFVX3lxTFBMSVZ4WG11bDBSdjI3WlhwNE1nbDJRYnpaNXBWRnJZcUxlTFNMbW9idFdLNFA0UEVDZmNNQW9JdFFYSmVRcnpjdl9Ta2FFWUpNSHQ5R1l3RFBQTDlsSUFDaFhkZkJ2OUdBOWlqRTI2UEU?oc=5,"Sat, 25 Jan 2025 08:00:00 GMT",Pos Aceh,komunitas teknologi Aceh,google_news_rss
"Nagan Raya Raih Juara 1 TTG Aceh 2026, Lolos ke Tingkat Nasional Berkat Inovasi Mesin Sangrai Kelapa - Serambinews.com",https://news.google.com/rss/articles/CBMi3AFBVV95cUxQaTJuNXQzQ19JSVhZc095ZjNvYzI4TUtqYk5MT0QxRGdSdmJ2N3RERWFmWkg0TTlRcGxFNnIzYzZnWWdjcmZRVE9OaGZRWUx4MTdDQUZ2Qm1PQjNINkdoM2cxZE1odWlnNWJZc3VEUkRSbFU5cUtPNlNqMjRwbFhPZU1zOUd2VUM0MmtyZlBOZ1FIbkNfeG0xLXlxTkd2MnJOS2owZmx0M19uVEVfM1QwdjI3UUpzRGs0UnFxdW9IckFQaXdfbTF5UUNaWW1xSmMxMkJjT2lqNWgxTDND?oc=5,"Thu, 20 Aug 2026 07:00:00 GMT",Serambinews.com,komunitas teknologi Aceh,google_news_rss
"Abdya Juara I Lomba Inovasi Alat Teknologi Tepat Guna Tahun 2025, Pidie Posisi II - Serambinews.com",https://news.google.com/rss/articles/CBMiuwFBVV95cUxONDNrdk52NnJ6REtzaDdnYy1IQXBlX1NkaDVqZDh3Nk5IbmZkandjQThYM09XZi1SVEYtdFM0ZUg5SDk4dkdYUno4VXE4ZE5POThDbk5OdGxOcEZjUFMwRkkyWTBFMG15VWxfaWx1YVNfZVJEbUpkZEItWUJFLTBoN3NlVjlUX21hZklubjhnZFhVVG9kRHpqUXQyS2cwYjl1cmtlRjE2QmF1UGYzQjdwaHJiaVR6TlJpTS0w?oc=5,"Sun, 01 Jun 2025 07:00:00 GMT",Serambinews.com,komunitas teknologi Aceh,google_news_rss
AKN Aceh Barat dan SMAN 1 Meureubo Kolaborasi Pasang Teknologi Biopori - ANTEROACEH.com,https://news.google.com/rss/articles/CBMirgFBVV95cUxOLVR3YzdGcVFVVVVwSm9PeFBIZktLWlZ3amtnRmNLbWJNMnpqZ0pYcFo4aUdiblN3My1oX3J1ZXV1T1U4bUZyZzQyQlhDcVNidmhSSWh5MWh5TF93QVg3UEh4UEY0akIxZHk1UjFLTlBPRmpBQ0g0d0NnT21EbWRhUG5KUXZPM21BNVU5djk4MzJpQURpS0gzVkpJOW9WRzZlRk1kQWY4NkdWbWg0Wnc?oc=5,"Wed, 07 May 2025 07:00:00 GMT",ANTEROACEH.com,komunitas teknologi Aceh,google_news_rss
Anggota DPRK Aceh Besar Wiki Noviandi Wakili Indonesia di Forum DCN Manila - Pos Aceh,https://news.google.com/rss/articles/CBMimwFBVV95cUxPV3Nha1R0Q0NIUEl4RDBtRTlSN2RNTVpBTl9LU3YyaVptRDNpN3RJdDRuMVNBZng5ODB5R1lHU2pLem4yTEhsRkNhd3ZKdDZ2MXJsS1FoY1M2N05yeC1pc3JYaU04THduc0wzNE85T0lNd2lIR3ZjSzZVQi1jb1ZrNTg5TGsxZEJaUnVJaWdtTUR4NDR6TlY1cTdHSQ?oc=5,"Mon, 03 Feb 2025 08:00:00 GMT",Pos Aceh,komunitas teknologi Aceh,google_news_rss
RTIK Aceh Dukung Langkah Bupati Abdya Berantas Judi Online di Lingkungan ASN - acehglobalnews.com,https://news.google.com/rss/articles/CBMirAFBVV95cUxPQWxuWGRxU3dycWNPMFdDeTNBb1RRSTA0MkRkYjJNbkctb2FEbFA4d3lpUjF5STNIRWNmOF9Ndl9nbVBZTzF3Wk9WVV81R0FqYVR5c3FwRE5OUHFfVDZibV9Ka1g4VEloUU5naER5VUE1amxUTjVHV2p4NENkMVQxWE1XTG9NVmNUelRWVEMzTGp6ZG13eEg5M0tIdjlGelljZnlPTmJRSkRDd3cx?oc=5,"Mon, 31 Aug 2026 11:11:00 GMT",acehglobalnews.com,komunitas teknologi Aceh,google_news_rss
"Dr. Faisal Binsar, Profesional IT Asal Aceh, Pimpin Sesi di Konferensi ICICT 2025 London - nukilan.id",https://news.google.com/rss/articles/CBMiqAFBVV95cUxNejZfSUwyekc3QUtvRGttN0R6Tl9uWFdKTk1BQUpGNDFoZlFkM3ZNRVY2S2xBZHhJMS1vMlJubTNkNl8yZmk5a3RBV05hSGxpZDR4c2RxZlNjbnVQV3dtVDU5RWlXbmRpbHJzRlZ2OUJCV09WOThPVU5zZ0c2YjlJaTlyNlRKX0daNFB6d2lMV21LYUZGeVZmM21LVXM0NzM4M245cTY5Q1M?oc=5,"Wed, 19 Feb 2025 08:00:00 GMT",nukilan.id,komunitas teknologi Aceh,google_news_rss
"Jadi Pembicara Seminas di UIN Ar Raniry, Ketua DPRK Banda Aceh Ajak Mahasiswa Aktif Berorganisasi di Era 4.0 - Pos Aceh",https://news.google.com/rss/articles/CBMixwFBVV95cUxORm5rcXZGcjhBdGtRRUdLREh2MkhqYTRSTVRTNE9kWWw4WnhUa2EtX0RHOEJRczVydWFpd0ZpWGpzODRnTjNYT1ozUFAxVVc1MUNyN0Q2Y09KbUhnamg5VzhYaDJJS0Z6WElxZU1lTUdhZVp0bTBQa3YwbnpBUm9FS3ZpRmEtQncwZWRpbG5ETTJUcTVmbDZoTG42LTZONFRTaXlBWEx4NkVscFJQVFZzNFpON0pKOWNsbTZNMnFWSlI0WlZzS1Fn?oc=5,"Fri, 05 Apr 2024 07:00:00 GMT",Pos Aceh,komunitas teknologi Aceh,google_news_rss
Dukungan Teknologi untuk Content Creator dan Usaha Lokal di Aceh - kumparan.com - Kumparan.com,https://news.google.com/rss/articles/CBMitgFBVV95cUxNUXBpeGsyT0hmYnF0dk1hX1lHblJGd0JEak1LWG5LNEVWM2hxdzl6U0xMVTNqOGN3Qm8zQURzOEVVU25Vc0QtaFRHMXRvZ1pZblVMWkVlblBZajQzQnBIal8zZEkyU1pmZ0lTRVhUNlNKSkdvVWdtbi1oWTZvS0ZycGFrQklDeEpwYnJ3SGJSU2ZEQ0h6ajJyaFNUSHYyeUUyMVV2YlpyWGlXOTZPOXVfQ0lMNklMUdIBvgFBVV95cUxQNXhZdjRnRndFenVQa0hQSjdmblpSZ29HRzJjeEdhc1ZQZkI3SDFKaG1aekNKNjdiOFFMb0xOQzJWM2tJYjg3V3ZZakt2SmplRGhYUldDQkx0SDlqN0VVa21pd3ZPemJTT1JlUjVNYURPZVVpY0N4TzliQ3ZSamZoU1BzbUdDazdmVEo0SmFPSWtKOHpha0s2Wm9DeERVRnVzN0lnaE16c2dPRnlrX0RqS2tQc05CSFotdGxsNDJR?oc=5,"Thu, 08 Apr 2021 07:00:00 GMT",Kumparan.com,komunitas teknologi Aceh,google_news_rss
"China Lahirkan VC, Punya Tugas Kembangkan Startup Teknologi - Bloomberg Technoz",https://news.google.com/rss/articles/CBMirgFBVV95cUxPRmdWd3huT0NpeHdDbi1MZ1RrYWVMNnFuX2tFV0VrcHhmamhZOFFhek5BUXhfUDVSeUxvUHE1MG4waGxZUHRrNUFXd29wQ0oxUW9OTGFiMlFOM3E0WHBsLWJzaVFKRGgzNkZQQjlSUDNKbERTeHp6VEJvNzdmdklIRkRyWmRCeUV5OHNvc3UzZWhLTUpTSGhqaXhKb0xlZkM2M2p2YkZOdnVGa0hCSHc?oc=5,"Fri, 26 Dec 2025 08:00:00 GMT",Bloomberg Technoz,pendanaan startup Aceh,google_news_rss
"Sesuai Mandat MoU Helsinki, Jusuf Kalla Usul RUU Pemerintahan Aceh Perpanjang Dana Otsus - hukumonline.com",https://news.google.com/rss/articles/CBMi2gFBVV95cUxNcnNPbkRpa3prWER3RmFaMzh0VkpWRTlGUU1OelAyU09PdTd6dzF6Z1NnLXo0eGVOdE5nU0F1ZG40WGZSSzNYT0lGTzRSdUNJM1pUbzUwRnhyU3FJVWNNVjNENkl2NWVGanFiUTFJT19zUk1IU0U0Ry0wQmIyQmxCTHhfMjhZX25rS2RhbXlTLXV0T3hlOGR1VTJrRFlDS2hpb3VkLVROdjJRMXFvZUo1Slp3WGFPNGhOaklFR0h4bTEwVHRmczlWVVllenR6ZVo5RXcxVHNrdTB2dw?oc=5,"Thu, 11 Sep 2025 07:00:00 GMT",hukumonline.com,pendanaan startup Aceh,google_news_rss
"Program Mahasiswa Berdampak 2026: Targetkan 10.000 Orang, Pendanaan 120 Juta/Proposal - Bisnis.com",https://news.google.com/rss/articles/CBMiygFBVV95cUxPbUx3RXF5Z29MaXpPbWxzZEVYZTZtNFl1WkZicGQydmxyOTNnYk9WRS1TcWZLVlZjRVJYQ3FIcUVaWHhuLThiVUVnbXhKaEg3YjJYOEQ0TlRteHo4OE1WaXpuTEVEYjhMRFoyZXl2ME4wT2RJT3R4cDNxZ3lyMEo3Z0dpVTRDd0JreGthbDAzNXZEWXU2eF9rOFFudkFGVnhRWUJab28wM1J2U1FydDFXRTh2b2VCVFZaZkxHQ29acHh2aC13cHlUUEJ3?oc=5,"Mon, 19 Jan 2026 08:00:00 GMT",Bisnis.com,pendanaan startup Aceh,google_news_rss
Startup Dua Anak Presiden Jokowi Dapat Dana Rp101 Miliar dari JWC Ventures dan EMTEK - Emitennews.com,https://news.google.com/rss/articles/CBMisgFBVV95cUxPRVd5YmhscEN3a1RIU3FRM20tYlZtY2JzdlBXNUdvanhqNzYySGY2OFJ6Y1ZlaVNrQXFHQXdqb2dOTFBwNDZFWENuUE1yejdicjlkcklVNmNXZGFmZGl5NVRWOUlxTWNROGNEdGQta3l5UXFBT2YzeWdyWmtzUGMyUDVoYkg5SUpfa0g5Z3NpY3RUVDhMZWQzMUwxZ2M5NnpmcUxhdmx6akZ2ZzVlb3RzNkpB?oc=5,"Tue, 07 Jun 2022 07:00:00 GMT",Emitennews.com,pendanaan startup Aceh,google_news_rss
"Perkuat Rantai Pasok Berkelanjutan, Startup Kudeungoe Sugata Raih Pendanaan - Marketing.co.id",https://news.google.com/rss/articles/CBMioAFBVV95cUxNaXIyRE5QanAybngzT281V05NbTVHeGJpQW5vOWc0bWJCNmhoT1g0YWVHQVJKVENTZktjcWRzcFZ3SGJMZDIzNTJsRndGc25TVEo3aGpwZExkQ2tfbkRELVl5TkpMY1ZHV0I3WFpDRUxsZlBkdzd3bXRuakFpc0g3dlFPM1hOMjhSN1RUcl9EVmJ4bFJBVWxlWml1Q0IxUEsz?oc=5,"Mon, 23 Dec 2024 08:00:00 GMT",Marketing.co.id,pendanaan startup Aceh,google_news_rss
Sky News: Fintech Asal Inggris Menuju Valuasi $10 Miliar dengan Pendanaan Baru » - dialeksis.com,https://news.google.com/rss/articles/CBMiqAFBVV95cUxOV21yLTR2cG5OcnUwSFNaNFZrdnFPQWx1OFVnY1luNmREQlhYN19GRy1xZ2JwMTF0NUw1NWZRamJOVGpSOTBjZElVYzdPbnFiVTJRZzR1TVJmVUZBY05fYTBlQlp1SEJ2Wm1uOVhWdUU5SUpmenVrSTdFOHNmb0x3bWU2TjVDVG84NHlKeDJDV3ktZ2ZEc2VEQ0o1WU8ydkJibUtTU01feGzSAa4BQVVfeXFMTk9wa1NMel9RRGJpbGZPZ0liWVltTWI5d3J5bW9ORVd0Qk8xZEdQQ0s2d0Z3X0R4UHpLVC1iRE9qZWhyQkFFaXVwek4tSmZIYnR5VDVOY2VCaW02VGwxdHc1ZGl3eUplZ1l4QnJLamN0b0NLRDl0dGxEYzRHVUdCRWpsOW90Rm5EY1hSOVB2LUxSYzRHckpEOXp1eG5mbS1Wd0ZSdXdGTUpKMldmVjhR?oc=5,"Sat, 17 Apr 2021 07:00:00 GMT",dialeksis.com,pendanaan startup Aceh,google_news_rss
PT Telkom siap sukseskan Gerakan Akselerasi Generasi Digital - ANTARA News Aceh,https://news.google.com/rss/articles/CBMipAFBVV95cUxNV1dKNmpTa0wtcnUycEJHVjA1SW5BZHVsVzNJekVHMVdzMlhrMjdoZE9vbk1YMnJQaHZhOGRnZkNpd2ZzeHdXZ04yazhrUWt4WUJYaTF6R3BFdG0ydDNtNWFuZ0t2QzAzdV9SWXZlRG5renpIQTV0Q21waUFNaEs3MnJlZ1ZpdVlrYTdhQW9YMENLLUI2NjhWd0NTMncycWNpYVJUbtIBqgFBVV95cUxQMXNGOFFVX0NZWFMzN19IMHFUb1ZMamdIall4TGtTbUNSN3BRR0FOSmV3XzNLSXYzZUp4cW5scU9UZDNmYnoyVExmY2ZXUkw5X1czU0Y0UUZTeEw0UmgzUEhRbmNWQTlGQTVpZG8zR3A3VXl6THJOdlBUTGU1NlV3UE9lcF9NU09VUHF5VWl3Rm13MVJwNTlyVFI0TUpNcHRCeWd1TXVXLVdJZw?oc=5,"Fri, 24 Dec 2021 08:00:00 GMT",ANTARA News Aceh,pendanaan startup Aceh,google_news_rss
KPK Sayangkan Dana Otsus Aceh Jadi ‘Bancakan’ Korupsi - hukumonline.com,https://news.google.com/rss/articles/CBMiqAFBVV95cUxNUFZjWWlwRjBLR2t1NXVYS2ZIN1dlYzdneU5MRENWcmgwRE93U0ZuSTVVSXB2bVk3Rm9iWTh4UVlweWFjYWpTUmQtaE9RZmdZbWRDSDNoZWNIRjBjWUhQX1lybzM0RThDZ28tWXA2MFdCcVpfWE1TRGVHTFlhSnlmVmc0eEVrLUpLSk5hREE4TlpVcDJ6TlVMOW16dnQyNFNGMlJ4YUFodXk?oc=5,"Wed, 04 Jul 2018 07:00:00 GMT",hukumonline.com,pendanaan startup Aceh,google_news_rss
"Percepat manfaat pasar modal, BEI gandeng Kementerian BUMN - ANTARA News Aceh",https://news.google.com/rss/articles/CBMioAFBVV95cUxNRk54YkJmLVJfNmNmNkloWjVjem45UkF0X2Q2V0doSWI2cGtiNDlOU0owcE1JaWRFT1FZbXlOUkcxcENTQVJaQjBzcnAzX2V2eDlPRWVnb0t2ZE1PaVRFRTI5cThKQ0RNVUVhQkhScnVLRmw5STNGMTBwNFE1dC16UWZVTl8tVGtDSG84YVRBbzFPRDQ1T09xWklkRlZPcmVE0gGmAUFVX3lxTE83TVhjcmZrVkdWMFg4bl9mQUVkal90cGVQWGZ4RVZMVTRlWEg2Q3V0dHhnbmVjNk9MdjRvWTE0em5MSHh2SHJpeFd5aDY4QmZub0lxeVNkSDlFWnNOc2FSNnBhZkdxZ3BZc0RnYzRGY2tTTXlYWmlqQ1ZnY210ekk4bE9Dc0NialEwX3g3Y3psM3dwSE1HVlVhQkNlbUNjLUFXaGtZV2c?oc=5,"Mon, 27 Feb 2023 08:00:00 GMT",ANTARA News Aceh,pendanaan startup Aceh,google_news_rss
"Anwar Ibrahim Ungkap Korban Gibran, Rp 880 Miliar Dana Pensiun Malaysia Hilang - AJNN.net",https://news.google.com/rss/articles/CBMitAFBVV95cUxNYkhzNlo1Y3JmNE9pRXRTelJPYkJ2d19DQU92Y3pYZDR6ZVp2QUptdUIwT3dKblBKYnlNYVVlallzZDFBOXZOc0FCWUk4b1ZFbDJFanFWSnNmYXpXM2tZX0FGT1U0Zmh2LVNlTzM1Y2Y4bEVDUUs0T3RKUUNzN0NuNnBFdXFabGNxV3hVSmdnVElsYlhoN3k4cVVZdVVLdk9xSEZnc0t4djNNck5iTHVreWlxZkTSAbIBQVVfeXFMTVBDR3VGWWhvMVVhVUtDeXpGUUxLbkpPeWNhWWxxYVNabFJUUlVUYU1jYWxCdnQyY2FCTmV6U21zajJQNW9rdE01Z3RTRHF4NkdaNHNpc0lkTV8xVGdvSHZmWGtHUjY3dVZZRDI2YjFxYk5lanJrS2NaMVJKbHg4VVJhSW1iN2t0WTQ3STNkeUtwY1RuYTB6S3lvWlMtRVluRGUxaTd3Und2cXVkNFBnRjlXZw?oc=5,"Fri, 17 Jul 2026 07:00:00 GMT",AJNN.net,pendanaan startup Aceh,google_news_rss
BTPN Syariah Buka Peluang Perempuan Inklusi Aceh Jadi Pengusaha - BITHE.co,https://news.google.com/rss/articles/CBMiogFBVV95cUxPV3Y3ODBhd0lpZUlKb0RBS05EUXJBNHpmOXBLaG9MVzFuNnV2M0JQZGRyZHY1dnliRElKeGc5cmUtRUp3c3R4elBKcGd3eGNZVmc5Xzk5T1B5cGpKM0lzYkFmOWNCMGo2SDhqMWlGWGFKN1U3aEV5eDBmMDVJaDc3YUtxdEQ2TTFVTWY3dXpPWG1iSWJLU1lGWGJxUlBZSUM1ckHSAZ8BQVVfeXFMUEFDUUh6T2ZLcG5LNnZGVjA4UlRrVTZZWV94V0tyaks3Mk5OWDcyRnRWYWFieEJKbzRqWjB0WUoxZHVPRW9NOVlvbmk1YzJSR0k3clRIU2lrVHVyeU5PS1o5cUhJZUpFOEk1V0p2VEJfTER1bC1uR1FtU3F5aThTUXN0U0J3c2FPekUwSGlzektRRlp4b3U5UWEyR0NoZjZB?oc=5,"Thu, 16 Mar 2023 07:00:00 GMT",BITHE.co,pendanaan startup Aceh,google_news_rss
Program AMANAH Berdayakan Pemuda Raih Masa Depan Cerah Persiapkan Indonesia Maju - Pepnews.com,https://news.google.com/rss/articles/CBMixAFBVV95cUxPbGE2V1BtYXJ2MjR3TlVCTTBOZ2gxN3lzQlRSandUV3daamNOanV5WHpUMlFCZEVaWDJCNVlIS00yWk9fYmY4clNTZUlfYU5jN0N1OVJ3S0swd2ZiZElYTW96NjVQbTk0N1lqbEM4Q0VvZXhHczgzRmIyRWVYOW81RHBVVGxpcEZtZEJoY0hSVjl2MThUaUl4dnBOZ2xYWmJVRXRUdV9jMG40di1TM3loRnliMkQzVDgxYS1fN0dmeDRxTHRX?oc=5,"Tue, 09 Apr 2024 07:00:00 GMT",Pepnews.com,pendanaan startup Aceh,google_news_rss
"Dana Otsus Aceh 2008-2023 Capai Rp 100 Triliun, Bagaimana Penggunaannya? - Bisnisia.id",https://news.google.com/rss/articles/CBMilgFBVV95cUxNbHhJdkxJZXFfdmoyWkhRUU1RdmQ4NUlfWTRmMEx3UE1pbzZMV0VhWU1zcFFiOUhIR2doYi1rWW53SENmM3ZkWmtsYkhDZkJHVmVORGZRc0R4MzZzVVEyaVV1cmpUUktGNzhBQXhXWmpoX052dlVGQjBCOWd1bVZxaXEybGp2R3NDUkVaZmRzZm5OVEt1elE?oc=5,"Mon, 28 Oct 2024 07:00:00 GMT",Bisnisia.id,pendanaan startup Aceh,google_news_rss
SWI Group mempercepat transformasi menuju Infrastruktur Digital - ANTARA News Aceh,https://news.google.com/rss/articles/CBMirwFBVV95cUxPY0lYVkxDQVlxM1BWRG5IRnBIbVdTLS13TGlibmVaRjhyVDhWQ2NHbnlSZ1hCVUQ2UGVlQ1VPTHdqdzRSd0V6czFxdExJNEtiXy1ZcGNNaXc5UFJWenFPWkplaE4wY19zTmZFVzVySDJkeVVVTWNfdUVJM3o4cVppOHpGN0hHb1pOb0pXaXlJbWtibGpLRGlsYnFDLXJIMGNFYThiQ0hRcUxvTWFUdEJ3?oc=5,"Sun, 30 Aug 2026 13:51:00 GMT",ANTARA News Aceh,investasi digital Aceh,google_news_rss
"BSI Bantu 50 Pelaku Ekraf Aceh Tamiang, Dapat Modal Rp50 Juta - Infobanknews",https://news.google.com/rss/articles/CBMijgFBVV95cUxPbFExb3U1WGJtTkN2RHNtQ1d1U2dUOEE3UVNvdlF2WWFzY0tWWVZuOXBmYlZkWTYyS184MkNGcjQ3OGFySjRzYlJQX3NkcjFPZ25ENG0tZHl2RThCTXJTM0taWi03YVV6XzZiU1dSSjhqelUwbzFRVThRQ1AycXQyR00zOFVHX3BrSklabFB3?oc=5,"Sun, 30 Aug 2026 13:21:00 GMT",Infobanknews,investasi digital Aceh,google_news_rss
"Potensi Migas Aceh Dikaji JOGMEC-JAPEX, BPMA Dorong Eksplorasi hingga Investasi - Acehkini.ID",https://news.google.com/rss/articles/CBMioAFBVV95cUxNM0poMUN0NUUwZkhuc096MlRhQWI4dlJzck93ZloxSFlSNG15T2tvTEx5S2lhdjQxMkFaSVpXczhMQTVqM2lMSXd0bncwbmFqWDFXUzFHajRGd0FhbTBwMDY2aFZqdUROYzRVUXlWWTA3eThiOWdwTkp6d2VCZVpjakJ2MGN0WTYyX2hqU3MxcVFzY01aSTNxRUgyVGdwSG1C?oc=5,"Sat, 29 Aug 2026 05:17:49 GMT",Acehkini.ID,investasi digital Aceh,google_news_rss
BSI Aceh Sabet Serambi Awards 2026 lewat Program Tabungan Emas Menuju Baitullah » - dialeksis.com,https://news.google.com/rss/articles/CBMirwFBVV95cUxPNEdYbEVsR2kyamhaSEdBUVBMSHA5SkJqSW05bk5CWDhSWnRwNk5ZTHowanFhUmFSZDBscnRuUGgyNGtSZzhmODdMMEctVE9oc2ZmUW93cVp0ZFpVamtKalBLN3pFeVVVOGhGbnlXX2IzSDMtOXAxVmV2dVlzRVI1X0tCQzZYOVloZGUyLUREZ19jYkxmeHd5eV9kenltZk9SWVc2VXBfX1JwQWNJdnV30gG0AUFVX3lxTE5kM1RUbGFHbWFkLVRXaWNwTHlXYjNQZ00wWHlrSi1Jb1Rwamh2bERVdkNOZDVvcHVkd1lrS2R0RDVlMDRWcU52c2JNYVBSMWVNRnc5NGFjRGZiUV8zU3plQUs5cjBNeUZQRHQ1ajZ0VFdPTHdaZVZNT0xCRTRsZVNqTmJ4MTVGMHZUWkd1OU1oNmVFRjQwTzRPS3dTVEwzSmVXN1J0dzhueUJ4aWlpa2YwanBDVQ?oc=5,"Sun, 30 Aug 2026 15:30:00 GMT",dialeksis.com,investasi digital Aceh,google_news_rss
Sekda Aceh Sambut Rencana Investasi Pabrik Metanol di Lhokseumawe - Pemerintahan Aceh,https://news.google.com/rss/articles/CBMisgFBVV95cUxOXzFETzBEaDloQUozWWZESXFoSmpudkpPcVJHSjlPWl8tNnd6U0ZUYnVnQXBZMFd1ZHprVEJ2MmNDemd2dEZwUmFBMGVRdlhfQ2pNT1laSFlHQTJidDI1cEJtblJkU1dDbnRnNDdaNERzam1jb2tldEZ3dXNDSUZXcF9QbmRrYmdhRmw2eUpHeXo3dHVCMDBDdU5JOS0yT19Gb19PVkZKUnA5WUZGOVZkcnhR?oc=5,"Mon, 13 Jul 2026 07:00:00 GMT",Pemerintahan Aceh,investasi digital Aceh,google_news_rss
WALHI Aceh: Raqan RTRW Berpotensi Jadi Karpet Merah Investasi Ekstraktif - Aceh Online,https://news.google.com/rss/articles/CBMiswFBVV95cUxPcHBRbXROcHA4czE0eWdiNmZTWXlkRGZENG1WU251UHVrWm5Da1BxRW5Rb3gtd0tJZVVMYWhob2pOMTZBaVlvdFR4T3pzYzRBb056VTJ2NTQtUE5KY256dTlsdEVtNmxXOTkxRVg4UnFsRWxzdXRXNXY5cWJLT2wzaE9ZUHh0U25RZEVfSFhQSEJKYWJrLVVRdzRkOTBHbVNXQU1iMk5ET1gxVDl3MnF1cW1NQdIBsAFBVV95cUxQQmRpOWlETFNyYlNqT0t2RGxtaUlrSmduYV9QVVZaZmQ1VTVtTy12TTVPU3hMU2ZGWGtZZG56TVFQLTNCTmxRSDJsY2JMQ0F0NjREM3FzSlNnMnlLT1FDUXAyd0ZwYmg5cmRWcTNocFJXX3YyUTlKemRiUjdpSlQta2tjV29YR0hyS3BtNU5vQXRJMXZiLWlsckFoekdmUGpfYW0yZnV3WFVKaGZPN21qcQ?oc=5,"Tue, 18 Aug 2026 08:34:45 GMT",Aceh Online,investasi digital Aceh,google_news_rss
"Jumlah Investor Pasar Modal di Aceh Melonjak 51,96%, BNI Sekuritas Resmikan Kantor Cabang - SWA.co.id",https://news.google.com/rss/articles/CBMitwFBVV95cUxPRV9oUUdzN2hmOFJuNUl6dlI0LW5jTzRpaW5mUTU5OWtIMDBpM3JjU1p2RmU4MUNVVDl4NV9CaW5QR2ZwQW1vN0lXaktHeEd4dUNiNWNkeWNyeXgweUtTQmdmeE9OSHBkNDRDbVdYVDM0TFBnX0JBUDhuQjZOQUh5ZWo3SFY2Sm5PZlRsanpaNzZNSFhCQVFkRGJZSXctT3ZvZWlzYWpEWmtnaDZCeXZHcHg2M3dLUnc?oc=5,"Wed, 22 Jul 2026 07:00:00 GMT",SWA.co.id,investasi digital Aceh,google_news_rss
"Soal Blok Andaman, Kapolda Pastikan Investasi di Aceh Aman dan Nyaman - Pemerintahan Aceh",https://news.google.com/rss/articles/CBMivAFBVV95cUxQWjVfcXB0WFY0MWFpNURialY1dkkxSlFIUG1jeV9OdURiVzZrcHRzSXRSeXpGNlpHNjNVMHRzZHQxQUFUWVhqWDJiVF9mQjIwTjZ0ckFJLWdBOU1VaXltdnVRR0hZN255eWV0WVhfVkI2QTVpNlBrb3dTbnU2MkpUZ0szRGpESFdpc1BIR20tc0U3TzNyanhXcGszQ3IzLWpPdFJIRUIzeHdqdjdZbjdOQmJqa0l1alZwNy02Qg?oc=5,"Tue, 23 Jun 2026 07:00:00 GMT",Pemerintahan Aceh,investasi digital Aceh,google_news_rss
BNI Sekuritas Perkuat Edukasi Investasi di Aceh Seiring Pertumbuhan Investor Pasar Modal - ACEH BISNIS,https://news.google.com/rss/articles/CBMiywFBVV95cUxOSjlmNndJcWdTSldMbXM3V2R1ajI2WVNnU3dWMHJSQWVHc2kzLXI3UkFYS1lkZlRNY1NaelNGNHNIeTNFTHk0YnJsbEZ2d1ZuNVpRbFJKUFZFcE5SZG5aN3FwNmJ4cjN3aUJNSGdNT2UyWFBQSzZPcU43WUd1NVhMbkNsOHBrNnVIWm9PenpheHdGQjhrOG9mSFpndGpyeHNibTM2NUxyNTNzU1M1Z05Mc3lvWVNhaVZiVnU0ZGFiTG00Q1k3X1JJcUhIMA?oc=5,"Thu, 23 Jul 2026 07:00:00 GMT",ACEH BISNIS,investasi digital Aceh,google_news_rss
"OJK dan BSI Gencarkan Literasi Keuangan Syariah di Aceh Utara, Kenalkan BSI Cicil Emas hingga Waspadai Investasi Bodong - Portalsatu.com",https://news.google.com/rss/articles/CBMijgFBVV95cUxPOFc0UlEyRWp5SUVlQU1HclB1X21iSnJzeXRFZDgza2dKbElLMkhoMFZVMXFDeXhFcDYydDlaeUJXbzBxSUtJVXFWM013UDhDNXpYNWFMbFFBOWJ4Mzdmb09GZ2UtQkt1Y2paVjJiaEowZTVaZ1ZxbHFMRnBMcGlQOGlraDNROERGVEgtbHVn?oc=5,"Wed, 15 Jul 2026 07:00:00 GMT",Portalsatu.com,investasi digital Aceh,google_news_rss
"Transformasi PT PEMA Berjalan, Perbaikan Tata Kelola dan Pemulihan Investasi Mulai Menunjukkan Hasil - thejurnal.id",https://news.google.com/rss/articles/CBMi0gFBVV95cUxPdlUtdHJHU2NRZS1wUTg4cUNpNC1TX200czRidkU3RGhnQVRneTd1Mjh5amtpaGt2NVM1OTBPVXQtNmJTWlJEMGFzVHVjX3pYRU0yaUFxM3RrS2drWlVIQVZIQnByTElCN01xRGMzOGhuQnprQjN0Mm9ydHEwWTZKQklJVm1qcnlwZENnQUZVdlVYY0Nnc2RfUXlVOExLWm1fVFUtSG1Ba1NETVNYTWxoZmJidlktZ2EzTzlmNU56YXNvZnNyZ1hhbnAzcmFqWWkzMEE?oc=5,"Thu, 02 Jul 2026 07:00:00 GMT",thejurnal.id,investasi digital Aceh,google_news_rss
"Gaet investasi baru, Pemko Banda Aceh tata lahan eks Terminal Keudah - ANTARA News Aceh",https://news.google.com/rss/articles/CBMirgFBVV95cUxNUXUxeDgwNVlmMy1HQzZCc2o1anBCY3djV3FwdkM3YV8wNjFoNTVuNUJZNFNDdFNZbGRXbjk1dDlfSHNuQ2QycGVVbThPWjBzV0h2SkxXZE1aTUF6NkJQSV9vM0pVMzJINm1sN25fY0ZaQUNLdWozZUlCN2t3SXVKNnpDVDQ3MjV5SlZfNDlmeVNnRVM0azZfRnFDbVJvbllYdl9BOWRxXzFTa2N3ZlHSAbMBQVVfeXFMUGtIUFcwRm1Jb0tPREV1TkV0VDh1dHlxNzUxek5tNzBhdmxKVUNtbXJ4blBzZFlKN0t2d3RrSzhPRUxYakFmX0EyZ1hsc05jSWduYzFJRjNUa2dBZE9MR1VxdVFTT09pdDBhUVhaZUtWOXdnN002YV94VHg4RTRiVWw0MG83alVZYnlhZW9ZTG1yUzhvdFI2WTZxY2ZPMURQWG9KeHljRjZVZ25HbjB2Ykh3Zms?oc=5,"Mon, 27 Jul 2026 07:00:00 GMT",ANTARA News Aceh,investasi digital Aceh,google_news_rss
"Bahas Rencana Kerja Perekonomian, Sekda Aceh Bidik Investasi dari Rusia - DINAS PENGAIRAN ACEH",https://news.google.com/rss/articles/CBMiygFBVV95cUxQRE9MdjZBVHZVSmNCVGpfaUxZdENCWUFFOXVKU0lsdThaZzNBZzdZMDZ2WjJycngxM0ZXUWNRbkItWmJINFlFd1lBSUlFOTkwbkRKYVBRLVBsVE01bDVfV2c2TzdTV2lkRzVRc2R3d1diaVBlSFhwcDhRSnMybU1QeG9rZTdkN29lQUo4TlFvQnM1LWczSXFtellEbS1lbmpVWUhyYmgxUWpieTh3TjdBZUtCRHY4Q19NZDVXQTZHcWJ1T0FzTlJ3MTV3?oc=5,"Sat, 06 Jun 2026 07:00:00 GMT",DINAS PENGAIRAN ACEH,investasi digital Aceh,google_news_rss
Aceh Buka Peluang Investasi Pembangkit Listrik Tenaga Surya - masakini.co,https://news.google.com/rss/articles/CBMilgFBVV95cUxNbU5nMXVvV08zaVVCTVpTUmFBOTh1aXRGODh1UjZIRmxQeGlzOEFBdU9INHVudVRQLUtLa2N2dmNJQW9YY0x0a2FxZUNzeEYzN0ZBOHpXdHBoX1lCaS1HX3c1ZU9zVFA1cUZEVVN6cHNUc2l6cXhpY0dSTUJPMXpuMGtsMVE3SjhNYkN6Y3ozbmpKN0Qwc2c?oc=5,"Sat, 27 Jun 2026 07:00:00 GMT",masakini.co,investasi digital Aceh,google_news_rss
"Potensi Emas, Kopi, dan Limbah B3 Jadi Fokus Investasi Aceh - Aceh Online",https://news.google.com/rss/articles/CBMioAFBVV95cUxPTGJTdFVoS2UwbHYydkpsZWNUa1puNG9Cb096VXBmNWRaRng4MXE0LUZVWjRYX0lETE1vTldCbTI2aEpjZFNnV0hESnJIVk1DMnF0dnhjSmM3SnNBT2t4TXFGRno1MER5eEFvVEdDalpVaUlZbUYyQVRHajNzQ1hBUnBkYlVSRnpOd0dJV21jRmpaX3lhYkRnZmcwcUtsZFcy0gGeAUFVX3lxTE5POXVXUnRvS1hDNWl5bkNCZ01KVnpKSW1XVU90TXNGYV9ic0U0QURmRlRaTndYajMweDdXeWxFYnZOVkJaWnJ4TlVuanFTV2JMTkJEUVl4YjlPOTNqdkVMVXFRZUFMQ0lkcHhieGVCczgyYmhJQTR6cXFoUGZ0Rk45YUoxYXBGMEYwZG8yVXhGRTZMQUxFdUhVc2pUOUZR?oc=5,"Mon, 11 May 2026 07:00:00 GMT",Aceh Online,investasi digital Aceh,google_news_rss
"Soal blok Andaman, Kapolda pastikan investasi di Aceh aman dan nyaman - ANTARA News Aceh",https://news.google.com/rss/articles/CBMirwFBVV95cUxPT2RZWTJ3RHU1ZlhiUXhXTTNqU0s1VzNkd2RWc1V4RHhRcTBvNVBEbFVmdjlZWjRiNXVtQWwwU3p3UFVJVnJOT3lkS0xyeTlmR2dnREQwQlBNUkhBcnY1R0UxRUYyQmU3WWJOU2R3cktkd3UwdEtzRzRWRTFRQ3FHUGhyV3F3VWdQSUJETXQwWVVpNTJIbzJtUjdES21tTGoxOHk2eWdGdS1CMjh2RUFz0gG0AUFVX3lxTE82TEh0Slo2ZmNPUFZFTTJ2RGZaU3VGLTlCZzVDT3lwNWpncS1hajltako1Tnh0QXNTdDAwdmIyTDlxbWdjS3oxTncxRWdQcmJucEw2Z2o5TzlhT0tWV0hmSy1CWkJBb2t2Ml9LaExOWE9zU01XVXFYU19nbnJDalZmX3lfZkVhMnIxVVRCa00zYmpJZWhrWFNFdlB4WmtKeFdYVWRLdDVaWFNUeGtNWWpwWm1hWQ?oc=5,"Wed, 24 Jun 2026 07:00:00 GMT",ANTARA News Aceh,investasi digital Aceh,google_news_rss
Inilah Lima Aplikasi Investasi Perak Aman dan Terpercaya - ANTARA News Aceh,https://news.google.com/rss/articles/CBMipgFBVV95cUxON0NKdWpVbVFKUE9XZmxLeUxxYzllTUxxMFF5bWs4Z0dMdm04MnR6TGdZaDltZUd1Q3BZN0RnNFJfSDV5alMzaE1GNW1odnZpeWJBb3pFTlN3NzRQdDRnV2REOWlzTW5DRHJyT19QYTFVV2xUazNNSmRUTXFOaEYzN3JCSnNpR0t6bmM5bzRBbEZJeVB4a0d0bm1tUnZTVmVhdWlvdTJn?oc=5,"Fri, 17 Apr 2026 07:00:00 GMT",ANTARA News Aceh,investasi digital Aceh,google_news_rss
"Dishub Banda Aceh Benahi Eks Terminal Keudah, Target Jadi Pusat Transportasi dan Investasi - NOA.co.id",https://news.google.com/rss/articles/CBMisgFBVV95cUxOYXpabDk5TG9oS3JsNzNKbWQwQmM4TUM3YWY2cGJtclluVmwxWEpvYVdhb2NDMUNqQTZ1TDFjeEtxOGFwX1I3TEpMRmRZSkFCdlJ4bG0tVmdWN0xHaUNhLWc2YUhKS3RFamZyQUthSFUyNjdhSkdwR052OFZSbTgySU0zeUw3WWs0TV9DU0Z6S3NfSlR4LUhPWHRtenVJNFVjQjNxMXdPUzdEUUVYU0J3NjhB?oc=5,"Mon, 27 Jul 2026 07:00:00 GMT",NOA.co.id,investasi digital Aceh,google_news_rss
Gubernur Mualem dan Dubes UEA Bentuk Tim Program Investasi di Aceh - aceHTrend.com,https://news.google.com/rss/articles/CBMirAFBVV95cUxOSHhWUkhHZjZwWWtEYV93bDM2MURWZzlFYW1uSkJtNWpnRVdpbGEzVllJb19rYmFpS21rUWpHN0tMMmplSnF4MlF2dGlCRnVldy13VEtUME9WTFhacEpPcG9mLWFoamRicWJpeEVYOWlOSkxWbFhpTTJIZVZIUV8wN3ZkSjVhWGN0OW1tbTk3MWJkQWF5c2hWSGd5QVpTX0FBVUsyNi1HNnp2N0oy0gGqAUFVX3lxTFA5VC02cTdlaVo3WURDZ21uT0tzOTZKNHVReHFmUzcyTFp6N2YzUklPRS1DdnZwVGhLeE9FYnMya3hlOWJjSl8wVXFXejJGZGxwQUdFbzM5ZmNiWnVydXA3d3labzN0YjUtZjdwU3poQkFsWTNDLVV1U05LLVBjMGl3MW9SaFdzNnFlNEl3TzlZZXBxTG91X2V5MDJKZ2RtTlhDeTFpZV81WkdR?oc=5,"Tue, 28 Apr 2026 07:00:00 GMT",aceHTrend.com,investasi digital Aceh,google_news_rss
Aceh Bidik Investasi Rusia untuk Perkuat Ekonomi Daerah - Aceh Online,https://news.google.com/rss/articles/CBMingFBVV95cUxPRHU5REZ3VXNWRzRyZWowS19WWXpEenhETmRuZlZuejlxVl9nLXpUWjFuYTJIU0Y0MTFUdWxGRjU0T1RZblNpYUM0M081bk5Bd3N5NTU4LUtuT3RPODRxX014MEdHMUdtdWV5cVNCSXRmQTBJZHFlQjNrNmhFRGJGSVd4ZEhrNUpuQWJUOEd5Y1RLdkRRZG15QXZWUERrd9IBmwFBVV95cUxNVTdfUEhHdVd3THRiQXN5MDFHTGpHcEoxX1pfRDZ5LVF4czB1Y2FaSTdpQUszTnhPVEFaeTFEN3ZhZ3lxUnJlbDBPaTFTM0MtVmFtWUczeXpFaURmXzA4M0dBNkpnWFRzZS1xazNIRklGNTZua1JMWGFlYXlxYnhGOXp0OFJQUHRTempBNGFoclluc1k5TTRENU85UQ?oc=5,"Sat, 06 Jun 2026 07:00:00 GMT",Aceh Online,investasi digital Aceh,google_news_rss
Anak Muda Mulai Serius Investasi Emas Digital - masakini.co,https://news.google.com/rss/articles/CBMigwFBVV95cUxPTDdYM3Rib1F0cFpvdU1meTh6SHlhbHNGY0xaa01WbFdCcm9rck5JQXF0d2l1Rll6VTlhUVBibWR2eVFWeHpBdHFGeTZCUk4xcXk0MnRBQmFQRF8zYTlIdUFvb3YzNjUwVXVDSUdYNzBWQm5Eckh4MkxMOE52TzVaNTBMRQ?oc=5,"Thu, 30 Apr 2026 07:00:00 GMT",masakini.co,investasi digital Aceh,google_news_rss
Malaysia dan Jepang Lirik Investasi di Blok Migas Aceh - Energi - Bloomberg Technoz,https://news.google.com/rss/articles/CBMirAFBVV95cUxOOVBQcmRHQkhzdDd1V0d1SmRXZ2lpRW40czBFWTBab2VZMnlwTmg4MVpZdXhZV0QzWDE0UUY0S2lzS2U3U2VyZWJVN0drNnA4S19WVlB1SzRiMjFCQmwwMTBMM0drZXNGTlk1eUN4LXlHOUJhMXRtN0lJV3UyVXJ5Sk03LUM5WEhHc2FCcjlRS2RoS2VqZmtldzlYLU1QYXc3ZFBIbmhoUnhDak95?oc=5,"Tue, 07 Apr 2026 07:00:00 GMT",Bloomberg Technoz,investasi digital Aceh,google_news_rss
Mualem dan Dubes UEA Sepakat Bentuk Tim Investasi Aceh - Aceh Online,https://news.google.com/rss/articles/CBMinAFBVV95cUxPSmxaYjZILTNybVc4OGdPUmlTR1A2aVZMckNqNUljT1N6OG9BLWZya0lUUDYyeXdNc2o2NW9SenN0eHJQajVMTVowVGZxM1FaZ3pNLWZid05WeDB4dWxfajRweEttN0o1R0JFMzd2N3V5VGlCazZYSU9ibnRrcEtKRkFvRjFwUUlNLWlOWE0zZ0dWQ1VHY05ILXRVcmjSAZoBQVVfeXFMUGM4akxhdEFXME9WOUxGU3c4MGo1a3lHa0RXMUhOY0pSOVk1Yl9EMnlUY3BjWThNVnlrWWdua3ZMTzgyU0FQZ2w0b1VPazJEME9mOHlINjMyY0RFYTIwVk0wbXFScURrT2lhZmU2Z2kwVmI3eUZVYzh4alIycHlFM215ZkppajdjUUNRNjFCaXZNQnE1dlltVnk2UQ?oc=5,"Tue, 28 Apr 2026 07:00:00 GMT",Aceh Online,investasi digital Aceh,google_news_rss
"Aceh Catat Investasi Rp4,16 Triliun pada Triwulan III 2025 - Pemerintahan Aceh",https://news.google.com/rss/articles/CBMirgFBVV95cUxONFNCRE4xRmxycm9vVnRybXYtS1FFUUplVFA3aFFwRnVsUl8taTliUkVxazZFeUpNTjRyYnJGd2wydHZ5d29vMUhJV0pRY2RsbWZlRzB0VWZNVU5xbXlxOEdrcVBUMnloZlVicFFvRm9aeHZBNExMSmxscVRRSTBwOTdycTRtUG9ObnRPN1VOMUlMWEpnZk9fUDV1eVZIVWFvMVJ6U1QwUldoX053QXc?oc=5,"Mon, 27 Oct 2025 07:00:00 GMT",Pemerintahan Aceh,investasi digital Aceh,google_news_rss
"Berita Didukung BEI dan RHB Sekuritas, Kampung Paya Tumpi I Gelar Bursa Investasi Digital - Pemerintah Kabupaten Aceh Tengah",https://news.google.com/rss/articles/CBMizwFBVV95cUxPWmpKQ1pndjV0dTdXSnFLNlJkZFFpRXNqcGVVV29MU2R0QUxWd2RsVl93XzlCeWw2VGlkZHJwSFNkRFV5ZHRLbmFfeDJFT0puNUVkOGRQV2d6Wm5ScFloaDNvYVl3MjRKOFJ4M043TGU2N3JaUGd5RTFPNkEwRHJfZ2VhUEdVOU5NUmZTVVVIeG5wS3ZrWlNVMVA0RHd6WTF2alNqYW5LakdKRWNLby1TUTB2ZUR4bnAxRFMwQWVZV05PNFN3TDA5OFozSjNIclk?oc=5,"Wed, 15 Mar 2023 07:00:00 GMT",Pemerintah Kabupaten Aceh Tengah,investasi digital Aceh,google_news_rss
DPMTSP: Sektor pertambangan dominasi investasi di Aceh Barat Rp363 miliar di tahun 2025 - ANTARA News Aceh,https://news.google.com/rss/articles/CBMixwFBVV95cUxNRmJQMU9zMy1CaEc3Z28wVGhyU2JzbnBBdzktN2t1NjVTemVlajZuYl9YRmsxY0ZvR1dscWp0QVprRU9BVzIwbkk4cWNxZ2xsVnlGaW0tMWh4WUwzV2JvU3FCV282YW1DbG82U19GcDRlbUwyT0MtTURzWUpJUlBsbkVCVEItdWFfMTAtT3dkRkQ5bVpLQjFOVkJIMUZoS1ZEVDl3ckt0NkFEc191amV4bWV5SE5HRlFZd1B4X1ZhSkdqNTRnTjRJ0gHMAUFVX3lxTE1SMWxFTzFGRXdqRnJ0aGRrSnNoTnQ1M3VzQXdDNjhMTE9oR0FPRmU2Ym1lUURkZHhzMy1YeVhQX1pKRDlIZ0pvSk5veDFlTllPdWhiWkt2MDhpbHhlWGtmRzJmTFN2Q0FMc0kyQUtDZS1hVURuenZ5dWpSWHFnTmM3WE9WdUluS1h6THgzWktpeExUUmJoVkhNNTdWRVdjX2Vua0lsTGxVbkM1cGxMeHZUbmZ4b2xYSEtPSjdTZ2NHYkI5SnNieUN3S2hPOA?oc=5,"Fri, 06 Mar 2026 08:00:00 GMT",ANTARA News Aceh,investasi digital Aceh,google_news_rss
Menjadikan Aceh Destinasi Investasi - Pemerintahan Aceh,https://news.google.com/rss/articles/CBMiiwFBVV95cUxPSVJPbE55T0Q1WXNUZDl4cWRJSE4yLTdaZTZfNW9uMTRQUGdOSUdKNTRBMWNNZ3ZwdFc4RHZScEE4TW1wblNER0JEcWd2OFE1VHRIdmdBNlFnaUNyeUFmYU9lQVl4UURxemlfSklyRlN5a3kwWGZKd0tETW1sNXYxSnZhSzVvRE5JalpB?oc=5,"Fri, 16 Feb 2024 08:00:00 GMT",Pemerintahan Aceh,investasi digital Aceh,google_news_rss
Kapolda Aceh Beri Kuliah Umum di Universitas Teuku Umar: Dorong Keamanan dan Investasi Berkelanjutan di Barat-Selatan Aceh - Universitas Teuku Umar,https://news.google.com/rss/articles/CBMi1wFBVV95cUxQSjFSTXRVWDhnNi1xQ205RUl5RGNwS29nai1UUU9PaWRNR1YzbVVObjV5UEc2a1N6dVU1TE1FbXpzZTZvQXBCeERJX3FkZzlpZFFCM3Y2U0ktTkQ3TlFxcmxQelNZLUw2WnRCcmJOemFKRGlWTHRXQ0NhM0dkQmVCTEdGMEFqR085R0NSZHpyQm5nMXFiTlJTTkhoMDE3WU5YdFhwTF9YQnk3TXFIblVlSThQVU9Ld1A4dmw1OTJzOUdndDhtVzhVN3VDMV9GSWw3cXBkQTRyZw?oc=5,"Wed, 05 Nov 2025 08:00:00 GMT",Universitas Teuku Umar,investasi digital Aceh,google_news_rss
Investor Malaysia Tertarik Kembangkan Sektor Peternakan di Aceh - Pemerintahan Aceh,https://news.google.com/rss/articles/CBMirwFBVV95cUxNZVMxaGJ3Yi1tYUtqSF9xTFY2WGg3aFBOMnZLdzBiZnFUcElYOG1nSHRCRjhJUFdCWTgyXzdFMW5LX1pUM3lrWklOcFMwQmh0WVpxT1dzSmF1RkRHOWVwR1pfUWFvS0dKaDFpZl9LWUc0UE9kbmxjckRuWVFiWFd1cTdXZHZQVGlOcmVvamU3NFphcmF3dFRNVGN3NXFIRUVfcERPWERUd2puWUd5MEVj?oc=5,"Wed, 05 Nov 2025 08:00:00 GMT",Pemerintahan Aceh,investasi digital Aceh,google_news_rss
"Gubernur Mualem Paparkan Potensi Investasi di Forum ASEAN–Tiongkok - Dinas Komunikasi, Informatika dan Persandian Aceh",https://news.google.com/rss/articles/CBMiywFBVV95cUxOZnUzOVhxYzJtQklPMHlqQmVXNG54eDQwYThoMU1nZmtqLXp6NE1CdnkwbzJ4ZmRUSzZXWXZ2SV9CdzJMSER0emhMY05KeS1ackkweWh1MFM3dWxYbGQ5VG9hNGhfa3pYZXJiVUNiNWdzcy00RFZ3VEd0YkFObWhXcjRoNnUtVURsUVBzRGJCWUhnU255Rnc5bGxkUktlcEFiOHA1bkxKRFBxS1ZIbGJPdDN2YU54MGtDQ2FQcktFZnFaS19UVEhPT3d3TQ?oc=5,"Tue, 14 Oct 2025 07:00:00 GMT","Dinas Komunikasi, Informatika dan Persandian Aceh",investasi digital Aceh,google_news_rss
OPTIMALISASI LAYANAN KONSULTASI ONLINE INVESTASI (KOIN) KEK PADA UPTD ADMINISTRATOR KAWASAN EKONOMI KHUSUS ARUN LHOKSEUMAWE - BPSDM Aceh,https://news.google.com/rss/articles/CBMikAJBVV95cUxQVTVhUENHdmFsWVN3bmV6VXFDd1Q3aXg4MllybzZSMUdCcDFaTGRYdFZCNHY4dHdPNUpNM3RkWGFEVm9SWXhQRS1qcEpYbTZYcDVyR1QyVmxBV082Y1YwWlhVa1JFem5NNkpEWndiUWZ2eFdGdjlvTE1UUUZ3NEs1ZDBMQV93WGQ1d0VqSU8zUnpsSEN4aGlIOTF5SjlyUENSOXZ3VWZNcmVfLW1sR0laZ1IyTjVRV3BtVFk0NnZLQmRBTHNMcXhjNzdIWjhXcF9vMFVRc2VnaUlVMm5Mb2NXN25tOVFjUmRqMTFJY1pLU3lvd2NUZkxHNDFHVUFVM0lOeTZ0Uy1mUkFhR0hybjZzTw?oc=5,"Tue, 10 Oct 2023 07:00:00 GMT",BPSDM Aceh,investasi digital Aceh,google_news_rss
Konsorsium Arab Minati Beberapa Sektor Investasi di Aceh - DLHK Aceh,https://news.google.com/rss/articles/CBMivAFBVV95cUxQUS1Nc01lUk1tY042QTJydFZPZHNMVnJBSURhdFpZbjUzSkFrYklHRllYMWdQaWF1SklydkRpNGV0S0xZYi0yUU0xMkh6RndaYXMycHo0cUg5U2xPVkNFNzZPdEV5SDJLZ1VKTERmRklacnUtN0E2NVFPVXd6eWhySy1Jakp5RVhZamxFMFF1RDlnaEU5STE2cVE0eVdhZmUtUGZUMi1IRU13RE5Od3JQblhnMDdWMGJyZk1HWA?oc=5,"Sat, 15 Feb 2025 08:00:00 GMT",DLHK Aceh,investasi digital Aceh,google_news_rss
"Perkuat Investasi Sawit, DPMPTSP Aceh Kumpulkan Pengusaha PKS - HaiSawit",https://news.google.com/rss/articles/CBMimwFBVV95cUxNM0tZVWJJcnN3ZmNHRS1xX25RamJOUkhDbWx2U2ljNzZ2YXlabXlVR083NE5JX0NTOWFSVWlwbU9CWHp4c1EzSTJyZWRZbXJncFVYQTF5cUxCSkV6TE9BczdlOVlaQU80MzhWN2hyUU9yWEpkaDVkRm8zUlJxN2l2S05GMHFHR1Q3VGh4NF9vS2llQi1reVFrekoyVQ?oc=5,"Thu, 02 Jul 2026 12:16:01 GMT",HaiSawit,investasi digital Aceh,google_news_rss
Pemerintah Aceh Dorong Investasi Melalui Blueprint dan Insentif Bisnis - Pemerintahan Aceh,https://news.google.com/rss/articles/CBMixAFBVV95cUxQcDJ3Y0w3cFpYVDlqQkd4aDFtUnB0eWJsVzF5ZzJ4MkQyNUFDaEJCQXlaNTQ4aURYSkdGUjNHalVvSzl2eWJSTkh3OHRDSEpVSlpkbjhaLThnZ2t5ZmhvY29YanRnR3R4cjZ3VWQ2SnR5U19UWDVtby1kckNZc0NMcmpJVTVFYUxncU41Z2tfRTBBa2tBcDNaZ2xibUxzRjFmZFJpLUFxT1JOUGF0UkJZSjdzV0I1OS1qYlFJbEt4YUVEZ3Vt?oc=5,"Sun, 22 Sep 2024 01:00:07 GMT",Pemerintahan Aceh,investasi digital Aceh,google_news_rss
Wagub Fadhlullah Buka Musrenbang RKPA Tahun 2026 dan Forum Konsultasi Publik RPJMA 2025-2029 - Pemerintahan Aceh,https://news.google.com/rss/articles/CBMi4gFBVV95cUxNcFNDbUhjeDkzX3lVa0ZXNHFIMlZzNDhCSjhZSmRRdWhKc2RhQjlJWUNyeHlHckZITm5wWm5NVnB6bktzdUVDelctYUlnb1hLSzNUSFZFbUVaSnJDbkg1ZldxZWdOLUpBWVFVMWlFNWs4T2hKcVcxZHI1SFMzbDI1bmRpblVvM3JYLWlraGQ3a1pKQ2tFaS15MmdacjRuQTdRMm9zc05ETkhRWkEwZTdiNEVnYkZXYmEzcGF0UWp1WHIyMDJRdUVRMW1kNm9wdUxSV3NvRl9GLWxqcGJpU0lzOUZR?oc=5,"Thu, 15 May 2025 07:00:00 GMT",Pemerintahan Aceh,investasi digital Aceh,google_news_rss
"Rugikan masyarakat, OJK hentikan 2.263 entitas pinjol ilegal - ANTARA News Aceh",https://news.google.com/rss/articles/CBMiogFBVV95cUxOeHBHRjFCdktTbkd3MjFkZTctZ3QzbzBtd0JYN2gtTV9hRTB5bkx4ZUZYUWhSZmNvaUxQRkdzYVl0STRDLU9LRUszN0xCZ1lod1FCRFJEMjdOSF9CdGJqa2tMVDY0Z00zMEpKMmNkYWpXODVyd0YxdGFtSGgtaXcyZlZINngxV0tZanRFOHdPS25seW1GUVFsREdmMG55NVl3c3fSAacBQVVfeXFMT0pnX2RkZjVmTFJ0LWxuakYxVnZIQjl1RmtudFFhT09BUU9kZG9ON1VmYmUzZUNIR3U0dG0waVJvbzFoblJmU0JPQlF2MEtnYWhhX1ZXVlFWb1Z5cGJPSGZzcFpmRy1HVzBiRUVxSkl3YVZ6SHl2UzZONjVBSDYyT0x3UFdGR0dKTHJqMFhmWmRZR0RwSndITTk4MlpfSFlnV1JSRXpQNlk?oc=5,"Sat, 10 Jan 2026 08:00:00 GMT",ANTARA News Aceh,investasi digital Aceh,google_news_rss
Muhammad Putra Aprullah Guru MAN 1 Banda Aceh Ikuti International Short Course 2024 - Kantor Wilayah Kementerian Agama Provinsi Aceh,https://news.google.com/rss/articles/CBMizgFBVV95cUxQVGdIR0JZbkQzeTlrNEt4QmFFUkF4VE5nOF9SbENSOU9NSE5VdEVqYTcyUEhyQndCcEtzQjEtaWlRVmo5aEczSWc4RGU1SjJxdmR1bG16ZEZHMHJaNkZHX0xJdXZCbHN2RG5iaU81XzBKam05U1VCYUw4Z3NvTzNfRHZBQUZ3V3BWX1l3VENuVS1sZ2lxMjhDMzF5OGRBcy1XTzVwQlRJTVJNVW1JREMyVHFjTEFhUWxTdi1zX3ZWd2pZVGRtdHNpLWNTUWJaZw?oc=5,"Sat, 03 Aug 2024 07:00:00 GMT",Kantor Wilayah Kementerian Agama Provinsi Aceh,investasi digital Aceh,google_news_rss
investasi Faktor Penting untuk Dukung Pertumbuhan Ekonomi Aceh - Pemerintahan Aceh,https://news.google.com/rss/articles/CBMiswFBVV95cUxPdnJUZERfVGpxN3AyM2tlZDhJdGx0LWhPRUFjeUQtem80Mi15R0JTalgtMmFvR0gzak5vZ2VzSFpnX0RnYkRsLXViSThzb01nYVdDWHNuaXo5TXFVektSSjhYQWhOMTlGNUQyZVB2d2h6cW1JQlZ5WjY0SHVrSFdpVlJ6c2Z1emVFRlpOcXVhakNhLUlyTnFxbEkxZ0wtVjRjNDRnanhvUkYzcTZEUFpWY2IxMA?oc=5,"Wed, 15 Mar 2023 07:00:00 GMT",Pemerintahan Aceh,investasi digital Aceh,google_news_rss
Pemerintah Aceh dan PT Flora Agung Bahas Potensi Investasi Sektor Strategis di Aceh - DLHK Aceh,https://news.google.com/rss/articles/CBMi4AFBVV95cUxQVmI4ME5GRGRKRVJZLWZ5WUx3cEw5ampmaDZqUWFTaWE0TXZNdmNDek9penJyTUFXSVBsd2Q4LVRWbDhXYXdKMHJjM3o5M1k2VmVDMW8tQ0xZeEVVSjRVY2NMZk9xS3FQVW5ybWpFbWRwSm94aU9wQkZPMnIxd3c2TnFKWHJfbzBwMXplNlRKRUFQbks4cko2Z0JJNjhab2YxVGo3NHNqOFVYNTVWZnhZMmtQRzNEeG1zTmhLYWJFUFdVN1pRbV9Fel90QkJpZ0xxWFdrUGlUMUdBLUZZRURBRA?oc=5,"Wed, 30 Apr 2025 07:00:00 GMT",DLHK Aceh,investasi digital Aceh,google_news_rss
"Gubernur Sambut Dubes UEA dan Direktur Mubadala Energy di Meuligoe, Bahas Kerjasama Investasi di Aceh - Pemerintahan Aceh",https://news.google.com/rss/articles/CBMi5gFBVV95cUxPQ2FDOGkyNVBOSmpBUjFuaHJOVzhaN0ZCSHhzRGNrTXA1ZU5UazlZWWVZdWxtTkpqWXE1TmR0MEtSNklYSHFTUHlfd2Iyb1pvN2h2aG5VV0hoMHV1SFlDWEhNN2NFVDhheU51S19ORk53aFQtZkdsZy1iOXJWeFlVbnBrLVdjbmhLczhuZFhzcDhjbkUwbEdmNUNHVVNlVWRYZFFTVVBpM3VXeUFvSzUyZVZ6X1FLRnc0VmlORFhId3did1hsUERocWJBRHFyOGU4dkJwRno4MGdSMDU2OU9HOHlZX3ZrQQ?oc=5,"Sun, 09 Mar 2025 08:00:00 GMT",Pemerintahan Aceh,investasi digital Aceh,google_news_rss
Moduit dan blu by BCA Digital Luncurkan Fitur Autodebit untuk Investasi Rutin bagi Nasabah - ANTARA News Aceh,https://news.google.com/rss/articles/CBMizAFBVV95cUxPTDVfcTFudWhfcDQ3M3FfV09UMENESWhaRVVER0tUSGs5WmlSaHFxUXY3ZWFkS3lTcDhCa3R5TUw4Y09WQ1N2UVlkVm93eVdlSV92Unpxbk1yNHBMdEZxSEZhclNyeUxJbDdqbjg4XzNDekd5NGk1WDZUQjluTlNsdzM2UmtROG5VSTRHRlg1ekNoUU5IazRaZ0V0RXdqSXlmZndTMU5ibTgzdkhiZlRsLVloZ1RiNEV5bXYtN0xLekY4YVNqd2J0NXhwUEjSAdIBQVVfeXFMUFpSem8tbmZPNnZLalFhQ3lsMmRGTVRiTVV1TDFsUjRfWG0tZE9lZFZIVnI3RjBaaFgtZnBEeUlUelo5aEQ0V1N6MklobGNXNDZUYk1Ta1FlMjR4UDR1TUJuOTB4dzA5Z1JTVENueV9abXJJU2ZLNXJVRW1fRmVVNlZKZ3RCdk9OQzlWT0g4Rm1IQlZmQ3VBdmNCZEFZU2wwdnpQSmYxQXROZHRoOUlyaWxvdlZXNU11c2t4d0xyaWxsWHptbFJXZ2VUdWtUMHpkZXRB?oc=5,"Fri, 23 Feb 2024 08:00:00 GMT",ANTARA News Aceh,investasi digital Aceh,google_news_rss
"BCA Syariah Perkuat Keamanan Digital, Dorong Tabungan Dan Investasi Emas Lewat BSya - Acehinfo",https://news.google.com/rss/articles/CBMiqwFBVV95cUxPczZQSmpCcFNpVVdTYVozVngxTEFleFFtWldpT3lFakZOb19TekktdEFFcFNIU1JXNXFVbXBra1dRQmRndWxXVEtmR3NIemJ4cnVLVTU4OERJMkhieUozREx2aVN3MThQc0ZBdWdobVFGUk41MVZsbjFLbERrYkpoejVMMTJDcTVER3NmN3pQT3FYTUpoUjZCNk1vc1QxZjhYeDNmcXJwNk1WMlU?oc=5,"Sat, 20 Sep 2025 07:00:00 GMT",Acehinfo,investasi digital Aceh,google_news_rss
Gedung Baru DPMPTSP Diharap Jadi Tonggak Baru Memacu Investasi - biro administrasi pimpinan setda aceh,https://news.google.com/rss/articles/CBMilwFBVV95cUxQR2laakJoNDlvMTlMaUJhUUExRFdMNG9SSGNTd1l6OWhiUGQyaXBxLVV5dWdpMWFySU1vLTktcWFFN3p3R09qa1NNNWFIcm9kV3Mtc3E2dEFneklRU24xNEItSGlHTUw2TGpKYUREdkFFRUJfNjQ0SmF0VTBlRktRTUMtU2psOHpnVXRDMmhsWkwydlhoZ0Rz0gGcAUFVX3lxTE5ZeHAtVGRUb0VLQ1ZFakF3WGNQM0gxV2xGV2hxOHFyTmJCUXJIdC00ODh6T3JtMTFNZWZXWFlqdVFpcmtmQjZUcWVwSTByaHg4TUMwTzB6aGJYQkRwMEhKWjhGLW1Ic2xtTFBoeG1tOHMxcXh3YW5UNG5xZG02YjVkdXF3NFk0NFlPODNJaGNiQ1BWUkZvMkJDemxzbQ?oc=5,"Mon, 07 Mar 2022 08:00:00 GMT",biro administrasi pimpinan setda aceh,investasi digital Aceh,google_news_rss
Investasi di Aceh Semakin Mudah dengan Proses Registrasi Online - aceHTrend.com,https://news.google.com/rss/articles/CBMiqAFBVV95cUxQWmhibm0xNXE5YlQtelhhUkhtYUNvWUhRTko0b1g0THBRRjlabl9kLTA4Rmk3Vlg1M04weEFIbWtYZWxfSEh6VFdXUzlUYWhPUHFOWVg2c09WR0xsZlJGYnBpd0xjbWJoR2hwVEIySzdGaDJFVldaanRvbm1ILWxWakZJT2FLR2hoN21qNG11Uzd4QWIwZXRrdFhWSFdJRF9tVEtnVlBsbHTSAaYBQVVfeXFMTlBSV3FXckMtSXhzMmo5aDY0dkJiYzFCR2lvc3BtMmxEN2xUdkJiWEthUXc1WVh6NzNhb1lxYjI2N19tbW50SWUyYUZ1U3JrcllXQ2VPUGtJRlJFa1J5Z1ZZSzNnbnJZaERLNUMzTHVtV0xCRG1TRFpjSkxXd1VsdUdsdVU2YUJHN0phUU5Tb1Z2UWUzUlBpVDk4bDFmd1NsemlFLTQ4Zw?oc=5,"Mon, 30 Sep 2019 07:00:00 GMT",aceHTrend.com,investasi digital Aceh,google_news_rss
"Menyala! Harga Emas di Banda Aceh Tembus Rp 8,6 Juta per Mayam » - dialeksis.com",https://news.google.com/rss/articles/CBMilgFBVV95cUxNSlV3clNoMF9RNmE5LTFEU2NqQXBWVVJMWWEwcERZOC1tcTNkSHB2S1BxcEo5R25wWVM4SkxONWQwYkNxRHkyVURHZ01PRzdMWmF3ekgySHlXaE15OEp2MVBWNWdYMlhrdDFtLWd6YjdCd2JIRWtSYlZuUHlHUHNTNGFBZjNmOURxczdzYkNKQjRyTkRhZ1HSAZsBQVVfeXFMT2JyOXlZYk82TXhURU1rakhBLVR5ZDg4YlBqSUk1ZUxITDNRWlVwenpnQXpxWXo0eFhtMkNaUk1YM0JaM3RKa3laVDFmRlNpTDFwaWtrMHJOVjMwQ0NBN0JqVlZiOHJ4V3A3YXNSQ2szemFCb2E1TFY1bm9EWGcyYUpra1hidDZkVDdaVHlHNE5SQnF3akdHQkRrNmM?oc=5,"Wed, 21 Jan 2026 08:00:00 GMT",dialeksis.com,investasi digital Aceh,google_news_rss
"Aceh Kian Dilirik Investor Asing, Realisasi Investasi Capai Rp4,16 Triliun - rmolaceh",https://news.google.com/rss/articles/CBMinAFBVV95cUxPZ3pLMDkwcXJpS0Yza2YtaVdPR0RfMWRkTld4TkRoUkllSERDMjRRR2tEVzNrMHNCVllpSWVZVER3VnU2ZHpRR1lFT013cDVBX3lxWVNxamdPN29MejJBbkVoWWRYT1YwcHhra05WN0pFME1iS2FqbEdQWnZnQV9NaGM1b2ZDUmUwLTdoTVVadnNBd0oxbWtkX1BWemY?oc=5,"Mon, 27 Oct 2025 07:00:00 GMT",rmolaceh,investasi digital Aceh,google_news_rss
Investor Malaysia Tertarik Kembangkan Sektor Peternakan di Aceh - Aceh Online,https://news.google.com/rss/articles/CBMiqAFBVV95cUxPdGIzQTc0SG1NMEsyZ0hYajR6X24yRWx3c2wtbVZsLVd0Nzk3dkRmcGZFeFNkV2lZWjM3ZTJtaDU4cGRwYVo4MVBvYzJQbWx4RTlWUUJCbkJSXzd0bUQ4VXNDb1E0MzdZMDhwWGc1dGlOdk5rVFNJZ3ozUC1MR2ZXZzV0NUgwN0pfcElJRWdoSS00UWJNNEtoMGR6dTdGNUwyZnNlcGdVVl_SAaYBQVVfeXFMT2VzcjNxYzZxLXFCaHYtQ3VRS0tvWEVyNTdQTnI0cVZsQ2VMdVozMHViR0p2bXF2YXhXeWs5d29HWWNFQXFtTGh3cFpRSUtKQndfLV9sNTRBQVpPejhzdGhmZXJOWUhVNktTczd1R1N3b2ZPU3V6X1p4cDVTaHZkaHBKcGo2VUJleGhxbDhwbGVHOUw5SFdoN1drbmpBdnpVMjFBdGVVQQ?oc=5,"Wed, 05 Nov 2025 08:00:00 GMT",Aceh Online,investasi digital Aceh,google_news_rss
Ustad Oni Sahroni: Investasi Syariah Ajarkan Transaksi Jelas dan Bebas Riba » - dialeksis.com,https://news.google.com/rss/articles/CBMiqAFBVV95cUxQb2hjZjNiMkI0M1NZa2NMZlUxYUdXQllyZThqOXcwS2c2QlZ0VXV0LVpwTEUweHpUUFZHNUNpdDg1eklQdG9GeHBPWlRlcmxDZUNzNHE0ZWo4bGlBWFpsQnZ1bnU1V0EzQ1phZWEzdUs2WjRlbnNJUlNlMjB0ZWNCLUxTcDU0a3dtSXY4cE1tMDdzZmtGUl9USjRPek8wLXJVSFY0Zkl6OVjSAa4BQVVfeXFMUGp1T1hMZVJWc2E0NEtndWFqNFVVQzRMOHJQTUpzTFJsUWlLWkdHQWQ3Z0hWZG9IOVJyanE3TWRjTTJ4TkF5U0R6QkdfTlZaN050YnltaXdZQXI4Ymp6bDJNbFdrQlQ3c3QyVkpoZFRZb2tiQUw4N0tkRE9CSVZDLVlwQ2R5RlRZNlI5dzEyNVkzakllN1RVdlphYThYcC02RlV2ZjBSbGIwd2hyaF9B?oc=5,"Thu, 12 Feb 2026 08:00:00 GMT",dialeksis.com,investasi digital Aceh,google_news_rss
"Aceh Deklarasikan Sawit Bebas Deforestasi, Pemerintah Dorong Masuknya Investasi Hijau - HaiSawit",https://news.google.com/rss/articles/CBMiuwFBVV95cUxOV1lzN0d2X1ZSd0RFMGUxQkFiTVFmdkNGSGJ5MnJSVmRwT1JSY19oelBJa1dMUEVaNlZYY0ZlSGNKZHVxWV9KN1NmdVZjNHpPTkJoY2xiNWpCeWRZb3dLdFoxZHVkeUpZcWY5Njlwd3VacWJsdENUXzl2TDhwQ1FyLVJFdzQ2azUxekdzczFIQlpNQm5WLWQybFhxOE5zT3ItNmswV0RSQlpPUzVGc2VxR05WQnpGcjN3QVg0?oc=5,"Mon, 25 Aug 2025 07:00:00 GMT",HaiSawit,investasi digital Aceh,google_news_rss
Satgas PASTI Terima 91 Aduan Investasi Ilegal Dan Pinjol Dari Aceh - Acehinfo,https://news.google.com/rss/articles/CBMilgFBVV95cUxPekVhQllvWnp4SWJ1SnBaalBab2o1R2UwQU9HdUU2V0VCZUIzNmRCQm1pa1pKd2h4VDQwMHVyNVFNUjJkTnp3QUIyaXl5TEphRzUtTlJqSXBVcHRFRHg0bzhLb0VoV01wWHQyUjJFT3kyaFl3ckx0bnFkR3h2NnRGZ1hWVDRXeHd5WjlKSHZmbXhZaWFaZkE?oc=5,"Fri, 29 Nov 2024 08:00:00 GMT",Acehinfo,investasi digital Aceh,google_news_rss
BSI Aceh Hadirkan Layanan ATM Emas sebagai Inovasi Investasi Digital » - dialeksis.com,https://news.google.com/rss/articles/CBMioAFBVV95cUxNUWFLNUtCOF92VGZjdUp4alRtUmZkTWE0b29CU2luWUltTlNEcjcwOE1tbUl6NlVXNDR6ZktOc0h3Q0UwWnFkTjZaZUFhRno3aHBNZnEzUmFPZF8zY3lVelNfa0J2bkVOZ2JpRFZoVWpWMjNzNUJaak9oNUtXRUNGSFdfM3BfcGI5UHRlc3dPdDRpWnhfbUlOQTRpc1Z0Qkd60gGmAUFVX3lxTE1RNGVudnJ4R3lkUzljQTZrSkpOeFlmZjB6WUdlZWF0OFVTV29fTGhXWTdycER1cUMwYnMxUWRJME51SUdzalg3bHc3Q2ZLTVFXY0tBU1BIdTNGd0NoTVpQS0xRS2c0NzYycHI5Z0NsS05KRmtHd0UwenByd0xuVWtSN3NJMGROV0pOdkk5WWtKdTMxR3lEeUlibURvZGgtMkRkUlZJeGc?oc=5,"Thu, 13 Mar 2025 07:00:00 GMT",dialeksis.com,investasi digital Aceh,google_news_rss
"Minat Investasi Emas Meningkat, BSI Catat Penjualan 2,18 Ton - rmolaceh",https://news.google.com/rss/articles/CBMiigFBVV95cUxOT2dZTGhOQmFSRnJxdU5FQjJLcTB4QWR4cWpQMzNINHBrbWp5c0E4OFphWTlyWHItRFlmZG5FLVRGYXdYZHF1S1FWOFAzdno4aTNKNDFmT285NTFJVS1INE03RkJIT1ZmUXFlQmQ4ajFvTkhvT2dyOC1ZOFdFYXRxRTJCdE8waEVRZ2c?oc=5,"Sat, 17 Jan 2026 08:00:00 GMT",rmolaceh,investasi digital Aceh,google_news_rss
Investasi Ternak Sapi Di Aceh Besar Sangat Menjanjikan - Pemerintahan Aceh,https://news.google.com/rss/articles/CBMiowFBVV95cUxPSWwyazQ4UkhTRVdYbElSZWZHRllpYlRobWVYQ3MyVFl6dUNaRkhhRm51SFNjZzF4UkNvbXhKeGNiSkxwZS0tWml4bEFMSFRLUk5KN2hKUW8yb3lCaVFhOXFkYmluVnBYbm5NaGZnSkhIdVJvRTNtTWpFVVFiMUYzZkUtbmFkelN2X0VidHFkZlRBa0pvMFVrM2Fmb1BqemF6VHNz?oc=5,"Sun, 28 Jun 2020 07:00:00 GMT",Pemerintahan Aceh,investasi digital Aceh,google_news_rss
"Mualem Angkat Abu Salam Jadi Penasehat Gubernur Aceh: Dorong Investasi, Diaspora, hingga Energi Hijau - Medan Pos",https://news.google.com/rss/articles/CBMi3gFBVV95cUxNanNjd0huOUlkcGNvUUlVTDkza1Axbm1IY0ExU1lWV2gyNE9mclVtZ1VRZUttRzhiUVA4aHp6TUdKMWdRdUdvMDBCbnJmeUJWZVpFNTRzei1YdVcyTVpuNHRjcHF2MGhqWlByMzN3M1pKdDNhUXNlV2hsUWRJd2Z5NG5CS1pXakJvMUY0LTNjTkhha1VBRjZfQ3VpQWFWNGFSaE5jQ1pxX3JXRFV4TzVFWkZjdjJBZXR5c3hjRXRuU0pnUkNDalRsQVNsaDdMOENkNUl4dmFJYmZwQVhOc1E?oc=5,"Wed, 24 Sep 2025 07:00:00 GMT",Medan Pos,investasi digital Aceh,google_news_rss
OJK ungkap 1.987 laporan penipuan keuangan ilegal di Aceh - ANTARA News Aceh,https://news.google.com/rss/articles/CBMinwFBVV95cUxOTWRyMEFmTXRMN0lsVVJQX2c3SkFnM3FrUlpuazZ2M2d0UVQzMXhjY2FLSkRranpNMkNZbzZ6NGt5V0lMckhORWxZUXlpeHM0d2xXekF6Tjlsal9ITlpoSjdzNGhDNWpHaUpnYUVCV1NKNW55Q3gyLVdEM195WHZsZmI5UXlTZWt1T0puWFJBai1obElUSXpDQk9kUzlrMDDSAaQBQVVfeXFMTVpGc0M3ZnJzV3h2b0tVM3NxREh1QWFmLXlNUThaNUo2aXVvM1dqNVVnNVhPWXBiY1NuM0NPd29oTWs4XzlNeW4xcEN3bVVXYm1ZenhvV014MFBlWXk4ckkwb2VLRFVudFJxTUhLTDR6NE80SWRsczNXdkV3dU5WbFNQUEwwZHlfNGh4eENlcE5FbzJ4Sk1UZFllek9wekg4cEF2WjY?oc=5,"Tue, 08 Jul 2025 07:00:00 GMT",ANTARA News Aceh,investasi digital Aceh,google_news_rss
Investasi saham di Aceh masih didominasi milenial - ANTARA News Aceh,https://news.google.com/rss/articles/CBMilgFBVV95cUxQcGlGVnZCc2d5RFVxRzF5YkVPNUJkY3poVlM2MlpkTDhLSEQ0VkpLNzhUNjJLNlZ3NXF5QnhIOHBaSWlSZ3VOSUNLeUljQnJTaWxWbk9OcVNneklDRVJ2TVJ1dWNNMGJnU3d0MW9ubVpXaXFQSE90VHFvZjFhQWtKRktqSXZhcmRMT1NZT3RpOWVaa2N4NkHSAZsBQVVfeXFMUFIta18wM2JIQ05rc2hWaF9kYmZ2eElMclRMVTBMQUZnN1NCZENjNVdqYUNKd2FoVGpfT0ZUY1cxbmJjMkI3M1VCMG5RMEl1bkpyN2FYbkx2aFNfVW5rNEVCanRVR2RFOEpfdG9GeWo5UXV2aWZqY2N2LUFrYkprcUljSEs4cWpnZ3MxNXNtNF93VWtJTTFreF9GeU0?oc=5,"Thu, 13 Apr 2023 07:00:00 GMT",ANTARA News Aceh,investasi digital Aceh,google_news_rss
Mualem bertekad tarik investasi rumah sakit berteknologi tinggi di Aceh - ANTARA News Aceh,https://news.google.com/rss/articles/CBMiswFBVV95cUxQZ1h3cGRjeHVFZVZkTk5NZjg2M2xTM3k2UDg5eE1hYlNhZ3d4OFB5ZWVuWkpPTVpXU1hnZ3JBTzNRbEVUaHlwdXRpVEpoVVZYOFRNUHdIMjhtYU1GOW5ZczRjNFRwUWhYSkpYb3c1R1RYZjdkSnlMNEpHTVJpcjlWWFkwOU1wM3N4d0RDZDZaZldFMVJSVWtmcFVkN2RuMzVIR3VNTzNBbWJpaUdJWVRoWDcyd9IBuAFBVV95cUxQWlRRMmF3U0tSZjlxb0RyRXhmRW5CdHU4aHpvN25TemwtN1pjeVhVYVEzeHJBVzRyd3VrR1ViUDQwRlMzZGc5YjdUbDhIU3VCYmtNVlNWVURjZHd6V2JUSTM1MG5JdmN3S0ZoV1M2ZGxLUXZMdGtXbk5SQ2szekRfVkhoRDBIOG8tNnRrVi04YURZX3ROYU41cVZTcHotMEEyaDV3NDZPNTlMdWFQMDFVRmc5cUI1bThS?oc=5,"Sun, 16 Mar 2025 07:00:00 GMT",ANTARA News Aceh,investasi digital Aceh,google_news_rss
Bank Aceh Cabang Idi Berikan Relaksasi untuk UMKM Terdampak Bencana » - dialeksis.com,https://news.google.com/rss/articles/CBMipAFBVV95cUxNbEpLRXhDTktkaWtwUjlvd2NkQ25zbHJzWHRFNjBqNXJhY1dhdXBmamUyQzlZd2ZrZG5acDhCWnVLaFVzR2tnQVFfRkctT19tZkpRT2hYRzhhUEd4N2JKRmFSZllROUlhNHptZmJyUmdObG9aR3lScU9vSVkyVXNlaDJZMFU1cUZPQVRJWTFzMGNHTlJIUVY0UEhJMENPZzNaNWVmMdIBpAFBVV95cUxPdXFJSTRic2xCekwwWXZ5QnE0S1gxcUVYY1RGeHNVbllyNFZad1k4MkxBdVlLd0lPQ0p2ZkdlTlk2bWpFdnNFVnZKTjFvSHhjOWN6MUJJWTVJVF9DQ3hyR1daZkd6OEM4ZUZPaEwxMm41alVzQVFSdU5UNENNRTU2dkFxcWxrb1JxTkVFSDJWTG1VdEY3WVJXTy1mY3FvY1U1T0NwQw?oc=5,"Mon, 12 Jan 2026 08:00:00 GMT",dialeksis.com,investasi digital Aceh,google_news_rss
"Generasi Muda Aceh Ramai Investasi Crypto, Tren Baru atau Spekulasi Berbahaya? - Acehtimes",https://news.google.com/rss/articles/CBMiqAFBVV95cUxOMlYzTTJpUm9zYUhPNzFpTjhPYUJXcEtzX1R1d2xpSkxiWW1FcmNRb0E4bU02c3IxSWNKR2lXNVMzVndUTFhuUzRFN0l2bXZBLTVKWlFPTTJYS3hCLUViMjdNOS1GbzNCQ180dEcwU0xhM0d4bm40SkVSNkNEVXY3NmRacnZTRWZyMmFIX3VCQ2I3ZGE5dkJSbHM0WDdZVWZ4bm0zV2lTQ3nSAa4BQVVfeXFMT1pfV1RCcEgxUUt3R0tuWFdNR2c3MnpscHJhQ20wNnR0MjhXUmVJSjg2bWZDS1BIQTVZa1JObElpeDBMbFRUNVc1LVdheW1ZdGl4a2IyVGdRUjhVR2IySElING5PMEw2VmlmM21HVmlRaVgzczdqQmlXVm5jYjhOOVBINzBzTFMweTQ4WTNEbXlaNjJ4UVRQY1l5MGVrY3FNbjhQSGdiXzYwUFBEcWpR?oc=5,"Thu, 11 Sep 2025 07:00:00 GMT",Acehtimes,investasi digital Aceh,google_news_rss
Pj Gubernur Aceh tawarkan investasi pariwisata Dubes Seychelles - ANTARA News Aceh,https://news.google.com/rss/articles/CBMiqAFBVV95cUxNNERvXzN2UkZyY3BFaFMzXzBWVk10ck04dXBjX09UdE9TdFU5NTlVN3N0NFlVeE1MU2dxQ3VKdUIxZWI0c2RYRHhKWm9pTExlbWxBT0xTSGNZRzFCVFFfdlE4dEJQM2V4WE83cm1PSng5aFV5XzJZVDItdHN6XzZoVjRBZUF6MEhoYUJUTnRZOFZVWlFqWlRyME9yNm1iTVMzenVsOTloeEHSAa4BQVVfeXFMTmNQX1BSdndBNFY1TVhuUURiQkhXMnBMU1Z3OW9BbDFQZ0tMcHVoWEtMaHh0RE1lb21QZW1mN2NuemI0cFpNSG52ajFWUjYzTTJaZnpUQk0wbFozTzlrSUNTRTcxcXM1Rkh2VFg4V3hZaGZ5cVl1dlFpMzJ2ckctV1Q4cWVQMkdwa0h2bkNJOGlxM1ZYUFVpdHhlMzcxUkxtbVVvVURBVVlVZ0ZQWTJR?oc=5,"Thu, 14 Nov 2024 08:00:00 GMT",ANTARA News Aceh,investasi digital Aceh,google_news_rss
Aceh butuh investasi pembangunan industri produk turunan CPO - ANTARA News Aceh,https://news.google.com/rss/articles/CBMipAFBVV95cUxNdEViNzN6SS1TMHozazRuelVqanhQaDdGZFlwSTU3Q0xjY0NJM2RUcGxTOGNCWEgzQnFzNFItbmwyZ2xSU0wySHY3QnhnNkJDRGVKWWtHa0I0WVhON2xabEJYbzUtWGM1YXFZMFB3N1FiZnFFY0J5R0k0Z2VyckVyVlRtSmJpVVN2NnprYWNIX3RpVzBDX01vbnJXamJqM3Eya3p3b9IBqgFBVV95cUxORzNraWR2T2RxVFZ3OTFLcDRZdnBZM0Jpek44aERMU2VaVDdRXzlWQ25UVXlyQkpFMlJxelkxVTBpQWZpdnFtOS1WSTUteXBRaU1tUFlHbHBLZkJzZFpLQnQyUkJjMUNKQzN2QzhSNUtqS1JDQ2k0ZHVlSHk0UkFLYnJuSF82VnRwTDZGdEw1VXhZZzZ0N25hSU8weldXZ1lEdkJSZkhNOU5fUQ?oc=5,"Wed, 30 Apr 2025 07:00:00 GMT",ANTARA News Aceh,investasi digital Aceh,google_news_rss
OJK Imbau Masyarakat Aceh Cermat Pilih Investasi dan Pinjol yang Legal - masakini.co,https://news.google.com/rss/articles/CBMipAFBVV95cUxNczZ6M3RpLXQwTEJOVHJGd0hmRnZlTDdWbDBXY25jYVlqZURldFNTUVR0QVZSOE10MU1RQ2xJS3RhR3d6Z3hhMDVieldoMkNqQTc1MjhiNlo1bHUtZzg2cjBqU1NaWWxWYWlvTkUwaF8yWGpLV196UFA3ZnM1dnRPMEVlaUxHLWhSRzdBWHV6Nl9PQW5lYWt0MXRWSGxnT0dSQk9USw?oc=5,"Wed, 24 Apr 2024 07:00:00 GMT",masakini.co,investasi digital Aceh,google_news_rss
"Investor Saham di Aceh Meningkat, Tren Anak Muda Mulai Mendominasi - Waspada Aceh",https://news.google.com/rss/articles/CBMilAFBVV95cUxOLUpwNElTSGlJQmI2REQ3SHpIOXVoaWltbzVRLWM1M2xBbGpfSXFUci01dTM4SVNzbDB1Q1Rab0Njb2Z0dkNFc1pqLUdiVVJOZElJYzlHcG9RUVdZbGpPNGJPTmdvRDljQVdfcFZkZm0xYThUcldUQzdLak41a1VNRHN2TXlGcGxCelhxNmNRV0JGa1ZB?oc=5,"Thu, 28 Mar 2024 07:00:00 GMT",Waspada Aceh,investasi digital Aceh,google_news_rss
Eks Dirut Taspen Diduga Mencuil Imbal Hasil Investasi - KONTAN,https://news.google.com/rss/articles/CBMikAFBVV95cUxNUmxUSlBKY1hlbWlpTFI0MjRwWlBWek41MzJ4bDcwOFFDQ21WVW1EWnZoUDljUEhGb2ZHUHV5LUduREVwLXBfa3NpTlNWa1hDNW1IRGRNV2pYd1JXd0lZUXpOZnFBQXlmZl9PbVRvSnUtc25aSmctY24xRC1QLVFTTDY3cndlM3NVRlI2QWJlc2o?oc=5,"Thu, 14 Mar 2024 07:00:00 GMT",KONTAN,investasi digital Aceh,google_news_rss
OJK Imbau Masyarakat Aceh Cermat Pilih Investasi dan Pinjol yang Legal - Kabar Tamiang,https://news.google.com/rss/articles/CBMisAFBVV95cUxQMkZ1NWtWLUk3c2FsSVFXVE5KTGU5VnkzT1h5OWoxcERRZk9nNmFpMlhqenFZd01LeEdTbG5CT0psM24zYnVUWVFSWWVoSHEtR2dDTGtLUWRPajloU3dJRlBsNE15eHBqQW1tZFJPVzdfd1FCejlKeUxtWnlQdDZsSTUtcFdKWkNYcEVLNWJlTnRwX3I2Zm9qekFYUUxEQVhLaG1yYy1uckRpYXQzbHJMatIBrgFBVV95cUxQZEQtWFkxTUpWQkVIcVJaLUJVX3ljV2lwOXdxTVNWY0ZqXzBPRG5tZEVyQTR5c2hFekpTZEZoeE5oRHAyZGVWVHZJRUhhcGJUWDR5Y3RHeUJGQXh1U2tFQ1pOcE56VlB3ZF9BWlgxUW5nVEVmd2JhY2FSQkQzZmFRR1NDaXJFRUJ0X3I1OGxYY0o3V0Ytbm1QU1dvQXZlU2thc1JySFd3SGN3WGxfbFE?oc=5,"Wed, 24 Apr 2024 07:00:00 GMT",Kabar Tamiang,investasi digital Aceh,google_news_rss
BSI Ajak Masyarakat Aceh Investasi Cicil Emas Lewat BYOND - Sudut Berita,https://news.google.com/rss/articles/CBMilwFBVV95cUxOTE5hY1hqcFQtSU44LXRKUUJPcWlBN05xMmoxWE04dE43c2l5clgxN1FyYkltR2pDbG1LeU94ZXdQbnFSMVRFNkF6NF9SeVZxaTBQTE5WRDJOMHlfcld3M3hHZkppcXN5VnlSSXZGUW16ZGVJX1ROS3J4WThJeGRJU3BESWdZMksxS0xuRDFQd3FGUk9oenNN?oc=5,"Sat, 02 Aug 2025 07:00:00 GMT",Sudut Berita,investasi digital Aceh,google_news_rss
4 Cara Membangun Portofolio Investasi yang Baik agar Cuan - Dupoin Futures,https://news.google.com/rss/articles/CBMiZkFVX3lxTE5xZmhoMjd0dGtFZjN2YzdwaW1QbjZQMHhMaXRZdVNjQnowMzlLdmhnc1JjWi1EOWdCS2hzbE1taW1meEVteTBucTNxTFVJWXZrUlZia01fYzZ5bHRaX2F3VUtwQmNVdw?oc=5,"Mon, 20 Oct 2025 07:00:00 GMT",Dupoin Futures,investasi digital Aceh,google_news_rss
"OJK blokir 3.193 pinjaman ""online"" dan investasi ilegal - ANTARA News Aceh",https://news.google.com/rss/articles/CBMimgFBVV95cUxQUzhzTVYtUy1aalpoTzFkT2t5TTNFMkRJZEFwZEdkWmwtNjBTUl9WdTRodWpmRkJWWm92TGpMMGx2ckJhZ0pYaE5oZXZJcEdNMVhHd2taZGc4dDVpd1JMeFJsdHY3c0E4dFdHeklHbHNDSHNvbXNMMG56M1VnNC1GNnFya3ZMX1NFb21sZXRjci1RSlFja0kyV1NB0gGfAUFVX3lxTE5BT3lWdG5Ic2x3ZTI2aXZrT3paRGkxRU00X2Nrb2Nxb21laVp1ZXFUaWdSTjFTbW5XRlZPeDBOOTBIcGlSTjZjQTJHd0FTdTB4ZVpjNjQybzJqWVdKLWgyVEV2VzlZbmtmVWFsVkZ0X3JwNXNaV3dINVFiOHVtUWd0Q1RuNVZRdXpfekRWOGN2NlFLSjNpZjVlNFhOMVVVSQ?oc=5,"Wed, 30 Jun 2021 07:00:00 GMT",ANTARA News Aceh,investasi digital Aceh,google_news_rss
"Target Mualem Investasi Kesehatan, Ketua PERSI Aceh: Perlu Sinergi Regulasi dan Analisis Pasar » - dialeksis.com",https://news.google.com/rss/articles/CBMixwFBVV95cUxNNkZBWmRSZXJtLWNhNWkxNXd1Rm82SVRyV3NOeUVlUUwyeWtqakNhQVJPOFJCMHVPdVNtbXg1UmV2c3R6OUUyWk5GWU1QZEpHTjZXeUtTU3EzWEhyNENSMXRZVGh4dGdaMk9DMkszd05TNjRxRkZNU0hsUElYREVlRHhwZVBhMXFCZTFCUndjUldmMTJqSFNXcERSSUUtMmJUY1EzWVZiZXhnbjU2UllDY01QeG14RHdIMW1lSU1XY1NyT3RJVkJz0gHMAUFVX3lxTE1NalpkWDFHblB4N1RIZEw4WlZOcFo5MExiMmw3WW1fRl9nN2lJT2U1aUczWTI4M0YyQU5yUTVOY0JDS05PLWdBTGgzTDM5Vmx0ZlJPTWhZU3JDcjhEcXZ1cUd5Q1pmam9sdm9IYVdoOFI1XzFWNC1Uc0M3cnc3RmtlTFBHZU1mYWIzRmY5RnhpcFU3bHAyUjJBUmprdGJCaGdaRF9ZY0p3MVBYNVBHaXdWRWJzb19VSE9td0lsaDl3ZU5MUGo1M05SRnRWUA?oc=5,"Sun, 16 Mar 2025 07:00:00 GMT",dialeksis.com,investasi digital Aceh,google_news_rss
BEI Catat Investasi Saham di Aceh Didominasi Para Millenial - Popularitas.com,https://news.google.com/rss/articles/CBMilgFBVV95cUxOb1hidXpPT0p0akM1WDc0SHlBYmpaRDJaU3doQ3U5OEFLazRNSENvY0c5THI0c2tVMU1DbjhFUUdKVkZhemxpaDJjVDc3OU9ZX2xCd3NYVDRNd29SYm9TclNsRnU0OFkxalhwdGJ4WE9HeEczWU1pTFZWWURXZzRqOEJSSDEyZVpBRlRaQ3JJamUwZ2hZZ0HSAZsBQVVfeXFMUFUyU0Y1Z1gtUW5ndk5scC1PWFBxYk9KWVNlRGlIdF9DaUd1THpuN1c3RTcyVVF5bmlMcU9mM2lndllEdmpSemZuOFJ6VlhIcDBHVE5QbDhDWFhoX0tSdkVOVndCcjRLX0hkV2hRR1MzQ29YaDh1c2ZtQTNObEtlUnZWNERWekJZbWxKWXlBbkZBZXJjbm80aGpFTWc?oc=5,"Fri, 17 Sep 2021 07:00:00 GMT",Popularitas.com,investasi digital Aceh,google_news_rss
"Komit dukung investasi Aceh, ini yang akan digelar BSI besok di Banda Aceh - ANTARA News Aceh",https://news.google.com/rss/articles/CBMitgFBVV95cUxNTlU0aGU5RVZLY1VyQjFCMHFpdFNwT3hKMHAzaWQtTElkR2Z4Y1JCUVNJNHVXYU9fX2l1Ym9lNU1vSDRXSnRVM2tlNkdIbjV1MmJNU3RRQmhyY0FvSnBqekRhcThBYWdOUkt5bVh2aGlkaS1kOFA5a3ltY1ltZjB4am5IRkE3ZlIyeEZhQkd3R0QxQmg4VDlhMFh1RXhaUE1lYmFIMDJJbWdxd3NndVdkbDZvazA1QdIBuwFBVV95cUxPYUplZ21tV1V2Ri1sekFZbWVDNzRrTkJtS0U5bGVVQ3dtVEZtREI5V0g2R0tIaVZxS0s5Z0RlZjNqQkFDaS1ldUdTTTYxa254SzZNS0hKOXFEYW5kanNjU2ttYU0wT01jd3U1NnVLR2xZUTVSV29nSFk3RjgwRzhLeWJDSDNDVUZCM2xya2lEUHI5WlROT3dRUVZhTnlVNDQ2V0FIbU9mLUs5NzhneFg1U0NPZTdVQ3lwMXZz?oc=5,"Tue, 24 Jan 2023 08:00:00 GMT",ANTARA News Aceh,investasi digital Aceh,google_news_rss
Mualem Temui Dubes Timteng: Investasi di Aceh Jangan Cuma Wacana - Pikiran Merdeka,https://news.google.com/rss/articles/CBMioAFBVV95cUxNSEwzZ0dLU0F3TWl2bUlMSFhMVTdHNWlCMmVNelJnUmNTdUFmdDlKQ21jRnNOc0ZIWEZrOHlVaWtDdWNuYzM0am8zM3ZGbi1raVFDRUZBb2E3RTA2ZDdMSHZZZ3BfUGZxbXRRUDBJLUZzU2xQNTNNTkx1SjdwUGRKNDQ1RHhKZjdiM2czaGZpZ3R0VlV2QmlSbjVnZlBzbzQt0gGmAUFVX3lxTE9OdFdMYjcxbzJvUWZrSnd2UlhZM2VRZnlQN1FHbHpXaUJ4Y1hVOElHR29GLXdOeEFKU28yN2FDWXdubE1nMkR0Y3g2MzlmSi1Nd19NS00taUZqbEJ4bTFfcTFTTzRmbm9rSkNEYVJpSzJWbExzdHNucHJPWXc2V0hqaTFqY1hVOUZGQ2N3azlLV2h2eXQtUE01bHdvTk9HMjA4LUdFbmc?oc=5,"Mon, 07 Jul 2025 07:00:00 GMT",Pikiran Merdeka,investasi digital Aceh,google_news_rss
"Total realisasi investasi di Banda Aceh capai Rp1,6 triliun - ANTARA News Aceh",https://news.google.com/rss/articles/CBMiogFBVV95cUxOWkFqNW9MVHFwazY1MXZvcG9BMFJVQmJMdGVldTQ0ejAxUW10cDRFcThsTHVSYmhvSUFNemxDUkVsazVFRGI3dEhvWFdxb1hIVHU1b00tb0ZyTzUxM2FvR3lwdEdoNFFTWnhEZERxcnNZZ3Q2TVNrQXZLWDRtWkhMYlVDS0hocmRCSWlGcG9vZzdKREpvemxrMWdKeFVUZnJhNUHSAacBQVVfeXFMTjBETURiSXFJVEhGYjNmS1MxM2VLaWRvS2JXcE13ZkE3YjZwREI0dmdNaE1EZmNFZnQwZ2tLSzZac3lBWEhFTFp6bXlDY2k5MFBDVWJrSXVjQ1ZVZExCaXFMbW92ZDdsQ01pcTEzRzhHUFhxLWZWcjVEX1RDbGZQNEhvSFV0dTlsUUNGQVpOQldEajg0MDE5WXdmd3k2cFdnSENVTU5JOGc?oc=5,"Thu, 17 Feb 2022 08:00:00 GMT",ANTARA News Aceh,investasi digital Aceh,google_news_rss
Tiga Perusahaan Internasional akan Investasi Migas Lepas Pantai Aceh - Aceh Online,https://news.google.com/rss/articles/CBMirwFBVV95cUxPMEZDMnVGZERCQVdNWVpMSEFkZHBGTmJQUFVXVTJWV2FYTldad3RPOUpzN2VYcTBGWVZCbDNNU2YtSmdhV1JBRjN0c1lWS21lRDhMY28tYTI2ZHozaEFLT0w2MDltcnZQOXItbkotM0Jta25aMEx5MWYxR1hLdUJWR04tanF4YVVjOFNoWGVqMW14WXF2a2FIelRvQW03VXFjZHZHelpsTFlXNW85SkJN0gGsAUFVX3lxTE1OSlRjanlKOTloeTBTblZCclBHUnlpRTRCRVBCRng1dW1GaDhlV3hTSjRESVozcTJwMzFIaFhPNUlSU0NxWF82d05pbERUS1ZWVU5mMVNkc01WM3lJYnYyYVV3VzdaOHhTVno3NmRLZkhoR2tSRWVrSG9BbWd3cWdNck9aQTZFdDhhNWNhNklnR2xFMVBFbHR4Z1hQRFdrbDFhZ1RaQ0lnT2x2LVI?oc=5,"Thu, 11 Jul 2019 07:00:00 GMT",Aceh Online,investasi digital Aceh,google_news_rss
Prof Mukhlis Yunus: Tantangan Investasi di Aceh Perlu Perhatian Serius - rmolaceh,https://news.google.com/rss/articles/CBMimAFBVV95cUxOM3JDdkVKWW13YVBQNW9DMzExUWJfYjUyTW96TmZnb3RHSHRXaVpGRHBleXBkU2x2ZFFDOG94Z2R2OGtBMmFlQ1AzTVN0cUd5VTBPSVotTlpjc3kzaXBvcUZhb3k2WUJ2c0FUWVV1c0ZLMzlWTjRaU3J4QTNFQWRRNGZhb05WNWZXVUJ3ZV9PNV95S09EcFY5Mw?oc=5,"Tue, 17 Dec 2024 08:00:00 GMT",rmolaceh,investasi digital Aceh,google_news_rss
Tantangan Investasi Aceh Terletak pada Regulasi dan Tata Ruang - rmolaceh,https://news.google.com/rss/articles/CBMijwFBVV95cUxPWE9mcWFPTGhVWVoxaXlybDNDYTQ4UGtNRFlucGJIcGE5ZGhCYjR0MzhteGNHNjFPbzB1SS1VWm9Rel9icFRaaXBmVy11eXc5VWREWGg0NUtVbVdiTFBMX1JWQkRZXzdJM0NWU1dMQzlwcTd2VDBNQzRjTDd4WGVUenhjTnExWHZjS2w1bVhwTQ?oc=5,"Tue, 17 Dec 2024 08:00:00 GMT",rmolaceh,investasi digital Aceh,google_news_rss
Kejaksaan kembalikan 80 barang bukti kasus investasi bodong di Aceh - ANTARA News Aceh,https://news.google.com/rss/articles/CBMirgFBVV95cUxQRjhtRVBjaXlnaFlBUVRCYkN2dXFsUUkteHRhR2hVX1lPbTBIM1lIdmlTQWx3UTNmMGVpcXVxN2NVR2lFYk4xSWRkQmFtQ3BmclgwemJyWWxPQ3pwYzd2X0E1cEd3ZXZYSmF5c0Y5UF9mRGlXRU9YRVlFWV8yTFh0T2NRYkhFSms4czFxVXdxWTIyWGNTUVhPZkxBbnVPbVprbWxsTm5oMEFacHl0elHSAbMBQVVfeXFMT2hqOTB3c1d5bmZRNng4SW9vZG5pdHRKYVdoVlFQdVJyVXBEZVZpZHBFOERESXhDcjdzdUVfMmgxM3RqNFctN09fcGhDa0ZQQTJtVkp2NTZJSkdaM0Q2Yy02T2VqZDV6WDIzTzJSa0VLMV9nODc5ckh2S2U0LThXM3k5eEtzb29zNlRxZkxoOXR3c2RQSmFJV00yWUpwaVVMS2dPSlNhMHhoS2NGdVdQcnpLLVk?oc=5,"Thu, 24 Nov 2022 08:00:00 GMT",ANTARA News Aceh,investasi digital Aceh,google_news_rss
Investor Malaysia Tertarik Kembangkan Sektor Peternakan di Aceh - Waspada Online,https://news.google.com/rss/articles/CBMijwFBVV95cUxPODltUTk2VzNoUVpnVnAzVFFLU3JzTUNhTE5HRXNiUmIzNi1FTGV5dExwdFkzNjVIZTBMQUl1dUJfTzZVQTBHOWhxeTc5cExMVHdjeUdfWng0QXJiNnZDdFdLRk50U1luSlJlT3E5MF8wUmRKVDcycjQ0aTZzdVJQSVV6ZHo4bTQyNm1LVVgwVQ?oc=5,"Wed, 05 Nov 2025 08:00:00 GMT",Waspada Online,investasi digital Aceh,google_news_rss
Garuda Spark Jangkau Belasan Ribu Talenta Digital Investasi Ratusan Miliar - RRI.co.id,https://news.google.com/rss/articles/CBMiugFBVV95cUxPMmNfc0UyclZMb3FQTjhfSmU1T0FqbGRVbXpaUG45ZEpoQjVtM1hWX1FvdUpWRW1hYnEwUFJScWxmZkM0UnpBcHJyWnV2MnZIZ2ZBaEpobVJ3NWdtQ2E4UWNnMkJVOU9kSEdaUDl4TVEtMTVISk9mQWl6czhrRngyNEM5Vk9NeTZtSXFiWUEyQWVHQ21EdmptVkxNUGFscWxuQTJoaS1VaUh5WkpSclY4dXRkcGN5NWdxNnc?oc=5,"Sun, 30 Aug 2026 03:38:00 GMT",RRI.co.id,investasi digital Aceh,google_news_rss
PT ANIP Komit Investasi Agrikultur dan Karbon di Aceh - Aceh Online,https://news.google.com/rss/articles/CBMimwFBVV95cUxQNXlRX3BHV3JmTm0zOVpzQU1kVzJiNnZSZ3dyZW9LajB3U0ZjMlpnSnNMeVhwbV94YzYxaVBTRHY3eFR2aXZCei1pRDRYVENZQ2JKaFJwSXUwVUhBcmhSWVN2elJjZXplR0pTQjhMemM4ZWZHakIyTVZxdHFKYVoyeTFmS09ZTEtKVFc0V3I0eENELV9pOTQwa3RTSdIBmAFBVV95cUxOaU5odU1IZ3NSaVR2RzdMNXJsUlQ1WTdKdXk2YXJtTmdqNW5Nd2dHa1pBZUhuaXlWczFnY2thSFVqRndRa2d0VUVVQmxmS012MUpFOEJZcjd5WVdyay01MVljNjlrelNCMmdIVE1WZ2ViNVkxRzVXLW9Mb2VxMWh0YkxpS3dCV3RheGRhLXlqRm9CLUczU0VEbA?oc=5,"Wed, 09 Apr 2025 07:00:00 GMT",Aceh Online,investasi digital Aceh,google_news_rss
"Tingkatkan edukasi investasi emas di Aceh, Pegadaian kembali gelar webinar - ANTARA News Aceh",https://news.google.com/rss/articles/CBMitgFBVV95cUxQa2U1ckhLdFZ4MGhkTWcxYi1qYkh5TjlGeW5QQjRwa3ZVb0JMWC1tQjMyazJ0Z3E5dkxNNWV4NmZpSTVEbHFXZXh2UlR2VkJNWFFDMktWQk1RVTZDYy0wMGtSdV9rdmtYb19mVXJPb09GZFdfd3cwXzQ2Q08xVXZIOXJURGNlcHN4U2t3d0NROTRFMzJpMmlQejlhV3BHTElmazgyYXMwbmptVVAzeTlVczh6SGxad9IBuwFBVV95cUxORVc2d0NRbmZPejc3OGtMa2VrLTNKQXRCaFRhU1pRSXFZOW1FOXJhVXdwOHVsQ2dlRG1YNlYwU2xVWVB3WXR2SjVMN3lWOG5ISXBuLVk1ak9Bek5oem5QTDdVdTQ5b1VRYkZFX1hUdnlMTWdpQ2E5QnZldFpnZnpSX0k5bVk4cUp2NlZDVFhPczZ5NWlEcjdTWl9RcWVJX2J3WXhCc2h0VTFBejljZXRwbGhSSGRVcVNtMElF?oc=5,"Wed, 14 Oct 2020 07:00:00 GMT",ANTARA News Aceh,investasi digital Aceh,google_news_rss
Terpidana Investasi Bodong di Aceh Dicekal ke Luar Negeri - Aceh Online,https://news.google.com/rss/articles/CBMioAFBVV95cUxOc2x3VFY3YkZpMVh1WTZ2Q1Q5UTNnRGFtVWN1R3VLRTZ0dlBJX2owMmh1WHpMUXVZemZvOG10YUxEb3laWGt3UHI0WDEyVFV5NVJ1SjdDTUNvazNlUURqRmpTbWFJTWZGYmVCTEpmalk4SjJRZnNzZ05LS3o5ZUZGUnFreVljdWREWEdxY0J0NGs4SWFQdlRIbm9NZHN1NVhu0gGeAUFVX3lxTE5LckMweURVcU9Ob0dFZlM5Y280TFJDUmg1UTBiNkZnSzRKajdCYklqMWhFTkFyUURuV1B3WE45TXRlRlhERk9Bc2FyeUNTbm1vY3Y0bzI4WGR0MHZjWVVmN0swMlpKOEVQNjBWd3YwV2tRT2ZDM19wV1pVc3VVbWlBQ2NjT1h3WEVPRHNpSjljZVV4SERHSkZGZ0J5Tmln?oc=5,"Thu, 01 Dec 2022 08:00:00 GMT",Aceh Online,investasi digital Aceh,google_news_rss
"Bertemu Menteri Investasi, Nova Bahas Kelanjutan Investasi UAE di Aceh - Aceh Online",https://news.google.com/rss/articles/CBMisAFBVV95cUxNVFlSVEVmRURuQmh5UWx6eGtjVkVZOFZzWE0teU4wQ3lNVUF3S1QwT2FTV2xxTVlscmJjMU9pVUlldXZVNmNRNlk4RFpMdUIwMUpUellFMDEzcGRZaW9OTWYweWNGSFN3UE5TajJPcmxnYUNZUUxZWjJNSVlmeEYxWjM5czdURm5DMHJhUHg0b1FiVHB1WFd2LU9yclp3YVVaSmFvaEViYUNwY0locXhPadIBrgFBVV95cUxNWXNKa3BBRGdOb0dSMFdobkxYWHE5cjJWeE1US05XUmpocHpnWkFGeXVlSWs1TlpndHFwaEpnQzRVQlFscXF3bHRrUXIxcWlzNVU3eGJPOHlaQU5BdHhMNk9za3VQQnBhVkkwaU9zVlFDODZIZEdmV3VDVlh1QnVybVJCaml2TkZKWXl0YlctS2N2X3N3bjByU3hoOS1uTEx3RFVTdndkbkViRkNqSVE?oc=5,"Thu, 26 Aug 2021 07:00:00 GMT",Aceh Online,investasi digital Aceh,google_news_rss
"Lion Group Tertarik Berinvestasi di Aceh, Fokus pada Empat Sektor Utama - rmolaceh",https://news.google.com/rss/articles/CBMimgFBVV95cUxOZWhkdnlQU3d0WWtrT2lJQVY4YlhIQUd5bjRrQ3B1UVBKWEIyaUEzcTdiYXJZMVoxbm1FaTJod2pON1czSFJlYmZxZWxJOVh3S1VxcXQ5Q1VoZENFVmtjSXZ2ZWplUnFLUGhsRmQ1S3VRSjV4SWJwa0swZXlOMXdEV3ZHck9lcjRNVG14NDV1Y1dUYmptZktPNktB?oc=5,"Wed, 08 Jan 2025 08:00:00 GMT",rmolaceh,investasi digital Aceh,google_news_rss
Polda Aceh Limpahkan Berkas Perkara Dugaan Investasi Ilegal ke Jaksa - Aceh Online,https://news.google.com/rss/articles/CBMirwFBVV95cUxQRHREckJJVWxYV29jcG9hcjEzdWhhSUQ4MTNPaGF2bGlfaU9ObTRPWWZVUTAwc1hxdFVBZUtuQndzVEFTcHN4TlZybVcwenlZaEJzd1FROHZ2cmpkYVpmZ2c4ZlhBSWI1b2FPdHIyQmFiSmo5NWlQdXo4UVhqN3NJM1lGbWxYdHlYbTFNS3FBSVIwamo3R0l5NHlDVGZLUXhsLVMzWmt1MlZYNnBtWF9j0gGsAUFVX3lxTE5xTVgyN3BIX2RzOHlvVjF4X0VFSE1waG4tZ0JpYjN1MEhleFIyZ0lUWWJDR1ZoUzJQeHZKaFpTNmlUamljcXdiYjFNNnJQdjJISVdQeUktX2x0YU1LMHN6YUs3UnRLOHk2SUV1blpTQlVlV2hZSGg0SjRhbG9WTXYySFhjVFRacVJyblpWb2gzMlNMZmRZajg5V0lMejlLbnZSclRoUmFuY1lGYkY?oc=5,"Thu, 15 Jul 2021 07:00:00 GMT",Aceh Online,investasi digital Aceh,google_news_rss
Banda Aceh fokus kembangkan enam sektor investasi - ANTARA News Aceh,https://news.google.com/rss/articles/CBMilgFBVV95cUxPdU5uWlhqNDV2REpTUEljQWJCYmJjU0dxODdWdWpzbFdhSnNPcXBra3I2b0U3UG5VcU1kaGtsYm02cmNaUk41WHc5OVJmRmFYWmoyOHBuRHllU2Jqd2hDRE9JWGRGWko0cDJ1YjFwVWhXYjhJQXpUb3RqLTBza1dSQkRJMU9VSzU4Q1JkQ1Z5RkxjUEl5bkHSAZsBQVVfeXFMT1lpQ3VhX0RMWE9iYmwzRzkzWHc5ZC0wSzVyM21XQVZzTHBSQUhzRWF1V0N1VDgxalFONVcteU1WeUtCN19JVExPazJKWXFreTA2VjRUd0FEb1FhTkoyX0YtSktpbGw3WXpRSHNYbV9FcEtZN2R0aEljYzdoTnhEcFRqeDd0c21kci1LQ3p1UmxyVHdYRHhVbzBoTms?oc=5,"Wed, 13 Oct 2021 07:00:00 GMT",ANTARA News Aceh,investasi digital Aceh,google_news_rss
"Ada Investasi Pabrik Semen Baru di Aceh, Begini Tanggapan Solusi Bangun Indonesia - kontan.co.id",https://news.google.com/rss/articles/CBMitgFBVV95cUxNWWlPdzdURVYyMWI5Q2ZJRDBnUTFrZGNKRTFyZUxnZlVQZjBvbXNNOUhqcU1jcERDb1RJSUg2X1dVVXF3Yk5DcGdUSGdwY1EwUVVCWmlSeEhHRXlRQ1NtWW5wVjdGS2F4XzVBbnB5TWlJVk5lelVyWUpmUDAwSC04bnBSOHJGdTNzdEJHR0pJS0YxaUtlclVpeHMtaTRFSXNoSkl0d3NGRzMwWFdEUmtudDNET1RFZ9IBrwFBVV95cUxPOUFibFpCbnZLVHlnVGJlZ1V4WWdGamRJNDdqSktkeHlEMkgzVldGdTJZXzhOdWxjQUlwQWRZYnJDSTVFR1VxWWd4TGI5TElBN09Uc25kQWtjaHd3eXlQLXpySXBpekc2ZkMtTzBPWlZQdlI5cklpRl93V0lIN1owQWN2eUxiWmR5WVJkcDVGYW1WYUNZbHQ4U0tzRE1mYmM1ZTI2MVdyQk9sSTQ3bWlz?oc=5,"Wed, 29 May 2024 07:00:00 GMT",kontan.co.id,investasi digital Aceh,google_news_rss
"Tak hiraukan Pergub, Banda Aceh tetap lakukan pencambukan di publik, dua di antaranya PSK online - BBC",https://news.google.com/rss/articles/CBMiXEFVX3lxTE5XRTdpS09wRy1FWjBwcXVpV0dSaFZvMnF1cHF2MEZ3SWdFZzlNQUU5Rk9TemN3M0ZlRVVQSVV4WVJvMFh5U1V3OHlheFFmOU1nVG1QdS0wQnFSbmxa0gFiQVVfeXFMUEs3dF83bU9JdHV1LThDQUtaTmpsWFNHYnhQTnRHaDYzOVVmeW9qNk9tcVljVFJSYmVwdUdtUGVlTzRSc2RDcEhYNmZpSjJGTlJXWnM3TjVKQ21PZm84LWJvS3c?oc=5,"Fri, 20 Apr 2018 07:00:00 GMT",BBC,investasi digital Aceh,google_news_rss
Bumi Minerals (BRMS) Investasi US$ 123 Juta di Perusahaan Tambang Emas Aceh - investor.id,https://news.google.com/rss/articles/CBMivAFBVV95cUxPc0t3bjlLU1F4ZnBMWTdFcmt5UnloaWFtVWhENkk1YTlxdGFvUjFsbHhTM0FMWlIwX2JWS3NDek9iVnpPUjd3T0gtRi1LRDdwOEo5WmNTcHdfM3lpc2pyVkZmSlZIM1VVeUJBdGpraEVVZFg1SjREczBhbVZMS2R0TGNQWFB6MS05NDh3aGU4OU1INkJWNDdVcGo0TXEyU1plR000NDN2M2I1TG9ydGJTUDZIWlY5ZWFLYnRGUw?oc=5,"Thu, 30 Dec 2021 08:00:00 GMT",investor.id,investasi digital Aceh,google_news_rss
PEMA Siapkan Koridor Bisnis untuk Percepat Transformasi Ekonomi Aceh » - dialeksis.com,https://news.google.com/rss/articles/CBMinAFBVV95cUxNaWdwN29RSmxmWDBjdzlUUFNzMG0wd3lFZTd1RXVUUlp0SExKaWNqdXNqUUM2V0diaWE1RXNuN2JFanZhM1ZDQzBYZFBUWG1NX3Z6RWFDaVk5UkhIMm5pbTVQSVYybEZfUEpRM05WWEFDVmx4dEUwYklyV1Z1ejVHQjN5MmhDTXd1M1lab3R6WGF0U2t2R0lnRjVlZE3SAaIBQVVfeXFMT2tLalVXVThaSkJqYThJLWtXWVBGNTZkQ21FQkpGSU9NRTNrd0tWNWMxWFcxZ3JGd3dhTlFMczlMb3NDVWJDVmJESTJsZGE1aWtDZ1p1eVdzOG0xNTlYeER6NnJRbWx4Yld3LVFCYTRjYzdiVm1kMmE4aFI2RDlPN3JZZDY4aHJqUVNTSHBiT2ozMm5fSHRST0o0Q2NCRUdmOEdn?oc=5,"Thu, 27 Nov 2025 08:00:00 GMT",dialeksis.com,investasi digital Aceh,google_news_rss
"Tips Investasi Emas 2026, Saat Harga Tinggi - Bisnis.com",https://news.google.com/rss/articles/CBMinAFBVV95cUxQU25CWU1RNHA5UHpMYjFZYWtjcFFzQldpQTdSY0t1UnlPclRqNzd3SllRUDkyNGNrUXNzZ0c0cjdkanpEeXRHMFhWQ0VCZzZhODFPd3pVcm1lbFJRUEtXc01CTldmOXlEOWV4dTA5NkFvcERyZTUwUlB5NnZOR1F3cnJUX1dyZmQzT0xkNDhPU1dXUmZQOTdxbnFOdnU?oc=5,"Fri, 02 Jan 2026 08:00:00 GMT",Bisnis.com,investasi digital Aceh,google_news_rss
"Cara Investasi Melalui Aplikasi Ovo , Ini Manfaatnya - acehportal.com",https://news.google.com/rss/articles/CBMimAFBVV95cUxORWppRU5QeEpvS3hIcW5jdGpzNGxBczgtN29jOFZKejBnN1ZDZy1PNVUyZmVYdVc5TGV1V1p0THNEaXB6bWRpcmc4TUZ0ZjNTNzdTWDRFc2psN1duYWlMUUhTdktpOHpSWEdfZExKQWx6RXJITlpvVGVHOVhvYXAzN3hRRXBZbzBEOUplTlVfNG9lZDUzM2xYdtIBlgFBVV95cUxOV0lrVTVrOTVDWkFwb3ZHUG9kckVIQjFNS2R5U0lvWjRMajFEbnV0LWV1NEJNN1VWaFFWbUZuazdRYVgyNmxpR2J4R1dBOGhUNXg5QXRGQzlNZnJrSHVQX1RSOFJyckJ5VXZ6ejJIUzIzS1VmcVpwdVgzbjlnN2MwNDc3MFJoTnFtYlg3TFZPWkViNV80b2c?oc=5,"Thu, 09 Jun 2022 07:00:00 GMT",acehportal.com,investasi digital Aceh,google_news_rss
Ketua DPRK tegaskan Aceh Barat aman untuk investasi - ANTARA News Aceh,https://news.google.com/rss/articles/CBMimAFBVV95cUxQX0M4akQzSGEySzQxU1RtMThXNXo4ZFFiUDJWRVdMbXFTU2w2MkVNWUFLM0p6WmNyM2xoZnVGQlZmU2FOR2thUHA1eE1IUFFEZ253b2JJUVlleklCdXZIXzVudGNiWXdqZktYUGVFQXl4OVMxMDhDLWtlcE5YVFdPVi1WLUJYblpzY0YzQ0RCTmd6VzBrcHpRb9IBngFBVV95cUxOclFxQU85TEZ0MWk1eHNyR0c2V3dfUGVJTjdhQi1UNFVpRm1fMGtwSWNEdTM2RERzYzZKM2ZnMVhxRzd2OWFmQjYwN2dOaTdZNE0zRUIwX1Nkc0l0MjZCQlpmaklKZWdES3RtTTRTQkZQb0UyWGExNjZucnlHMUE5UU5DZ3lTUkxHem1zbzdhNUhNZmpManhvMHp5TG10QQ?oc=5,"Mon, 03 Feb 2020 08:00:00 GMT",ANTARA News Aceh,investasi digital Aceh,google_news_rss
"Harga Emas Turun, Warga Kembali Investasi Logam Mulia - republika.co.id",https://news.google.com/rss/articles/CBMinwFBVV95cUxOQlhlbVpwaEJIZ1ZBRHVGalk1LTRtWnFlOEpvbDRSLU1vbkZraVBCd2hHcmh0THhIanBNVTcyLWhUU3lZeHV6UThkMS1JWXl1ZGRRSDBSU1ZrQlpGUXVPRlgteXpQbEdsbi1HcUYtdEl5MVgzcC1GX2czT3paS05IV0puNDJhQmVqVGpReWhwY3Bka0swb1g2OVBMQ0dMX0U?oc=5,"Sat, 20 Jun 2020 07:00:00 GMT",republika.co.id,investasi digital Aceh,google_news_rss
"Komdigi Evaluasi 200 Platform Digital, 4,7 Juta Akun Anak Sudah Dinonaktifkan » - dialeksis.com",https://news.google.com/rss/articles/CBMisAFBVV95cUxQdHBoelNsSFkyY0FnNUFmV0xQVzhoUEhXMUYtc3hTT2hpY0JXVWFSa1g5aEdtSE9GUWxrQVd2aDloZnJxSFo4dFJWZGliQ1RaRElWbE5KUkk3UDBwU050bEh6U0E0UThtY3ZKMGZDNDNIQmJwcUNraUdqbnBOcUpsdDJPdVJIYTZmdXNKV0l3SWZzUzBYUURZcHhkWUZIM3BoU1pic0E4TGlNOWd0T1pRdtIBtgFBVV95cUxPdVZtVWNIbGp0bVB6U19PZTJWM0pMdkgxWVFyaHZBWUNJSFZhYU9pVEZUenEyb3d4TURZZXZHblhyQlRLTDRkWFhsVEYyTlNIb24wdHIxOFRwT3BsQ1BlSEZjMG1yMkdOcncxUXMwaDlEMW1JV0xUelA5c1VVeUdzMDlIa0E2WkkyelFBSzFydktLMmN5a0FBNHhmNGZON29pS3lfZTJLS1g3ZUgwbTNBLW45THZCZw?oc=5,"Fri, 26 Jun 2026 07:00:00 GMT",dialeksis.com,talent digital Aceh,google_news_rss
"BAA Talks 2026, Wali Kota Banda Aceh Dorong Kota Berbasis Talenta dan Kolaborasi - NOA.co.id",https://news.google.com/rss/articles/CBMipAFBVV95cUxOaEFMYkhCVzlkN0ItcmgxeE9EbTdSNlJweWZZNnI0Si1QZEF0aUlLRmpkZkJFblRFTEhWWHRNejNoNWxPVHEzcS00RFBRcXdzeHNnZk9hTzBUQW55VVE3RkdHTFVWTTZWdVZJMlJSeDZ5NUtFeUJZcU9XUmFnVmVWaFdib0FtMWhPcU9neF9ZQ1o1WTd3UG1nVDl1V0FZZGt6S3cwZA?oc=5,"Thu, 23 Apr 2026 07:00:00 GMT",NOA.co.id,talent digital Aceh,google_news_rss
BPSDM Aceh Raih Penghargaan Mitra Berprestasi - BPSDM Aceh,https://news.google.com/rss/articles/CBMisgFBVV95cUxPeUNsblB6T0o2VGdfQ1hpYlgxZTBNc2JFTzJ1cW8zRUR5bnp5akF4ZTAyd1dhN0VyMmcyQUg2RFpxRVBHYUlVRUFRT0VCYlJCZk5hSTJjYUtMeDJhU0E1b0FFR0lHZC1qMkk4SzV0a3FHUU1mSVRfc1FNaDdxR3M3aUpkYjc2UG9XMGR1bHppYmgzeXVPUXBzMHIta01jZFBvSWp6TkpTV2taLTd0LXk2Y0R3?oc=5,"Tue, 23 Sep 2025 07:00:00 GMT",BPSDM Aceh,talent digital Aceh,google_news_rss
Kementerian Komunikasi dan Informatika menyelenggarakan Program Digital Talent Scholarship (DTS) untuk Fresh Graduate - Pemerintah Kabupaten Aceh Barat Daya,https://news.google.com/rss/articles/CBMigwJBVV95cUxNRFlvNkYxVnRZeEhxajJPOWxEcVR5TnNBX19aaTdKUU56aFpXMl92QzdYUWFnTHBPWldIWDNvNHRpQ2hmWjFxQk8tekktYmhtaDNBYUprUWMyZFptTzh2OGNLeDNVYmNHSkdNX1JnQTNYc25NaVFUbGd1VVJWc0ViWUI1TXQzaGFLd0QxdWtpdkJ0cUZmdlJka0FidHJGclVLODd6bHNUY3ItRnRhMm9OQlZJaTdFUHZMQ0oyWGpUZ2VKWmU0NU5Udkl6XzRxVUxrRFNMSmdmMjZROUFPSURTbFEyQ1dHRW04M1dtZG9Kb0hnMDF6ZkZ5ZXIzWmVjMkxCeU13?oc=5,"Wed, 23 Jun 2021 07:00:00 GMT",Pemerintah Kabupaten Aceh Barat Daya,talent digital Aceh,google_news_rss
"GTA Banda Aceh Tuntas, Peserta Diminta Terapkan Ilmu di OPD Masing-Masing - Diskominfo Banda Aceh",https://news.google.com/rss/articles/CBMivwFBVV95cUxNcjFYVE44ZHNYejVodUdnaXB2dmtwQTg4aEZBQV9GTE1PSEFyVUktZjcxbm5MNllkN2E5ZmVpQy1PTHo1VFlqWloyTERxbWNMT3MtbnhiZTRTQ1FWS3k3bDAzQUdtZ3VjNDJvejhYSVBLdnU4djdMdGEwYXplY1g2ZHdPR09vTU1CQnVTQ2JzNmg2YmpIangwcVhaRWtmSTc1NGhYU2N0ZVAzSWN2ZnJraHRVYkpJLXhlWWpVQ3d1UQ?oc=5,"Sat, 23 Jul 2022 07:00:00 GMT",Diskominfo Banda Aceh,talent digital Aceh,google_news_rss
Beragam Jurus Mencetak Talenta di Era AI - Kompas.id,https://news.google.com/rss/articles/CBMiekFVX3lxTE9oS190eUVHcDRGRFY1S2x0VUZTdndiX1BoMGh5T1pnWkF1RWFFblpaZWhzVlhrVkhXel9SMGdKYWlZYUJpUFNhTFFrVUtCclF6TzdSUGxFTFk4NVBHY2pjRmpTZTJsZ0plNGpXckFyRnJndTJ5S3dfbzlR?oc=5,"Sun, 28 Sep 2025 07:00:00 GMT",Kompas.id,talent digital Aceh,google_news_rss
Pendaftaran Pelatihan Thematic Academy (TA) Digital Talent Scholarship 2021 - Dinas Komunikasi dan Informatika Kabupaten Lamongan,https://news.google.com/rss/articles/CBMiXkFVX3lxTE4xa1UwY1N0cEJObUVmbEM4ZW9rTUhOcUZzTEYzSE9JQUFQMmhpRVRzMHlvbkMzSExWT0s0dDVFZlBiWGRERzlrUDBNdlZHLWQyUjJUV0x6ckE3NkpKYVE?oc=5,"Thu, 03 Jun 2021 07:00:00 GMT",Dinas Komunikasi dan Informatika Kabupaten Lamongan,talent digital Aceh,google_news_rss
Kementerian Kominfo RI Serahkan Penghargaan untuk Kota Banda Aceh - Diskominfo Banda Aceh,https://news.google.com/rss/articles/CBMitwFBVV95cUxOdWZPckg5THd4Z2ttU3dIREdTY2VxYVA1MDA3aWNuMm1lZGJkNEdTbFYyUjNCNXRBeFBrVjY2Q1BlQ0xpYTJ4OTFfTUJCSGhkRDNpc3JOTWpfR0FTZE9WeG01bmd2clVUakVkQ3N2cWI5dHJEMXRvcnM1eU9fQlFLRlcyRVNHeV93WGdweVJuVDRRVmxuVjNabEttWjVld0JrRkxIaEtwaXhONnRLWHdJbGlSRlREUW8?oc=5,"Sun, 26 Jun 2022 07:00:00 GMT",Diskominfo Banda Aceh,talent digital Aceh,google_news_rss
Ratusan Anak Muda Aceh Dilatih Wirausaha Digital - Kementerian Komunikasi dan Digital,https://news.google.com/rss/articles/CBMioAFBVV95cUxQMFE5aFEyYndWTURUS1g5ZUJCa29CWW1MeE16QlY3U3pPbllNYXhVY1AwN0lwQW5QWVRldXowWGZ1bzEyUDVldlFpbUhvWXgtX2ZIcXdwVkxXMFJzYVFOazNhSVJXWldfX1JtaS1wbFg4N1hkdkFxUGZzZDdOb0Jid2puNkFrcE1sUGx2bEJTTmpNX25LSUFIMXdiQWZnSm9l?oc=5,"Fri, 08 Nov 2024 05:59:24 GMT",Kementerian Komunikasi dan Digital,talent digital Aceh,google_news_rss
Kepala BBPSDMP Kominfo Medan Puji Aminullah - Diskominfo Banda Aceh,https://news.google.com/rss/articles/CBMimgFBVV95cUxQbGQxQk9VcTEtb2NqQlVwdEhWV1ZRN2QwaDJGMkJETFNaTWFvOEFFQk5qNFNaLVp0d1BOOE1vZWhqdC1yVzFsZmxOb2hPdDVZVUNyNldpV3dPV1FuNVRsbFpZbVdQNkdtNTU5QWJuWGg0emMxMTJjNmZwS0tMckFrMGttYVBkZVZ5cWtfRjlIRnFOVFNpd1VqdUln?oc=5,"Sat, 04 Jun 2022 07:00:00 GMT",Diskominfo Banda Aceh,talent digital Aceh,google_news_rss
"Pemerintah Siapkan Tiga Fase Transformasi Digital Nasional - Dinas Komunikasi, Informatika dan Persandian Aceh",https://news.google.com/rss/articles/CBMiwgFBVV95cUxQT2ZDeTR6RjB3SWl0ZjdyaEJibFhMTG1uand2WWVGREdtN1o5ejB3UmpoUXg1OXptWFZPVXp5eno1OXNjR2RBamplMlM1VGZaN3pScEZ0bG5Bejd6emQ0OWh1d0tnRkxTUUdkX1I3ZEZqRWlRa2RjQVM3WHZBWGFDMU9zcXFhaFlyOVcxeG8tdlc5TERMMGdsSDlkOWhac1o5NzItWDNqMjNuTFhEUFo1cmMtbXBuNjhtTGQwTkhSWE81QQ?oc=5,"Thu, 07 Dec 2023 08:00:00 GMT","Dinas Komunikasi, Informatika dan Persandian Aceh",talent digital Aceh,google_news_rss
"Wamenkominfo RI Beri Kuliah Umum di UIN Ar-Raniry - Dinas Komunikasi, Informatika dan Persandian Aceh",https://news.google.com/rss/articles/CBMitgFBVV95cUxPUVc3ckRjby00dktKOTJ6RFA2eU9IOGdLa2IxUzBqbHA0bHlPa2ZOeUZpVEdaaXhSeU1LTi1haE04WGNvNVVMMXlnWWRnOUpzeXVpX2Vxa3p0NWFoRGVKbmcwOTFFbzl1UlVDSl9Xa2E4dEhFdnpvU1RjbjVBMnR3Ml8tNHVtbUFBX0xaSWtYeWNTVUlQWTFCRDVGR2NaMVA3SUJnTzE1QnBfVzM0RXZncERjVTBTQQ?oc=5,"Wed, 08 May 2024 07:00:00 GMT","Dinas Komunikasi, Informatika dan Persandian Aceh",talent digital Aceh,google_news_rss
Pembukaan Pendaftaran Professional Academy Digital Talent Scholarship (PROA) Batch 2 - Dinas Komunikasi dan Informatika Kabupaten Lamongan,https://news.google.com/rss/articles/CBMiXEFVX3lxTE9Pd2E1SDd2R09aY19iWkZhR2tWYld5Q2c5WlliYnllQU9BR2QxbHBKZ3V0LXJVY2F1UFAyN24tZDZVNXpSckRKSkhHMXd3dl85UDhjd1poQlNYTndw?oc=5,"Thu, 08 Apr 2021 07:00:00 GMT",Dinas Komunikasi dan Informatika Kabupaten Lamongan,talent digital Aceh,google_news_rss
BPVP berikan tiga program pelatihan kerja untuk 245 peserta batch II Aceh - ANTARA News Aceh,https://news.google.com/rss/articles/CBMitgFBVV95cUxNbEdjTG9DcGg0WFU2WmRkbXNyTkRuVkQtQ2V1TWp4RS1oamRybjJRaTRwNmgxbGxhWXFYbDI5NXl5R3RobXdIVTdUWlJvN0hMMjZsdmJ2MW9aSkZyVlFIRmpFUzRKWGZubEFDb2h5SnRuQ1pUaHA1eEZfMnVubVR5cFlaeUpuT3pacU5YRkNuRkNSVVN1a1NEUVBFVThIU1ZzcGJrdUNHOWJTNnJDU0lQRHlCTnVzUdIBuwFBVV95cUxOczhNNl9NLW8tS291NFZNNURUU3FKajlpa25zZEJoUHN6NTNqM21jSlo3RVZ2enhGYW5VLWVBLXktcHhGYmFRdHVudnk0bmJ5SUtQMEthb3NiWjBhZDVDNElXLUtZeWItSTRnRGZDeXZ5SVU3LTBXcUxlRUpYZkFvM1otSUc5VDVsenQwenZjVExqUkNQMWNGNzV6ekJlSHNJN0ZGRWtIb2RSMWtBS1BRWUtqOWpnVVdKMUZv?oc=5,"Thu, 25 Jun 2026 07:00:00 GMT",ANTARA News Aceh,talent digital Aceh,google_news_rss
Kemenkominfo RI Laksanakan Roadshow di Universitas Syiah Kuala - Pemerintahan Aceh,https://news.google.com/rss/articles/CBMixAFBVV95cUxPLTYtNDNmSHZTVV9adVhtWmtoX0FpX0xqZkI5UnZuQ0tlYVZmOTFFaS1ZT0xrUkZWeTBOOXdGOEZrQ0k3R3NDZFp3SzNPSGthS1MxN09sWEh1TGpHQlk0UzVWTlJ1Y2ItQUh5T3AzU2stUTZIUm83WndaYWc0b3JiVms4ejVfay1IUGFlN0QwcFVzVUJqR0dLcGRHU3RsN0lUWkdFWHg2NXd4U3h4ZkNFVnB0YTNzVzRhVHRmckxTMVEtcS1F?oc=5,"Tue, 27 Feb 2024 08:00:00 GMT",Pemerintahan Aceh,talent digital Aceh,google_news_rss
"Buka Talent Scouting Provinsi Aceh Pra Popnas Tahun 2027 Untuk 4 Cabor, Wabup Muchsin Harap Seleksi Melahirkan Bakat Terbaik Aceh - Prokopim Aceh Tengah",https://news.google.com/rss/articles/CBMi9gFBVV95cUxNMk5tMjhFaFhKeW5sd3BUcm5PZ1VrZXFaZVItLWFsd3pHOGd5ZFhXbjJ4SWw4QzF2VmszaC01U1VsMFc1SE1CLXJPc0pQbTViWXZCXzIzUk54dGxzOVNXblpXSEJWVmstcV9QX1lIMDVGUXNydWNQNlhoQkxmaElnd3hwTGxKVTU1WTZtZnFwaHZWbVhqUXJNRTh5UDJqQlZnTjFPLXVBeC0yQXJxbGp2VTBuQTJfYWFvUkh2aXRBT3ZkMWU1M1cwWHFRZVI1ZE52eDh6SHhCNmh0aE40QmpmTGFjS3p3NjRTTGE0QzEwRWEwaW9LcWc?oc=5,"Fri, 05 Jun 2026 07:00:00 GMT",Prokopim Aceh Tengah,talent digital Aceh,google_news_rss
185 Fresh Graduate Raih Digital Talent Scholarship di Unsyiah » - dialeksis.com,https://news.google.com/rss/articles/CBMimAFBVV95cUxPcE5PTUlDVm9yMTJkOF95ZjhLSGhMQUwzaU1xUm5vejk0V0VCZmtndlNMdEJKUEt0NURUUnV6QlNGUzZ3VzdRTDlmTHJDQnd5cFVOVnl3QmJRbTdVXzR4bW1NZV9XSlFjdGFKMXR5VXk1a2dBN3NrN3B1RU1fTnV3WW5pcDN5b0t4R3N2ckd0Zk1yNXdmcGxfZtIBmAFBVV95cUxPanUzeXVQdWN6cVFlMVlBeFc0TzRKbVpCTW9OcUlIRlBudmgxaURpUWtSQWdRZzduR1MwOWptcldVZEQtM2MySks0TTQ4V1I0TDViYWhJRUNsM1hOVG5pd240NnQ1aDN1WllhTVk4bHBnZVcyRGxWeUZnX3J4TzBxQkI5bEVlZWJrQmtlemR3Sjk5UjNMemxtMQ?oc=5,"Tue, 09 Jul 2019 07:00:00 GMT",dialeksis.com,talent digital Aceh,google_news_rss
"Press Rilis : Organisasi Digital Nasional Pertama Resmi dilantik di Aceh - Dinas Komunikasi, Informatika dan Persandian Aceh",https://news.google.com/rss/articles/CBMizAFBVV95cUxPZEFTMEdZbmtya3hWNGFzNTN4ajZzeERyYzUwbjAtUmFYT1JSYzZzNF9JNk1CU3hLRk9US09EZW5McGhlUDgtdFpvQ183ZTVHMFFJa1F0SEJvdXZDbXZtUVR6RWRKSmhtamtDMzFtV3ZhWGFsYWY4UjFCR3M0VkdZUGtMalJvMHJOd3loX2R1eVRUdGp2N0pEeUhZOFYyandUV0Ntdjd2dWVKc1dLN1JQNmJtZHdTcW0xdVU5dXF1VFBweU1UYnFPdjRmWjg?oc=5,"Mon, 11 Nov 2019 08:00:00 GMT","Dinas Komunikasi, Informatika dan Persandian Aceh",talent digital Aceh,google_news_rss
"Fiberisasi, Aplikasi dan SDM Syarat Penting Implementasi 5G - Diskominfo Banda Aceh",https://news.google.com/rss/articles/CBMirgFBVV95cUxPbU9aaUNhcUxpd0FCTUdONE9zSHFfRmlURFA0c05KblRfa2pfeHJNNlp1VHRndDY2ZVpheHRQbkFpRWhVV1RzMklrOEYtTTh5RTBPcGl3Q3plalh2aWduM3g1dDZTVkVCaDFHQmtZX0IyQ3UwLUxGQXNDWk9zbVZLZmM0U28xMzVqVG1yc0dSbHIxSkxJOEd3TnFwUUo3bVN1dUpKZS16WnJlaDN6eXc?oc=5,"Wed, 30 Sep 2020 07:00:00 GMT",Diskominfo Banda Aceh,talent digital Aceh,google_news_rss
"Di ‘Ratu Adil’, Dian Sastrowardoyo Borong Penghargaan Favorite Digital/Series Talent - indonesiawatch",https://news.google.com/rss/articles/CBMirAFBVV95cUxOUUpBYzB6WjZ5LXFLdU5lMnhtZWhrU09QRHJzdHdBeXBiNUc0ZFZUbjdyRGVQV3NjTHAySThLTHA2YWtpdG82YUxPamZ4Ulc3UHN5cEdjc211VGgtVmhmNEtZQ3NqN0JmaHJadnFCMTFNOGppcUYzMDRrR1ZTOFpiU0ZuTmN1Y0tHYml3ZklXNWpNa0hvZ1lWM0xScDQ1SUtiTzhlMWZUeE8xU3Yy?oc=5,"Sat, 20 Jul 2024 07:00:00 GMT",indonesiawatch,talent digital Aceh,google_news_rss
Gerilya Illiza untuk Hidupkan Lagi Banda Aceh Academy - masakini.co,https://news.google.com/rss/articles/CBMijgFBVV95cUxQT1hQajNXSHNabzFhNWYwUThVSUxQY0hFeWhPdTR5emZ6S3VJQ0lhREN0TmhjQnUxdTRsLWdTU3BOZkRjMGMtY1JTLU5uODQ2RGZzZ0RzTGRQS1c5WWVmeEhvWkZTdm5LZ1U3SWZFWUVlVk9GdzJtdms3VmFTTHNiNC1DZ0JSZEJ5UjhPZ1Z3?oc=5,"Wed, 19 Mar 2025 07:00:00 GMT",masakini.co,talent digital Aceh,google_news_rss
"TTG Resmi Dibuka, ""Bir"" Pala Jadi Primadona di Stand Aceh Selatan - thejurnal.id",https://news.google.com/rss/articles/CBMioAFBVV95cUxNU3hWRDJ2aVNjcHJGSVc2ZVppYnN1RlVKMWJoOWtRMjR2TmJVemVoY0NrZW85Vm40QUl3TDBJaEhwQW1HTl9NNU5FbU44Qy1aRlhuM0tZU2hPNU5OcUdVY0pEaTJ5Rlcwc2MxcjlLT05hVmRsbVlBeTljX19sTnNLNUhkUnNKSVd1UVE3anhUMk9KVjI5X21oNW55RTNjTktr?oc=5,"Thu, 29 May 2025 07:00:00 GMT",thejurnal.id,talent digital Aceh,google_news_rss
Kepala Diskominfotik: VSGA Persiapkan SDM Berdaya Saing di Era Teknologi Tersertifikasi » - dialeksis.com,https://news.google.com/rss/articles/CBMiugFBVV95cUxOSmNnSzN0TFJHOFJQT1FoNVJMY1BrV090MEFjNzVsaWY5ZTBWLUMweFFNcEc0MHZvVXA5WG90Z0MxcGw5RE9vcnRaWVpiNUhWT0FWRk1rOUNtUzNJT2p5S09ETjlwSXU5aVBzODIyRERoM09NM1RYRXFBd0xkTklRZ041Z0hYUXRDdXNNU3d0bTVqUWRIMS1panM3N0JqeW9ldDhLNnhhZUlyckttaWxHX3lDTzAzbmdwM1HSAboBQVVfeXFMTy1yd2U5eFRydXFKLWJ2M0hMWlh5ejRQZ3lYWXpCdm9WakdXLWdBSFphT2xFaWxZb3hUekZpNnFLMFprLXlDZTEtOWZRX0pBTGZfbVEwOFlxRi0tSEVkYWNpUXFLWkpOXzZpRWVjUkRPVk93eUFwRVpSaFg5Q2hrdTNaRGxzdnh6YmM0Y3lVMnVVWVhCUmxlZFpkMjMxVG9LYnhQUUt3RHh0aFg3WTQ1N3BaSnByYmVKUHJ3?oc=5,"Tue, 31 May 2022 07:00:00 GMT",dialeksis.com,talent digital Aceh,google_news_rss
Literasi Digital akan Digelar di Bungo - bungotoday.com,https://news.google.com/rss/articles/CBMib0FVX3lxTFBaTXluNHV2OVl3RmVEdVNlb3AzTTdKbjFfMFJjNkRUUmZnX1ZtWld2TWlDa3RiWTF2b2Q2OE1ZWWtPdmFKajctQ3BQVG5hRGpkTkdkWFJpQWZaU1FqWFpkaHl5SUtsU2pNMkNzdnRUbw?oc=5,"Wed, 02 Jun 2021 07:00:00 GMT",bungotoday.com,talent digital Aceh,google_news_rss
"Aman, Nyaman, Cepat Gunakan Tanda Tangan Elektronik Tersertifikasi - Tempo.co",https://news.google.com/rss/articles/CBMipwFBVV95cUxPVlNZQjAxdmI0eS10SmxHRmxvcV9hVW1yM1RnU1I5MVd2SDFUUlVVeHNvYUdvMEI2SGEyTnlBbWNiLS1xS3FaTFY2RzhZalJqVkhyS2xRZmpDQ05ZZjlvLW9HdkplbW5mNGlON3NOT0xKZ3EweE9nZEdKbkpQWVJVbUxucUFuNmp5SGh1TlJXcFQwSk9kWmRXNVozQ0VZT3o1bnlNWFhpNA?oc=5,"Tue, 19 Jul 2022 07:00:00 GMT",Tempo.co,talent digital Aceh,google_news_rss
"Daftar Lowongan Rekrutmen Bersama BUMN 2023, Ada PLN hingga Pertamina - MODUS ACEH",https://news.google.com/rss/articles/CBMiqAFBVV95cUxPeWxIeFlzdklBZHBKVlFVaVVIOUtPdndRTVRCYm1SMTdJbzJjZHp3MnI5S3VCZjhoY25fcVJTN2lmbzVDQmNqeFc4a0JhaV8tRmZkVWJoRHdwNkdKSUhaNGFUR0ktRGNfQzlDSzZ0YllLYWlHTDJRY3J1R20yQTZ0amMyVEMyUm9LNThudF9WU1dDQUE2RTRyenBvSTRuQVltV0NwbzVvMk0?oc=5,"Thu, 11 May 2023 07:00:00 GMT",MODUS ACEH,talent digital Aceh,google_news_rss
Kota Takengon Mau Dibranding Seperti Apa? - lintas gayo,https://news.google.com/rss/articles/CBMif0FVX3lxTE1fQ2RMLU9FblFuV1BwSUxFVTJsSWxJY3hBd1JHQ0tPLWNXRVV1VkVyRXA4YkdrUEp2WmlReFBkbGh2ZWhtN1ZTZGtkSU43R3NHcmFOQ1p0Rkt1WVlxS1JvZm5IUWJ4OUUxZnRjcnFpeDhORjhCWGdzSzJxRU1HU1U?oc=5,"Tue, 30 Jul 2019 07:00:00 GMT",lintas gayo,talent digital Aceh,google_news_rss
"Skill Digital RI Baru 19 Persen, Menaker Soroti Lulusan Kampus Belum Siap Hadapi Pasar Kerja - Serambinews.com",https://news.google.com/rss/articles/CBMi0AFBVV95cUxPM0VWMmVGamFtRGt4RktpWDdaU1J6eVFHa2Mza3NMSWtkUUR6SXVoZEwtQV9zOEFkNmJDLVdjQWljM2NiQTdOWENHNnhOS1BaUFA4VFNOVm5ueEdLczFEUlJscThfSGFhMWlUcElrdXprdEdhMXZXSVE4ZTVIMUVmMFlUOGM0S3k1QW01bTNmbDE4VDZ0b1g4MThxV3FvZmVCUzRseHlpU19kU3ZBY21TZFlqcHk5UWZ6X0NiRlBZeGlpekJ0bXhSeG8tb0N5YThM?oc=5,"Fri, 26 Sep 2025 07:00:00 GMT",Serambinews.com,talent digital Aceh,google_news_rss
"185 Fresh Graduate Raih Digital Talent Scholarship di Unsyiah, Aceh - kumparan.com - Kumparan.com",https://news.google.com/rss/articles/CBMirAFBVV95cUxOcVFUdEtTQ3lTSURSY18tcXVETkhxTG9yTm5pdGFZcWdObGRyamZvYU4yak1KZ3o5X2xDcmlTRWlJcDJ1MjlrN3htQnA2U2U0b2tMTXpfY0Z1YlcyVVNaRU5VNkZSRXNicUEzUkZtSXplRmxmWW1hT0ZaYjlRd3pxUlVUUURTemNDek8tOUMtS1kxbk1Zc01LZ3RVTnZfYmxKcTN6dlM3bEQ2eUth0gG0AUFVX3lxTFBXRUY0dUQ4RkZJWEg2eE9WWWNsbXdnT0ZTT19OS3lIQ0tnR3VQUGpGeFVEcmNmeWtrTEViVHM4QTZ2ZE9FeW5MNGcwSFBrTjR0d2FGWGs2WEhNelRxRFRlX185d3VvZURVX3N4R2RPV1NuNC05RG8xTjBYT09ValI1eXRxbE01dXN4QlU4b2hqTXVnd2ttcS00SEEzVENHYUhIUmR1eWp3NXZvejlTcUtMamlpRg?oc=5,"Mon, 08 Jul 2019 07:00:00 GMT",Kumparan.com,talent digital Aceh,google_news_rss
"Bertemu Wamen Komdigi, Illiza Minta Dukungan Pembangunan Banda Aceh Academy - Pos Aceh",https://news.google.com/rss/articles/CBMimwFBVV95cUxPN3dTOENNcGFMUmNNRDBfWmVkdjg5MmNkNmc2T2NUdjBldzBUOXVzRFlqdXJpM1FDRjlrbHdKRlROdHoyTF9fZURMUVM1d3Q2T3pad1ZFUkx6dVczbzdJTmRKOUhSSlZtc05yWHNETGRhX2p2dmtxZ0dWUWowdVlHZENlSXRTbk5femt5NFlfZ1YzQUhpSlFXRmhSOA?oc=5,"Wed, 19 Mar 2025 07:00:00 GMT",Pos Aceh,talent digital Aceh,google_news_rss
"Siapkan Beasiswa 100 Persen, Binus University Buka Kesempatan Calon Mahasiswa - RRI.co.id",https://news.google.com/rss/articles/CBMiuwFBVV95cUxQRTloREg5N2RnUHJDejBzX0djSXZhOWUydENXWjJWdHdFV0tUOTRwa0RnT0Q5cGk0bWVyT05UdFd3R3VGYk5pVUVFcE41ajFkTENUV2tFNXhmVndjd0syU2JtYVp1R1F5NXpLNXdLbVRGTmVMNVBGNzBBdzVOeEZidnh4cHpmLVdXR2R0MDNCaXFtbUYxZTZYZ0hILXVVNlNuQlpKZnBycVhWMS1PeXA0TXFKcTVKdWpfVFNN?oc=5,"Wed, 08 Jul 2026 07:00:00 GMT",RRI.co.id,talent digital Aceh,google_news_rss
"SPS Gelar Rangkaian Acara HUT ke-75 di Banda Aceh dan Sabang: Dorong Pers Maju, Sumber Daya Indonesia Melaju - Riauterbit.com",https://news.google.com/rss/articles/CBMi3gFBVV95cUxOT3h0aFBlWDhsb2Z1Uk9kWFlmbU1keGVTZmRoci0xeXlkcGliVE1hSFotaDNwQldVOU5SUlVET3ZuTGdDUnBLUXNGWFdZeEtjMW9Ndnh2Sk9zZGpnQ2hNSHV3RmUzeWtoNm5xa0h3bjkyZWRrOFFXT3pCV1dyRDZJSU5NaXZ5a01xUllZU0hFR1ZpX3NKQjdlUk9hSExUNFB1dVJ6T0lqZUNKZ2N4c0JwMkF4TE1pVU5vM1l3bUJtZUwtNFBHMW42WjZLS0Vsa1V3SzZ1QXZDVk05SVNXU1HSAdwBQVVfeXFMT0RBdlhNekdGTV95Vk5GWHJDd0hCdWRJbDZXeElVSXlGNW5KY3hEbWJfZFB2SUZVRFBUTnJjUlQ1Vng3ejdHd0Flb3lZM29jV1phby14OHg0SHFrVWZhcGZnc3hLcTBrZGRST1R1WXg3TFJ0OE96Q1V3SFI3VXZfb1FWT21ndk1TQXJVRXFhUXZJY2tfUFdtc053UEZfbHd6Z1NqMVdxQ0JuU0pIWU1GTGZNTGllSXFuWmtGZ2txbFh2S0t5Z1F4ZU53TVBsallOaEt0S3AyRFVDM3dXZw?oc=5,"Sat, 18 Oct 2025 07:00:00 GMT",Riauterbit.com,talent digital Aceh,google_news_rss
"Telkom dan Alibaba Cloud Gelar Roadshow AI di 5 Kota, Siapkan Talenta Digital Indonesia Hadapi Industri Masa Depan - Poros Jakarta - porosjakarta.com",https://news.google.com/rss/articles/CBMi7wFBVV95cUxQaVRTZ0p3OFM1YzNJYjBIbEpFN2YtV01fODE3ZExSZUlHcFl0Mi05cGJqSWV3QUk0VHhhVnhOVGw3LWhobEFRMDQtQWR4YTlyTWJuaUhPaERJUkJqM1pzbE1XUTJiR0R5UjlNVzRlRzYxaXpwZ29oM3pNSUxYcUROenhyVHp6Qmx6SnVzc2liOTU0T2Q1c1NUZHI1YTZjY3djeTJibWFYa1RPM1lUTUR6Z3dFZGU3cHY1SnhXZlFCMmFGaWEwVHo1TXR4SGFqX3ZoVHZlWVduMHMxTWlpMk5DWDU0dko3SnV5TTM5NnR1UdIB9AFBVV95cUxPQ3JOWWhJb1NjUVNoTXR3VHdOdGI1SUh5cndUZ2lMSjh1UllMZ3NUU19VeHpLbW9vMGNYTTU3N19RaXFhZ3lIMUQ5SHE4UEhnQWdUMUFXUHU3dlBmaUZOdGo4WFgyOU9RRjJvWlc2eUJhVE9wVUZQZjBMSmtBSmxDNFVHYVd6YldVRkVQOEQ0WHJnVlo3cW4zZEQ1ZDZGVGhmWThJZ3ZXaWZEUnJneVlpRm85OEZ5TFpJOFR5MGZRVUJnMmNtSmZMVVREMHQ1cTVPd3loZk5NdUEwRFhRa3Z6cVVFeVV6UlJOWXh5V21KcVBJSUtp?oc=5,"Sat, 10 Jan 2026 08:00:00 GMT",porosjakarta.com,talent digital Aceh,google_news_rss
"Garuda Spark Innovation Hub Perluas Jejaring, Hubungkan Inovasi Daerah dengan Industri dan Pasar Global - Akurat.co",https://news.google.com/rss/articles/CBMi1wFBVV95cUxOQjBmVVp5OXMxT2V0WGpfcGdaUVNGOEt0eHRKX0hsd2tCMXpmVUNhUXZLU2owcXdRQkYwYlcyZFRBTWxtV0Vna3hoSDZtUkhfTzlxTUJFNkpES3pkQmtnQnozblZLSDVGaXdPNnhBRnBSVl9PX1FBTjU3RmlzYVlfRVhtWjA4TWFTYURtdVM3SDZ2bUI2Y2JqWXl2VXlZeXlCcDZhaE13d0VYeU42MFVVXzVCNDdyQTZsb3FvcXRpUHItYzV0ZkUyNUtBUzgyM2g2aHh4WkdXYw?oc=5,"Fri, 28 Aug 2026 14:51:36 GMT",Akurat.co,talent digital Aceh,google_news_rss
"Rekrutmen Nasional BSN 2026 Dibuka: Ini Syarat, Cara Daftar dan Linknya - Medcom.id",https://news.google.com/rss/articles/CBMivgFBVV95cUxORlRZNWpBQVEwX3JfZEVtcXZYU1FxcXI2Z1FhX2hibHRTRDBaT21OMWZSMXJKSVVFdGEtWlZEc0h0VlhsZUF0TnJnMk1OOVBZOVNvVXBYcXdUd3hHVnFqanYyNl9UVWMzclA2QnBiLUNNT3NCWXVrbWVCNWtFOUxuWUkxUEZQT2VVdjJUZkZuSTZTVWFfanhLYXF2bFlmZHU3ZzA5bGNaWmx1b1BSUXZ2X0lZaTRBbThUbG1uODZn?oc=5,"Wed, 11 Feb 2026 08:00:00 GMT",Medcom.id,talent digital Aceh,google_news_rss
Developer: Kebijakan Lahan Sawah Dilindungi Hambat Investasi - Tempo.co,https://news.google.com/rss/articles/CBMinAFBVV95cUxOSmlfRlUyNWFFdnVBQ3B5ZV96cHIyNENRMGxCNm5ZSklFekpYenV2TGwtVEN3UkhSS1B0MUpSLWdDRmlPOHZVQzM4WkN5b0FkSFl3akdtYTNsMnhXV3QybFJhSVIyQjREdlM0SWJZeFFOYXg5WWJUWExmSTVRSGg3X01BRkVVQkxTRzNfRVowWWVFd2NWd2loVk83b0w?oc=5,"Tue, 14 Apr 2026 07:00:00 GMT",Tempo.co,programmer Aceh,google_news_rss
Aceh Film Festival 2025: Layar Tancap di Gampong-gampong serta Ruang Apresiasi bagi Sineas dan Pelaku Industri Film - sinarpidie.co,https://news.google.com/rss/articles/CBMi5wFBVV95cUxPcnpFNEcwRTFoYVFmcjJYalhUR2xTbFJKT1g3TEM4Q0FkOHh6M1ZZcXhDcGhXZUNXUmE0M1lBczA1dUJ1WnBoMFVhcDNpVEZUNmRmSU9ZM18xaUl6RWUxT202NGZYUk9UTnNaUFRjbXRNN2s2S0tmc0d3bTNSMjcycWRxNGgzbEhuaC1CWUo1LTQxOGYxWXBDZS1jQ05QRHlUM0pTSEtNemxlaHhrc2JadnFwTDNJczVxMkdnM0lqV0p0dEZJb0ZKN1JaRDg5eEYxRlktQkh5X2o2SHE3SUQ4dkhlLWZLYkk?oc=5,"Thu, 11 Sep 2025 07:00:00 GMT",sinarpidie.co,programmer Aceh,google_news_rss
Nayla Muthia Ramadhani Azzahra Juara I Anugerah Kihajar Tingkat Provinsi Aceh - Pemerintahan Aceh,https://news.google.com/rss/articles/CBMi0wFBVV95cUxOOFpZSk85ZUZsLTkxSFlWclVWSEFxUGFTejNpcnF4TVB1X0RqVUFmeGZlWTQ0NHVaUERXc3NQcHJ0cmpaS190YmFQeGRfYmdob0hjcDZJRTF6aXpqREVfNHFiLVIyRkRIZHdhYW1yLW1PcGtiZzlqRmZoQWQ1R0ZWN0ZLVlQyMGJUVnNjRnVYR3NQODg1cXpSeE9CaHlqS3lrRXh4bi1tN2VUWGI5SDl1TFdQdDZPQUx3eGpaZjRGNldZb05wVFBOMGpfZmxEVG5wYXVj?oc=5,"Sat, 03 Dec 2022 08:00:00 GMT",Pemerintahan Aceh,programmer Aceh,google_news_rss
Ini Penerima Apresiasi Madrasah Berprestasi Aceh 2024 - Kantor Wilayah Kementerian Agama Provinsi Aceh,https://news.google.com/rss/articles/CBMijgFBVV95cUxQR0JyeUpHN2h2SXJpR1NEcFZwT0otdnBKS012ak1YNU1CaWl2RC1Lck9ndGdpNFE5UGt1QWlTRUQ4LWdrczJHdVFmREViXzlsamJHNFBxWDljMkNsbE1JVVdPazh4YTY4WWlPYWsxVFN2QXdPMFRLMi1kcV9aTFF4LTM2R1ByeGxCcE9KZm1B?oc=5,"Wed, 22 Jan 2025 08:00:00 GMT",Kantor Wilayah Kementerian Agama Provinsi Aceh,programmer Aceh,google_news_rss
"Kuliah Sambil Bekerja, Kisah Programmer Wanita Lulusan ITB Henny Alfianti - Institut Teknologi Bandung",https://news.google.com/rss/articles/CBMipgFBVV95cUxNa2JDS3BscjdfWnF6QXZGaW5QNXJFVjh3M21UbE1LNW9ual9pVjlxT283QVpCTlFxd3M1VU10QTNWRElWTW8wVDJSZ1V1RmQ3RTRUc01mMXRrdG9lcW1qSmJTcUlvbW5IaW5wMmFXeDhoei1DUUxSUEM0WXdkV2prVXozN25hLWpiSE1fNFhFYU5SV0JGVkc3NUswSThGZkdoR0lMbGJ3?oc=5,"Thu, 04 Apr 2019 07:00:00 GMT",Institut Teknologi Bandung,programmer Aceh,google_news_rss
Programmer muda Sumut-Aceh bersaing di DILo Hackathon Festival 2019 - ANTARA News Sumatera Utara,https://news.google.com/rss/articles/CBMirwFBVV95cUxORUN0bGcxZ2ZkQUFZUnpVYWUtczQ0NHpwaTFRd0o3dEFzSGVJT2lKMTNKcEFFYlExQW9Mc0J5T0lqRzNScHItQ05JaWQtRUtSd0xKTHI3a3NMWW8zTDVteHNKZzFnQnA2RHBIVE4xajV0ZmJRV2ZINWlOaEl1d0l0a2pPNXE2akxIbnJQTV9fZkxpM3A3ZUw1OGgyOGZqSnBHTURkdGlWY0NPVGREcWYw0gG0AUFVX3lxTFAtWGpIWk4zeEYzRk8yZFN5MHhFRVdBOUxpRGdCYWZKTkJqUkt6bUxLMldaNEZlSzd3M3dfVU94My1wdU1wTGpfSXk0NVBPdUZSZnBURHlSQnJCN0tvOWJUQUZqQS1Gdm14UHozZDNFUmxGRlE4UG00aENFN2RtUVZxcVZfMzNoYllLcnVTV0sya0hfOG5JS3EwckxsdW1ObWhGZmlQN2pWcE5PRTVuZkJHczg5Nw?oc=5,"Sat, 24 Aug 2019 07:00:00 GMT",ANTARA News Sumatera Utara,programmer Aceh,google_news_rss
3 Kaliurang Festival Hub 2023: Sinema Pasca Bencana oleh Aceh Film Festival hingga Rumitnya Mengurai Konflik Sosial - Universitas Islam Indonesia,https://news.google.com/rss/articles/CBMi4AFBVV95cUxNaDFZRmQ3ZDFxa1JYZEFUb3BrQ19fRTdINXlMNFBYeERMWktuZDVZZlhEWFdmNGY5U1pMeGJxMnZVU3ExcXlhbVl3bVJ5SHAzOGdwRWUtWTlrblBrSE5pWjdSelBOeGVuTk5JYVduek9pS1IyU3diSDhGbXB0eEdaNjc0QURoUjFmbmxMdDQ0Tlk1VTdUS0R0cmxGMVNNWGxESnJ0T1FKUWdPd1RVYW1IdFJxNi0tNUFBWXZ6d0x1Q0tnMWs0UldyLWxPeElNRUtWTl9rall1SWNxX3RiN3hsWA?oc=5,"Tue, 28 Nov 2023 08:00:00 GMT",Universitas Islam Indonesia,programmer Aceh,google_news_rss
"Oknum Petugas Pajak di Aceh, Manis ke Pengembang Tionghoa, dan ""Tegas"" Kepada Developer Lokal - aceHTrend.com",https://news.google.com/rss/articles/CBMiywFBVV95cUxObEdnTVdrRUR5VHpZN0F4czNvN19YeGFOM2xTZko3bV90ZDE5V2s0SHNlVGNkRFBINXdWb1FNRWkzdFllV1REaWNvY1dILWRHN3FzZHhuUHc5cWZEeHgzLTVORks5ZGhpTkZJY2ZDQ1lyTUoxSWd0OXJVUDVlWXZuR1psVXpZaVRxd2VqcUJyNWJkLXUxUzN2Z2JrX0I1VEpXS09oTUZDUGFqd2p4bTVCRW5IREZiMjhfY25YTFZWZXhRV29USHdqdV92c9IByAFBVV95cUxOZWwzVGxid3Bsdllra1VOQW5nOWN0MDlEaDI3VFFuWXRKV1A4Sm9lUjNZbWpyaXNWdXpLcExhUEpIT2ZmNmhtblh6bzdWenNNLWhhTGw5RkM4UGlPajdodVhhTTJVRWFVVzVhWWZ4aXRlV1RXNDVyVzEwcDdHYTE4TEN5aHJBdFo0WTRYS0NnbDdxWFRNSlBzZTJvZjZhM2dQWnRaX2NXVFphOVVLQ2JKS1VYdXR0eUJTSFBoQ3h6U2ptRE5va1pfeQ?oc=5,"Mon, 15 Nov 2021 08:00:00 GMT",aceHTrend.com,programmer Aceh,google_news_rss
Membangun Infrastruktur Perfilman di atas Puing-Puing Kilang Minyak dan Gas - Pikiran Merdeka,https://news.google.com/rss/articles/CBMisAFBVV95cUxNbnZ0dUNpRW5pZWF0T2hnMVdZeXNXcjFHYW90UEg5MkpScngxNnhOQjNRdWNQbkVTdTdhLWJsM2VzU25DV0hjQmFLWXBabnZ4WnZNckpXM1JCUVh2ZDdPSXlFakxWUG9UWFVpc3FJbENmVU9ncmVWWWY4bkU5T3ZnOGpWa1dBTTZaZnF0eV9IcXIxY3l0bHJKSWlHbUNMSUlldzZ6UlFWOUNhMmJMa3hYNdIBtgFBVV95cUxNTVlvLVJacTBEUzV3TzJqTjIzLU5BQmtDa2pNNkw5YjZLQ3dMa0Y3cEVOWVVyNEFSbzMzck1vSGs1ZzJOXzBOMW1PVTU0LXdzcWJRSmg3ZDZRS2JGSlJJT2x2TW5RSlVLVUo1QWlNa2hnOHFoZERzSDdoLVE0TlhkN2JkMGZRZTdMa1Zaa1NrWm9wM3V4SWtBTXBkejJLVmpKV1B4LUlkaWFGWjgyY0pyejltYlNtZw?oc=5,"Thu, 22 May 2025 07:00:00 GMT",Pikiran Merdeka,programmer Aceh,google_news_rss
Keuchik dan oknum petugas BPN serta developer perumahan serobot jalan warga Lambaro Skep Banda Aceh - Popularitas.com,https://news.google.com/rss/articles/CBMiywFBVV95cUxQWUxZUExIRXpvM1B5b2tBcWd6RFpmSXoxUlNUdEZ4ZTZLSURHcWVNQWE3R2pFd2duNlBKRUpBUFMtZHJ2LXZobnp6bHp2OFozSmhNeGpLdWYxdlFSVDdCTzJPWHJ1ZjRuM1lqQ2FWYXVlMzkwS1RMbzcyclB6aTZoRjR1bzBJcURkeC1VbTl5Tk1qOTFTVkNITUZfVHp1SS1Db1pBWWU5SzJZcnVfWGtZZGYyZUZZQXI1a1VOMGdfai1DUlhlQ1dkckpYVdIB0AFBVV95cUxOb0NjVGxEbndFMEE0VC1wRnpBbEx6Y3pnQ1gtc3V0N3I5VmdoT0JZcjg1X2hYeVJ3SGljdkF2cUVjb2pPbzd1NlRyNVBSNk1rSHJSekt4d2wtMm4tT2dtNVRZX2ZDajVvQ0ZUeWtyY0FMRVNNYUtOd3RkWHNpN0FGZ19sdE5FOUppZjJ5N0NtR2VNdW9hSWNjQUFwLW9tclJuRXBubXQxS1VSUFdrZC01MTBRSGUtVVVIc0JfQkVmM05lZFIxTW10cUM1NWp3M24x?oc=5,"Thu, 18 Jul 2024 07:00:00 GMT",Popularitas.com,programmer Aceh,google_news_rss
Pengembang Usul Bank Konvensional Beroperasi Lagi di Aceh - detikcom,https://news.google.com/rss/articles/CBMiqAFBVV95cUxNbWU3LW1POHBQRkpmZEdpazI2azRvYkxBZVJxS3NMZkhkTndtMmgxTkdDWnU0LS0yMm9lblhYYm5PSjVpWXRzUmdYTzZXR2VTOXlHV1VjQW1SY3NWM2JJQ25mbzlJeXJZLW9fclg3Yks2SmZoZkRTYmJwMVdqcW1seDdoN3lpOFVIb0JXS2ZnWjFwT2wzZ01ub0k4cGJCMzkxSzllSVo1UVLSAa4BQVVfeXFMTkdIQXU4bWlrdlR5ZFBXTngwa2Q5eExDc0ZnSkItY0tZa3kyV3Zfd1Jva0pWRVhtZ2VaYk1uSGlMckFfSDJ3QWtVX010SnNxekE3VVc0MWYycHllSXdZeXJaMTBQOHZDMHZFbEktR1QwNlp0d3F0MXF3aUExT3JMSjI5X1Y5eFRTZnpFelJTUTRfSlhReDhFcDNxRFEtRC16V2JsMzRnSkZVS2I5NFlB?oc=5,"Mon, 22 Jul 2024 07:00:00 GMT",detikcom,programmer Aceh,google_news_rss
Dua Programmer Diskominfotik Banda Aceh Berbagi Cerita di Bhayangkara Fest 2024 » - dialeksis.com,https://news.google.com/rss/articles/CBMisAFBVV95cUxPVVFpcU0yLTdRendFd0dkU2xEVjRLbmxCU1JoQzVPWF9kNHRFSlVVR3dOZG9iMTFSdnpna0UxUUc2Y1A2d1Jucm12SVJqOEQ4TlJueHZMXzdwVVhHZkZxM3N3OHdxcE1PWjNTUW82WTdWaDRyY1hONDhod3B1dVFSQll1ZWRFbnZwSzZmeV93cl8wWXFVZDJBRXJuei04UlhTTy1iQklNbk83TkxjLTlyZNIBsAFBVV95cUxON2hsTEl1bldlc2RlX0U4bThHdk5iNUNoLWhCM0lhOElMWmVZdnVyWWNlUElsYVB1VEdKWExSakI0SU94ZGlBaEM4SUsydEZ0dG85MWM4d1pkMlIzVjdpaGpVMzdjWWgzSmlDNkJOWjh3Vnh4UUVVZnZZMlZsWkNhSlFZb1dJcDVsUDFJaXotUW0wSk9FeXE0VjJOOWNtVzJDcktyUHJBeGtvWXhHdXd6UA?oc=5,"Mon, 08 Jul 2024 07:00:00 GMT",dialeksis.com,programmer Aceh,google_news_rss
Aceh Film Festival Adakan Pelatihan Programmer Gampong Film di Pidie - sinarpidie.co,https://news.google.com/rss/articles/CBMiqgFBVV95cUxQNjJoMUZDa3ZpcUZMZEUySDR3ZTRoeUdXQ3ZZMkJtQjJ3X1NnNmFrRVRUcG8zV3VYZkNESE8wUURmTGp6Uk1hNmNYRWRGYU80T1ZQM2x2dlAxWTFjVi1hbEpBOFdVR3NzTHFrMHU5VXhpdXZCZW5vU2c0UVNlaXE3ckNWbGFXTHMzal9JX1Bqem9IQjhNeHVNUWc5OEZtaDV6QkF0YXFyNHhZQQ?oc=5,"Wed, 14 May 2025 07:00:00 GMT",sinarpidie.co,programmer Aceh,google_news_rss
Sandiaga bincang-bincang dengan dua pengusaha Aceh beromzet Rp20 miliar - ANTARA News Aceh,https://news.google.com/rss/articles/CBMiswFBVV95cUxQMjBhMDJVTnRkdzJJUVlhLU5yREh0YzRwaDVjcGVZY21NOWd0MmtUWUd3c1h4dUV4VVZJcXhrWkVoWjRwOFhzQUJPN3JTa1lKYjJna1diMkVjSnVPelZMU0xVY2g4WXNaeHZxeW1QWWt2eGFxdUd3bW1lV3k0eDRzZ0xobnFwYndtWmoxd0dKb3MwV0ExVDFtcUZKaTNjbWNFazlGMkdBcTh0dXdNT04wUE5ZNNIBuAFBVV95cUxNTGpfcjdXWGw2Rkp5MVZYUDZkSjh4OVk1d2JqeE5fVVo4SFBnbVA3emt3UzJnV0lpUVQ0VEktTm1UeXVpLW1ZMDkyUm9yUFROLW5XZmlCek4zb2FoOThGSjZxVGF5SERFd2QxNDBJR1Y0NVphRlJ0TFhpaEdPM2o4Y0N6S3RfX0FwZ0liaG5ocUh1dUVqNGJIZ21NRmdPbnNhUkhTdUZLVU1Gb2gxRkxwazdORkg3SUZJ?oc=5,"Thu, 04 Aug 2022 07:00:00 GMT",ANTARA News Aceh,programmer Aceh,google_news_rss
Mendikdasmen: Mapel AI dan Coding Akan Diajarkan Mulai Kelas 4 SD - Tribrata News,https://news.google.com/rss/articles/CBMiuwFBVV95cUxNX2dBczJoNTVidDluVERDOU9ta29Td2ViWHZuSkxMV0JJQXdZdnY0QzRFWVVPdlAwYU5JcU5uQTU1Q3FxOXpUNHRUWVdhSU9laEdFSmEwNnVGSlZXN0w0QmJxWXd0WUYtSlEyc09YLXcyYmlOZEp4VWhRREp5T0I2bGUwU1l4UldOVlFyYkR5NWJUOGlfck9ITnVuT3kxX0tYemllZ1dMb0VpalBOcTgycTlYQVZOZ0k1dWVZ?oc=5,"Thu, 14 Nov 2024 08:00:00 GMT",Tribrata News,programmer Aceh,google_news_rss
Pemkab Aceh Besar dan USK Berkolaborasi dalam KKN 2024 » - dialeksis.com,https://news.google.com/rss/articles/CBMiigFBVV95cUxPY0Q1M0d1UWsxdlhDN28wTUtnM2RINWdtdFY1RnZfdEhtY2VibFEwNk1uRldLZkdxdXBjbVFtV1JvemNiQ0Y5MVNiUWp5V01jNUMxeG9zNjlzN2dOUHNvb3BwcnRSc0F2M0JQWFRROXVqa19SRE5LMUtldXdKek9zUkI5dFhMMkVVT2fSAY8BQVVfeXFMUHVzZGN4cVB6c2hJMjB4Y0toZ0tnUzN0OGEwX3ZpQ0lXSWlOcmZBbVlIRFJBR0lXXzd2RnJwRGtUalFvMjRia3hBVUNFZnFvZU5ldENvcnY0aXktMlRENkV0RUtKXzM2clg4ZVd0QjJPNmNmODRXOFRoZmhxc2t1UklpOXpVWVdFY2YzcldhNzQ?oc=5,"Tue, 09 Jul 2024 07:00:00 GMT",dialeksis.com,programmer Aceh,google_news_rss
"Merasa Ditipu, Warga Laporkan Developer PT Khan Banthara Aceh ke Polisi - theacehpost.com",https://news.google.com/rss/articles/CBMirwFBVV95cUxQMkRZekhSb2hJQk5GaUxSZ3R0TkZ0cHJQeW9GRUpDeUdoNmpBQkFFTlJkSTFtcWhyZWhsLWhWSWFGOHpFdlJmS0NsT2d0ZTdDNnREamF0MGttR092MkhmRFUyaW9Fd19HTGgtbWNfbGttZFRFenNISXNuT1RvUlJpbEJBVkNnNGNVcElEMzRGalVBSVpPTDNaaU1UM2ljRUJYS1JsUlhFQ3ZyWTJTb0VF0gGsAUFVX3lxTFBTaUFvYV9Qa2NNV0x4MGJ2a0RvVU5WUXVUR2pDSUd4QUZETXBKa3I1QUVIYUJfMzJVVmZDWW1Fa0o0bmk2YUdoOHhHU3U3OTk3VG1HU1h5ZnRQNGdzVmM4M0tKMW1wWDN3M1JYazF4XzZPTDhJbWtGQTF6eXJzN1hnSnZaUk5ZY1ZZd29Pc19VdjljbXZXWUxLdzE2ZXJvcjdlV01WXzFzdUtPWlk?oc=5,"Wed, 24 Jan 2024 08:00:00 GMT",theacehpost.com,programmer Aceh,google_news_rss
Filmmaker Aceh Menjadi Programmer Pertukaran Film Pendek Indonesia 2021 - masakini.co,https://news.google.com/rss/articles/CBMipgFBVV95cUxPQ1R6bkl6am41bHg1bFd4M2xLWGh3aDRvSm1NMlJBSEJaVG1wODBTSm5DNGJ2WlBELWxtV2hSQXUwTkNJNmN5TmxqUnZReHZXbG1yZXd4TGNfWlVEeGs5ejFqM3J0amItWGJkSzBSNDE5dHNib2xDbTFPRFpKNzhsM0pZSGtzM29FMG5VTjRPbDc3azJ0SF9oNXU3Y3BQQXlkTjFaNDdn?oc=5,"Tue, 02 Feb 2021 08:00:00 GMT",masakini.co,programmer Aceh,google_news_rss
PT Khan Banthara Aceh Telah Selesaikan Polemik Uang Muka dari Klien yang Batal Beli Rumah - theacehpost.com,https://news.google.com/rss/articles/CBMiyAFBVV95cUxPdk9kaFI2bjR4YTFsVlhzLXFNQ0VkYWZPejJkUTFVVlE3WEJLLThtaEE1U0dhY3h2VnhXb3FNdy1mV0pocFdwanNxdkJrNEFzTlQ2S2t1ci1YSG95MGtmUGdSZFpKNGVxUjhNS3h5NkZ4Z1hwWmt5OUFmNnoxN3ZCWnhuWWw3T000ZkhVbEl4akw5N0lLaVFSNld1bG1RaXRvdFJDcjFmOFBWZlV5YUNwb2ZrTDNfMmxSSXlvUU5uVnpsVzJyeTBPMtIBxgFBVV95cUxNTWZuc0xNX3phd2Fyb3AxRHVuMDVFYm5wajktbmJUU0xwU3gtQkRyZm9Ta01FODJ0SG00aXJpZmRlUTdnN3pSdVp1akpWdWFXOXR6eDVfNXJiUENsNjBuY2xfV0FBZDN2ZmxDamxKbjE4LVNjdEo4MmRhNWRyUVRQbU1aVFAtWUhxbEcwUEw0eFNhSkMyRXNqS3hYWTBSemwyTEJGa0hjTHVmZmNxVU5EaGpUWF8wbjgwTk0tZ0VXNGE4bDlKZnc?oc=5,"Fri, 14 Mar 2025 07:00:00 GMT",theacehpost.com,programmer Aceh,google_news_rss
Asa Tuanku M. Athaya Membangun Mimpi Jadi Programer dari Kursi Roda - aceHTrend.com,https://news.google.com/rss/articles/CBMirAFBVV95cUxPQU14UURLSGxzd0ZQc2R0WEhDTkU1eUl3a1dWdkJKbE9ZQS1waDAwLWtxNVNYVUs2WGZROENXbXJOV3lJY09qcUo4aDQtN3MwNndlWmtUTDQ4V1l5OGRGT0ExZTMtVkdRR2haZFh4NlktUnJOblBjTWxHV05iNE1hU1NwaXlvdVdvTXlhNmxyTFc4NmpvenRqQklxNlpFOElpMzRjVU9vdVZHTEVN0gGqAUFVX3lxTE40X0JyTnhCU09CamZyVTFPVDBIaVU3TUVvbk5pUVlzVUwwemh3TTdVNEtIRTE5R0c2LTJORTh0NXVJZ05QWUFBQk15d3BvZDQ0b1NlYklFbVZTUVVJaHNKVUpqVU9NTEd3N0MwendNNkJDNWRYUlVPbVU0emNGQ21FVmNoYkJua2lVV1BkNE5ncGtYdndrNm9DZHBaOGpCSW1HRFlDOHk3blpR?oc=5,"Fri, 30 Aug 2019 07:00:00 GMT",aceHTrend.com,programmer Aceh,google_news_rss
"Bisnis Properti di Kota Banda Aceh Meningkat Pesat, Rumah Subsidi Paling Laris » - dialeksis.com",https://news.google.com/rss/articles/CBMirAFBVV95cUxPS0JZa25KUlI4aU15RlNodzVBTjNkRUxZRFRjZkhHLV9VTm1RcVFNN0xqTktEdWd4dy1KZVhZeU9nV0JNYXBWbGh4OWx2Y2tUQW00aWVWZFpkQXdNbVpybkFCcGFRa0pvUjVVS01qTEdVVTdFTHk4a20wNEEtV1dVUms0UlRMUE9tNGl3SmxFMHJTblF6TnZoR3p0blJuX05vNGNqZUZYMy11cVNQ0gGyAUFVX3lxTE9ab3M0ajJzSDdxOWZTS2pBZVlMN25yOVBfS0tXZWZucVZWNTdSdTZEbE9PanlQemRVemNKSXctaF9xMXNZR2J0dXJ3UHhtWHF4TW84TUNpWVlYSC04X3pwdHFmQ25iT0RNUDZKMlpDM3FXVDlBSk82amVNQl8zal9NU1BuREUtTFZnOXcxdEhndUtjRl9nMEs4Z2hhZHMxMDBvYVVnUlRNM3BtTUJDdjRLUVE?oc=5,"Wed, 29 Jan 2025 08:00:00 GMT",dialeksis.com,programmer Aceh,google_news_rss
Festival Film Kolaborasi Aceh dan Jepang Hadir di Youtube - Pikiran Merdeka,https://news.google.com/rss/articles/CBMimAFBVV95cUxQdzlOVlZSNFM2ZG42ZkZNUTVoV2VnZUt6QzJkQ3YwekVwR2stazAtWXBsdzBqaVNjZVFyelU4VzVtMUxaZ1hmLUZUc2phR0hTN1dwNGpDRkhRdDZmMTBiY1ZuMUk4SkxRZzhOWnJEXzduZlUtQ1FZMlhZaTdVbFJpM01ycTVkTEUxLUlpc2M1eFluTzlNYnU5VNIBngFBVV95cUxOQ1d3N0hqYk9zOExIWXZLTW0tbHhoTm1SeHlOOUxYTk1QVkhMNUJCQTNYZktDQ2pGc3NCWmZGWFN2NE15Q1Zzb3FGekhfcmVNSHVMajVnM0ViMU5pOEZiUi1nWElwdURRc3JWR1A2UkVmXzl4c2QxQloxb2JJT3RMYm1xWlR3NU5fbXdDVzB0blFRSmRYWkpObzJfTnR4dw?oc=5,"Sat, 07 Nov 2020 08:00:00 GMT",Pikiran Merdeka,programmer Aceh,google_news_rss
Pengusaha properti Meminta Bank Konvensional Diizinkan Kembali di Aceh - Mercinews.com,https://news.google.com/rss/articles/CBMipwFBVV95cUxPTWtKa0czdUdqcldYbF9DX0lQVS1ZUF9FUHhCSWNBVC14Q3BzUktnNGRWVDR0aWJhellaWFVNQTN0anl1cFdYaVdPOW1VRDZHbHhhREhKSjZNck82ZG90SExGZWNEX0VFUnlUcjFnSWQ3VmVHWXFRX0tFekpSMHZMV3J6QXRtSkg4SEd0djZkcXZRZ21kbW9Ob2J5Sy1HQlVfamtaUkxYVQ?oc=5,"Mon, 22 Jul 2024 07:00:00 GMT",Mercinews.com,programmer Aceh,google_news_rss
"""Toet Karbet"" dan Ingatan Kolektif Masa Konflik - aceHTrend.com",https://news.google.com/rss/articles/CBMikAFBVV95cUxQUHVqNTBVSkFBWXN3MXFpcXR5TkhxamQ5eDdHNHhTZ3QzUm1DNjdmUzQtMm8wSF94VzBsV3MyZHBmNDJCUlNZejNXN1FmeXJzckJ2SUpubzA5WUd4ZXFCQUx5eW9ZY3hWdzZpazB5eTJCTUhfcjFuVFJRYjBoYXd2TEV0akpPMkxRMjFRdl84bGjSAY4BQVVfeXFMTW51TjlYMXp1bTd4Zk50RWpyc0Z0ekpNMzFQZFBBMmQteGJlZWJvSU5DYWhVbTlHOW9vWW1oX1hVdjNOMmZ0MDJxZGpWWUl1UXY0U3JZQnVvMFlxN1ZhVnRha2xWSVdPLVpMSjFfOUwwYm9WT1RwRkFoS3MxNUVYNjM5eDA1NEh5akVMVWlxZw?oc=5,"Thu, 06 Jun 2019 07:00:00 GMT",aceHTrend.com,programmer Aceh,google_news_rss
"Aceh Film Festival 2025 Resmi Ditutup, Sineas Muda Raih Apresiasi dan Penghargaan - Pikiran Merdeka",https://news.google.com/rss/articles/CBMitwFBVV95cUxPM3lia0Y0SDdibXdid1JFY1BlaFhkWnNaVU1vN3VvZy1SRTduVmZGOXVNQVhPNHNhLWN2aGt6TWhYTHJlRi1YUEhIRHh0Q2RXTi0xcEJWbnliRm5UTjBBMFNBd0dIdnl4MU85X1R5RXU3UERSNGtIWVh0VVZBTXN2ZVdVdkR4UWVhUGRmSkZCa2d3MXpzSXdiQ2c4SnJ6RWRoZ3Z1SDV5YlVPS3dJN01fNk5ReW1DSkXSAbwBQVVfeXFMT2RrX3ViLUxsdVE2emMxUFdLVlBJR0pkSGtTczdScXVPemZQYkxIUWRjXy1KSjhHZ0V1X3M1SjJyZW1MNFdITUhJenBVUWE1X0VrcVRnYURtUGpTYllyZjVDekU2UjVKanlxUnFnUU9teUJjWmlvYTlqbVlMejBvUHRSU1Bmd0M1NUp4d0gzU3pPbFlqTXI4Rm9Xa2tDRk55SXRQeS1jeTdnT1JXSEZ2eGpYbTA3Y2NGNVBQd1E?oc=5,"Mon, 08 Sep 2025 07:00:00 GMT",Pikiran Merdeka,programmer Aceh,google_news_rss
"Gelar Property Expo Tahun 2023, Bank Aceh Hadirkan Ragam Promo Khusus dan Acara Menarik - Kabar Tamiang",https://news.google.com/rss/articles/CBMixgFBVV95cUxOUktPTmcxVWpNZGNrY05XN3RUNXpXb2JaallxbXFrY2tsSUJtM29IODdRVnJwUE5Rdk0tczV6SHdZWkRuM29uVFZLVjBEVlN6dTlqUVFtNGpjUkRGRXZPVUcyaUg1OHFnT1h1NnVMNDdlZURBWHVMZFVmcEpzcjM1R1JQSWJfWllUT1BabVpSZXVtSEF3cG1vMC05cHM2WmxBeWJibnBIa0tjYTBIblZTd3R0OXJpamlMZXpGQWdOeXJhU3lseEHSAcMBQVVfeXFMTTRlZ00tRms4MUZROUFQRnFFblQ2Z2ptY3J6UTg0eWdtX2RYaGJ6MXNHS1l5d042azVDVGZNeVZibmt6TEtndjE3cV9FbkxxN3NWZzhQUGJEYXlFUFhWYWpyWHRaVjRSRE5rSHRYSjdUU3RRRy1JTUNJcEl1OHN6VlBKNXVTMVVMbm5QakFZX2hGNFlvN09vbUxZZ29QUVJLRWFnMEgxcVJ6ZUpJMFpiZks5MUVmUlAyYnNzMHZtdXRuUHdR?oc=5,"Wed, 04 Oct 2023 07:00:00 GMT",Kabar Tamiang,programmer Aceh,google_news_rss
Yayasan Sukma-Leva Foundation Teken MoU Pelatihan Coding bagi Guru - Media Indonesia,https://news.google.com/rss/articles/CBMirwFBVV95cUxNSmc4OGVZZVBUSzFpMU1IY1BiNWpYN191b0J5Q0R4MG5KMFl5VkVuMjFoaXc3ZnJ3Y3o5SmNKTVlYaC1OUXJmZDRMZEhILTZTOThEVnlqRjQwTHhqYzdrYUdVVXFhSUd6Mk5ScmgxaEExY0dpNFNkb05SR3NpcWlVblk0WUFVckN1d1ZVYklQX2tyM2diZ0Y3aWpyRDFJSDJrMmFxeWZYTHNWbDVvT2cw?oc=5,"Mon, 06 May 2024 07:00:00 GMT",Media Indonesia,programmer Aceh,google_news_rss
"Rumah Tak Kunjung Dibangun, Warga Banda Aceh Polisikan Developer - MODUS ACEH",https://news.google.com/rss/articles/CBMiogFBVV95cUxQT2dpeFhCN1BPMjRBdHJ5QTdPNnAyM0FjMWxKa0psNkQ2Z09JRUFDemN2dmVBbjluV2NxTVVKeVhTcTRZd3p5MjdMOU1fY0h4VkJMZ09JbFBzNVRmRnFnbExYYlJYNE56Y0E1SEdaOHJfZlB2eXJhMWZuT1l4MEpod29TU0dPUXJNb3FJbFlJUUdvblJ1V1o3UVIxa3N4a01kX2c?oc=5,"Thu, 25 Oct 2018 07:00:00 GMT",MODUS ACEH,programmer Aceh,google_news_rss
Lestari Moerdijat Dorong Guru Kuasai Coding - TIMES Banyuwangi,https://news.google.com/rss/articles/CBMiogFBVV95cUxPLWFodElDSzZ3dU15X21JZElNOWhGX1NrVTlxUE43R2pUMW5tOUNVem9qZERnMTU1OC00VUdOVjV2V1VlbVFoNjZnandfRS1fMzV0MGpBQzVHS2NnRjZxTkVIVTBscVloLVotX0Zhai12WTVoWEFkY0YwS191SkREZ3hMMUZ4U1BWSjhMQllPZlZGX251VldZZVgzX29mRVZ2c2c?oc=5,"Wed, 08 Oct 2025 07:00:00 GMT",TIMES Banyuwangi,programmer Aceh,google_news_rss
"Mengupas Dibalik Layar Film Dokumenter ""Minor"" (1) - aceHTrend.com",https://news.google.com/rss/articles/CBMikgFBVV95cUxQMklhallDeTQ3eVI3alhHNkRoazhhbFpsdlpWM0RSWm54aGp2eHJrY2FHM0xwa3Q5YXZqNGpCNGVIZnV1N0xXX1dSVVIxMUtpaF85YmhTOE0teTV4NHNvTGVHMW10dE9QY21DMk5KRmdpc3dDVF9qUHZXbnNvWDdyTWw5NEI1NWJMMHFxTEtOaFF6UdIBjwFBVV95cUxNV0t3SnctSk5OTUFWUHktWU9DT3VQeE44WUxNV29fSXNUNXk5YVlMTUFBSkE2bmVRNTczdDBhT2xRZGRYSnptcFR5YmIycWh4UDFBRDYzd3ZybW9FZEc3VC1Gd1NpbGtYWnhHWEdjZUg1OFVNZ3BNbzNpX2ZFdE1QY05fWkxkUWVJd09zTm5WTQ?oc=5,"Sun, 28 Jul 2019 07:00:00 GMT",aceHTrend.com,programmer Aceh,google_news_rss
"Dicueki Pihak Developer, BPKN Bakal Bawa Kasus Group Puncak ke DPR RI - realita.co",https://news.google.com/rss/articles/CBMinwFBVV95cUxOY0pUUFh0MUVkUk1mQlZDSlRtNGFUY2JzV0Y4VHNFNHZINHFRWmU0NDlKVGlrX3NleGVjb3c5c1FTa08xVXY0NUZOZGtINnM0TW9jbnd4WWZkLTIwVmh5QWNBV2VkMUNxWnBINFlVVkVuY3Y3WnN6UFFGeGVfX2pkQjJtSm1wVU5iQTMtSklwdFRyc29CVFhLLXNfTkJmd0XSAaQBQVVfeXFMTk1fODY0a1hEUjJxM1o3U0FPRE1xZ1Y1SXFmSW5fOWtrN3JHVDhXR1RXYkNzb1BSREluc0Q1SnVxVVZOU2Jld0pmMXVYTThaLWtiLW53THdsMXJHd3VqQmJmUzUtbEpjYkkxWlBpQ2E5TGVJcERnY2JTY3VUMXJrenkzUXhIM2h6cnAtZG5rTEJ3Nm04TExXcEF6bDYzY05CT2tJTWs?oc=5,"Sat, 16 Nov 2024 08:00:00 GMT",realita.co,programmer Aceh,google_news_rss
"BPDP Buka 16 Formasi Peluang Karier, Dibutuhkan Programer hingga Staf Akuntansi PSR - sawitsetara.co",https://news.google.com/rss/articles/CBMiswFBVV95cUxNc1pwcHJNYVFNam1tTDNjZTM2djNaZXJsWlVfdmt6LUJSbVluWW5VNnNjRk01OTdRYkU3X2VSdGlncDcwNERUbWI1d1dGMGl0VlFjNVdiZWtpQ0RVZ2dWdHpwTnRQLWhjMGd6ZkpRSXdWVWxGT3pibzExcnVabE9QOWk5R1VwdXNub2Z0eU1USENnOHdER0pXcUp0OHdwWG1BVDBlVEZfV0x5NVNaV3pNdEhvQQ?oc=5,"Tue, 28 Oct 2025 07:00:00 GMT",sawitsetara.co,programmer Aceh,google_news_rss
Aplikasi AWay (Aceh Way) Karya Anak Aceh Juara II Nasional - aceHTrend.com,https://news.google.com/rss/articles/CBMinwFBVV95cUxNWVpNSlRHSEVWeW52WkFjYUdlQ2l1TVE3c3F3YVg1bEZ1Vlc2cU5lNFFCUDlValNQSmcxS2NfUlJIcGhnZ3pLekFaRDVqS3ZPcEZteTdXcnlJWndMVXUwNnJESGtmN0N3bjNmalllalkyeFo5UjZqdFBBN1NTSWtCQ3FJYzdLZ0MtN1BScFVNSDhiNUF0ZjA4NlMwZlZ2VnPSAZwBQVVfeXFMTzF2UnNPN3QxenlFc0ZnUWtIc1ZHRlYtanFJMWpRMXpaSXliLUswWWJuQ004WWdpSlB1WW9oeVVaeVRkdmZTM3M3Wmdxb3BhSEUzNEI2M1UxU1VZQmVjdktTcEdleHBoWnVxRjF6RTlMZDF6cVJpeEd5RUdpZVNmTlZJWkhiX3dyekdkNTF0T05vTFVhYllYZlhqZ01h?oc=5,"Sun, 10 Dec 2017 08:00:00 GMT",aceHTrend.com,programmer Aceh,google_news_rss
"Ditipu Developer Pembelian Rumah, Sejumlah Warga Melapor ke Polisi - ACEH BISNIS",https://news.google.com/rss/articles/CBMirAFBVV95cUxPd2V4dVh2NVpUZk9qYjZSVXBtRktIRkhoSHR3VFJyM09RZjNmVTlOVkViX25qZEYydGVQcDdGX2VYazVjQ05sZjFaUGJ5ck1VeTNPbmFTRzBTeVl4LXFOTlpBRlFFdzJKdFctMWo2U2w2RDJlMW5qU0F6NXNjRnktVkJGSEhhQ1c2bUNYWjhMVUhKU1JiZEFwSVVfUTg1VFk0ZjEtaERKY1N0bU9W?oc=5,"Thu, 25 Oct 2018 07:00:00 GMT",ACEH BISNIS,programmer Aceh,google_news_rss
"Wapres Gibran Dorong AI dan Coding sejak SD, Relawan: Strategi Curi Start - Media Indonesia",https://news.google.com/rss/articles/CBMitgFBVV95cUxPVFB4NWtRcDJyckRFdUEzUU9DUGxSU3BCZWJaNHJlZ1ZnR3FwWWRLRDV1X0V4WDNYMlpMTGxMOEhXcHRtdEdTdk5NajktZ1NTMlhSTVVCX3pMeFVUUHpWQkxqMnNvQ2l1U2kteGw1aGtYX1ZmUkZueExhLWxUSDM0cUZkVE1qUEZicm15b291ZmRsYVRMRklVZUdfNi13TVJROE5fZV9zUTNvajhraXh6NDVDRkRjQQ?oc=5,"Mon, 08 Jun 2026 07:00:00 GMT",Media Indonesia,programmer Aceh,google_news_rss
Menteri Abdul Mu'ti Siap Rekrut Tenaga Baru untuk Ajarkan Mapel Coding Kepada Siswa SD - Herald ID,https://news.google.com/rss/articles/CBMitgFBVV95cUxQU1FxSkZfY3I1VVd2QU1EaHBodXBUTVhHcWxJbTRJN2psWFhDZXJNbm1fWHNWNDYwVjZOTmNmTmFzTzQ0YXJKaHZ3eWFVbWwyVDFqMk9ZUDMyczhQS2dqTmNhaF9FejViSmNEbHdYbGhvdG1DX3liczFiemVyWEQ4cGd6V1NOd0ZCN25MdGFGSUg5TmlqQW11U0lYUHhnS1Q1ZUVHMHo1N25ZNVE5Z3RwMEs2X0I2dw?oc=5,"Wed, 13 Nov 2024 08:00:00 GMT",Herald ID,programmer Aceh,google_news_rss
BBPVP Dan Castle Production Siapkan SDM Developer Metaverse - Postkeadilan,https://news.google.com/rss/articles/CBMijgFBVV95cUxPS1ZyeG9xbXdYWFU1OXQ3RkR2bTNXbFR3aG5tVW84d2RRNmtKck9pMVJsTzgyYV85TXBzajVlNGRpdUMtbDlOdVlKV3FTdEZmX2NHZTk5N3ZvRzd4WjhGZUZXVUJMMHoxRU9XTW9lVVJ2Z3hlWlJsUlVYQ19GQ1R5R01haVNMN3RVZzhSeTNB?oc=5,"Fri, 01 Apr 2022 07:00:00 GMT",Postkeadilan,programmer Aceh,google_news_rss
Mendikdasmen Sebut AI & Coding Bakal Diajarkan Mulai Kelas 4 SD - Tirto.id,https://news.google.com/rss/articles/CBMiiwFBVV95cUxPamE0bndHQmw5WmhMcGNIVC1BNWRSckhqUGZxeDJ4V0p0R3NHamltMlozS1dfU1lEWV96YzZIZkxlQWV1cFBwOGNmVEo0ZlRkSGJhUVc1aFpaZGVFbDZiTTlua1F0eU50amwydXFPaXdLZjJFWlI0TjJxeVJUWWFSazZSZ1Z0WEpBOHFJ?oc=5,"Thu, 14 Nov 2024 08:00:00 GMT",Tirto.id,programmer Aceh,google_news_rss
Peminat Rumah KPR Subsidi diKota Langsa Masih Tinggi - ACEH BISNIS,https://news.google.com/rss/articles/CBMimwFBVV95cUxOeV9FMDctaENFMllWSjdDRWNlbEE2N25INGZQcUYyNW1FS0RNUWVVRnVZMEFwcWY4T1NWU21XMlY1LXV4OEFzZXpLeWJGVmJ4ckRQT3o3OXBqTVNIeGZEZFNZQkY2TVBCRV8yMTBxOHJ6LS1OQ25YZ3J2Y0oyMlFhSGVtbXNKWHZQR25EX29idlJPUWRSem4tMzd0aw?oc=5,"Thu, 19 Sep 2019 07:00:00 GMT",ACEH BISNIS,programmer Aceh,google_news_rss
"Mendikdasmen: Coding Diajarkan Mulai Kelas 4 SD, Bukan Pelajaran Wajib - detikcom",https://news.google.com/rss/articles/CBMiswFBVV95cUxPdTJEWndwTWJDTHA5dXE5TmpuaVBoN0QwSFRJTFdISWZ0U3NFS0FhNER3emt3d2l3Tzhhb1g0TFl5Y3VQUy1Nb1RRMnItNlpWMlN4MDcyRDRuYUV3akNiRWwzYTl6clRWYm4xTXJsdXNWc0VmbFN2M3JiX19HbzN4dzNQdkJteHdyNENHbjFJNXNLTjVBVjRsZkpiQTI4dW82YW5sOHRmamhfT1NIcVpueEdkc9IBuAFBVV95cUxPcWdxUF8tTGZQbGZjWmt3TVRzQnB1UER3Tnp0eGExUHlsQUxsRTRWX1pGZEJtekkwT2h0TFZ5N0VITHlCaWJFdEkyMnl5NzRqUkxjTmVDWG1nZHoyWlNxd2tlSmFDQ0RZaC1NZnhjS3lVdWZoNWs0NjU4TEVfanNnT055MFNvenEyR3ZqQ3JDeFI1R0ZMNzVfVWw3cG9OekxHUzFXb3pHV2NneTVrWHduV2Rud1BNLW51?oc=5,"Wed, 13 Nov 2024 08:00:00 GMT",detikcom,programmer Aceh,google_news_rss
PT Kreasi Mandiri Land Bantah Lakukan Penipuan - aceHTrend.com,https://news.google.com/rss/articles/CBMikgFBVV95cUxPUG9obERRVy1hcTdsYUd6bGJFVk5WSDlNREpPQnlvOG8wbmVJMUgyeWJCdjVWWGtSYmpsbWlRRThJSnd5YUVkQWpFNEVGdVk2UVBISVcwUEkzaDlMdWhCVERScWFaV05McXhXNDdxUS1Sc0EwcmVQM0JFMURNWGNYOHZtSmhIbVBiNHZzeXVlQWUzUQ?oc=5,"Sat, 27 Oct 2018 07:00:00 GMT",aceHTrend.com,programmer Aceh,google_news_rss
Mata Pelajaran Coding dan AI Di Tingkat SD Tak Dirancang Rumit - Validnews,https://news.google.com/rss/articles/CBMilgFBVV95cUxQdTZiYTg3emctcXR2YTJ3TjZQRXVWaEFPb0JDWDdqeFBBak1LWkJ0MUZ5TGlpVWxYQjJBdXhHOVNqU0Iybnk2ZV9ES1NKcGp1S2pfT3N5SjJrRWc1RVloUG9fMzFmU3BKNmU3RjdFRGk3LU5jY3FSZkhBZXZuMW9XY1hYXzZNa01NT2VfczFiRzd4Y1FMWFE?oc=5,"Thu, 14 Nov 2024 08:00:00 GMT",Validnews,programmer Aceh,google_news_rss
Warga Pemilik 6 Apartemen Labrak Kantor Developer Group Puncak Surabaya - realita.co,https://news.google.com/rss/articles/CBMiowFBVV95cUxQY0JnZExuZElhT3RERWtKLVlod19KOUo4V1l4MDJlOHRFdU9leW53N0FkUC1wc0xUSFBuZWZocWM4MDJPNEQwWWs2am1rR0p0QVF3MUoxQWRZYktTT2VrQTR3VmVmZ2hfMEpJR3dpQ2w1R3I0eF9nbkJWU1phS1VWQlRGR2xtZUtROWMtZVNxeVdHR2hYU21yLTRLV1ljOU9lTFUw0gGoAUFVX3lxTE94WnVFZGZoNXdUclowQkthRm9jdnIwZlBEaGdLMTlZZFRVM0d3UTBZR2NTTUJ1dC03Rl9GamZFX3E2V3JNM3plYVpvak5GQTJ0bzhpRGF0Q1I2eUl5RldXUWVTRUZWVUZIQmh3aTZHcG15T3hSSWdtLVhlYjJZT0U4clNaZEhfbnBNWXpsZUdnRWhfNkRabWVpWllnMWpXUHRFaG5vaVJjcQ?oc=5,"Sat, 16 Nov 2024 08:00:00 GMT",realita.co,programmer Aceh,google_news_rss
Mendikdasmen Sebut Coding & AI Diajarkan Mulai Kelas 4-6 SD & Termasuk Pelajaran Pilihan - detikcom,https://news.google.com/rss/articles/CBMixwFBVV95cUxObEMxYldwb0gwanc5ZDhPS2Z0UVJJUnczeGFfN2toWTJDOTFqci1jSHJ1SlZ2djZXUGlZVUZ1cUZwb05kUzNkdy12dHVTVVF2MlRSQmd2dF9HTGstTUpyQ0JBRFVPZTczRmdIcFp0cFJRN3c4SDlpdXpOeldWZFNwMWxsYTlDMkcxcnEtTXBid0p3TFZkdU5ScEhnd251X0xPaTVNV0hRamFZN21nWXVfV056R21lcmptOU5PT1JIUWdUMGJ5ZmhV0gHMAUFVX3lxTE1mbExya2RXUFZxb1hMeHhLLUd4NlJuZnF2cFNGOWpZZkhJWG05R19EUWszNFNyMEpOcXVBTHZ1TC1GY0tiUEwxeFk3VktNMWJwN0N6RHZFYllFSDN3RUhFRW5sTC1lMHpvTGw0N2JyTlFhSk1LeHp0UUpaU2xzb0Q4c3FxRlMzWlNMdTkxMDRqOTFOV29nQWFvTWJYbmNCVVpZdU5sYVQ2bjdsVWJFYkUxSy1Xd1NnZkVTbHdpVlJTbGpQQ3NEVnNXbjI3OA?oc=5,"Fri, 15 Nov 2024 08:00:00 GMT",detikcom,programmer Aceh,google_news_rss
"Material Bangunan Terus Naik, Developer Perumahan di Aceh Terancam Ambruk - Serambinews.com",https://news.google.com/rss/articles/CBMiuAFBVV95cUxPOTNJSkpoSGl6Mzh6MEJaLWFfakR2Y2hpbDVaN2JMeHFlN0NTaXhJTVAwZ1Z4Y2RsUmRjNHRZYTRDX3JLVjItUW5vUlRMS1otMnRyWEpuZV9KWjc3VlBUSGJpTURYT1g1Ni1jOGkycG01Y2U1UjRPUHJObk5ZTzJycG5KbGJKMjJHMmdLUnN5ZGNDeFJ5TkVTb2VDOGlHaWZoVFpJMjliWGlIWjFDUFFvYkI2UXc0NDVD?oc=5,"Wed, 20 May 2026 07:00:00 GMT",Serambinews.com,programmer Aceh,google_news_rss
"Bintang Kala Kembangkan Aplikasi Keuneunong, Perjuangan di Tengah Bencana - Serambinews.com",https://news.google.com/rss/articles/CBMiswFBVV95cUxPRDlqMnlBU1VWTlFiQ0g0bXdPaFc1c18wMVd5Z0ZIVy1MSEgzWnNaOU9BYXczajk0TnRGMXlKRHg4eVA1bTJ5OTc5U2ZCTDVJZE5nUDB6M3ZWVWNHV1ctWXRkMHNWeWdKeUdjYjdONm1QQ0dxZkQzNmlBREZVcVMzQUtRVGFpMUxEZjBxTnQwOVBrV3dtUEdQbmNiYVZlN210ZFUzdmZpX09zU0ZERlptelcyTQ?oc=5,"Mon, 08 Dec 2025 08:00:00 GMT",Serambinews.com,programmer Aceh,google_news_rss
"Bank Aceh Buka Rekrutmen 3 Posisi untuk Talenta Muda, Pendaftaran Ditutup 23 Agustus 2026 - ACEH INDEPENDENT",https://news.google.com/rss/articles/CBMiuAFBVV95cUxPaDdnTHBxVkpzdXFFazNXMjNvblB1YTItalU2ZWpMREE3RGVST3ZkUVQwNU0zaVE3RF9ETUFTVjkzVTl5eFpOaVpqYjQ1TUxicXRqTnp1emNCVEhVc0Z3QW5NejJ6cXlkV25RZHlQU1pFLVUtVUttbEJMa2l2d0xlaUJGNERZTmdrZG5vTkVVTjNya241cFNFVG9kNlJob3dieU81OWpkNm5tTGRjRVNFVlU4RzJNUUgz?oc=5,"Tue, 18 Aug 2026 07:38:18 GMT",ACEH INDEPENDENT,programmer Aceh,google_news_rss
"Aceh Film Festival 2025 Resmi Ditutup, Sukses Merayakan Sinema Dunia dan Lokal - Serambinews.com",https://news.google.com/rss/articles/CBMivgFBVV95cUxQd3JDUVFrTTFvSUpXZ2pyM1Nqdy1tWHhmX2JyRDlJMnBadWRwQWxvOHJ6THI2aGc2UlBkXzBXcWpaNDFGemZOR25EalRuWi15V3lxRnNUSkV1X3gyT2oyTV9mVHpoZkt1b21TamJzTmRveDA0dGJGVkFoalhILVFsWmZLM3d6NjlkdmJwUmYtX2lFdER5M29KdlJTUDhrUXpnenpYbTZsSlFrY1dDdzZQRXNuQ2lnWU5pVXVVYk5n?oc=5,"Mon, 08 Sep 2025 07:00:00 GMT",Serambinews.com,programmer Aceh,google_news_rss
"Developer di Aceh Mulai Kelimpungan, Kesiapan Transformasi KPR di BSI Aceh Masih Belum Jelas - Serambinews.com",https://news.google.com/rss/articles/CBMiygFBVV95cUxNdERNdjZpUzdubWg4MmNrTGJ3TW5ZUHJjYXdWUDRHM2ZRNktPUm55SFVFRDRJbW9NckN0R3hOTGozamNsYzNDUGI3aEI4X2VyNjdYblVob1A1WndKUTU0aW1Gb0FSNFd5OHJON1hRZlpqczl5NTd0SVRtM3JQNjVSYUF3Wng5cEEwRWlvem9aR3FJX3h1V1FEckM5ZU10dHNlZmtRbG90MDByMUNEeGNpQ1RBUVdvM3RNSFZQREJfVjJNZ205eTQyRnZB?oc=5,"Sun, 20 Jun 2021 07:00:00 GMT",Serambinews.com,programmer Aceh,google_news_rss
Zayvius Digital: Perjalanan Seorang Fullstack Developer dari Cianjur - Analisa Aceh,https://news.google.com/rss/articles/CBMilwFBVV95cUxPMFJHT2dXZTg2NEItcGVhUjlUMWxWbmNhY2tUT2Ntd05ZZGszSzhyNS1sMWwzYkxYN2FXQTdxRm83SzhKd1kyNmNfbEs1M1RnMlFqU0YzTl9qbzl4MVVIdkVTVHZ6OFR3b0JVNVZwMnJNZ09NeDludWhyLW5uZ2xlcWVZUWdsdDFiSzFnSkt2QWQ5UjlzUlpV0gGcAUFVX3lxTFBzTldxb1BzQVZFWkxTOFd2Vk9YYlo0U0liTnJyUG5oZEFjTDdseGstcDZxdUh5SnRDdUdHUGI0d1JzZTljQTlKaTdZLVBCQWI1ZzhvWVdwR0RQVTFjcXl3d3FtczFPU1JVYTNPZEQxSVBmc0tGTTRuUUU2MVY3SXpXRWNDOF91V1BwSUY0TUxtV2Z1N2Fmcm03THRyTA?oc=5,"Fri, 14 Mar 2025 07:00:00 GMT",Analisa Aceh,programmer Aceh,google_news_rss
Bank Aceh Syariah Cabang Lhokseumawe Bantu Wujudkan Impian Miliki Rumah dengan Program KPR Subsidi - nukilan.id,https://news.google.com/rss/articles/CBMiugFBVV95cUxNZzFacndBZVBfYUxnUG5wRGJ3Unc4cENFVEV1cmw4RFN2WDFwc05SUnEyUDhCQTRfTE5BVS1IdzhMNXRPR3EtLWJYZklRbmo0WUpWUXNLRWEyTTJRYjhtSUVtd1RXYlRCLU5wcDBMOGl4V29nNVd2eUJZMnlVSU9VdWFqZGJOMEY0bjRtd0dFc3lXZEVVeUxkZGE4N1dEQzJRLW9kRDF2N0NBWGJRaFpxeUhMWGNXZDNEQUE?oc=5,"Wed, 10 Jul 2024 07:00:00 GMT",nukilan.id,programmer Aceh,google_news_rss
Membangun SDM Aceh Dengan Literasi Teknologi Melalui Pendidikan Coding - kumparan.com - Kumparan.com,https://news.google.com/rss/articles/CBMiugFBVV95cUxPZEczZzc0anhlVzY1TzFsZExZSHBiTWxPZWxlN2tyMHQxMUJHMk5HTlEtLVNMbVoxaDhJOFB0NHprR1Y5MnNnVnNlNTZrTmNsY25EMXd1am1SR09vazRtazN5QWxRTTdiUjk2bWQtRW53SlBZbmdJazFLN0dza1lLU2N2ZHZIRnNOVVNhRjlhOE1uUE9TcnQ4d2tsejlJaFJ1akJOSklHZklwVEtvU3JWRVV6ZXdJTURkRmfSAcIBQVVfeXFMTzZrZFA5UTRCM2NlTDc1MkZucXc1TDlvRGQtU2ZGTWZhdzN5TGFHdy1abkFxZk5tWDZ5c1BzV1g5bGpfNXVXMHczUk52WEtLZUNyazBVS3gyMFB1Vk1MZTl0U3ZkclJpNGctN0szbkFZNWJnSWZJcU1DSXl6WUdXUVUzc3NFcmNJZGZZd1hGbHZxc25kX0dsNWNoTVIzYklGZEZUc3FPa0ZacVRtMWpVSUYtbm9UQV96Nm8xSnJVRTdqeHc?oc=5,"Thu, 13 Jun 2024 07:00:00 GMT",Kumparan.com,programmer Aceh,google_news_rss
Bioskop Alternatif Versi Anak Muda Aceh: Keliling Kampung Putar Lakon - kumparan.com - Kumparan.com,https://news.google.com/rss/articles/CBMirwFBVV95cUxPU3B5NnIzZzNBZTdSanhYelBqWnJUZzdJeWF2UmhocFlIOTlhUTZfWWF2YkZydVl2OW9KcE1ONnUtQXFJMGZRaHkycElCazRkVWRaSTZwZi1IdXBpVHNUMTJKQ3Y3MDFGX2ozLXJ4S0xja2tlVFpqSG9hOUFFWElyQmdtV0Fyb25rRl9Nc3U1YzFfcWJLU3JnS19WSHIyZzVfclVVMjhaZE5uNXNzLV8w0gG3AUFVX3lxTE9hTE9WUDQwTGtaX2UzOU9WMzg4Y2FnRlA1QnpFcFp0QUk2Y3UwOXQzUi1CQktuMklwRjJRWXlmNm03bU1BTmVwQklrNkgxVzIzSkRyWG1MQmQwVXQ3eEdXVzhMc0RlVmcwR0hwVWhfX2V6YXBkTXc4UzE4VnFpXzBZOU9QTXJvbTNJb0FFV0lFNXFsTG1HWlFPVFNpeFIyU0RpN0pQVktDWkNGdjJ1MHhoaWtyWXk4MA?oc=5,"Tue, 07 Jan 2020 08:00:00 GMT",Kumparan.com,programmer Aceh,google_news_rss
Developer Kecewa dengan Layanan Dinas PUPR Pidie - AJNN.net,https://news.google.com/rss/articles/CBMijgFBVV95cUxPQUNna3hEbFUtUmUtQ01lOGtsT19ZTVJqUmh2ZG5mRjBjRjNfbUxWZWVLWHlfMVlJMUViN0xLUGtLdGE4MnktS1NwNGtaVXFCNVR1WXVxalpRUURZVGZZSzk3WE1DRVNsUWFEOGFBajEwaEpTQnFweVZnS2Z1LVhPVmxxMzZpdERqejd1Wm1R0gGLAUFVX3lxTFB4dk11Q2xLeUx2d205WDF0YjdQV0E3YUJHZUhYUFBUOTF1R3pSdW5Sdy13NEVtdnpRbEx0MUR2cE0wV2ljTzhralZGQlN6VElVTS1ZVEx6emZYcXZUVk9uUnVPb09MbXNiRFJiQ3lKaHFheEV3Tk12SFJUQk9JWU1HczgtSkhRWUxqenM?oc=5,"Wed, 15 Jan 2025 08:00:00 GMT",AJNN.net,programmer Aceh,google_news_rss
"Wow! Ternyata 21 Persen Developer Game di Indonesia Perempuan, Gamer Wanita Sudah Setengah Pria - Serambinews.com",https://news.google.com/rss/articles/CBMizAFBVV95cUxNSjV3bnVZR1ZqQmUyb3F6T2pLNXdOUUFUMTJrRjNvYWl4ZExUa1JQT0JBanpNUExINmdmQmg0dzh4UXUyOERnNWlsa0MtZ2N1YUdMVkkyQl9Mb01zQVd5RU93eVh2MXgyd29nVGlGSFpNLUdHakxsNVhVb2JpRXlRNDVlemdqUTdlMVFkY2x3ZVZYZUF3UG5QakJvZklqLWJUMGp0cUhkVXh2TDNkZ25QdVhJQVhUR0ZJbUV5LWE0cVdPNXMtbkhUNTN3aU4?oc=5,"Sat, 05 Jul 2025 07:00:00 GMT",Serambinews.com,programmer Aceh,google_news_rss
"Dukung Kemajuan Pendidikan, BNI Sekuritas Bekali Guru Ilmu Coding dan AI - KalderaNews",https://news.google.com/rss/articles/CBMirAFBVV95cUxQbWZaSDdYQ3RfaGxyNDJWamVNekxKR0VCOWl0NzFIdmZDODd2bzI0eU5yNUtNOG9QQ3loZ0kwNmZMaFl1WHBWcnQ0YlplYlFHMFpWVnN4ZFZfUUZtS0w1U01zcEQ1cVo4bm1RUkRJQWJNMUY1dWZXVFViOXNwVzZiRGQyMzNqNldDRnpWOTRPc05JNUhZZW5EWm1PR0JOeERveVIwX0o0TnBHVElo?oc=5,"Wed, 06 May 2026 07:00:00 GMT",KalderaNews,programmer Aceh,google_news_rss
Artee Property: Developer Hunian Modern dan Berkualitas di Kota Medan - kumparan.com - Kumparan.com,https://news.google.com/rss/articles/CBMiqAFBVV95cUxNUlpkTHQ3amMzQU11bjU5R2FhT3Y3SXFCMG1LcGRYd3U2TmNBLV85UDRZNVVDM2NvUGowbW42cFRid2hMaUJSbEExV0E2NTdhNnh0XzlFNE5RbzVrbjhQRUtPbUVFU1A3RmpXZ2U0Wk1QQk9tZVBwMkZnNFljWVlwV2ZsQmkyekZzWVl1X29uRmwtVEpHRWZ2MnNzS05HR0ZkdmNMbXU2cGnSAbABQVVfeXFMTmxsVkp0Y0t0dWE1LTVSX0pjM0YyRklJYnMxemh5WS1TNkk2a3dyYlhHQnQzZEVuSU1SbnpwWWpyNE42ZmtPZVcyb3o4UGh2bjNjcE5KbExRaVZ0dmhlLXYxUHFTZmpYNUg5VFllT0hHdFFaYmd3ZEF6a0w3Z2NsMlpZWTdXblNLUlRIU1Yxc1BzZ2ZQdUxZM1VyakI4RGZzbXg4WldKZ1d6elAtMzd1YU8?oc=5,"Sun, 24 Aug 2025 07:00:00 GMT",Kumparan.com,programmer Aceh,google_news_rss
Ketua APERSI Aceh : Ketersediaan Lahan untuk Perumahan Semakin Sulit - Kontras Aceh,https://news.google.com/rss/articles/CBMiqgFBVV95cUxNQWNZLS0yb1lmaEU3MFFWVGt3U0ZhZjhiRWFCdUdITURmUmQ0NEI3bEdCNEdjVThLRWJ5ZTlxSjIxRXpic0F0aHYwa1pCclg3ZTRLRGNRODlVNUppMnctekhWWGV0Um1NT1BpTndsU21FRnN4TFo4amJoTTRCNmFiajRoZW9tZE1EM3JKTWdYc29rN3J1clpQTU1NWFBaN01HM2NRVVU1eHEtQQ?oc=5,"Mon, 25 Sep 2023 07:00:00 GMT",Kontras Aceh,programmer Aceh,google_news_rss
"Diskominfo dan Sandi Prov. Aceh Buka Dua Lowongan Kerja, Gajinya Sampai 6 Juta - krusial.com",https://news.google.com/rss/articles/CBMiowFBVV95cUxNWEJEYlJ1MURSRXpwZml3S25LeFI5SXVTd3FQTVpxcFBTYkFvR0U5cEF5dWNZaGQxbFVuWnFnMDNuNUw4cmsxRGE3bnlrYnlKLWZZaUl5U3lFMV9qTHloTjJMVDZES0g3Mk16Qm1UZ2tfeG1tWXhCcHlGYmV4MHExLXZ2aTgzZEt6S3Vqc3JFZThocE1zTk5uYnNtTU1BNlNVZjVZ?oc=5,"Mon, 19 Dec 2022 08:00:00 GMT",krusial.com,programmer Aceh,google_news_rss
Memaknai Hikayat Aceh dari Sebuah Film Dokumenter - kumparan.com - Kumparan.com,https://news.google.com/rss/articles/CBMioAFBVV95cUxQUXNfYm9UMFhNV21vUTlGWjF6UzMybVludnNVWUFMT3BFbENVVEZwWEllQU0yZDBuOU95NldBNUZ1LXp4SEZkZWxTUWNLc2Vpc2hvSWw5LU54LTNaUDdXa0FpTnJicHFFWDh1NjZYQ3d6WW5ISXN0bnNXeHN0S1UxVlNud19kQTFHRnpqQUoxTVU0NEJyT2pESWRQSGdDLXpP0gGoAUFVX3lxTFAxZ25JaW03WkFKUWdObXJoQVB2bnNTc0R2aXBseHZhR09fUFZtNXBUSHVyOW1mUmZyRXlzNFBmNktMNHdOcXJxNkZOUHNtNVd6Rnl2SlhsejlIZDU5R0pHdU9kZDNPMVpweFpxS21sZUJlZXJGQmktSGtRdUs0TlNnSjEyMEJzamZjd0pySnhiWDNxVGRGTUpNTmc5bzdFTzNuUDc4Xy1TcQ?oc=5,"Sat, 30 Mar 2019 07:00:00 GMT",Kumparan.com,programmer Aceh,google_news_rss
Indonesia Negara Pertama di Asia yang Kolaborasi dengan Leva Foundation - Medcom.id,https://news.google.com/rss/articles/CBMivgFBVV95cUxNTVJ0TWk2MjhpWUFyRms4U2tLenBqcTlDT1B6QXpRbjUtWUM5ejFDV0drZkVfSC1pdWg1b3I0dDRTWHZTV005emMyLVdaSW1yczAtUExZX1VmcVBvWl9YcENGRWJMMThIdVpqNDVnaXF4SkUzemQ4aHliYWtNaENqdkE4OFhiTWR5VjN4S1gxcW9LLXZTSXUzQVJmSVZxQWRweUFhbFF1NjJ1UGV1Vm95ZEVxVDdiUUdhY1lrWUxB?oc=5,"Mon, 06 May 2024 07:00:00 GMT",Medcom.id,programmer Aceh,google_news_rss
"10 Cara Menghemat Baterai Smartphone Android, Terbukti Awet Seharian - Halaman 2 - Serambinews.com",https://news.google.com/rss/articles/CBMiswFBVV95cUxPaDN6WldfU0JmR2hrOVJzOXBvXzFPMko5MmpWY3VkTFFjY1d5N1FQZ1JVVm0yZjlUUHdWdHRFOFdwb1ZrX0ZrQ2FwQjU1Y0VQb3hRUzlFOFJ1aFdFbnY2MTFyMU9vQ3JRaVcwTU1xYkhfeDFGaGV5Z2hKVlJHQXVPS3BjQjM1dGkwZzlLM1Z1cDhYOG9pNVZwYkFqX3B5QWtmS2hIRnhlYm9HNWlWSGdEYjRUdw?oc=5,"Sat, 28 Sep 2019 07:00:00 GMT",Serambinews.com,programmer Aceh,google_news_rss
"BP Tapera dan Bank Aceh Syariah Pantau 92 Rumah FLPP, 100% Siap Huni, 100% Dihuni, Raih Bintang 5 dari Hasil MBR Rating - BP Tapera",https://news.google.com/rss/articles/CBMi4gFBVV95cUxNWVp4ajNvbkFUSHNlZDkyaEplS29lbm9FOEROWFRWRURObUZzeGtzQWZFc24tcFBlenA0RVNfczVGbHhMZ0VxdzJvZWM3cTUyNnZoeU1CY1ZBY1dDcXVBOXlvMkprT2g1ZlZqcHVKTnFsUjU0WXJrUm5xMTRMRlRPSEd5Tld2OFZhZHI1ZUU3Sy1VcXNTalVjclV2dlVISEE5VFE4cDFkc1RkV3poRkxqTEZVQVFaTl9EemNWN0FReG93c1EzdEpUMkp0Y2N0NDliVnJ4b2hqTHRxenN0M3J2T3hn?oc=5,"Thu, 27 Aug 2026 02:10:00 GMT",BP Tapera,developer Aceh,google_news_rss
Game Termahal Steam Ini Harganya Tembus Rp17 Juta - RRI.co.id,https://news.google.com/rss/articles/CBMilgFBVV95cUxOdkJNRklrZzFNc3l0OVdSMUQ4cmxveW1sV2JyaVpLTzJDejZaZUhGN2pQb1RNbUJpdndXX3FSNVcwT1lTcDlSOW9CWmpvNHlPZDVoaFZES2Vnck0wejV1TnlQRmlKYzlQb2hsaTVncUNDTnpENWd0VVp6SHZZemgtZ0FCdTYzMXN1aUkwcXRETDNQeFVZaUE?oc=5,"Wed, 24 Jun 2026 07:00:00 GMT",RRI.co.id,developer Aceh,google_news_rss
Ini Sembilan Skema Profesi yang Bisa Diuji di LSP UIN Ar-Raniry - Kementerian Agama,https://news.google.com/rss/articles/CBMinwFBVV95cUxPRzV5UmVWVVVRZkhteF9tTkExeE03ZDhtQ3BxUUp4ZEJOQVgzQ0ZwUE11cHMwaFBaNE1KNHF2V2hvcEY3QWJLZDZwdkEzRUpkX3MwZWRfWDZuUzlNM2p4S1psRnEzQ2s2ZHM1TzUwbklaZUpKYVc5N2dCang2Wm5ndUZqUWo5bU9uUzRWWDBQb0piaW54end1SFM4bVBveTA?oc=5,"Sun, 08 Mar 2026 08:00:00 GMT",Kementerian Agama,developer Aceh,google_news_rss
"Fokus Dorong Ekosistem Perumahan Syariah, BSN Jadikan Developer Mitra Kunci Pertumbuhan - JPNN.com",https://news.google.com/rss/articles/CBMisgFBVV95cUxOZzFMVUQyNkswbHJVMm1Fbnhna01uejRmaWxsVGE5UkdyMDdzalQyLWxMZGh1ekNyUy13UHBhMnJDNWRZTGVOa2xVcUlHZTNqcDR0TXdFTlQ0MHg4UGtJTVRFUmJpNEQ5Ykk2RE8zVHliRzhncjJob0xBQnUzb0FURWFmSVd1M0I5NzRPZkFoUEk4czFkakJpdmNIZzZ2SXlLcHo4V3ZjNlgtbURMZjU2TVNn0gG0AUFVX3lxTE9mS281YmF4MG1DZFBRRTFNUzFYTUxlekdWb0xfb3VpSENiTlhfakk3SnFRV3ZkNVFkSmMwODZNdUJxMS14TDd6eDFTT0M2NEQtc2ZmanVudlNvTXBDUmRpd0p4Y1BTM0JkVWhNbDEySl9aWE1salV4QzhiQnFsdDZIdXl0ei14bHlrVjFyQjlYNk1DcklvdzlIR1FKNDVFVm92Qk42UlNDWXJwczZTWHpBSHR2cw?oc=5,"Mon, 09 Feb 2026 08:00:00 GMT",JPNN.com,developer Aceh,google_news_rss
"LSP UIN Ar-Raniry Kantongi Lisensi BNSP, Siap Uji Kompetensi 9 Skema Profesi - Warta Ar-Raniry",https://news.google.com/rss/articles/CBMitAFBVV95cUxOSmEzVTd5b2doYXRxUllmMlFKa0IyYzFpZHBpdXlTbkllWko1R1N6SkpXN3p6M01HSWV0ekhWRk1GeFJRaFhHQWhVX3VnZkZrbnE5WnBHbVJubVg3ZG1heVRXY1FPbXdfLTBDWXVhU2k4bERRUzlVZ1NiM0ZkZFl6cHNBVnNzMzFVVUZTT0p1Z3pfWEYyNWxzVHBET0R1THRkQkRTTUFZT2RrNUhEOGNtMEJfMUs?oc=5,"Fri, 06 Mar 2026 08:00:00 GMT",Warta Ar-Raniry,developer Aceh,google_news_rss
"PPKM Mikro Diperketat, Warkop di Banda Aceh Wajib Tutup Jam 5 Sore - detikNews",https://news.google.com/rss/articles/CBMiqAFBVV95cUxPdnlITnZ5aTFUX084c2FlYjRNbmFDT1N6TVRZbVR5NkprcERlS1o3WlZPU1NTMUhybl92c21jaXNDSF8tR19NTUFGSExwSS0zVWRmSkhpS1p4b3ZBc3czb1BraklvNkRvWmFmOFBaMDBZQnoxT2QzMlZiUGR1WUJOdkdnZzBUMkRaNzM0NkJPZW9QcktBYXp2QlZVRTluNVBnRWVDSU5pQljSAa4BQVVfeXFMTjJQeWVlYXlNNFU3NE83MVlMU2M2OWswcm9LSU9wWTJfWTdoYUlzNmFQWlFIX2cyeExwemJUdVNMNmxiQldjTHlmcFFBd0h0cllRRVlZQ016NFhnV3pKcEZrY0V4NzUwX09TMUs2V05Gclo1U09udGVJTmdKZDRqZU5vSmNGb0RtNXN0dGxHb0xscTRIcldLY3F0WnluTk01NmtSUkxoWDZ2b0dhZDV3?oc=5,"Thu, 08 Jul 2021 07:00:00 GMT",detikNews,developer Aceh,google_news_rss
Expo Property Bank Aceh mendukung program perumahan rakyat - ANTARA News,https://news.google.com/rss/articles/CBMiogFBVV95cUxPdFEzcnl2Y2ZHUlpmQXlfYWlQckVVNjVwNm5fNkZ2MnFzaGRGVGtUMUxTaFJZcmpFcFdTRE56cWZCYzZEYnh1czdETUwzYURuT1NZMkp6UmN3clFqX2pReDdMMDl3eVU5OURFM2hJMGliNUJ4N2dOZ21YVktweWFBQmxaZlA2REFnSkJmcUxuNWZMSkJQQi1IQXBFakM3OFNzX2fSAaQBQVVfeXFMTjZSZFRodUZGc2xIX1Uxby1OT0lGbFJ2MTNYZkFXekVuTzgxdkVfX05ndG5JZ0FTenV0ajU5dXVKUTVFeFBxSkFGMFZacldmbGZKS3JkbHlkYkpMVUY3TGdzTUFrNVU2UF9CSEFudVFCcVdacW9TdERUY1pTc2NaOGhQOUdlQThmeVlUOTRoWmstOXBDOXZqOUlXVjUxTExCdDM1ODA?oc=5,"Fri, 06 Oct 2023 07:00:00 GMT",ANTARA News,developer Aceh,google_news_rss
Polisi Tahan Tersangka Penipuan Rumah Kredit di Banda Aceh - Pikiran Merdeka,https://news.google.com/rss/articles/CBMimgFBVV95cUxQaFRsMnRsOXRQWG82NHhfREw5eVBxWVVkenRIYkZkenZwT1NtVjRZTDVaWVRrSnNEeEFON09nd1VjU0t3UjZYeUM0dVQyampEVHBpTm5hbVUxa19fMWNFRUpyOHgxdFRBOTV0Y3ByUHZBWGl3LXJXZWN4SktJdW1CNDRBVk5YN2ZKTTMwZ1BYeTZ3ejByS3lmZDZB0gGfAUFVX3lxTE1hMnpiQnI5SWpWSDJjN2p5b3R6VUhfQXY3eWxxcTVFS2pjUV8zSVBWcDhkUHJHX29zVWx6dmFiV2JhMURxaTdJV19CRk1nTFp2NDdVSGItcldDSHlNV3pOY1hKZl9BeG5udEV1Qi1zczZLcF9ReHR6TTg3SkUwNGRWNlFnX3MyNFFLbjBlZzVYaEZEMW05Tjc2cFBhMVlJNA?oc=5,"Mon, 15 Nov 2021 08:00:00 GMT",Pikiran Merdeka,developer Aceh,google_news_rss
"BP Tapera dan BSN Aceh Pantau 108 Rumah FLPP, Tingkat Keterhunian 100%, REI Aceh Komitmen Bangun Rumah Layak dan Siap Huni bagi MBR - BP Tapera",https://news.google.com/rss/articles/CBMi9AFBVV95cUxPUFJRUTYxU1JMNW5VX1hmbnFMQXdWbTNoMC1oUmlQMVJHWVFuQUpEYWVpQnNVSUdCVkJHemVVSWRSSzBzUG5sM1N3NXFPSTBIS1ZEakpVNVZiWExHbDBObldiVmRveEw0ZFo0UzlyT2UxYUlGNjJBdl9SdGJVU1ItTV9kTDR2WnNjWHBiVEcwQVJ4NjJnUzMyRnV0eHhCZ0FtQm1ZRlZEcnlnZjBQeU02YXdpRUZVUVNTUkkwWGQwOWdXcVItb3I0ZGJiOVNYS2dFTTlkV29Vb3hXN1NENU5rTWJzM1BOVk1FVjZRNWQtcmEwVXBZ?oc=5,"Wed, 26 Aug 2026 03:18:00 GMT",BP Tapera,developer Aceh,google_news_rss
Dua Atlet Esport Asal Aceh Ikut SEA Games Kamboja - Acehinfo,https://news.google.com/rss/articles/CBMif0FVX3lxTE1TeldSeDQzUXEwZlVQWDE1X0dxTlhTcGdHUTRhVF95VldIQzFKSV9FREhqM3hJbWtqVlo3SHpzdWQwLWViWk14Qkg0UzBZc24yb3lRS1BudFVoX2ljZC1DcUhLV3l2NXJGME01cUx4Q1NwT1QyZnc0eFZCdTNRUkk?oc=5,"Thu, 09 Mar 2023 08:00:00 GMT",Acehinfo,developer Aceh,google_news_rss
"Lewat Danantara Housing Expo, BSI optimistis jangkau banyak nasabah - ANTARA News Aceh",https://news.google.com/rss/articles/CBMirAFBVV95cUxPeU1iVE5ONTdfb2xPM19Nay1fOVZRX1Vqb1RyQk1YdUQtcF8ydUlTUkFQQlA5RC1lRWVvY09EdmVBWjlkZi1udVZqb3MtUmRCaFBhMzlqdlh6VnEtaXhiUXVILUxIQWpkRTg5LUVEYnRlb3dFd3hYZFFzSWZWZzNRa0JoZnFva2JjZXZmSE41OGdnVjVzQnpleUxxeU9seUtNcjZ1ME51X0lBNHd00gGyAUFVX3lxTE8xbjVqWGVmeTcxM1FxeE9ZTktJZHEzTERmSjhBdVduZzIxM3B3bmxwZ2VRTVhFNzg2c0NCSWlrY0wyMjIyREg2OGgwM0RtcXBKQWpFb3dDT0ZuWGpwR1JFLXlsV3ZrbDdQOHM1X2I3akMzdXJ5ZW54T2tSenhSM3FYV3FHT21qWHpud2FmQ0x3aGpGWjVjZWFCX2FQTldxWTVpeS1GYmxWT0h6TWtTZlNaalE?oc=5,"Sun, 30 Aug 2026 05:11:26 GMT",ANTARA News Aceh,developer Aceh,google_news_rss
Bukopin konversi Rp300 miliar DPK ke sistem syariah di Aceh - ANTARA News Aceh,https://news.google.com/rss/articles/CBMiowFBVV95cUxQRlRtd2VNc3FBMUJtN0NpSWJIdENjMVdyc1hDeUJVMzVzUTZ0RERaUy14N2RPSGVROGJRdHVzczE2SUNTNkJ4elBIMG1WaUdMN3lBVlRtMWVGVWt0dzdybUFtbW8xWHprc05pdmpUQ0tBWjZSZ2JGRUxKZURaYkVoc0ptYWlRem1SaFN4Ymk3SXdqTW8xQThuZDFldlBQZGZVY1pn0gGoAUFVX3lxTE5pNEFxQ0lIRFE4OHNibFY1amYyM0x2ZmhSSFhZVmc1eHZjSzEwcFVwbUlvLWFkRXpHT1JlUG5BN1VicnNXWUcwbnI4NTMwVmdwMkdfSWtxUl82NGtYaVRTejVOTUdETTd5ckZZbGwxNnlndFk3RjNubXFMN0xTSlZQbHRPOVpPRkZSNDVHSnJZSmd0WU1UWnl3c2N2MUljRmt4V1NqdEs3YQ?oc=5,"Thu, 25 Nov 2021 08:00:00 GMT",ANTARA News Aceh,developer Aceh,google_news_rss
Batang Toru hydropower plant still operating after Sumatera floods - ANTARA News Mataram,https://news.google.com/rss/articles/CBMisAFBVV95cUxOaWJTQVdOcVB1SERackZkLUo4djJTM25FcmNRRFcyMnlpaGJSRk9QWl82bEJaS1VNMVJFUFFabWRlMlRIcllqT2VSamh3MkNJZXZJN0ptMm50cHVvWldGeFQ2V2FBV3VlVjVBS0Z1dTZvcW9HSUNHRVZINVU5TUhNS21WYnhhV0NqNWpNem9iTnBScW9JeUV3Vm5JUUFWbUhFM1Z0ZXpLTFNXRGVDMlRsQg?oc=5,"Tue, 26 May 2026 07:00:00 GMT",ANTARA News Mataram,developer Aceh,google_news_rss
"Tak Cukup Ijazah, Pemuda Aceh Perlu Sertifikasi Keahlian - Sudut Berita",https://news.google.com/rss/articles/CBMilAFBVV95cUxQT0ZOUzVrak9fRmU4QzJKaXNnR2VrVlF2M1Q1MU1hUjVhX3JkUDFPeGUxSzNyVVdNZGJabzRpckdUZV83bVRDZ3dqN2tiZzhNU1RpaXEwTXpHU1dqb2ljLUtnLWlNSmd3cExzY3RZbm9QZWRXZklwYVo1SFlVcHE1cUFZVUVPTFExejJuNkVJTGRBazdQ?oc=5,"Fri, 09 May 2025 07:00:00 GMT",Sudut Berita,developer Aceh,google_news_rss
Samsung akan rilis ponsel layar lipat H1 2019 - ANTARA News Aceh,https://news.google.com/rss/articles/CBMijwFBVV95cUxQSTBEX3d2RW50OWZuNnRfcEZwWWQ1NmpCYzFZeF9yYUYyTXFaMG9QaFpfeW5mRHhkNGQtNXNCVGhNb280T0lBWkxTQzlweGRGSUs3UU5HS0VHYVU4czhRTkhxVDVBZmFpYmVQUTF5QzBvZzZFYnZsYVR1X3hybFZTUzFVb283SUtqMF9kV3pVVdIBlAFBVV95cUxQeUl5NVMzYzQxcFBtV29DRU9ZOHZzWmM4Zk1kVDM0NENkRnlQemk5YnVRdjdTd3VwRlJMQ3Q2eklDcFBIWHdIcEg1bTlJeXpwZjY0WTdxSVdDNWlvekFral9vQWlPUlZ6VkQ3WkN2SVpyVV9nRDhjNi1lODh1UGdaVHpUYmhURGtkVk9seDF3UU93U3Zn?oc=5,"Mon, 12 Nov 2018 08:00:00 GMT",ANTARA News Aceh,developer Aceh,google_news_rss
"Aplikasi BS - Jak Hadir di Aceh Selatan, Tawarkan Sejumlah Layanan - Laras News",https://news.google.com/rss/articles/CBMiqAFBVV95cUxQOXo1VHdFM1pZQmN3cjY3OVRlMXJNRGFvcGhvTHd0eTRkMnUwUUtFTHQzRHZ1Yjc2Nk1SMlZ1UUphT1VSQ3dKNWhlSmpha1N3SVFUamlzYkVmanFCeFZnM0w1S2JIV1BTSGlsbTlwRm5LYXc4VzQ0NVRieFlzdVMwUnNwZzJlSllRbmtHY0JldDdjV3F6RVBDUmhMX1Myc1Bsc3EwWks4R2g?oc=5,"Thu, 04 Jan 2024 08:00:00 GMT",Laras News,developer Aceh,google_news_rss
"Adidas Ultraboost 22, sepatu lari untuk perempuan - ANTARA News Aceh",https://news.google.com/rss/articles/CBMilAFBVV95cUxPNS04TTFDeHJHQ2Y0NktvQUlHeGZUMUNEQmlIMXFVX3JDY1oyWThzSDd3S2FBOHRsTEtmeDg5a0NDZVppak5sTUdrUlZOSV9TSi1oTTVqMVV3VVZmMl8zQWVYT011LVc1Qlhmb3RadnF3Qlk1bm1KV0dpdlkzLW1CcmhzTGlGUkRSckktemI2bjU4UnZS0gGaAUFVX3lxTE5ZOF9oLXY4NjdPY0d4bUFJQmFGb2FsUUt2XzFnenFwS1oxUG9tLU5fQ2o5MGNYSV9MWUZxenYyRndkTzBmNEdUMldZWUZ4dXpNR2RIWk9oNEpLUXN5QktLQ0FlSnFBNlZfWm0yWUp2T3RpQUlLU0U2ajBrNWRkV1ZpNXJ3NDF6SGRjSzFQeGhBX3JFTHlhazVYMUE?oc=5,"Fri, 18 Mar 2022 07:00:00 GMT",ANTARA News Aceh,developer Aceh,google_news_rss
Kuasa Hukum Keberatan Penetapan Tersangka Kliennya dalam Kasus Jembatan Kuala Gigieng - Waspada Aceh,https://news.google.com/rss/articles/CBMirwFBVV95cUxNeVlBS1ZLUkQ4VHBfMG5ablJ0OXQzMXdmN0xYUTdOaS0tRFBlUlpnWGxfMlN1cmNBVUNFU2syYno1TTFjYUhBRUI1RXpLU3FwdVZTMmItbGp2WUxLTjk4YUJDWmtscG9ULU5NdlQyQkVNZXo2ZU9YQ0VVTUpaTEFIaFdmaURIV2NKOWpuYlY3UVQ5eXlQbVdidEhRQmZHZDBzQnpCQ256OEJOdUQtS0Zr?oc=5,"Thu, 02 Dec 2021 08:00:00 GMT",Waspada Aceh,developer Aceh,google_news_rss
Mengusik Kerukunan Beragama di Bumi Serambi Mekah - MODUS ACEH,https://news.google.com/rss/articles/CBMikwFBVV95cUxOS243dUY5eUJCS1Vac2UxRW1WaFhTU2haQnB0Tk9lemgwdUFMRXpOSTZFQ1ZYTDE1ckl5R01EZmpJckpqTTJIUWFEMERXZTBaYkJrUG5DMnA5dTk0cm1TOXdfNGJDRmNoQnZwbjc1VWx3OHJmOWVpbTdJd09IUXg1V0hNdzRHbC1EZFNONkR6ZGxJelE?oc=5,"Mon, 01 Jun 2020 07:00:00 GMT",MODUS ACEH,developer Aceh,google_news_rss
Hutama Karya Builds Wildlife Crossing Tunnel On Sigli-Banda Aceh Toll Road - VOI.ID,https://news.google.com/rss/articles/CBMiR0FVX3lxTFBsY0t2b0JBcmNNeE5VU3d5MVZzT0ZaSkZXdmE1M3g5cGFQNGdpX0hfMTMzYmZnZmF6U3FUcWtaMXZxeVNjQmJZ0gFCQVVfeXFMTmt3WGU0Zm9kNVdyYUVZMHZuUmxVYmlRVzcwemRzb0lNSVVOekpIbHlDV19NYUlaZVhMYzBaRVoyZTZ3?oc=5,"Fri, 14 Oct 2022 07:00:00 GMT",VOI.ID,developer Aceh,google_news_rss
Apple Developer di BINUS Luluskan 1.155 Mahasiswa Berprestasi - VOI.ID,https://news.google.com/rss/articles/CBMilAFBVV95cUxOZzZ5OE1iQ05OVDlVXzFVVGt4dDAtS1Q3TG5lNWVaTHJMNXBJMFZtdGFJVUphWEhIaFFQUVRueUpNOVQ4TmJpZ04wajdES2NWMnljNVdnYlJPcVpqV2dyeHdMVG1HblhmdzN4MTkwaGFkQ0czeldUdWRVNGpfRDdFcDdyc3BSSFhlcjJWOVFpYVFCSTFs0gGQAUFVX3lxTE40N3U4bHRXY3lTT3lMSDg1UFhxMHdpZnJSZWQwa215cEp5N3pLTDF5Rk9qLVY0OWgtaGx4elIxMlJLTERldk1ScjVpWDhDRVpKN2dqU3ROTF9nNE0zcUJPRFlsVVNyUERtckRGWmhMZERrT1pmOUVZeV8zNEpiQXd3UDdqVl9zMXNVaW13cXNGYQ?oc=5,"Fri, 05 Jan 2024 08:00:00 GMT",VOI.ID,developer Aceh,google_news_rss
Hilangnya Persawahan dan Munculnya Perumahan di Pinggiran Kota - Kompasiana.com,https://news.google.com/rss/articles/CBMixwFBVV95cUxPYlJLWVV4d1JiNG9WMjJUZ2pCTnZxeUg0UjdldFljc1FValUwd0hXb1ZxVjR2V0MxRWNobldtdHU4azZqXzZEbG1fcHduTkpQTGdEUDliX2JiVGdlTHk3b1pQajM4Znlsb1g4M1p1aG9RbkNLMW11czNiekg2ejFRWGdrM09NSE5MR2ZNa1A3Wi13QjZqY01aRGd5N2FZQy1FQU1tekNDSlp4dDZQOW42aEdjeGNnWW9uVzVIdnExSUJkU3AteXlz?oc=5,"Wed, 22 Jan 2020 08:00:00 GMT",Kompasiana.com,developer Aceh,google_news_rss
"Targetkan Net Zero Emission Di Tahun 2050, IKK Garap Kerja Sama Energi Dengan PEMA - RM.ID",https://news.google.com/rss/articles/CBMiyAFBVV95cUxOdFlaX2FocnJ6UENyTjBfU1YyU1YxSjNWSGRCV1poUlBuXzFCQkZ6V1gzNE9PZk94SDRoMUdvWkNzd21UcGJqakp4aUd6WFllRGY5UXRpaHlRc2hCX2JQVTM2R3I2UFlVVTU3dFJfa19BUnR2eTFQMlhheHdNcmpwVW9mYkZyMmJBenpOc05jRjRpVjg2MjRocGNDOTRCem14RHZuVUZ6NkJHbVZYRno1QlBEQlo2VWZhOFJiT3lUTmZmaHhRdDRqWQ?oc=5,"Mon, 21 Mar 2022 07:00:00 GMT",RM.ID,developer Aceh,google_news_rss
"Musda VIII REI Aceh Terkesan Dipolitisasi, Demisoner Ketua Dinilai Tidak Transparan » - dialeksis.com",https://news.google.com/rss/articles/CBMirwFBVV95cUxPcXJNbVhiV19tVWRlY2VpakpBS3NXWGN3UV8yWHlrNndpT2RWaE5rVDBSNF9rSWVLZEcwSDRyNzhtb0NKeUlnOHFpb1llMXZaY1JEUHFKTUh2V1pDY0NSanFNa016Z3EtWXVXdmJQQVNaaC01RXVia0Y2OGxYZkRpZkNPOW43dzFXMGpWNGsxZWNVbDNvamJua1haczJTcW1UZnY3UlBINUxSN3MwY1Rz0gG0AUFVX3lxTE5za2swYktfdEFpRVM4bUtncmhxd19LWHpLOEZQa283b3NZMkFOSlZxblVaTzB6VE8tT0Y5U1lGZWx6Ynd2YV93ZEdHQmtIbk1YOG1WaTlTUTBEUjJvd0Zmc0wxTGJ5UTBIcTJ4Y1VpRzRMWHVNelQzenlDbUJ6T2NuVU96T0t5SzVxMEhQLW8wNGlZNFhJZHd0bVpaVkJBRVE2aXFYZDczZ05RUllVZE95a0Voaw?oc=5,"Mon, 02 Oct 2023 07:00:00 GMT",dialeksis.com,developer Aceh,google_news_rss
Daftar PT Vokasi 27 Provinsi yang Digaet Kemdikbud-LPDP Kembangkan Potensi Daerah - detikcom,https://news.google.com/rss/articles/CBMizwFBVV95cUxQN0hsajZxVEFpMmYzVHJyY29fUXQ4OVZuelNmVEx6ZFRnU0trLXdnUDBFU0RQbnphbDFiQjBoS2pZTEFsekY1cGVqUi14cVFuelpUVmJIMWdYSjdqYmpZWXF5RW9tVW5jTFlKZXo1R1gzV1NYb29KYVV4NjdHamdBd3lac1M3cjZYQzl6Tk5laVRvOHk4dUlFQjlaOGliejFjYUtIZURVX09QalZyaEtGS2NwMWwteEdVZEJWQjJTQUhZZklOdzdiQzNmRmJXeDDSAdQBQVVfeXFMUGVBSXI5NVQta3p1eEFqSEg0NFdCNzh6NWd1REVmd3o3MTJaM1Bxc1ZrQkFkelF1UVRieGV0U0x2OFk3Ni1BbVZ5WDFOaHBwU2w5MzhJdXpxWXF6V1phZWw1VUc1TVFNMzVGZmg5MlBNal93X3RxZFBPcVJsMURtSDFQSXlfdThqUHdjWVlYOExjQU1rWXowQ0g5dUVwY1Y3c2NUaEp5OXg3WDNKd0RPR2hleW5JYmE2WG9GNEFsS1lPV2ZZYmNpQ1ZWLUE0QkNGNThRZzI?oc=5,"Tue, 22 Aug 2023 07:00:00 GMT",detikcom,developer Aceh,google_news_rss
Prajurit Kodim Aceh Utara Terima Sosialisasi TWP dan KPR oleh Tim BP TWP AD - kodamim-tniad.mil.id,https://news.google.com/rss/articles/CBMitwFBVV95cUxQLTZRcDRVSTFRb1ZVNmVUTXBuNVJLUVh6UzVTRlFfUUxWTVVVakpicmtQLTF2NEdUQXN5X1RCWTlNU1JuWURtckxUZUI1M2p3QTM4TDNLUmpuOERGYUUxZ2p3ektZZWJRTTFmNmpCMTNVR0t4QlhWM3RRWFFMLXhBX1h1MXVVSlJVRnhES25HTnVneUUxWG44RXhFY19Rb2RNak9renkteXN0V1NtbUw5LXBRbEM4LTjSAbcBQVVfeXFMUC02UXA0VUkxUW9WVTZlVE1wbjVSS1FYelM1U0ZRX1FMVk1VVWpKYnJrUC0xdjRHVEFzeV9UQlk5TVNSbllEbXJMVGVCNTNqd0EzOEwzS1JqbjhERmFFMWdqd3pLWWViUU0xZjZqQjEzVUdLeEJYVjN0UVhRTC14QV9YdTF1VUpSVUZ4REtuR051Z3lFMVhuOEV4RWNfUW9kTWpPa3p5LXlzdFdTbW1MOS1wUWxDOC04?oc=5,"Fri, 19 Jan 2018 08:00:00 GMT",kodamim-tniad.mil.id,developer Aceh,google_news_rss
"Melihat Perkembangan Industri Gaming, Fatwa Haram, dan Potensi Ke Depan - Whiteboard Journal",https://news.google.com/rss/articles/CBMisgFBVV95cUxNZDZlQU9RempFUG9lOFJvdFFfRVpGeFIyR19JSkVWU0poY1p3LVMxd1JqRTRxbHZkd2pLaGVsdURMR0d0V04wT1hidXVVNFM5R3ZsZkZkdE8zQU9NbEYwSWR3OFBhR1MzMlA2eHVKby0wZGc3MDJEX2lGUU1EQjZFTFE0U2dleWVjTVNRT014Vm11OTRUUXd0ck1BUmtRSHNQaC0tQjNYc3dwMGxYWEFzcUFR?oc=5,"Mon, 08 Jul 2019 07:00:00 GMT",Whiteboard Journal,developer Aceh,google_news_rss
Konami Siap Kucurkan Rp28 Miliar untuk Turnamen eFootball PES 2020 - mediaaceh.co,https://news.google.com/rss/articles/CBMioAFBVV95cUxQZ0xoNk92LWU1M1QzWHl0SUZISWppSjZqemtNdVJya0F1Zk1DVEJvZUNaUFphRU5xQS13U25CZWhsSXVQV3JsQWFCdHNuNGduYmYwLVBsVDVUNGZIRlN0U2dYMkJUTy10Zm5hLTV1d2U5aUtZZktmUXYyWjE3NVdKSWFnRVhUYl9Lc0VNRGNjc0pwa1NXTEJqUURPNjUxdWo4?oc=5,"Tue, 27 Aug 2019 07:00:00 GMT",mediaaceh.co,developer Aceh,google_news_rss
Direktur PT. Kreasi Mandiri Land Mengaku Bertanggungjawab - MODUS ACEH,https://news.google.com/rss/articles/CBMimAFBVV95cUxOWlh4Y3NpVE9TSGl2MWxNUzdJMlNkNWYySkRuZXFzQkZSUnk4bV9ObzNrM1RfampjTFRjeV9zdThEQkY1aDc0WXdpSXR6al8wbVhoSDEzRWMyeDZzVFRSUVpjVFRiMkNGSGVEUVk2ak51aHM1aU82V0dSOG9SWG4wakZmdGpoVUJCM2l1R3JHbHRyMU0zMmliZA?oc=5,"Fri, 26 Oct 2018 07:00:00 GMT",MODUS ACEH,developer Aceh,google_news_rss
Begini Cara Satlantas Aceh Utara Mengingatkan Sadar Lalu Lintas - spiritnews.co.id,https://news.google.com/rss/articles/CBMiogFBVV95cUxQU3RSY2dYQzJHY2Y2M0lIRGd6cHFTTUs5XzRIT1dUSXgxRXZoUjVqWElFekxTVmtLdUNvb2xuSWpYekVKdjNUMzdDMVI4LUxaWElpVFZnOHRNdWpoc1Q1Y0I1RGtyUFlENWMzbktYcEh3aGg2VFFXNEFZd1puNGZzVmktOWpqWUR5a3JlMUJQOWtLQnBWYktScU13TjJ6T2ZzeHc?oc=5,"Thu, 14 Jun 2018 07:00:00 GMT",spiritnews.co.id,developer Aceh,google_news_rss
Kawasan Pasar Kota Lhoksukon Semrawut dan Kumuh Lagi - spiritnews.co.id,https://news.google.com/rss/articles/CBMikwFBVV95cUxPd0VwRzVmd0FjeTBTSlF2Z0pNSUU5Zy1KLXg3TmszLXhZb3NwNEo0Tkc1TWl2aGlVZTRZOTl1WkdoeUlZRDNtblpXTEx0dmgtdnJpNGZyMklHZlY4cnplUDlwek81cVkyZThVMkU2U29hUnltVERwMWlXX3YtNlcya1RxN3VzWEFRNGltSjh4VTFBaUk?oc=5,"Tue, 04 Jun 2019 07:00:00 GMT",spiritnews.co.id,developer Aceh,google_news_rss
"Cinta NKRI, Pasangan Pengantin Ini Kibarkan Bendera Merah Putih - spiritnews.co.id",https://news.google.com/rss/articles/CBMioAFBVV95cUxQOUJ4ZFJrUW5kMzdtUmJaV2tsTkRIMGh1UTBMNzUya0JJQUZBVnJ4LWJvLVFUQ2dPdVRIVGRaX0ZvVEJLRUFoRE1FeThiLWlTNzdIX0lmaGFwb3FFMEdDY0UwNk1RUTBUQXpMWElLTkNjUFZ4NGxHN29NWlBRd2ItakoybC05RGNjT05OZGViMkJsRUx0RlRiVXpWdHg5SlRT?oc=5,"Sat, 05 Aug 2017 07:00:00 GMT",spiritnews.co.id,developer Aceh,google_news_rss
Sekda Aceh Singkil: Maulid Nabi Momentum Meneladani Akhlak Rasulullah - Metro24,https://news.google.com/rss/articles/CBMilwFBVV95cUxON1ZHaDNVUnJLMWx2ZWpuNUduOFpMZjlNNUt3VUtfdjJWNUFMMnBnNTFfdGdGXzNhclZ5X1VjenVYbFFDOTA5WEdvZkU3RUo4V29lZGNkdzQyc3ZoV3VLWGlSdDZSVklHOXR2YjRVMnBWd3JtUjBQVDllYkltemwyNXBwdUFDUklWaXRjYWliS1Vic0JQTUpj?oc=5,"Tue, 25 Aug 2026 14:54:53 GMT",Metro24,developer Aceh,google_news_rss
Menu Egg Geek Buka Pendaftaran GRAK Batch 1 - RRI.co.id,https://news.google.com/rss/articles/CBMilwFBVV95cUxPTXVqZDRjbEs4QlE0V3pGVld1MlViTkRSREFBQjZ5c25FTW5yLWI3Mk9URkN4TUNILW4xeVE3VVF2SkhLRkxKSDBxWXRBdWJMMThWM0xPZkcxc2x5MklCZ0RUNWt6UVRjamZTcmpnYnItblVTRTVQNzdTTFpLRlFYTUdYNjhnQkUxdTgtVVhPMU9ldzg1R3FJ?oc=5,"Sat, 20 Jun 2026 07:00:00 GMT",RRI.co.id,developer Aceh,google_news_rss
Khan Developer Sediakan Rumah Layak Huni dengan Harga Terjangkau - Serambinews.com,https://news.google.com/rss/articles/CBMipgFBVV95cUxNWml1RDJBc0lHRjdTTmR3TUd5ejA1Vnc0dDJURUJCOUEwNHlPOWprTm1CT2RhcHZrX21OcWcyRkFxb0xUNTZFdk1NSXJFZkVVWkg1NEZhd0RZVDRGd25yNW5SUHNzU0k1bjZoV1NCWmxLRTBlNW1UTFVyUld3T1RTSktiTFptQXdlTF9kS2VfOV9KNHdWZmN1VHd0czczbVRBTUxBZEVn?oc=5,"Tue, 23 Feb 2021 08:00:00 GMT",Serambinews.com,developer Aceh,google_news_rss
"Kolaborasi Nol Karbon dan KPH Wilayah III Aceh, Hadirkan Program Blue Carbon di Kawasan Mangrove Pesisir Aceh Timur - disway.id - Disway",https://news.google.com/rss/articles/CBMi3AFBVV95cUxNc050WTdoZXRSM3hvS001T3VVWTl3NU5vX0RITURfVl9DNjNpcHVrVXA4LTJGaWxna0RWbkdfbXMwb2kwdFZseTJpazRYVnVxTlRVSE5adXdyOVdNWUp6alp4TTdTS2RlaTZzUk5mQzNLNEZUc1Nla3h6VDhKMjQ0QWsza3lGMzVVYmMyWjVxOWp4ZlZuc01uaVhJR1dfRy14SG83Y1NBY3pYRHk2TmxzX0pxRUx2RW1XN1lyMEJheTdoM01QcmY0VDZwMk9EM3J0VzIwamNZUTg0X1I20gHbAUFVX3lxTE9VOXlMUmtnNWxweTRhd0tvVlRBMjQ3c2NPWHpZUktpaUpJQ055WmpnM3ZjS2RpVmM1ZEd3bnIxLS1Ud285cEpWc0dmd09ldzF4YkEyVVljNFBaWUNLM3hSRkFlb1NkUldzN3dHMWFFbHV1MnlyMDNMWWIzSVJhRF9hbGRqNWVPQmdidEJjRG1fd1drRVZFWFFoRkFncVVHYVlCTTJMbWlTN2lHQ1lOZzFWckRtNWJ4bC1nQ3ZFSnEwa2RzbThPWVVKUW5uU2RpRERiRk9INDVfeWJTUQ?oc=5,"Thu, 14 Mar 2024 07:00:00 GMT",Disway,developer Aceh,google_news_rss
Kapolda Aceh Resmikan Secara Serentak 100.000 Rumah Untuk PNPP di Aceh Besar - Serambinews.com,https://news.google.com/rss/articles/CBMitAFBVV95cUxOazJGS1NlTUVmR2VfaGEycEhvd3lXR2RobFFGOWg0Rl9zZ242b1JfcE5iYTB6MHpVc0g1VHl3SXlCOUFDOHNCUEw5eEFieVJyanI5WG5fYlZUN291RnNHTEdnTmJ1RnZDTnkwekZlVnRralpJU0N3YlBSZkRKdF9qdGk4aGdJbUxwY2daVWdQLVBfbDNPdWEwdUctRzJtd2lKd1Y5ck1HcVAwNE9Ka1VIcGdybGc?oc=5,"Sat, 05 Jun 2021 07:00:00 GMT",Serambinews.com,developer Aceh,google_news_rss
Ikaderi Aceh Coffe Morning bersama Kantah BPN Kota Banda Aceh - Pos Aceh,https://news.google.com/rss/articles/CBMiigFBVV95cUxPN1RRZl9iQ0FXdzlrM2p6ZjBFVjBSc2ZuSlM0M0dhTE5nY3FYTVZJZmRYaWF3N3hfNnNzVGRLbFk1di04NG04SzBQOVA3OExVd19hRGZoak4xODBsbC1hY2M0dUNtWmN5aG4taUU2bWhVdTRNSUFIaFdnQzk2NWVYQWc5d3h3bm0wM1E?oc=5,"Sun, 07 Jul 2024 07:00:00 GMT",Pos Aceh,developer Aceh,google_news_rss
"Harga Besi Beton Melambung Tinggi, Naik Hingga 60 Persen - Serambinews.com",https://news.google.com/rss/articles/CBMimgFBVV95cUxQOE80ZHpua0l2aFg1bEw3LU9XcWd2WnU1UGsxS1NaclFpYTV1N3R6SVNZZTNydFVqbUxYU2F5eVhwdExnR1NoSjlfX1BjUjJ6eXFsMFA5dWF0emEzQ3BwNGJDR2dHNWJoTm1RQ19JVjU3OE9aRG8wbFY4OW5naGhPMGp2aVdfQm9hQUQ4TzJYOFlIOHg5UGRUaFdn?oc=5,"Sat, 06 Nov 2021 07:00:00 GMT",Serambinews.com,developer Aceh,google_news_rss
"Gramedia Buka Lowongan Kerja Terbaru, Cek Posisi, Kualifikasi dan Lokasi Penempatan di Sini! - Serambinews.com",https://news.google.com/rss/articles/CBMiyAFBVV95cUxQMVRnQTFrYWgxWWJVdnF1ZnBjdXdEZ3MxWktWdVVLS1lhWHlhdW1XcG1uN1JYeU1KRlJKYXcwUFpoSW5Pd1NwTVl6X0xTQ2VIeWFpLVJPLThhZDdSRGU1c1Nna2VqYklkX0UwREdGY1JnNTlyUDFtSjhXYlNQSE9FMXFGQ01Yek90UTJrSFhpNWJ6RWh6ellxOWZVbEdmUURmVHVsb191cmhPSTRqeThjd1hzTm1zY1lyaHdwTVhWUHNlelVNZTNvaQ?oc=5,"Thu, 23 Oct 2025 07:00:00 GMT",Serambinews.com,developer Aceh,google_news_rss
"Presiden Prabowo Genjot Rumah Subsidi, KUR Perumahan Jadi Terobosan Baru - theacehpost.com",https://news.google.com/rss/articles/CBMisAFBVV95cUxPT3A4eU1EMy0ySVVDQmRlUDNTVFl5TzFiVVVPSlYteGFreVBoZmdfZ1VCM2tWbW1hemRXU0M5Rm45OTZ5aGU3NHJkWS1BUF9QMUphV0hUbXl3SHI4OVpzR3RKdnljWl9vbVV2MDgzSFFUdlhFNnNoMUhQbVpYQXd0RFRLQU03NE5vc2JDbFhGTVlxM3pJdS15N2RNX1ZqRGxZcHltV0ZwYkcwekxGeHI2ONIBrgFBVV95cUxNZFFIOFBrZHFtV1otakhXWVNRaDNyRTItTGpMRzNaTnpBRDBzVm8wUHRGWkRzZUw5bExvZkg4M1VsREpaSTMwd09mX2FjYmlqbHA4UDNSVTdORjFvQTBiZHRSMjFxYk96cEs1VTA3VEVkNk5uaTN4ZHhtSFRlNEp1WnV2bG9pRXBXZUlNdWVuT1NaRGU0eXRDWllyNkRMVEZpQ3FGZXIyTFBvQWtOZ0E?oc=5,"Tue, 16 Sep 2025 07:00:00 GMT",theacehpost.com,developer Aceh,google_news_rss
Abang Becak Lhokseumawe Butuh Aplikasi Online Antar Jemput Penumpang - AJNN.net,https://news.google.com/rss/articles/CBMiqAFBVV95cUxQQzRPWHFIbmNTUGN4WWNIR0RjRWVfR2FyWVZ6Rmozb3pOd0p6bnVGTk9WWFhXLTc1MVNOR25OblRLV3RNSVdGSzk2d1lNVC1MbmVQRzk0dmtOUEU3N3ZGVzNCQXhKS1R2dFpfQlBTVDBlX0tDQlo2UUVYbTVlVHA2WnViaVppckp2cFpQNGc0djUxN0VDektVNGlsTWgzYkduejJZdUtyMnXSAaYBQVVfeXFMTmd2V2owOU80Y005TkFsWmNzX0JId1NJTTRBWXdxaXhsRVBiZHoyVURYdGkzTjA2NHRSUXd0VWZTcGhRSjNUcWhsN0EySUptc0MzcjhNbnRDc29BMXpZVExPR2wyU3hUUXRnRDA1SjEwUlBPdXFGdWd1NTlRSDNnSDVBdUV2R2tMd1Qyb1pVUEFuZDNvcGJFSzlMeXNHdDZTS3dDMmRldw?oc=5,"Thu, 13 Feb 2025 08:00:00 GMT",AJNN.net,developer Aceh,google_news_rss
"Dua Bank Syariah di Aceh Diminta Jemput Bola, Bukan Tunggu Bola - Pos Aceh",https://news.google.com/rss/articles/CBMiiwFBVV95cUxPRlB5QmRvVWVyd0N0bFVoeGE5ZkR2RVNmamRKWVJXbnRpd0RmbHBhbGRmTW9KUXZ6OUMxV090d3h0aEtYc0lPeUpKc2E5Q0huZDZUOEIzMnVQMlRfeE1nZ3FYREp3WHplaElDamRXbnh4R2JWYjVFZGZvUXlHUUhIQWlaNXByczZtcnJv?oc=5,"Sun, 21 Sep 2025 07:00:00 GMT",Pos Aceh,developer Aceh,google_news_rss
Prof Syahrizal: Merger Bank Penyebab Kendala Peralihan Konvensional ke Syariah - nukilan.id,https://news.google.com/rss/articles/CBMingFBVV95cUxNb1ZTWGtWVzVqZ00wS2h0VXNWd3A2OEdTMkN4ekNzUlVnMFFYV2k0OGt0dWZLZ0dOVzB0QVNlVjhTQmxNNERHUlZwODNLSFkwb1VSZmhYRklJUlVCZ0FQd2V5cGZMbk9DUzFQUTZvYWZPNkx6al9HV1c4UXZhSGwzb2RBV0hhTlV3bXpxNkVaRzVrWEEtc2c2YWZKXzdXZw?oc=5,"Fri, 27 Aug 2021 07:00:00 GMT",nukilan.id,developer Aceh,google_news_rss
"Cek 2 Twibbon HUT Kota Banda Aceh ke-821 Tahun 2026 Paling Elegan, Tema Sinergi Kolaborasi Lengkap Logo Hari Jadi Resmi - Jatim Network - Jatim Network",https://news.google.com/rss/articles/CBMi-wFBVV95cUxPdjdnM291cWd6TWtSNF9Kbl92U0RyNWhvbktoSUVYRGdvUTlhU1d0ODl5bGlwYXRNS09kMi03U3VKa1VJd0Y5RjVydlYwbDBCU2JnVlVwVWlVN0lUTDlfXzZSTERhRGFISzJ6cldsU1A4OUhCdGpRc2xTNFN6V1pZZ01ZejJyejNlc1A3S1JtU3h0N0NUckFEc0ZmSW8xb21hdjJiOWZ0SDFhTmcxNThaQjh1Ri1ob3MwU0YycjVpalR3c2Z5UVVFNTdodXVleUFabmxpVzItRWZEZ0ZDclE3ZHpNa3N1U01DODF1ZG16VWIyX3Z5cjBvRVBNMNIBgAJBVV95cUxNOFVSVkFjQlZvZGlWZ2ZCVHFUN1JGZF93RXlTbXM0RFlSRzRrWjZ1U05PZUxoX0N0ZnlSZ0NySU50QVkxc2ZaVTJhM05VWF83cXpHZHFEQkxSNmJ1OWJfNjFFUFBJYzlzNXpyM2JwTmxmaXctWkxGbHFMOU9kRzhIZ3hZSVc2NmRpQUt3NHFEeGpmbTBPbVBfZG5GMEZqQ0JNWVYxY3h2TXNhY3k3Tm9NUDZlYlhyeVVvMC1EenFwVWF4TV9Md0d4b051R2x4R1pmbDl3dzc1YUlrM1ZWRktCVUMxZ0RuanRIdG0yV2tpV0dIWnlzVWVUUVZLd0FZcFhf?oc=5,"Tue, 21 Apr 2026 07:00:00 GMT",Jatim Network,developer Aceh,google_news_rss
"Nyuciin, Laundry Online Pertama di Aceh - kumparan.com - Kumparan.com",https://news.google.com/rss/articles/CBMihwFBVV95cUxNcGRhc3NWQlNSSHFUcV9fcm9PcmR3Y3pFdDY1d1VkdndtYzhoZjNhSnQ2aV9JdFZoRWZjWmd0OVI0WlJhNDRwRVo5SzJXRUhiM2JoNmR6MDBDR1lfMng1czFYM1NodmJiQlIzdHJpbFRXR3Rlci1EbWE5UTVlUmlLVjYwQTRLMTjSAY8BQVVfeXFMTzNSUGl0SVZJSnNvVW5sRVhXUGJYengyd1h6RzJ6NEc1eFVqUlVHOHZGOTZtVXdIRkV5a0t5Y0lGRzZIX2lmNVBHdUVKd2w4bTFsb2lOZjA5LUNteXZpSTFMdk9aRlMwNjlhbDJYcmRYclVacFBlZXgyajhmanlwVWdodkVsWGxrRk1lS2h0c0E?oc=5,"Mon, 15 Apr 2019 07:00:00 GMT",Kumparan.com,developer Aceh,google_news_rss
Belasan Mayat Korban Tsunami Aceh Tak Sengaja Ditemukan Tertimbun Tanah saat Warga Gali Septic Tank - Tribun Video,https://news.google.com/rss/articles/CBMi1gFBVV95cUxOckUwM3ZmMDZGeUdDWlBvRnVJNjZrQnR2d3ZFa2F4TzdMYmJKSU05NnJIR0pXSlNhYk1oLTFRS0xRZmR1Nnh6eEZWU1BnSS1la3NqRGdBcFdYWVdVYV9LMndsek1NaFNhNzJMZ1hMQXpPVHhXQ3NMTThBVEtSemNralo3TDh4dmlLN1dhOEt3bkRzVlhRMVlkSzBlX0lIV0J0eDVyNGVNbVRiam5nOW52OFNaNG9ZQkRyY1FudXd2ZnhZZ3VqbzlaTFJqeDJlUjZHaVpSMDV3?oc=5,"Wed, 19 Dec 2018 08:00:00 GMT",Tribun Video,developer Aceh,google_news_rss
Download Game Higgs Domino RP Versi Mod Update Terbaru - Acehsiana.com - Acehsiana.com,https://news.google.com/rss/articles/CBMiowFBVV95cUxOT2ZHZ0VZY2lGQWJOa0EtNThkVW4wOWtzQTBsenJtaTR3OElYRmdLMWsxTXc2T0ZCbXhXZGRzZjN5eklneUpyWUtTSTNld2Zub3hudktVbFlVd29LMkRhRXh2Qko2RFk4OTQ1cXBYR3IySkN4TGtEWF9SX1pUZ29QQ004MklIMk4yY2w0amdsUHE3M1ZQZGxnMXhvcXllY2Fod3Aw0gGoAUFVX3lxTE5XOURXY0lLNkJNUnptaTVHamU1Q2ZRdnNPWlVfSC1jSXIwWFFEbHlhOWNMdllJMW92TGNuRTZuVkNMOEdKc0tIS21GNmNqd0JsX3JCbmxVQld1WWZJRUZsZVZuQnk0TkphMHhlb2JjRmJVWFE3c3JiSXNCd3dhNk01UG1Yc0dQLWV6enlOdEh4V2VKS0IxTHk5Tm5naGpqak53TTI5ODlvUQ?oc=5,"Mon, 02 Jan 2023 08:00:00 GMT",Acehsiana.com,developer Aceh,google_news_rss
Kriyasi 2026 Dorong Pengrajin Lhokseumawe Tembus Pasar Global - RRI.co.id,https://news.google.com/rss/articles/CBMisgFBVV95cUxPSTBhVTlQVVkyUkFfRWdBV0s3UThZUnFGelFRS2o2bkZZLXc3SUQ0bF9zcmRybkFwcUgyalVRbXFSSzhZbG1menQtRW5DQTVyWnZwYmhzd2V6MTl2bTBuSFU3WjJOb3poaHJ6MGVzRjVkZHI4aEZnQkxVUm5Kek1tam1kZ19hbV9DNkUwaUhYRk44ampjUkEzNnRtd090MVlmSGd6RXNaanhuMTZCdjAxQTZn?oc=5,"Mon, 31 Aug 2026 15:15:00 GMT",RRI.co.id,UMKM Lhokseumawe,google_news_rss
Wakil Walikota Lhokseumawe Membuka Workshop Badan Ekraf Digital Entrepreunership (BDE) yang diselenggarakan Oleh Kementrian Ekonomi Kreatif - satupena.co.id,https://news.google.com/rss/articles/CBMiggJBVV95cUxPa0Q1aDlJbVpYek80VEZvUWN6bWRuWG9PSXVranhjX3F3djN3Q3lNLXU4aGZ2N3dMY2Y4TnBpc1ZlMjNZMFJVWXBNc1RfN09JNEU2Z2xVbUx5TFlVeG5qQWk0UEZpXzVpTFNZandYX1JTLTJCWGhQdnJuQkdBMEw5aU9aeWpYMV9mN2l6UGtNS2FTbUZyVm5INm9ZZWRsUUxUcnBsdjFIQVdOTVQ3REUtTEhNOFRiQTMtbEJKMGN5ZWRwbGM3akI1cXhPRHNZd1JKc1k2dnNoOUdxMEpoLUdPMDdCZmhXUFhYUTZPYXp4N0NwS1pXTExsNVIwQWFQYW9Vc0E?oc=5,"Thu, 27 Aug 2026 09:47:42 GMT",satupena.co.id,UMKM Lhokseumawe,google_news_rss
Perjuangan Mahasiswa KKN Sukses Bangkitkan UMKM di Desa Bayu - RRI.co.id,https://news.google.com/rss/articles/CBMisAFBVV95cUxQaEtDcWI5bHNWNjJNTGRxRTlVNkFtWFNBNkN0RF9EUXNOWFNvaUt1TC1PcDFYY1o3MFVqSnhKd3d4X3hxNHRvUWVhY1dmZTVabllKMzJBT2hPWG9pbmdpMGdVY3dDZVhxVk1VWnRSQm9rcEtxcWRBaDVqM3NoZ0NBQW44M0pKeXAxRHBJdTZqZEJYby1fLVVwVGhoNzhheG40VUxBSURHck13V2RvdEMtNA?oc=5,"Mon, 31 Aug 2026 08:10:00 GMT",RRI.co.id,UMKM Lhokseumawe,google_news_rss
Pekan QRIS Nasional 2026 Dorong Digitalisasi dan Transaksi UMKM di Lhokseumawe - Portalsatu.com,https://news.google.com/rss/articles/CBMipAFBVV95cUxPTkF2VkNXeE9FejNlcXUzYnF2M19wZEUzeVJZX212OGZuRUs1bm9wbk5KcXFTRTdnODFoUFlxUU95Q1h2anBVQ3FQQk1ZSWJWTk5LQ0RNQ254Rmt3TEtGbUxpMFlzMnZ6bDhUUC1hV2ZpZENQeThCSTlfZzJEWHVERHFRQl82WUM3UjgyVGhlcWgyU2ptbDllRnhsVlhlVlNqUDR0Zw?oc=5,"Tue, 18 Aug 2026 07:00:00 GMT",Portalsatu.com,UMKM Lhokseumawe,google_news_rss
Bea Cukai Lhokseumawe Dukung Pengembangan Ekspor UMKM Aceh - InfoPublik,https://news.google.com/rss/articles/CBMiqgFBVV95cUxPcUFRd1pOZU1MNm1paFhWQS1zLXVfcWNEWXJ1azdFelhPVHdfdlI3c3Z2NE9IZnZVejd4VG12bUt3Q05UNlY5TlBjYWdyX2ZkUGNxTmhmR1VBd1FzbEY3NUVIWm10RVFXZDRkM01GN0dDUllmMXJ6Vkl0Q0R4VUlPbXBTQktyZ2ZGNlBWS0pvZXQ1Q05hZXZiUDdxM1g4RmZtLUZTTVJkSHk0UQ?oc=5,"Tue, 19 May 2026 09:34:05 GMT",InfoPublik,UMKM Lhokseumawe,google_news_rss
"Hari Lingkungan Hidup Sedunia 2026, UKM UMPAL Unimal Ambil Peran dalam Aksi Penghijauan Kota Lhokseumawe - UnimalNews",https://news.google.com/rss/articles/CBMi4AFBVV95cUxPbDdCSDFJcDc4b0tOR0J0emlhZHZuMDZlRVVWNlJDX091RGZkYS1MX0I3SnctMU1ZamFMVjhLWnY1UWdBVzJOWFZ1OGduNGxOdzNUdnVieWxMU1hTb3RJb252WGIwaE9maFRKYUtBUGNZSmlRUXhHMEZNOXNTcTJrTExGeTEzRUVUV1huOEY1WGV5azZNVzNscjJDVjVtSnJPbGFPQk1CeE95VWRfY29SSG5YTi1QQ190NWVyUmEyMUJVTkJXSXVZMzVjLWs2WWNvbEEzR1ZLQnA5bzU1S2thYg?oc=5,"Sun, 07 Jun 2026 12:53:23 GMT",UnimalNews,UMKM Lhokseumawe,google_news_rss
Wakaf Produktif Baiturrahman Mart Lhokseumawe: Dari Aset Masjid Jadi Penggerak UMKM » - dialeksis.com,https://news.google.com/rss/articles/CBMitAFBVV95cUxPUkQ2NXA1a3NmN3M1QWtNV3h2dGk2aFJXVFZPYnFMWEhCNUg2ZlFvaDBSY3lzQ0RTQnl3a1pvUmZ3WV8tbmh1VGdlZUFYX21RSVpqc3A2aTFSQTluVGJzeEJ6VlNoRmtoNm1VU3lMMlp0ejhxYW4weFFldzZNNGhiWE85Q0JQcXdQTlVKRktGck9mbFRBSVlqRjNQRGxGeTlYdzBkNnFpaHJQQU8zN3g2aTdSYi3SAboBQVVfeXFMUDZPRXNxdzF0THlBbXEyOXpBUlJNekEycHVHZFhDVndEZHRNY0dhbXBNY0FidGFZQ0lYYllKUDJ6ZzhZa3ZYSElBN2hhYzJBLXh5LVdabGtERzhINVlCd0tuZms4d1oxZWs3dUdadEIyZTBScjl2aTkzMVEtZU1QXzRaVmZxTVRSUHN3bFBmS2NWSUhtWmVHdnJ0VnBuUVFGRGFZQWpSM0NsSW1XaURxeF81RThTaDJBTUV3?oc=5,"Sat, 15 Aug 2026 07:00:00 GMT",dialeksis.com,UMKM Lhokseumawe,google_news_rss
Bea Cukai Lhokseumawe Perkuat Asistensi UMKM Tembus Pasar Internasional - republika.co.id,https://news.google.com/rss/articles/CBMivgFBVV95cUxQVWMwcmhzc0VKWnlhcVZaZm9tbUhpWGJpZWlCMVdQdGhwWlFtMnpMRkFKdVFvRUFoZmp3MmNQbWpyTVpLZ0ZsRnI5R2s2b0lwYjFzNUlwUGJDTHBOazU0TmNtN21pUzVjbTRZUjJPd0QzQjFHd3ZJU3d2WnpWMGRMTldRQml4eVVlYWx0LVBQYkthZ3huOV8zc0F1eldhcDU3YWREbmxzVExDYldKbDhRdDdyNmdsSzdoWEJqWjZR?oc=5,"Thu, 25 Jun 2026 07:00:00 GMT",republika.co.id,UMKM Lhokseumawe,google_news_rss
Kemenekraf perluas akses pasar UMKM melalui Bazar Ramadhan Lhokseumawe - ANTARA News Sulteng,https://news.google.com/rss/articles/CBMitgFBVV95cUxQUmNKdW43T1pNTXNKdTZjUEdveGFYdkxZQ19KUGpLYkFBMVlJdzNKZ3JKa25FYVFVbGJXeWNYVktSZzhJN29XQTNWYmROTS1LYVZYUHFsV0VLd2JCeFRrWTVoQ090U252Zl9hMWZGcTNmOW1GbXI4dmhiU1NvREpEcTIzd0hFOEdaM0x0YlBCWFZ6clZndkZTWFVIVTl5aEF3dEp3WjIxU3VrX3pQajZXYnUxQUVsUQ?oc=5,"Fri, 27 Feb 2026 08:00:00 GMT",ANTARA News Sulteng,UMKM Lhokseumawe,google_news_rss
Workshop Ekraf Dorong UMKM Lhokseumawe Naik Kelas - RRI.co.id,https://news.google.com/rss/articles/CBMinwFBVV95cUxOQmFkNjBXVmNhOHRrTno3QXU0Sk83c0FCTXhVOFJJbmZ4ZXNFQ2VaMllUV2xvVkxDWnp2NEtyMVM5VG10cV9ITGdqeDI5SEZqQ0RGRmp0RGpPVWE5RDg3RjM2Ny1iZWVtcmJCN3p0aHJwdGUtOVkzTEswYm9DMVQ5OXRSMm5pbWlReno5TThzajZQdVM0cnBJTzJIVHVoQzA?oc=5,"Fri, 28 Aug 2026 05:39:00 GMT",RRI.co.id,UMKM Lhokseumawe,google_news_rss
Website DJKN - Website DJKN,https://news.google.com/rss/articles/CBMikAJBVV95cUxPdVFnMFMyb0NwcVVGRUt3RldyVXpsZElHalBORkxjQkV6dWNEbHVUazdpcUNRTE8wck5PdXoydEZBaFp2Yi03bE45b3NJdDFsWHFZWXdYWHpJMUdKRE1zSnQzbEVHUTVJYTBGaDJEeG9UZElRM2ZmSVV0Ym9NZXl4RHh4RllzUDhWcHpjR1dFRWVyS1BSTzVnLUVTTlBkTVNiUVdsaG1GTnBKdGNrdG8zMEJGSnJYQ0NfMXNPVVR6UmY1cV9SdjFpd3dxVkdXTkhWbGdZMFJFd3B4cHI1WVh0RUo4ZjNUa2NTckNBYWdveXhYbDhmdFBjanA5bVBVMFdGdFFfbmYtSTVBVEs3cl9KZg?oc=5,"Mon, 24 Nov 2025 11:37:00 GMT",Website DJKN,UMKM Lhokseumawe,google_news_rss
"Pertamina Patra Niaga Perkuat Ekosistem Halal di Lhokseumawe, UMKM Didorong Tembus Pasar Lebih Luas - Portalsatu.com",https://news.google.com/rss/articles/CBMivwFBVV95cUxQamtDOHZ4WXdvSlY2eHN5TXh2T3pfMnJpSE5hd1RENENoa1FzWVNnQ19xYm84cWpKRUE2emVxOENEeDZiZEJ0YnUyVzFRQW82SktfMUhvTzUtVDlnOWN3bElNZ0stMUF2M2xfVktLVThIRzh0c1pQY25vSHJISEd1WjRiNy1UUW9WeU0yeVV1eVF3bE10V3hUMTBJVGVlY2VDSll6S0VmaWpBR3VfaG1jRDljZzQzODFaQWRSQ2JvZw?oc=5,"Wed, 01 Jul 2026 07:00:00 GMT",Portalsatu.com,UMKM Lhokseumawe,google_news_rss
Mahasiswa KKN Unimal Dorong Penguatan UMKM Desa Kuala melalui Inovasi Kemasan dan Promosi Digital - UnimalNews,https://news.google.com/rss/articles/CBMi2AFBVV95cUxOUWI4NXFhd3dvVjRtNE5qT1RYYmZnNUtoRy1yMEZCbTNwYV9wQk1aSXJaalJhNzdrbXRGeFhJWDhpUTRSNjdTLUVCdy1JUTVlNmJCZXRtN05EXzQ5QVZHVDBtTjJWLWN3NERibUcyZ2pEUUZRNGtpX2w5VktTVkNNam13eFpwd2pxZlNjdUkwU09lNDhoZlg3ZU9Bd240bnJKVVFwcDJoRW5zRDBpaUE1bHdqNkxRWlJSUU56OHhjb1RYOUJXNlZ1bUtxRklJNG1ZT1VZalBpdXo?oc=5,"Fri, 06 Feb 2026 08:00:00 GMT",UnimalNews,UMKM Lhokseumawe,google_news_rss
"30 UMKM dan Petani Ramaikan Pasar Tani Aceh di Lhokseumawe, Produk Lokal Diserbu Pembeli » - dialeksis.com",https://news.google.com/rss/articles/CBMiugFBVV95cUxNSXNGbVpMeVhmQnlpSFhuNnk2QllmZERNSnB4TkRiZDBBSkJWdDdmc1NpcGE5TXlOSGZoWGF3S3hGTDNuYjdZaXNiSTYzdkl4N2tjN1hVQVNTZGdOQzlDdmlrZ2ZLTFl1WWxmWmJ1NnJINC1MYnVHSFR1RGl3dVB2WHFRc2tMSGd1c1FHVVMtci00bjJCY2o5aG5NcXBuN1lvYkRVcjdra3FHdk9ZNzFneEFydVJPZERRWUHSAb8BQVVfeXFMUGhWb2VVLVpKQkt6bXYxTU9DR3JSNkotdFJfQ1lKUGVsUC1pUUloZWxaLV9oVjZydmthZFR4eXZkRWI4a3hVRGo2T09DaTY0TUJDZlZhOWZSUF9EUDlZWV9BbGVsRTJFMVN2RlRyUHFvc09hYnNHZHZCTUxaWGJFbjJlSDEyUW5VQXhvclh5OXpzV3BRcFlXMktSNGlhT1hfM0Q5NUZUdUtydHNfRjVkVkVNeGgyREFsRGZpdkhlTEE?oc=5,"Wed, 08 Jul 2026 07:00:00 GMT",dialeksis.com,UMKM Lhokseumawe,google_news_rss
Mahasiswa KKN Unimal Dorong UMKM Cut Meureubo Go Digital - RRI.co.id,https://news.google.com/rss/articles/CBMiqwFBVV95cUxONUJkUVBQRVZ1YWF4TUxwYUxBUGJGb1B4S1B1Z1NfbXRhZHA2eE9xdmE5cnpPb0QtckJDWU1CNDVhLWU2VWQ1WVg2bmpQMnZ1TVNsdGdNQllMeUZ2dW52R3JUdUYzWVhIaFJiUlhvSWtKdTliNWM3cllEcGR3WXlaZDN0QmlGVDNINzBQYjkzT1RNR0g4TkJNdS1qa0w1WU5uTjBKWUo3dFBfdmM?oc=5,"Mon, 31 Aug 2026 00:42:00 GMT",RRI.co.id,UMKM Lhokseumawe,google_news_rss
"Perkuat Ekosistem Ekonomi Syariah dan UMKM, BI Lhokseumawe Gelar PASE Fest 2026 - Portalsatu.com",https://news.google.com/rss/articles/CBMipAFBVV95cUxNeS1MMVFsZFRSTERIZ2tUZ1ptRnUwN2V5a3VROVFKQTZ1cDQybFMwQnVzNHlIMEljZ1R6TnFNdFpWWEdYQnUtcWVuaTZNWVpKTzlPR2wtSEU3ajlJemtuTm56YlJ5NHd3M1VUZld5dlJBX2l4aWlHQ0dFN1VHNURiOHBwMmdTRHI2ZGlmdVMwZ2c2bWJSQjVSelRVN0Ewdm0wRXRSUQ?oc=5,"Fri, 06 Mar 2026 08:00:00 GMT",Portalsatu.com,UMKM Lhokseumawe,google_news_rss
"Dukung UMKM Lokal, KKN Unimal Pasang Spanduk Promosi - RRI.co.id",https://news.google.com/rss/articles/CBMipAFBVV95cUxOOGw2RUoxVW56OEZnamhEaENJM1ppdHRLZUlDa0dpVmJsX09pVWlLX1FwVklPbHpDdFVUaXVweng0bHEtMEotemxvUVFoNUh5dGczUjBLSmEtTTh5ckZVUzR2aXppQ2hsSFdUOXFGREYwUkJVdVIxcWhpSmFVR1M3LS01VHdtX2pCd1pzVThLRlMtbWRScXlQc0tOOXBHRElIU0ZrUQ?oc=5,"Sat, 29 Aug 2026 22:50:00 GMT",RRI.co.id,UMKM Lhokseumawe,google_news_rss
Disperindagkop Sebut UMKM Tulang Punggung Ekonomi Lhokseumawe - RRI.co.id,https://news.google.com/rss/articles/CBMirgFBVV95cUxQWGVGWjNMMzNUNHVkc0hNRXRHdmU2dTNBOU9MSlJuYlpRWS00cFlWY0RuaFpFRnNtTHptazVRSjBFa19IUnB4SDVzU0hSOEdZbXZjQ0VDbnNucFB2Q0YtRmhNcjY2YnBpcDdlYUlsakppb2FPSGFReVY0Sjk5LVQ2eGw2dDBGNUxzOXBBMHFfM0t2NG02S3kySTJFVktIYkNPdEVKOENyS2IxU3ZzYmc?oc=5,"Tue, 11 Aug 2026 10:05:00 GMT",RRI.co.id,UMKM Lhokseumawe,google_news_rss
"Ahad Festival, Surganya Jajanan dan UMKM Lhokseumawe - RRI.co.id",https://news.google.com/rss/articles/CBMipAFBVV95cUxPeEtSLWxlWEQtanh5NVpleTlqcVU3T1FIb1ZXWmRDQk1BYjk0RlZzZDhpWDFrbmVLbjI3eXppX3BTRWlYSkZiV0ZQSV91WkxJWkhRTm5XOHZJWFFWOVU3SF9POV9vRkgyZVFxLWRleW1IQ1ZDd1ZwaGpWaTlKQjRhUzU5MVdyYUkxeUx0dENxeDdSOGJaRXBmZnp6NzlVRXJLNzY4RQ?oc=5,"Sun, 31 May 2026 07:00:00 GMT",RRI.co.id,UMKM Lhokseumawe,google_news_rss
"Gandeng UMKM Lokal, COMFEST 2026 Unimal Jadi Ajang Promosi Produk Kreatif Lhokseumawe - Info Aceh Utara",https://news.google.com/rss/articles/CBMiygFBVV95cUxNaFk1Vlg0QTlWMUtXVTZuNGZZQTVSRXdQZWc5UjRZZ2Z4ZTdYcmpmNEJrRG5yLWVDWUVBRG5Dc2NVcU5IY053T2hCNWM2enhvZ1o0d0lYZ0c3LU5xZGxqb3FOVG5MVUhqcnFBT21qYnlmN2daMjQ3Qk94TUVWeHdpYnZkeXlXOFBKZmlOa3QyUWhLSDFBWFNuMjB4WjlpbExVbG03YzJKNWdSYzkyXzhYaFpIWGdNQkZUR0ZibEtuVllGSDZKNUQxaFln?oc=5,"Fri, 17 Apr 2026 07:00:00 GMT",Info Aceh Utara,UMKM Lhokseumawe,google_news_rss
Kelompok-56 KKN Unimal Lhokseumawe Dorong Pengembangan UMKM Keukarah dan Kelapa Gongseng di Desa Kuala - Waspada Online,https://news.google.com/rss/articles/CBMiwwFBVV95cUxNeUZYdFROQTRjMW5Bc2k2cThMTExLRUxEYWdNUGxGQ1NlVnBqdno5MkRlT3dnQl8yWkxCeVhJcnBzMzM4QnVHU1FkN2xjTkJLYXJNcjViQ0VyeGtfakVvWWttNDJNNUVvRzA5OVRlb2loZXMwR0FtQ1kxYmM2OFhfNUdpaWVwRklnZUNyWllSd0dUN2trZEJKeDhUVWFSeXpHZEQyc0Z2QzZCYkdlRi1rZWNoTkdUYXQ3d1V4Q3NOYXlJNzg?oc=5,"Fri, 06 Feb 2026 08:00:00 GMT",Waspada Online,UMKM Lhokseumawe,google_news_rss
Bank Aceh Syariah Dapat Kuota KUR Syariah 2026 UMKM - RRI.co.id,https://news.google.com/rss/articles/CBMimgFBVV95cUxOSElPVXJFWTk4UzFhQXpfZVRlSlAyalpPd09kUW5ZN3U0S3FQckYwTU9WR2pxSTdyOEx1YU95cDJhUndLOS1PdWRmU0RrNnVkbmhwb3JHaUNsbW5Yamd6ZG9nOHpucEhMWTF4VUNWVTBOMzJxMFBOQ09DV0Z6N0NTRG9pZGYwLUxYOC1JV1ZqM0NzN1VsOGN4WHh3?oc=5,"Tue, 27 Jan 2026 08:00:00 GMT",RRI.co.id,UMKM Lhokseumawe,google_news_rss
"Muhammad Furqan Kembangkan Beragam Usaha Kreatif, Dari Jasa hingga Produk UMKM - RRI.co.id",https://news.google.com/rss/articles/CBMixwFBVV95cUxNMloyY3dSanlheTJVYWgzcl9jM0NvdzE1Y2hMa1EzeEdaS3R1aVVnTVVGTzNjNDhjRWJ0dDZXUXNtbU5idGM0ZTlodUYyQWdVWEpOaVN6WEd4dElQeEtVYVdTRHQ4TGR3Tnc2UWxaWDJZYWZ4SHR2dmJnYVVLam40ZTd1WTJnNERMNUN6TzM3Xy02T1lqMDVyZHlCVVNLbnFZQnBNMGVYa2Y5djc4Mm1GWDI0SU1yMjBlMHdNUWVGaTlaTkUxRG1Z?oc=5,"Tue, 28 Apr 2026 07:00:00 GMT",RRI.co.id,UMKM Lhokseumawe,google_news_rss
Car Free Day Langsa Hidupkan UMKM dan Rekreasi - RRI.co.id,https://news.google.com/rss/articles/CBMingFBVV95cUxQSktlSmtRd1IxQnplTUVfWUxZVHhLeUpfSmw5RUdpN1ZDWC12TnJZWFF6cUtLR09QMW5IQjVrWUJPRXpCWUhKRVJMUk5XYmM0UmZqSTh3VTV3SzliUUtmRUc5UnhlVmlwaEt4Z2hWYWFYbTN5N18tZnBxa3JQWmxpUnIyOVZPaVhvZXE3bzAwSG9hT1BUQ2hMclRsdk52QQ?oc=5,"Sun, 19 Jul 2026 07:00:00 GMT",RRI.co.id,UMKM Lhokseumawe,google_news_rss
"Aceh Ikut PRJ 2026, Dorong Promosi Wisata dan Buka Peluang UMKM - RRI.co.id",https://news.google.com/rss/articles/CBMiswFBVV95cUxQRTBLUzNDUDFPbDFOXzdLUVAxTkdpd2V3S0Z4M2pvYkJqdHZSc3FEdGg2Yy1xN0tZb1hJU0RQcGhPQlhOa1NJSE5JZ3pTdmI0OXVSVmFWVVR2ZjMxOTdkM1p3azM3U1ZRVFJBWklVUmNFSVhTaXdoNFNnWGJiVjYteWF5MGhSVmFleVlzZUFvbzk0OVZwdWtzaUtaSWJjOC0zakxmTUc4a3BZMHBHMlBRWGp1OA?oc=5,"Sun, 14 Jun 2026 07:00:00 GMT",RRI.co.id,UMKM Lhokseumawe,google_news_rss
Pemberdayaan ekonomi produktif di Lhokseumawe - ANTARA Foto,https://news.google.com/rss/articles/CBMikgFBVV95cUxQVm1tdTdjUHVjVDNmd3FtNnMzaHdlTjZRRHQyRERZQnlEa1B5b0RLcDQxc21GN1pWalpoSHRncks0RmMtY3cyaldhYlZCaVZCUGMzRGlPNHhBLW9EakcxeVBuU3NMS0FTbUFhclYzYUZMNzEyNk9oRTJkSUVyQkpYRWF4d0FqYldVTUpOZ0JvbzlUd9IBlwFBVV95cUxOd3hnNDhQTFQzbGExTVJjcHB3YURhWnRpRm9wNkF4Tk93dUU5OXdOSmNnTWlkVTBnUDNzeS1KVXFLblU2OENJUnNSRHFlSi1IdmkyNFozRUxtWWV5RzRhMHVGVDhNY0dxbnY0TWVCR0c5Tlp3SndnODBCSnFkbHgtTHVPMzZ1cEFJaWR1YU9yY2dzRTRBaFhF?oc=5,"Wed, 05 Aug 2026 07:00:00 GMT",ANTARA Foto,UMKM Lhokseumawe,google_news_rss
Pedagang Kue Kering Mulai Ramai jelang Lebaran di Lhokseumawe - RRI.co.id,https://news.google.com/rss/articles/CBMisgFBVV95cUxQVEVBOHM4ZUkzVGR2ZmxDUEoxeDJUUUJxdDItYkh2Zng1YUJoMjl1T1VqUHY0c0FYRko5ZGh1M2JJOEpCWlJveWJSb2RlRDhVQmhNeW9wMmUzNzlYQnNFcklvT1lFTjB4S2treVM2Y2dUY01FNTBpV3l4R1hKellsOWxqbXUwU0RCZFdCTXkyWHdwRHcwNTRrLXNTVzNRamxnZDBYVnp3eEc4UzRNSjRWVEdR?oc=5,"Tue, 17 Mar 2026 07:00:00 GMT",RRI.co.id,UMKM Lhokseumawe,google_news_rss
"Terkait Program CSR Rp18 Juta yang Tertunda, Kepala BAS Lhokseumawe: Dikembalikan ke Pusat - MODUS ACEH",https://news.google.com/rss/articles/CBMiwwFBVV95cUxONEpaY0x6YVFjT1MzUEZwUGFHRTM2RHptODkzTFJZT0EwanZGcTdvU2RfWWotYl9nMC0wZl9FdmhPWjJRYV9sbXBheW9OcTJEUUoxZjRYYkhCY1RsWVlmSzBlQ3V1R0pxeU92bGE2Y0JlQWxfRll5WUhfcHRMUDFGaTlkTTlrVDd3MlZKX05idXJOZ1A0ZFdaM0F5MjU1TmxBNXAxQ1NTRS1yY0s0bUQ5MTVGVXJVbmhKZHJtSWxZcThTWjQ?oc=5,"Thu, 11 Jun 2026 07:00:00 GMT",MODUS ACEH,UMKM Lhokseumawe,google_news_rss
Bidjeh Koepi Sediakan Sarapan Lezat Harga Terjangkau - RRI.co.id,https://news.google.com/rss/articles/CBMimwFBVV95cUxQOF9Fb3hvdGh6ek9TQTB6VGVvekxpTElfQS14Z1ZMMWJiSFVLZnBqdFhYOXI1aUUzSTVrZUxpaDFzUlBxZHlBMS1veXIxNFhlWWo0WEtfRUY1MXgxX2EzcU5OTTJ6NUlySXF4UTNENXVOd25YUWthT3F2Nmp1TUhOdkVUT1otZ3I4V3Z2LW80eTE5Z1dkRDM4LWtEMA?oc=5,"Sat, 07 Feb 2026 08:00:00 GMT",RRI.co.id,UMKM Lhokseumawe,google_news_rss
Pendaftaran Bantuan UMKM Banjir Aceh Tamiang Ditunda - RRI.co.id,https://news.google.com/rss/articles/CBMimwFBVV95cUxORU90Q29qVW12WHg5SGJ1dl9qQ2U0eFg1dG1WZHVQeWozYUhWVXJJNnVtdktMYmhQNkhRcWRGSDlQY3ljSk9XZFhXUkR4QUY3NlRFSm1Za3k1dEQzbzYxeUxwa2JoeFA2akh0cjRqN2Q0eTdVY0RkNXdYRlJrY3N4REU2bkhKX2tSLVZKd0pHZ2dyMGFVazZ0Vk9kRQ?oc=5,"Fri, 09 Jan 2026 08:00:00 GMT",RRI.co.id,UMKM Lhokseumawe,google_news_rss
BSI Tunggu Skema Pembiayaan Koperasi Merah Putih Lhokseumawe - RRI.co.id,https://news.google.com/rss/articles/CBMipgFBVV95cUxNUlR5TDNhMWdXX21WSTl2b19jdkJyU0R4aTVIR2lGM1RTQUs0cHhodFlzeWdmZmNMN0xJNzVWUTNHbko0SXZ0N2dobW5vSXd1YkxwcFUtWjJjTUltcmZzNmcySjVJWWZ6MTNyRHhiaTA0cjlDa1VYWVNKQ2xvYXNwd213aDd3eWUxT21OLVRLVUtIZk9FNG5mRGJ2NW5tUmwzeXpmRVJ3?oc=5,"Fri, 21 Nov 2025 08:00:00 GMT",RRI.co.id,UMKM Lhokseumawe,google_news_rss
"PLN Dukung UMKM Bafareez Chips, Dorong Produk Lokal Lhokseumawe Berkembang - Putaran.id",https://news.google.com/rss/articles/CBMimAFBVV95cUxPczJsR3FaVGVIbFB4bm8yUUlGbEJDSzNVUk96cUV6bXJIR2ItamNnNFdvcEFBZXFCRnJkWGNJYzBfQUxfdU1uem0tLXFPa09hU0s4RUY2ZHZET2xwcUNNdGx4d2dlMXVsNWtJdzZjZVo4c1hyYjZTQU0yRDd6eWFYc2NxR3hFeWRBVFEwX3JacGpfNnVLbXlacg?oc=5,"Wed, 26 Nov 2025 17:32:35 GMT",Putaran.id,UMKM Lhokseumawe,google_news_rss
Semangat DWP RRI Lhokseumawe Meriahkan Bazar UMKM - RRI.co.id,https://news.google.com/rss/articles/CBMiogFBVV95cUxPM3NLLXpIYXd3ZnUxYjhJXzd3WFNNVG5YMTJIRGJsQ1E5R2w4clhtOGJpY0c4aHB5dTRhRDdMblFrU0R6QWpzcm5qNjVwZ3I4elBXb0p1ZFMweTdRM1pJWl95bDQzWGh4ZktfSTVXeURyUkk4cGpRc0ZrQXRBWWdMUm5hcHBUa1ZZRFlkcExhRF82VzkweHA1Mi15YUpsMDBxQ1E?oc=5,"Sun, 26 Oct 2025 07:00:00 GMT",RRI.co.id,UMKM Lhokseumawe,google_news_rss
"Pemko Lhokseumawe Gelar Bazar Ramadhan, Perkuat Ekonomi Lokal dan Kreatif » - dialeksis.com",https://news.google.com/rss/articles/CBMirAFBVV95cUxQaXhEdGdva1k1UW9IOGJha213UmhIOWdpeHJPR1U4YjNQdG5Fbmp5LUtydFoybDVjS0JrZkVVOUs0eG56akNwQ3d5Q2FCT1VORjY2aVdKRlFOdjlPbFNMbnc1NmMwSFJFazRsMzE3a0hwZnhLaUJLdW5YeVNxTV9TTlVNdHR6N3RqeUdnY21EZERCTUIwUkhDSTVKeHhOeE1qRDJhWG9BOHZmWUVw0gGyAUFVX3lxTE1qUTlRZ3lCZmVDbHpCNWN3QXVxOXlZSFZESUpPS216anotWUVvYWtKLUVqTmlkdmtyYWFaNWNrQ2JWTE16VnhuS0kwLUJaY3ViclBVQTkxUDdBYXlNaDBWeTc2M3dWRjhFTFF0NG85Z0RfTHFRS25OWUZmS0ZyS2VrTHNzSnFfRDRVQjFIS3kxSnNfOTBCalVSam9JUDg5c3huTjZ3Z2luOVNfYjdmYjhuV3c?oc=5,"Wed, 25 Feb 2026 08:00:00 GMT",dialeksis.com,UMKM Lhokseumawe,google_news_rss
Lhokseumawe Siap Promosi Produk Unggulan UMKM di Level Nasional - Pemerintahan Aceh,https://news.google.com/rss/articles/CBMirwFBVV95cUxPVTBGTVZXUEVXQUxHTXV5YzhmQl9QTUNSMjhpQnRKeGpsSHh5d2ZMUWhDYkx1T2Z2bEVLMGE2LWNLQnFzcENWcU1rSmZmblRSeDFkOTJNRW1VS1lRMDF4TC1HZ2x2UzYxcngwRWRLS2RyV2hfMjl5cllIRklGMlN2R1pvajZWcjJSRVVxelZZam9aa0lCMm5OZjZtai1maFVPQVBoTVB1WkQwRWFUMFNN?oc=5,"Sat, 04 May 2024 07:00:00 GMT",Pemerintahan Aceh,UMKM Lhokseumawe,google_news_rss
UMKM Indonesia Percepat Transformasi Digital Inovasi Teknologi - RRI.co.id,https://news.google.com/rss/articles/CBMiqAFBVV95cUxPZXFxcW11YmlwU2VlajhNSUZyck5HeUtLMndFVmpKMDFQOXYwMDc1YUZESmptMjBSUi1aVlhFVmhuNnFZbENZMVZObUR4UnMzYVpGWXBXY0NrUi12QXZhcVN2TmNfS3RRdjA0NlpMYXVldGVzU1VzU3FnWHNLaDdmNVpTMzI4d09zVm1La0IzUENvd3VNa2RNc3ctMGVhWHNhSk1weGtZMzk?oc=5,"Wed, 22 Oct 2025 07:00:00 GMT",RRI.co.id,UMKM Lhokseumawe,google_news_rss
"Pedagang UMKM Lhokseumawe Antusias Sambut Penjabat Gubernur Aceh - Dinas Komunikasi, Informatika dan Persandian Aceh",https://news.google.com/rss/articles/CBMiygFBVV95cUxQN1FVdHUzdngwNHhsQkJhLVVlY285ZGdfVEJtYml2WVlqU3o2cm8yUjIxUnFVVzhVV1lQR0pjUlY0SjU2bjVlZUo1cTBJZkN3amgtSGdwRHhjUmQ3Tzc4MnpUeFF5dFJ5RnJLWTUyQmdTWnh1RHVPT0VGM0Y5RlA1VlFsbFd1Q042QVFBSWJORjhDRE1VdXRmV2FxTmxrN2hXM19YMklpZ2ZxLXdnLUdMSllvbXQtMXh4aGctR2lxUE1NTjRTcFlNX2Nn?oc=5,"Sat, 17 Jun 2023 07:00:00 GMT","Dinas Komunikasi, Informatika dan Persandian Aceh",UMKM Lhokseumawe,google_news_rss
BI Lhokseumawe Terus Dorong UMKM Naik Kelas dan Jaga Stabilitas Inflasi Daerah » - dialeksis.com,https://news.google.com/rss/articles/CBMirgFBVV95cUxQWEFhRVh5SU5RQkxQVi1QRjVXem1jb3FNcmxPSG95XzBQZ3FlNGNfZzVIcGNPbVFva2dmQ1FjVnJqR01EaHJxYmV2MFRwZUY0VmV1bzAtb1poeWdHdjFwQjlneW43a1VjTWx5bmk5M1BLeVQ3VkpOXzdzM19qc05xblJtbzdBU3l1aWF1NlFzZ1gxdFpQdDFFdDY3TWRBRkpjdW56TGRfOXdXNnl4Y0HSAbMBQVVfeXFMTTB1bFp2dTBNVXNQVHkyamFhWTNYUTVpRGVQRTBuUGU3WE1IalZrSnZNRi1TNWRGRUtNbTVXemc5LUcyVkM1UEJoR1dWbHl2Qk1aQ3lJNDhrU3dWb1ZFemVjZUlqenNTaVJENzY1aW9qV0psS0pMVXh2YVAtOG5QR09fOVIxYXVmbXVJVHNDbjBDYWJ2NWpBclduVktkRFJLeHV0dmNFQlpSMVlXeGtZd1ZmOTg?oc=5,"Fri, 26 Sep 2025 07:00:00 GMT",dialeksis.com,UMKM Lhokseumawe,google_news_rss
Kajari Lhokseumawe - Disperindagkop Teken MoU Pembinaan UMKM - Pemerintahan Aceh,https://news.google.com/rss/articles/CBMitAFBVV95cUxOM2d3cS1FZk1hNzJwTXVCd3NGNzJJVzRzbjZneDZ6UmpHd0xoNU01clc1cTJZM250Z3pBbDhpSHVnNWN3UzJuSDdYOWtFb3FoNUNKVkRjQWh2eE5lWDc1MllGa0dvRFRHVm1jQ25qX0ZSZ1E4OEd5cjJqQ01JRXV5YVdackJZdTdkM2RYamY1R1BSMWd0N1ZrbXQ3S29TT285aWRocG9TT0dSei1UdTlCeXJSaWI?oc=5,"Thu, 16 Mar 2023 07:00:00 GMT",Pemerintahan Aceh,UMKM Lhokseumawe,google_news_rss
Pemkot Lhokseumawe komitmen kembangkan UMKM untuk gerakkan ekonomi - ANTARA News Aceh,https://news.google.com/rss/articles/CBMiuAFBVV95cUxQRllqR09Jdmk2NjhZU0hLRlM0M3EwVjh5bGtQdHNSNzlFWW9qZlFaeE1zU2R2MzVIRFdRc3NvOHg4LXJBV3J3TjR5NjRXOWQxcDRyN0ZDMzUtR2lHN0JRMUVoRGVUSFVGN0FMd3E4U1lqTl9rN0lBV2U2SkNnTFUtQjdoN2NlWGtSLVlyeERCVi1rY2ZJOGoxUW1wWDltdWVwV3J3Z3FaWEdRbnNlZUlpeUpReURta0pF0gGyAUFVX3lxTE9LZElRek90RVRSc2xmTjZ0MVQ0T1c2ZUFSdnJIQlJEX2NQOWk5Zk5TVUN4QVlEcW0zY1M5b2hsa1BQaXd1cl9XUjg5X0VmbWtiODBsVDdfV3JpR2dPZ09nZ1E2OU1CdEI2d05aY2RoQkxWUWhoSHBFYW44al9kZTk5dFZ4dDEzZGVSdDg4aG5HYTR3NWZFOURTend3bkV4UHNBVDhvQUdnX3Y0WjJRR1pNMnc?oc=5,"Tue, 10 Oct 2023 07:00:00 GMT",ANTARA News Aceh,UMKM Lhokseumawe,google_news_rss
"BI Lhokseumawe Gelar Gayo Coffee Expo di Takengon, Upaya Perkuat Ekonomi Lokal - Bisnis.com",https://news.google.com/rss/articles/CBMiygFBVV95cUxPOEY5VWU2WFRXMEh4bG5hbUNIOUVYYmVHQzBYRlZ1OG9iTHZoZVVkb3B0OWZhSm92WHVoNDh5OUtVczZqYTl3ZlpHUDZVX1hpcVNaSDBjZ0tsVF9CWFZZYUNwWEJqVVZWUm9rLXZaal8yQm5Pbmo4T0FmRHMxMGI5bzFYVjZ0dW1iamtNVnlNNTlCX2pCT2Rnencyc3B6YnAyTURTakFGUTd2WFRhcjhCazlNNVlrWFJFcEZMZ1Rob1ZiTXk3TW85SU1B?oc=5,"Sat, 15 Nov 2025 08:00:00 GMT",Bisnis.com,UMKM Lhokseumawe,google_news_rss
Pelaku UKM di Kota Lhokseumawe Dibekali Ilmu Kewirausahaan - Pemerintahan Aceh,https://news.google.com/rss/articles/CBMiugFBVV95cUxOZkxGZUxVaUhpQktXU1h4OWphRzhRc3ZCc3l0dGpmUjY5SkNLbmdXT3RUMjI0TnREQ3BxbzBIT1A3SXhFbVB3a2d5QnUtX0hKemxkcTVNbElGWTA3TnMzYXJVNWV0dTQxYlFfZVFwcndtUHZaNktxT2JUa19YclpCQjB2cjNFWVRuWC16aU1hTG9vVDFyQ3BrR0kyUlptT3JhX1pxZHpnV2dFc3RIZWt6Y0xCRmRzY240M1E?oc=5,"Wed, 26 Oct 2022 07:00:00 GMT",Pemerintahan Aceh,UMKM Lhokseumawe,google_news_rss
Dosen FEB Unimal Sebutkan UMKM di Lhokseumawe Belum Optimalkan Pasar Digital - UnimalNews,https://news.google.com/rss/articles/CBMivAFBVV95cUxPOFZLRElUREE2VzIzT3dXbnBIdVF3UmRPaVFXYWxGRWVpZl9ZWHNvR0YtSmJ3Ykc1cFJJd2toejY1VG9PX1VlWW9EZ3hPdHgzOWEwcjBjQTB5M2hRRXQtWkFMLS1XS3c4U2FpWllTUXVVbU00VWU1QWd2dHB3QzZBX0ZnWnFLU3BvaUlGTUNNdEJkUWc2Y1YyWUN3TjRJUGFzTXctWVE1aEVOTnk0TW1WZUJ2cjlDbmk0c25ZWA?oc=5,"Thu, 10 Mar 2022 08:00:00 GMT",UnimalNews,UMKM Lhokseumawe,google_news_rss
"EcoprintMu, UMKM Binaan Lazismu Lhokseumawe Teken MoU dengan Famous Textile - Lazismu",https://news.google.com/rss/articles/CBMirAFBVV95cUxOcUFVY242YkZGUzMxQXlUbXAySlU3bjVJdlhJa0xJclNuWk5aTDM1X1ozUl9FY3NCWVpFTlV6SFY3bEFIS1RMcWN2WURUWTd6aVJfYVpUbUlJdU01M0s5VFlyeHlGcHFXV01Sci1GTHBSc0lpaFVZRThMbFpGNUx4SFdGa1BiUHRycGFRT3FES29BbFVoc3hyNXFzajZ0VU9SR1FpUEVjdWFTTklo?oc=5,"Mon, 05 May 2025 07:00:00 GMT",Lazismu,UMKM Lhokseumawe,google_news_rss
Rumah BUMN Aceh inisiasi pelatihan untuk 118 UMKM perempuan di Lhokseumawe - ANTARA News Aceh,https://news.google.com/rss/articles/CBMiwwFBVV95cUxQYXdWUkYzTEhpYTJXZzV4Z3d5TVNFSVBpanRaS2lpcjUxOGM4VWxpZWJCVE1ZenRHVmNTN3Y5QUktTFZLSWNWOWlxMjE0XzFEbGN4SFlyNHB5MHNILVhRQjFsV1BHeU1DdHFMVTdYeWVPa09pWk5LWmZ1VFJHbzJVYVdZS09JTmM1LUVUc2RId1gzU3hHR3A1YXd1Y2tEZlV4dHA5ZUJhU2c3T1pkOXFEQmhqYVNjVUgtMkZ1eGZTdG9lNnc?oc=5,"Tue, 03 Oct 2023 07:00:00 GMT",ANTARA News Aceh,UMKM Lhokseumawe,google_news_rss
Pj Wali Kota Lhokseumawe Promosikan Bordir Khas Daerah pada Ajang Fashion Show Korwil I Apeksi - Pemerintahan Aceh,https://news.google.com/rss/articles/CBMi3gFBVV95cUxQTEZnTU5obnBnSHhON1NHcXhCRGVnZkR1bGtmbURGTko2QWhXUFNXem9iQWtleW5ha29xeDlkLUg0elZVbmw3bThEV1diTkEtU0x4MVRVYXVXa0NoWl9ZempwRzM4R1JselM3aDVhWTRaeXhKMVFwN1JMbXFILWpvRlJaZDBjbTdMbDM2eWYzTUNXVTVYLWlhRndRcjJKRDJlZHpBcERhbEhEYmdHd2lLcWlPcFJfNlFScm5sb3UwMDNrU1VIQjdsZXBnM3J2cmhVa2ZrTldNSzZjTXR6TUE?oc=5,"Sun, 05 May 2024 07:00:00 GMT",Pemerintahan Aceh,UMKM Lhokseumawe,google_news_rss
Dosen Unimal Berikan Pemahaman Pemasaran Digital Bagi UMKM Pupuk Organik Di Lhokseumawe - UnimalNews,https://news.google.com/rss/articles/CBMiywFBVV95cUxQQm5OOEdpMWsyT2ZBRmkyNWtSWko5c29iSUNNZnJWX2pMTGVRWk40Z1RZRFh3RGZJNEJ1OVZXSC0tQV9JLV9aTk9ONTRrWEhVUW1HbU1oUkl6SWRRY2hhdXJockhUZmdCLWp1clEwM1MtUE5VOVZSMzlPSlV5ZEQzazVHTENyM0ZWYjJ0UWFUSGxfdW1UTnRXNmdHSzg2aFN4VkJwS2k1NF9GZHRBaTVMNHlyMHBGbkJhanFvY1haSFYwMDc1WFhDdkJfdw?oc=5,"Thu, 12 Oct 2023 07:00:00 GMT",UnimalNews,UMKM Lhokseumawe,google_news_rss
Pemkot tingkatkan kualitas kemasan bagi produk UMKM di Lhokseumawe - ANTARA News Aceh,https://news.google.com/rss/articles/CBMirAFBVV95cUxPU0szZXhKcGVkelFzYmxFWV94RjRHcjZRY2VHR25NX2NzczFXaVBpYlhYMDBlczFUWjlQVWplVlNPaVZlSlhObWhfaWkyNXQ5bXRUUU5QYk5sRGh3T1hHQkFscV8xeFhyVVZfblRvekFic2o5RFFUdDlKYVVVSnczZTRGREZKeVAwbXZsMDE1eUZadG9SbDhraGpIV21vcHA3cjl6bHhNWVpfbUs00gGyAUFVX3lxTE50dlBIZ2VoZEtnT1UyZ3JvOWU1NWlySl9LRUJIWnRrYzlLaFBYeF9RLTBkRmFoTkZabkwzVUZfMy1WY0p0ak1qNjQwVENFc1YxbHRad3dYNnVDeVVFR292UnFPN3hkSGdJRm1lZlFEUHRvN1hWY1hIZmpTSmhiTi1acTNYUHZta1JqZ3Z4cmlFM0ZyVHpNem05Njd4cklHcHNmSVJsSXl4ajZqdVVRNGF5Rmc?oc=5,"Mon, 13 May 2024 07:00:00 GMT",ANTARA News Aceh,UMKM Lhokseumawe,google_news_rss
Berita Perwakilan BI Lhokseumawe Sosialisasikan QRIS Kepada UMKM di Aceh Tengah - Pemerintah Kabupaten Aceh Tengah,https://news.google.com/rss/articles/CBMiwwFBVV95cUxPcm83QmJlWTZYeHdSOE5MUmJBbG5INmNnM1FXUGw0bXdRejBRUkZjc2JaSG5LZDJ0alNOcXhSaGl4dkRjMGM2MEo1WnBVQUlob256eng0R0l0ZTNncllpWHFuemljQ2dTZFp3SW82T0RwQmFEekVoQVc5YlpyY2NfaXAtQVVPUXExanM0aXpXT25CTjJNaWhTRlhEZ212LXhVVGdpVVE2WDBUTUFjSGkwUmgtbV9TeDlqY0s1ZWhGUm05bkE?oc=5,"Tue, 17 Jan 2023 08:00:00 GMT",Pemerintah Kabupaten Aceh Tengah,UMKM Lhokseumawe,google_news_rss
UMKM Lhokseumawe sangat terbantu dengan Ahad Festival - ANTARA News Aceh,https://news.google.com/rss/articles/CBMimwFBVV95cUxPNm1WNkMxN1l2bkhud3Q4N21CemZfRFhwMmpkdzVoMThQVW9udFpoS0NPYUJCMV9zdXNycy1XQ0FlYW5pZXlIbGtKTXZ0RDBLMnZFUlg1eEw2bFRMcDNhbjlNcm9xWkRaRGVmOEVQczNUSnFSSXBIT3V5MWtuYUt2aWVZYU1kZlZFaW82ako4cTl4bnVNbXlDNFpYMNIBoAFBVV95cUxOS3doVlVEVFlKYXdwdjVNQ01wNVhlZUNTb1ljbTNQbFZ6ZWZPcDRJTDhZX0IxSFlEQk9vdFdjNnlJUGRYNERVLVlCM2l0VUc2aUFqbVhrWVFyMnJWS1FYSEtQU01ONnROVUJ2YmVjX0JLaWpDZDRZMFMtc3FFNGhfQ1ZJelVMYjNybDRnaGt4blQtVTE5MXhvNTRsSWhneGlV?oc=5,"Mon, 27 Nov 2023 08:00:00 GMT",ANTARA News Aceh,UMKM Lhokseumawe,google_news_rss
Pengunjung Minati Produk UMKM Stan Kemilau Lhokseumawe Festival Ekonomi Syariah di Lampung - Portalsatu.com,https://news.google.com/rss/articles/CBMitAFBVV95cUxOMFNMLXZVMkxSVW53OExlbjFTcHV2LUFncWRjR01Dd0dzamxvSllmNkdNR0ZCQUVOYlkwQTRLYnlHUkR0bTRTYmRhMy01bnVNbEJFendPeXdMN09nLTRnajhMODJMUklwSjNJZHRaampheHlYRG1EMzhUSHVuV0NxcmZDc3JSdGRNczhJY2taS3ZsSWlickR3X1hSWS13SWJIVXFXQml2bnBhU01wVF9FdTNoVVk?oc=5,"Sun, 22 Jun 2025 07:00:00 GMT",Portalsatu.com,UMKM Lhokseumawe,google_news_rss
8.146 UMKM di Lhokseumawe diusulkan calon penerima BPUM - ANTARA News Aceh,https://news.google.com/rss/articles/CBMinAFBVV95cUxNZVZvQlpuSUZPZ3pweDktYnlrSVluRVZpSkZGT0hpTVdBQUdWblBrblFBdDltb1hScE5lenVMVUMwNU5mNDBYOVFCcUw5RzVCMEsyNlhLVXJBV1o2X083dFlFeUZ4X1EtQXNYVFFHb2xJT1VYMjlzQXhuZG9qMDBsSWZfVHU2UzJhZ0dsUExxTDNMSW1sV3dQQWs5dUPSAaIBQVVfeXFMTk52a2o3d3hwd0xOSjZRV0g1dXdsTzVZa2ROQTNkWmEwS1U0cTRoVjhDb0M0aVF1V3JIV212bFV3RDRBR2c0SWF3YmhyeDROOFdycUhCVTVmNk5FYTdkSGdYWmQ1SXRKb3dhNUJMaHFNOVhqelN4ckd2Si0zRGZkNzVmNFlaSXVLT1hYTlhLRWxkRHdCT2VqcXFoY25mbFFzMFR3?oc=5,"Mon, 19 Sep 2022 07:00:00 GMT",ANTARA News Aceh,UMKM Lhokseumawe,google_news_rss
BI bersama Pemkot Lhokseumawe resmikan pekan QRIS nasional - ANTARA News Aceh,https://news.google.com/rss/articles/CBMirgFBVV95cUxONDVyb2F3VzhBLXYwNVlkaDhDRDJXWXlwNF9LZkdrLXJvQmhRNVZZX2J2TTE4a0I4cEFFSk1xeG5UR2FFZkZuanB4SXFtcC1kNFlZSEloX2VFeVZxalRCUzVDNXF4a2tYVWlWMWNMM2lWRXJKSXZIYUJOeXgtczRiUmkyVUpoc3lUbXFjZmN4cXV5REdGbkZYbXFLWVlkQzV1a1AwT2N4R1N6ZUgycWfSAacBQVVfeXFMTS1STnJpQUcxSngxVEtadnFiak9jR1RTd1c5NlpITVBsV2pScnRrbVRNekZwbElJcUhGQUVuQUltQVhuc2tfYWZ6R3hBUzNKV3kzeVY0aHROaXRTdlFWR1B4YjlIN0xWMWo5TERCU1REelZiTDhqUkQ4WmliRVduMFlpT0Ywc3RvNGhYRy1nWWxTdkdrTU5IaHkzTGR3aWtFSFVDZ0JjWFE?oc=5,"Sun, 20 Aug 2023 07:00:00 GMT",ANTARA News Aceh,UMKM Lhokseumawe,google_news_rss
Ahad Festival jadi lokasi primadona akhir pekan di Lhokseumawe - ANTARA News,https://news.google.com/rss/articles/CBMipgFBVV95cUxQZnRsa2JLUzdvNldyeEFJQ2tRLU91X2t6THp0OWV4UDlnbmhxMjBpSHJQODdrS0gtX1d5WDhCNE1DODNPS3U5dlZTYmU0ZkNUbXY2MnViT0ZuMjdBMU9PQ25QSG9DanVjREQwMG9nYVNyVWFFUzhtNzU4Q0dydE1mYVFDRnc1YVlPbXU3ZHdpbl9TcTY5Y00wUmlCeXJwQmdXNWg5WVBR?oc=5,"Sun, 03 Mar 2024 08:00:00 GMT",ANTARA News,UMKM Lhokseumawe,google_news_rss
UMKM di Lhokseumawe dapat bantuan 50 unit tenda dari Bank Aceh Syariah - ANTARA News Aceh,https://news.google.com/rss/articles/CBMivgFBVV95cUxQQzN0RUdRWDlpV01RNTlOaU9mc1VHblZ2LUNhZDdaSTNlRTZ0N0VfN3dGZUZ2NC1iLU4yTVRDVnFnRXlfSkpHTkJ4MHV5MDZDdWI0UktwSU9VcnN4UDZqdkxjd0JoWS1JUUtkdWl5VXdpaFQ5OEZyeVhtOWI3WFAtckw2a3lGeWY0ZXFfLWh6bjc2aVZrVW9kWmZxNU5RVHBXYjFRdkEwV1Ftb1lVdWxNUURvQTkzaGtRZEtwZTd30gG3AUFVX3lxTE95Y3NMV19TRUliY2cwaHJDSENTVUFzb040MDc3U2lidG1lak01RWQ1UjlTZEFpeUliN2JYUjJlV2FJZC1JNGl3TXJGRndWaHcyaTRXc2hxVDBMZGtFNFlsbGc1OHM0cXNIYmhTQTBiUGs3dG5xYWFqUFA4Njg2TWZIWkRhNUpxN0ZMQ2ZaeUFfdnFXc215a1c3M1NRU21ibUF2UU55WExKWmJsY3VEN1NwMHhNTjdHVQ?oc=5,"Fri, 21 Jul 2023 07:00:00 GMT",ANTARA News Aceh,UMKM Lhokseumawe,google_news_rss
"Inong Kota Lhokseumawe 2024, Nadilla Silvia Bicara Pentingnya Kolaborasi Pariwisata dengan UMKM - TIMES Indonesia",https://news.google.com/rss/articles/CBMi2AFBVV95cUxNWDdmNTFXNnlJbk11YzhwWkhnTXhtdTR0WlpkbnpiN3o2TmVyR2tzSHJ4UDdqYkNVdE5NNUZPRHpwVFVyWGNuUU5SSHViNmZTXzFjTHhVazk1d3VIMVZ1aG9QOENFZ3kzQURKYmEyelQ4MTRVV0lGZExwMDA5WGl5SG9BMFhvdUFpeTNxWDRIazZ4Rmo4VWJvUkJhWWFJWnluUm8tUDFnQ3NSQW1LUFAzSnNIWDhlc0gtR0xfUWlxNUpsaERwNHI2Zk9mbDhrd3hjaG1WUjF1T1E?oc=5,"Fri, 13 Dec 2024 08:00:00 GMT",TIMES Indonesia,UMKM Lhokseumawe,google_news_rss
UMKM Lhokseumawe Belajar Rahasia Ekspor di Bea Cukai: Dari Legalitas hingga Menemukan Buyer Global - ampar.id,https://news.google.com/rss/articles/CBMitgFBVV95cUxPVkNnTnJLX0c5SEdGeWNydXN5NHR2dXU0QXktNDZ4T3BXNFNBNTVWLVAwRTBaSC12cExJYW1SaGFNQUxEVVdULU5tdzdaR0Noa3pYYlJSSGhReXVTYjVJTl95LXFTa2p5bDVYQWQyM0czX190WFFuUmtRZ3Z6OUpWcU9xdjZmNThMR0Nxc3NaWTJ0WGhacDJ6dVBUTE1KbVZHQXYtRG8zQ3VZXy1VeFBXUXNUbWQ1dw?oc=5,"Mon, 11 Aug 2025 07:00:00 GMT",ampar.id,UMKM Lhokseumawe,google_news_rss
Pemkot bikin pusat kuliner baru di Lhokseumawe guna tingkatkan ekonomi - ANTARA News Aceh,https://news.google.com/rss/articles/CBMisgFBVV95cUxNS240Z2NYRWE1dzk0Q0JsY25lbXZzR2U1Z2RseHo1WlQwbVYzRElqbGk0enJIY2NpXzZhZHNhU2xaS1NoVnpBMGQ3c0M1NzMwcUlWWmpoMWpUODdsRzNJaFRGOTBNYUJaU2kwRFBSQlZoQ3hDUUVyaGUzWmJGX2hUV2ZJSmVlSlRqYmhRY1Q3YWVHamJ0NlhnTGY1ZlQ1RktWNVdOOWpiaXBTZWZkTk1Hdjh30gG3AUFVX3lxTFBwSlBQRG56Mmhfc1VicUlFNjU2dHBnRlBWUWpuMEY1Q1d1MkVsb1U0UWxiM0ZIQjg2Y1MzNnhUVXp3amNPUkx3X0RPTU5MalJnOVZkQ0RHcTUyWE1rdE1uMzJyTks3UXhtVXRQZlZ5bjZDbWNkWlpaMDktVkh5WFlqSVo5UXZsaElVc0hDQ2hHeXZKOENFSGdLMVVwOVdVdjdnemZQMzgxZ1owTHFLOUlta05BMWI5dw?oc=5,"Wed, 21 Feb 2024 08:00:00 GMT",ANTARA News Aceh,UMKM Lhokseumawe,google_news_rss
Kepala Perwakilan BI Lhokseumawe Berikan Lampu Hijau Untuk UMKM Kabupaten Bener Meriah - InfoPublik,https://news.google.com/rss/articles/CBMizwFBVV95cUxOdTdONVJENlhNRlBuOVM2bEt5ZGt1V19RRi1yTFU5bWhicXdkNFV2a0pxeEoyOUFiTVh2QW9mN09Ic0dwc0ktN0pBYjRZdG9WVUhURnlIakdKSi1pV3VWY3dWczZZNTF0Y3lFNklLNGxVbkVOTXZBcmd0bzJzU0hUN0NwLWJGUzdLLXNFdmpuNWpqQTdIOUlsZlBXSzh5T3pMY0RGYkNTNDJQdDRfUlo1dzF6N1oxMDZzOVdtV3NJUTFhTTBvRDUyYkZaaXpHNmc?oc=5,"Wed, 20 Jul 2022 07:00:00 GMT",InfoPublik,UMKM Lhokseumawe,google_news_rss
Lowongan Pekerjaan Pada KPPN Lhokseumawe - Direktorat Jenderal Perbendaharaan,https://news.google.com/rss/articles/CBMiwgFBVV95cUxNeDFKZWNad01ISDhrZjVIU1FISW5Wd1Z5M1JyOFFsRlJvZWRyXzVVYW02TzlvZ0hXd05UeWkwR2pRREMzMnNVR3QwZ09hVTkxWGtKdEZXbGVWLWVGSjFDalEwNERqVUFSUl9tZnIyUHZjSUhmUXNBR210MHZwODN0aGRoa0FQeVMzU1NtUWxWLTc3aXFqQko0MjRYX1pJejAyWE5aQUZDQ0owcUlzdHFMMDVkLTJ2VWJLZXZsS0xvaDlzQQ?oc=5,"Tue, 11 Jan 2022 08:00:00 GMT",Direktorat Jenderal Perbendaharaan,UMKM Lhokseumawe,google_news_rss
"Gelar Seminar UMKM Bersama AMANAH, Genre Lhokseumawe Hadirkan Ratusan Mahasiswa - Acehinfo",https://news.google.com/rss/articles/CBMipgFBVV95cUxPTVQtMlpYcE40eTAtcERxM00xbFkwU2FJRnh1dC1RVHROcVdua3MzTmN2WVhzN0FWTkRUYjVpN2EzbHh0VG5mNVQ3dFp2ckhOTi1VTGhOYWl3UUtxNzAwSjNZSy1DNDRra2VZbGtrTDdJdllVMi10bVZfa1hPcTFkN2NzQXlJdE8zcVRQY3EzU3VqcUg1SHktbXlwd2x3aG15V3RBUTlR?oc=5,"Sat, 21 Sep 2024 07:00:00 GMT",Acehinfo,UMKM Lhokseumawe,google_news_rss
PNL Menangkan Hibah Inovokasi dan Bantu Mesin Pengolahan ikan Tuna untuk pelaku UMKM di Lhokseumawe - pujatvaceh.com,https://news.google.com/rss/articles/CBMiwAFBVV95cUxQNUVSTllSaVc2OGlSQTBrV1E1RU5TSXFnR1pFaTFfWHBNc3RqOFk4eTVRZVB3M1gyZkhsR1JDRGxsRzNMc3RGWVN6Z1d6NDVwQ2dSS3YzWVl6MGlQLUt4a1hiWEtqM015c2xnNFZEVnlYbDAzUDRPNUhITXhyT2VnbmEzbFJoeEVyZW9JcmhkLUxKWFVraUhlNDVTYjhEVlpWYmdvT0lvbHpaX25wbUc1OUdvQkZmNFJFQjFLRlB5UXQ?oc=5,"Thu, 24 Oct 2024 07:00:00 GMT",pujatvaceh.com,UMKM Lhokseumawe,google_news_rss
"Jasmadi, Penjual Batu Kristal Putih di Lhokseumawe - RRI.co.id",https://news.google.com/rss/articles/CBMilgFBVV95cUxQbHpFV2RkeFJlcGd1akc2QlpIUFFkcm15OEE0anJ5Zy1lV3dGbk5INlpMeWZvS1hqckNNQTN5a2M5eXJ1QUFzVzVNS0Y0cGJ0QlRBeTVCbmNfcDcwdDV1ckNvZU1RNFVlNEU4cXNiekIwc3ZlZjRkem1lT1ZXRUpWZ1NoaDAydDJ4NWJnSWI3QmgyS1VVb0E?oc=5,"Thu, 22 Aug 2024 07:00:00 GMT",RRI.co.id,UMKM Lhokseumawe,google_news_rss
Sukses Pasar Kuliner Ahad Festival di Lhokseumawe Harus Dipertahankan - RRI.co.id,https://news.google.com/rss/articles/CBMisAFBVV95cUxPSVVtV1p1V0ppOGlzbFFuSTJRb0V1Sm5uZ2pNektSMzYzN2dTWEh2M1lqM0p5SlV6TzNOaU82NHJYQ255YjcyYjlMR3hwWkk4VmVyQVJsQVoyQW0wRE1wZGNPTDc4MkZwbXQ0cE5DQWlYVmg4NkwyYXJVVEczMmFJVnkzT282MnZpcnhaOXNYSjQ5Q3hmVmpSVVdaRmFjUXU4TF9BeU5ZUElYTW5McFlzag?oc=5,"Sat, 24 Feb 2024 08:00:00 GMT",RRI.co.id,UMKM Lhokseumawe,google_news_rss
Produk UMKM Aceh tembus pasar Asia Tenggara - ANTARA News Aceh,https://news.google.com/rss/articles/CBMijgFBVV95cUxPOHViVEpyX25PVFAzODgtOFM4bG9PRXg0VGdqdnMyaFN5ODlnT2djS2ZlZFZrZUhzUTJ0OGFnemNadzMybWlsR0ZOaEpBOFZVZms4MVZmMHFjNlhQd3VHQXE1aEh4R1dhMmRoZzZ4M3NnZG9VN2NEanF6aVhDZW0xVVQwajVzT1hhWHVZODhR0gGTAUFVX3lxTE05Z3h1LWJFWWhkck9EOXN0cWw2UU1FYWZNMVNROF9raVdQS2NTVC1Ha1JVOWJ5Y1JZMXdfZnBnUFlmNzBJVWZRWEppazNuSUtLNW5tTG5LVzhiVzhaU2xxa20yOXVOTUlZS1VUdkJIVS1wcHJWbTlJZ2RPTnhHRjRjZ1Jqd0FOTWpsTHlFaXA4X3pBaw?oc=5,"Thu, 30 Jun 2022 07:00:00 GMT",ANTARA News Aceh,UMKM Lhokseumawe,google_news_rss
"Ketua APUI Lhokseumawe: 80 Tahun Indonesia Merdeka, Laju Pertumbuhan Ekonomi Aceh dan Lhokseumawe Masih Terpuruk - JuangNews",https://news.google.com/rss/articles/CBMiekFVX3lxTFBnMkpVcTBzd0xYYmdkY1NYZ2Z0R0ZuXzZSV1pJMUhxcUU2OUtHSEtXckI1OFNKYjZBMzFtclpjMzVIRU1WVFJSRDJ2VkMzdzlKdGF6M2t1TjhpSHo5bFgwTlQtbl81Q19LOHdPbG1CSDdZLVg5M0NreWln?oc=5,"Sat, 16 Aug 2025 07:00:00 GMT",JuangNews,UMKM Lhokseumawe,google_news_rss
"Gandeng 156 UMKM, BSI Region Aceh Bersama Pemko Lhokseumawe Gelar Ahad Festival » - dialeksis.com",https://news.google.com/rss/articles/CBMiqgFBVV95cUxNSFVEbFpTSG1XdzF6QkQ0T1ZKSkRnSHFfOW5jejBJRzRLSjdfUWJickdBMkNqeHdlR2dwYm9ieTB0YlB2ZFUwbkM2Yi1nLVF4dHhGSUVyVnNUbWNheEdoYVNZdmUyRHAtcFFKT041LUNrU0FrVWpvUm5OWFlwVVNRMjhzX0dWaUUydEMzblp6a2JJYl9EdnU3NjBydjZQWmlEV1hPZEhMaS1iQdIBrwFBVV95cUxQbGp3OFRGbktVUVB0RXNxNndtUmROM1F4LTZEc0c4aVBoLUJhZ1JsRzJqazJhRXA3ZGdsVnVnSnctYlF0U0FzYlpIYlRsSFNfV2NCZ3VoaFVUOVpmNU04NF9jWlZnamhXLWwtcG5IRHRWeV9fa0ZEbURxMlZlVVRPbWhRQTNBTFhtcWtSZ3lfQzJhMmpNNEwyNFlPamVGb3hHUnd4ZGpkMVFOQXd1M3Bz?oc=5,"Mon, 28 Nov 2022 08:00:00 GMT",dialeksis.com,UMKM Lhokseumawe,google_news_rss
Kerupuk Kemplang Palembang Hadir Menyapa Lhokseumawe - RRI.co.id,https://news.google.com/rss/articles/CBMimgFBVV95cUxNNGZOWlpZWkVZdVlzYjJXeXk5bDVrMjUzdGZEM05DZU11dVpYajBlYlVab0FNRUM2NXlodXJKaEgyNFFJVFQ4VmF5UUxaTTJ0STNuNjdPOHNUaDNLRzBSQ3pPQi1PQk5nOHVvOU5lYUtITEJrUVM0eWZseUVDcW1sM2pLaHlabEV4eG9GVElRVndHSWI4eVRKSEJB?oc=5,"Sat, 02 Mar 2024 08:00:00 GMT",RRI.co.id,UMKM Lhokseumawe,google_news_rss
Disperindag Lhokseumawe Aceh Temukan Penjualan Minyakita di Atas HET - Kompas.com,https://news.google.com/rss/articles/CBMivwFBVV95cUxNMlhaNFVFdS1YY1p3alhJMjBWYVRoYk1halgyLTV5cVl5Y09XZU5ZSzZVVnFVZzdwZzVUMnFCTU4zbDhDcmIydjRyV1JkY01FU0V5UXhMbkIyRWdfaFlTNklYdmhjcGVzUHhTeXE0ZUw2QVZqMzB4NVlqMjJMdWc0TWg2YUFJRDA5bGRINzRWcHlIbEZwZUdQUlFnSzJKUGFnWVRyazlVb0VCdEd2NUp5RlBPMkVCTjhzTU9YaFQ3NA?oc=5,"Wed, 12 Mar 2025 07:00:00 GMT",Kompas.com,UMKM Lhokseumawe,google_news_rss
Anggota DPR RI Muslim Fasilitasi UMKM di Lhokseumawe Berlatih Digital Marketing - Kabar Tamiang,https://news.google.com/rss/articles/CBMivAFBVV95cUxPTDFuZHp0VldHWUxvaVJoMWhjeTEzdFFPcUJwVEJNQVBibmtkc0Fmck1jZXlpUGZ1emc3OTBaRUhaVkxMMHBlMzBvSmpkOE1UYWpfWi1raTNLTzJXbldpXzRzdGZ0blJ0MV9lb2VhY0pWNlBvY1g3SS1USGJYa2RIdkNoWE9vekJfVWtaVllidFFnemJEbjBtak5EUW82ZnZrQkpGYVNUTVJDdHNfZ3BpZDlNRVdHa19ORmpSVtIBugFBVV95cUxPajliZ2Nzd3pUS2ZfMFVaMVlGRmhUQlNzTFF1RThSQ2QySmpIbGNrM1BvVDA5VnNIYkNQMnZUNHFuWjBhT2VDRXpNQTJaTjZyU2NYU0prNWV1YmhUeGtxUHpaQzQ3R04tdUJtLXFiRVduZmpDQ2lmaHFPVVlfWDdKYmloeEdFSDAzX3p1bmlhazBzQzdlUi0yeXdRUko0OFpfZTFQRllrRnp2dXowR0RqeGxudkdBYlFwOUE?oc=5,"Thu, 08 Sep 2022 07:00:00 GMT",Kabar Tamiang,UMKM Lhokseumawe,google_news_rss
95 UMKM Meriahkan Ahad Lhokseumawe Festival - theacehpost.com,https://news.google.com/rss/articles/CBMiiwFBVV95cUxOaG1vbVBoQ1QyOGpUc1FZcXBlLUJJSUhnSktxVTdKdEhlNy1IZjY4OENYRTRtemNhTmRvRVd1SWNqYzhOTmlkRlctNlBwYTJSM0NQb1lSS0NUSk14VUtSdE43M2lucW54UDlhVEdqeDVsQ2RraWViWmFqRm1Cd0JpT1lEaWNyYlZPMzVJ0gGIAUFVX3lxTE1ScERlandkai1jWWRZdGFWRXZFYW9XNkVtWWl1STF5cG5kejZPMDhPNldTU1JTcGhPanJmT21wbzdxVmlSd0U3S1RNb0RPYVdZMDdya3RVNXpMYk5aX1kweWJKMnFhRkFMazcyM21CRkFZOS01SlZYX2JUMUxmUGhfNng2ZWNSc3k?oc=5,"Sun, 06 Nov 2022 07:00:00 GMT",theacehpost.com,UMKM Lhokseumawe,google_news_rss
Pemerintah Hapus Utang 1 Juta UMKM Mulai Januari 2025 - RRI.co.id,https://news.google.com/rss/articles/CBMinAFBVV95cUxNdGU1TnZXeFlQZm1tNldCM3Ffd2VWZ3RhajNmeVZmVno4M1l5OXJyeEk0QzBZS1kwNE9na1RVZ3FYdDJ6YkhEOUY2aU4wc0FPbHMzamwwSmVHQmx3aHlkc3ExbVloMjRhN3lId1R5X2tGeWdFOHRYUnF6VEZFdHhnbVUyOWhjWkR3OVJKaEtkaWtUaGo5M2ZUM01UUDQ?oc=5,"Sun, 12 Jan 2025 08:00:00 GMT",RRI.co.id,UMKM Lhokseumawe,google_news_rss
"Bolen Cuba, Cemilan Kekinian Khas Kota Lhokseumawe - RRI.co.id",https://news.google.com/rss/articles/CBMilAFBVV95cUxOQk9ZckFaWnRJemZWX0YxUmxiV1pCYkhfUDdsTXFMTEN6LXhrWWU0SmdGcDk3ZUIwWGRELU1wdnkxUkhhUDVqWm5OQ3NLZzEzV2w5MXNLUWpGaktSbU1MRm1UY084aUJfR0NWWlhLcUN0b1JMOXI4X3Z5VkdhcjNjTzlnWWJTNUN3bVlhbjRGVVlFTGJG?oc=5,"Mon, 15 Jul 2024 07:00:00 GMT",RRI.co.id,UMKM Lhokseumawe,google_news_rss
Anggota Dewan Gelar Warkshop Pengembangan UKM dan UMKM di Lhokseumawe - aceHTrend.com,https://news.google.com/rss/articles/CBMisAFBVV95cUxQNHFBZEZ3VVdZNklxT05la3NsbTFNS19GWGxoU2lrWk9ad3Z5aERyM1kxMHhmLTFfVTJZMS0xV1dvQXFxLVlYeDJ3dWdxOTJ4QzF4R1lQcDBTYjBaWDJwRUpqb0tURkdjaVpUWGJ1eXlpZzhsYTd0NWoxU2F5S3JGaUZTMVEyTWttQUpVc2MybHEyeEhtSVVYVzZPVTNQV2Z5X18zdklPdC1zazNsYmtoZtIBrgFBVV95cUxQZ1BLa0tLMnp1S3dRZXF6RU03WEU5cE4zdHF5SUN3WEJzdTdSM0ZZR2tqZEpxUElOc2k2UEgwcDVSVkI2S0ZnOUxvVXpudWNUR2dSazVoOW9VOWtGdUdJamdMdXowOGZ6Q3M4TEExa2pWZ25tLWdjX2JLMkJXMlNaSUswMXVCOVZmbVF2Ti1mdnlKT1BYTG9FdEd2Zzh2NWtKT2UtNnZaQm1SV0l1MHc?oc=5,"Sat, 02 Nov 2019 07:00:00 GMT",aceHTrend.com,UMKM Lhokseumawe,google_news_rss
"Dicekik Harga Lapak Tanpa Listrik, Pedagang UMKM dan Kaki Lima Mengaku Kecewa - MODUS ACEH",https://news.google.com/rss/articles/CBMixwFBVV95cUxOcmNkd0dEbFBiSXU5Y3pLSnMwdGQ4WTVHUjZKbzZOSjBkRGk3cW82bGtqR2hQcDNHNXZfczNZdS1zRXV2LXo0NmRROUZYTVpiT3Rsd0pQcEg5UlRJakFIX2FFcWhQTVpEVWRyVktQbG9ZNEdfZ2ExWTlkSG91a1ZfTnNoV05COEk2VnktVUUxTlhGSVQteHNUQzk4SFoydldBUzlDdmpiZUEtUjVNWjRtV2NCZjBKTkpBeDRFakxHMnZWVWNLM25z?oc=5,"Tue, 06 Dec 2022 08:00:00 GMT",MODUS ACEH,UMKM Lhokseumawe,google_news_rss
12 Gerai Kuliner Muara Satu Diresmikan Pemko Lhokseumawe » - dialeksis.com,https://news.google.com/rss/articles/CBMijAFBVV95cUxPMmVTY1pUSmRTWU80eFpDbVhsSlY3SGJMWW4xYzJSdjR1UEVvcUdKWm1oeGJyVFg3T29ZbTNaX2NJT2tHY1FTLVJjSV9lbVpTa01tRm4ycXluTVhBV1JzdkR5dkNOUjNqZ0UzR2ZIdVF1OFI0LURia2RnYzAwZGFfbF9YYVJCTklkVk1rZtIBkgFBVV95cUxNUjk3TVJzdVBRUG5GXzY3S0FEUWpmQU1nc2VKYlR4NTk2dkU1enlYaVVoemJfTnRHTFR3dWVBVU9XNXFVS3ZKSmZta0cxRF82VVZXWi1xNjJSNkxpWlN2V3hUREs3bll0eVZTUmJvckJaY2dkajVlMkZYU2x2SnBXSzhrZUYzZUNrTlpLMC04SEU5UQ?oc=5,"Tue, 20 Feb 2024 08:00:00 GMT",dialeksis.com,UMKM Lhokseumawe,google_news_rss
"Usai Dibangun, Pasar Kuliner Lhokseumawe Senilai Rp 2,4 M Belum Difungsikan » - dialeksis.com",https://news.google.com/rss/articles/CBMiowFBVV95cUxQMDZkN2xxN054SVl4RWg1YS1iY0pnZmFnX3BEbi0tcXl4UTE2ZndKTzNZX1dkUEZFVEhMbVY0SUdILU8zYTRZVHBwdFVFUFFBNHNJVVY5OHRuMmM0X19iTFNPQ21MVlFaV0Z1WDgzQ21sejdqRUoxYWNaOUU1Z0ZvamhXUzlxYXNlbGlxTWNLSmhPeEVZeWhCRWJEWkN1RTViSGh30gGoAUFVX3lxTE9rMkRGY3NuSGNPaUY5MWdnN2dQRUFkT29BSG5UWE9SU1c2LXduNkQ1VzhtTENIR3o3V05XWTBWb1hMczRpRzNyeHloZzVnTEN5RkhUeHRTdDZ5cjRwLVR5NW0tR0ZheFlib0tGNWdxcFZRRUtodXdscE9Qb2ZPcmlrcXRwZ0lBNDFuT1ZwSldFYTUxeUZDY0JUMTQybjZheWVoNHZVLXNSVA?oc=5,"Sun, 27 Aug 2023 07:00:00 GMT",dialeksis.com,UMKM Lhokseumawe,google_news_rss
LHOKSEUMAWE - ANTARA Foto,https://news.google.com/rss/articles/CBMiYEFVX3lxTE5LVTRnM25laDM1X1hoa2NEaGNJT0xIXzVRY2RZdkdUUG9qazZveXYyQkpYMk1MR0tjWVZRRm9fazdzNzMweVhRcC1UOWU5QWVTemJOaWFWNEE5TDNnR0pBV9IBZkFVX3lxTFA4RmZsYlRYVmtpWEpaMlVWaHRRUkVyUkJ1RXNKWnBzOGMtRzNfa1J3V1E4UlJZNmNIWC10N0pYNWh5bmNHYU04YU93OG8wSTREbUR6R1hhTHRlZksyc2lJbFo2em1JQQ?oc=5,"Sat, 25 Mar 2023 07:00:00 GMT",ANTARA Foto,UMKM Lhokseumawe,google_news_rss
Prabu Dewanto Resmi Jabat Kepala Perwakilan Bank Indonesia Lhokseumawe » - dialeksis.com,https://news.google.com/rss/articles/CBMiowFBVV95cUxPb1BoZEFkMUtLSVBQLWZhVVBKMTJQaFNjTHNjejg5eHlMNTkxOURLaHhWYUVpRXY3WW5RZ3poM3J1U1RsV0lZS0RGY21hMGo0Z2JKNEY4WDhhOTRhdlFlZmtSTEo5Rk1BcnE5SG1RWW0xT1lWV1RtM0lSWGNISjlMdVRSTnhCYlNPNzBnNkNMQWtEOVdNZmV0a2JEMDhTX3FTdTZF0gGoAUFVX3lxTFBaZ3hFQm5EOHI0RkJUZmRheno2Q25NSDNudldwTUFSemlvaHdHNHI4RjE1VUozYWJBYzgxWkhSaC1JMEkzWHlvMGxlbzNYT29GcVZJaXk4VkRPLWVWa2lwTUgyZzBuSnhTcEo5MnVJY3JWenVBcXhpeFhSWWtCOXpObk1kWkh4cEp6ZmtSQmJqTWlkMGt4bUN1TldvNkV1OTQtc1UtNndPQw?oc=5,"Sun, 27 Oct 2024 07:00:00 GMT",dialeksis.com,UMKM Lhokseumawe,google_news_rss
Presiden Jokowi Apresiasi Produk UMKM Binaan BI Lhokseumawe - Kanalinspirasi.com,https://news.google.com/rss/articles/CBMiqgFBVV95cUxOT19GcGREMDlGRWc2YWR0STA1YzkyTUNrVDFWWWZnRjNkLXhJdHhxbldYWGM4NzhzS0NkUG12SGtkc3NxUW51MUk2S1llbGVidXlGUVlLZGltWE9zcVhSYWNwY2JOcWlPbHpxT1o5VE9NS1dwelV1clBrMFBTemlCWGN5RV9ibEtMTXVaQWlFSExmSjdFWENOalo1UHRxcWozNDB5VFYtZFdpd9IBpwFBVV95cUxNQm9OZUxJR2pKU21ZcV9MQUlTOVVjSktNMndwN3dtUW1KSWNhdzVNWmNzUkxKSm9WR08xdlBab1NvbHZvV2taSTg3bGR0NVBXRFc4a1BESFlYUWtFTmZYRmhBcl9KWXdqMHlRbTUyeVc3V0lvdGhFNlhwVzI3Ti1RaGhmS1VKLWkzSXpWYW1iVlh4bXdCM0NPcEZhMzhvVEt3NDM1UFFURQ?oc=5,"Wed, 17 Jul 2019 07:00:00 GMT",Kanalinspirasi.com,UMKM Lhokseumawe,google_news_rss
FOTO - Penjualan Kue Kering Lebaran Produksi UMKM - ANTARA News Aceh,https://news.google.com/rss/articles/CBMikAFBVV95cUxOVHVsN1pMZnJXWjg1cU1yUWZjTmd5N0dzZ1YxaXVxZEpFY0pfV2NZb25aMTVTMURUR1Jxejdic29uR2RwTzBWcThKVElQd0twQ25wWW1KWExyWXBUOGtRR254RDM5dERiZjFLMnNONVRXbFNCQzc2cVAyLTR4eE5DQTlaakR4clNkZnRGMlU0UHQ?oc=5,"Wed, 12 Apr 2023 07:00:00 GMT",ANTARA News Aceh,UMKM Lhokseumawe,google_news_rss
Unimal dan Unsri Gelar FGD Pengembangan Sentra IKM Bidang Perikanan Kota Lhokseumawe melalui Program Pengabdian Kosabangsa - JuangNews,https://news.google.com/rss/articles/CBMihAFBVV95cUxQWG5KSHdXQWxzYVk3d3lQaHYwcDBSZDd5UmtaR0E3akRZR1lFU1FJX1pwU2p0emg2aXQyMEEwMWhwSUEyN0pMZ1FJU2d2bDBCVGRQdk1WM2dtNnNMU1Noc29VVmEyMGpqWVBwcG0ydXE4aGJMQll3WXNBVkhzc3dfazNDaUI?oc=5,"Fri, 04 Nov 2022 07:00:00 GMT",JuangNews,UMKM Lhokseumawe,google_news_rss
"UMKM Lhokseumawe Terus Tumbuh, Dorong Penguatan Ekonomi Masyarakat - RRI.co.id",https://news.google.com/rss/articles/CBMitwFBVV95cUxPd2V0SXFsMUFoQXVPTkhrdHFQQTdXQWhUaWozNFpoRTJtWTU4aWNVZHFfSDRHd1ppeVI2ZGN5OGJIVEo5dFMyUlh3RFBLS2J4YW5tOVFHRzlmYlFEcU91UFpMYVljVmdWVEZPWklTZVNYcHdFYm5ETmZXNHBLcU5NeHpuMnlRUFlsdXgtdE5aUzVVLXNmeFlOdkJ3bHpJT3I3RUF6NEw4aW9OZGJmZ0tGdjV1cnBvRmM?oc=5,"Wed, 26 Aug 2026 10:31:00 GMT",RRI.co.id,UMKM Lhokseumawe,google_news_rss
Pemko Lhokseumawe Perkuat Pemulihan UMKM Terdampak Bencana - RRI.co.id,https://news.google.com/rss/articles/CBMirgFBVV95cUxOOXhIYWFtWFlGcnlaazJWTUtXMEFwUWhvWXFLaVJrX2dRSV9HSzBPQWQzYTFxTnk3SklrSmFxa0ZJY2F4am81ZjRBZTl4RVdJRFhxUmxfamt3MndLdEZ1ckd3cVNTRDdkUVZPejBVUlZZbVlRMVRJUDB4MmJ6SUJISnMtOTdrUGJQX1pjeHpLU091cExPbVRET1k0MnZFeWRraldIZ0k3aEdSNVZVS0E?oc=5,"Wed, 26 Aug 2026 16:04:00 GMT",RRI.co.id,UMKM Lhokseumawe,google_news_rss
Mahasiswa KKN Unimal Bantu UMKM melalui Pembuatan Spanduk - RRI.co.id,https://news.google.com/rss/articles/CBMiogFBVV95cUxOajRWeFNwSFJXeFV3dUJiTENJVEw3MV83SHk2ZUJwZWN3RVN6aGg2b0VkdEFvZk9KX1NkcUJPR0ZmZGh5QjVUUTl4VzVuQURZdnZEUURvTklqMTFIS2h1WWZvcGFnckwxWFJJOFJJRC12QllpYnRja2trUjJLeS0wWG56X05seVNVQ084djBjdWRYTjF6eV9wbTlVWVR4TnFJalE?oc=5,"Thu, 27 Aug 2026 14:29:00 GMT",RRI.co.id,UMKM Lhokseumawe,google_news_rss
"Manfaatkan Momen Hari Kemerdekaan RI, Omzet Pelaku UMKM Lhokseumawe Naik Berkali Lipat - AJNN.net",https://news.google.com/rss/articles/CBMivwFBVV95cUxQb2VQcGthdlYzSDRhQ0xtNmI1bDFueTlZZUx2UzNkN2dabGlycUkySGtNT1VyVWhndUhwRDRfYmd4LWdLMU1VaUpZbDJJTDJ5MnNiNU9hWWdwYndyZVhWMjdPWkhoa2ZVTUNoaGJPT3RPVUo3QnZ3S3A1X1RYUTkydnIwWlZibXhuNDl0ZkkyUkdNaTFRMjZDQ1NaRzFieGRlVjlWd0xLWVFhQjd4d2Z6Nlh2cklyeGVzaXZzVDFKONIBvAFBVV95cUxPaF9tZVNkTjhtc3d5aExZZGRjcm8yWWljcHR5UkM2VG40MklLUEdzVENOX0FPTG9BV05fYWFVZnNWdjVFRWp1ZkhfQjEzWlllUmxBZmlPWjBQa195OTV1RElyeEFhUy1SYXY5MjN5UlpjUGkwTUY4WDNDQVlzLXZTZ3VUcjZ0UnUyQTRsRk9ucmt0NTFCdVYtX1pleXc5cklsQXFUSV90MWVBVW5OZHVabEltTEdwMEROOG00TQ?oc=5,"Tue, 18 Aug 2026 06:56:26 GMT",AJNN.net,UMKM Lhokseumawe,google_news_rss
"BI Lhokseumawe Gelar Pekan QRIS Nasional Selama Dua Hari, Ini Rincian Acaranya - Serambinews.com",https://news.google.com/rss/articles/CBMivwFBVV95cUxNMzg1cERtaVEwbHNxQk1CRVlkMHFOYmtVd01zTVlOLTJuWWdxeDVVUVRuM0thaWJ1Z0RLUmIydjBQVFpaaTRDU3drWFdIb0pGZURWTUFkSEMwSTM5YzZQQ1pBOTRkeXYzYXM0Wkw3UWxmcUxUVk41dUlCd3JFSHBqeXdQN2J3UnlzSGtkRjhIa05Pa193OXVDdXhPbDAzNGZ1NnNDc2UzQUkybXlYZGRyUnpmNUgxblZoQS1TVXQ5UQ?oc=5,"Tue, 18 Aug 2026 07:00:00 GMT",Serambinews.com,UMKM Lhokseumawe,google_news_rss
"Transaksi QRIS di Wilayah Kerja BI Lhokseumawe Capai Rp1,93 Triliun pada Periode Januari-Juni 2026 - Serambinews.com",https://news.google.com/rss/articles/CBMi2gFBVV95cUxQZXNCcGdxeUJscm9rRG5QVTRKYnU5b0xPRmQ3b05xeWowYWxLQ01xbTA4SVhiMEE5endwa1R1ZE05RXBOX1R5TjdLcjd5OGxhc3NMYkFWS1lNdEt5bl84T2c3bm1sRklMZjhRLU5qMDJEbHE4QTJSY3ZSQy1UZ2c3YmlzbmJuMWlTRGNnVlY0SUwyVTdMMmpFVFRNMzN6ZW96cmFhLWh4d0EtcVA5aFN0QWRzWWh0bTVjVXFFUjJ2dkVJWGp0aTlqZ3N6VkM3d0Vfdm1acUh3UFppZw?oc=5,"Sat, 15 Aug 2026 07:00:00 GMT",Serambinews.com,UMKM Lhokseumawe,google_news_rss
Akademisi Soroti Lesunya UMKM akibat Ketidakstabilan Harga Bahan Pokok - RRI.co.id,https://news.google.com/rss/articles/CBMivgFBVV95cUxNYUE5SHVrbWtaYXhoUkJRdV9ORG0yb3NKVGxzclo0dmRRbTdtRXFaZTZZM0hqMXg4OF8tWVJUWG1aeVlDMkQ4LXBuODNrWEFycnQzV3Qwd2k5b3huOThqbzNuZ1RhMUJMSUhhblFyRjB3dmtXczBLWU5BRU14OUdpUlZhQmJHWE14ZmgxdWhHb1FqMXlEYjVyVWRjYkxIdnIzQ2MxRkV0QUlTOU13TFVHRjhRVTltb2FCYlM0Z2ZB?oc=5,"Sat, 22 Aug 2026 13:37:00 GMT",RRI.co.id,UMKM Lhokseumawe,google_news_rss
KPw BI Lhokseumawe Soal Perluasan Program Pembinaan UMKM di Aceh Timur - Serambinews.com,https://news.google.com/rss/articles/CBMitgFBVV95cUxQakw5RWM1NjlJMWt3c2dXclhiQzhSQzMzaHYyejF2RHBhc0VXbDhLbnBsY01WZXFXOXZlNENmYXhTazlFdldIZWwtVldwUWUyQy1KYVQtTkd6YWZMNEFfVUdCZkgzVnE3dURIckxUQ2tnNW1pbG5ZZElfNHN0U2dFU09FeHFpeEVhOFZGRFFvMVd2dXRuOVppNVRvYXFEOTBHQ2hYX1cwSEUyaHUwYkxaaTlMNGx6QQ?oc=5,"Thu, 02 Jul 2026 07:00:00 GMT",Serambinews.com,UMKM Lhokseumawe,google_news_rss
UMKM Alam Coklat Manfaatkan Pasar Tani Lhokseumawe Perluas Pemasaran Produk - RRI.co.id,https://news.google.com/rss/articles/CBMixAFBVV95cUxPVjdmVzM1LTFENzQyTEFzTDQ5c2FzNFBVekpFckE5dHJoZFdmZXpSWDBLb1dtRDFTUDlmNTFadnpBZTZrSG1MOUZVRHUyQUdGbXkxclNPMFpvT2d1MUZQU2xkcWJUZHNsUmxaWTd3aXhsQjZyVnZzNmVXQ1FSRVRFX09yaTR1VHVDY1NET0xiX2ZJLU9rdGozWWU2VHpkM0V3aEw5dE8zeVppYkNzVmEyUTBzc2VfWVZZM19JdDQwN3M5S2Nt?oc=5,"Wed, 08 Jul 2026 07:00:00 GMT",RRI.co.id,UMKM Lhokseumawe,google_news_rss
Pemko Lhokseumawe Segera Data UMKM Terdampak Banjir - RRI.co.id,https://news.google.com/rss/articles/CBMimgFBVV95cUxOckNpb2NNS04yOG8wdWNGR1dPaUZJS2gySFJfX3hBZjZNMldXZnlqcUoyM2hMbEgwaGMzS3VYR2pDMVpua1FjSy1XNHZXbmdld084WFpIdWc4U2ZQZ3VTYXZQaVlpWU05RWxxV0dPeEpWU0tnX0wzTFBWWGJJQTNRMER0SGxsdWdBaXFtTGFGakg2cFdzQ2VsTGFn?oc=5,"Sat, 17 Jan 2026 08:00:00 GMT",RRI.co.id,UMKM Lhokseumawe,google_news_rss
DWP RRI Lhokseumawe Dukung UMKM Bordir Lokal - RRI.co.id,https://news.google.com/rss/articles/CBMimwFBVV95cUxNNk5iMWRxRlpNdDhmeVVOMFBWalh3RXI3ckRjbFpLR0hrNjRWMy1lNnFBTUZELUdUUVNKY1Q2UTZMTGlZeEZocGxUOFduTV92U2ZfV2dYN000MzRzd1poampQS3IyM09LRjMtdTBoZ0h1UmV3ekhDamszWWpVZllNUUJqSUF5OTBFeUhlb0VYNnRCQlQtaGR0dHhxTQ?oc=5,"Thu, 07 May 2026 07:00:00 GMT",RRI.co.id,UMKM Lhokseumawe,google_news_rss
"UMKM Go Digital, Kunci Bertahan di tengah Persaingan Bisnis - RRI.co.id",https://news.google.com/rss/articles/CBMirAFBVV95cUxNRWEwYVprSFFrUGlJYlFlcXgyZjRuUTRfdGxrY0FQNjZsM2QxVndHSEFZcElSVDlFZzR6SVlZUGZmeU0wSmY3NW96T196bUpEVG5vQmtHSnNJNEs1U3FBVXlzQlpvQjZuS2ZaemdhZldnai1lcHgwckZkS0Z2cmhGdjBaUWVRMV90R1EtQkVCYVh2UVV1NHVhY2psQWN6dFltZnp2aGZEX2hBblZn?oc=5,"Sat, 27 Jun 2026 07:00:00 GMT",RRI.co.id,UMKM Lhokseumawe,google_news_rss
BPD GESID Lhokseumawe Survei Pelaku UMKM untuk Dorong Sertifikasi Halal - RRI.co.id,https://news.google.com/rss/articles/CBMivwFBVV95cUxOOHluZFFWUmVuVU1sOFBCZFJIWDNKd3NPYUlIWHlIb1Vvd2ZoR0lpb2xJajNiNThHUWlSd0toT3JuTVVZc2RkSHhIOVU2TUFfRzZodUVwbFg3V2NpdE1qTnFRR3lHZmJSTGphUDg1VGlyMmpjVHdRMWZ3eklpV2RPaUp4QVVIaUhBNklkNlM5b2RSdlVzT2dZR2VMazRUdlgxZUlzdW92YkRqaThWZGdEWTdOU2o5THhWdi1CZVhNUQ?oc=5,"Sun, 05 Apr 2026 07:00:00 GMT",RRI.co.id,UMKM Lhokseumawe,google_news_rss
PLN Gandeng TNI Kebut Perbaikan Tower SUTT Langsa-Pangkalan Brandan - detikFinance,https://news.google.com/rss/articles/CBMirwFBVV95cUxPbDZ1a09RUE53ZTl1UTZlVTh5QjVTXzZmZF93eW4wYm9sLVdXYzlxYWMzcmlmekV3NHhNNXp1eGFPODA3QmRrdFNtcno0RFVYUFNFeXZib01yYm9sd3hIMkdWdWF2REJXTFhNSWZjaXpvRHBlb3BWbXZ5R2QwZG9iejNtZndEZTZBd2RsUFlUSFBrcEdYZWdWNDA2QlA5SmtYc09scE9QOVJQeXFEUlUw0gG0AUFVX3lxTE9UYjJPUWJyWVRBdFpxYUFCRVNuTS1MS2dMV2NTSGI5dlMtbktCUTJuejRxYUVXdE44QnJSaVBFOXFYZnY5UlpWOFNMNDNGS1NRSWFKQXNyenVkTUJ2bUoyTmFNcHpzOVRRcjA4LTl3dENLRERCV09RNTNZNm9RbTREWWZCOTRORTRSRjd5bnVCVjRtVlllckVSclI5ZmJUQWxjbmJORXpyeUVwMWRaenBtRDd0UQ?oc=5,"Fri, 12 Dec 2025 08:00:00 GMT",detikFinance,startup Langsa,google_news_rss
"Hilang Misterius, Guru SD di Langsa Malah Kirim Pesan Voice Note Minta Dikirimi Uang - Waspada Online",https://news.google.com/rss/articles/CBMiqgFBVV95cUxOQUg4d3hRdVJ3dUNBY1NZYXNvZFFMTThmWUQ3MDFjbG9RQWd1bnNMQ0Q5WVBLU2MwdkMxSGdBMHhZLUVIaGlQY0dMbUFnV3g5TElyUVdiN0RtNllOT2xnTll6ZHRpclhNN1haNUJNYk1mNkhWbFhZMUNyYURoS0d5R1FnMmhTa09DeDRCWDdJa0RuTW1JSjRBOGlLUzREMDNHbzc4UUUzZzVqUQ?oc=5,"Thu, 24 Oct 2024 07:00:00 GMT",Waspada Online,startup Langsa,google_news_rss
Haji Uma: Ada Oknum dalam Jaringan TPPO - Bisnisia.id,https://news.google.com/rss/articles/CBMia0FVX3lxTE5LUXBzQUlJMVFBYnhFYlh4RlZYeFFyVDJrVjdyLTFsUHlqb0dHM2s0THFLY3lHNDZyNV9KWk9IeGVjWkFRSTRQa25ka0tlTUY0REtVQ3Vtbk9aS1V6YWZ4eExGVDdEdmtMdHQw?oc=5,"Wed, 15 Jan 2025 08:00:00 GMT",Bisnisia.id,startup Langsa,google_news_rss
Rahmadani Resmi Dilantik sebagai Komisioner KIP Langsa - AJNN.net,https://news.google.com/rss/articles/CBMilgFBVV95cUxPLXVaLS1saFZkZlFIazJ3N3hHLXBTOXRlVFFueXRfVExENlN2aktrNUJ0a1dCYVl0cllWNER4SGVIZk9lY3NEVUJmQmFLamFqS21iRVlVVE9KVnhpTnFYYkFPdGFuckl6UnhmNEJfb2tHN1ZTSi1uLUg1ak85OVliMldMc0FOS1BKSDJycW9NNWw2TTV1UHfSAZMBQVVfeXFMTVRGODFHWFB0QUhnU213blJIZzdXZ1U2U2R0d0tDNEpFckJNSEcyaGl2dnI3THFBVUw2UllacWRzaUswWnFmalpKY1hfWDVucTI5YS04S21UOGxuMXJBa2UyQ001LTRRSzZlemJIZ0h0ZlFqaUtRTGx6T2t2ZG5KNk9WTGtiWU1FUkdGU3lXTlNlZ0pF?oc=5,"Fri, 12 Jul 2024 07:00:00 GMT",AJNN.net,startup Langsa,google_news_rss
Lapangan Merdeka Kota Langsa: Jantung Aktivitas Warga yang Semakin Hidup dan Modern - mediaaceh.co.id,https://news.google.com/rss/articles/CBMiqwFBVV95cUxPMW1mYkEyWTFmOUVjYnJyUEU5ak9QeG9qV0lXRzFCZ09NVVlWOGRrWXZRYktyellBREd6ZTQyb3pGT0tPQXk2YWlfakE5bHlpbmFKZmtwZndvbW9iS1F5cVlYVzBBZnEzUTVaRXhOSi1ZZ1Vib1dzYWYxdTBwcV9XXzgwc2p5RUtrV2UtZWw0QXlETDFoNnVielZrTGl5ZjlmdW5uT1QwQmJIdlE?oc=5,"Sat, 15 Nov 2025 08:00:00 GMT",mediaaceh.co.id,startup Langsa,google_news_rss
KPPN Meulaboh Dukung Pengarusutamaan Gender dan Digitalisasi UMKM Kreatif - RRI.co.id,https://news.google.com/rss/articles/CBMivgFBVV95cUxNRkNxb1ZqdmIwM0Z4X0dYUmxhN3ZqWVJOOV9URU1UREZuelFYbWIyZzBqTnE0M1FqenFGX1BMZGo4NGN0cWdEcTF3Zk1mMF9TS3FraGN1Vl9kRzQ1UVlvd1VSLWpiaEt4dzBRdV8teFZuWkxsYjFld1JiRnpHdmk2OF9tYS1NNGc5Q3plaGRUbWtKSzNQNXJRb2lMZEtGd1I3d2tLRnpGNDFWYXNtQTNFSkRVM19yeG5lMG0yZ1BB?oc=5,"Fri, 03 Jul 2026 07:00:00 GMT",RRI.co.id,bisnis digital Meulaboh,google_news_rss
"Rektor Lantik 5 Pejabat Baru di UTU, Ini Nama dan Jabatannya! - Universitas Teuku Umar",https://news.google.com/rss/articles/CBMihAFBVV95cUxPbmV4dnZQMmttdW1lWHNvd0pDdGVtLUJlSHdlZnpUdkNnR0stNG1iUWVCNzREVy1aQlhtc0oycUdNMWtGclVzakxtcmF6aHBQUGc1eDc3ekJnc1otVXU4b0RPX3VqSi1BWnVXZlpybWE1Z25XVUtlem5qZjRBUXl3TDl6OVU?oc=5,"Sat, 24 Jan 2026 08:00:00 GMT",Universitas Teuku Umar,bisnis digital Meulaboh,google_news_rss
"Tugu Kupiah Meuketop, Simbol Identitas Aceh Barat di Jantung Meulaboh - ACEH BISNIS",https://news.google.com/rss/articles/CBMisAFBVV95cUxOWFhONmV6U3pBU3NJNlFjWlNjN1dNcEZNUmg2RnR0eWR1VFRfakJHMlh6WWhYenBCbTktWHhnM0dIdEhLUmNDSmhvT2NYcGQ1ZFF6R3Ayck1uYWVLZGRQYmZWSGRxeWZLa0Flc3NNc1JwYlBNTmxrYnEtV1p4V2d2S182akp4eXREVkJJRnFJdWwxOGlKbnRyZXRmdVh3Y1R0TjJndDNTSk5TaUtBZGVyaQ?oc=5,"Tue, 21 Apr 2026 07:00:00 GMT",ACEH BISNIS,bisnis digital Meulaboh,google_news_rss
Usaha Konter Pulsa dan Paket Data Menjamur di Meulaboh - RRI.co.id,https://news.google.com/rss/articles/CBMipwFBVV95cUxPTWl4QU8tN2RjdW0yNWp2b3BCY0xCR2FueXN0VHZwd0pPanhiUkg1TDZRdVZMcjFoR3czcDlIT0p4NW9mNVZQZk9Rd3dldHBfT0lwbXNSZ1RFeURvajBwbHBqRkx0dDRfM1ZkWHg3cHRKRzVHNTBTVjg0NzFlWERoUDFVVW5HTUJtc0I5UFkzY21qQ090RExZYjgyandwLUpCam5lUmJmdw?oc=5,"Sun, 01 Mar 2026 08:00:00 GMT",RRI.co.id,bisnis digital Meulaboh,google_news_rss
Pendidikan Digital dan Pemanfaatan Limbah Cair Jadi Program CSR Unggulan Meulaboh Power Generation - TopBusiness.id,https://news.google.com/rss/articles/CBMi0wFBVV95cUxQQU51T1ItckRabXRFNDVKdzFrdXZNbjRzb2RyVWNYaXBPQU5tZFhVRjRjd3VBd0gxRm9PZGcwdWlLaE9na05uZ2o5Vll0N0M3RXhDcGVSdkg1eWVZSHV6QVAxbEZnVFFvSmpvOEJadFE2YVpGbWZQWVNOSUMwTWVGSC1KS2ozblRteE1fV09LMzNfZThpbXFvVEZ4TW1nNGxHcUFfVHBiVWs1Y1U3STJiZzJ3WFZBdzVCaWNCVFNwUkhaMWhta3FjNTk3OXJ6dTdabjR3?oc=5,"Thu, 06 Mar 2025 08:00:00 GMT",TopBusiness.id,bisnis digital Meulaboh,google_news_rss
Bupati Aceh Barat: Grab segera buka layanan bisnis di Meulaboh - ANTARA News Aceh,https://news.google.com/rss/articles/CBMipgFBVV95cUxNSjJHd1hHeWpiSzNQR1pXT29yZzBRSGFNQnA4OWNLeWVBQURIdmhMZy1rRW5qa2dkNVRadTh3bjF1eEtOMzhLendMd2wxQW01OEtobEdOTUwwZHdHaEY2aTRoS2pSSUVOa3VWdjBUcnpSZldCOU1GZlc1VU5KVHJ5VFVMNExGVUE5b2c1UHZpTkk2OFRGcDhhQlNVUTBjX1RnOVFDYnpn0gGrAUFVX3lxTE0tbHdnR2p4UUQwY0tCZ3Y0X1hhbUZBb0RGb2luVTA4U25uWnFjMUliMDA5QXFvendHa0ZyR3BLclN0cENXc2swRl9GZ0RqLU8xLXowY1N1VGxybjZXczJ3SzNOb0pQVi1qWmN3a0ZrVnFQQnZMb042MWJaak9seXE0VGNQYmJTeTEtSk00WjNPRVVZbzZZT1k3cExwR19LSnNhelUyN1FramliVQ?oc=5,"Sun, 23 Feb 2020 08:00:00 GMT",ANTARA News Aceh,bisnis digital Meulaboh,google_news_rss
Harga Cabai Merah Besar di Pasar Bina Usaha Meulaboh Capai Rp40 Ribu per Kilogram - RRI.co.id,https://news.google.com/rss/articles/CBMiakFVX3lxTE02ZVREWTc5UEUtSXFiQlRCMDdfWjdiSWttZ3BhS1FiYXZDZkFPTjMyanUxekk2OGlTamswRWhLLTFJX2w3bVhNNEdpVTVFVWNNTkJNek8zY3h1cTB2YmhfSmFuYjFVcEtoMmc?oc=5,"Wed, 04 Mar 2026 08:00:00 GMT",RRI.co.id,bisnis digital Meulaboh,google_news_rss
"Parama Energi Perkuat Pendidikan, Siapkan Talenta Lokal untuk Industri di Meulaboh - SWA.co.id",https://news.google.com/rss/articles/CBMisAFBVV95cUxQc19Nc3FvZlRrQXBNZG9HTVR0Vm5SbFR5YVJGTVd1ZkFwb0xNUnRlRzR5SlB2Y0Z5d0Y4aGRSTzExQnM1MXItZG5saEtqbF9TdXV0R3RkVmpUVXdHbXVTT1Q4MmdxcDZBdnp1SGNKeHczeTBBVThiU2V1cHRQdVlyeGFocmY0UndhaHd6NENaWlpPdUtHNUU2SFBFMFB1SFZZekZZTXIwNDlST3dKemVtSg?oc=5,"Sat, 22 Aug 2026 13:00:00 GMT",SWA.co.id,bisnis digital Meulaboh,google_news_rss
BPBD Aceh Barat Evakuasi Sarang Tawon Resahkan Warga Meulaboh - republika.co.id,https://news.google.com/rss/articles/CBMisAFBVV95cUxONE1UcGtvTHB5LTVnZ0c1N1oxWElaS2NfU1VFYXR0Q2xGZWEwc1dFUi1RdjBJbnU2YXlqRGZmNWFfNmI5ZUxVYnRva25EdnNXYXlueWd6YWczSjlyc1RBWnBsWDdfMVF2VWtXS0YxUTF6aUdJdXlhcHhGWWI4eUFIbm9SU0o4R1htMG8yd0cyR25EaWRNbWNMUjJVVEZ3QVFKZzdmOGhreUNHcU50eS0yTw?oc=5,"Tue, 23 Jun 2026 07:00:00 GMT",republika.co.id,bisnis digital Meulaboh,google_news_rss
"Hari Ke-10 Ramadan, Toko Pakaian Meulaboh Sepi - RRI.co.id",https://news.google.com/rss/articles/CBMiakFVX3lxTE1SWG5NRkRZc243cFlKZ2I5ZFNNTGpOSEpxUm5TTkpxWEF1WUFFeUdtLXNkNGRic0N0eFB5dVpKNThjREptSmhnOFBNeXNoYkxHMTA0ZWprVXBuY0xkXy1rdWw3MzdRUnp1cFE?oc=5,"Sat, 28 Feb 2026 08:00:00 GMT",RRI.co.id,bisnis digital Meulaboh,google_news_rss
Polisi tahan tiga pasangan terkait prostitusi online di Meulaboh - ANTARA News,https://news.google.com/rss/articles/CBMirAFBVV95cUxQNVBEMWtpQUF5aG80RHk2MXRYa3RDWmJCS2J6NDhOSmRYUVF2RG5jb3J2VndJbGU3RDJYM3ZCZ3hNUWFNeWRoRmtxSmlyMkNzTXBfTVpMMGFOYmVKTGdOODVmS0JzYlU0dFVzR3d3U090YVBCTHBNSTljcVZLVnQwWVljSzhNcVFSZUJjT0JQYWVCYlM3aDBpLW4wU0tIeTZYdUpfYy1rZlBoeTE50gGyAUFVX3lxTE9ZM0JjTHQzdjZZcFJDRHY1MjhLX0JvTVFSaXU2ck4ycm5tZl9PRE5nWkwzOFJGYllLa2Z6cWtxbXZRMmhEcm01NWRpUVhiQ1c2SDVfcXBJdXdDSDVvTDhiODVqelc4WDhKS29JMjI5Q3RTWFpkU0ZiZVBIVTJoSndkQS14RXB6NWN1cGJGbXJpSURUa0RlRldtYjFZSEZTNVktRFQ5ZDFaeFZTYVU5bjBxaVE?oc=5,"Tue, 08 Oct 2024 07:00:00 GMT",ANTARA News,bisnis digital Meulaboh,google_news_rss
"Rupiah Melemah, Peluang Emas bagi Kreator Konten Indonesia - RRI.co.id",https://news.google.com/rss/articles/CBMiqwFBVV95cUxQSlRVeXdTdkZ6Z2dXcV9pT2tuNm9JQWtjR1kzc1IyRmFtcUdlNFFpdk82MVBUTHBDNWt0d0tSQlR4X1FkX0tJVm5MNVMtZXprWmRlYWJOM3pWYWZHSXJPUzIwdEVuV3FCRVpaR1liZ1U4b19KdzE4dXRKbWxRczNCYjhTdnJkY3Judlh0WGpfX09yRWN2UEtsQUdtV1dqQmlSaUZOR3d3VlNtOVE?oc=5,"Thu, 21 May 2026 07:00:00 GMT",RRI.co.id,bisnis digital Meulaboh,google_news_rss
Strategi Pemasaran Usaha 'Healthy Food' Di Era Digital - RRI.co.id,https://news.google.com/rss/articles/CBMilwFBVV95cUxNcVRPamdBd0pSZzB5bEV5azhuRGdJR3lXalh2S1FFUTZNTUJLTm1OcXBkTnFKZFpPZ0w0UkU2Y0tfSzE0N0oxcUM0ajBEenJ1S0NSMk43MXVMNDlIVng2aXVyWFdaeld0TzlLM0QzRUxQaWUxT24wSzVKaGl4eXJwazZNNEh3U1dfZWw5YXdvSDVDTndfRjJV?oc=5,"Mon, 26 May 2025 07:00:00 GMT",RRI.co.id,bisnis digital Meulaboh,google_news_rss
Inilah Manfaat Positif Bermedia Sosial di Era Digital - RRI.co.id,https://news.google.com/rss/articles/CBMiogFBVV95cUxOLWVwWGdhRlBTeEZlYXlDVXo1UTl0YWdITk03eFhfcUJ6c25TSFBvSEtKWi1JQmlKQ19BaUdiZmNvbWZTWmFaOWh0MzdESE9GY2ViMy1VOVcyNTB0d2pDbFVrT003d2cteGdwLXBmVUZBZXFpeTJXNWo5c01SbEJNNm1URGUzRWxtY2tUY3NfVFc2Slg4MkU3UnF5dk9DeUM3b0E?oc=5,"Tue, 12 Aug 2025 07:00:00 GMT",RRI.co.id,bisnis digital Meulaboh,google_news_rss
Teknologi Digital Membentuk Wajah Baru Dunia Pendidikan - RRI.co.id,https://news.google.com/rss/articles/CBMipAFBVV95cUxPMDZ5Ul9qemkxNXpaQ05zZ3QzWTR3VHg0Yk1KZjNjT1pOckk0Qy1fZE1lVWxFallBeFhidFpQU1FKWVI0dm1OUkxtbDRPNkE4d0JaNGRGX0NvWDhkdHJrNTBpVXFaemxobGRvRUZId2J2UW9kdUs4bjNwZUtxQ2FoNGxnMTNNR0tWTEttV2Z0T3h1WXJnckNBVHBkVTlaS0hYVWRPQg?oc=5,"Thu, 30 Oct 2025 07:00:00 GMT",RRI.co.id,bisnis digital Meulaboh,google_news_rss
Berpikir Kritis Penting Dalam Menghadapi Informasi Digital - RRI.co.id,https://news.google.com/rss/articles/CBMiqAFBVV95cUxNdkRCSmhnMTJRUXliYTNVS01pMUlPQm4tMlN4WVlScWlqVnM0Wno2dkozc0IzOFVNeFJBV0VDcWlMOXpwMmFhSHRTU3NpbVZDdUJ5bmFXbk95VG5RSUhUMDBIbkZ2bkNtNjRfR2ZINGVDQnBaS2lhcHNPM1NmelJRWXlTdVBfWXBCMFhhek8zQVk3N2NjMWtHMzl5RWNmbWtwdjZOcEZDc1A?oc=5,"Wed, 24 Dec 2025 08:00:00 GMT",RRI.co.id,bisnis digital Meulaboh,google_news_rss
Fenomena Belanja Online Vs Ofline Jelang Lebaran - RRI.co.id,https://news.google.com/rss/articles/CBMikwFBVV95cUxPY0tEMVJ2UmZZbEJndG5sbm1iY3VtS0libVY5eHJqTkdyM1lQRUdMdkFhQy1ORHpnMFBUNGpMNUotdjB6clRzemFKZmc5NW1oR19OazlXZmlUVHg5SVlUdjQ2ejJhMUlHZlQ1RXlYN25PeHVTNTFGZnJzQ25pNTNONDVzMm1rR0pVQlRWa3NXMTFvR2M?oc=5,"Thu, 04 Apr 2024 07:00:00 GMT",RRI.co.id,bisnis digital Meulaboh,google_news_rss
Meulaboh Ditarget Jadi Kota Industri pada 2024 - republika.co.id,https://news.google.com/rss/articles/CBMilwFBVV95cUxPRmZyb05CVGdBaHNBc29sbkUwQW1Kb3VZSjN3M1Y5emNidWUtWDExUFRKeU5vUTR3NEV3dEtjUVZmOGczWGNqcGthWDJ1V0MySjczaHpzbUZia0NzUDBXdmNBZ0dlclRYN2psYWtTQ2cyQkJNMm9pR3daa3NsZ0RxTXZOdzBjcUhMb2pOazY5ZkNPMVkwUl80?oc=5,"Thu, 25 Aug 2022 07:00:00 GMT",republika.co.id,bisnis digital Meulaboh,google_news_rss
Penarik Becak di Meulaboh Tolak Kehadiran Grab - aceHTrend.com,https://news.google.com/rss/articles/CBMikgFBVV95cUxPY3hCOTR6OTNwcnp2dTA2a1JhbDg4OVJDMEZpeDNjeDM4ODRBaE9fcHNtanFSLWdZZ0xLTjRJN2FVV1dvaGxEWEhRTHc3Y1oxRnFmX0NwdDBKbU83Qi1IaldSUmxPLXdOWi0yejZJX09MZFViUFhnSndnbXJNS1NoVnhYZ2V0dU9CRlRhRU5XZzg2Z9IBjwFBVV95cUxPYlFreG1Ga0RiYkJkQmlQSmM5TXlhaWRfXzdTMWdWeS1UMVphczZRdVBBX2d2WmhfN3BwX09CbE9Ga1AyLTBMMEdPYy1jQm00VDJLSGxJQW96cjYxNGt6TUhKVGpJU1NhRnYyNHdpUHFRTHo0bXgzZW53MU5iSUl6MjU2a0NPOGpEOXlWbV9xOA?oc=5,"Sat, 07 Mar 2020 08:00:00 GMT",aceHTrend.com,bisnis digital Meulaboh,google_news_rss
Perkembangan Industri Kreatif di Era Digital saat ini - RRI.co.id,https://news.google.com/rss/articles/CBMimgFBVV95cUxNUWQtUGNjVm5iN0JkVWVBcUUwU3RJTDRaV0tPd05FTHVTMVRUakVTME9uajNfN3ZhcUpMWHRieXg4OUtCQy1idzhOSHJESHR1SkF2UnF0M2Z1cHJpQy1ZRnpHc2pocnBQZTdUNWI2RkVXVlNPaGh2aTltWmtSOFVhd09MY3ExdW11YjQ1NFFZSVpualMwV3l2M3Zn?oc=5,"Tue, 06 May 2025 07:00:00 GMT",RRI.co.id,bisnis digital Meulaboh,google_news_rss
"Literasi Digital, Keterampilan Penting di Era Modern - RRI.co.id",https://news.google.com/rss/articles/CBMinwFBVV95cUxOZlpaSjZaV2VPdFF0NmlQbWxPLXRIanZRVFU1NzJrdzJhWWtSTndCV0dyYl9ZV0FFRi1ycWptV1ptdmRLTFo5UF9RY1NZQk1pa1VSSnFod0tUVDZtajZ6NHNackU1cEgzdS1UUVJ0aUd5X0tXSUdEWE9BSVlFZFZyVXdIbGJHaUhFdjNTVU9qT09ESGJ4QzFpMVpHNTdXeXc?oc=5,"Sun, 27 Oct 2024 07:00:00 GMT",RRI.co.id,bisnis digital Meulaboh,google_news_rss
Teknologi Augmented Reality Mengubah Pengalaman Belanja Online - RRI.co.id,https://news.google.com/rss/articles/CBMipgFBVV95cUxNS29NUDR5RWpPaGREQ2lnejk5U2dud0FNVEdwU1FaUjVXTG5yYzR3ZG9jb2FIeV94UWNWN01XRWVocVZ5SUdvS3RiRmtsUHZTazlJaFoyeTN3bFZCcHpGdTRWaXF2RjB6SmJOeFgtOTRFNEpGX2lKVGdrcHZSSi15MXR1WnJXUlJBNjZvOUl0d2k2ODZGVkhsNExydl9Cb29aSjE3ZWNR?oc=5,"Thu, 10 Oct 2024 07:00:00 GMT",RRI.co.id,bisnis digital Meulaboh,google_news_rss
"Bisnis Kuliner di Meulaboh Laris, Karyawan PT.BMU Padati Abudels Coffe & Resto - harianrakyataceh.com",https://news.google.com/rss/articles/CBMivAFBVV95cUxOc1lPcjNYTjQ5czdHNmpUMUJzbENCcVc1Y1h1VFFjeE9Jc043Y2lLaldMbDlMR2pYSnc3UGU1WWZPTzQ1Ui1jNmRfQWZRdXBPVVQ3c0M5V1lUc1VtQXoyYVpzUlB0d0VhdHpaaWtlcWtHc2ZNT185UHQweEZIV0Q5QkRYU0xobGNBcjFURXF4elA4RW1lRUNmV3RSV2swdTVhMDV0Zld6THJCWkxMaUtEcE5zODZZUjhGUjJlZQ?oc=5,"Sat, 06 Apr 2024 07:00:00 GMT",harianrakyataceh.com,bisnis digital Meulaboh,google_news_rss
MenkoPM Harapkan Pesantren Kuasai AI dan Ekonomi Digital - RRI.co.id,https://news.google.com/rss/articles/CBMiogFBVV95cUxQSTBWR0RjS3FYQlc4MU1TTDZRdEdrX2hvbWV4TnU1M2lWSEZyWkJ1UTlaaks2TElTTTZ2Q093bl9RakE2eXROaWctMk5scml1WkhseXpCdGMyeUUwUzNwQlRPYjUyOE1aUVpNbW1odlZlU2FWOWNrZGplTE9nOEdRMDd0RGhFcjlxeTZWUmtQTGlOR3dCTDZoQ2liMzJDbDhwZFE?oc=5,"Mon, 31 Aug 2026 04:47:00 GMT",RRI.co.id,bisnis digital Meulaboh,google_news_rss
"Aplikasi Byond Kembali Berulah, Nasabah BSI Komplain - RRI.co.id",https://news.google.com/rss/articles/CBMipgFBVV95cUxQVlBBTFpXbGhwal95bVpMbm44V0c5WlNEczF6VGRXYzZwcWlpNUJHaUNsdm54Z2dXYi1CX1RwaVNtaG9ZT2NRLTFENG1lRUFldkZsWHJwQWpacnZrdXVtcTdyMnlPMmgxa1p0cF83WlN2WVRfeXZDTFZhbFNkZGVvN3QtUXdTcVdnMVBVYXZpRGFYc2wwQ2xTbUF3bmFsTW52dlowNmNB?oc=5,"Sun, 01 Jun 2025 07:00:00 GMT",RRI.co.id,bisnis digital Meulaboh,google_news_rss
Mahasiswa STAIN Meulaboh Kembali Juara UTU Award - Basajan.net,https://news.google.com/rss/articles/CBMieEFVX3lxTE5XYkZMWVB0OWxzdThZcWtYbFRMNEZLWnZXN19aYWdrSnlQak51WjVRdGF2UHV2Yk9Zc2xNRFhHWF9DQ2JiQTRhVVJuYWZ1VDlqRkNwYXBCeUhjb2VoRkNEY2xsd0FYa1lFRWdGLXZvWEhDQXk1aTViVtIBfkFVX3lxTE1meTNVTXJKRTI3UVhrd29PZnBSM0R6eTJ0Q0EzYzd2VjJ4OFJzeHVQSzdzQ2pNWVBKTFVjaDRRRnlrV2YyQmhCR1ctYW0weFhNVlJrT0RCcmpKSHVxUm9DeTJsbXhtekpCN2w2UldSYW1IRnFJMGpqUGlfNmhaQQ?oc=5,"Sun, 14 Nov 2021 08:00:00 GMT",Basajan.net,bisnis digital Meulaboh,google_news_rss
"Menyahuti Kurikulum Kampus Merdeka, Mahasiswa Dituntut Berpikir Kritis - aceHTrend.com",https://news.google.com/rss/articles/CBMisAFBVV95cUxOR0xselFSSVI2dWJiWUZKc19RbEJWYW1COFphbnRmdm40QzRlUGVYbDVEMjF5QVU3d0sxSUhicy15X25EaDdwbXZDcm9idUlMYlM2SnVDaC1FbXNQWVJSRFpJQlFOQXdrSjBfcmpYalhqUzdVNDdzSkRWejFISDl2bkNVcUx1T2hDYW9TUEJWZ1pQa2l1bjdmRXd4NkJnOE5XQXlTT1RnRFB1SlZ3OVhpV9IBrgFBVV95cUxOSzljVFNHVjk5YllPZi0tVS1oNjl4Z18xM1dSc3o3TjE0bmVEWTdqMVN4U1E4NDFBQ3Ywa2I2eXhJdmlKazgtRE1fVndvQkd3X1FXWWYtSmIxb2NEZnA0QkxTZkt6enVIS1pwWTlWdVc4MUhESGZiSVRQN3BQOVZpUlFFa0dJNDBfaVg1ajhHaHg4ai1RazdFTHdWODVpUFFnNnEyNkFRdXlCZE45LWc?oc=5,"Tue, 09 Mar 2021 08:00:00 GMT",aceHTrend.com,bisnis digital Meulaboh,google_news_rss
"Siap-siap Sambut BSN, BTN Syariah Bakal Tambah Dua Jaringan Kantor di Aceh - Acehtimes",https://news.google.com/rss/articles/CBMipAFBVV95cUxOVmdhVlVzV3Jma2FGeHF4M1A5SjZZV205d2ZOQVdpaFA4Y01BZkxMa1hPTkl2aDJBbDh5NHpiRFlIYm5XZTNJWTc1QkhabVk3TkFseVRsYnpMUXcyMUttcGhZbnh2cndmUHA2UVcyUVdEeGg0bjZOQXE5ZG1IeS02VkNmLXIzcjV5cHhRcHdDU1BhYXhYMG1OZGJ3cno2aWNUYmhPdNIBqgFBVV95cUxOYXFHSXk0eDA3YXRscmtWdnhnX091TjgwQ08yc2JjZ2hveDhoN0Z1RG05S3VrY2xoOWZEVVllZ21QWU5zYWg0VnVHb0RoSk5JMnotcE5WcGFKODM2U3RkQzNpMWNiWDk0X2ZhNUpFMEt1Unp5dG00RWFrWWhyQTF4RHFSRUE4dkxiR21FZHgxM1ZqUndxVHRpbk9hTlh1QWdxZDJZdndEREVjZw?oc=5,"Sun, 21 Sep 2025 07:00:00 GMT",Acehtimes,bisnis digital Meulaboh,google_news_rss
Polisi ungkap bisnis prostitusi di Aceh Barat - ANTARA News,https://news.google.com/rss/articles/CBMijwFBVV95cUxNTEkyZWNGUEI4SXVlTG0xeTR1dzBSOWk2TUFlZXM0VnVFUzFaa0NUc0tDOEJNZ0hNLXJqWHFMeG4wbFlWa2Y0ZXFqcEYzbk1jc094UXJ6ajNEb2c5dVhzNFJMQ0ZvS1A1SFRGTldhY05MUHVPbllPVlp3M01vZkFvTUpERk9iUzhSdUpJVmZJUdIBkgFBVV95cUxNS1dCWnU1WHEzWUc1UFpma3JGVUFyQlhjWHpWNDBkeml4NDZMdUJ1RHdSemRzVDVqSTNRalNRS3dVTzY0RDlnQURXVi1Tekp1YkowSXhZcGczcFpJeWZJcldOQWVqc1lrR0k3U3JmdzhHWUptSGVmVDl5Ujl2ZjZwQm40ZUtlUlYzX2dPeEZ5MXpXdw?oc=5,"Mon, 19 Mar 2018 07:00:00 GMT",ANTARA News,bisnis digital Meulaboh,google_news_rss
Meulaboh Resmi Miliki Julukan Baru Sebagai Kota Tauhid Sufi - khazanah.republika.co.id,https://news.google.com/rss/articles/CBMirgFBVV95cUxObHdUVnpyZUR6NDFWTlpTLXZBNlpCWjdpam5NWktMWFpKdk5BbGlSQmhjRXNxWVBiWS1WOFRkYzdpNG5EdjNGZGNoQnlnU1ktMEJ6YnQzb25UY1ZqOE9IWW10WmoxdDRiaDd4ZHJrdTRVblZNTWh6X0V1aDVkOVRMMEQ2cjZqdW1od0RkQXBjQTNjSnZYYWxpZnZOM2p3LS1jN2lGTXR6VWlMbVBuUXc?oc=5,"Mon, 10 Aug 2020 07:00:00 GMT",khazanah.republika.co.id,bisnis digital Meulaboh,google_news_rss
Ketua HIPMI Nagan Raya dan Kader HMI Diskusi Dunia Kewirausahaan - Sudut Berita,https://news.google.com/rss/articles/CBMioAFBVV95cUxNZlk1WDlLWUl1NTJiMjJqV2R2N3haZlgtRGE4ZF9lRENrME1aUVhyakZJNzBDOVdKTTdCRFZ6djJoOUE2dGNhYnJUZ3VScDVVdTdmQmp1Qkh3d1F4V1BJMG1EaGRHWkJMdzd2M2xSaXJOYko1SHF6X2hrZ1EwcGhXeElTRERHSy1aNzhFN2N4UWdPbFFCdldiTWpfSWJUMXgz?oc=5,"Tue, 23 May 2023 07:00:00 GMT",Sudut Berita,bisnis digital Meulaboh,google_news_rss
"Sepi Penumpang, Wings Air Hentikan Semua Penerbangan ke Meulaboh Aceh - Suara.com",https://news.google.com/rss/articles/CBMitgFBVV95cUxOTUdsNEl3X2pPaFJpZU1HdldvVlhoRmhDUmRWLXRDbkNadHo2Q1VMNHlIbjJSVWRtZmpJcWVSQmRTTElDc3RKa3Q1VzRraDFoWkZoRmp2WUh4bG5FVWFyTmN3d0h5a1dEZXZCWjJ5VFd2bGwwaXJ1OE1WOFk3U29mYlp4TjhETzRJUjlLcTVCckxTV2x4UzZKZldhUllfNVozUGFmV1RZNEJrNkxTUzhuNHE2R09yZ9IBtgFBVV95cUxNT0hYa2pONUtlQkpzZndXc3dVMTZpbkdGdElXc05Cbm1wSkFlQTJIN003Q0dUQlh3dmJ0MGdWVVpMbDF2VEpnclF2azFRSmpwbDVCWm0yM3VzUkhSYUNHcVNRQ2NvVmNLWVl4SV9vS0VsUmJEM2JuMm80T19DcXlaRVF3Qld5UVVfWEpJMDRnNmZmV2dpY0pDUXAwTWd1aDBnRU9SQnJrQVpsaDF2cHFNTVFhZ0kyQQ?oc=5,"Fri, 27 Mar 2020 07:00:00 GMT",Suara.com,bisnis digital Meulaboh,google_news_rss
1.250 Personel Amankan Jokowi ke Meulaboh - republika.co.id,https://news.google.com/rss/articles/CBMiiwFBVV95cUxQX0FsWkR3d1JTN1BoSUNfb1NkcDlqeFNYcG12RUFzV3RVQkxZYk9TQjF4amFBemtwRnlCV3VQZi1KZkcxZEZGNzcyMW5pSnVPbUllTkpBaTRJNm0zVEJLTkNTc3FIZkxmRjgwYWwtQVVUUUttTjZFQk5wWUZsMms1QXdGM1ZMLU16bHlR?oc=5,"Wed, 15 Jul 2015 07:00:00 GMT",republika.co.id,bisnis digital Meulaboh,google_news_rss
"RS Meulaboh Jadi RS Pendidikan, Kemenkes Menyoal - Republika Online",https://news.google.com/rss/articles/CBMivgFBVV95cUxORUlMdWh2allMNi1OUW5tcGktcjltVG1DcXlZS2dONXdUdXlBeXlxOWllU1dXM2c5YkZlSW5Ra0lXSmdwRlNRaWhMTXpqX1NVT1BpeEdCTUZhN0tueVFHVm5zNWFIanJlRERqOEZJS0VoMEJYalZnTFVmXzhTR0J3TWFObTdYLUMxUXZhX29Wa3E2NUk3UnJnaXdTSnlONFRyenhRZnZkTXo3azZzT0c2ckVwSFpTRDFkcGxZZjhn?oc=5,"Fri, 28 Aug 2015 07:00:00 GMT",Republika Online,bisnis digital Meulaboh,google_news_rss
"RRI Meulaboh Hadirkan UMKM Corner, Wadah Promosi dan Inspirasi Pelaku Usaha Lokal - RRI.co.id",https://news.google.com/rss/articles/CBMixwFBVV95cUxOeVdnY01BRDhGR19PUnZGbW9QQ05RM1dNUHpMYlJYam92a2lhbHpPUXRrUzZBVVd6bDRrSHlnU2tnQWZCNFYyRFhaRHhZcVFWcnNxQVVjdGtXSVpDTzFBaWo3amFpX0t3NEE1b0hOYXhXQlkyNExzVHo0akFXQ0dUdEVYMzNjZFBiYTdQd1lnekpOVVF4S1dvV290ZHJJQjV5cURUWEtpOHdObGVaYV9LOEo0QWZwdElPeUtrWF9wSHVDUzJOU09r?oc=5,"Sun, 26 Jul 2026 07:00:00 GMT",RRI.co.id,bisnis digital Meulaboh,google_news_rss
"Digitalisasi Buka Peluang Usaha Baru, UMKM Didorong Adaptasi Teknologi - RRI.co.id",https://news.google.com/rss/articles/CBMitAFBVV95cUxPclUzMUFUOTJpYzVvQlNfNHRqajk5XzRBU2ZjcjhGc0k2OHRsVkFqbUxHSlVQMkpjdC04YS00QjdIazV5WFJkQXp4b1NKZi1rRmR1cDRBRFMyOEdpNWdkb25IazZGV05HNnpfWXowdTFzYmNPOUJjZ09wUnRRdE1SRGk5TnhzUkdhY0luVFg4OFJxT1dSYktEZm1iaVB1QmZMelRxLVlVeEhXT3M1UWNxb0hHVFI?oc=5,"Mon, 29 Jun 2026 07:00:00 GMT",RRI.co.id,bisnis digital Meulaboh,google_news_rss
UI UX Kunci Dashboard Digital yang Mudah Dipahami dan Digunakan Untuk Gen Z - RRI.co.id,https://news.google.com/rss/articles/CBMiwgFBVV95cUxNY0EwNHk2LVphT3E3SS1ZNHZQZTJSVUFxRHlVdDF1YUc4MU5SaHZVd1JvOVRvemY2RldNUWZ5dl81ZFZEZXV0cWNOVE5mSVBBelFocUxsbVROSXh1VFQ5WFhqaDFWQ0gzT2gzUGdBN2lxTjVYbkxqZ2xHV3dDaElyR1BGdm9KWGJwYngtd3dLYjVBNWs0UlJRODBKMmdKM043VXN3aXlJQmNsUThjdElHcVNwUFFxMng1dUdsNmpLR2JKdw?oc=5,"Mon, 22 Jun 2026 07:00:00 GMT",RRI.co.id,bisnis digital Meulaboh,google_news_rss
Konsumen Beralih ke Online Pedagang Pakaian Mengeluh Sepi Pembeli - RRI.co.id,https://news.google.com/rss/articles/CBMitgFBVV95cUxPekZoUTViSXVwMUJsbm1UdmJHTHFhVEFwNkstajl2U25laFRrQ1B2Mm9BcnlVWGJ2X2kwaFJRT2k4VXF3WlQteFhvVEZ2SVM1VjRwNnhRS200SF9maFotejRUODdpMTRqSmVVTVM5elpqZ1VwcU1vY3dUNGtMTG1nRVpoZ2FsS2o1MDBjelhPMlhDaVJOcW81WXBRZ2x2akFtSjhmREtUTkNEaVlRcTJzVER4d005UQ?oc=5,"Mon, 27 Apr 2026 07:00:00 GMT",RRI.co.id,bisnis digital Meulaboh,google_news_rss
Peluang Bisnis Nobar Piala Dunia FIFA 2026 - RRI.co.id,https://news.google.com/rss/articles/CBMimgFBVV95cUxOVFJMYVd3OW1YSHNMM1NQZEszZERobU9RdWJDQmtpd1hTLTYyS0FYTlVkRkdBcTlHQnR6MzNVSG1xbU1haUhoZWtfMnVsakNzSXpCbVJCSnF5U1R4YjlsNXhkdFUwZ2xSYWxaU3RPZGdJTElBMW9VS3FBYWU5SGt6VXlVS0NxRVlOcnZKMjR2UGZYa0N5Sk5iVld3?oc=5,"Sat, 06 Jun 2026 07:00:00 GMT",RRI.co.id,bisnis digital Meulaboh,google_news_rss
STAIN Meulaboh Dorong Transformasi Studi Islam di Era Digital Lewat MICONIS - Serambinews.com,https://news.google.com/rss/articles/CBMiuwFBVV95cUxNcHAyRzEtdTZ4NndTS1FzYzl4LUxQa05EU2V5NFdMYzZPZkF2QXJ4NmdZUEdCTTBDVWczME5RSWhJLWNqNml3RDB6aG0yMllENmpscmhvdmFfWGE5SGd1ZlpCalp1N3JQTmRFQTFtc0tuRlRmMkdydklRcmlHd0R3djVqUW1hTWJaWUVYckhCQ1JjRTlPdnhKTWZ3WWZVVlJPYklseHV5bjZHME0ycTJOYUZPXzVYazRiVHpn?oc=5,"Fri, 07 Nov 2025 08:00:00 GMT",Serambinews.com,bisnis digital Meulaboh,google_news_rss
Pekerjaan Teknologi Paling 'Cuan' yang Diincar Generasi Z - RRI.co.id,https://news.google.com/rss/articles/CBMiYkFVX3lxTE5qY24xNXQxNHNSeDA4a28zWU1FU0x1WVRoSFIxSWVHYXBwRFpJcFY2MTFjTFBMV3R5SDlyeGZCZExxRVpNdUZUSVMwWnh0VkZaRVF6TEpkUy1ZQU5iWU5HT1p3?oc=5,"Sun, 28 Sep 2025 07:00:00 GMT",RRI.co.id,bisnis digital Meulaboh,google_news_rss
Jasa Pengiriman Barang Mulai Ramai di Kota Meulaboh - RRI.co.id,https://news.google.com/rss/articles/CBMilwFBVV95cUxPWmJVVmtQZTh2cy1Na1hnZTUxQk4zZXBPYXdpYVNwMExrcGt4RkxJbmpsT0hsSDZPMm9nWXhzR3FBcWxja1JOWE13QjctbmpRQlAweGNKYnNVTEJsWTUzMXlUZFZTSnJDX055Xy1sZGtSTl9IZXQ2bElfN1hJNUtjeUlsLWJLemsxWVNrU1lGYnFLc1dEQVNV?oc=5,"Fri, 10 May 2024 07:00:00 GMT",RRI.co.id,bisnis digital Meulaboh,google_news_rss
MIS Nurul Falah Akan Menerapkan Progam Digital - RRI.co.id,https://news.google.com/rss/articles/CBMikAFBVV95cUxQTTRQOWluTjZ3U3dTOVU2dFFldHQ2TEFVdlVqVXFIdlg4SGhkRENORlFULWZISGcyM3VBV0Jmd1ZQc2JRZTNPYU5mQVZUcDlvc0FfNEtETndQQWVuWEp2Y1NlTi1fMXNpc3gzX3JOb3RoYUU2VlY2dXZKMHE5bGM3NmVNSmp3aF9iOWdfZ0xZbnk?oc=5,"Sat, 19 Oct 2024 07:00:00 GMT",RRI.co.id,bisnis digital Meulaboh,google_news_rss
Kiat Sukses Membangun Usaha Diusia Muda - RRI.co.id,https://news.google.com/rss/articles/CBMikgFBVV95cUxPWm1nU3Zxc2FnSFJ6NVlGWmgyR2k5ejMxZjgyaWdOM1g3U0J6VlByM2ZIV2dFWmFPMUJGXy05QWZzYkFCakZ4Y2V2M0x0WDlxc3ZtSjZKdk1JTF9NX08xbWRUbmN4c3kxYWkzSlF5X2tvYzVtanF3S3AzenN0dy14N1NOaml4NWE1bTVnVW4yQkxCQQ?oc=5,"Thu, 25 Jan 2024 08:00:00 GMT",RRI.co.id,bisnis digital Meulaboh,google_news_rss
"Aplikasi Draiv Region Meulaboh Diluncurkan, Wabup: Bikin Bangga Aceh Barat - Serambinews.com",https://news.google.com/rss/articles/CBMisAFBVV95cUxQZzViWGpKU3VqOUdBLXVPc1pFMDZFTGpyR0JEdllhUmd1NWpSd0cxWmZzOG43b09WQWZYT1VsMGdCYW9ZaEdzTzlkUG84QWJjZi1TX29oemZKbzlPSzFCTjFmYlhUYmJOSlh4VWp0eGY2RzVBRk44aWJNVlNpVXdvNWxiUy02TF9wZWlUVW93Sjh2Tjd2bXp4NFQzOUNCWHpoejVya3kyXzJaSVNrMWtSWg?oc=5,"Fri, 22 Aug 2025 07:00:00 GMT",Serambinews.com,bisnis digital Meulaboh,google_news_rss
Pabrik Karet Lokal Perkuat Hilirisasi Perkebunan Aceh Barat - RRI.co.id,https://news.google.com/rss/articles/CBMirgFBVV95cUxNM0hxRXZPZTJFd1Fqd29uTlhDREg4Y3B4RmRpa3ZtVzc1UC1UdDZ5eWpNSDlRR1prMGNwQ1RXcXg2b3d2M3Rnc1lxTkd0ZkhsTjFibFM3ampMVmtkdWN5WUZsSzVCcGprTTgxR0JvQWszcXpBc3UzLU9hbS1GRm4wNi1Od1dkTkQ4ODhvLVVqNXdvSkQtSXlvLU5Jd2Z6dS1SZmZzVTd4THFBVFdnNGc?oc=5,"Fri, 06 Feb 2026 08:00:00 GMT",RRI.co.id,bisnis digital Meulaboh,google_news_rss
Toko Pakaian di Meulaboh Mulai Tambah Stok - RRI.co.id,https://news.google.com/rss/articles/CBMimgFBVV95cUxPNnZJME9zdEl1VE5jYmNiRl83MlpPUWdweUxyQXdSQWhHUnBjX1UxVHAtLTFHVF9uWDAzTTR3Q1MycmtqR0tTZ0hHdFZzVmFoWDBtQ1dIYmJ3MzNFc25RQjdEdGFUX3ctWnlnYnFPOC1OcE45Slo1dTNfYWJNcjRuMGRTSG5KMWRoRk54LUotRERGOXhIakY2b1h3?oc=5,"Mon, 17 Feb 2025 08:00:00 GMT",RRI.co.id,bisnis digital Meulaboh,google_news_rss
Cara Mengembangkan Facebook Pro untuk Bisnis Anda - RRI.co.id,https://news.google.com/rss/articles/CBMilAFBVV95cUxOeVE4dkpCMUp4MEYtVG1XOW56dWVpMnBfZlZ6VzRpSEVVeVVMV191RkZlVmVlNWswMWw2NlNJSG96YUdwdTNWRkM3aXh4SlBES1VRbkhlT2lvVUtIeEUwdkJKR3RRTUdQNHg0MDVYa2UtWHR2Q0lUbWN1X3NabjVoeTlrZGhuVlZVSkMzbThjejFoSlI1?oc=5,"Tue, 17 Dec 2024 08:00:00 GMT",RRI.co.id,bisnis digital Meulaboh,google_news_rss
Rektor: UTU Siap jadi Center of Excellent - RRI.co.id,https://news.google.com/rss/articles/CBMiiwFBVV95cUxNTlkxVE8tX1pjUU92ak42VW44MHR2UTFyTTBoV2drYWFpRHp2c09GVHl0UWJVczhXcS0xZ1NrNDhuUHlMcmNmVXJ6UUlRcDJXRUNIR202ZkhoRXJ4TnI0X0VsWUh6WHh3QXA1WDlmNjZKbHBnSWJaQ0tmamd1d19ZdXNWLURQLWtYRUJJ?oc=5,"Fri, 29 Mar 2024 07:00:00 GMT",RRI.co.id,bisnis digital Meulaboh,google_news_rss
Polemik Hak guna Usaha (HGU) PT SIR hingga Jadi Semak Belukar - RRI.co.id,https://news.google.com/rss/articles/CBMipgFBVV95cUxPb2pYeDZhbUxtbEswNXZhNkdxNEZRcjdCaW1KeWlJLUdWRjllZEhidTBHeFlnbkJNMmhkRGljTHZ2bFNVaFNTblRvT3kzUzZDbmM4U1BaRXFQLTdwZERvRUxUbXhHZEhMbWZrQzhWY25ick9zU3N4enc4ZmRtVktqUG16V2FfMGE4SHJ2WHlacVFwZjNNYkVVbElHYVhMNGUtOWhmX2hR?oc=5,"Mon, 10 Aug 2026 07:00:00 GMT",RRI.co.id,bisnis digital Meulaboh,google_news_rss
"Jaksa Eksekusi Tiga Pelaku Judi Online di Aceh Barat, Bebas Usai Dicambuk - Serambinews.com",https://news.google.com/rss/articles/CBMisAFBVV95cUxOMk5fZ1Q5MF8zTnVoUG9zVVgySDFFc2MtNWxiTUg4eWpoMk9uODhhaldmcmFTMFBRMkV6WXVhdXBCSWZiUzNQMlZydVZTU0pZWnY3R2JEZXZGaURFaWxXS1M0VmVBUk80UnRKT2FrUkhXVkNSTU50V3FwdUc2ZGlrZEhEbGRlTVlfTzlvSDd0ejdNZmRqem5MemN2Y1hxbFUyTnBvanI5dXE5SF9MTXlpaA?oc=5,"Thu, 21 Aug 2025 07:00:00 GMT",Serambinews.com,bisnis digital Meulaboh,google_news_rss
Bubur Manekro Semakin Diminati Masyarakat - RRI.co.id,https://news.google.com/rss/articles/CBMiigFBVV95cUxOalZUUlBDMXZYTW1MVGVuNVNrTTBab081bEtPTjJTbEdWYjY4c0ZQWl9OQnM5Ni1pTDZ5V1NOcDlqVkZvOUNxWVprQnkxMHFyVkdzVzd5ZlpZVWFWSVR6TDQtVF9aSnM3TTZKVF9nelNfNzhlekxCMVhwT2ZuTGRQRHMxRW01aXFJUGc?oc=5,"Sat, 10 Feb 2024 08:00:00 GMT",RRI.co.id,bisnis digital Meulaboh,google_news_rss
Bank Aceh Meulaboh Topang Ekonomi Lokal Melalui Pembiayaan Inklusif - Bisnisia.id,https://news.google.com/rss/articles/CBMikgFBVV95cUxOTnNxemtIeGVGNk5Xd1A5MTZOYzFyTmR3Znk3VnB1aG1nVWFlTTBWMUR2ZGtsdk05VU81ZUF3OWl0eXVCYzRjVGJDQkYzMmtxVE5WckhTWGUwTXhwdEVRVUxPUkVyYnNYSXFGR2VJTzVRQ3lsMmhoY0FCbjRCT2R3UVRJbF82em9BYUZfY3dxNmJOUQ?oc=5,"Fri, 17 Jan 2025 08:00:00 GMT",Bisnisia.id,bisnis digital Meulaboh,google_news_rss
"Muncikari Dituntut 6 Tahun Penjara, Kasus Prostitusi Online di Nagan Raya - Serambinews.com",https://news.google.com/rss/articles/CBMisAFBVV95cUxPZFpmOXNJMjA0SjVzZlNNT3gyMlR2Z0ZOS1ZNUGlZeUJzaS16d2VrNEk4VVI3MFgyUV90bDlUakl3Uy1IcW9waHV4cXFIX3pvQUdWTmw5NFphWnVzWDktYWs4SkpwdDI3MmVHd1lheklBM2tqSHEyNGJpcV9rQ3YwWFNNc2F4SGNCWk1mNGh2VXRybjg4dlFDb1ZjMlhEX2pvcXpjeTBFQUl4QVMyNzBnMw?oc=5,"Fri, 31 Dec 2021 08:00:00 GMT",Serambinews.com,bisnis digital Meulaboh,google_news_rss
Petugas Gabungan Ciduk 9 Pelaku Game Judi Online di Sejumlah Warkop Meulaboh - tvOneNews,https://news.google.com/rss/articles/CBMiwAFBVV95cUxNQWdrbWUtQ01Na1I2SFdiakVJWXdvMWRTdTRHcDZIb2pBd0xRUWtUajZwNV8zc015SFpjNEFvWklqSHVIZ2lzZ244M25zd1o1b1VaUGIwV2QzZk5RYlA0eUdDbm9kb2V3TExMbW5zNVB2SjFSTU1wcThWZU1TLXhaZFhiLUR2aThBVzB1UGtoSlNDUUdZV09Ha2VldEFOYmFyU1pPQnFpUnEwaUxCWHY5ZU04ZEdwN0czV1Q2cEFfeW7SAcYBQVVfeXFMTzlXYU9GUFQ3Z0ZqMVFkNXJ4U0laQVQ2Rms4UFNiLXVVQVg5N0FNemgweE9oTGMtcERKbzJfSmRnVFVwalBKNWlQOXFBU0xzU0VyblI4WV9BekRUdE5fbFk5aUZlejlTd2JMazFLYUJMRDlvRzN4R0JCSHVuSl9HLUJWMnNtVUxDU0tJZkRBSDhHWVpmYzlMSTdTd00tUmVEOUN2RWtva2J2UzhwX21vWmQ4ZFF5N2k0bURkWWhBRmkxeGJkTExn?oc=5,"Wed, 22 Jun 2022 07:00:00 GMT",tvOneNews,bisnis digital Meulaboh,google_news_rss
10 Ide Usaha Sampingan Karyawan yang Menguntungkan - Katadata.co.id,https://news.google.com/rss/articles/CBMipwFBVV95cUxNcnpTZ0t4WUNsbnRidUQ1TWc0ZFhicnFYekpNa2FHM19jaExYNkN5ZzhCMGppT29nMW1FbV9BSlVMRHZhelNLa3BYU0dOb0YtRlhQSDVMeVJSeUhTWk1xVlRnLTdPVGVQQUF5T3AzR2FOd1ljaEM4NVowSVdzT09wQVZ5cFZFNWxlckY0LTdJR2xjU181WlMwWHBXb3IzXzdRbUZPejBla9IBrAFBVV95cUxPbEJTZHNzTUZZN2hla0Y1Sk5mZDdWV1p6NjJUT1FWV3lYa1BNb0dmdjBqSXowX2VfQzgwWEhBdXBfTjZ3V3Y0R0lEQlhiSkd4RDlEM0RfR2VWdnJZcGF1TFFlQkNnOGY5UFZRV3cxWkdKVV9hcDkyNGVVWHF2Zk1LMVJlbVI1RllNaUZYM0ZkRXVTdDJKaXhJOGF6Sms5S1dXUEdlYURKQ180TkJL?oc=5,"Thu, 31 Mar 2022 07:00:00 GMT",Katadata.co.id,bisnis digital Meulaboh,google_news_rss
"13 Juta Transaksi di E-Commerce, UMKM di Wilayah Terdampak Bangkit - Kompas.com",https://news.google.com/rss/articles/CBMiugFBVV95cUxQRlBtUEVSNHI1ZWFOd3owQ0NBX3NLYm5tU21rSERDUE1BMkxSQldoajZ5dndSMXkyVmJzSFc2Q3ZmbVJmLXViVUVBM0RtQVJ5V2VqMzNqaWE3a3BXYjdKbDNXYkJlRkxkTmFrMHA4SmVKVlc5QXNQS2Y3WlpHUkV0UGdfUlk5a0l6LWRpWXdYc2s0ZmI5ei1KZjJ4dTJkUHN0aEN3eWZSSGM2NlpZVFFFb3ljVlRHaGgzWWc?oc=5,"Sun, 10 May 2026 07:00:00 GMT",Kompas.com,e-commerce Aceh,google_news_rss
FOTO: Adaptasi Pedagang Pasar Aceh Era Digital - distori.id,https://news.google.com/rss/articles/CBMiggFBVV95cUxOTnhhVWQ2dEw4UndlaEcybEpMbWVySHZXRmdOZEYxUFBpV3NzbVpBckhxRUd0blphOEs5LVVOLUtTM0psRUM1WnV5MHp5dUczRVV0U0RMUDM4dDFOY3d2UXFfdldWTzBucFhZLUNCUTU1Z3pZSnhBOUNHd0JfX1JWbG9n?oc=5,"Sun, 30 Aug 2026 10:48:39 GMT",distori.id,e-commerce Aceh,google_news_rss
"UMKM di Wilayah Terdampak Bangkit, Catat 13 Juta Transaksi di E-Commerce - detikNews",https://news.google.com/rss/articles/CBMisAFBVV95cUxPT0hYQ3Rncmo4M0N0NXNyVGszOVNpOV8yUWkwQUxTTmZFT2tfTVc2b1lzeTRDV0IzZWNOa1hoV3JBR3dmUURVNmpNNEw3akh0S1A3QWdCQzJOVXdpaWtHZWRrWHZCM3FvUzI2ZEQwMzJMMy1sajJiUlFLSExsYXhtN2QxampEZy1lblduT1JXdDBXMXlzb0I3YVN0QkpkY1NSMjVZcjU5ekNaeTh5eEtSRtIBtgFBVV95cUxOQUU4LWpqUVdUT1l2YURRa2tXbTYtYnlDTEs4cm9NcHh3dm9YMUZyZ0NpYkRDaVRIYVJtNkVpOThmTzUwNWtQb200c0hWck5XdFlza1pyZzJPLTgwcVFqVUhMWWRwbXFfc09nWmhLRnBEbUx4Z2ZhQUVjc05WSnV6TnpGYWRFZTBaakxIYjg4cmRzNGE0cnhnUU9XV1dQNmdXdkMybFoyN01FUEU0Qzg0MnF4NXJJUQ?oc=5,"Sun, 10 May 2026 07:00:00 GMT",detikNews,e-commerce Aceh,google_news_rss
Kementerian UMKM Hadirkan Layanan Belanja Produk UMKM Terdampak Bencana Sumatera Via E-commerce - Kementerian UMKM,https://news.google.com/rss/articles/CBMiXEFVX3lxTFBZWEM4eWt0UGhtODFpbUV3VjBMbFh5ZFp5SWl2WjZSSkJaREZqU3pfRWF6OFctVWF5VWxKSkY3cUtueHVkbncxVjczeEFLVUxfSFBrU2NhVnpTRldJ?oc=5,"Mon, 26 Jan 2026 08:00:00 GMT",Kementerian UMKM,e-commerce Aceh,google_news_rss
Halaman khusus UMKM Sumatera Bangkit kini hadir di e-commerce - ANTARA News,https://news.google.com/rss/articles/CBMipgFBVV95cUxQcDZlVHNZOFNlSGhWZnRnXzVhNkZYTXQ4OURYVE5qcmZCSFF6Y0tIWWlsczViSFlnY2FTUXVmd1AtZ2xxN3FLZ0d3dFZ1Rzk5YkplWnlKbm5kUnNGZzRCaFo1UVhYUFBtQVo2Tms2WUpLSUxuNkxFbUNpelN3MDdGNXJUMDg0NGcxUUhBU2ZhRkdaYnVSbkhZVTNMWHkwY1ExVEFLN3FR0gGoAUFVX3lxTE8temJqRklDR1J1OWQ0bUY4TF9iODNkSU5NYV9NVE82eWdxYldrX0ZCMWFSRjBzVVNXcDhURWhVRHBHM0RQYTdUM3BEbFdWY0xiNzZEUEJScXNGODBfNU9vV0Z6bDdsNTBRNFVLNjRrdGtJVlAzc2lsNThzYnJGbW1tQXlFTXdWZXNTX0R2WUllQ1ExZXlqcmxqMkJtWTJoQXJZWjRpTEpJQw?oc=5,"Tue, 27 Jan 2026 08:00:00 GMT",ANTARA News,e-commerce Aceh,google_news_rss
Transaksi E-Commerce UMKM di Wilayah Terdampak Bencana Meningkat - kumparan.com - Kumparan.com,https://news.google.com/rss/articles/CBMirwFBVV95cUxQdENOdzlYUl9DVUE2NWpvdDE2Ri1nb3ZCcmI0QkhyXzhVMVgwRm1OcDYwamlOSmw4TjZsemJtdG1MRUt4UkFOWHRjU3BGQ21DYTlscmc5Z2dlc2FrbjVqb3VDUXppZkZJRDEzeTI3WlZXWGROWjliQzlkcV9iRjVmUTBnOTR1WUxlaXpqYmtnZUhfVlJiODdFS1JsbWdaY0FzSy1lWEEwWFFiQ0U2eGIw0gG3AUFVX3lxTE4ta0tjQlpnbFNEbDBuczFUaXdkMjlfZjFFOHo1NXNTRHhJQmp5SXAxZW5ZUEUxQTlXZ1Vtcm5ObExubmhOTkFJYVliQ21ZNmFvdXFiVFQyNk42QlNReVh2TFpINkt0U1hfMF9zYlQ4VTRtZ1RTb2U5R0lCSGRxa2tNOGdMMElRdUNGa21hQnZYQzBvTDVkMW1XeU4yQVV6Rmg3dERjZDVLUnM3WElHRVF3NUlEM1JwMA?oc=5,"Wed, 11 Mar 2026 07:00:00 GMT",Kumparan.com,e-commerce Aceh,google_news_rss
"Transaksi UMKM Sumatera Terus Meningkat, Tembus 14,7 Juta di e-Commerce - detikNews",https://news.google.com/rss/articles/CBMirwFBVV95cUxPY2pyeW1TeV9DX0NjYmVabjJmZ0RMcm9yS1JYQTlwdzhYT0JkSmhZRXNVelJZcHc1bzJqUmY0WWI3TzdRemp6LU5ZR2dreUdTeUtld1hzaHVSX2ZDdjlDbDlLUFVDM3d6Q05mRlp1ZlFPYXVkMGVaaU56MUFZdU9oYjZYdURPV19xMXVlQVVCRUtZLXdLWW1kQW81eVdtWXlydmowU1R6QktMcUlPVEJj0gG0AUFVX3lxTE5vcWxrVTZMekdNX0cwaDBCV1lFSGhZVzRWUXQ4dzU2SGkwMGtUemR4eXFDQmVoUHdmYlAzSjVscWRTUWlUR1VCUEplZmdzMFVrek9lckJEUnROdThWUjBXdFhGOXNSTHhpV29vN01SS1RkREdNUmZXcWtLbWhOY3lFcEtidDIxRWlSUFljT0ktaTktQUhkeGZYekcteHJJZW54cmVsblpGSUdOak9KZWJVM2RuSg?oc=5,"Sat, 30 May 2026 07:00:00 GMT",detikNews,e-commerce Aceh,google_news_rss
"Kementerian UMKM Kolaborasi Dengan Platform E-commerce, Pastikan Wilayah Terdampak Bencana Dapat Akses Pasar - abatanews.com",https://news.google.com/rss/articles/CBMiygFBVV95cUxPRGxsbnNYSzVIM3NqaUswRUw2NGJSdkxzZ2pHam1iUW0zMllhdHBFMWt4OGNBVkowM1FncXBrNEc1R0dhdGtJRlhfb05rN0pRQ0QtUlF2c1dTU1YydzhfTy1sUXNwcVpCN294TXhHR1NfQ1ZaQ2hPdmI1aFZkUEYxc0M2WUlNT3FMX3JuTkdJX1F0S0tTUlEzMXFrY3dCVFdOdXItczlyckktdzZoN1V0V1FtYUtCb3JTMkpyRkoxZHJiNm5zcndhTXZB0gHPAUFVX3lxTE1RVDNrSGFNdkNkZll1aHVjWnNLNFB5V0RHQmV0WTdtU3JfNnZUYlhuemVMRVBxamgtcE5SaTVlYVdCNGxDQnBremhWQmpHSTNpZGdYVEotZFVzUDV4MUdleFF3Nmd5dERVSzAyME5rVHUzUno5c3ZhU1JQQTFKck5vNzNGUWZUaDFoZFJEcXBtemN1QkJEMzc2RjhQZHdSamY2Y0FXZXJUcUtCME1xMEFSNl9KVjJHcXJRVDIyUnVVdVY1ZVNScGVYT0xER3VFWQ?oc=5,"Thu, 29 Jan 2026 08:00:00 GMT",abatanews.com,e-commerce Aceh,google_news_rss
Mahasiswa USK Latih Pemuda Manyang Cut Kuasai Desain Branding dan E-Commerce - harianrakyataceh.com,https://news.google.com/rss/articles/CBMivgFBVV95cUxOYmJaemhKM2d0b2VzN2Vjb0lmVGpDbmtKRUV4MElLdFlVR2JaZDhPdE83dDJLRWh2U1JndUJQMElyejIyVGdEMDRRNVVDMG5nTnVNUnNpcTdWcGpnUlVIckdtSVkxbDRnaXcyNnk1X2VWVlFvWjBuUWEtOEJHWEJQT0JmeXVZdmhFQlpiZ0NEVEpvUi10akpaZ3VNd2t6WmllRFZnelZ1UmFhenYyV25ROTA4WWZCSkdsYmY5SHFB?oc=5,"Fri, 20 Feb 2026 08:00:00 GMT",harianrakyataceh.com,e-commerce Aceh,google_news_rss
Pemerintah Buka Layanan Belanja Produk UMKM Terdampak Bencana Sumatra - RRI.co.id,https://news.google.com/rss/articles/CBMiogFBVV95cUxQaFQxWUwxRzZtUXNqQ1Z5THlBMHNrcTBsR29LNHhBYzV1NWJHa3NpV2Z5cjhWMzlqUF9NV1JNX2lycmpVeXYzOXU1clozUE5obzFjcnlJc29SVHFaX0xkWjBTM01aNE51cFRTYVJCLUhsdHRlbkRMM1ZRNG5iM2JQLTRpUEszeFBVTHJrRi1sZmwzcjdCY1dxOEFKeHl5cFNYdWc?oc=5,"Thu, 29 Jan 2026 08:00:00 GMT",RRI.co.id,e-commerce Aceh,google_news_rss
"Pajak E-Commerce Akan Berlaku 2026, Pemerintah Pertimbangkan Kondisi Ekonomi - masakini.co",https://news.google.com/rss/articles/CBMiqwFBVV95cUxOMG1NUy1udVhaSjFlQkJtd0N2bWdFTHBtc0lKaWtWd2kyMWhkbHZGX19LTnJrRWdBd3FLMWJhdWkyZkkwcXRvak1ZOWsxTTdjXzV4UUpILW96bndLQnE4THZtZHNmb2ZJMGh4cnYzQ21EaHFEdWl0OFhzSnBGa0hxZVZpZ1E4dUdOV0cySnpSMDRwSXZXcEVVcW5uUC1wTkRZQU5yYXhnaGFzWUU?oc=5,"Wed, 22 Apr 2026 07:00:00 GMT",masakini.co,e-commerce Aceh,google_news_rss
Harbolnas 2025 Tetap Bidik Transaksi Rp35 Triliun di Tengah Bencana Aceh–Sumatera - VOI.ID,https://news.google.com/rss/articles/CBMiswFBVV95cUxPM21Sa21mSWlCdUV0bDlJeTB0Tk1nNXJxOU1Ja2RMN2pvNFpSTHlhRzNLMHY2bmFKb3pDQVdGTmVib0pLUExvRGFmcUE3RjRnd1BKLUcweUhJV3MtbktzTUY5bVJrVU85aXY4MTNGdlpuckJfVGcxTU5ZaVAySXhxOXBOTFZndjA5eG1WUS1XdHFtTUdVWWtKaGtydnF4X2F1cHQ3VHVmYjdtZHFyX0FfcjJDa9IBqwFBVV95cUxOLVBvdzlYTUhobzU2OXhFcTA2dUNreDNZaWluZGg4d2NCN2xEakdOdF9RdkdVcVg3VXdKZndLLWVjR0xISEhCQmFLc1NFYl9iclJ4TzBDNWdrS29qVWozVGpqTkZ2QzgtdVFnVmtObE9YOE05U21iMmd3N1FGWFJFNlFDYXJRUEVLRUxZaThLTFFYc0Y5aFZtT2lIdE5FdmdPdktiS2Rkb0N0NEk?oc=5,"Tue, 09 Dec 2025 08:00:00 GMT",VOI.ID,e-commerce Aceh,google_news_rss
Japnas Aceh Ajak Pengusaha Manfaatkan Ekosistem E-Commerce - Pemerintahan Aceh,https://news.google.com/rss/articles/CBMitAFBVV95cUxQMVpVdlZBelgtTE1sTk5LNG5Fc1ZuZ0E5OTE4TkVtS2tHRjY4ZWJOVkd6WVM3YmYzT3FoNHBiWUZDNlAzMGtZTEJDbGJpUzh6blZGU0cwVDMyU285WHk4Q3doU0xYVXgyZlhoS282eUkyNEZwbXBaQjZrQk5oZGY1RlpaaFRtTlBXX0pyekxVaGFWanBMQjFvNHhwLUJZc3A3MXUwXzRkUTlhXzVoa0N2NGtPa20?oc=5,"Fri, 27 Oct 2023 07:00:00 GMT",Pemerintahan Aceh,e-commerce Aceh,google_news_rss
Tim PKM UNADA Latih Warga Cot Kunyet Pasarkan Ethnobotany Lewat E-commerce - ketik.com,https://news.google.com/rss/articles/CBMiqAFBVV95cUxNeXhVcnloZkhsd2luT282SW1BVWE4Q2tsRWFBUTdsZnNyWllnN3JJOUJfdVRHUUs4ZzhNYlNHeFdiTTJ5SkNEc0h2R21xQlZVNjhsdGN3dTF1NmdmN0J3bUVNNGRNQlRlS2x1a29Bb01IQndhZ1pPbXRwUDloZFhHbXhqUjBTU1NWQkI3NFpKOTlqM0Z3NXg2OWJMQzBfelp2Mm9DempQa1HSAZwBQVVfeXFMTU5tRjBGSmtZcEJnWXBuX0dXMHl4amJqUW9IVWtnNmtKN0xRa1ZpWVhhQWVDMXktR0xuby11ZHItdUZwRXJfVmcxRWdEOVVTbllkeUQxX2NLLTdmamU2V0RVNUIyZ0tDT0MtamxtMG9HTDJlREpGc0V6OGhFYlpUS3AxcUFKNURtYU5OWkljSklQTjNCUUNLU29Dd2Va?oc=5,"Sun, 28 Sep 2025 07:00:00 GMT",ketik.com,e-commerce Aceh,google_news_rss
"Menteri UMKM Sebut 2.600 Produk Penyintas Banjir Sumatera di E-commerce dengan 7,4 Juta Transaksi - Kompas.com",https://news.google.com/rss/articles/CBMixwFBVV95cUxOYWZvRXhRR2NGY0RoTWEzdlo2dFNObzV6Zm40NG1KaVB2X3FUVFIwUUJhS0hpMFluWEM0aFlobmRtc2ExMTF3azZTamtMdks2TDRWd1RLWm9iWmoydHUwMWJKTkNHd3ZCc2E1YW9pMDNGVWtHR0xmY1pCOHFIYjF0TVoyMXBvTFBldm9IU3pmRDNIU1hrQkloWkxCeTdQdlRKM2h0ejctZUZtYnJ2c1dmN2JBMDR2Ny04blhhNDRURDRKT0paaWFF?oc=5,"Thu, 12 Mar 2026 07:00:00 GMT",Kompas.com,e-commerce Aceh,google_news_rss
Produk UMKM Korban Bencana Laku 7 Juta Transaksi Lewat E-Commerce - IDN Times Sumut,https://news.google.com/rss/articles/CBMixgFBVV95cUxPS04xZ1VUZjdoQml5YkZTVWFBYmlVbUYwVzJJT3MySEhqUGNDUDNzZ0VCbVZGaUZLSVhyMkRObDExOXdKdnFBVE5oTUpMT1ZUa3QxRk1VVnptblhkS1hDZDU1WjduTFZLdVkxSXRtUkt0c3h3Yzd4NlZYM3NJMkllcjdvRFkxNGdKUDhFYUlhWVF3TGhVQzZxYVM3eG5qeWxEazU1NmppWWZ4ZzZ4NHRUZlFaeVRZSk9kYVItNERQYmJKb0prZVHSAcsBQVVfeXFMT21ERmJrQ041NEFGcDhPb2RBMW1IcmVwUU1Ca0xSVV84TDliNmlpZENMT3NNMVJCNW5Jdm1lbzhaYThudktPcWU4eWVBMGdVMFljNEVpSml1a1dmYVBDVXQtVVB0TDktdjB5MFhmNW54aDdaMWhBeWdTVDNrTGxUUVE1dk5vczRrcmkxNzJodmtfOS1jN0hJbmNSdFg5bFVqYzNaRnJ4Q2RGM0c5OEdJQU45THFWTUhoY3ZsSWMwSzctdFBJcnp6b0RDZ1E?oc=5,"Wed, 11 Mar 2026 07:00:00 GMT",IDN Times Sumut,e-commerce Aceh,google_news_rss
"Shopee jadi ""e-commerce"" paling banyak digunakan - ANTARA News Aceh",https://news.google.com/rss/articles/CBMikgFBVV95cUxNdFlaUnJMMkJVNmh1MXZ3NEhCNFc5TDFsUDJ1Q2tLUjN4WXZTVDVkOXZadTNUU1NpNDMyR0NOV3ZPd0UxU3UtTEhMTm9PbmRxWVdiVHN3djlqS3hUekhlTExGWjh4NXZtdy1nMWtkejJreGFlSnJlXzNkSTFnM2JCSHJTWnFTR0V3UzJ0ZGFHVmZvQdIBlwFBVV95cUxOSzI0cjNLOVZHODMyV1RJNHBpRE1SdUJ5YWFuV1Nta0h2WDd4Qmx1dVljRGl5VU1XWUdJbkpZdTZYaFBjVmxOMVFsZG56VjBlVFhoMURPQkhFdm5XU2RVbFI0aWFabWFjeENsYmxDeFh6MENQSjVmT3JqeDMtanl1ZnlCbHQzdXp0XzdNQUloQ3dPTVlzMl84?oc=5,"Fri, 28 Jan 2022 08:00:00 GMT",ANTARA News Aceh,e-commerce Aceh,google_news_rss
Foto : Penerapan Pajak E-Commerce Resmi Ditunda hingga 31 Oktober 2026 Halaman 1 - Kompas.com,https://news.google.com/rss/articles/CBMivgFBVV95cUxNNGItRFVYN2NzbWNnTHZHM2xyVzNNV0NVVTEzSml2M1RLZ2d0V2gxMGhXc2pLRnlyMm5DOUNaa2JhWWhYUl96TTVydHpIdmFKbzlaR2FheDRlWHpveWl0NnFmS0FJaGl5T1pfc0haN0FObWg3OEVIODdhaWNYTGZGbUtsc0Q3NWF5dlNfVHJZMHExTEZEVGxfUGlhbnNXZlh2clZQbjZsUmtGVDFsZjU3OEMyaHlWOVJ3eVhjTGVB?oc=5,"Thu, 06 Aug 2026 10:34:51 GMT",Kompas.com,e-commerce Aceh,google_news_rss
Pemerintah Siapkan Aturan untuk E-Commerce Berbasis Media Sosial - rmolaceh,https://news.google.com/rss/articles/CBMikgFBVV95cUxOWnh0eU5wWnM1YVMtaVRhTFVwc3ZuM3I5eWZFOUZ4N1ZSMGM1UjE0LXQ3VlpRTDhwSU1aUEMyWE5Na2RCQkhXWFA0VDJQMldLdjdXUGNkQnJaQWVPSGJad0F3cFUzYi1qZWl1amh1a0ZOeFpiLTVRSktTOUpOR190WmNXbFB5SHUwOVVCbkpJRm1Zdw?oc=5,"Sun, 24 Sep 2023 07:00:00 GMT",rmolaceh,e-commerce Aceh,google_news_rss
Hadirkan Akses Air Bersih bagi Masyarakat Terdampak Banjir di Aceh melalui Pembangunan 5 Sumur Bor - Dompet Dhuafa,https://news.google.com/rss/articles/CBMixwFBVV95cUxQMDkzR2pHeWc3RGFLelc0VzMyZjFKLVF2aGVuZEVvRFZyTlNWeFZfNVlaWnNfcnVFaGtFTTYyR09NNzZ0aGl0eEZOdzk5Q1VsUl9PaDhtWjJQZEI3SnBmQ2VxbE1pY21ibmF1Rmg4Qk1DSUsyRVFBRVctX1JpNnQ3anYwVF9vVVFFaEl5QllyeGhzUVI4aVMtRF95LVAtZVBhWmFVQTVYOWN0UThaaW1vUVcxTjZRYjkwTzNoQ3g0dHZFQVdOTkV3?oc=5,"Wed, 18 Feb 2026 08:00:00 GMT",Dompet Dhuafa,e-commerce Aceh,google_news_rss
"Harga Obat Mahal Karena e-Commerce, Ini Kata Ketua IAI Aceh » - dialeksis.com",https://news.google.com/rss/articles/CBMijwFBVV95cUxPdl80VmpDdmVyV1VqUFBMWXM3NDJFMTJ4MmVBVXJFZjh0d3R6VXl0bUJ0Z3BRVmNoNWdsc3BpdGIxSHV3dVpvRm85VDRIOEV0S1A2TGpvUHE5SU9fNFpEZDhLekRVTmMxc09SZUFiRmk5eUpCTEhnN0s1VlAwV1ZyVGlsT2JVbVhRUWJfSHUxb9IBlAFBVV95cUxNeFRZcHBKTmVQT1BkczlBLWF0aWQ3QTVNRXB2cDJCbDJoZnlaR2ZjUGxXZHNtdXpSUnYzS3Y4SWQxX3pEMU5jSExBeEQtSHgxd0JXbUNBU1Y3NllwTGx6N3dWd0FfYU0wU3d1U3VMVWNzMEo3alZhVGU2cHVFaWVKclRhZkttQ0ZSWXBYcEdZNFlodXJD?oc=5,"Tue, 08 Feb 2022 08:00:00 GMT",dialeksis.com,e-commerce Aceh,google_news_rss
Rekomendasi 8 Online Shop Terpercaya dengan Pengiriman Tercepat - aceHTrend.com,https://news.google.com/rss/articles/CBMiqAFBVV95cUxPRWVXdlFtRXhDTGxlTHc2Zjd4M2o3NUpVMFJNYmdBUldmQU8tRk4xVWRqSjdHLURHRlFLVXN0VzN5dVRLVzhZNjBqNUd1dVNTbjF0bXBXSXYxYWpFTWRRN0p6XzdaQWx4U2d1X2ZCUk9iS0RGVUFOWUx4d1JVeC1wY0ZjTkl0LWZ0MkxjdEl2UEdQTE9xaUJ4Q012Zm42dFdublhCMXZzelTSAaYBQVVfeXFMTWw3eXcxanpQUkJKNl9BeWJKTXBNaHRUWXdaa1pVTzhWNXRxTlRyNnVuTU55Y29hdEYxa3ZKUXA4VXNLS0Vvd1RadUtsbXdUYUZFMFRmMzhoQ2tLdloyQV8xZWlBVWdUUDZNOFljNi1oMU5qZG1xdEdzVDJSRDA5enpKWVRQdjFHZjNpZlVubWZLUTR6NmVoUXdyVk1oRzI4amxJbWRpUQ?oc=5,"Sun, 30 Mar 2025 07:00:00 GMT",aceHTrend.com,e-commerce Aceh,google_news_rss
Komdigi Perkuat Digitalisasi untuk Pemulihan Aceh Utara - TVRI News,https://news.google.com/rss/articles/CBMiogFBVV95cUxOeXg3SG9IY0tCb3BTdEoybVd2Vkd3RkNxU0laU3ZZTEhRQ3J2ZGx1b1dhMVB3OXRHbndfZF9yZ0xISDgxcThKUGpqa21walpOYU9CZmJDNkdoRDlQWlFNNkdFakZrQ1U3RGRnSnNIT1dWUEI3elUzUC1xQVRiVmJYckhoME9nSVZXbjlnNDltZnJFLXdZR1VkNF9Kb2tyVmJzN3c?oc=5,"Thu, 25 Jun 2026 07:00:00 GMT",TVRI News,e-commerce Aceh,google_news_rss
Penerapan Pajak E-Commerce Resmi Ditunda hingga 31 Oktober 2026 - Kompas.com,https://news.google.com/rss/articles/CBMivwFBVV95cUxNcGdrZjRvNEZpM2ZYVzVxNWVnSlFGMmtPUFBLcm1sb0RLaWpLT1Q1ODV0NTBtMjFqM0FzOEdDWEJPaWNWNDc0TUdBZ1RXalY3Zl9ZWlhudHpSdDZ6MGVRQjBFTS1pdVZ2U3BjZEpfTDhDOGhJYUMwLTZ4TU83YWJzOFJxR3pHNVAtNUg5NFQ0Z3VqWUNoVGV5eTFhaU55NGphbVdPN2FYcHZhWkhYYlgyZnVZaENpNjFqX21WbXRuTQ?oc=5,"Thu, 06 Aug 2026 07:00:00 GMT",Kompas.com,e-commerce Aceh,google_news_rss
Hasil Survei LM FEB UI Temukan Pelaku UMKM Belum Akrab dengan e-Commerce » - dialeksis.com,https://news.google.com/rss/articles/CBMipgFBVV95cUxPTkUyOXFleDVsYlZaU2thdlBDM1B3dHNWSnU0cExLQ0E2aGoyTHRrYmhfYlJBdkljMC1RUUM4SkU4c1hVLVE2emNvakR0QmtmS19qamtQcXZzM2lVNjVvM1ZEbUlEYktEY1pZWFE1dnJnTkF2ZFVVQ2l6NjRCMW5JTVZ1SjZlQm0zMHJMRVJxR0dzdGZqbEVhZThsZVE5X0ZnMExsQWZR0gGrAUFVX3lxTE5zTG53aDJvQkdwcXhMLUxBbUZKZ3NfWHNuWU9DYng1YXNrNlY2UEpfdDQ5ekppYVlOYXd4MlM1dmt4aWFFWFJjV3B5ZEo2ZU9maWcwejJsMHZJdGF0ckNMdEpfdjFCX1plQ3o3eHJ1M3dwRkhlSXh1R1R1QjRDUFlHZkk1SUNHSmJ0ZHduUThseVNKT1Z0emo3VjJGY09aNWZSMXBaU3lFbDJCSQ?oc=5,"Sun, 12 Feb 2023 08:00:00 GMT",dialeksis.com,e-commerce Aceh,google_news_rss
Pemerintah Mulai Lirik Potensi Lelang Produk di e-Commerce » - dialeksis.com,https://news.google.com/rss/articles/CBMilAFBVV95cUxPU0JPRHAyMlAxR0lBVWdNRmV6RGhrTG5HWVAwYUFQSjhoU1ZpaWtsNkh2eG5kMnlPQ0s3RmxVRzMwaHprSElBUUxLM0VBTUMxaEJzX2lTY2R0QlJBZ1VYb0pvRDZPcjBzX2ZTTTBTQW9DSFViVUZ0eDE0VkNTRzhESkRMUTR5MmJSdjZFWkk3aXI4b2U10gGaAUFVX3lxTE9jdkxDcDgxWHJ0bGxUZDc3bmtZXzc1Vm1lYXQ5RTNkZl9zRERxTHQtdlE2VFBkMGEtc3NJemZ0eS1UblNyWVFwQWxPWXE4bVR5WU9tWjV1ZERUOEpoREIxcG14UllFb0g5b0xtcEcxM0RaWU1ZMDcyN2VhOTR5QnJuZ1VzYzRleWJHWUI3WEtUYkZMRGlSNzlWTHc?oc=5,"Sat, 19 Feb 2022 08:00:00 GMT",dialeksis.com,e-commerce Aceh,google_news_rss
Busana muslim Aceh tembus pasar internasional - ANTARA News,https://news.google.com/rss/articles/CBMikAFBVV95cUxPcGVzcnh1MHlxRk0xOV9kbkxiMnhiUllBbHJROE93cEE5QkFZNkMtV3hPS0FXamx1elRNVWwyS1ZxUE1VQ0p4eGF3YlN4VHVDT3paSGVqXzVkVUtmbHNMUnB3YjZSbVhGcVRuMEtqb0FPRl9leTJMaGxOR2s1S0Jqb1JHakgwcGRWOGlHMWtPeEzSAZMBQVVfeXFMTzNQZkhfZHNtcGFKd3NjUWpocHVQbThRSTctSEdreGJZQ0NWbXBMWm1QaWYzRzhhQmF2RHZqc29BZWM4UGtqRTBteWhaSlhiWlZlbUFhd21PcU9xaU5NcW1pMFdGaWxHVTAzWHhoRll0N2VfTFZEWUdNa0txYlhhclNTTEpXSlZ5Q3hlREdzM0d5cl9v?oc=5,"Mon, 07 Feb 2022 08:00:00 GMT",ANTARA News,e-commerce Aceh,google_news_rss
Perguruan Tinggi China di Dalam Kawasan Industri Mempercepat Pembinaan Bakat E-Commerce Lintas Batas - ANTARA News,https://news.google.com/rss/articles/CBMi2gFBVV95cUxNTmc0bHZxck01c2NMb1ViYUFDSVZpZFppdGdyeDZlb1g3MjRIbG5VNUpXdWZncVVONmNYVUFZcmRyOFBqemZYcUJwX3AwaFd0bUNJdGhNNjdfOWFyODVtVU5qVUJwOWxHX2xSalVzRi1UOHA4a0NMeEpYdnNzRG9KVi0yUnNTdjZZM183NXRoLUQzYzdYQjctWWM4Ung1aGJfWnNMb0I4Q0NnbWZpTmx1M1lMWU9tSERtMFE2TDRJbkUzcWFFTS10eG1VLUtKa2JjSWVXbUZ2bFc2Zw?oc=5,"Thu, 14 Dec 2023 08:00:00 GMT",ANTARA News,e-commerce Aceh,google_news_rss
"Kemenparekraf kembangkan potensi produk kreatif Desa Daboh, Aceh - ANTARA News Aceh",https://news.google.com/rss/articles/CBMiqAFBVV95cUxPLVM3aHVhRERpVlNIcl9kdy1rYVZmYnl0X0ZqQkRmelRRYTIwRVlmWkNmWmVPWVpDa0liUXlhUFZiQ1N4LWhQN056WS1GQXFPd0c4cktVd0ZsOXBMQmo1V1BOeGl6OWhOTWljc0sycVNFLW45elYzOVh5djJWZ3V1cFZtVkR1WXV2MjdSU1lNN19PRXVWcHB5clRtMFlRdW56eHJtQzNUamfSAa4BQVVfeXFMT1BhN1o3TzI4cWppUlpRME1CSENBRHZ1clRuaE1Cd2NReU5oYWhCN0ZsX0VpbnV4ejJyWTAyWUFXUmdWcnlQc2pyVUl2a21aNGRONDQ0ZGtXaEl1VllzeXUyenM1UmVwREQwYktkUnBacTgzcGdleTVsZk1xYVZaenNLaEw2Wlc4QVpmMDJueFVtU3djWWo5ZGY3UzJrS2xKWlRtaDY2MlptemFucWpR?oc=5,"Sun, 02 May 2021 07:00:00 GMT",ANTARA News Aceh,e-commerce Aceh,google_news_rss
"Jaga Gerbang Masuk, Lindungi Masyarakat: BBPOM Aceh dan Bea Cukai Perkuat Pengawasan Obat dan Makanan - Jaringan Berita Aceh",https://news.google.com/rss/articles/CBMi3wFBVV95cUxOMThQdDBQRzVzdHFCR19NOUV2N1N2Y1NZUndrTV9YS00yNUVTeC0xSHZqc3A4SC1yalEzak5SZWpuNlpwY1d6UHg5SmdqMmJNRVRZT1NKSXZiYmhlc3JuREwzWkU4RmNPZkRvQnNnazM3U3VvSlJicTRUMlFpd0VhQndBalhFZzZObzhLbzh0MTJKV1VMSjRfLXQzU2hsdnplVmlnNmNXTUVmRkRhUnFmX0FKMkNFMnFuS0hHNTYtenRzS1VrcThwbl9hSS1Pb1VKNXpJNWxIMm44SVZ3dmZn?oc=5,"Mon, 31 Aug 2026 02:55:13 GMT",Jaringan Berita Aceh,e-commerce Aceh,google_news_rss
10 ribu UKM Aceh bergabung ke Bukalapak - ANTARA News Aceh,https://news.google.com/rss/articles/CBMihwFBVV95cUxNaVNJLWlKWGYteVZTYk1wYzZ6NTR4QmJob25tWlp1TU8zMFZVdEdjVnlKeEU2WC1xWFEzb3VZcGp5cnc2WHotMlNQc2d0LVRaVDdHRmlFdmQzcHdQcWE5SWdacUppMkM0TUJ4Y3dOUElTVWxFTGRDQ3VCUHZhRFpSUUowRHQyVlHSAYwBQVVfeXFMTkZOVWNRYUpWQWhaRHg3eDlpVFlSSm9RaHk4U1ppWV9sekQ3VEhPYW9qTlJoN2xlVEV6RGg5MFlYbHZCdG5GbHdDcE5nMTFSWEFVcDFoLUpPRkxIemNBbnF6UVNqMHJLandsSVhBTFRuc0h2NmJwOVkxQkdxSV9vaHRzUXQ5ZGtfZnRrZzU?oc=5,"Fri, 07 Sep 2018 07:00:00 GMT",ANTARA News Aceh,e-commerce Aceh,google_news_rss
E-Commerce akan Hantarkan Kopi Arabika Gayo ke Pasar Dunia - lintasgayo.com,https://news.google.com/rss/articles/CBMiigFBVV95cUxPMDN0cXcxVEpJSW1XOFJZUkpaSGwyVlRVQ0VHbkdVbFNVajRlcHFuSHBDQ2pXb2JYdkF5YjlmNk5QeXJBNW16WEZ3R2NFN2ViaDRLblkyRExJS18tTzEzV29fM2tRblBoS2NxaGhpRlBRdEhxNms0d0RZSGUtOGxKV1dhWXRQdlpMdUE?oc=5,"Mon, 17 Dec 2012 08:00:00 GMT",lintasgayo.com,e-commerce Aceh,google_news_rss
"Dorong Perkembangan UMKM, Bank Indonesia Gandeng blibli.com - aceHTrend.com",https://news.google.com/rss/articles/CBMiogFBVV95cUxOMHhCdzJ4WmQwQk8ta3FnS2JleVVyU2Q3S1hVX0taWEhVck9PWU56cHNFMlpVRk40VDZoUjJFRkpKV0RtalE2dUxxc0RLN0VRSUFoTkp1NnFVWkR5dUZsWldweDdfSVppam1GRS1WbjlYandEMnE4eHlvd2F5aFViUnh3eURWc1FUNzdpbWUzY2xEZlIyRjh4LWhLQjU0bFdaZlHSAZ8BQVVfeXFMUEQyUURYTHg3RUY5ekNOODhnUWtVbUxEellUaVVIUXVzUGZrU1lPWmwzbTVnYVp1MlpmWjEydGkwT2s2LXZiZEJLR3RETUdzdzMzMGphaWhLVVZTVHBCX0FvaW94SHpFdGx4WFptdlJubGQ2ZlBZbmMxVVhubGh3dWZYeVJTeTloSHowR0ZpaVRYRnJ0U3R2bmRPcXV1cXZJ?oc=5,"Thu, 17 Oct 2019 07:00:00 GMT",aceHTrend.com,e-commerce Aceh,google_news_rss
"TikTok Shop ""Merajalela"", Pedagang Pasar Aceh Resah - KBA.ONE",https://news.google.com/rss/articles/CBMijAFBVV95cUxObEpOY3R3REdfRHJvZ1k3cXdBeUVlU3lhOC1MSDVIRW5WOXFGZENaTEw5UEdrM2lYQWxIM2lJUFFnX0pndWJ2Rmg3WlNrQ25uWjRmOG1UajltWWQ0dHVIeFFXb09KYk1SSDNYZFJNQ1pHTmp6d2dNS0dIYTdtbF9Nc1dJZEZJOUJ1eV93bg?oc=5,"Fri, 08 Sep 2023 07:00:00 GMT",KBA.ONE,e-commerce Aceh,google_news_rss
"Mulai Disidang, Tersangka Pembunuh Gajah Sumatera Tanpa Kepala di Aceh Timur - Mongabay.co.id",https://news.google.com/rss/articles/CBMirwFBVV95cUxPdDRqaE5Bc0hPSmZTNnpMVnlaVVFicW9RSGJka1AzVEw3amU1ekZhbUZ4QWtfX0c2Y3FqcnpOYmhiX0xkaXRkNHZKb2tCdzNMazFoOVR5d29yQUdPQlIwM0ZDUEVSLWxOQnBBcmlGeHJLU0Z3UHFtXzNEdXNRaVp0UTN4eHJIYmdjX2lZN2ZRLUpZcmtFUU9jS05KVFlKMmR5RzdXaXpmTENkS1ZwTTYw?oc=5,"Sat, 23 Oct 2021 07:00:00 GMT",Mongabay.co.id,e-commerce Aceh,google_news_rss
"Petani kopi Gayo gencar promosi lewat ""e-commerce"" - ANTARA News",https://news.google.com/rss/articles/CBMikwFBVV95cUxNZl8waWQ1Mm1SdGU0UFJYekFWRER1b2xPcnQ4NEVkMDJhNzBCVDN2TV93VVdqdHRBeS14RzZMdlBFek9TeHlrb191RHR0NTNFQ0pEbXhvREc2U1pnTDlkdWJFRFkwams5STZ3UDdkeEFiREVPVW9hYXNnUUxpbjBLY29WYmJLRmd6b3AwMTRDbzYxX1U?oc=5,"Sun, 16 Dec 2012 08:00:00 GMT",ANTARA News,e-commerce Aceh,google_news_rss
Gara-gara e-Commerce Harga Obat Mahal » - dialeksis.com,https://news.google.com/rss/articles/CBMieEFVX3lxTE41c0s4T1QwN1NMQ3NfMENpVnM4bHNoUEdnUnNwVEZBVExtUHpFdVk4QzBmVW5YNGVINkdiakxuWlRaNXZuVGtFcldLc0k4STVyUWUtelJOZGtoVnc3Y2Jxd2hLY3RjT0l6ZU41ZXMyYTUtZkpjWEUxVtIBfkFVX3lxTE5wQTM3VzUzZFc0V2Q3UEEwZE9NQkl3ZmVoczBEVFRVLVo2SnFrTTUxc2lYUmNubkgtSUR4V1NGOVZNSHgyeksyd1IzRDVLWDkzbVBtS0p4NzhCcEVWeEQ2MnZFVDNYOUVMVWgtM0QzRjZIdE42MzJaR2wxRHl4Zw?oc=5,"Thu, 03 Feb 2022 08:00:00 GMT",dialeksis.com,e-commerce Aceh,google_news_rss
Ini Kategori Produk yang Paling Dicari di E-Commerce 2019 - Kompas.com,https://news.google.com/rss/articles/CBMirAFBVV95cUxOdjMyeVFzTXpoUGwxQzkySncweWxxekZHVk9DX3BPUjJaaHkwME9kNXhGRFBTY3hCYWZERWVjX1lGN0Y2dlBEc2JXMExIX2cwVmVHOE9YMjg5MG8tUHFSMkdta2l3QUZZWkhxRTJiOXkxbE5ueUY0cElvNEdfTjhzTGpuOUVZYzFRQVlXa3NiWnBNOVBna3lvUnU3aGk4cjQ1TXE1X1BwZkhOelFY?oc=5,"Thu, 09 Jan 2020 08:00:00 GMT",Kompas.com,e-commerce Aceh,google_news_rss
Kebakaran Hanguskan 3 Rumah di Aceh Tenggara » - dialeksis.com,https://news.google.com/rss/articles/CBMif0FVX3lxTE8wSFhGYkl3MFA5MWhtRTc2ZWd3czM3cnh6OHd0eEhYX1gwcTBfWWlKQlc3UmZsRGhvZlNOWi05UFZySGhnb2tiaXQwdk43OFB0MFJRWGtEWjZHbF9mSFNhelFFLUt2c1BHMEYyRUROY1I0V0JVZzRBQ0FNS3FsMjDSAYQBQVVfeXFMTnNhRHNGdGlHdnhhcXkwcjFNODZ6YWNzY0ltR3A4RUlURjh5WjVNeGNpYW5wc050NkRJelRPcnhIR0ZCOGJjNk4tMWczVWRueTQ4N01oQUdSM2Z6VU1qWTFuVHV3SUdpb3RJYklTd3RDakIzWWZIbjJ5T1RjYXZhQW1qdFNC?oc=5,"Wed, 19 Jun 2024 07:00:00 GMT",dialeksis.com,e-commerce Aceh,google_news_rss
Kelompok Tani Serumpun Aceh Tenggara Bersama CV Panglima Niaga Lakukan Stek Benih Kakao - thejurnal.id,https://news.google.com/rss/articles/CBMiwgFBVV95cUxNNHBmckhBOEkwRUZrVmptRmZSbXpRQ3J1NlJLX00xSnNmUHZxNWdyZUNUVDhrWlk0Vi1tdHpzVm42aGZENkpfdUxzOHFwMkk4cGpvSVRRcHIzblpxaDQ1YUFxWHVuaWZCb3Y4ekRBMkUyRGhtbDNNV001bEk5azBfNGw2a1k0U3ZoTXhLRDYxdG5wdTFtT1JNWTBKLUUtOVZpWmxGZFdEdzFCLWoyekZNaEtUdE9IelFJdFpFek5UazJzQQ?oc=5,"Sun, 05 Apr 2026 07:00:00 GMT",thejurnal.id,e-commerce Aceh,google_news_rss
Brand Busana Muslim Asal Aceh Tembus Pasar Malaysia - acehstandar.com,https://news.google.com/rss/articles/CBMimwFBVV95cUxPWEhIc2xQZWJCUU1vTUc2NTZ5T1pFeXRGeDgxZ19kb01KYXBUNGJUMlVkOTFjZzFTN3YwaE14bnZOMlN0N1l2N29OUmtsWmZOb0dnUkhYdzJveUpFb0NfLVFyMXpCc2pkeEZzX0c1N0JMSWNnZHVRamtRYWlwMzlzSHpQQTd6YVlndkE2SC1yMHBoQmNjMzRGQXZPQQ?oc=5,"Sat, 05 Feb 2022 08:00:00 GMT",acehstandar.com,e-commerce Aceh,google_news_rss
"Jelang Pemilu 2024, Pengurusan E-KTP di Disdukcapil Aceh Tamiang Meningkat - Kabar Tamiang",https://news.google.com/rss/articles/CBMitAFBVV95cUxOZzBzMWlJRng5MW8yLUJ4dUxXdS14Z0VHZ3hJOGs4dFBQb2hQWEp2U1BoaHEtVUlKU3hmeVZoWHRzYUY5WUdfNENxam9jaUxrMHU0NmJNV045ajhxZDJlVzB0aGdfU2FRYUhmQnZBcm42TlNwdWItdzdvbGR6M0dlVFIxQUNNYjRqczZmdVdidm9ydDRraTFxR21VN19iZ2FYR3ZhbGpsbWFHR2lDMUNJYWU1eEXSAbIBQVVfeXFMTnJjRTRWVEZFU19EcWd4SUx2VFNiamZwSDMtQU9qcmVFeDFIT0EwYlI5MjZkVTRuajhkc1JGNnpHUHUwMWdraTRRd3V3VU16cnI2WWMyUG5TZm8xQzFoaVpUT0FEX1NCRE9qZU5La3drenlhckctTEJGbk01U2RORTVORlEzWG9TTTFHOU9LSmFjY1h6UWhER05MMjRQUkhGdmU3X1NEdnNPdWhCLThsbXB4QQ?oc=5,"Wed, 17 Jan 2024 08:00:00 GMT",Kabar Tamiang,e-commerce Aceh,google_news_rss
"Abaikan Dewan Kesenian, Pemajuan Budaya Aceh Terancam Mandek » - dialeksis.com",https://news.google.com/rss/articles/CBMikAFBVV95cUxNZ3hDczcxZEc0WXZfb0EtZEctLTloSmlwYURrVUdpZVdjNGhEMUFYc2ZnVzBGNnVOVEg3REx5Y1VPcTQ0eGVTN1A3VlhqRmx6Q3dxMlNFczdYbWItLTN5R1pCNkNERG80Y0FwT3JuUVpSMUFFZnNYYm1ZRXh5cHpmb1MzRzhTNVBXc2QzTFYxcWrSAZYBQVVfeXFMTU5FMVBSTkxxQ3lNWUlKeF9xa1BRSXYwNkJacXlBaTNfNFE3NkM2Uk5QT2QwaWVuWnAtT1dld3dzUlFEZXlGc0h1STBSdWd4OVdQbndIbFRQdF9IbFktUlRscHc1ZDNpZ3FWOWZPbkszUktfcUxLUXI5MDY3SDVvREZ1aFI1NkpVOHQyMmoyUDNBUlota0pB?oc=5,"Fri, 21 Jun 2024 07:00:00 GMT",dialeksis.com,e-commerce Aceh,google_news_rss
Begini Pengalaman Beli Cabe Takengon dari Aceh yang Masih Segar! - detikFood,https://news.google.com/rss/articles/CBMiuAFBVV95cUxQVENlTEE1dUpOT096TGRSU2JzTVFVZ05veF9NdENEeXdON3B1dXhaMUhuakJlOEhDY2REM0J1WEZwNUllUjQtc1VUWVhNaWJMZVpkS29sQ2xHd0RMc3dpTGYtc09XUFpVM1JidEpZUjJCMXU5RGJpTWRmV2J6NWdmQm1mY25WaG43ZTNMc01kZWFOR2hBY05JOTRybmxXNkdTX2lMcEdRM1A3LWdER0QteEFKVGpCTDVv0gG-AUFVX3lxTE9VRENOcTBfdUxOMUZYa1VERlF3b25PYzllb1BucmxGX3lzWUdNeUV1YVhWcFRYRVU5MC01WXp1TkZLMjNiUHhuRHV3U1B4QzRMWUstOGtIS2FNSThpQ0pKNk9GM1NFNDVpNlE4TnplRVQxbDZUampXaEwtMmZRLXBLekZmYlg5SHNvQkpWY1NiOGZRTDlWckk4Q3UtM3I1Y1NNZTR2ZnpnR3BzTnNsMUVGeGNxQ2ZrazYzTHNfZEE?oc=5,"Fri, 02 Jan 2026 08:00:00 GMT",detikFood,e-commerce Aceh,google_news_rss
"Bank Aceh, Transformasi Digital Berbasis Syariah - Waspada Aceh",https://news.google.com/rss/articles/CBMifEFVX3lxTE9IUHNpeEw0aHQ5c3doMUluTU1tTnZqWjVQNUJpaFd3ZHFRbjE3SjFtSW1aZXpCeVRTbmRqU0JsT1c2bFBlczVKcXRFQzdheThGQTh4MzZ5SkxNeXNoSTRpeHhNWlFrdnVpbHROZ0VXeVBRSnhhNDQxUnFUTjA?oc=5,"Wed, 01 Dec 2021 08:00:00 GMT",Waspada Aceh,e-commerce Aceh,google_news_rss
Pj Gubernur Serahkan Serentak Secara Digital 3.360 SK Pensiun dan Naik Pangkat PNS se-Aceh - Kanalinspirasi.com,https://news.google.com/rss/articles/CBMi0wFBVV95cUxOTi14NzFqY0FmcDRXMHN4ZDctTHJBV3hFNElFODZYTVpmUmVEUHpsM3VuZEVnNDNzWVhFY0FBY0FkNUNIVUduNjY0bXk3bDc5UVB5THVRVGozeTZBMkRWbG9MNGtrdlMyQXZYclk3c2dYU2dIUEkzUDhwVDhJOEtKNE5aQ0NNZEVoeVY1LVZBSkF2WC1nVGZ0RHhMNEtvYjB2UG5NNGxiY3hyWTZiZGJZLW5vRWRjS2xqemg1cnVRLV9NeWV4UXRaUVpTRFhBUkt6dDQ00gHQAUFVX3lxTE1tbUlRZ0w5bGFjWjhiMzR3N1pxLWpyd250NmdnNVdaWnF3UkdfVjlUa2hNTUdzWExGN3o5TGIwMGlBMjlsYk55bnFhVWpoUmtKREVfSHBFY0pLUHkxbDhwOEF5T2psYk9yTG5WaTRtSmc3bUc1a1NtS3c5QUtSU3BROGV1aFBmQUw4a3huNlE4M1FpbTdpWGJUckhPcHNnUG4zTEhXc3pXdHY4aVU1eVhBcWkzNnFPeWhXT3ZxbV9RSlN5b3JwWGtrMjg4c0FEMGk?oc=5,"Tue, 26 Sep 2023 07:00:00 GMT",Kanalinspirasi.com,e-commerce Aceh,google_news_rss
Brand Busana Muslim Asal Aceh Tembus Pasar Malaysia - AcehEkspres.com,https://news.google.com/rss/articles/CBMilgFBVV95cUxNc3poT2pFMldVcG8xaDAycUNjLUo3ekxONy1zd2c3Q25oOURlTF9KMFk3MEFuNGhvajRGcFdjU09CV1BXRHo1eDcyZEQxaVN5TFV4N0RlWHRmcGdFc2xwSlVUb3VzVXpXd2xfOW00TGQwQlRKQnBUT3FxbGgxYndGVW1pV2hQQ1VlRDJOVl81Y3FfdEtpZWc?oc=5,"Sun, 06 Feb 2022 08:00:00 GMT",AcehEkspres.com,e-commerce Aceh,google_news_rss
"Harga Tiket Garuda Jakarta - Banda Aceh Tembus Rp15 Juta, Kadin Aceh: ""Perlu Intervensi Pemerintah!"" » - dialeksis.com",https://news.google.com/rss/articles/CBMiwgFBVV95cUxPcVVSWktRY1lLWC16V0JJbm9GbkV6T2ZqX3c5RkNYMnltMGgxdExpOURLQXdmWGtZMi1EM0NwcVczd0JzVFZuNnFzR2k3aHlNUjdpbTZ3TTNoMUFlVkoyTmpzOTVVR0J2NmxPYWJ5d19yMDQ4SDBpWGV1cU1IdHZzSnZxUXVkRWFnSFdfQUpFNmRrY05ySEpoRUtoSDlJZFZ5ZUhhSXlLQ2ZDdHlTeHpPXzI3cVhXdXZ6Tkk4eE14NXBUZ9IBxwFBVV95cUxORDdXaUNJWnBRUUcxcE9tMWQ0TGhVZFc3cDU3RHc2MWhHQ1BlRF85dzZ3c0VyTlZlZ1BTd3RVakZmMUwzSWd2VHY4X1pyWHRHZ1ZBa1dKa19oNS1BYWNnazJucS1ad0s0Z2tWaUU0MHJmc2FhUTBEaENWQjhHbjdMc3FRR3R3UGo3MS10dkNZcGJ0bGFQU2YxbGNwODhKOEhWVEhHVjFQVkxmVlJ0enZSOWVNYVd0ZlhrcUhjZGZJV3Fpa2ZBVHl3?oc=5,"Sun, 23 Mar 2025 07:00:00 GMT",dialeksis.com,e-commerce Aceh,google_news_rss
Brand fashion muslimah asal Banda Aceh ini tembus pasar internasional - ANTARA News Aceh,https://news.google.com/rss/articles/CBMisAFBVV95cUxNTkpTck5MSXhwRklOOFZPbTVkSnNnaHJRMDkycGJmLVk2R3RmLVcwRGN0VndRRFNXZFdDdjg4MkpKc19VQ1kya1VTaXA2M2RDUUUxaUNKTU02NEtEQlZPRklOX3ZMdWVYUkFmVlNpTkY1NTQ0MGFOa0N1WTVwclp5eWRObVJBWTBDZnIxdGx1LU40S21hRmx2Tk5lenRveHZkZC1zWGVUZG9GYllGSUhyatIBtgFBVV95cUxPUFZpSEJ5Q2Z0dFBFSFBSaGZCc0cteVYzbXdob3FYR0xfOVpqQWc4N1JNcFI5M3I3SDhfNGpFTTloNTNIb3FJYzY4Vk5Qc21jbVJJZFVjZzdnenp4dUFvX2xXSDR2Y1JzS0JtU2kwTDl1am9GRDZSRURTSHBMWkVrNWpFSUtSTW9DNUJ1WjZieEs1bjR2dmswU09Lckw1M2taU2QtNDIzcEhqb282Z0RndjhSWnFVZw?oc=5,"Mon, 07 Feb 2022 08:00:00 GMT",ANTARA News Aceh,e-commerce Aceh,google_news_rss
Pengadaan rumah dhuafa Aceh gunakan e-katalog - ANTARA News,https://news.google.com/rss/articles/CBMijwFBVV95cUxPWXBnd0dFcTR2RExYb0lickpPdHNXNVVmUXJnOE1mMzBuUDVydkVUcDVXRjJrU1lyZWE4TGFHanZBSzRwTllJMUx0UGQ0X3Y2ZlVRQzJZNk1Vb1lYXzJOSVR6czdjekhoRHV6Y1ljcjBPelNlVGh4V2FFQk16MTJOMlVQdGY5c2NqVTlWWDZGQdIBkgFBVV95cUxNZlBvV0s1Q1pibGw2SFFqR21ORVVuMFVpZjI5dXZlb3huQmV0QlF1RXMybU96SUZxX1B5TFZSZXBJOXR4T3Z2TnRkRG5oQmNfdURDTm02bE50STVtcDN0eTJwYTVwZnZIZDhFcy1jdWhRTDFUU2JFQ3o5b0xhR0FzZVJzemVQMzVEak1iZ1FaWE9vZw?oc=5,"Wed, 21 Nov 2018 08:00:00 GMT",ANTARA News,e-commerce Aceh,google_news_rss
Harga Emas di Aceh Tamiang Tembus Rp 5.950.000 per Mayam - Kabar Tamiang,https://news.google.com/rss/articles/CBMingFBVV95cUxOdFZXczkzSVdYUk9iLTRSSkE5MWwxajVKOFMyQmZqN0MtS2VYSjFWSUY0NUhHZXRYNlZFOTIyUHoyQ0NpS0VrQmk5ckZLU1g4R0Q5WWRnN1MxdE9NSmk3bXY4SmpUMFBkMDV2c1ZVSTZVdlpKcldRY0s3QVozSi1DQ3pRdzJvdGFKMXZCbW5ZUTFRRWpWUTNDcFJ2YWpRd9IBmwFBVV95cUxOamZ2blBkZnlwUWgtWVBMVlhsVUg3eWhtRHlMdkQzcVlRRi1fbXFPc3QyQzFxZjRWSklYTThkYmRaYnVhbThXZFFZWHRuaHB5Wlh5V2k4cW1kX2lqNm9qemdudWZ5RVNNb1hENE1NQ3UxcloxcjlXcS11S0RXWWR4bmxiR3FCTzRhUzAxS3pkUTZCbVMzZ3A5RzdyTQ?oc=5,"Fri, 11 Apr 2025 07:00:00 GMT",Kabar Tamiang,e-commerce Aceh,google_news_rss
"Berbasis Kearifan Lokal, PW Aisyiyah Aceh Gelar Pelatihan Pembuatan Kain Ecoprint » - dialeksis.com",https://news.google.com/rss/articles/CBMirAFBVV95cUxOa0psbnVUYWRNUVZhNGtqNFNTa2lnRzgtUjllVS1jUE9HSE5kUC1qN3VzeU1jVGtCdkRrdFJhT0xIazROdHJKT3dVeVNNT0ktV054T1RDTzVyNjlsMlVFdF93YURoWW9qWEFHSHp3TDRSMmhFeGw2NVRFZXROLUpZaXI4QXg3Ull3ZVQ4SzNOakh6N1pEc19SdDBXeDAtWUdIODdCVFZhcFpSVzZj0gGyAUFVX3lxTE54b093VncySVN1dUhsb2tTQ3owdzN1aU5YZl83cW03R3ZkSURRSDU4SExTc3lmeVRsRmhCNjdFNVZmLWJGNDFUTUwzYVFBUnh1VUpRbW5NQU82WGxZc2tWOEhNY2Z3bXRTaE9GOThCNm1sOTVEbTFXc0s0TG5iUTlTSTEyWUNtTDREcVVZMHVibHJfLTgwZnZlZUltU1g2VGduQmZmdmtUV0V2Z1ZFTTFYdVE?oc=5,"Sun, 19 Dec 2021 08:00:00 GMT",dialeksis.com,e-commerce Aceh,google_news_rss
Teknologi Peraut Lidi Sawit Unsam Tingkatkan Produktivitas Perempuan Desa di Aceh Tamiang - elaeis.co,https://news.google.com/rss/articles/CBMiwAFBVV95cUxNamx0NHZrUnJXbXJ5dmFMbG1kNW5WTTMwUWRGb3lfRFJKME54dy0wbjJCNzB5dkRyaFVGZnU5SWhHSXFmSW5yNG1rTHkwMWlFNHFtdzhFSnVITVJIT1RETzlqM3Y4WTYwejd3R0JPc1d5MXYyeTV3OHVyX1VaNnN0a3hOa3NtMFdMdUZ5dDIxeW11dGpIdXJRbEV3QUVMR1dKTHl1aFZ3QkNXbTR4Z3E0NXgwU2VITlJZNEoxb29iVVE?oc=5,"Tue, 02 Sep 2025 07:00:00 GMT",elaeis.co,e-commerce Aceh,google_news_rss
Liga 1 2020 dan Away Day Terjauh di Indonesia - PANDIT FOOTBALL INDONESIA,https://news.google.com/rss/articles/CBMingFBVV95cUxQcjh5NHJOQnB4UXBwQUFfY05GeElrZG5wQXJ5aXdqY2pMNzJLdVJHQlRsVkcxaVlHRHN3WVczVXpaWGFmUkxnUWx2Q3E2ZUtMOWlLMHhQZDVrNGI5dEhyaERoT0hzU1N3bGFENkdISjd1NV9aV1VKR29nNnVWRko1S0RpalRwRVViaTBGVzRSbHJQZnpqN2o2ZlVPQ2dUZw?oc=5,"Thu, 09 Jan 2020 08:00:00 GMT",PANDIT FOOTBALL INDONESIA,e-commerce Aceh,google_news_rss
"Aceh Culinary Festival Resmi Dibuka, Yuk Berburu Kelezatan di Aceh Food Apps - theacehpost.com",https://news.google.com/rss/articles/CBMitgFBVV95cUxPcUk1YXpJdk0zcUo5UHREZzVCQjZyekdzT0k5TUxnS0c1OVFuTmRwNUVXMVFnWU5DU0NWY19USUg1bnBLZjBNVkUzbzI5SE5XQW5rY2ZIcDdGYXJIaUgtdDF4V3V3RlFHeTB5RXUxOW83bWdydmRpZUx2cHRGeUJleGQtZmFVZ09GMC1WdEc2LTJYUlJuMHVmZGZGSW51Zk5rSUQ0Wll1NzFfNjF4ZFRhZ2lGaE9vQdIBswFBVV95cUxNWTZGZ3J6UzBtNVFtRUtqMm5ieWxhUGRhdHZwUWU0aUxCMXlyREVhbkZxQnRKenZJdFNRdVhRRFJjem9JNzhXa1kweTlsdGpES001TGlwdlBUc084QThlS3hGMklxb09XNWE2WXRKdnkwZEUxSHhFSU5UV0pILU5ZT25MLUs4Y21uaUtVdlZOaGdCQzBrcVJZOFMwbmk3WTRrTWxoeHdEOWdXRjhldW5IS1FaMA?oc=5,"Fri, 27 Aug 2021 07:00:00 GMT",theacehpost.com,e-commerce Aceh,google_news_rss
"Aceh Termiskin ke 5 di Indonesia, Dr Damanhur: Pukulan Yang Paling Mendalam! » - dialeksis.com",https://news.google.com/rss/articles/CBMiowFBVV95cUxOcVRwV3k1WUJNMGxfM05iR3F0VmZsbTg0NFl0M0Mxc1BUYk5JM29zMnBlRDlHMUZtZjEzal9zSTVBQndwQUh2bF8zNTc3MHdETjF5a19UaVJxZC1kUGRNUV9RLUhSdVN5cFJTUXVka3Uzd3Z4X05BOUpoOGt1eVA5bDNvVi1qNDlmcHp0d3N3aEpzaTV0b2Raa1BQN1h1OWZxdXRz0gGoAUFVX3lxTE1NSlQ3WDNyeG9DMVpKcVNQQlZkT1ZNODN2UnN5UXJ1VV94d285RUtRdE5PRGFlaDZ3bTJvaGJJanFkczhReXYwdXQ5MGRHeUQ4WXd5YlRDLXpaV21XTmlvSEpmU2E1TWptUGxCYXZKQ0pRZXJJTXZkSVNZMU5zM3RvUDdneWpqbFRXYVc3WGRXX3hVZFJFVWo3WUZILVZFdHVtQTBFdVVQbg?oc=5,"Thu, 03 Feb 2022 08:00:00 GMT",dialeksis.com,e-commerce Aceh,google_news_rss
"Penemuan Mayat Tanpa Busana, Ini Penjelasan Kapolsek Peukan Bada » - dialeksis.com",https://news.google.com/rss/articles/CBMilgFBVV95cUxOUXF2S1MyY2dXR2ZDYlVVRFZLbTdtbEttQWROUlVwODNTZ05XRF9wZ3pfOUFxbk93NldTTTRVRkNOTEQ3U1dfR3VqTGdtMWR6ZDBzTFZPZXFORUt2VWN5bjl0OXpiN3ZVOC1HcXp5dlRDakVSSFAzYTlVLVZZOERVQkVmQnZiVGNVQjVEQmlVLUxhdVBCcFHSAZsBQVVfeXFMUGtRV0ZidE1qZ3FBOHJvYWVIRDBiUWsyN0RCQllObmNiaFR3YUR1OWZDQXozV1BHWi1CUk81cVRlVm1rSmIwS0VjTFp6azRlelpRZFhYaW1MZFFCZk1PRXIzdXBxeGw3NW56WGRZR1FENExhckFyMlpsSGFvZTdIc3dlNkNMaWtZODV3Rk5ScDNWWUdNYlRJM1k4UjA?oc=5,"Thu, 16 Dec 2021 08:00:00 GMT",dialeksis.com,e-commerce Aceh,google_news_rss
Disdikbud Aceh Besar Ajak Kampanyekan Bahaya Narkoba dan Bullying » - dialeksis.com,https://news.google.com/rss/articles/CBMingFBVV95cUxQMzdDSExaa2NHQ1lPUG1NaTVjblg0bVJjUnlhekJOamFlQ0pHZGZtaTJFNFU2ODljYW9BRl9qQ180bEhFQXpSR2E5N0djS253WHlNcTZucndsLTdXRnRRMXFjemNjQmR2VFYxLTJKUWR4dFhyQjJkTDAtVWZ6am11eHJSM0Y1STQyZUk3Zm0weThiZVp4VE52TFJrZ1lEQdIBngFBVV95cUxORHFZZWIyZWQ1c1ZyUGdhZlRwcExwcW9KWm1qbkNld09VTGdaV1VYeFpDUTNQd2VocVdsV2VVYUlrOWs1d25nZjVwS1d3akQ1TmNpMDgwNUVKWUo4U1F3a3BKLWVnSWUzWUZLeUNQZWdldy13cDQ4dGQtbDI5Mkh6cGI5TlYzd3Q3bjBRWXdBV3pVZDZsaXctdjVCLVM1Zw?oc=5,"Thu, 05 Oct 2023 07:00:00 GMT",dialeksis.com,e-commerce Aceh,google_news_rss
"Skuter Listrik Gesits Dijual Online, Ada Diskon Hingga Rp 700 Ribu - ACEH BISNIS",https://news.google.com/rss/articles/CBMirAFBVV95cUxOcEphYV9ac19JaEUyYWRtbWRwY3VzOWQ2RUhtamFQemwwOWRwRFJvSWlORlJ0MHdxRlFfT2lZOERKV2dydFFEYUhxaG41TDR6azl3RjhsdDR5UjFEdG5DNFJqa0V1R2NPVjJjYjNGa0VBQkNCSjlMazgwdXJzb2lMWUdhTTM4d0N5dHNKLTkzbWVqcWNmQjNPV0g5Q3pCLWtUbmxhM2otZkh4eGJB?oc=5,"Fri, 31 Jul 2020 07:00:00 GMT",ACEH BISNIS,e-commerce Aceh,google_news_rss
"Regulasi E-Commerce untuk Lindungi UMKM Harus Berbasis Ilmu, Jangan Sampai Jadi “Senjata Makan Tuan” - Serambinews.com",https://news.google.com/rss/articles/CBMi1AFBVV95cUxORVZKQ19nUUJrODVyUzBLM3c3eHh3U3YzNzBkem5pOE5NeHdJZXV0T0hRYy1TWFdtQktEd0U5SHZmWXdNd0x2ZzdTNjhSajlxQXBqR0tJVUxfNmxuZDZaeHdfOGRoVjhHVDRheHV4bC16aXRjM0o1alpYbUtZekNnWWNOa2l6Y2J2YVpOUVRUYzkyUUhiaGM4dFN6amVzaGNVdG5QUE5nRHZxbWhDUVUyYjFlUU9jdTBjbXpBSFVWNWFncjdiWTFRS3BlcjY3ZGFYaEpUMQ?oc=5,"Sat, 14 Mar 2026 07:00:00 GMT",Serambinews.com,e-commerce Aceh,google_news_rss
"Tembus 13 Juta Transaksi E-Commerce, UMKM di Wilayah Bencana Sumatera Mulai Bangkit - Tribunnews.com",https://news.google.com/rss/articles/CBMixAFBVV95cUxQeHhnYXdfcjN2cmZtT1NwNE9GQlFocThqaVkzemVyb2tzbktXWF9aWndoOWZsazkteEtvbUJ6VnlIV2tTRUVrTGtJVHFwWFEtRzE2Z0hSaHo0dURJMVlDZUNDUldWX0kyOU1QT19nUFJCaG55UVRiNkMxQkRTYzlKR3kzVVA3ZE9rcnJEWUZfWHVBZWlXaVktR3dRaDRPaEwyLUlMN2tzUGc2T1ppTHgzV2F0OHZVLWxxUWkyM1ppanY2QkJ5?oc=5,"Sun, 10 May 2026 07:00:00 GMT",Tribunnews.com,e-commerce Aceh,google_news_rss
Integrasi Digital Dorong UMKM Aceh Go Global - RRI.co.id,https://news.google.com/rss/articles/CBMiZEFVX3lxTFB2YWRaVnI3UEEwRF9zVzIwZjZ1SnFXVi1oT0JleFpTOGY1MVNCSDZFbDhTMWhHT0RRMW82dDJYdXZaNzdGcVBWYnlvaUF6ZFdVY3hkWTk5dUZwUmVVY3VWaGRnZ18?oc=5,"Sun, 31 Aug 2025 07:00:00 GMT",RRI.co.id,e-commerce Aceh,google_news_rss
"Ketimbang Menutup E-Commerce TikTok, Abdullah Puteh Minta Pemerintah Berantas Judi Online - Suara Merdeka Jakarta - Suara Merdeka Jakarta",https://news.google.com/rss/articles/CBMi2gFBVV95cUxOM1dRWU16VFY3WVF4eG96Y1BsSVYxQ0lmZTBpbW5idi10aWdSOE5xWnlRMlQ0ZW40ai1xUzVOYjJ1VzVoVXNmR2Zxck1wOUg0eV9JMG1MSlhwUjZWdVYxbU5OdXRsYk03b09NOXh1Qk8xTjNNZjVKTF9SRXdVTXVack5qUVRWamI4Q0RIX1Iwb2FNZjlQQjUzMk5MMnZuRWNKS1o0ZkE5S3A4akZ3WDMzMTMyMnBZQTdMb1diX0lQM19tVGpxalJ2V0s3RDc5QVFTZURsXzZJYndqQdIB3wFBVV95cUxON0N6RFE2MFJ1di1jV1AtVEJrQlVtVWViYURfZHYtajlDcUFzbnpVZk5EWU5icjkyYnRram9JWHRIMHRLREJnTzlCU0tFT1FmZUNTUWZnNXRYYVVBc0Jya0RnYU05NkM1THhSWjZNSGVSYzV3LTVMa2Q4VmxIU1c2MlBEVXNHQ1lfV3Y3ODZFc3Q5OXkzY0o3a2FkVHhjMkkycThnWFh5YWZMUUljVlFjbktKYktETXVhamdGdHJISF9tUWJSU3ppeFFlZUlxVnkxUEFzWEhiNkktWkctZmRN?oc=5,"Thu, 28 Sep 2023 07:00:00 GMT",Suara Merdeka Jakarta,e-commerce Aceh,google_news_rss
"Paragon Corp Aceh Buka Lowongan Creative Designer, Simak Syarat dan Tenggat Waktunya - Serambinews.com",https://news.google.com/rss/articles/CBMivwFBVV95cUxPdUVSWS01Y0w5aHJCWUhYYWdsT1hzREtEMGtnZ29SOU9mbmR3cW90RXdWVTZTOWJhUTJEZzRDeGFwdWw0TnRVS3RJMFk3aGNSSWN4LU9wLXpqQk11M1U5eFByaEY2emlvNXIxTXlRM2dYZkpYc2ZIZjd1UGxwTkxxZWpCV1pHM3kwVE1XemNXLWlBM0lsb2V3U0syOGM0N2R0SWhrOS1jUkotMWJvamd1OHBRZ0VmalpQbzd2Y0dwUQ?oc=5,"Tue, 22 Apr 2025 07:00:00 GMT",Serambinews.com,e-commerce Aceh,google_news_rss
"Bili Droe, Kerajinan Anyaman Bili yang Mengangkat Budaya Aceh - RRI.co.id",https://news.google.com/rss/articles/CBMiqgFBVV95cUxQQnR6ZWdXTmUwUVlnemtFdkVqdlVKRFhHZmZudERhMWVGVWFWMXN1V2lYT2o1emc1R0pwNnBWX1FQQWVpTy1kODRpSk9odjRpN3gtN2JHUl9XVzNIYTQ1aWdmRzRRanB1SVVteDJ2Wm1YakJnYlNGYWdxR1JlU2RUR1AtV0hRcTdhajBLVVhLVzI3cmVZc0xaMWU4aGRmaTNQckJHbDI3ZTdFdw?oc=5,"Sun, 12 Jan 2025 08:00:00 GMT",RRI.co.id,e-commerce Aceh,google_news_rss
Webinar Literasi Digital Aceh Utara Angkat Tema Pemanfaatan Marketplace yang Aman dan Produktif - Media Literasi,https://news.google.com/rss/articles/CBMivgFBVV95cUxPZEVES1dfajdWbzQ4eFJQVEtoWXluVnZfcXRUSTRtR1k1Y0d1UUNPQkE5UHlkTEFpNUpUUzE5bUE2Qlhsb25VMF9LeVQ1Uy1VTWhPREtKT2RSY0QtU2QyVW5wRkxlQTlXYXJmbFhOU29VOXNtaTQ5SWRiN3pYdW16RlBpcm13cTZHYWxJUmozZE9BTnNfQXpVcnhXOWx0MDR4azRtaW1YMnBHeE11bFg1UzV4RTJ6TzFiclgwN1RB?oc=5,"Mon, 08 Jun 2026 01:14:47 GMT",Media Literasi,marketplace Aceh,google_news_rss
"Direktur Utama PT PLN (Persero), Darmawan Prasodjo, menyampaikan permohonan maaf kepada masyarakat atas gangguan sistem kelistrikan yang menyebabkan pemadaman listrik massal di sejumlah wilayah Sumatera. Gangguan yang terjadi sejak Jum - facebook.com",https://news.google.com/rss/articles/CBMi3AFBVV95cUxPaXI1bW5sdFFyVGZxRlpyRHBfeFFpckhScWtPQVJlS0xya2pFV1hFYV8zQjhFSUpOdk1ENE9mMVBLeTY3RDVmMDJZd0hfUEV1MlRZQTVJTTdfWnhVVjdDRWt0TlNTVFFsVWtYcWtadmhFS3hpYTh3MWdvUEIzRTlCREtsUmxWd2FHNjBYaXZobHNZLVFmcGlsa0txSVM5Y1AyTGNzb09Rdk1aLVBCRDRxWWlJRzRFWG9CakVPbHRPTmt6blYxbGVRd1o5elc2TExPRjZ0dVMydEVlcFli?oc=5,"Fri, 22 May 2026 07:00:00 GMT",facebook.com,marketplace Aceh,google_news_rss
"Berita Warga Aceh Besar, Yuk Bayar PBB Sebelum Jatuh Tempo - Pemkab Aceh Besar",https://news.google.com/rss/articles/CBMiqgFBVV95cUxNbUdOZlhRSFc3cmxBVE9odWFoX2xEQmZmM2dfLVBBeTlFOEhQb2h2YkxXM0h2QTdQNzA3d1pMVXhRSmRDRE1lbDFSX09vVHhScW5FV2kxY2hqQ21NRHlfVE1ITkQ4SDhlTWk1RTNoczc5cFhwSzNvbktXdFRQa0dMSlMxcDlJbGRrT3dhOWowWmFIbjNkU2NRQVVUUGpDdGpxMnM3bnp1bUFwdw?oc=5,"Sun, 19 Oct 2025 07:00:00 GMT",Pemkab Aceh Besar,marketplace Aceh,google_news_rss
Kemendag: Pedagang Marketplace Tetap Bisa Berjualan Tanpa NIB Selama Masa Transisi » - dialeksis.com,https://news.google.com/rss/articles/CBMisgFBVV95cUxNZWtfN3F2b2U0cE15M2J2dC1weF9OQTRFbGJ1M05uNTlFcjdVcDhTekFZeDU0QTE1T2EzSEhzY2FrUGpFbUYwMDNhOC1INnR6X1lWZ2p1cFd1UlFDcVYzY0NtUDE1ejZiSlJlYmVXaFp4cDhyVU9UMmxQSHBOMS1qNUJ1b1hieGZ1TFpSaFhFMlFJczlEZUZFT1haYVByTEFCQVBJMjk4QVYzcXN4dU5CWC1n0gG3AUFVX3lxTFBtX3JvSEFwaGZLd01xU0pFRDBRTnY3a3owUlFBanhRM1BSd0FyaTFtY3YyODEyVmNSY1ZlS0pObDRQVDdWTU00T1JwSGhrZFFrTzNwaWlmLTdCV0hIREFCa3hQRGZJeHFmSGdUTjNQUUh4X2xXa3RJbFN2R1NNRTlUVWdSbzBfQmNKN19Mb212QTg2YmFqenkwZDMwaEpXa0hibHRYakRaY1Y4eWlNNHNIbHpManFQYw?oc=5,"Mon, 20 Jul 2026 07:00:00 GMT",dialeksis.com,marketplace Aceh,google_news_rss
"Empat Marketplace Mulai Pungut PPh 22 Penjual Online, Begini Aturannya - beritakini.co",https://news.google.com/rss/articles/CBMitgFBVV95cUxPeFJva3o3cUk2amNjUDJiV2ltaE9xTGlodTEzcmt5Y0RDUmRhemxPNzNLbXJQRUItbkEzR2RwYjF5YWx1ZXhtOXoyMEVYSm5YQXVhUVFYYmNGMkdIckR6eklrcm5KSUhIbWI1SWlWaHp3X1hNSktjMFdqVy1ocWhlbHJGOGRwQ1MzZFRCX1UxNkhzN1l5OVRtakJuUGMyMmRvYXRmclk5OUhKN3AxVjBfeXhuX29BZw?oc=5,"Sat, 01 Aug 2026 07:00:00 GMT",beritakini.co,marketplace Aceh,google_news_rss
"Siap-siap, Tokopedia hingga Shopee Akan Pungut Pajak Seller Mulai Agustus 2026 - acehportal.com",https://news.google.com/rss/articles/CBMivAFBVV95cUxQa2VOUjFiNVpJdkdxNTZwSmNvdXNsblA1b0dKY3FDUlF4ajJWRmFzWmZVdHgyY0t3Y2ZtM0tGVkVmOG9IbTVPcEJ2cEhiNk5rRnZkZWxJOF9EX0FydjdTR25XeE5IUmRsRTktY0s1a2x3R2ZsRzBQaWFiSlJqdkRpMXUxWlpIbjBUSVRPbGhndTFwSFdWUTJEdmNrY0dveWxYcXZzdkxLb093RURpeW1CRUo5SVZYOEk5Z3VhadIBugFBVV95cUxQWl9oVFBLR3FudFpXMnp5bnR6VEYtbkx6U1o5SWdTNHltWGZ4U2hNanpHQW5YYTQwdFV3ZXhacDZCbGNoSEU5c09iMk5pdkoxN2tIdC0wMS1wTV9GNHlaYjhoanh3aHhHWnBKdnlpMmZ4YmJtU2NINU90enNjbjVfM3dqVDZTdlgyVjdfTzFIS2h3ZnE1ejRuZGxOaF9wTmh1NFhlVjBNcEhaeXNURTRzbmVVT1VqUWxnelE?oc=5,"Wed, 01 Jul 2026 07:00:00 GMT",acehportal.com,marketplace Aceh,google_news_rss
DJP: PMK 37/2025 Bukan Aturan Pajak Baru bagi Pedagang Marketplace » - dialeksis.com,https://news.google.com/rss/articles/CBMimwFBVV95cUxQZUdpcVdnS0gxZFNDZW9YQWFGejNDdHBZbVFVMHRxZHBwaUE4ck96Mzkxd1pzd0RJbW54U2dRdEJ3T08zZ3lRWFdiRDd5WXU0bGNISzRtNUh2ckRERE1QbWdVcUE4MDFfa3pMV1J6ci1wcDZMdXRVZzdkd2RQUEx6RGpSZWFBNEdVekQ1aG1zYTBvYWJ1X2x5RjNyVdIBoAFBVV95cUxPdGtvQzdDc2E1OHE0T1VSeFB3VlBaMUthMXVpNnNwU2F1dzd4bkdmTmhGWXlmeXlYVWhqQTlDOEFfZVhaZG5qWHdJd0NlM291dW1aMlMzUzF4VXM5dVQzVXJwMXI5SmZmQVMwcUhuZkhYSWIweUFRUWJxekxRZnJFZ1ZmWGVXUlktcVZaNmlmRjFSclNsRFJTZHlYbEVWX0Z2?oc=5,"Mon, 20 Jul 2026 07:00:00 GMT",dialeksis.com,marketplace Aceh,google_news_rss
Berita Pelaku UMKM Aceh Besar Ikut Sosialisasi Pamanfaatan INAPROC Versi 6 - Pemkab Aceh Besar,https://news.google.com/rss/articles/CBMiwAFBVV95cUxNVGxaYTlTOVpEY1Y3OVBaMWlmSG9KUHZhVDE4MTRwZEtScXV1NjZiLTRRRVoyMEY5Mnd3U0NZUzNxa3ZsZ202VEJHSUEwWWtSTWVwbE03MFJmclVXS0d0aktKeFlMNGwwYVAwZ1BHQTAzX1ZoTXlLVDRpUzNuMjVBcjZWTGxLdEplS24ydVVqNGlwUGxONUZFTjFEUlhNWHlpdVNCWmFUQ2UyWi1fOFJjdnl6QS00V2VKYUZQVFNvV0w?oc=5,"Thu, 04 Sep 2025 07:00:00 GMT",Pemkab Aceh Besar,marketplace Aceh,google_news_rss
Jejak Melon Digital: Transformasi Pasar Petani Melalui Aplikasi Smart Farming Marketplace dengan Fitur GPS - Kompasiana.com,https://news.google.com/rss/articles/CBMi_gFBVV95cUxQQnowNHR1UXhjNUVVYmg3Tm9SMTF0T043QTFIVWtfNlVSMlEtbHQ5c0U4M2JuV3doS0o0TnhpSlItSEtleGE3UGgwMlBjTjl4SUMzbE03ZkM1OHpmSlJNbmkwQXpHdEdpRDN2My1aQmRLZlcwdzY2ck15bFA2cnM3QlBnWDFoTzRyUWxScVF2T2hHZnM1UlpUOU5iQVFGVlpuUTFidnBpWURmMVNmWFFTa25KZVlhOS1TZ1lGTm1fdFI3WDBDVnBKbS0xSGxlemtySnBvM0ZJYVhBdEQ2bzEwYWp6b1JYQzNzRGZ1bC13eHNtcXU3RE56cUFneFZOdw?oc=5,"Sun, 29 Sep 2024 07:00:00 GMT",Kompasiana.com,marketplace Aceh,google_news_rss
Warga Banda Aceh Tertipu Rp140 Juta Usai Beli Mobil di Marketplace FB - rmolaceh,https://news.google.com/rss/articles/CBMimAFBVV95cUxOWTFUR0paSDZpR2dQVjV6MjJZN1U0LXVjM0tCRHc0LXlUd0tkbmI0MFF0TlJ4bXUwWTlHOUlLVUtESnN0eUI1em5Kd0ZmbDA1Tmg2bDhmSVZFMGlueWNHZ2cxdjZ6SlpUZGFxQUwtMXYyd1UyVnVLSENFa1kzajl1TmF1TzJxMG5KcExXdFF0ZVI5eXJoX0h6Tw?oc=5,"Sat, 10 May 2025 07:00:00 GMT",rmolaceh,marketplace Aceh,google_news_rss
Polresta Banda Aceh tangkap warga Tangerang karena penipuan pembelian mobil - ANTARA News Aceh,https://news.google.com/rss/articles/CBMiuAFBVV95cUxOdjV0VDNCTjkxQjVGSm1XMFktcDJpTXVaNTFvT2YxZF9oWG5sNkhVNW5wcEpobktsMmM5N0JGaFBHMzJ5UkNfUWFvdXdZUnVoN1hhZ2prNnREVWpRUUloVVVPZFhUUUlyYmpZWkNQcnUyc3BhYUp0M3pHb2l0VV9qNjN0TWw5T3c1SktCeW1hTTBwTUZyblQ3MWYyVnpzQVlEaXJUeDk0V1VHazJ6cEszVUpRWF9QSy1W0gG-AUFVX3lxTE94UmFUS2E4b1MzbVFlVHMzNXNiMzAwb3hQQmtzT3JWcEhxZnN6QWtJUXJNanJFUUxkNUhGVWV5d0hZX3Rvb1JLOEh5aEw5T0haSXNDMDk3b3VzS284U3ROY1J1SXJ0RkctNGtSLThIUnQtVjQxcGFwYVFXQ3l3RGduNDNRY19IbmhMX2NQT2Qwdkx3b29aODhBckoyVVBUQjlSYXlCLVRSaGFQSDFSWGpSVGdwSkZLVTBhYVFUN3c?oc=5,"Fri, 09 May 2025 07:00:00 GMT",ANTARA News Aceh,marketplace Aceh,google_news_rss
Bea Cukai Aceh Musnahkan 248 Ribu Rokok Ilegal Senilai Rp365 Juta - Pajak.com,https://news.google.com/rss/articles/CBMimgFBVV95cUxQR0QxTDRmOUU0NjVEZ3g4dlc1U3pKNHcwUGp5RXJJRlVDUnJRM3FHWE8zVHJZaDhZejA4ZHU1ZXkya01FblhpdkVPeGx5UmExYVpWNnFUYU90c1NaYkFDT0VIT1p3ZW1yMFFKZzdTTmhxQmlaV2xJQi1RU25Gek5MWW13SE53VkZOUDZZUVp0R18yY0RxdXUyeUNn0gGfAUFVX3lxTFB0aDZnMGdOTXhqUVpSaVY4ek5wX29zMDMwWUE3dE9BX09DUjNvdG5hbk9PRW1RQjJyc2RQMkhiblI2ZWVoZk51dGpJZWJSUjZyZFgwaGlvRm5scllNQXpwZXBLdm9iajVpWU1KSUZwb3V5MV9HY2M3WnpONlFhMjNFdVh2Q1JNLVpIU2k5TEpiVGhsUzh3NUY3dmZkVWJqOA?oc=5,"Sun, 27 Jul 2025 07:00:00 GMT",Pajak.com,marketplace Aceh,google_news_rss
"Jubir : Tak Ditemukan Lokasi Produksi ‘Dendeng Babi’, di Aceh - Pemerintahan Aceh",https://news.google.com/rss/articles/CBMiogFBVV95cUxPWkU2YTJvZEdzMjZtb1lHYjRETVYxREdBeVpSQUlzS3FneFZwQmo5ekNMME1VSThXT3pBWWZ2cFAzLU9xdTMyOFE5XzhlUEFiZ0M2cUJFbXl1OHhJclIxS2dZRHcydlBDbE9NOUFqTTV0NHZGSklyU2hJa29NV1NrUXF6a1Z0V0dvVE0taDdKLThNVHdLeC1CSzZwcE9TUllrSlE?oc=5,"Sat, 07 Sep 2019 07:00:00 GMT",Pemerintahan Aceh,marketplace Aceh,google_news_rss
Penipu Jual Mobil Melalui Marketplace Dibekuk Polisi di Tangerang - Aceh Online,https://news.google.com/rss/articles/CBMiqwFBVV95cUxNTWFtNS1ycF9yUW95N3NzWEVkanNpb3J6RFNuVGpOV2IwSktNYVF5V0xoUUxIRkNxZ0VaeEtOQkhta0QzOE5YSDJPNGtDd0o4TjVyNE9FbU11aTFDcEF2NnJrZ0ZscEpOMmhfdmZtckx3RHJSUE9ERS1vNkpEMjZIYnp1TlVqMWE1R21ReGoydHJEWWd2M3Y5QXNDMUJqWTJwbEZmZEFsNE10VTjSAagBQVVfeXFMTTU3elZyb1h2UU9kTWFoYVNnS1M0eTJLRHRrUlVtVkMzTGpybnMyR2dRUkpyZlVzM1lGYUxnX0piTlFFUG1idlIzOWpVNTlyYlRXWThIMUIwYmlEZlVhN1FlNGh0T04wQzlwWU9xXzRweEtuZEVaZDlOV3dFYXdWSjFyRGxKVjUyOTJucjNXM1BRMVlTUFkyUXRmVVMxUUJUZlpPY2hsM2FD?oc=5,"Fri, 09 May 2025 07:00:00 GMT",Aceh Online,marketplace Aceh,google_news_rss
"Sering Tidak Sesuai Gambar, Pembeli Diminta Lebih Teliti Beli Barang di Marketplace » - dialeksis.com",https://news.google.com/rss/articles/CBMiswFBVV95cUxOS1VlMkc1VWZqaTdUWkkydndWMWpFcjAyQ0l2eUNRZGl5U0FoYldKUHVvUUFTMFdXZDFRczZ5V1FXaXV6b0o5NVdpaFlHYVRqWUpFb1h6c1RSYlQ4OS1yN3VXVFpvaDQtSkdic3NXMFA1T2F0RVNvMGtEaklpVGJ1S20xNmw3dDlCcGMxQno1YVVSTUpKNF8wS3lTV0x5RlBzWGdnYldYaUtBOU9xVXZuMTl3NNIBuAFBVV95cUxPYlVDRlRydWoyV1BOUnVoT3UyZVl1ZDk3LVRYdFpRQ1BKRnQxOGptYlV6aU1jaVBGM2I1NEZIa0k5VFpPYnh2SlVfQnVhWF9oYmszMF8ybGNTdmpKNzdEUUFqdjM0S0FTYjROZm5ZYW84Yk9yVGxGQWkxZVotZUZNbENjSDd6ZmVQa0F4Wnk5TGR4WXB3eTJWUnNmeVZ3cEhrdXJpUEV4V2F6eFFzaFB3Y3NIWEQ4aGh0?oc=5,"Sun, 23 Nov 2025 08:00:00 GMT",dialeksis.com,marketplace Aceh,google_news_rss
"Marketplace Dibanjiri Obat Kuasi Ilegal, BPOM Rilis Lima Produk Paling Banyak Beredar » - dialeksis.com",https://news.google.com/rss/articles/CBMitAFBVV95cUxNYVpvSEZnY0p6anR5ZXd2RUFlcm1IU09iaHRjc2IyamhqcjYyVlZFUk9yZzF0OUdCSmpnSkM2c19GTXh6dXIwbUNnbEU3V2hnVFhOWkUxWFNiZkZuNGxzQnR4aWxoVmV0Q2FvRlhFYmNKV05wMGNmeGpoZzc1MUozTkdHS1lBYnZONFpkNHQxYWhQWHNuZU84U25neDN6R0lDcDBtX0dJM1plVWxFYzVmaFNsQ3DSAboBQVVfeXFMTXQ4TzNYVUJ1OUtGWkYxQjR2X1FuaXFabmxVM3BaakJyc1MxT2M1U3U3MWtCODAyYkJLVVlsa2VObWd2amM0Y1BzSGFVOFhEQ2s5VmNlV0RDdk16YWt3NHZaQXBCaHFnTHotd0NkY2lRMS12T0VtdnBqekZkQ2pfTGJaX241d3N1ZC05SE96enNHdHpULUN5VGFjWURKMmhNRzRwWkIwd1hBcW5oSVZMMlpKZkRhMmxrYUVB?oc=5,"Tue, 09 Dec 2025 08:00:00 GMT",dialeksis.com,marketplace Aceh,google_news_rss
"Tipu Warga Banda Aceh Rp 140 Juta Lewat Marketplace, Pria Asal Tangerang Ditangkap - Kanalinspirasi.com",https://news.google.com/rss/articles/CBMixwFBVV95cUxPS3hDa3loSy12cm9xd0ZYQlVCdnNXQmpUZG1DQ216RFdDSVNna21LdldLMmdKRHNTcnBSc2dCYU5aOGloeGE5eFRHQ2dQSThJNXctb0FiYzV6a25PakxRMUZ6OUtKd0RyRFFiSGFBSWNDaUYxcTY5c1RVSXphRHhoazVPRXE5TGk4RDZuUUdBTEctajRSY3dvRGVoZGRQRjhKcXg5aWt2MWwxTTE2WUVhUlVXdUplMTFmZTY0S08zY3VjREU1R1VB0gHEAUFVX3lxTE8zMS1Gb3hVenhwMDFWbE13Nnp0bkJXNkpqTGFJVkN0NTcyRG1qVHN5Zl9DWFVGdjNiSm9Xel8wbl9wTmxpSExheDdSRDUzTUxZTWFTWVhFamVjcXliREVyM3ZsRzYyNUtGMC0wczBlb0tSMGdNNklIcVVhdzg4aFR0NTF4UFJTSFdpMVRGSmNaX0h3VkZRMTYtR0lKTTJIcFJId0U0TXg1ZEVqdmRDNUU1X3lTd09pb0d3SHFSUW1LeGVrTWs?oc=5,"Fri, 09 May 2025 07:00:00 GMT",Kanalinspirasi.com,marketplace Aceh,google_news_rss
"Jual Beli Mobil di Marketplace, Warga Banda Aceh Tertipu Ratusan Juta - masakini.co",https://news.google.com/rss/articles/CBMiogFBVV95cUxOVmtUQjRBaFk0ZVZ5ckpKa0h4Y3BIcjZzSkhkTDkxczlUY240VWVDUUZPUnNfc052X2JDd0FtMmVTanNaRTcwSndyaC1hNHppY1lTZHcydTJ1d2EzN1hzS2JMbE11VDFRa0xvdDNBR3F5d1Bta2Noc3U0OGJGeEQ5Z21zbmM0bmZZUEV6aGF5LWphQzVDYUU1VkdJUE8wbFBfMlE?oc=5,"Fri, 09 May 2025 07:00:00 GMT",masakini.co,marketplace Aceh,google_news_rss
UMKM Digital Finance Tour Medan: Dorong ratusan UMKM lokal tembus Algoritma Marketplace dan naik kelas - ANTARA News Sumatera Utara,https://news.google.com/rss/articles/CBMi4gFBVV95cUxPYVBSU3N4blNJVTdKeENDZkFuQU9JYnhQU3dRSWFkclRiaHFob09ERjFuMVhfQ0NCa3pmMmoyY0hQRWV3ZGN6M1p2bVYyS1ZOdXVLbWhhaG9LX0E5T0otMXJUX0JMalFlV3ZRZzFRRUNDZ2lFRzJQVkdhUTAzTnVyX29RQ0l1ZXE0SjBlLWNkZ2E0WGpuWTFkbWpnb21vOFcwRVNDVTRvU2dRQmVUQ1lpSVVjMWdDY0xsd0pHTE5nYkJteWFibFl4c0ZZUFNSUWkxZWhWcVBHTk9hQjQ0SFMyRjFB0gHiAUFVX3lxTE9hUFJTc3huU0lVN0p4Q0NmQW5BT0lieFBTd1FJYWRyVGJocWhvT0RGMW4xWF9DQ0JremYyajJjSFBFZXdkY3ozWnZtVjJLVk51dUttaGFob0tfQTlPSi0xclRfQkxqUWVXdlFnMVFFQ0NnaUVHMlBWR2FRMDNOdXJfb1FDSXVlcTRKMGUtY2RnYTRYam5ZMWRtamdvbW84VzBFU0NVNG9TZ1FCZVRDWWlJVWMxZ0NjTGx3SkdMTmdiQm15YWJsWXhzRllQU1JRaTFlaFZxUEdOT2FCNDRIUzJGMUE?oc=5,"Fri, 28 Aug 2026 02:07:33 GMT",ANTARA News Sumatera Utara,marketplace Aceh,google_news_rss
Seperti apa bacagub/wacagub Aceh jalankan MoU Helsinki? - ANTARA News Sumatera Utara,https://news.google.com/rss/articles/CBMingFBVV95cUxQMFZxdGxnbzIxbGRYR1VabWJVNGQ1aVdQOURoZ1JFT1ZBTWZZSl8xR2ZMWGZrczVaa3VCMUEtMFVKT0lsWDh2UVMzTVhFSWVMM1c3U1RzdHVNc2U5T0NSYVFHYzdqLTl2bkRfWHpuS0JsS0daYlB1ckE1N2VzVzRtdDhTQUZENnQ0VkVKdmdjWHlBZmRPQ19wRmMxcmU2Z9IBowFBVV95cUxNdUdEQ01tRWRHMGVYeFNfOVE2T1dkU0ZqUG9KWUNFc3FzZ042WU9NdnJPT2lUV0dnc3V2NThNVVpUN0JydXJWY082OERldnNZU2tqai1ZQW02VFNLdDRQRmNBSW1xUmtZTXNMRHJscTZvQXROc2hjQXFDQzhQZVVIMUt4WTEyaVl6Ty1BeWViTzlwR0wzU0ozY3JPZXkxVnlIcVRJ?oc=5,"Thu, 12 Sep 2024 07:00:00 GMT",ANTARA News Sumatera Utara,marketplace Aceh,google_news_rss
DPW himpunan pengusaha santri Aceh resmi dilantik - ANTARA News Aceh,https://news.google.com/rss/articles/CBMilgFBVV95cUxPejdDblM3Z24tMngxVHNkX1lkc2daRXdaUXpJd1V1UmJTcjlNYWNyS1J0TThLSjR6c194YlY5dk5aUnJ4ZVJTMVk2ME9jRnBSY05BenNVVnpnRGZUTFp4S2ZOTG1tYUFWRmtaWnhkbUVENmNLQXRjeFZNelFsQ3dzS0RKT0Z4YVQxRlJiRHhNaEZmSTlXZFHSAZsBQVVfeXFMTmI1dmFJZ19rOTFwdE5jR2F5YldWYkYxZFcyWTc2RjZ2UUZuU1RrZFAxdWJSdTE1bUJqQmU1dnVTM3hVd3hRQWdWZmxxWmlHNVhHUXVHT2IzQTQ0SEk5TzJ2NmtuY0MwQ29pSTNmTVd5TGxncUNxSi1hLTZ0bzlyRlBlZXJkR0VUTWdxYU0xQWh6bWcyS2RSeVBNdm8?oc=5,"Thu, 01 Sep 2022 07:00:00 GMT",ANTARA News Aceh,marketplace Aceh,google_news_rss
DKP Aceh bantu akses pemasaran produk olahan perikanan UMKM se Aceh - ANTARA News Aceh,https://news.google.com/rss/articles/CBMirgFBVV95cUxPTmxNUHRIMWJCZ3kyS1VfZVJlRE1hM1J6aUUxQlNKUGZndl9DTDZuTGs5WU81dEtRNXhkbHAwM3lIbEQwZFRBTG5tdjRPa1VNX00tWVVFY2N1Um50UEtzb0NSMFlKSzJiTTNHTEk4NWlLS0VJUTRMSkxncEl3eHhzUEx3VXpfZWVxckttdHdwcmVfSmlPRjdyb2ZHUUNpbWFZeGoxUDR5Sy0zRGprWnfSAbMBQVVfeXFMT1RWY3MzYnpERkpTZXZDTV9DOVNGMDlUVE92WXV5TFd4S3hIbzVfU2F0SzQ3QXBUUERPRTZmSkJ1MEg2Q1hlWVcwM3pTQjdBNmJaUHNleEZmZ2xnU0dnd1BKTE5HcTFOMFhMakZFamJabFh1MzNOZWhGZG1sU3lHV2FwM2pvZ3hoSWZvOVVZVVNJMDdtZmhOWm9pRHNjazY2NXVSb2l3Yk9vLUdCODBMdlkxWGc?oc=5,"Wed, 27 Sep 2023 07:00:00 GMT",ANTARA News Aceh,marketplace Aceh,google_news_rss
Alumni UBBG Risna Erita Kandidat Duta Perdamaian Global Mewakili ASEAN - aceHTrend.com,https://news.google.com/rss/articles/CBMisgFBVV95cUxOZjFiZjk0N056U1Jzb3QtX0NvTVpZT2hfMEpIcUF6UU5Hei1ZcjZIY1JOUjVNVEtyYXRrUFc2SzMyVTlqSVRoNmtNdUVUV2hBdUVSWVd3WC02QTg0QzdwWkowdHQ5NmxvT3lHUW1qTnpoRVY0OEt5aUF5SzFhb05meFVJWjE5SUp3V3k3QURqQURKWk1jRlBhYkNybHdnM0x1NTNXVGVTQzJYajhkaVRCdThR0gGvAUFVX3lxTFAwYlRmOEhsalN5bzR1S0xPNnF6ck1MRy02alRXWVRITnZHd2Z4R19MaXFRMU14LVFha2NNYXdLYURTbDZETVVscEVXQWNuVVczb1gxdHFWR011dXgzaWxyblhMRXRXMjR6VnBZX2JRbmg4UTFRd0VoYjJmaFZFVU5sNkJjRHFVdVgzZDNUdGFUajZRdUEyZTQzYUozZE0zTXk4M3Z2c0NBY0pxM0Vja2c?oc=5,"Sun, 26 Sep 2021 07:00:00 GMT",aceHTrend.com,marketplace Aceh,google_news_rss
PGE Khitan 800 Anak Yatim dan Dhuafa di Aceh Utara dan Lhokseumawe » - dialeksis.com,https://news.google.com/rss/articles/CBMimgFBVV95cUxQUkxZUVMxdVFQcTdURTRGV05RTDZNOER1dTltczdJOExpOG5WaVBIRGd1YkFyZE1zZXlxTlhkT3RTckZZNWFYSlBUUmM5V1h3VC1aaTlaRWpVT29Wa215LWtMVVg1RGU0LXZwam4tempUcjgtNTgzcDE5TTQ4S052aFlHejMzcjREaHdvYnQtdEY4dF9pNmJWQWl30gGfAUFVX3lxTE1WQnZvM2N0SERXbmtBOVZyZFUyaFN3X1VSTktMN0ZkTDFrS2N2SHBsZVlzZDd6djlrVFdoNlVaeExXZ3VPNzBmbGViS3BmbUNZWU5TTU1aTTZPUHhtZEphdVZqaGdsZ0dtZ0VLdE1PNVNCUWk0QmlTQXlzS0xqeU5zaFF1N1pzaTFaeUZZcjFrNnVPWjRkUDV0czBZNWVLVQ?oc=5,"Wed, 25 Feb 2026 08:00:00 GMT",dialeksis.com,marketplace Aceh,google_news_rss
Polisi Amankan Tiga Terduga Pelaku Pungli di Pulau Kapuk Lhoknga - rmolaceh,https://news.google.com/rss/articles/CBMikgFBVV95cUxOcm1kYV9WUW5ub08xRnZmclpzNkFBRTAtOEZMTG93U1dTM3F2V0VRdVk1TVBHS2xGeE9xMXVNSVFheERCVkdGSGdwQ1lyVFBMd3ZHdlRxRVdyQllxb044WWIzVVNHVW1ETFB4X0RER3dpWmhMVWhaS2tNQzNYODlkZHJLVThrRWEweE0zN3ZxTW0tUQ?oc=5,"Sat, 10 May 2025 07:00:00 GMT",rmolaceh,marketplace Aceh,google_news_rss
Mualem Segera Tetapkan Status Baru Pascabencana Aceh » - dialeksis.com,https://news.google.com/rss/articles/CBMikgFBVV95cUxQeWdncjZ5cy14a1VEdXZrdHZsQW5fWEhSaGlpYm1DVmhNWDR1N0ZGX0N0QzhZQjFSYTBmVXN2YVhFbFRfTExUZVQwR0twUjlodTNqcUJ5UV9tVGRkSmFQVkJ0NW5WVEhVYmVxZFRXbHJuREFDU2MxZkRPNWFsWTlXZ2xxY2VqQVJXUUVUVUpmc25GUdIBlwFBVV95cUxQMzBvdDhvVTVYTXJTVlNHZ2RLSS00X0l5MlNwNklHaVNXcnBhaTNsb1hmdC00ZFJiWkJLaXNBN3hOU0N6ckkxUUFsV1pvbU91OEhzajhBbV9vei00ZEU0cmdTaVpnTGRzZXpiVDF4WURVOTlxRjZkd2dHcTZza1JfbHA2LVpmTm8wUmJsWU9kWDFYUUdHcDNj?oc=5,"Sat, 25 Jul 2026 07:00:00 GMT",dialeksis.com,marketplace Aceh,google_news_rss
"Pria Putus Tangan di Aceh Besar, KontraS Desak Usut Pelaku Kekerasan » - dialeksis.com",https://news.google.com/rss/articles/CBMingFBVV95cUxOcVpTdTh5b3FWYVgwencyT29xZ0gyMTZNTFVpb0pqelJqNXVneGRoMFdXbDBuQkNwamhQcy1nMFRhT3hlWXpGMWE4VTFoRHJnUDRlNWtvbzctUlI4Z3p6MHBOcUlFUUZpcDFOek0xTDk2akJoSDQ5WlFhTzBxSktMcVl6a2daMVgxb0thZjdtRVk0eWpJcXNZTzQyeW5uQdIBpAFBVV95cUxOOW0zSjVQc2IwMGV6ZzNNRG1vMFRCYWl4c3RvU3dhQUY4R0FoSkdNdlJaTDRWQ1M4b1NQS0ZncXJOQmJWRG9TdEkxYmpLSUFKc3RXLTVHazlWNEgyZUxwQmtBNGo1Y0o0Q3lFYlc0ZU5yODRoLW9DdFA0ZWFXZFVkdU5zVE5rUGNKTWJYUURhRWQ4eWVmdDN3LUtPOWY2UV9lZ0Vwbg?oc=5,"Mon, 15 Jun 2026 07:00:00 GMT",dialeksis.com,marketplace Aceh,google_news_rss
Menteri UMKM: Marketplace yang Abaikan Produk Lokal akan Ditutup - Tempo.co,https://news.google.com/rss/articles/CBMiogFBVV95cUxOYm1LcVFiaXlodHJSbmlPNVNRek5qOWZfRXRfdDNEMEQ4WTFKNXpOUU5HS3hMdG53OS1feXAzV2pfSC1CZ0FRSmM0M3JZelIyeU9ia1VNMWNTZzRvcEVsMTVWekl6TlN4THk1RHJyVGp4blVJc0V6bW9xUmVScTlkdE5RY0JkRjJKWWpBU0luSkNaeUpEd3JWSWZHdWJBNFY0YlE?oc=5,"Wed, 15 Jan 2025 08:00:00 GMT",Tempo.co,marketplace Aceh,google_news_rss
"DJP: Aktivasi Coretax mencapai 16,7 juta dan SPT 8,8 juta per 24 Maret - Antara News jatim",https://news.google.com/rss/articles/CBMisAFBVV95cUxOY3ZLLVJ1TjVYVGhURzh1Wm5KQUhVQU1BMFFWbDF1T3c4Ml9EMTM4SkZJM1c3Q3NrN3ZLMWYyQ3AwRHBwSGMwRWpjVWt3S3psZXBJcGlNQlZBSzJnaGJ4dmdLa1ZPZ2laUzhEc0VCeDlqLXZlek1nZjdBT2lORTZ1MWlianpQQnBxOGZZaU1Wd1lsT21MUnZQY1RuMGw1dGF3RmNzMS1TZjFQNjE3cFJ0S9IBtgFBVV95cUxNNDFWS2VIQ05CM1Jfb1dNWUJvNW90QmdzUFZQTkJkWFNnSXZ6eDUzeXF5aklldlE2SURldWxvUFE2N29WTmhacWpqVFY4R25SRHQ5cHFrZ1I0SjBTNzR6d0llYTBLT1RrSFhxVjVmdkFPOE9yd3dPZVFHZ19FcG1sbFh6UGFoZDVWeXlWaFpPWjBBNVRjaHcxNW9xaXpMa2ptbmxfZGJpSUVUMUpHUWtqUURuaDFYQQ?oc=5,"Wed, 25 Mar 2026 07:00:00 GMT",Antara News jatim,marketplace Aceh,google_news_rss
Pertamina Bekali UMKM Binaan dengan Pelatihan Fotografi Produk - ACEH BISNIS,https://news.google.com/rss/articles/CBMiqAFBVV95cUxPa2xmZ0M3aHNmcDJCZHRhR25tLUFNcHM1cVExRVdXbDl5djVQbUtnaVh3QjBwXzBFRmxZZHdKRDNJUFpZaU1uUGx0cUxsbG5wSjMyTjUyNUFXQ0N3Wk01TUVjR0xnMDliVHZtQjhmT3ZOMm96b1VoSHpWM0VMc0hCR09JQUNUdVVXMFZ2V3RIMVJoNXExMEFNWFdfS01GNkQ5RmRfLW9uU0Q?oc=5,"Tue, 10 Feb 2026 08:00:00 GMT",ACEH BISNIS,marketplace Aceh,google_news_rss
Abu vulkanik erupsi Gunung Sinabung sampai ke Aceh - ANTARA News Sumatera Utara,https://news.google.com/rss/articles/CBMimAFBVV95cUxPNVM5ZTJqMTZIaVlGNWp6R3FEM3k4cHE4QUcxMFNiU1d3RXItaGxMbGNfQWpuV2JDYzM5UFpNT3VEc1pyWnJiU0hDY0RnSUhNd1ZRRjFyUHNWZnQzcU5RYVZhTmVHMjdhd0ZGbl83TkVlVF9zRVJ1LWpCRUtYX3RabFZFVVNNRzNXRG1jNnZGSXljRXpnQUR1ZtIBngFBVV95cUxQZWJJUWJ2ZnBUaVNOWk8wcC1ELUIyNmlmM2k2RXZLWUJxV3NmanZwRGlfd1VtSVc5Z096MDMzMmZlemFGQVFOc2lHUFZ2dVdGcVFBRmhSLXhoZVFNQm81TWJBQ1RDaWgwSlJrdkZSNUhob0trVWNzVDB5MG1PbE51dkRYSzNGVzZBUUROVDdjeG54YzM1NVVmb1ZxcTcwUQ?oc=5,"Tue, 02 Mar 2021 08:00:00 GMT",ANTARA News Sumatera Utara,marketplace Aceh,google_news_rss
"Hati-hati, Ini Modus Penipuan Belanja Online yang Sering Terjadi » - dialeksis.com",https://news.google.com/rss/articles/CBMilgFBVV95cUxQVXhmY1k1aVl4UXRqeVBYdFlaRjFyeDlEbUxRRG80MmV4U2tTZnV0UWZqYWQtVGllUFFpSFlWUFd5ejNCb0JzcFI1Mkp5aFRhS3pQaFczUEZWYy15U0tMQ2pKZ2RtQi0xTWNpMm5pWWhHMWpuUG5TMk1fa2NLSGZyZF9NTmNiR3Y5Um1NMTl6YWFPd2xRd0HSAZsBQVVfeXFMTmlPcERFNDJVY2xfdGNuMG1aVGJ0blc3cVh6blA4SzRjeUowbDExejFVUjZHM2VoZTNwWDlJOEk3VTF4c2oySExOZFd4MUVJbUVNYV9UdGNvaG1BYjF1OEhfdW52WW9HSFNfR2dvYnl4TFViMXh2cWpjVEpZR3JNenhRWkNtOWpoNGdDYXRHbW1zaEVWVExpTGJpTlU?oc=5,"Sun, 02 Apr 2023 07:00:00 GMT",dialeksis.com,marketplace Aceh,google_news_rss
Pemerintah pastikan uji swab PCR di Aceh gratis - ANTARA News Sumatera Utara,https://news.google.com/rss/articles/CBMilAFBVV95cUxNT19fbVByLUlwMGNLMjJkbDBTdFJXY3ltNllQWVNVbTFqZmRvMzZkRndNTDc4UkkwRkdFSVlOVHpPcTZ3VHp4ZEJrYUlvVUR2Rml1aVB6U2JTa1dtWEZKQ29NaktVak1kOE1qLThtRW9ReEQwOXJqcnFGbncwZ2pnTThPUmpfLUxmZTFWSWdVSHVhckdK0gGaAUFVX3lxTE9yenJIOWxnNUd4bVhwM1E2Q01TUzdBZV9uNzlUSmQtaUR3dkxuZk82b29kMlpkT1lULVRFRm1RZEdnZ1RJbTFveGJnUXhIbmltM0lZZEFxZ3g1ZFBkZUpqRnNVXzViMnhZOXU2bTRrU05vOWVlLWducVlYY1dLZS11dDh1SHRMdUlQWW1Bb0xWejBhNEFXdkNoYXc?oc=5,"Tue, 06 Oct 2020 07:00:00 GMT",ANTARA News Sumatera Utara,marketplace Aceh,google_news_rss
KontraS Aceh Ingatkan Bahaya TNI Awasi Urusan Pajak » - dialeksis.com,https://news.google.com/rss/articles/CBMiiAFBVV95cUxPTm44SVRoM2dFTGd6NDJVOHg0ZjkyZTB0cWJTN3lJTHdrOUhFc3BDX05PdE1pczlPWGxxS1VZSzZyNXcyRmVlUGNtMXRlbUR6VWN6UXhaSWdWdFZFc2hST3VrWEw5Wlgza3pRdUpyMlAzWWhmemlSUkc0djFqZk9YRWZERzJsc0dJ0gGOAUFVX3lxTE5hWWNsYnpvS3F3V1djMTdOSnVELXhqcHZiQWc2cm1pVmVmc19ZNzBfTlNiWXE2dW05dDQ3QTdXVUF3aVNUYTdHN0dKRGEzSDlVQkpkUFVrVFNoYnZJMzQ3ZDhkVnVadDNTdk4yT3dCTEFVeTM0dU01NndTUjItTGE0RDZfWU1qelNzREViNHc?oc=5,"Sat, 25 Jul 2026 07:00:00 GMT",dialeksis.com,marketplace Aceh,google_news_rss
"Banjir bandang rusakkan tujuh rumah di Bener Meriah, Aceh - ANTARA News Sumatera Utara",https://news.google.com/rss/articles/CBMioAFBVV95cUxOdUNyNjU5U0ExanhHNG15T1FoQzlBazkwZUFYV01YWTBvT1JlRFYzS05jdm5teGQ1RUNGQnk5RzZweDFTWmR0R3RjTndqQXBqVUdHUXhzVVdvSjI3aTlDVjZLN0oxa01qWGNUNTNpeDA1YjRMMFFHdjFQRDdVUW5ZRFhfNWh6Z0dZLXAwb0h5ZmZSZ2FYOHdRd1VnUFQ4STBB0gGmAUFVX3lxTE80T3ZnNU5GNFBGWk9la0ExOUNNemtWQXV0OVdsclBndzl2emJKdXlObTNfeG9WbDBvc2xfbGVhdlc2RHR3QTg1bG9oajFCOWYyWURldmFCN0Z3ckJURWRLNldiZ01zLUpHZmZqcXJ2YXV1VXY3VmdQeExjODFkTFVtdWFDYno1b2VGdVlUY0dOdFBPUnJ6dFJaQnlZdWRPN2dxNld3NlE?oc=5,"Sun, 17 Jan 2021 08:00:00 GMT",ANTARA News Sumatera Utara,marketplace Aceh,google_news_rss
Gubernur Mualem dan SKK Migas Sepakat Bahas Revisi PoD Blok Andaman » - dialeksis.com,https://news.google.com/rss/articles/CBMipgFBVV95cUxQVEEwLWpoenJPQl8tNHVyRGJBODBnajBNbkxUdWVhYWgzcGltOThZYVJxVVVwaXVxN1QzSl9LckRDTVdIRmVoVGRGNDdtM1pqa0NORmt0Uk1lLXRXMWF6MUZJYjBOZnV0MDYzTTZkeXljUnkwVXFsWHRaQ3VqWVZfN0xmUlQyNjUySFQ4dENoSGdQd1NQZFdMUzYxVVc1MnNlb1IxWEJn0gGrAUFVX3lxTE5BdDRvTmhVZGFBS2NQVFJyb2J6QVNGdU9ZUVdBdmVXdE5ZODJ0QTZaSXdOelBkTDE3NGg3b1VuZXE0cEUzUWdEMENHcFFvMFlGendrU08tZlVGb3hFX2VFUW9PNUZRRHBJeHY0d2VZeGtucldzUlA0VmFSREtSMUp3Q2pkek9Delg0dTVXVkVrVFlwX1owQmNvekhRSU9FOXRJMEl6UjBzV3Yydw?oc=5,"Thu, 11 Jun 2026 07:00:00 GMT",dialeksis.com,marketplace Aceh,google_news_rss
Semerbak Wangi Nilam Aceh Merambah Mancanegara - masakini.co,https://news.google.com/rss/articles/CBMihAFBVV95cUxNel9TUVBRZEYzSHpvZktFb1VRWU5WNUMxaG02MU96VTAyUXdzRlJ5YVNsb0dNd2ZFd1RRdk1ha3VRRlFGYURYZFEwSFUwcDFnN05CM3A0cjNwWldrN1FHNVliTVpZWUhjMTFaU1gyWTZGV1hYZkY1c19oRHJDaGdXZVgtT2U?oc=5,"Tue, 04 Jul 2023 07:00:00 GMT",masakini.co,marketplace Aceh,google_news_rss
Aceh dan Iran Perkuat Hubungan Budaya Lewat Diskusi dan Pemutaran Film Khodaye Jang » - dialeksis.com,https://news.google.com/rss/articles/CBMiuAFBVV95cUxNR0RDUE1aOGF4VzBOck5ON2hKWnQ0QUFfczRyM2kzd3dXME9fQ21xMS1qSENkN0hWUjkxT3dLUGJkeEZWUno3SndrVUxsd0xZQURLRFVyb1lrVmNObUp1Q1EwM09MYzB6MEVXV1BudHoyVFBFNnY4ZXotbUN5VkpEbHdmZHRCa19jRHVzc25WUTJQN1NGOGxIaWYxR0xpbjNPS0lkZWtDcGhnRmlCS1pySjFkYWFBVkVI0gG-AUFVX3lxTE5WUjRlTGlQT1d1MFdKTnFDTlc5UXg0V0pXdDkxTzA3U2NvMUVRYlBZQWJlSFBnN3FQU0Z0dG5aTHJSN2lMTk5DME45aVBHckF6SG4xRktJeGtoS1NTSXBjTVRxZFpLTUVOSUd0YVdDaEo4V1lFRzJnd3Qyek5CSzEydkgyekJMT1M4RVk3SGMyUnFMZnJkVTJUdm5rRFlWMmc1UHdSSTgwaUdTa3d2MmRIVnN6UzdGazFQLUJCckE?oc=5,"Thu, 21 May 2026 07:00:00 GMT",dialeksis.com,marketplace Aceh,google_news_rss
Perkembangan Kelulusan Masuk PTN Jalur Prestasi dan Tes Pelajar Aceh Memuaskan » - dialeksis.com,https://news.google.com/rss/articles/CBMirwFBVV95cUxOUVFwVkZ4b2cyOERFeXd0ZjA5RVpsTWZkMWx3X2dQb2pKQm1vUGthdWhWY0ZrU0tnYzJZZlpfWENGOF9PR0lpSW9uWHdjaU1pc2ItQ19JVW16NjRmZlpyZzhuZ3dCT25QcVN0dmQzX2JFT2NaMlJIUlpGOGxBTzdqWGs3a1dycnFyLUlGTXlNcUxPaDNpQk92d2ZnZUl4NE40NGl5c2dmeVFjN2VEYzk40gGvAUFVX3lxTE1MS29rYUJtU3dTQUp3M3kxdW9udUxXbm5xM0dSNHhtbXNLWlpLM0NGb1BpMVBub0twblV6MkxDYTdxSXpMV2RVckZON2NDSWhlekQyaXA3ck4zS2l6T3ZjVnRUcVppREpXamRJbWs3aHM1QUM5bUU1bldTY3lXR1Jiel80Y19URmRnMF9MaENjYkVyX3B5V1FBT1Q3Smx4aTdDeXlHaU5WMmEweElpMG8?oc=5,"Wed, 21 Jun 2023 07:00:00 GMT",dialeksis.com,marketplace Aceh,google_news_rss
Menkominfo Klaim TikTok Sudah Memiliki Izin sebagai E-commerce - Aceh Online,https://news.google.com/rss/articles/CBMipwFBVV95cUxQTF9qeVo5XzlhYUc1cWtwWGZWRmZKbjJnMFBlZ0RwZnA1bURFUV9YNER1NW05Y1ZLdWZXWlJJa081Zlk3Q1VadXhsN2JKRlM2dTlWSzVPQ1JkNWhnMW4xeWdKeXZsdlJHdzhiZWdLbmphWUtYMWVpTzhjcmVacE5BSHhHUlBxNG81UmFvZWQ5a1NSUkNma29mNGc5MHdCclV0TGhPeU5FONIBpAFBVV95cUxOV2RoOFRtOHhNYnNEeWJXblRvLXhvaV8zX0pVNUYzZ0VKZmIyUzJlX1ljN2xQWlVFcUswUGVEcmM2QnJPQ0xxNHRmdU4ycjZtSlBsS21OR2hLRVRYLVBQVHUwcGhnUmtNT29rOEhVbjFLcjNQOFBHcFVnQnEyazZ5Sk52M2hYMlBZUHJoSkxUX0JqR3ZnNHN5VmVOb2NUZ2xMbVJULQ?oc=5,"Thu, 21 Sep 2023 07:00:00 GMT",Aceh Online,marketplace Aceh,google_news_rss
Manuskrip dan Mushaf Aceh Dipamerkan di Islamic Arts Museum Malaysia - masakini.co,https://news.google.com/rss/articles/CBMiogFBVV95cUxNUnJJdHlCdDY1VEJ5YTZDTTdJeGxtZ1BYQ3ZGVEJwSjZmQnpCZlQ5N2dkTGQzSGRVbXBMZjZBeHZtT3hYalZtTXUtZzhVa1otWDBzeEx1dlF4amdPMHV5NGY1akZDYi1uQTdpY0JvWWZ3OVMtUUVjS1hSdWlUdjgwSUlSck4zU3h4bEV5b1RMdXJTZGE2ZVdIelFCVGZubDRtWVE?oc=5,"Fri, 09 May 2025 07:00:00 GMT",masakini.co,marketplace Aceh,google_news_rss
PJ Gubernur Aceh Minta Seluruh SKPA Percepat Pengadaan Barang/Jasa dan Realisasi Anggaran » - dialeksis.com,https://news.google.com/rss/articles/CBMitwFBVV95cUxOdE1XWUZEcEF0dmVKUmZYdUdQR0hMWlFLSkpWUXpwTU55MlZYWTdZVjRGVDJZdzIxNmlJMlRYcllVdVdvaVRnTHczRmptc0p4LVN0Y2NocDRNd3FuWEdwWEZoOEU2cTYyRE84RXNjbUNVUVpwRF9rY28xSlM5b3FEV1BxWFpzdF80cXQtckpvWU03VGtQNU9oU2ZZVFpCUHdST1VMaENYWkFoSTdsYS1JVmZHdVhaX0XSAbwBQVVfeXFMTXhISkt5cWstQTJkVTdFWjRkYzdHaWVmRVJvajMwMkxFanZsb0IzQUFBNEliUXNVNFF0WGc5Zkl1WmtiYmRmSm5zUnJPbWxXSWl1Tks2bm1NUzRSMEpGSmU2ZWd3MEtNWmJmQ0VEWEwxR0trVk4zQUJDVWxKcDFRSV9IVlNFREdhMjBVVWJXR2ZOZEU0ZnFFcjNqalpqRUhBV1pmcHdZWEJxMHRXLWVHZEVRb0ZYMHVQbzEzTHY?oc=5,"Sun, 02 Oct 2022 07:00:00 GMT",dialeksis.com,marketplace Aceh,google_news_rss
Ukurmah Suda : Memanfaatkan Marketplace Untuk Jualan Kerajinan Boneka Kayu - youngster.id,https://news.google.com/rss/articles/CBMirwFBVV95cUxONWtCbTBOSklHUER4X0VlNVY4MW1pbHlnLVE4SVBtUnJjdktPTUJpNEYzblZ2TnpCMlBuUjJ3ck5IYTBJdWItVURQczgtT0NseXhfbmNrQnpORWRTdzUtRFgxYmczWENfR0ZmMG9yNHE3bER3VG5zalZ5MTJQNU16YzAwZ1ZVaWF1ZXA5dDVaTEtiUjBhTEJ4VTY3SGx0LXJlZF9ZSklPbEphaHNKVXdn0gGvAUFVX3lxTE41a0JtME5KSUdQRHhfRWU1VjgxbWlseWctUThJUG1ScmN2S09NQmk0RjNuVnZOekIyUG5SMndyTkhhMEl1Yi1VRFBzOC1PQ2x5eF9uY2tCek5FZFN3NS1EWDFiZzNYQ19HRmYwb3I0cTdsRHdUbnNqVnkxMlA1TXpjMDBnVlVpYXVlcDl0NVpMS2JSMGFMQnhVNjdIbHQtcmVkX1lKSU9sSmFoc0pVd2c?oc=5,"Fri, 16 Jul 2021 07:00:00 GMT",youngster.id,marketplace Aceh,google_news_rss
Telkom tutup Blanja.com - ANTARA News Aceh,https://news.google.com/rss/articles/CBMickFVX3lxTE5QUXZtSXpIQnlsZzBYXzZxZUlRVHI1c2RLRFc1d1JFWDl6Snh0b3piOTZ3M1hXWFZpdVl3VU5WUlBubHdwWFQyR2pwTXlfWHp4Wi1ESFR6TVM3OXlPV3pqeC14UlB1QkgzSUpJeTVTcUU2d9IBd0FVX3lxTFBoQXFia1RDU3FHdy1aQ2t1Z09aWUNQc2ZIeHRORlJEWS10YjJqNlkwVkVja3pJN1J2ODZaa3Y2V3U5TlllcG5jQkY1ejlUX1pHWTJtdzZacW5qQzBCeURLRGFtN3ZJaHNDN1hQUTFTNHNJZEFqLV9r?oc=5,"Wed, 02 Sep 2020 07:00:00 GMT",ANTARA News Aceh,marketplace Aceh,google_news_rss
"Bareskrim Polri Ungkap Peretasan Kartu Kredit di Jepang, Kerugian Capai Rp1,6 Miliar » - dialeksis.com",https://news.google.com/rss/articles/CBMisgFBVV95cUxNQVZMdXo4aHY3X3h0cFE3NHNIa3dVU1JvYUE1aG1MTjAwU0U1QUdKbjRrNVhZRmFOX3pMclJtLUlYUjBLeGxlcEZ0cEJYXzJJSlFBLU1qR3Azbko1OHFJVldlekhJTTBQUHpSUmZrYldsdnRBaVNZS2wwZjk1VUxrRVJsQWt0eG85RFlkRm5nU01pY2c3Tjl1QWJSRXhRMlpteHBURG1JMHU0ZThCdlZuVDhn0gG3AUFVX3lxTE1MeS1qampjQ1pjNFQyTmxHV1FHdWd6YXNheTVaY1A3a1duRzFfUUp4NFVMSUcwbG9Fd1d1QWl2TF9Ga2wzVTFrb29fSE9TZTNSY0JicVBrWVExVDhfcXhkbWNGelVkMnIwVUlmcjVVd1paZUItS0xKOE5WT2xRclhMQkJaLUg3OVV0Wm5OTjJYTlVTUTRnd3U3SWVOMlZZMVQ5VTNkenVjS1ZiRXNBYTBKMV84eUJ4MA?oc=5,"Tue, 08 Aug 2023 07:00:00 GMT",dialeksis.com,marketplace Aceh,google_news_rss
Cara Berjualan di Shopee - acehstandar.com,https://news.google.com/rss/articles/CBMid0FVX3lxTE9OVHluMDdDZ2JVM2trQXljX2Z1eUpVR1BqUlp3dGNpamkwQUFlOWdGMk1UOXFnd1lsYWhnTVd3T19uSlU3OVJyM1hhOUxybzJTN2RKbXFheEZySGZPVjNZUnUtZXFPX1ZibFMxS0lWb3FBS3hJSVFN?oc=5,"Sat, 26 Feb 2022 08:00:00 GMT",acehstandar.com,marketplace Aceh,google_news_rss
Apa Itu Opensea NFT yang Buat Ghozali Everyday Tajir Mendadak - MODUS ACEH,https://news.google.com/rss/articles/CBMinwFBVV95cUxQZTAyVXo5U0QxMTZ1MENCWlJJYmUzWnFxX0FEVmF2bjBCaFd3NVhmYUxzVzNzd1dYMnRwWWxBNVM4SFV2akx0MkwxR0gtcFpKdHBwSmZBMHBOTVJEV2xMcFI5MHpOcXpyNVA3LUF0TE9MX21QUW1wRTRVVEROd2FTLVM4aC1qbi1uek05TmdHTVJwWHRYR2VjUFFOWHROeTA?oc=5,"Thu, 13 Jan 2022 08:00:00 GMT",MODUS ACEH,marketplace Aceh,google_news_rss
"Aceh Tengah Lakukan Simulasi Penguburan Jenazah Covid-19, APD Belum Sempurna » - dialeksis.com",https://news.google.com/rss/articles/CBMipgFBVV95cUxPLXN6ckhZTTVXeVJZV2JkUVNqZHNoRGFDQ0o5ZGRSR2VkRUlmdU44d0xteVpTdktpMVZhWFRaUUtwMVBuaWI5Z2x4YUpuTmhIM2t5RTllTlFBOXNWWXhYbmNjS3d4QUYyNWFRa1o3bEZKRC04Y2F1Mm1fbld2blNlMjVPVUp0dWJTOTgzeGJ3cF9kYVUzdkVpVHhSNzhMUUY0eWloaTZn0gGrAUFVX3lxTE51cEJyeDlTMUFjaDVBQmtZSnJHcC1QdUMxem9LcThza0xxZXAxdUVTSlhUX0VFZk1ybnJNUzR1eXFqX2swVzc4VEFOYU0zMlFtVDhsR1dUTm56WDBqcWt6dUhsMFJaWHRhdmRUVTRkVEZOU0VQRDc2RlFnRUplRXdhVWNwYkFvdlNuN25ZZm1RT2c4cVgwbUlpNjhBZzB6X05hVDJGQjZVSjBPbw?oc=5,"Tue, 21 Apr 2020 07:00:00 GMT",dialeksis.com,marketplace Aceh,google_news_rss
Rp1 Miliar per Huruf - Pikiran Merdeka,https://news.google.com/rss/articles/CBMiZ0FVX3lxTE1ucDZIb25CQTJyTVA3YzFzM01UY3lDUnc5TXB2WDVBdTFaRWJaN055WVBWRzk3Q09EZzhCM0poZkZrSVMxbGh2T3pieUw0LXVFNWd3SUZiMTIwTUFmd0xMeV9uSEp1Z2fSAWxBVV95cUxOSWxsRS1GajZwM3RMdmk4Z25DdVFkR0paeEp0bEFkUXljcmw3MV9oQ0h4WFdkMDhyd1cwbjBiemh3d3ZuakZIWDdGemVOc3pjNkNwY21Nc2xFRjJTZ2MwZU0wNl9EcjUtSTF1aWI?oc=5,"Sat, 26 Mar 2016 07:00:00 GMT",Pikiran Merdeka,marketplace Aceh,google_news_rss
"Anak di Banda Aceh Terlibat 20 Kasus Curanmor, Motor Curian Dijual di Marketplace - theacehpost.com",https://news.google.com/rss/articles/CBMivAFBVV95cUxOSl9zd0FQczRKQW0wanU0TGhCUlVwSktzRkZKdHAyeDMzdVNrbFliWUt5NlduNnpla1I0b19Tdk9OX3BmVnp0Z0N1U0hfRnJoaFNsNDU3NEJ2V0NqMXlueGh2V2JjY1lEYUlHNk1kbjJVMHVUNFZmZm9ZdHp0UTBKSFJRU093UDVTQnl4YS0zVEY2LTZoUUNZWjB3T1pVZkVTdktlZ0R5UEV3Z291OHdIdU5qcUFGUnF3cjZ2dNIBugFBVV95cUxNRXBUeWpiLWVPUWxId2tENk02eE5RR1FFLWtMQVp3eHY1dGs0THhpWWp1YTZQUTZDNmlBM2s4QWY2RVhXbVRjRDB3WWQ1M05QRXI2NHBZRWIxY2d0OFFtc3lSUThJYlo1VHFOVC1wSjNyc0QxVHgtZWZvaVc1cGVYRktrQnFlRmh1SHR2RXRtVTFJVEZfZG9pV0hyLWFvazJBMk1JQTdhUkN2bEEwblNYUVEyVDNDTTMtV1E?oc=5,"Sat, 14 Feb 2026 08:00:00 GMT",theacehpost.com,marketplace Aceh,google_news_rss
Pasutri Penadah Motor Curian di Banda Aceh Dibekuk - theacehpost.com,https://news.google.com/rss/articles/CBMilAFBVV95cUxPX3l2ZGZXRHlyVDJ0ZjZXOXJDS0gwMlR0WVA4ejlIZEpWVkp5ZnlqMktVQWtsdmh1Ulp2VUpTSkNsa1RaM3hVbjZRNFRiZTVOWkswZDcyRUlDeUVYZGVLcFFqeWVqT3JwMHgwdkx3ajVEX3k2czBVSDlRREhscWRheDdoZFVqT2xqQkNnQkoxODNfZWRL0gGSAUFVX3lxTFBkb1dOLXJ0ZVZfa3UwVE9HeTJZTU5BMUJqSGpadWNZTVpOTC04eTUzR2d2NF84Y1MyeUZHZUlIRnpDYk9oZUkwbkFkZjd2b3VVOFB1LXFhZE5MS0JRWDctLTRDVWtWbmVQQ1VKdWRWVDBZUG9HSS0xTHdzOUFiMmo1LS1yb3U1ZUthNlVvaHRFTkxB?oc=5,"Fri, 17 Apr 2026 07:00:00 GMT",theacehpost.com,marketplace Aceh,google_news_rss
"Kegiatan PNM Mekaar Idi Rayeuk Berlangsung Sukses, 50 Ketua Kelompok Terima Paket Sembako - Bursa Kota",https://news.google.com/rss/articles/CBMiuAFBVV95cUxOWVAyREEzaFNwcEUxMWJHQW1WRjgtdVRDdWtoakp2a0haSldac250Q3NPaVh4RTdsZld1TmI0WG1wcDRaNlFSXzdrSGZJV1Bmb25OVGt5U3lMYjk5TmhwZ2tpZU9nQWJ1Unp4X1RremFRd2hmYVByblY0TF82dks3MmVoOTNfMGlQcDNVQ3Zub3lLWVNqWE9mUFlscWh1SDJyU2lwNnNQWUJJLUNYR0lJV1Nra2Y4aHRj?oc=5,"Sun, 09 Nov 2025 08:00:00 GMT",Bursa Kota,marketplace Aceh,google_news_rss
Disperindag Aceh Dukung Penuh UMK Jadi Raja di Marketplace Lokal - Pos Aceh,https://news.google.com/rss/articles/CBMijgFBVV95cUxQX3Bsd0F0MUdqeWxfcWVac2s5cEpLUnVPOHhpbUw5NlhPU1ZzVkRrNE14NE5FUmVQazZqOG8wYUVJTHIxd085RkphQWpUT25xTTV0YXJsdWFHVGxPZzB1NEg1UXprd2R2dV9lZm1BZ3FUMDFRNWNUUWVuYllmYjkzaDE2ZlN5SjFGa2loRVR3?oc=5,"Sat, 25 Mar 2023 07:00:00 GMT",Pos Aceh,marketplace Aceh,google_news_rss
Aceh dan Amanah Indonesia Emas 2045 - Serambinews.com,https://news.google.com/rss/articles/CBMihgFBVV95cUxQam9DMEtibDc0NjdqdE0wOWNSNC1VRm4tcGphVWRBcGs2MGJENFo4NTVGSElHYkw2dzFSREhpQkJ4R2pnMWV2RUVzdzM1LVlLQ3NUSVd3UlVFWUJqallFNDJxbDVQZ3c4Mm1Xdy1MSW0zTElSOEdDVVBVSEtWV2N1NmlzdExEUQ?oc=5,"Thu, 20 Nov 2025 08:00:00 GMT",Serambinews.com,marketplace Aceh,google_news_rss
Pemerintah Wajibkan Marketplace Beri Diskon Biaya Layanan 50 Persen untuk UMK - Serambinews.com,https://news.google.com/rss/articles/CBMiugFBVV95cUxQcUxSNXEtYVRVdl91ajhSVjZUWWg3ZkpuWUtGdnBncTN6SGZPX2pKcUg4R2lpNUJIM3Jhdi1TcVRzc1BfenFwS0tMa0twVDZzSTFNUl9aZ05rckxyd203M1p1X281cU9ZaU9wcTVEdkRtQzVtMnJiUkpEYTRpUlNuRTBNT2poU0tSWHVTNEs3NVV6UUx1amRURUM5UEZGRVI4YkItWWFFQlEzbUF4S0lwVXBZdmY5bG9id1E?oc=5,"Mon, 18 May 2026 07:00:00 GMT",Serambinews.com,marketplace Aceh,google_news_rss
Bejat! Sopir Truk Diduga Perkosa Mahasiswi Penumpang di Tengah Kepungan Banjir Aceh Tamiang - Jakarta Kota - Pikiran-Rakyat.com,https://news.google.com/rss/articles/CBMi4wFBVV95cUxQekx2ZzVEVm0ySktSRzRqdDFmeUQyWkl5Yi1IVWFtaUF3QVlMZ01lWWVmalgxUThEbzhQeTBEenlKTnlMdWlWY1NtY2RuVXpNTTVuREQwSUMzTGFiMWNBa2JWMThXc3FieDZkZGxKN3J5aG51a1A2cTVkSmZLa3gwZlpKWTN1S2ZFenhvWWFjcXZfS3BtYXNuV2IteGd4X1F6MnltSGxlczEyLWx4azNxcDNUM0VRUDFlSW1QUS1XNUR3elNNaWZLaWxWdWM2eUc4cVhSUmRxV2ZKWlNDWHh4OE40ONIB6AFBVV95cUxNbmtnS003WXlDRl9QelpfM0E0WHFjWFZNSGxKVV9vYUdNT0haOUNnSzBqUXRwYk1vQWhkSHdBam0ybS1TRDZUMXdWNEE3ckIxcU9CTjhKYTctSUpyVTlCRWRUSjQ4UzFNVV9tdkEyV0Fxd2dRcE5xaXdldFZVVFQtSFVLWVBWWlNkUzFjcFE2eGd1MUNSTFhqUHctczdHTEI5VThDUUR2bjdGWTVZcnY0YTBIMEt0Yi15RXBvQThOcDNkV2x4YkR5ZlZSRWtTUjU4WHJoRzVYSmo0T1ZTal9ISEdfY0JHZ3Rw?oc=5,"Thu, 04 Dec 2025 08:00:00 GMT",Pikiran-Rakyat.com,marketplace Aceh,google_news_rss
"Bukalapak Tutup Jualan Online Layanan Marketplace, Fokus Jualan Pulsa hingga Token Listrik - Serambinews.com",https://news.google.com/rss/articles/CBMixwFBVV95cUxOb2JRTEc1TW50eTdhN05zQkZVZGdCM1NDeEQ2QVZ2TDlxaFdOQzdyVGVyTDZmOTMwb3ZJR0lsYUZobkRjZkM3YlhDQThMN2REZzdFQW1mRmxxaEJValN2ZTgwSmwtYzl5X3VobmdqZWJSdG9OT29ES0JjZHV6UndsdXpINXY2clV1Zi1VNzBfSkQ5emhjZEM1bUhiRml6STJ2LXlLVzFvQUVjSHI2OGg1azlGS0tLRDY2cDI4ZXBoaDJsMzZyMExV?oc=5,"Wed, 08 Jan 2025 08:00:00 GMT",Serambinews.com,marketplace Aceh,google_news_rss
"Kisah Anton, Modal Rp200 Ribu FB Ads Kini Terima Orderan 11000 Paket/Bulan Jual Batik di Marketplace - Serambinews.com",https://news.google.com/rss/articles/CBMi0wFBVV95cUxNRmZ4T2JVUUh1TnYyNUpTdUNzTS1hRTd4OGQ1TWh1QVFaNWl5QUE4UktZWGlSdDdIS0QxSzd0c1NYTHR4SURIQnJDQjltRFNNX2l2TWExUnFROVRZbGViVHI4QzFZaVMtSk9fMUtBNWRpZVlxNkRHN2Z2bkRwNENYUDJ1TkxXdzI5N0ptQVFUT3M2cVFtbjd2TjB0TFhGMmR6Qm5tVXBiaUZ1YndqSDZtc1EwU2ZNeXgtY1EzdWNhRDF5S2dnU2Z6b2ZkWXlVNW53YVE0?oc=5,"Tue, 04 Jul 2023 07:00:00 GMT",Serambinews.com,marketplace Aceh,google_news_rss
Baju Bangkok Masih Mendominasi Tren Fesyen Ramadan dan Lebaran 2025 di Aceh - BITHE.co,https://news.google.com/rss/articles/CBMisgFBVV95cUxPTmpqYlpGQjR6andSRG5LbWRrUE53MHhVSVFwMnZJb2k2eFR3bXhEUXB0S1VITFZlNThac0dGdmhNUkNnbGhzMnowS2hwTk9uSDYzbklNMmtJU1ItM1lSa2xwbl9RRDZ3LWJBajl6amZacWYtalBjaUd0ZTAyM3B3Y2wzWFNTR2NCOUFCeFhxQjhHeElqQ19VMUZ5dC1HX2RHdjc1YWgzNDlHXzBSQzBVVHJB0gGvAUFVX3lxTFBiNGFaS1owY3lxdURtZWJ5b1lmYThQX19COENMU1ZyRGU4dnVjbl9FcXhfWHVqTDFSZDNzNmJtb0g5N2FzeDliZXprN1o3MWhlUjV4dkFPMWo5VDVUYmVwN2ZtMXU0UlNCaFkwMDBMMl9DdjAtUS0tVXZmSmxYQkcyMFFWWGZUV19URFQ0cjJMdVpXUkJmQlFIUXFzYmlVY25QZHhrTThlZVp4ajU0b1E?oc=5,"Wed, 26 Feb 2025 08:00:00 GMT",BITHE.co,marketplace Aceh,google_news_rss
Mengapa Usaha Online Didata dalam Sensus Ekonomi? - BeritaSatu.com,https://news.google.com/rss/articles/CBMilgFBVV95cUxNeEppNXYxbi1yZU5kZ2hOcEpvd092UkhRQWZPVHpxRjNEWEQwTG5WeDJ4dFdDOFQ2dWZybmZsdTkxR08yLURmQlMyUHctTDdJZlBuUFVOWWRqSHgxVFZZR0Z5dEtJdDNzZVJ0bnBQNlMyVzRiWFJDZjZSSkowSzh0Ymg5YTdUMnJEaXJxMkczN1VHWkh6aHc?oc=5,"Thu, 25 Jun 2026 07:00:00 GMT",BeritaSatu.com,marketplace Aceh,google_news_rss
"Kriteria Toko Online di Marketplace yang Kena atau Bebas Pajak 0,5 Persen, Siapa Saja? - Serambinews.com",https://news.google.com/rss/articles/CBMivwFBVV95cUxQZ0dhV1BOR3lkS2pieExGMllpaDlaYWp1M0JtTnVLQV9CdzllekF2bm5mS0R5N04xaUp5Y0VaZGpYdXQ1R0pTSzFuRks1RmpHUmtOY3huLVpsT0NSa3hNR1Jnd3F2YUtnZEhuQWQ2dW0wNlBmS1NSNW8yc216RXA2ZjRlMDRWb3pwSWFxTW5LOFJTMkFwaGl1NHRKUkFTejh0X3BSV0cwRmEtd1JTblRmWGZZb192UE53amRydGxnWQ?oc=5,"Tue, 15 Jul 2025 07:00:00 GMT",Serambinews.com,marketplace Aceh,google_news_rss
Bea Cukai Aceh Musnahkan 1 Juta Rokok Ilegal - BITHE.co,https://news.google.com/rss/articles/CBMiiAFBVV95cUxQa3kwcEtIbFZpcHdLOEVRZXBkYk5XVURFRWRfYUcycFZWdFFPcVp3WkxxeUZtWHVzNFRxRVhYTmo2MklKc2JNWmNUZzZjcVdmVjZHUFNTekQ5SkZhdG42UTJMREZJNVFoZE1QX3pVNUc1WEc0NV9IQi01ak9rdjFuQndVT2w2cWdv0gGGAUFVX3lxTFBaWGtDZzZXWDlDUWlCYm92eGg2c3ZSa1d1SlAtWkJfTzNNN0JON3pBakpSMENXRS1QaXJzbjkxOHJ6cjZKT1Jrc0o0SWZEZmVINlBLTjFqT0NnelVSZGN3aVU3eThTVGhMR25kNEotb1ZjaVRBeXNsMkFzRDBzNnYxTWl5X0V3?oc=5,"Mon, 27 Nov 2023 08:00:00 GMT",BITHE.co,marketplace Aceh,google_news_rss
Muslem Yacob Terpilih Sebagai Ketua Umum KB PII Aceh - AnalisaDaily.com,https://news.google.com/rss/articles/CBMirgFBVV95cUxQZEFiNzNDMnU3UWd4YVNocUpCMUo5LTlCLWxlU0h2d2VFaFlRZG12Z21jSlBRYVRycklIZG9rVGFDaWNqMjd6NnJNOWhURjh4c2YzX3JicDNoLXh5eHl1d2ltY3FQZTJyOFRNcE9ZTnRueldzc3BURHZnMGY5Z1RIUDA4dWcwNE05YmFrUHkzc3MtR1ZGQWdEYjNFeWxNRGUwRVhYbHY1R3NXcHh4d3c?oc=5,"Sun, 23 Jul 2023 07:00:00 GMT",AnalisaDaily.com,marketplace Aceh,google_news_rss
Memantau Progres Penyambungan Kembali Salah Satu Jembatan di Bireuen Aceh - liputan6.com,https://news.google.com/rss/articles/CBMiuAFBVV95cUxNd2RSZUZxT0VKdy1TSlc3dmVvbllrWlhrRU54ZmFvM0pOSlA2RVAwR3NaNkx2UFBxU2VhcGNJY1h5TWF1ZTFJNUxETk8tZFRSdWptN0ctdERyTmdVNkFDOWxTRTZmR3Aza05LOGlhdThlUkhOS01vLVlmQmR1d05DSjgxU3pkQmFYRnhCR0RKbDZtWTNqY1ZETDVnS1k0Z0xOSzVUN1pXUHpxR2xKYVZBXzlya0JqbklK?oc=5,"Wed, 10 Dec 2025 08:00:00 GMT",liputan6.com,marketplace Aceh,google_news_rss
Peunayan Salah Satu Desa Penghasil Kelapa di Nisam Aceh Utara - RRI.co.id,https://news.google.com/rss/articles/CBMiqgFBVV95cUxNRllRelcyNkY4eHBOcU95RnhWQkkxd2dXZWVWS3pfdkRabjk2SVJfVkFxYVpzLUNpN096NkpRaFo3eFFoMmJuc0lxZjd6V2l0ZllHOHlaTE4wSnBkNDdTU3NsYW9EZ3RfN2g0M0ZvVEhXUTJlUFdIbUZOT3ZBS29jTDZ3d0Utb3dUa01McXBtLURGRjQ2b1pCSnY5b1d6RnlRelJoOFBBSXlxZw?oc=5,"Wed, 23 Apr 2025 07:00:00 GMT",RRI.co.id,marketplace Aceh,google_news_rss
Forum Koperasi Desa Banda Aceh Dorong Qanun Khusus Penguatan Ekonomi Gampong - AJNN.net,https://news.google.com/rss/articles/CBMiswFBVV95cUxQb1pKLUFxcmtGSHpOZGRDT3pPRzRrSXA4bjZtT0E3cGRvUVJ2MXBrdUpvaExaSldra1VDWHFGV000YjR2cFdSMEp6SU41RUlOaTJCR2NKMm9fUWVUa2lwTWl1dFZpZXBocE5ydGpxc3JnSF9RTUJJWG56enh0Z3hvN2ljbTR6UHc4OVl5d25XT0o4Z01iQXpvUXVvQnRROFEwNEhNVlBIaktGZDd1bGd1TVp6TdIBsAFBVV95cUxPQkhUTlk3YlpENExBVmlSbzkzRVBQd25LUzhIUXozdDZJRVRkVk5QUzNIcUtxUEY3bWMxNy1rd0VsQ2IwSVI2TVhIZ3lVZ3Yzbkg0SFFfV0V3dDN3UGwzNXdxMGNET29CT3FjZVVQbXFnV25rVFZPME9TbURtb3Z5Z1dxSnZlR3d1Y1VWVFYwd2J6eFhYcUl4amxjLUhrcmJ1SkY3eTN4VTNUTDJxVHNJVQ?oc=5,"Sat, 05 Jul 2025 07:00:00 GMT",AJNN.net,marketplace Aceh,google_news_rss
"Jembatan Putus, Warga Juli Aceh Terpaksa Menyeberang Sungai Pakai Perahu dan Ban Dalam - liputan6.com",https://news.google.com/rss/articles/CBMiyAFBVV95cUxOR0ZTNDZ6cUt5bzZmX3N3VjZDLTlUN2dhLXhHaGN4eHBNejhzd1NPd1ZGbnpydTJ3bDBfRzMzUGZaeXdLcHlrdllDTnp2b0dzVHBQWjJ2X2lyOG5tbU1rN1l4VlJnM2hqX25NNUszNmVDYkplbVZtOEZsTEFKLURUNndDMHFZeWh1ZG53WngxcmtpMjl2ZmlLZUdyNnVhMWxZajdFbU01UVZYQzBNZWhNOGtJaTRnY3UwbkJJQkpLLTVpVUNMejYwUg?oc=5,"Mon, 15 Dec 2025 08:00:00 GMT",liputan6.com,marketplace Aceh,google_news_rss
50 Pelaku UMKM Aceh Besar Ikuti Pelatihan Peningkatan Strategi Penjualan Produk - Pos Aceh,https://news.google.com/rss/articles/CBMiogFBVV95cUxPblpINGxfRXFPeXozZWRGYmUzTHRCdm1ucmpIdWx1ckJzdkl2eDVuZUZiSDhuSGpka0o1UU5HOWZnZFVUSVkteU1LSTM3eVBKeGV6NnJxU2ZFQmJORlZJejlJUmcwUDd6a2tQSGtJZTR3RDVuZlFweF96bW1OQlpLUGEzWm5sU3N6cjJ3VGdoRDNvTEIzS1pqTHh6Z2NraHdLbGc?oc=5,"Wed, 24 Aug 2022 07:00:00 GMT",Pos Aceh,marketplace Aceh,google_news_rss
"Intip rumah Shella Saukia dulu dan sekarang, kemewahan berbanding terbalik bak bumi dan langit - Hops ID - Hops ID",https://news.google.com/rss/articles/CBMiygFBVV95cUxOdFNVQXBwUHVVZ2M4SXhpQzJ1UGtkQnNQa3ZqRkI3Y3o4NHFGb3dmTFBFYVRNVnRDRXpiUlNKZnNuNUl1b0dWQ05yUWtBMzRfMXppVTJlWGJjeGZCYkZhSVNDSUNvTW9zSnd2U0ZzblVtbS1zWWpFOE14QVJlWUxabzlBMkxRRUdBdzRtQWZQOTNoVUNPQ2dWZHcyRWptaUFDLUpkMV9BX3BKY3pwRG5ZdXl4eEtFSlNzNHJIaFh0SkVkaUs2OHlWU0t30gHPAUFVX3lxTE5lZXp0SHZUa2h2M3ZpWnpzbUVtR3BPZVA3a2JleHFCcmdmdXVjTUYyWVkwZDFHanFmQUlkd1JVNUgtSW0zZjlqazBwU0dORDhMWHJ4bm43RG1OZld0eURqV0VpMHZYbXI0RkNWVzg0LTJpbUFLYXdnZ0RuNFV6NW9VcmFFN1ZRRktjTDVXbEQzcTRfakdRZVgweEtCUkxub1dpMmpjOFFHOTdpREt2bllpVXRYWlFuNUZEbG1KNlM2dndOejQ0QWFSSlN2TmRSbw?oc=5,"Fri, 24 Jan 2025 08:00:00 GMT",Hops ID,marketplace Aceh,google_news_rss
"Diskominfo Aceh Singkil Perkuat Sistem Digital, Server Pemerintahan Dioptimalkan - Ketikberita.com",https://news.google.com/rss/articles/CBMipwFBVV95cUxNbVdSZVkwQVpOaHQtcVFYa3BiLUlXMDB5bW5BbndZSW94TjVGaDU2VDRGRXFVVmxyMU92NWs2c0NMeXRBM3VVZHJJVGVjamRKZGFWZWFkM0xiYnFxYllZc0lHeklWTzY3aU41UmRmaHZidkpIVGN3czIwb3U5VDZTR1ZQMmlCWFJWeW8ya1ZUSEFuUUxZa1lzOHZ3cVRGWWs4dkw5VVBXQQ?oc=5,"Mon, 10 Aug 2026 07:00:00 GMT",Ketikberita.com,teknologi informasi Aceh,google_news_rss
Pelajar Harus Bijak Memanfaatkan Teknologi - RRI.co.id,https://news.google.com/rss/articles/CBMikgFBVV95cUxQTi1OSXFmcjBKZmdxVHNTbFFwZnlKdWVSMjZZYWsxQTZfZmEtd1VwWU1GS2RrMjlYUktURWpsWDRNUUhYZFczdzg5M29qYXNBSGRkNVJhVW4zZnhkVk5wSkwtZC0zcXU1VEQ1Znc2M29wTWlTOUhTdDZXYTI2azNVd095U3A3QVZFTXZwOGE3bHlCdw?oc=5,"Sat, 15 Aug 2026 02:44:00 GMT",RRI.co.id,teknologi informasi Aceh,google_news_rss
KPT Banda Aceh: Advokat Harus Kuasai Teknologi Informasi Aplikasi Peradilan - Waspada Online,https://news.google.com/rss/articles/CBMingFBVV95cUxPTE9rYm4tZE5HSkdNdXlzSmFGUWY3dGJacEpmRmI2ODhCajViV2JsRkY2SS1reURCSFFYdG10ZmExOWNkWHhYdlJUTGdISHlnNlM0Mm9QQkxWS2tnRmlZTEx3RWhUTVlHZkd4Mi1jWWVMdW9CcDRMM0h6bXNLelZ2aVhidTRRTDkzamY2N1ZxWVNPbmZITnBPRE9sSW16UQ?oc=5,"Thu, 30 Jul 2026 07:00:00 GMT",Waspada Online,teknologi informasi Aceh,google_news_rss
Dinas PUPR Aceh Raih Peringkat II Kualifikasi Sangat Baik pada Monev Pelayanan Informasi Publik 2025 - Dinas Pekerjaan Umum dan Penataan Ruang Aceh,https://news.google.com/rss/articles/CBMi8gFBVV95cUxPN0M1cWNPQ09QWGJJYVh4NXIyYktjczVLci1PSEVHT0wyN3gxM3M0d0NBbXI2UVZtbmJPTEZ6SzFEQTducWNZN2FlbGN5X0x0dzQ3RGFhaWNiWHR6dFhaYjhwU1V1eW0wYnJiZXlKRWhUQUlTNVF2cTBFekJQMmFNaWwzUFdyLVNDU0MwbE9JV1d6MXRqUWhRam5Tc01XNkJfUHhnWWVFeThyblYxSW5qRE5kNFhXLU5sekxhLUVTV0s4akNwTGVXUll6UlhLNHRJMkdnN3plaU9acXdkTG9UcjNOa2tXT2h2cDNlRGZyTV9JQQ?oc=5,"Mon, 24 Nov 2025 08:00:00 GMT",Dinas Pekerjaan Umum dan Penataan Ruang Aceh,teknologi informasi Aceh,google_news_rss
SMAN 1 Baitussalam Aceh Besar Siapkan Tim Jurnalis untuk Menjawab Kemajuan Teknologi Informasi - AcehEkspres.com,https://news.google.com/rss/articles/CBMizwFBVV95cUxOTmNhZlhsOVFPWERvSzFVcEdnbVQ4bVMteUtPeEFVZHFQdDdOaDhzNlRQYnE3VExwQi14N29waVJBU0tuc2ctODB4cFItNVg3UDNyNk9NSTQyOFVmbV9aLWhERzFrbVlzQVFaaEVWdVJHTFdfNV9ZbzdYYlU0SzZoZ3ZtWHJZUHZ3UVJVVVVSaWdJUXZiSWdLZHFhUDdyM2xOMmU0SGUybnVQUlFXTF9JZmlZRTlDVmNfbVEwdWdySnc2N0JsM091REpIUEhNY3M?oc=5,"Sun, 24 May 2026 07:00:00 GMT",AcehEkspres.com,teknologi informasi Aceh,google_news_rss
Polda Aceh siapkan akses internet pakai starlink di lokasi bencana - ANTARA News Aceh,https://news.google.com/rss/articles/CBMirAFBVV95cUxNa29UWVp6MzVUMzZXVmhsNVhlNGprdVdiaTNTQ0hFeGtJZkxnMkxKWnVNekFuUDlBVlJTZ2dMMkxvdTVOazB5VDUwSjlnQ1Zxdk45QnZuUHhNNHhEVFRTOVBNUDdjeGFhQkNCNHdPdGR1d1hNbkVYS21xS182bi1QTm84Rk1tcWlwV21MQ1RPbDNGbmdhVkd6aHlueUZsZkozMk1OTnJna0hOd0830gGyAUFVX3lxTE04SU9wX3N3b1I3Yk5fUlJ5VDdHNng0TkR0eV9iV2xDalhSZjNTamVSZ0dMdUY0RFVlZ1dEQjJ3SmZRVVZDeDNLX2g4NGsxbld5Y1hhOHhiWnRIQTJKNVNkU080MDM4djE2R0Z5dVJ1Mk9RWEJGam1lbVBWR2s2RkxMYzlCRGh1YUxyYWdsb05kVFA2MVRtS0pJMzJMLU1LSF9NdWYyVGdvOWNBcVhVZUZCaUE?oc=5,"Sun, 30 Nov 2025 08:00:00 GMT",ANTARA News Aceh,teknologi informasi Aceh,google_news_rss
Pancasila Diharapkan Menjadi Filter di Tengah Kemajuan Teknologi Informasi - Kantor Wilayah Kementerian Agama Provinsi Aceh,https://news.google.com/rss/articles/CBMiqgFBVV95cUxQQXFHZEtXMng1alI5aGk4SlVaWWxPekladTdleG9NUTlibWtLOWpkYkR3N2Z0ZTlDMDZwLVhjRFFJU054VXZSV29rdEo5cUpQbG9DMHRoMHdHcHFETVVWb29fSjVPYU1tWUs1MVpUX0NHRWVqVTdjNlpfLUdxZ1JOeEVNNFBXWjZPWTFyQmNjYWhncVBGWWZIQ3RWcnVESkxESWoxTDFvVTdwQQ?oc=5,"Sat, 01 Jun 2024 07:00:00 GMT",Kantor Wilayah Kementerian Agama Provinsi Aceh,teknologi informasi Aceh,google_news_rss
Berita Pemkab Aceh Besar Melalui Diskominfo Raih Anugerah Keterbukaan Informasi Publik Tahun 2025 - Pemkab Aceh Besar,https://news.google.com/rss/articles/CBMi3wFBVV95cUxOOW8yWGFyV1RtYzB4SU1vZXlXYk9kc2M1ZUNuaWxIVDE5cXNhZXNFeUgyemU2d2NHc2dlQks1QVZyeXdsSkFTbVR1ckVZMC1HbjBWem5tMWpKN2pESHJiQmZGSTVIOEJ0WmtrTWY0VXJ4WGk1eFpqOG5ZZW9fTmxEMWFteUc4QnVJUHIxRGttR2hCSEJVdmpodnAwc0Q2WFBad2hqWjJlYldBbUI3clk0OGtwWUl2YU9KOGItbjNmTDNwYkhUVkxrLUgzTmtEbEdCN3VfR3NMa2JhNTZYNTJ3?oc=5,"Wed, 20 May 2026 07:00:00 GMT",Pemkab Aceh Besar,teknologi informasi Aceh,google_news_rss
Aceh Utara Ikut Pembinaan Pemerintah Digital dan Pemantauan SPBE 2025 - BKPSDM | Kab. Aceh Utara,https://news.google.com/rss/articles/CBMi0AFBVV95cUxQVEhWNlhKekFVTERac1FWMTFLUllHOEFwVE1DX0FtOGNpS0ZoLS1IeDZWNmVQMEplaEFrRFRIbWstdjhDNkJQLW5ZS2RTRkpNR1Z0aXNEX2FVN1piaDhpeWFuNEhaTU9ma0RmX201STdzY1RWcmw0S3BudFpVQmlucEEwV0drNzVlaEM0cU5fNTVOZGsyR3B0emhhX3ozdktIV1htd21NQlVXWmdKbHZyYVI3b3FBLXVUZWNzLXBtV2RvbUowaGViU0ZXNDFCYTc1?oc=5,"Tue, 15 Jul 2025 07:00:00 GMT",BKPSDM | Kab. Aceh Utara,teknologi informasi Aceh,google_news_rss
Kepala BAST ANRI Tekankan Pentingnya Arsip dan Teknologi Informasi dalam Sistem Penanggulangan Bencana - Arsip Nasional Republik Indonesia,https://news.google.com/rss/articles/CBMi1AFBVV95cUxQS2lqRmJSTWJielk0b2JXRDJpNFgxRm5lektGMUk3V2NHOExOX1YxMXJPenVOZGhHc1o5dmRfU3l2anhLWXhzYmFaNXFmWVBZdFhobEU2VkhTZUw2cEhGZENZRHBIWlhlY09UWWRjcWlWcEY5SmRmVXpBWXRYSFg2alpyVWFXckY4V19SV3oxWFdJTl9qN1JTRzFzdU0yM0EzR0tNT1VlaVJCY1FLd3pKZ0hROERXQ0tMTEFRNVJ2UzRJLWR0QVd3Ml9XRUVHN1ZJYjVJOA?oc=5,"Thu, 22 May 2025 07:00:00 GMT",Arsip Nasional Republik Indonesia,teknologi informasi Aceh,google_news_rss
Teknologi Informasi dan Semangat Perubahan - UnimalNews,https://news.google.com/rss/articles/CBMijwFBVV95cUxNY0dJWEF4OXhOY3dTcFlXVGtlLXVWbUt2amQ5bmtSTzJ5bXBUd3BUN3I2b1FxNTdFd0VRSWFqN2hUdXBkNDJGOW91eFR1bHZGZTczbjU2a3JWV3M4N1VOb3BaSHRnM2JrUGFPand4cUVreUx3ZWU3dEVkSHlRN2h0TjNrdHNWREh2NUJLT0Fjcw?oc=5,"Tue, 20 Apr 2021 07:00:00 GMT",UnimalNews,teknologi informasi Aceh,google_news_rss
"Plt. Sekda Lantik Anggota Komisi Informasi Aceh - Dinas Komunikasi, Informatika dan Persandian Aceh",https://news.google.com/rss/articles/CBMirgFBVV95cUxQNTJja0pKOERYT2Y1YjNzVlJjZkJ5UFY2WWhvRmY2UnJHeFc2Wl9ReWJsZEN1d1Y5RnNpOF9pbUhWUC1aTDA5QkpjOG9GSG0xMDNMejdYR2lkRWh3ZjYyUW0wVTV5SHgyQ0RjVFk3OWNGSEV1SVFGZEc2clMtSW03LUhSeXRjUTN0cWktZ2kxNjlhWjNOV0xSLUh5Uld5QmFPczBsLXR0cUMtUjkyUFE?oc=5,"Wed, 25 Jun 2025 07:00:00 GMT","Dinas Komunikasi, Informatika dan Persandian Aceh",teknologi informasi Aceh,google_news_rss
Berita Disnakertrans Aceh Besar Gelar Pelatihan Komputer Berbasis Kompetensi - Pemkab Aceh Besar,https://news.google.com/rss/articles/CBMiuAFBVV95cUxQWkRaQ00wUTJRQ2RYZTA0c0Z2ZDcyalI4c3VBeVRZb3dpUUlNRWFVdGkzOXA3R3VRZ3lXOXhhX0g1Q3Vycm5fY0s5U3UwWE1oNUVJNjlsOWVsNXhMSHNnRjBORS1DdU5jczhlUU5mMmgxMEtxZVRlVlp2MVY5VlFiMy10N243UHRxQ1Q1Tjd0OEs0Vk5FSDJPNmFNX3daM2FVbVExQ01CNmhZcVVHXzZZNnpZdUVCcGNF?oc=5,"Tue, 18 Aug 2026 07:00:00 GMT",Pemkab Aceh Besar,teknologi informasi Aceh,google_news_rss
Pengumuman Pendaftaran Calon Tenaga Profesional BMA 2026-2031 - Baitul Mal Aceh,https://news.google.com/rss/articles/CBMitgFBVV95cUxNS0NyUHF5TWFmTmt4amxZSnk1WGlVak1sblhhRnRTeEN0YVZQUm1ZWHZfUFhqTnk3TjlXYmhEaHVERE1aUWwyQi1RVVE5T25aeFA1cHRsMkVLT0k0d0VNT0dZSXcxUFhpWG5PT0hDUDZoSmdybmR4aGw2S0JMcU9tUFdhdFh3dEhuX2NDZENqWGhKVWM2OGtpdmdMVm5DTHBwWmJ3TGdYaXBGb2M0dVcyODFnMkhkQQ?oc=5,"Thu, 22 Jan 2026 08:00:00 GMT",Baitul Mal Aceh,teknologi informasi Aceh,google_news_rss
Berita Plt Kadisdikbud Aceh Besar Buka Computer Operating for Teacher - Pemkab Aceh Besar,https://news.google.com/rss/articles/CBMiugFBVV95cUxQcGdrQUhHYUpieE1GLWRtdDJtZ09fSzUxeHVMOTZWX3FrSDNqanUtZlVuSzROcF9BQXF0N3pYeDIzcUNHRzJzdEhYSUlUbjZmVTlCdE1PQ0hfekZOVmtRRGVqdHYzdWxQeDBTZ1M2RkUwZmx5Nzlxa2Z2VFhmMGRmeFhHbWFveWFCb0R6eXZmcllEUVl3TXIxNlloZkduMTRPdUJYTnJWWkk3UU5CbVdDd0hYMmhxODVFamc?oc=5,"Thu, 29 Jan 2026 08:00:00 GMT",Pemkab Aceh Besar,teknologi informasi Aceh,google_news_rss
Dishub Aceh Gandeng Tim Peneliti USK Kembangkan Sistem Transportasi Cerdas - Pemerintahan Aceh,https://news.google.com/rss/articles/CBMitwFBVV95cUxOYjJvV2ViQjVSRG95ai1aTng5RkU2NWNSZ1JUSl9vUC1Oa000akNSbHJBbmNpTGNhNVZZOVRyMEdxZzktc2UyOTZNWk04cElRZXg1Qk1FRDViUm1nQTk2UnB0UEZYeVVjVjJ4YklvM1kxRk1tSXRmem1sY1R4SG1WOFJjWTZ5TFduX1ZFZVRBVl96ZWp5SFZHcy1TRVN2X2pVdmFxUXF5SmZmZjZqd1Y0OTNYOFZjOFk?oc=5,"Fri, 25 Jul 2025 07:00:00 GMT",Pemerintahan Aceh,teknologi informasi Aceh,google_news_rss
Dinas Syariat Islam Aceh Raih Penghargaan Keterbukaan Informasi Publik - Dinas Syariat Islam Aceh,https://news.google.com/rss/articles/CBMivAFBVV95cUxNVS1uNW9PbThSS21STE10R0twZVdXcmtTQUxSVTRYVWVtMDQ0azdOcG1SWjdMR1RDNEE0T3Q1WFRMYWlnOWxjbjBWMnpRSGJPNkxWclNoVDhRM0MxQkladWpINWV4MmRXVVFRaFA3cU92ejl1X0NpaGQtU3hGRWJyRVB1cFNuODNNd0w0UDRocndfSlNmbjdmelRpR1RyeGxsMHJEYjZaMHRzSlI4aEJTejB2d1l0amVCd0h2OQ?oc=5,"Wed, 21 Jan 2026 08:00:00 GMT",Dinas Syariat Islam Aceh,teknologi informasi Aceh,google_news_rss
Menilik Keberhasilan Penerapan SPBE di Ujung Barat Indonesia - Kementerian Pendayagunaan Aparatur Negara dan Reformasi Birokrasi,https://news.google.com/rss/articles/CBMiqAFBVV95cUxPZXpZNmJ4bUlJcXNLaVh3eEQ2U0RGUFFISl9DSTFTRkp5R2JfNU1UMDFfSEpUc0Y2NXZSc1hPaDNIa3VONUlOT3h4YnFLZnZwYnQyb2lIR3Noc3l6OEZWTW4yUFR2UzVWbTB2WmJ6Vl9LYklfcS1hWXBndWJFeVRhZjItM0NwRkdfYVpIMkE5Q2hoYWxaUUhmLWQwa1NDT1NGZlZiMm5MTHI?oc=5,"Mon, 06 Jan 2025 08:00:00 GMT",Kementerian Pendayagunaan Aparatur Negara dan Reformasi Birokrasi,teknologi informasi Aceh,google_news_rss
"Pemerintah Aceh Gelar Lokakarya Komunikasi dan Informasi, SKALA Apresiasi Penguatan Data Terintegrasi - biro administrasi pimpinan setda aceh",https://news.google.com/rss/articles/CBMiygFBVV95cUxPZGctcGtlZmJHbUNMYUNZUnk0S0xncEV0Q3pSM1h1dlBXSlV0ODU3TlZPajRuN0hLa2pNNHN4NHhraThSZ08wRzNId1NtRHFua214dzA2TUw3LWNTODVpWVFGajJoUGFSZVFBcE5WZUlUSk5sdlJzVklCd3VDOGhqWjIyQndocmdYb1ozbnlKSWNBbU1meHBvMXNIS19nSnBKYjJ3MUNDSVU1V3dud0pKLTd6R0d4MDMyVWdha3ktdHNoWWh0S2JKeGpB0gHPAUFVX3lxTE8ydzNCSm5OVzBqRmJVNHFmUDVSMlpSeWNnOVRVTVk0UEhweTJTR0NVV1dFbHYtV29MdjVNTzFXdHFjeFZKYnhfMl9kMGVLMkVISWVYSWpoTWUySHl1UmdMVUxvT0tMVkhoVEdoTldTc3l5U2VJeFd6Z0pnZXdqNnVRVksxLTU1aTRFZDhuNHlFX3ZqT0VCR3RHS3pBTkV4RWJHQmt5YW0tYk1iZV9adXNCQzIxM1JXOXh5b0x3YXNfTWh3UkZ3cFJ3YTJ3b2xCVQ?oc=5,"Wed, 05 Nov 2025 08:00:00 GMT",biro administrasi pimpinan setda aceh,teknologi informasi Aceh,google_news_rss
"Wujudkan Badan Publik Informatif, Kemenag Aceh Gelar Pembinaan Kehumasan - Kantor Wilayah Kementerian Agama Provinsi Aceh",https://news.google.com/rss/articles/CBMipgFBVV95cUxPaE9GNXFucTZ2dWpSSlVHZ183em9RNzdhNzc1QkNrdW9lTDJYMlU4M29MZV9uQ1VqclRBUXpJTmczYzNpbUN0TTdWendaZmUtUk1EdC1vek9reGJ6R1hrTGMxcG1NekU0RENjRmVBWTJHbHhyR0diVnJRa2FzbmpXODNVdkJ5VzRIY0xYOEJGb3pLWmtVbnNjSHpZa3V1cVNiUXhuUEVR?oc=5,"Thu, 02 Jul 2026 02:40:01 GMT",Kantor Wilayah Kementerian Agama Provinsi Aceh,teknologi informasi Aceh,google_news_rss
Balai Tekkomdik bantu sekolah kembangkan teknologi informasi di Aceh - ANTARA News Aceh,https://news.google.com/rss/articles/CBMirwFBVV95cUxOdGYyc0U3blVUNzE5aGhPMUk4eU92aElvRzh6WlBSMndBVzFidWhXSjNhdmhxbjh6OXJ0UFUtQndvb1RnZmNkUlpxSkQ5MTdLcXVtSVBselpkRlRvTU1yazc0LXBpRDRUbXFLSmVXUkx0UHM5NjN6aFFQc2twbGU0VXBHY1k1c2JZLTJOcnFsQUI4SzRtejJCazFaMTd4TjVWdXRPQjlQNDFETnRaY3Bj0gG0AUFVX3lxTE9ta3AycU9FU0Y5Q29ud01vaDd6LTVGdE9DY0YtdzgtVTU3ZmQxMEhfNTQtQ3VJMWpIcmEyVURoY3JvWFFHd3BuOTBGMGFNWjRyM1A3eHBMcVFha1A4b0xkSXVYRzA5R1dvSUxZblJESnFlVUtrOWxOU3dtSFF3czZDbWFOOHhZbkhHUHJzeGd1bm8tZHVKQTJReGRwLWJsaThvXzBTQmNvc0dLNTY3YXQybHMyMg?oc=5,"Sun, 05 Jan 2020 08:00:00 GMT",ANTARA News Aceh,teknologi informasi Aceh,google_news_rss
Disnakertrans Aceh Besar latih kemampuan komputer anak kawasan transmigrasi - ANTARA News Aceh,https://news.google.com/rss/articles/CBMiuAFBVV95cUxPTEtvcUs2NUdUV0JueDd4QWt4ckswNlZkWmNvLWtzSTRWaVpuOVlUcjZHS2tLbUgtMk51cmZaVlk1ZzZTTW82Z1ppU0V1YUhldnNoT19iN1VPcTBIX2RuQTVwcHY4U0EyYlo1Ri1ZeXF4R1RzMG1pbTZ3dU9aRjF6QWFUWUVjNXNWZkdBdDhJQ213WjlnUjlHNk9kV2o2QURaMFJmem1GcGVHbUs1UVhyVWNJNi16THFT0gG-AUFVX3lxTE0wN2g1VEdPMkJiTVA5MEdQSzM0WV9EbFAxMUU5WXlGQW5IcG8yWmJxbk1LNGVxd1dLRmpkN1drczlGeDdqaGxGVmhlNHNrV0pUOXl1LVItUDktYUtNUEk0ZUxNcnhIbGNVYUFXNVlIUlNaY1E3TmgzdnZQYTUwQjFha3NhalVDUXdiS1V5cmdORlRGWGl0S21UZ0xnbE5LRkp5SlhkbG5uWWVocUJxLUllZ2JJVVRjUnBQSjlkQWc?oc=5,"Tue, 18 Aug 2026 07:00:00 GMT",ANTARA News Aceh,teknologi informasi Aceh,google_news_rss
Mahasiswa Pascasarjana Teknologi Informasi Unimal Bentuk Wadah Komunikasi - aceHTrend.com,https://news.google.com/rss/articles/CBMitgFBVV95cUxOYTY1NkxYWlpwUnhWMmhzUmlPWC05TmRtejNaZWotT1FCbFRaaFJQY0VTYlRRdzh5THBfQllyY1hza1VDb19Xc2NlQzl6TzFPSENKRzVYYllWRTU5UzBqZ0U0YkFQdWtXQjRxTVlzbVFYb3NMN1dWT2xZbUFEN2lRQy13aVE2aWx3T0ctUzhpaGJYLWM1X2lBWnRROW5GT1BFOUtmbnRYcXhmcjJRUHd2QW9mOVhFQdIBswFBVV95cUxPQk85a1VJenUyRm5KdnlsbVBtZ25EUnZHdFNSeGx6bGNVQ2ZIMHQ5MHJ4UjBVSUszcjdIb295NDhucTRSaFlHcEg5WDI4UkZ6eXRUTHhZR1o5NlhCU1NyNnRUam0xNDRlM3o2RnpDQ2pFeHhVY2Z0c3hEdWFRVnVOY0VBV1RXbFVwQUxESjVnVWRjaHNCV0VDS0lFUlF5TjItTDlqVXhLUXNaaEJJYXFDNFlpQQ?oc=5,"Sat, 04 Dec 2021 08:00:00 GMT",aceHTrend.com,teknologi informasi Aceh,google_news_rss
"Kembangkan Transformasi Digital, UIN Ar-Raniry Jalin Kerja Sama dengan Kementerian Kominfo - Kementerian Agama",https://news.google.com/rss/articles/CBMixgFBVV95cUxObHdfdW1RenBSZmI3OE80cFFrNXZQQW5ZNEdRWGdESjd3NTRHNUNyWFg0dTNDM2tqVzE1Q1JsbkVtbHlKWHlpbzVuQnRicWRXbG5TNnlfRkc1anRncEFZSzgyMlU4UE9aNmxxVmFqVlNTcTMxWmhzUEEtOHVVNnhhdDFsOEVWejh5THdDUUVDMWdmLUdNOGVUQmtWaEZ5eUpMM01ScVB4dGd0Q1lQam1mVWNZOGlOQjc5WFZiMm5EcVJWd3VxMXc?oc=5,"Tue, 16 Jul 2024 07:00:00 GMT",Kementerian Agama,teknologi informasi Aceh,google_news_rss
Walikota Luncurkan Aplikasi Digital ZISWAF Baitul Mal Banda Aceh - Pemerintah Kota Banda Aceh,https://news.google.com/rss/articles/CBMiuwFBVV95cUxQcVJJcHJjSXJtQkhoWnJGTU1GYl9QckoyOW1IZUZVMERhUXJQR2NVZ3BsWlZ6Qlo1R1NSUlc1X1p3U2ZOSy1wUmFxV0FJempmT2treDFoQlRlZy1BZjVmTnBLbnIwb1pUdUFqU29uamc0U2FLWHhLQzdnR0FlVXEzWWZsM3VFay1aczFoWW1mRzVRTzVPMUFVcm5WVUVHMWNfU0hFTzZvZDhfRWM4NnJpNEc0djlXZXlhTUk0?oc=5,"Tue, 28 Jun 2022 07:00:00 GMT",Pemerintah Kota Banda Aceh,teknologi informasi Aceh,google_news_rss
Penmad Kanwil Kemenag Aceh; Digitalisasi Tata Kelola Madrasah Implementasi Asta Protas - Kantor Wilayah Kementerian Agama Provinsi Aceh,https://news.google.com/rss/articles/CBMi0AFBVV95cUxPQWozdlU5cHhTaEpUaHU2UkdEVzlMRmVsaVk1MUw5Uy1MQzFKRkc3eFBwcHRxYlNoU2RqUmJTU2xxQndsTmlMWGFSd3RJZzdIMnM2NE9LeGdZb0psYVRaYTh1NzN5SjQ2NEpnU25jc1RjZjRKVEVycWRkZDdBZk8tNUM5cEdvclZJYml1ZVNwdW1Vbjg0T1F2Y2xFM0RXZkRscDlMQWJGOEpKUWphdEI4eUQ5TGkwenpITm5aQWthUFNwR3JTRzIyeldLV2w5SFhh?oc=5,"Thu, 29 May 2025 07:00:00 GMT",Kantor Wilayah Kementerian Agama Provinsi Aceh,teknologi informasi Aceh,google_news_rss
"Perkuat transformasi teknologi, Nasabah BSI capai rekor tertinggi - ANTARA News Aceh",https://news.google.com/rss/articles/CBMiqgFBVV95cUxQaHFXZmtGeHpDVmNDUEVGcElvRUpBZG9OanRiekxxT1RUVldYdlBvUENNaE5LS0kxTnM4cjR4aUF5djZpWWVyRV9vZUtERUhkRGhRWjRmSVl0UDk5ZGV5bUl5UVEzNDlLdVVSOGNvd2RNZUNKYjNRaFpZRVF5dkMwcXlqOVVCT3M4amxlRWNSTENVa3dsZDZOT2x5ZDJHaWZsaFVoTkNhVE1Pd9IBrwFBVV95cUxPVUM3SHFMNkR6V0xrdFhlWlRKZXdmUkJ6X0pVQkI4VGlTMm81VjY4SkQ3c3FWZG1vbnV1UUIzV1I2TkFPU0pxZ2pPTElGd0xDMTUwVmxWZTBzaE1PYm1UTERZQXVRNXIxcnBtSWhIdnhVWDIzT0c5VHc4YjF6QXFnS191QlJFUnlsVlc0Z2pUbGVJR1JkWmxUSkM5X3c1QkZ4dFZldGM1MlQzX3ZISm53?oc=5,"Sat, 22 Aug 2026 17:36:41 GMT",ANTARA News Aceh,teknologi informasi Aceh,google_news_rss
STMIK Indonesia Banda Aceh: Pilihan Terbaik untuk Pendidikan di Bidang Teknologi Informasi » - dialeksis.com,https://news.google.com/rss/articles/CBMiuAFBVV95cUxNRVVpUHMybUlzb0V0cDhjd0FqYVRtSm0tM0lERURZNzctTXVfMkVmYVpldDRlMDdLSUhPSUJfVklGUzJLZU9jMlFXVFVaX0JCblhpNE51STZtOHEtVkJ4Wm1RNXZUSU9xeDBjWlNUTXpUR3ZzX0k3Z3gtMXJsVUVOOUVRUUdWYjlMN0RSTzI3YW5JWEtQVG9Jbm9KOXgyb1l5ZjRrTlA1WnZJd01SS081N25TdFNiTDFz0gG-AUFVX3lxTFBMeDFISDlVYzNXd1VRd0w5dThMUTRUWVVCRHpOWlpjOVRKS0kxTE5fZVBuZ1BPdUtPTVlIUnMxaDNZRmx2d0dreXhiei1pTmZXVU84MzU4SnNSa2hqTjNseW9PSDhwUUgzTDdpekl5eUQySG84ZE1DMVJqdHlUcDhHTTJSRnhPcDhjLVdyM1VGTVpESzBJMllhTHZMc19SZDk4cTBsVHlnSUM2bkhrajdqOXNnVzNzUHBPNkpTUXc?oc=5,"Thu, 05 Sep 2024 07:00:00 GMT",dialeksis.com,teknologi informasi Aceh,google_news_rss
Pemkab Aceh Selatan perkuat perlindungan data pemerintah daerah - ANTARA News Aceh,https://news.google.com/rss/articles/CBMiqAFBVV95cUxOLUFXcGV3X2xobzB6WG5yS0pFejVBRzZQY2MzaVIyR0Ytd1BTVzg2aEdUVWZVM0pDRThuN1Q4dDRhOHpTWEdza3BwSjZOU1VWajl4ZnA0YUhpaWNWU1FOTTN3RUlGMVZoaXU4dEk3a254WVdHd2xFNFNuVkoxMVlxVExUMWtCRmJZNXhuM2VlNEw5SjlvWXpDa1RxV2I4U19Rbnp3Tl9aQ07SAa4BQVVfeXFMUF9nZDh1WTNjSXlTdFQwSTNzNlFuRy1TUHJGQTM2ZnRJcjNDcDVHZE1WOElKTUVBQUhKVElDd0JOVkdKYVNpOFhPNi0wRmJRTVdyMnhCWGl4aVdyNVVzMHdKSzR0SWE4YnhvY1ZRMGRISUx6QVkyX29FekpmclhxNElvdXRReHg5eGN3b1NsU3FKWVZxcXdwQ3gzNlc0OTFIZ1lwam1OWGNiMll5aGRn?oc=5,"Thu, 16 Oct 2025 07:00:00 GMT",ANTARA News Aceh,teknologi informasi Aceh,google_news_rss
Pemkab Aceh Selatan susun rencana induk program kota pintar - ANTARA News Aceh,https://news.google.com/rss/articles/CBMiowFBVV95cUxOSFFybUpiMHA0U1RuQ3MwY2pWelA4VmYwenFiN1hEeDUzbGtkX1RLeWl5Zkw3YXhhV3VWWkpDQmt1Yk5lNHlPTDIyVXNuZVpjMUpqSGNJd1p0SnBYakllejRrcGpucEtwamd2MTdtcEFoYkVaRGoxWXpsQjRsbHZCQzF3RmlNall0ZG1IdEE5UzkzczBKQXYxZHZ1SF96Z05seVVv0gGoAUFVX3lxTE53bUtSeWRPZ09iQmJqSjB3R1hLT1REWjI1THFWbUtBVEFQVDlxQ0pSS1VxbElGZzVvU0FRVUEtdzB0ekQwRThCY2M2dklpSHhFZzYwNnpLSmhpMWY2T2NzVV83djJ1cEJpUmJHbUh4bklDenprS0hTY3ZUX0NUdWxUZUVPRkRvNWl2UHFvV2pXejNhcWd3WXRuTUtWX3g4RWREYVh5elFqUw?oc=5,"Fri, 14 Jul 2023 07:00:00 GMT",ANTARA News Aceh,teknologi informasi Aceh,google_news_rss
Komnas HAM Perwakilan Aceh Bersama Kanwil KemenkumHAM A... - komnasham,https://news.google.com/rss/articles/CBMizgFBVV95cUxPU050SjFKdG9aT05EbHY1N0FKZTF6V2dlaVNBakZlMml6VGtid1A0Uk1mRVdkNFdydHJEdzdaMFdsZ2VyU0phWWFSWXZxTGJzd1dpSGkzeE5sYy14aXpzNnlQN3pPS3J3by12LXBJcGZ5RUNNQ0NwaE5hQWxUUEtGd2owaVdrWGpPRGNmbUVwUTQ2VlJiYk1BS1pONUxNZEdxTTZMSWJndkowQ2FTa0tBTmd0eDZhUEJfem5kWU9OT283Z2pDSU0wQW50UVp0Zw?oc=5,"Thu, 30 Mar 2023 07:00:00 GMT",komnasham,teknologi informasi Aceh,google_news_rss
Rektor UIN Ar-Raniry Berikan Satyalancana Karya Satya kepada 38 ASN pada Upacara HUT ke-80 RI - Laman 2 dari 2 - Warta Ar-Raniry,https://news.google.com/rss/articles/CBMirAFBVV95cUxQdmZzem0xcFZuRU9Bc0h2MF9DUDVMRTBnelI3R211NGJic19YbEJDY184MkRHNzRWWDVvN3Vjc3hfbGIxbVUzNTJ0Slh2SzN0REdOWVNCSGk1TW42VkpqMGZTM0h6endMb0x1aEEyN002YU4wRHdUT3U5bU9ZOHdTd2RjdEduX3RaaU9BRzFRRDRfTVEzQ3NIWENEVWRySjZSMjNrOWRMXzdNMldu?oc=5,"Sun, 17 Aug 2025 07:00:00 GMT",Warta Ar-Raniry,teknologi informasi Aceh,google_news_rss
Lulus Tanpa Skripsi? Naufal Maulana Mahasiswa Pendidikan Teknologi Informasi UIN Ar-Raniry Ini Buktikan Bisa Lulus Jalur Non-Skripsi - Kompasiana.com,https://news.google.com/rss/articles/CBMisgJBVV95cUxPMjRjbmJhWW0zRnd3Qy1Bc25DTEFQZHBPMGtQa3BQYjZHWU5OSXZGeklfZGlaaWpIbXEtVlRkV2tydGFlUTRoUk5lTmw3MzNfOTZHd08xUFBJQnR6RUI1ZXFOS0p1ZFFqNE43OFkwQ2dEMFczczRSTHY0Wjc0dDh1Nmw1N0RmUklsNGpJRldZNWtrcjVFbVVTbFlCVlUyQmlMM0FnRTdLbnRZZ0U5Wmx4M1U1Q3VENDVyX1FUZFZLOEQwSG9pbjJERldMZlVhRVhNQUJYTmt1NUNZR1AwNFgtUnI2QmNLd2E2UnY0NnJNdldpRV9VSE9Xek1HVGJocWtJMnVoZTJESWYyektSeGxfSGFCTGthMkNXMDVRMF81Y3F2Umd4aUdmZ2pmemRieDhPclE?oc=5,"Thu, 01 May 2025 07:00:00 GMT",Kompasiana.com,teknologi informasi Aceh,google_news_rss
Bupati Terima Audiensi PT. Hallo Indonesia Teknologi - Prokopim Aceh Tengah,https://news.google.com/rss/articles/CBMijwFBVV95cUxOUmdxR2d6dU5tVWtUcFZrTnZ2YlgzRkNWQTNwbWRDN2ptYjViNlVCckRaR0RZclpSaHhhZk05SkFDeEtEOVc0NjN0QWlDLWZSejZERmJRWWZjblZFRlF1M1JRMEh0Yk4tbU85T2gtazdJd2xtQmVNS3l1bzNFN09veVd5SXV3SlgzdEJVekJpQQ?oc=5,"Thu, 03 Jun 2021 07:00:00 GMT",Prokopim Aceh Tengah,teknologi informasi Aceh,google_news_rss
"Banda Aceh Raih Juara Umum LKS Aceh 2021, Aminullah Beri Apresiasi - Diskominfo Banda Aceh",https://news.google.com/rss/articles/CBMitwFBVV95cUxPSGtzLVBReGJzSjVGdGdjRUhzZF9ncGxfNl9VeWFOWW5jcmU1d0tNVVgtcXBSdnJRcGRscF9wbC00QVVLdXZwSTRhQzFTZDFSVEhfRFZXWE1xLUdmaG5IX2taUXlaUFhLMXdGZWowSmZlMUMtb2J2a21ZOUZocWQyRFZEbEJ5N3VWdEVNMERGZTg0d01mV3U5QzhEZlVYbWhWZE82NS1ORFF1QklmYWdfemQyc1NsYXc?oc=5,"Fri, 27 Aug 2021 07:00:00 GMT",Diskominfo Banda Aceh,teknologi informasi Aceh,google_news_rss
Komisi Informasi Aceh Apresiasi Upaya Pemko Banda Aceh Tingkatkan Layanan Publik Digital - Waspada Online,https://news.google.com/rss/articles/CBMisAFBVV95cUxQZ01DY3AydHgycTQ2MmxBLVd5NUZCcFhkTUxfTEh6dGIwRmFFV2lacnNZd05helZxX2lUclh3bkF1NUdlSFVpa1ZvUVI3eTBiTzhnbVVEcXJYUWt4anRJZGZaX21BaWNKU0VNQ3g4UklnOWNBUXpmeGNYNU5nVWFKNmVPN1FIdkVsRWp1TDJ6NzV3UEIyVm5GQXI3NHFKN2xadXc2N0ZqVEhnZG5sTzhiRw?oc=5,"Sun, 09 Nov 2025 08:00:00 GMT",Waspada Online,teknologi informasi Aceh,google_news_rss
Pemkab Aceh Barat Siapkan Announcement Room untuk Percepat SPBE dan Smart City Meulaboh - NOA.co.id,https://news.google.com/rss/articles/CBMirwFBVV95cUxPTVJSTTJpNEpXVlBwWlFmclFwdm0wVDhqcWp1amVOVVpYYmFJTUFPNjRLQ0lfek9CQ1V0TXozLWFLdDVFWEFrald0OGh6QkFDT0hvLTdBa0NMRkNUeTJIRFJBalRrTDVXbDZXaWg1SFlwb3ZMLUhFUWprbVMwR3RtZ1dfWkxrMUxEbWZ5am41ZklxWFVkT0gtbFVxSFVhMXJtUjhvdm1TWUNtdWRkOWww?oc=5,"Mon, 12 Jan 2026 08:00:00 GMT",NOA.co.id,teknologi informasi Aceh,google_news_rss
Thaliban Aceh: Banyak Dayah Berbasis Teknologi Informasi - ANTARA News Aceh,https://news.google.com/rss/articles/CBMinAFBVV95cUxOdGlud05ySUppVmY5SkZMUjN0TzZ3Z01NVVpHbzVvYjhXWk1kMjJiUmVvR2xha1hJWEtGRldnNGRvOWV3aUtMb2pFRGd4WnlfdlpzeEFxYlM1Z2ZiakJfY2U5eWJZaGFwRjZ2TUhzclU5WmdXYllDTS1aR19DaElkV0lIOE81bVVUUzJaSjBydFJ5aXNaX2J4YnIydVnSAaIBQVVfeXFMUEs4cHU3VGRtWFdvSFREREhkTVFNZUlKZHUza0ZKVWdZUGF5YTU4ekdqVkNKN2o5ZmZRWDlaN3d2UzFnb25VREFaX1pqNFo5Y0NTbXhVc25zam9Xekc5QUc3TUZqSjNFSmJhcFMzRVUxdFN0QXU4VGV4WG5hNjdpR21uN1dJT0RwYzJFcFBEQkEtRElrUXZNc19EazdoZUVWUmhn?oc=5,"Fri, 12 Dec 2014 08:00:00 GMT",ANTARA News Aceh,teknologi informasi Aceh,google_news_rss
Kadisdik: Program Merdeka Belajar Bisa Jadi Solusi Peningkatan Kualitas Pendidikan di Aceh - Waspada Aceh,https://news.google.com/rss/articles/CBMitAFBVV95cUxPbFAtcmZqX2U4MGtCUFJhUE5pc0xVQ0poLUVyVEdSZXkzRzV1LXpyZ3JmZV8xN3ptcmhHQlNJUDZ5TWtRcU0wVHpieDRZS25QeTJqUmhrMmVXdVU5RkJyWjIzckRyZDM4bkhGWHVDV0RPOHZxbTlHendPazN1bFYwVjVKVktPRUd0UGdFeG04UUhSOEdpck9JeF9naTFVUUdFbmh6TWYxaHVvX2g2T2lvX1JZbVo?oc=5,"Wed, 05 May 2021 07:00:00 GMT",Waspada Aceh,teknologi informasi Aceh,google_news_rss
"DEM Aceh Resmi Luncurkan Website, Perluas Jangkauan dan Literasi Energi » - dialeksis.com",https://news.google.com/rss/articles/CBMinwFBVV95cUxNTUxFVnJDLVBnYVQ4OWJlaTRNb3RYOE55ODMyaEtPTFYtTnY3ZWFQN3RyTldpSEJaSlVWSDhWTDA3MkpNdGdIYVJUTTY1T08zT3pueVFaSTFWaUpSNVVMSzY0SG9EWm5ZWlZLLXByZ3JfMWF0VE9iVEREaWZwbVdDMFhza3dubjlwMF9rOEh1Y2s3QjA1M0RvaEV1UlJDOUXSAaQBQVVfeXFMTkU4TkxtZ0VJLWdadklpa2FVTUdNWGRCRURyOGJoRU9ET2NneDRIeGJmNE9CaUlkMW9KcGhXQ1dMTElQd3dBTGNHVlk5UlE1Sk9pY1N5NWVQTGNCRzFGUUVURENPTHFaelRoSUxjRVM0Z1NHUE5DX3cwQ0F5bktlNDFhNmstc0NUaGlaTmRpOHIzQ20wSUE4RS03WHlrdm5BM1A2cTU?oc=5,"Tue, 26 Aug 2025 07:00:00 GMT",dialeksis.com,teknologi informasi Aceh,google_news_rss
RTIK minta daerah di Aceh aktif edukasi literasi digital bagi warga - ANTARA News Aceh,https://news.google.com/rss/articles/CBMirgFBVV95cUxPRUNhWV9XNzFNSXVySk45YVA4MXhOekRoQ2pPY05lZWdobGVKeTVYRWd3OWdKck01bVFfUUhjMkVPRk8wdThZYWJHamhSeVUxMDlBbGtwQUEyNTN4VlRzVXM0RWdVWWdQYlVxMHhYQU5jZ216QzNNU1NKSzUtR1kyTk5PZk1YeHJ0WWZoZF9wTnpzLUhRZC13R0VDMkVUZF9ZaUk2NlpsZXQ3amhBTUHSAbMBQVVfeXFMT1cyV3A4T0ZxX2F3Z0RyOXpqUWVENnY2VGVYNW1aV0plVGxnSDVNSXprUnBNSm9jR3RSVkdkdnFuc19sNG9iV05CenZsYXNubkFUQ1o3dlctanRoQS0yVzNmT2E1RVFqSU5pWjluclZ6YTZkNDZudGZNQVBxekhZNE12emVYbzJnVVpaYjkzSWFHN01oNUo0TlFSUUhKNHppdWx5a1VlR01CbjlwS1VwRVlBMUE?oc=5,"Fri, 30 Sep 2022 07:00:00 GMT",ANTARA News Aceh,teknologi informasi Aceh,google_news_rss
Jubir Pemko Banda Aceh Jawab Isu Pemko Bayar Buzzer - Waspada Aceh,https://news.google.com/rss/articles/CBMiggFBVV95cUxQUDZZZVVWZ1NVR2dlZkIxT19yTTFfYmY2U2htZEJpejB6dDZNd0VPUUJfVWJWMERCaEk4TGtqaU1ERk5mdXdURy1Ra2pSZUYwaExESkIzVVBMTFRsUWg0QjRDTkNvWFRmZlczaTZyZlhOM19aTVZ3djRsNnZlVlh0R2xB?oc=5,"Tue, 09 Sep 2025 07:00:00 GMT",Waspada Aceh,teknologi informasi Aceh,google_news_rss
"Rakornis Digelar, Ini Harapan Kepala Dinas Perpustakaan dan Kearsipan Aceh - ACEH BISNIS",https://news.google.com/rss/articles/CBMitwFBVV95cUxOejJ3SGcwQ2UzTG1sb2k4ZzRRRGs4NHpQYkl4ZlUxY2tmSDNwQ0xaRFQ2SFlUSHJKWjdzVUNUaGtUODdoS0ZDc0N1ZmF0d0JpYWFiWUpKSm5qSFpvVjlidGtsT3habm5LRWZWbTF6dmNpVVEyMjIwVjJSem9DS1EwZzdLdDJjcS1zQVRkcE9LUl9KY3hKTFVDWmtVX1dyZ2hYUk1OanNJVUpQdU5yUXVMLVlqRmM0bmM?oc=5,"Fri, 12 Aug 2022 07:00:00 GMT",ACEH BISNIS,teknologi informasi Aceh,google_news_rss
"Dipercayakan Mendagri, Mahyuzar Ditunjuk Jadi Pj Bupati Aceh Utara » - dialeksis.com",https://news.google.com/rss/articles/CBMimAFBVV95cUxNS0I0UVlmOUNpc1VEeldSZU5mcGFnSFRNUW5xR2VSbUR5ejkyckhxZ3dweFpaNUQ2X20zNXkwVTdYM0hxZ09IekQ2ZTk0WUlsb3kzNG9Lb3JIUUo3OGctN1EtU1laN3VVS1JSZGNkUUZ0akppLXJMZXlTMGRkWF9hMEhKNngyTVFHN1VfUmFoZzZsQmI3TGZvaNIBngFBVV95cUxQUGVYSnUxUkZxRHJSU1pxVGJnWUdxclBYNXlIVWpkazkzb2RJV1o5dlN5UXBMdVdaSTY0NXlHTE92bGJGb1RFdFJMU0RGaTViRHhNYTc0T3paOGtBbkVneVNyZ1ZoVEhzajN0VFozd3B4d3JwUmxLRTBUaXJOZ19DYTZER05RbDFSdGEtbkJvOXZQQzNUTTZ6bnFRb0xHZw?oc=5,"Fri, 14 Jul 2023 07:00:00 GMT",dialeksis.com,teknologi informasi Aceh,google_news_rss
"Pengurus DPW MOI Aceh Resmi Dilantik, Ketum: Informasi Digital Terus Berkembang Berita Jurnalis Harus Valid - acehstandar.com",https://news.google.com/rss/articles/CBMi4wFBVV95cUxNRnJKVDh4ZGEzVWM0Mk9uN0JKdHlGNlg5WlB3cFFjeDhxQnNGQ0hSb0tLS0ZSUEJ0X1paTXJRZk9TTEFBSU1fTFNfYW5Lekl2OTFGUTNnR09jOEZZdVhBSHZzOXlTeVBpZl9SMl9zeG5KOXUxMFJVQ1cyWWN1UEFBZTlrSVNoUjdSUkg3M1RVQ1VmUFY0OEhMaF9aTjJKZmxrN1ExVUFZWjJsVnAxZ1QyQ3dELWRiSmN3Q1lYaEp5SGdmVXFUd29sRGVFUWFoUkdZcWF6VTZyTnVENzdUTXdBT2VpRQ?oc=5,"Thu, 11 Jul 2024 07:00:00 GMT",acehstandar.com,teknologi informasi Aceh,google_news_rss
Pejabat Kemenkumham Aceh dilantik secara virtual - ANTARA News Aceh,https://news.google.com/rss/articles/CBMilAFBVV95cUxOWFFESzZ2aTRKeEhZSkd1RTRESDZHaEtlcGNhTzZ0ellwWDVaSUtSMDFLZG9GMTNqSEx2VmxOV3FNWWx6V1hxVklzOVJSbDlJRlRqQVJwX0R4RWVBTHFMTUgwSHJUNU8zeGdwbkxHNmNyN2tlNlFyQVdEY0JmSFF1azFSNkJfWngzTFdqYVJWRFRzcFBP0gGaAUFVX3lxTE9QQmlxazRaOXdLS0lIb2VnUURkd1JkNUZVMVpvY0VHb1Rpcy1LSkFjRDduNFlydElxb0l4RkdZTS1McWRJSDZaeFhnNUI4VmllRHd3OThreEYxLVVqWkEwYkdWbG8zOW05VGxqVmtnczJoNlVHNko5TENYTEFVdUFoZkswZC1OUkI0MmNuT1RvSXdXalZ2VjloMGc?oc=5,"Mon, 04 May 2020 07:00:00 GMT",ANTARA News Aceh,teknologi informasi Aceh,google_news_rss
"Menyongsong Society 5.0, Kanwil Kemenag Aceh Lancarkan Program Madrasah Digital » - dialeksis.com",https://news.google.com/rss/articles/CBMiqAFBVV95cUxQYlhqcnY0aFhFUEo0T1M1bTd6VDJaeXNpTTBoSkVycTlSVE9BcVFvLThxSlJEcWJCZDZSVUxaZF92MFVZU0J6dmEweE51cUx1dWdqRFMxYkZBZzJ5b3BONk5mWXJDcFExQVNrUlpFS0d4c0JpdFFrUkVxNWhqQ3VBUWZuV1NjQUpma254NEphVTBpVUNJRzJfWjE4bXJTaGpJdGphQTlSd2zSAa4BQVVfeXFMT1c2WmRCcFkwNHpMcVg0MUtUUk14WDhLUngtN3NhSzBVQ0JvRTd2MnUzTlBudVFjUUM0eDNhSm9yZXFneTJ6UEdzNzhBVEdIOGxFaERLbnBiYUc4TXhQNXNCNkdrOUVPUFA4eHFfUVV4TjJzaTEwQkh3SDZxRF9IUG9Rck5lZU1HaGxJdDl3NEdMeEw4QVJZeTEtUW1YSGxadlFJVXlmLVB6Y2kyTHlB?oc=5,"Sat, 09 Jul 2022 07:00:00 GMT",dialeksis.com,teknologi informasi Aceh,google_news_rss
"Profil Mahyuzar, Sosok yang akan Dilantik jadi Pj Bupati Aceh Utara - theacehpost.com",https://news.google.com/rss/articles/CBMiqgFBVV95cUxPdEd4UDk5MXZSUXdJck9NU0JUR0NVbjNneXFkY2ZWZENUd0ZqTDVOTVhWamZGV0JBV3hqTVlLYmJlako3QU5Wcnc3MTJIRFFkd2FBOWZsN04wajlRaXY1aVRQcjhMcUlWcW5EdzNMNGZ2eWIxbWdoLTlhWGFOb0lGRDhIOEV6dmhIc1k3Y3ZOd3pXaDc1bnRYTkl6RTdMLWZtSGNLYklMOUljUdIBpwFBVV95cUxNaEhnTjVpZEMwVVk0VWpMZFE5UkE0YjJpVUNGYmp3cU5wMDNvS1ZleEpTcHRFYUZldkNtczhyTnVwdHhuMktSek1iQWNMUlNtdEhGczJOQ25lOFNnNnBKSGZlXzQ1TjRRMXJ6eTlFRzRwUmNnZ2NPZE9QUHBUTkZIZWVDX09FekR1UGlZRVZpT1pzNTluZ0drc2Nqd2xVUXQzRVBGQzhQZw?oc=5,"Fri, 14 Jul 2023 07:00:00 GMT",theacehpost.com,teknologi informasi Aceh,google_news_rss
"Kembangkan Sistem Informasi Masjid, DSI Gandeng IDEA - Dinas Syariat Islam Kota Banda Aceh",https://news.google.com/rss/articles/CBMipwFBVV95cUxOd0tsN3AxSFMtY1NQU3lneS1rN1AyckM0LWhhWjlRTjVzbmxldXloRVZGdGZTXzlzZmNPeEExeGtqMGNaX1dwaS05MVJsdHdPVWItVkpBNjZoUWZZRGVUblBETHk5U1AxS1lsSC1ZY0pKdFRXRDBqWHBpU0tyWElaQ2lkV1NIUnp4dl9hUkhkVkdqV3RDemtnTlV3WEJ2azhzR1hWalZYdw?oc=5,"Thu, 21 Jan 2016 08:00:00 GMT",Dinas Syariat Islam Kota Banda Aceh,teknologi informasi Aceh,google_news_rss
30 Guru Aceh Dilatih Bahan Ajar SAC » - dialeksis.com,https://news.google.com/rss/articles/CBMicEFVX3lxTE8wamdOREVKU3BON2R2UlRwWnpKRnZURUJnNml6RHhGVTIxalJfREhuWkxjMFFLRDc1cmZPRk1ZZEhIZVpkT3FjWEl5ei0yUnRBWEtqYUZJc2lOQ0k3c2tZZDNidkFzTUpMMVhyOFdOc2PSAXZBVV95cUxPcmRFV0RaRG5IcnZYWnF2UUxmbHl5UlJZVjN6Zk1SLTloVTItWGt3MmRONW0xOVNKWDZtcUVyTXhBOGNOaDZFd0RfVnJjUlRYb3pkV2gxekVsbEZuRGM3SDI0WllIdVdUdENsbll6X3ZKaTJOZERn?oc=5,"Tue, 25 Aug 2020 07:00:00 GMT",dialeksis.com,teknologi informasi Aceh,google_news_rss
"Desa Seuradeuk Aceh Barat Susah Sinyal, Aminullah Mohon Telkom Bangun Jaringan Telekomunikasi » - dialeksis.com",https://news.google.com/rss/articles/CBMivAFBVV95cUxNQU9QdEF0LWQtUUxfdnVZMHFJa0t6Q1AwMmd0T0FCS3dKRndBdUtxU3JnZGExamRYd2RnOUdhbHNEUkJQbjA1ZnFnQVZXY1EzSnA2RlRXdktEdDBNLUVKa0lKdFNFWGt5UUpGM0dwNnlpWHV5THYyNHdRNGwxOUN2S0FhbGctRXgzX0cyVHF6Tk5fRlFRbXlMc0tuVUgxOTZoMFJNNU9EX0xVZ1NtNWc1SktzQVd1T0YyYnB6VdIBwgFBVV95cUxQWTgzaGpvRlV4bkRYWmk0QzVRQ3NZVWQwakxrc05sWTlVaGowbGNkaDJhV0hmS0M4Nlh1ZnV2NHROSUc5SUZwZXE2Z3hWc2tfcl9vemYzeENWWXFNTVVIODRkYmxrX1NQcmNsV25NTDdkRmFZOEQ0UjlJRnI4elJEbWhVd3VOY3dTTHNOYUJ2X1YzOWVKRmxtQVAtYmVVOEZjemd3d0FocFYzOWQyU2hHbkx4ZUVUZmZQT3ktd0hrVlNIZw?oc=5,"Sun, 23 Oct 2022 07:00:00 GMT",dialeksis.com,teknologi informasi Aceh,google_news_rss
Kemenag Aceh Gelar Rakor Kehumasan Se Aceh - lintas gayo,https://news.google.com/rss/articles/CBMiggFBVV95cUxPSUNXM3dmVF85ZlYzcHU0eUVKbUQ4WVVvQk10TVpUd3ZmNVIyWUtNWXFBT0lIYW10NkZNamVOS1Y3Zi14Mk96RmRWZjZ1VjFYNGVRV1RLSi1Qend4dmJKd01JaTdzeHMyUEY1MTFNa1NGbF9FMEMxcnpqcGwyNFBZbm1B?oc=5,"Tue, 16 Jul 2019 07:00:00 GMT",lintas gayo,teknologi informasi Aceh,google_news_rss
"Sekian Biaya Kuliah UIN Ar-Raniry, Referensi Kampus Negeri Banda Aceh - Kompasiana.com",https://news.google.com/rss/articles/CBMi2AFBVV95cUxPV1FqX1ZvbHV6ZjNxZFFzVTcyVjVldVZXQ2lXYnFmVUNkVFJHNkVEOXNhekNjaExLTWtXVlZsUFJVZmRwZWhBTWlHeC05N3BveU1KZWZZNWcxY1JaVVMyRWZlTjZaTC1pczBfZ1ZyY0VibHFrdjV6eUpaR3B2a1J4a1dyQ2dzZEV0R2haaDBXMi1EOE5IT3FVZnNOSjNadVJGczIwREcxd2lyeW1LeXRiM2xRVk9KbGVwU21oVTJSM3JLZWJNT3hWZWdxcDR5UFJOR21FMGhwQ1A?oc=5,"Wed, 10 Jul 2024 07:00:00 GMT",Kompasiana.com,teknologi informasi Aceh,google_news_rss
Aceh Barat Perkuat Keamanan Informasi untuk Dukung Transformasi Digital Pemerintahan - Serambinews.com,https://news.google.com/rss/articles/CBMiyAFBVV95cUxQY3JRd0dqaXZxcFVRYlNhZFptUnMwWVR3bjFncldyanI2RnlIOHQ2bjl4VUtfbUViSHc5dEp1Ukh3a2NZRWhYRmgyNExkX2lORGw0eWx6bWdnU3RCUjdvZUNjRmYwNnpDQlFsN2U1eWplNU1RbWgzeVJ4LWpMYi1jbGJVWkI3X0E3VHNFNy1DVElYZmRlaGxqNTBYT3BBNUtqZTd3MTlYbHQ0VVA5WEtfY25rWF9lMkE3Q1Y2VGFaSlctdkFuakxJWg?oc=5,"Thu, 18 Jun 2026 07:00:00 GMT",Serambinews.com,teknologi informasi Aceh,google_news_rss
Jurusan Teknologi Informasi Jadi Prodi Favorit pada PMB Reguler SSE UIN Ar-Raniry 2026 - Serambinews.com,https://news.google.com/rss/articles/CBMiywFBVV95cUxQTUN0bFZPU0tkclZHZUhIbFBKTjhuT1RZVElNemZFb1V2QWlQTWk3OVVTS2k2NngzNEVTWW1LSjZiSlpvclpXVE11VjBYb2V4UzNVbkN0TE1udUVkNXBKbjlmdU1rZDFmc05MT0pCMDZlYlJpZjZUUURveG5JQVU1NTVuVDVSRDVLNk9YRURNZS16RDhqS1ZHUTZLX1JXYVVHVG9ZTWtLbXh3Z3BHb0ZvS3pYLUgxZUlNc29pZXdMTzFLenVScFpsUlBsaw?oc=5,"Wed, 15 Jul 2026 07:00:00 GMT",Serambinews.com,teknologi informasi Aceh,google_news_rss
"Lantik 21 Advokat Baru, KPT Banda Aceh Minta Advokat Wajib Melek Teknologi - Serambinews.com",https://news.google.com/rss/articles/CBMiugFBVV95cUxNRFVhc2w3dllfeG1jUmNXNnNIc1NRZDFjdy1fZFhwaGJ0d1JySGJTaURPTFN0dlhWOUhrQllJMEIyamdNYmViRzhRTlJJZTVQeTJLQk1RRWVYbVprZlRQdzd3NVpmaVBzekJrYUtmcUlkVXpkZGZOUUc1Q2JyR0k5MnJJZE8xc1hSOTJsUC1uTDlJX0ZDTTV2dnFrMmtsNW1CX3RCT0c5QzZUU3BocWtCS2I0eWdZX3BaTVE?oc=5,"Thu, 30 Jul 2026 07:00:00 GMT",Serambinews.com,teknologi informasi Aceh,google_news_rss
PBNU Dorong PCNU Banda Aceh Perkuat Dakwah Kreatif Hadapi Disrupsi Informasi dan Persoalan Sosial - theacehpost.com,https://news.google.com/rss/articles/CBMi0wFBVV95cUxPbElTNVl6SHZ2V25FMzU1eVpLc1daY0FjSjdxQ3lqd0lLM0VaX1NJcTZSQU1UVzFTS0pSZVdaWklyMHFZTE1IeTZMc1FSZTdTX1lDR19aX3JvS1VLSEhldUlmTld5c0JUOTVacmtHbVM0X0ZtZ0haREx2aEFsNUItSWNJVVpmaUxPSmpabTFRcGdrZ0RDdlRFSUNGT0ZwUklURmVJSFdZRG02TER5TlNTSGhzcFNVTUNJdmdwV3o3ZFVOZ2tVTVhpbXpKeFlGb1RrX1dF0gHQAUFVX3lxTE1jeW04UXJIX1JWNy04R0x1bXlUNmVsV3h5UTlrUVM3cEE0WXd1bUZybmcwb0dnSi1taEZDMzQwdXNHbjhPeHVWdnlZcVlKRnNKcmxWazU4d0NsZkNLSGpuNmJCcThwbVJxWmo2dTA5UWpGNUlWdDZJVTNVbGd0U0t6ZUVOV1EyQ3RrSVNFRWxTZDhvZWFNemZKaU01OFNoUG95Sm5UMlhIT3VXdFBjVFpGbHpSTkNXNU1POUh1T2dsTnFpM3NOMUNrUzhyelFPbGY?oc=5,"Sat, 25 Jul 2026 02:23:14 GMT",theacehpost.com,teknologi informasi Aceh,google_news_rss
"Anak Muda Aceh Ciptakan Aceh AI, Kenalkan Qanun dan UMKM Lewat Teknologi - AJNN.net",https://news.google.com/rss/articles/CBMirAFBVV95cUxPTVdlNmZWd09rTzFDSDY1MWY0V3pqbUJtcG5NeGJjZzNYbE5CUk8waGtjeENkOXlIRnVSYjVGVFFpTzU2X1NQbVJ6bzlpcnlBRGNMVDdnWlRzQ01TWGM0b1ZCenJTRmJZZUREXzIwRlpsT1c0dTg4WE1nV1VSWFJXNlJKZzFCT09yb1FWazl1bTdueEtBbWs4WGZRNTlGcU9jVDU0ckRaam9JLWpo0gGqAUFVX3lxTFBTSkVZbXFUZDBwTFdSdUNMRWNUdUNUZ3Iwc1dHb0lyWmVDUndzdkRhd2pZYWpOTTJCUElXRGxaWEVOWjh3cGtpbXRodVNRUW1LWHhsZTBOa2hwU0F0ZE1QTVFCY3dMZ0xLd3ppTVR3RlY1QTdHWUhwbzlWeHp1Z194a0tHOENiRWtCSl9uYWYxcmlmdHc5TnBNVno4d0xrNXlCdzVSV2ozWFRR?oc=5,"Thu, 16 Jul 2026 07:00:00 GMT",AJNN.net,teknologi informasi Aceh,google_news_rss
Aminullah Sebut E-SIAP Implementasi Teknologi Informasi Menuju Smart City - AJNN.net,https://news.google.com/rss/articles/CBMirwFBVV95cUxNWFBvS2xqVUgxemJPZjNTbDE4aTl5d2RJbnRHbWZUTlh2aF92b0swQWJBSnd5VHlITnQxSWpTRmlPRTh5aXNNSmdGaGhWeTNRN0hjVk9FLVFyelJFaERId0pnMUg5ZWI5d2l2NXZ6Y2N6SlF2Z3BOSFpoMG9TanhQWlhuTUNLN3ZDUVE5QTF5UzhHa080bjk1dkV6Zk51a3VIaDR3QjY4THJ1S2Z1bVBr0gGsAUFVX3lxTE9nUFl0SDZKRXNtS1BrQWVXZDMtRG9XWGR3dm1MZnE5YkpBTXFHamVhQ0VUdDdlT1lFWjRYMXJtdzJWYkxYd2ZuSGdjbG9zZWNBTlJIeFZRRnFPZEgxYm9UUnlLMWFLNTliMy1VWXJVOGVtU1BQcUZkcmxBeXY1LXdWSmdLcF8yZmFxZTFwSW1Jd2tELUNTNW1XbEQ1a184dGd0TlhJLWxrMEZhU24?oc=5,"Thu, 26 Sep 2019 07:00:00 GMT",AJNN.net,teknologi informasi Aceh,google_news_rss
Anggota Komisi Informasi Aceh Dilantik - PORTALNUSA.com,https://news.google.com/rss/articles/CBMifkFVX3lxTFBvWUNSSkxCYVhHM29CX3cwSnNZUjJoUERsRHhZTHRveW00ajkyalNGaFdnWTFDYVJPOHBpOXRUeVVrcWxQV19MSjlHV3dDdDdueG5CMVVidE9JNG5jVjg0N1V3RVVjWVVZV2ZObVRuN1FFMjJvUjlXMFpSZjhqUQ?oc=5,"Wed, 25 Jun 2025 07:00:00 GMT",PORTALNUSA.com,teknologi informasi Aceh,google_news_rss
"Kombes Pol Teguh Priyambodo Jadi Kapolresta Banda Aceh, Andi Kirana Dimutasi Pamen Yanma - BITHE.co",https://news.google.com/rss/articles/CBMiwgFBVV95cUxPY0RCc2I4c0JzYTQ1MjVEbTkwaFNNcjBjNHV6Q3otY1FXSTZTek1sNjdrd21oLVRGU2tzWW52eVlPSDlvUVlEYm1oemZOUjJCZmFRTFA0MTA2czlkU0RzV2xSbHhteTF4WFF4TVA5cnVyRHdXWEUyM0owbklIdXp5VHZSUVNPRjZROFFTcC1VdVM2NFl3VGxkU1U2aUtDUDNRU202ZUkzS1R5Z2pGTlZfMXhJeUJSalNObDE1V0RHcWhPd9IBvwFBVV95cUxOQTNGZkphUUxrdlFNc3J5LUcyU19VdTBjVDc5Q3RuMmJUakpFMGtDVkgxR0RjUVVxSml5Ni1oVThmbjlIYzk2SHd2RDhXLWd6Y25kc2tuOHZsOTVia1N3R3M4MU13UkNLOEhqM2hXSjBkMGpXeE44NjRuNlROM3JSaHBLQ3hWV1RKTjQxeGtRMGhzSmY0enAxU0tVNF9Qd185RkU4amJ1ZTBRZzlVVVVqYjJOUU5TV0JWeGR2aS0xRQ?oc=5,"Mon, 31 Aug 2026 03:01:16 GMT",BITHE.co,teknologi informasi Aceh,google_news_rss
Pemkab Aceh Timur Luncurkan Aplikasi Digital Si Azis Baitul Mal - Gemarnews,https://news.google.com/rss/articles/CBMigAFBVV95cUxNM0hsNXlwaDJXOEU5b01LMVg2N2hXNnp5WTBKMkNFd3hNTFpBZTN0Ykw0ZWtCNWFiMEVkVHdCd0tSaml4MWlHOGEzNGpUS2t2OTJqU0c1bWxCLTVtSDdyTkdaLXlqTXNKUHgzbS1DVlBod1Vnb1NvRV83alFYZ3htaw?oc=5,"Mon, 29 Jun 2026 07:00:00 GMT",Gemarnews,teknologi informasi Aceh,google_news_rss
Karang Taruna Aceh Utara Latih Remaja dan Pemuda Putus Sekolah Operasikan Komputer - Serambinews.com,https://news.google.com/rss/articles/CBMivgFBVV95cUxNdHU5d2RDNjlMdDJHcTRzN1VlQnhtSXd6NTN5V2hjNlJrb2tESzJLeUlrTHlEek9OQXNKQWlRWk9HeUJ5Y0hYYUtKdGJKTUc4ZVZpWGtsQ0FCMlo0SmxvNzd1czN1ZzIzNklpMzVuNko5Nk51ZVRZV2FMcG1mZVhQRzM2UTRhR3BVcHBlUWs3NFJNSGpfZlB1QXUzVFZpT3VtbkJnVVlvT1dWV29vYml3bHBtM1lUVDNoWXVMREFB?oc=5,"Tue, 26 Aug 2025 07:00:00 GMT",Serambinews.com,teknologi informasi Aceh,google_news_rss
UTU Buka Prodi Gizi dan Teknologi Informasi - Serambinews.com,https://news.google.com/rss/articles/CBMiigFBVV95cUxNS05vMVB6cFdySEVuVUNsa1Q5Z0ZWd2NqdUt6QXpZQVgwdkJjbktkY3ZnMFctR2x5TGJ5QjBDWVdzZjRfS1ZPb3NIRDRqT0ZOUjY2NGt4MWJraFViclE4Q0ZqQkFLYTd6cTM4cHpvUzhpRDZtVDdwX2o2azdZMmVuUDJQUEdhTE9TT2c?oc=5,"Sun, 26 Jan 2020 08:00:00 GMT",Serambinews.com,teknologi informasi Aceh,google_news_rss
"Lima Anggota Komisi Informasi Aceh Resmi Dilantik, Ini Nama dan Tugasnya - Serambinews.com",https://news.google.com/rss/articles/CBMirwFBVV95cUxONjBMQ2RFam1BSF9zZjBVcUZVU1E3RVB5UExlVFhBeENYa1N3ZWhCN05PaGF3aU5YWFZCZExILTdVc0p0LXM1ZEUyN1FiQmdRT1JBSEhSQS1PeDFUZkJQODJxRzZpTU9tMVdDQzVLNklzeTBXWmJsX1h5Q1Q3YkFCa2g5bVRyS0hLejNsdVZWUlZuNG5XbzNfQVFuaG5qZ18tSGxHWjl6NTNIYTZsUTNN?oc=5,"Tue, 24 Jun 2025 07:00:00 GMT",Serambinews.com,teknologi informasi Aceh,google_news_rss
Telkom Siap Bantu USK Terkait Teknologi Informasi - Serambinews.com,https://news.google.com/rss/articles/CBMikgFBVV95cUxOeXdpTDZickxnUTRiRjZOTTN0azRVVlhrUXNjdG56WF90VEpBUm8xbElzbFp3endKMllSMjRJRjB3U1YzRDNIdXpyZFVCbjdIZnBmdTUtRE5xTERmVHRHNDFXbmI4cmYxZ0hZajVKUjRNdVg2OGgwNzI4MGtoODZVbzMwaERwRTRXNUJOcndUX0F1UQ?oc=5,"Sun, 08 Jan 2023 08:00:00 GMT",Serambinews.com,teknologi informasi Aceh,google_news_rss
YARA Ajukan Permohonan Dokumen ke PPID Terkait Pengadaan Teknologi Informasi Disdik - Serambinews.com,https://news.google.com/rss/articles/CBMivwFBVV95cUxObVVmRHptaS1tdUoyUHVzVnpHaUNxeUh5Q0dvUlBSSnZTR2ZqazdfWXk3VnAyclZybnk2VFBIZUo5Z19CdTVFb2YyTFE1Q0tsYXo3VWpZUkQzVE14X3hKS19qTHpscFBqUkJSREIxdnpTOTBiU0xnak12Q29pRWg0UFVoTml6M2ZDQWdGcWc2R1QwM0Fiazc3WGV6TlhvSU9jNng5UEl5aXNXYlhXeEdCVEtRZmt3ZEVqUXJ3UkdYWQ?oc=5,"Fri, 02 Dec 2022 08:00:00 GMT",Serambinews.com,teknologi informasi Aceh,google_news_rss
Aceh Singkil Masuk 13 Besar Presentasi Keterbukaan Informasi Publik Tingkat Aceh - Gakorpan.com,https://news.google.com/rss/articles/CBMiqAFBVV95cUxNTnBCSkRXLVo1bnIxN0taVmdmTmZsTkxEY0VxTi1UenZ6MG9EeTlxYkhSYnk4b1hyaDAtMHp2X1RMa2dvOW1KTmZxbm1pYmN3aWZNNW1EcS1BbzgxV3dTMmYzLWtVRG04ZGpuWHV5R0VSODhEbDZiUnZtRS0zd0drQWswNE5BV2phUXAwSnIzWlhmd3YtRlNRamZGVURxMkVReTUzSzlEOG8?oc=5,"Wed, 22 Oct 2025 07:00:00 GMT",Gakorpan.com,teknologi informasi Aceh,google_news_rss
Lengkap! Daftar Jurusan Politeknik Aceh Terbaru - Narasi TV,https://news.google.com/rss/articles/CBMiigFBVV95cUxNdXo1WkFhejRnZXhyY3dmS1o2by1iOWNSRWVNSGNpQm8xSXZqN0tpNk1uLXFTQW1XTDJyd0ZjRzJnZ0czVjI1RnczMHJDLUdKRkFMQWpoUU1kUFNJZTY0TjFGTkZidmlZR1pvbWdMNkQzWUxRRGViaGp4VUpRenZtcmtleVNiVFV5VWc?oc=5,"Tue, 10 Dec 2024 08:00:00 GMT",Narasi TV,teknologi informasi Aceh,google_news_rss
Dishubkomintel Aceh Gelar Bimtek PPID - AJNN.net,https://news.google.com/rss/articles/CBMif0FVX3lxTFBLSUtQR0p5Y1lpd1M4V1h1UkRYSnJHTTVnSE5DdkdCazhkRWFScVlJWGhnTm1NRVlzdjlVeEVJQnczYkljSjc5TklmVDcwRW9YcGRrSjQwb1ZqZlllbEdlbTNvbVdmVEJFSDZKVlpmSjdRUkY1OEszWWtlT1QtXzjSAXxBVV95cUxQbmcwMXJtbzBDM2gtamliOFJLOVl4YWpZekVrSkV3Wjg4Q014YlF5dlNSdkdRSHFYeWpUYjE3YW83YUtPVGNPRzkxR2d6c2JJS0hHVnkyQjFiVjVaZTQtbG1xVVVuaGV0X0RRTU56NUJXUVVSTGpFNXFJT2F6?oc=5,"Wed, 21 Oct 2015 07:00:00 GMT",AJNN.net,teknologi informasi Aceh,google_news_rss
"Kemenag Aceh Perkuat Transformasi Digital Pesantren, Dorong Penguatan Data dan Pelestarian Tradisi Kitab Kuning - Kantor Wilayah Kementerian Agama Provinsi Aceh",https://news.google.com/rss/articles/CBMi2gFBVV95cUxOZlpOejJ6QUVwYWh0SHdpcFozWUpTM2xBb0I1cFQ3Y1BvVndqZGdpd0NwS1hscldVMXRlY1FFb2ZCYjZkUkxoUXJNakxSTEtHVTdaNWdxVl9rZlJqb010WWlVLVhLS1pLT2ZZbHZoRllBeDY5SXNzRThqN0Z0eTNJZEo2SmY1NUpkb3hrYXVZOG1SYzJZeEVPUnZWOEEyX2tzUXFHQ19mcEJBT2ZRUHl3QV9rYVVKdkZMaDcwNDkxendWSU9YUE1lUGJibWlxNUM2aDlSTEx2OWpqdw?oc=5,"Wed, 22 Jul 2026 14:18:42 GMT",Kantor Wilayah Kementerian Agama Provinsi Aceh,transformasi digital Aceh,google_news_rss
Diskominsa Aceh Barat Perkuat Transformasi Digital RSUD Cut Nyak Dhien Lewat Aktivasi TTE - NOA.co.id,https://news.google.com/rss/articles/CBMisgFBVV95cUxQR2dMdW5yZW9reVgzbzROQV9jbEhZWFlLVmE2Um1aMXFiMmlEVVZ6RE5WRGFEY3phU3ZYZzRWcUl1djdGWktsWWdUT2o5akRaUGN5Zi13NDgzNllkRF9xOEZIY1VfQ3dTNWFXNVJ2YWJsblYwUHd4R2hkZGh2b25hQTJPeHM0SkNEeFNGeG1CUDg2M3RKdENDdTJJRTUxbUdFb0VGOWp2OFBab25LZWtYanZR?oc=5,"Thu, 13 Aug 2026 06:37:00 GMT",NOA.co.id,transformasi digital Aceh,google_news_rss
Diskominfotik Banda Aceh Perkuat Transformasi Digital melalui Forum Komdigi APEKSI 2026 - InfoPublik,https://news.google.com/rss/articles/CBMi0AFBVV95cUxNZlVEM1ZXMFZ1N193NkdCV193YWk5ejFXamFJM3FaRFNtVk5RY0lCS2NIQnQ5WWNCTWxPUXFodjNqSTJfMXplcVIxcnBWbnpKWVJsVDdKM1YzV0xnaGgxWGNyVWdQOFJfbzdSVWp2Ym1ueHNUdm1Wbmp1NFNLWkcxbmpuQ2J0LTQ3ckxCYTBOb2Rjb2pmdTM4d3N4X2t3dmEyR2JfQnNsWTM5ZUg1cnZTUEE3OVVGODRDTTZNeExCX01mWmlSTTJ4Y0h0LVlCamtl?oc=5,"Fri, 03 Jul 2026 11:05:30 GMT",InfoPublik,transformasi digital Aceh,google_news_rss
Gubernur Aceh Tekankan Penguatan Tata Kelola dan Transformasi Digital dalam RUPS Bank Aceh Syariah - Pemerintahan Aceh,https://news.google.com/rss/articles/CBMi3gFBVV95cUxNdzFUelFMdi1pUnN3ZC1UQ1NHVXUwRGFKWHBpcFJnZ2hPVFRjTVdsVUlZTU1RRHhNakpRdkl4cV9PcjZqeGV6RXlCeFZ4bEJoblNOajRrbUtGZkJoRXRvRE5tc1Y4bHdTWVp5MFcydWowRlNXRDdtY3h5QzlFNy1XMVQ3aV94LXhNbzRoWE5Oakx3UDNJOUU2dzFuSlJwNGhVMGR1aFVqOVVYM1dOV2ZYMGh3R21Ecmo5ZU1rVXhUNHlCZ0M3b21obC1ZblB5bU1hbWVwUmt3MnNYTEJCc0E?oc=5,"Mon, 13 Apr 2026 07:00:00 GMT",Pemerintahan Aceh,transformasi digital Aceh,google_news_rss
"Kakanwil Kemenag Aceh Dorong Pesantren Adaptif di Era Digital, Tetap Berakar pada Tradisi - Atjeh Watch",https://news.google.com/rss/articles/CBMiwAFBVV95cUxPbHlReWNiR2RXMUhTZmFDcFB3andYZzBocEVHMFY5dUlkWHV2QUY0eU1zbEVucEdpR1hFamNjSUNkZVRkeVM1cVp6WjYxSk5ZdXBIcUVOTXZFNWNrV0h3RFRvTzFhcHpLeDNyTFhrQ3pCWTVuQTdiZWZrOURfejZTM3RMVVpMeW5nalkzbWJsU2xBQ3dwOXRHVmRJMTBJY1M0ZFEtOGlDMFdROUFWMDFEdjRFeDF3dkVJMXdkbVJXcXY?oc=5,"Fri, 24 Jul 2026 07:00:00 GMT",Atjeh Watch,transformasi digital Aceh,google_news_rss
Bank Aceh Syariah x PosSaku: Kolaborasi Digital yang Siap Naikan Level UMKM Aceh - thejurnal.id,https://news.google.com/rss/articles/CBMitwFBVV95cUxQWVB1ZTlhelJTWTJyQkd0Vmc4RERQLUxsR25mdmktdzJRQ3VhXzdORkxxNXpuVGlJeFVkRTZZOUgwQ0VYMnc0b1pONkJPSWVwV19uZUo3MmxfUGRiRjREaDItOTRQVmRkSWkzRmhyb1RCczNyZFF2V1N5XzZENDBNaEctZ2ptbjRQaUFjbDZwT1k2ZDU5SlJLT0JHSmdTaHdYYm1waUtpRDZvMXF2WHVnb2xKY3BFZEk?oc=5,"Wed, 20 May 2026 07:00:00 GMT",thejurnal.id,transformasi digital Aceh,google_news_rss
"Dorong Transformasi Digital, BPSDM Aceh Latih Perencana SKPA Manfaatkan AI - BPSDM Aceh",https://news.google.com/rss/articles/CBMi1gFBVV95cUxQQmVrazlGQTZ4ZlBSTzFTWlNmeWpBbkVVRld4S2pycThYSy1aNXkycDNibkFCVnJvSGo4eFFwU1pjeDFrOVNGajdXSXA0SHo3dlVNVGZJZmFzRDZiN3pmVDBFd2QwS3o2bW52TGdmMnQ4OVRmR0dOLXFpb1lzZTR6WkptU281cWM4ZjI0eWJQY1RaMGVyc0FxRy03bDZRbDNZRER5cWJsaHlGMC05VGg0TXV6OFh2cWctU2l5N2FHOUthcTJpTHlxVXlPVm5ha2FiREh3a1pR?oc=5,"Tue, 07 Apr 2026 07:00:00 GMT",BPSDM Aceh,transformasi digital Aceh,google_news_rss
Politisi Gerindra soroti buruknya ruang digital Aceh saat bertemu Staf Khusus Presiden - ANTARA News Aceh,https://news.google.com/rss/articles/CBMixwFBVV95cUxPVUNrcUpkRkhtMndaRkJFRnh1VFYwdGVvNkNxeV95UEFyLW4zUzU2RWFpcDFCam9xRlFoa2lDUzBhdkkyTG0xbW5QUXUzWnhPbUdvS3hpRWItYm1PejVNVDN1OFYtUWpKSU94UEMweE01TjFDN1hqbnlQM0IyNF8zODFYZlVpUUEyY1VhRFJUYVdiNklvQjhpa1l6ZU10amJZZnpFcUhvWXlfVHM5ZGVmUGVvZnF4eWNKdWFxY3QyRW04UXNLbEZr0gHMAUFVX3lxTE5qU1ZEcU1rWlZaTWswWlVWMmJOWF9WdW9oeERyY0FZNzJrWnpDSGZHWGQ0ZVBRNHMtdFEyaVNZZDhzSWotTzJOSkg2ZzJ5UV9JeTdlLWlUenp4X3BfZnVGUkRrQWdGc3k1eFlydllObzVjS19URXN6RjRQYU1HTEdqY2toXzFhLURlRnN3TFllUnJDbE1hQklUWVVwZHQ3UVM4MXBZUHlJRzBETFVCSkVNSHVXdnp3Rnd3M3dLNHJCVzZKSE5Yb0hyeUMxVQ?oc=5,"Thu, 28 May 2026 07:00:00 GMT",ANTARA News Aceh,transformasi digital Aceh,google_news_rss
"Pemkab Aceh Barat Perkuat Transformasi Digital, Susun Dokumen PEMDI Terintegrasi - NOA.co.id",https://news.google.com/rss/articles/CBMipAFBVV95cUxPSTVCSGF4dl9GQ3RUWTh5R1JmdFF5a1lJVENFTHJRU3hVNXlWa3pybjY2Nnl6WGE1WDFERW1ZMVlQTjNpdUZxUmt3VFpQWlBoV3RDVHRBM24wbFdObzZIVHdoZ2NBZWxHWHEtZWFuRVEzTERtV2RkZnJDMmtkMWlta1JOM25VcTBpVWoyTzQ3a3J6UkRIVHl4cnh0UmE1SmoxM0VKeA?oc=5,"Thu, 16 Apr 2026 07:00:00 GMT",NOA.co.id,transformasi digital Aceh,google_news_rss
"Illiza Lantik Zubir sebagai Kadiskominfotik Definitif, Perkuat Transformasi Digital Banda Aceh - Putaran.id",https://news.google.com/rss/articles/CBMirwFBVV95cUxNWmt4ei1URzQ0T29BTHZ0aEt1b0o2LUNwVEQ4VmRwdU1DbnB2QWdORV9wcjFvNmw2R2JLbnJqQnRLd05zamxtZzgzTmhKSUh3VVdWTEV3VWJhcnpJRDlPMXhUMEJmVkZhb1k5LWtCZDB2bkxuSUxUU1V3cWJCUG5SdnJ5dTV6Mlg1LTc1d2Z2bklyUDJBTkdUWExRRnRVdVl1OXdnZ3c2UVpBazdQcjk0?oc=5,"Mon, 20 Apr 2026 07:00:00 GMT",Putaran.id,transformasi digital Aceh,google_news_rss
"Digdaya NU Jadi Kunci Transformasi Organisasi, Waketum PBNU Amin Said Husni Dorong PWNU Aceh Percepat Digitalisasi - NU Online",https://news.google.com/rss/articles/CBMi4wFBVV95cUxOcjZzeFMwMEdwYmxUZ1Etck01X3cxNEtWYU90bnVMTFlzcHF3am01dzZjblpXcm0tVUN3TjdMY0pZbGlxQWV3MXJpVk9SNWRIbVBSMmtyVHNMa0dOWjdEMWhEOWlhWElDSV9vVTVyMG1hTzZ3a1pEbjZHcTBlSHNpUkNzNzdIYlcxdHFQOTUybExhSVF0QVozRnl2WW5OVFVUbWZtSWh3d2JSanpXbG9CVldMN2Z4aW9RMlNkVGNvazFCZWJ2ekZpUUNiTHZ0eDVpemhPY0hiTUZxcnJacGxLNXpwWdIB6AFBVV95cUxPR05HMGNZb0VUbWc5MmJ5LW51RHEzQ0toNGdhSUo1RTdtTmtzQ2tPWjNBaUNZT0ZNaW84Yk50TGdOM2dRYTVXanc5aGc0MFRpUERFVDhJT080U2hVQ2lZYjhfZWNrV1RQcG5CTDBqSVROakF1V0xzenFxRGtTSjUtUmdvMUdkTHBTaTd0Q21DZHVIUUVGTThaQkZmcDBsbEdTMG9xVFpnSmxUX1Njbkk3aVhhWWEwSDNYWjllM08xTzhyZ1YwNHJueGl6eGpaVmFKRDE3UU5YM21ZcXF0UWphM21PWm9TaDJC?oc=5,"Mon, 29 Jun 2026 07:00:00 GMT",NU Online,transformasi digital Aceh,google_news_rss
"1.241 Pengunjung selama Maret, Museum Aceh Siapkan Transformasi Digital Canggih » - dialeksis.com",https://news.google.com/rss/articles/CBMirgFBVV95cUxQTEs2VFVhcUFMM2tES1ltLTFKc1dHMkZYQjdNVFhmeFFRUTBRTkV2OUl3eWY3UV9HcGpJb243WUd2RF9CcnkwTGVjMlNoUEU2aTNpUXZRMkxFMnNWUmQzdy0tQVZaY0tpSDFpQmppWVptVVYzemNNRi1kcHlITkNwWHJkQ2FIM1VNSFIzOS1aWVR5U2FLcU14Q1dqMEYwdXF1c2JrSUdaY3hLNEZERVHSAa4BQVVfeXFMTjY0RVpnaDFWcE9TN2ZCcnA1THVoLVREQ0l3bkVzU0NCWFJ5UTJWb0dkLUs4dzJsQ0ZWSXJYSVdKSEktZDBpWnFwQ1p1VTNCbHEzUndUV1NIdDJvYkNReFA2eUZWT2tIbzN4aHROU3d2MHg3YWd3Yjc4RUxPbWthR0xSTUVwa0lQNnFzeEgzbThxVUV2R1g5b3d5MnFMd0poOFhmMjU0NTlzbTlOel9B?oc=5,"Wed, 01 Apr 2026 07:00:00 GMT",dialeksis.com,transformasi digital Aceh,google_news_rss
Politisi Gerindra Aceh dan Staf Khusus Presiden Soroti Memburuknya Ruang Digital di Aceh - harianrakyataceh.com,https://news.google.com/rss/articles/CBMizgFBVV95cUxNTFZsY0NTMFl2NlRjMDFzakpFeXoza0pWQVd6STduTHU1RV83Q3g2STR6cHJCZVdxRDhOdHhsaVN6ZWtpMUNaNmtMN1dlT0x2MnNVN2FlcVlRTEtTLWJqSGU5NUJ4VE9vUk9iVXJaeFhNRGdXdHFzTnV4T3lySGZFR01HOVltSlVJYWVybnJ5aFhrWnU0WW13ZHIybjFYal90bllOVlB6bHFlejVpUkpXVlFDQ3ItaWFKU2JPdl9vcnd1NEh4c2xBOHlNbmN2dw?oc=5,"Thu, 28 May 2026 07:00:00 GMT",harianrakyataceh.com,transformasi digital Aceh,google_news_rss
Gubernur Aceh Tekankan Penguatan Tata Kelola dan Transformasi Digital dalam RUPS Bank Aceh Syariah - Waspada Aceh,https://news.google.com/rss/articles/CBMiwAFBVV95cUxOMEZYbWhUT1hlMDlJdHpxTFZiazVHUW9qbWUtZ2N3QUFtX0lscDJqV3NZS3pVNE5vcHFfeWFQV2p3ZS1CWGlndEhRVjMzSlZvSl9RWEtKdWs4MVAxVG9jVFhhSjhYdFhBN2N4cURPaHVvb2d2c3JsMERXeURORWY3WFQtdDI5OC1aQ0lCUnc1bkhkQUtOdEhCMkQxaWZBZjBKam1YajZUUWhjUlk5aGxqOVotUVdjQWMxcFZCalQwcm8?oc=5,"Mon, 13 Apr 2026 07:00:00 GMT",Waspada Aceh,transformasi digital Aceh,google_news_rss
RUPS Bank Aceh Tahun Buku 2025 : Mualem Dorong Transformasi Digital - KBA.ONE,https://news.google.com/rss/articles/CBMiowFBVV95cUxPb2t4SjRRd0tnbEd4VFVxTnRaUG9MS1A3RFZDNWwxYlpXT1p3YXFuaVBaTzI3TUt5RGk4N3BZc3JIQ1hkdlhkUnpFakZreWtvRTNGc0NNV1BoRl93OG1rMGRnRnV5cjBldkZaZHExVGxyNDJWZlVmbWZtd21TRlZMdWtvY1FQLWlvWVcxMVlCZVBycWFVc21kYnBmOGFQc1h6ME80?oc=5,"Mon, 13 Apr 2026 07:00:00 GMT",KBA.ONE,transformasi digital Aceh,google_news_rss
"PWM Aceh Dorong Transformasi Pendidikan Berbasis Nilai, Digitalisasi, dan Kemandirian - nukilan.id",https://news.google.com/rss/articles/CBMipgFBVV95cUxQUDRRN0FjRVI1NmZjcXE0Q2tNb0UyV3F6dzZQTndHaFEwYTlwbHhjbHlpS1M5R0FBQnloR1ZKRUZKMFV4ZVhCTFFNbEZ4VTNTQ2NNb21VSjhxeVVsSnhaRHVTTXNrR0kzTS02cmo5eXZHVlpnWlhKbmJUWE04UG9zbzQ4amgzYnJpSUFQczNuLVByOFpvWXBhQjcydmJBXzlLNHNqX0F3?oc=5,"Mon, 04 May 2026 07:00:00 GMT",nukilan.id,transformasi digital Aceh,google_news_rss
BSI perkuat literasi dan digitalisasi layanan aman dan inklusif - ANTARA News Aceh,https://news.google.com/rss/articles/CBMiqAFBVV95cUxNalFxYndIV1FwU0dnWUVZSHU5NGc5TGt5dXlYRlJwYU5GbU42T2xqMGRpVnFsenJtV2NHRUQ5b0J3Sk8tTEEycmdkWENjSVJLZF80N0hxQ1k0SDNIVFc2amE3dlB3c3FoZEtNV2dFSmJ1djZkNG9tblVaNUlxakp3bGlXZTU5N3YwcW93LXZmazRTU2UtTVlDUVFET20tNC00Z2wzX2RkR07SAa4BQVVfeXFMTnUxZFEzblMycU9WZ2hEaXZ4OVdaQ19KNUtnN21sUUVkRTJjUE1Uam1IcHMwbVBkUTF5MVFWM3RGclZFMmh4VDkxaUlOZXd4dXUwV0x2bmRXU3FCRGVmLVpxaHNiTjdXMmdQRm4xeEhtbTlnV2d3RTNmTVhNcWYwVjlXbzh5U2FGbW1iblpOdzdheEMzek5ZSnBJMmJnOTJ1cHJHLUFtYjJkTFI1NkFn?oc=5,"Tue, 21 Apr 2026 07:00:00 GMT",ANTARA News Aceh,transformasi digital Aceh,google_news_rss
Mualem Tekankan Tata Kelola Dan Transformasi Digital Dalam RUPS Bank Aceh Syariah - Habadaily,https://news.google.com/rss/articles/CBMitgFBVV95cUxOS2lnUXI1X2pFaUpENWVISkFoYmVENm1SYlN4cGxFTVhPU2Jscm9aM3hsc21lQThQamZnMkRTeWp2Y3Y2Z1NMdVBRV2h4SnZTckgwSVRwY2dLUS1oYV81aUFSVnlTMXFKSXB6X1o0S0d2UlFoSDZJVHljVmloT3ZlNDdrRk5DUktoQlhFRUU3ck1ZbVBHdldIWEp1OXZocUFjTTFXMEo0eTI1aGxKZ1dZdDM2Z2p1QQ?oc=5,"Mon, 13 Apr 2026 07:00:00 GMT",Habadaily,transformasi digital Aceh,google_news_rss
"Transformasi Digital Melaju, Indosat Ingatkan Ancaman Siber di Indonesia Kian Mengkhawatirkan - masakini.co",https://news.google.com/rss/articles/CBMiwgFBVV95cUxORnFUSk1UYXhOT0xORUxncE1ra0NSQnNtQXBEWHBCMU5YUzdXY2RjVktBYlFGVjBCY1dyZ1NDZVozMWhBYUdTV283RWxvWjhOWm9Fc1VzRlFVdEVDcEdmLVZJM2l6TFEtUHJ3a0pjTkpDTXFTeFEzeGN5OXJ0VV9jeGx0LVhveVlYMTJfb0lTS0E5TlBlaDMxNW03RlFtTzdpY2wwWTdzRjJteW5aeENDbkVkbHQ2RmpqWXBrMWRleTVQUQ?oc=5,"Thu, 28 May 2026 07:00:00 GMT",masakini.co,transformasi digital Aceh,google_news_rss
Gubernur Aceh Bentuk Aceh Corporate University - thejurnal.id,https://news.google.com/rss/articles/CBMi6gFBVV95cUxNS1g3c245Ym04NDJPUWJEUUU5TVVUOHRYNGtvQlROWVpVcnY1LWVWNGN3QThLaFdGc2NuTEt6V2FnZDlmanZPbkNzZTdqZzZtN1RRSGpqamxidFdHbWZkT2E2UnFnVUdDdmZoZGYwbWFxZnlrYlN3QmVFT2xRdUdBODdZMnIwNVc0dW9vLVJyWmNUWF82ejVleE9LQUk2bmZUNHdRRU4ybEZ5UTk5WTV2Yi15NjdxU0NKdVpTR3RkV29HRk43LVNxUWIta2J6TzI2d09vSG9wZ1pWdmZiQ3RDYk9pcWtJT091TlE?oc=5,"Wed, 25 Mar 2026 07:00:00 GMT",thejurnal.id,transformasi digital Aceh,google_news_rss
Fokus Illiza-Afdhal dalam Transformasi Digital: dari Smart Governance menuju Smart City - Diskominfo Banda Aceh,https://news.google.com/rss/articles/CBMi0wFBVV95cUxPVzhGWFhnYUJZM2NQNFVkeWVFbXVrV0JmOVl1TW9jRkRhaWxfMXlyZllhT09kWUlpM3hwRDNxUFo5SmJGN2FuZVpsaGdpYmNWclJkbFh2eVItRnBUdlNKR1pFTS1SVXBxcEVRRWFlREl3UE1ZUmdQcnNIZFVvWGJQa0cxYVdCa0c5S3Fsb2tGQTJNRFBGSjhCSjZ4RHpIcmN0ZGNQSzhVd2c5eGFCTXhuMkZoanU3aGJCMVp1M0NqLXN3SlR4RWFOZGpFR0k3ZEZhSzZZ?oc=5,"Sat, 14 Feb 2026 08:00:00 GMT",Diskominfo Banda Aceh,transformasi digital Aceh,google_news_rss
Transformasi digital Museum Tsunami Aceh - ANTARA Foto,https://news.google.com/rss/articles/CBMiiwFBVV95cUxPczN1RzMzMG1lLXE5aVRnTFQwRWJXWUFWNWQyTTJxLWF2R3d0LWY4VDhmUl9XSDNJMm5uZlI2OWRGcDdZOTNOdXBNcHpkcE5NUWdzYmdmMkNkUkFQb0thTUdNVkxxRHhYejdrWm9JaFVxRElxT1NMV0Q5Q2Z1OGhMZWl2TWdOb05yTmdZ0gGQAUFVX3lxTE03RUNnenhKOWcyTXFLUENkN1NjMm1fMlJZdDNMRGNiLWJ1OGp4Q3ItZkd1eXBhcGx6LUtFdzA4emhGLUh4aVAwWUVScHlsZTRfaXpkUkZmQmNEMFYwWU9LbURZVHhoMFNsOHpXNDhleUpzZlRfd0dfa2h5WDgyVnNvTGVLbFBMbFdRQUZkaWotWQ?oc=5,"Wed, 28 Jan 2026 08:00:00 GMT",ANTARA Foto,transformasi digital Aceh,google_news_rss
"Aceh Tengah Menuju Transformasi Digital, Bupati Tegaskan Komitmen Terapkan Satu Data dan SPBE - Prokopim Aceh Tengah",https://news.google.com/rss/articles/CBMixgFBVV95cUxNNk1mdlZZOXdzMTJINFd0cll1MVNEd0JIZl9tVlhOMmhGYVMxdVZSQS1TSi1QVTlreEdoeTVNVldwRy1lNllaOVBxdU5zalU1SzNJMmV5N3FfQzlhU0tscF9MT0tuc3YwUHAwUm04dDAzMkhjTC1HMUYwM05KYjZzVDBGSmJwNmJ4b2tjWGJwSXljUzU2djhrbVZ1QzdRMTNpUXRtbHVnQlV4NDladVk1RzhBa2xTMlpFc0JUOGNnX1A3bzlpdkE?oc=5,"Wed, 10 Sep 2025 07:00:00 GMT",Prokopim Aceh Tengah,transformasi digital Aceh,google_news_rss
"Presiden Prabowo Bahas Transformasi Digital dan E-Government bersama Menkomdigi Meutya Hafid - Dinas Komunikasi, Informatika dan Persandian Aceh",https://news.google.com/rss/articles/CBMi6gFBVV95cUxOcUhSUmdXOTN4NDVtdXBHUGk3MzJfcVcxTTFENHdIZjVhWTlPVlJkWkRNLUFCdGZkbUtkdnJNZGRHOWtSemRmSmxhc0FweGRrZ1RqNGNFMTdrUVdob25id0VjOWVqWUc0UktLQThqTzYwekRDU25BYlZuRmNvaG4xRndRNW43b2pJZTRwNHlHWmU2ZWhmdkxqTDB0RXBqVFRTcUV1UW1EQl9SSGExdHNVcmJ1S3JNdWZlZms3OVhHUENFMzNvTVMyX29pVU1adzBheEtadEpDMGYyd0dEOHJ1VnZXN3JjUDA1d0E?oc=5,"Tue, 14 Jan 2025 08:00:00 GMT","Dinas Komunikasi, Informatika dan Persandian Aceh",transformasi digital Aceh,google_news_rss
Berita MTQ XXXVII Provinsi Aceh di Pidie Jaya Diwarnai Seminar Al – Quran - Pemkab Aceh Besar,https://news.google.com/rss/articles/CBMivAFBVV95cUxNWUZ3S25UT3hxYXRBdWlFN2hzQUN3WFRMM0o2YXVwMER2REdoLXdwR2M1T1pWLWF6MXZFSFNaaEhlZDd3NUlXTnB0NFdCSlBESUdFMHRwWkFJekVPNW0yMmhGbjlBejlqR2lTLXFyMjFoZ1V1b3VRSmN5LXhzYVdBSmk3LUJUQlNHZ05UazhJYThDdlFHcW1tX0hnWFhWSVRqMFBURno4UWV4T2JmaWg5WVdndTU1WGpRNjJQTA?oc=5,"Tue, 04 Nov 2025 08:00:00 GMT",Pemkab Aceh Besar,transformasi digital Aceh,google_news_rss
Bahas Sinergi Komunikasi Publik dan Transformasi Digital - harianrakyataceh.com,https://news.google.com/rss/articles/CBMiowFBVV95cUxNQVpMcEdEYWozbDJCeklZN2JpeFFqY0JmZnU5eFQwdjk1V1h5NGZjN1NJY3dWbzB3SGpqTVZ0RmZwTEZYYmNyVHVhcExoZ1JoVk1fNGNDei1SMElGMWFhZ3AwRGFYanFmdF9rQnZtTjdONC0zZlRjcDc0UkVhN090c21yRE1SVWgxczlyMXhfdmFyWnIzY2tYSWV4dDRhbXg3alVr?oc=5,"Fri, 07 Nov 2025 08:00:00 GMT",harianrakyataceh.com,transformasi digital Aceh,google_news_rss
Pemerintah Kota Banda Aceh Raih Predikat “Sangat Baik” dalam Evaluasi SPBE Tahun 2024 - Pemerintah Kota Banda Aceh,https://news.google.com/rss/articles/CBMi1AFBVV95cUxOel9lRFUtNEVMaXZma2tHcFpvbU1felYtNDJrb2NGOXhLRzlQZExJZHFmeHJ3N2dZUWdpdmlrNVg2b3FLR3NNbFAzM3dySjZPd0NHUzVNTW9BMzFjSGZZWHI2OFRJV3M1TDROZW1ZUUNCLWVtWlljMFE0bUc1R2YzVDZUR0N2ZDlrS0tfZjdVM3hDYl9icXQwQmhYbUIxRnhMYkVIaUlGa2dwa2hKRWdkekZfS0pvcEdnRE83aGgtbENyU2Z5YV9zckJIODZTM0pEckNRUg?oc=5,"Fri, 03 Jan 2025 08:00:00 GMT",Pemerintah Kota Banda Aceh,transformasi digital Aceh,google_news_rss
"Implementasi Percepatan Transformasi Digital, Diskominsa Aceh Kerja Sama dengan FMIPA USK - Pemerintahan Aceh",https://news.google.com/rss/articles/CBMi1wFBVV95cUxNRHZGN2ItX25CVjFwOVNBZWFsYXVsWFBMMWZuUGFhMUFFRThPd1RDbGlNSDdlYVpPRHZ3MzhmV25PWEJ3UjVwd0lETFcydll5MjdsUXU5c1FCelozQk8wb1hrUjRFQkNtdEFPNnpKZXhNdUVqN05lUEM5Y2RDM2dNaG93WUtiX1BNM25Qb3ViRTRpRDNPSVNNeEwyXzItWW9KVklNZWFkeGR4ekhrcXRfMVFCZnZKUkFUTndDVmVxUVMyRVEySEMzVVZTQnozLWZmRFF4cmZIQQ?oc=5,"Thu, 25 Jan 2024 08:00:00 GMT",Pemerintahan Aceh,transformasi digital Aceh,google_news_rss
Transformasi Digital Pengelolaan Arsip Mutlak Dilakukan - BPSDM Aceh,https://news.google.com/rss/articles/CBMizwFBVV95cUxOOV9uRG5LS2xDMERqck1HY2JoaVZDZ3dyb3hBX0dNOVF2WmlObFA0SlFZLVpNTnRWTWRvalNISW5OdWI4aW1jc3Y2bE9vUWF5bnNRZVlXbUJyRHl3MnZJNk5xcU1nTDBYSEREN1A2YTlSZ3UxSGw1aGViN3RUTGFUaGYxUU5xYXBEc2Qydy1xQ2ZJN3ZvdWstVUNTNHFCS3M0ZHMxWjNKOWRTUllNQ0RFdlI2Z0tJQzVHRW1Ud3g3SGFxajRidG9fcWdDeEpDLVU?oc=5,"Tue, 30 Jul 2024 07:00:00 GMT",BPSDM Aceh,transformasi digital Aceh,google_news_rss
Baznas Dorong Transformasi Digital untuk Optimalkan Pengelolaan Zakat Nasional - Baitul Mal Aceh,https://news.google.com/rss/articles/CBMizAFBVV95cUxQdl9RQXg4dEhiQVVneEphQ1BUZHI3ZHZhQ0xnUUI1ZEZRS193dW5rWC04NmhObWxrVGM5d29wR09LSTJaM19YNTJleUhUZWhXM253NHNqaDRDUE54cXhVUGtnSXpRVElwUTdBOURhcUF3dmUxQlhOVmhkRHhrYTNQWGxqRFJvNUJCQzNEaVdkUjMwU0VXNzhoMUVKVlRtN3gyXzhzdW5xT1o1anBHYUFaZHdma1JEMjdCVHFwb2QxN1NhTDhxaFRsZnJiMXM?oc=5,"Tue, 17 Sep 2024 07:00:00 GMT",Baitul Mal Aceh,transformasi digital Aceh,google_news_rss
29 Fasilitas Kesehatan di Aceh Sabet Penghargaan Transformasi Digital dalam Program JKN - harianrakyataceh.com,https://news.google.com/rss/articles/CBMizAFBVV95cUxNSTRWQ0t4UWFIeGtRMGJLMzdWdEVtZkVkMXNqRXA0cDFMQmN5azF0dW9rU0dUQ2VCZlBWdkR4MGhGNmVILUtLOHA0N25uWlF6MWpzcjJhWnJVcVZjRnk1YXBzeVdEckQ3YXZ4Tkc3anlXcmJ5OW50S0pFNENqenhzUnZ3eDlmVGFhTmU3ZXFhTXlJVFdqOUVHT0s3VGpVLW1vS215c19iTXdoQjB2cGpIUE4tVHdVRjl3VDJLamNhSEhuaVBIckhrVXl6d2I?oc=5,"Mon, 09 Feb 2026 08:00:00 GMT",harianrakyataceh.com,transformasi digital Aceh,google_news_rss
DPKA Terus Dorong Transformasi Digital dalam Pengelolaan Arsip - ACEH BISNIS,https://news.google.com/rss/articles/CBMiqAFBVV95cUxQZHJ3ZjIyelZkbmdaNU1TREFyX3dIbW9TcGFjb0NpVmtzamt6U3o4NUJxMFR6SEVnY19oLTlxNFVSbzdFVThlU1NIcW52WmoxZjNWMHhVVFQ3ajA0SXU3VEFmbFV5RC1hWkZxbG9JQWpaR245eDNJNVRpa3BSYXU2VndMQzFJQjhxZVRQWVlQd2RBX2F2MEVNSkE2QlB6T1ZQUUFIRFR0ZHo?oc=5,"Tue, 03 Mar 2026 08:00:00 GMT",ACEH BISNIS,transformasi digital Aceh,google_news_rss
Berita Seminar Al-Qur’an MTQ Aceh XXXVII Bahas Internalisasi Nilai Qur’ani di Era Digital - Pemerintah Kabupaten Simeulue,https://news.google.com/rss/articles/CBMi1AFBVV95cUxNai1LWmYzelJGdWY0dDNoaUtpaGwxNFRDclpvMThsQjRUSHd2R1NWQVBNTnF5V3ZJbTNlcWRnWm1BTWE2YjFsc3IzQi1fWmRCb3FFdXZFOEVtVnlIcTBSUmFDdEdaX2ZSV3ZPcXBfb2ZMb2NqWm9RTTNaSnZ3bGxPWC01MkpkOGVkLTAtTFpwRy02TGxvV1d3Vk1OdGZrdkVFUlZfaDBpREN4eFVBb05YZ1NCM29tZEZwT3NuUW1DTGNrYUpweGsweXFTdm1HN2ZMVEFIag?oc=5,"Tue, 04 Nov 2025 08:00:00 GMT",Pemerintah Kabupaten Simeulue,transformasi digital Aceh,google_news_rss
Bupati Haili Yoga Bahas Program Aceh Tengah Satu Data dan Transformasi Digital bersama Amazon Web Services (AWS) - Prokopim Aceh Tengah,https://news.google.com/rss/articles/CBMi3gFBVV95cUxPSWhZNld3ZmM4dHJrNjl2U2QtUnA4S0czMUZCd2xqVmJwWVA2a3p2Sl9lT2tqOG9qM05GLTNSc3dQcXFlZUd5RXRvVnNjMWdqLUlDN2h6eDgxcFVqZWt2MTJ2SWNKTFhzQ0U3c29QbjRFNWdtWVZzSGdURmYxT08yRzJOamc5TE5fNFlubjg0UDdMbVVzR2t6NlBzNUZfSDFKZ1o0M2RtWURBNTI4eHJnT3B3WFUyVUVtUUg5VzI1ZENjemVaN3JwYi1rcFRWakQyZENBSmMyMFdZLV9WaGc?oc=5,"Thu, 08 May 2025 07:00:00 GMT",Prokopim Aceh Tengah,transformasi digital Aceh,google_news_rss
"Bupati Haili Yoga Temui Wakil Menteri Komendigi, Minta Dukungan Program Aceh Tengah Satu Data dan Transformasi Digital - Prokopim Aceh Tengah",https://news.google.com/rss/articles/CBMi5wFBVV95cUxQbzRTaFFQTWpMaWx6aXBwZE0tUUh6WEFxbHY2WnZaNHF2RFlrQzdvM3dLejdrdkhSeHpmU0RmNG52b2p2UjlPSTJxTVhCbnJvaHY1QWR1ZG5HeG5lWW9aa2wybUt5X0RmQzZyN1N1b3ZMWUg5cmRPSUdDdTRSYmFzNnI5QnJpVnNPZFlOWDB5eUM0d1ZvajVBNU4wM0VGRTc2bTRsc3lpRGlMME1mN1JhNmR0MmF5b3NMRTNwSnNGYmJBaDUxX21RR1pVMUdPaEc2U0dlWFg1WC1sN3RIYlJ2bzNNc0RQdWs?oc=5,"Fri, 09 May 2025 07:00:00 GMT",Prokopim Aceh Tengah,transformasi digital Aceh,google_news_rss
DPMPTSP Hadiri Sosialisasi Arah Kebijakan Transformasi Digital Pelayanan Publik - Diskominfo Banda Aceh,https://news.google.com/rss/articles/CBMiygFBVV95cUxNNG1pOWstWjJMUV9naG1CeW9vNFJELXZvMVd0VndDeUlEQjZYQWFOcjd6N1BjUzJaN29KVmxpeWVLT1VYd1JSbmhXNVlrQU9vcjMyQXdsbldkR25qOC1vOXVjMHZadjRkUXVfM3QtS0wxOGltUUw2ZU03S2plazUwUlVsaGFEYUNVbVI0bjdPTlFzbHpNVWlIQ0E2T21fSGRKRHNfWWs1ZFl4YWd1YUZCSEZLRVMzczFvU04zREVwdWJVSmtoUFJQcWZn?oc=5,"Wed, 29 May 2024 07:00:00 GMT",Diskominfo Banda Aceh,transformasi digital Aceh,google_news_rss
BKPSDM Aceh Utara Gelar Bimtek SIAP Tinjut: Dorong Transformasi Digital Pelayanan Kepegawaian - BKPSDM | Kab. Aceh Utara,https://news.google.com/rss/articles/CBMi7wFBVV95cUxPUnMxODItVG1rMkJKbHVTOEdjVWpFeWhPWUwycHJrZmJuTlBUUmdnNG1paHp1aURibzZXVndaYjR4YmFZVVlZU2xrVEZ3ZVowZWpkSFhaVHNxR1hHR3lORDRhQnJtS0RwU1JoVndVWDNiX0hvRXRpLUM2bGo0UFMzV1l2eXRXbi1MbmFTWVZjVk4xTTBwbExvVllneVZ1Z1hSUm1WRTNtTVZCcTlGdDZ2UmVxQzlGaDVSckN3Ym8tSUZldHIyQ1F5bUU1d3p6MjRYS2ZrX2lTclRXeGVCSTVtSjQ4ZWRaeVRQNUtqNHhjOA?oc=5,"Wed, 13 Aug 2025 07:00:00 GMT",BKPSDM | Kab. Aceh Utara,transformasi digital Aceh,google_news_rss
Aceh Timur dukung transformasi digital melalui Perjanjian Kerjasama Sertifikat Elektronik dengan BSSN - Pemkab Aceh Timur,https://news.google.com/rss/articles/CBMi9wFBVV95cUxOWlZFdFFuTmRQcGtqN1RLV1ZpV3pXeFZfN052aTh3OWpoZFkxa1oxX3J3SnVSajhwRm9UWlhOM0ZCVkRvVmJnMjFWWVNFNGRMVnJLWmxVVnE5WkxHcTI1RlBNNkU5VGNQZmxweFJvS1hDT0JBaVVyX21SVzNiRnd2Vi1MZzRTSk5jbjBzc2VIRnAtMUUwQzUweUNoeW50aHVWOEV5dE10X1dTR0NxVzJ6U0pKNWNDNDJiYlh6Zy1WeUJjQ2FBS3F5Ri1pdlU4N2Vhd1hlSUVqWVM0aGI5bzEyZzBGelJGMFMwTVFFTUNnMGhERmF0QWQ0?oc=5,"Wed, 08 Feb 2023 08:00:00 GMT",Pemkab Aceh Timur,transformasi digital Aceh,google_news_rss
Said Agil: Teknologi Tanpa Iman Bisa Melahirkan Krisis Moral - Aceh Online,https://news.google.com/rss/articles/CBMiowFBVV95cUxOYWQ5b3NwM2lVQUwxQVpWM05hNWtPUGZ0d0hEMDlXVW5pTEt6Z2NWRDZMTkY3UzVGbENMSEFCTVVvcmNVWnZUSUN1bjJGNXlYSy12WF9TbUdhbmQxV2xFb3NVQ0NfY1B5anZ0aEkxMlBWV3hFdHVybW1YTzk1RlVxaGhvOVNIb0Jmck0xQzlsRFF3UWszRk51Z2VoRVVrZi1XOG840gGgAUFVX3lxTFBsT280X1E1R05fMHhfWVVNeDFMYUtBVVl2VHltTlpaYjJCM2dzaEk4Y0JWY3dfQlZFeXVHX0JPdlNQZEZna2NaeHhwWTJVVXlRbFZaOXdjcm14U1VZSjByelVqeHFYUWQzNUk0NE1BeGZSZXpGWjl1SUpsaTV5VlcxeEtlZXZGZHVCVnRMQ2ZjNEFia0M0cHRYZDM5ZjhxOXg?oc=5,"Tue, 04 Nov 2025 08:00:00 GMT",Aceh Online,transformasi digital Aceh,google_news_rss
"Wujudkan Reformasi Birokrasi, Pemerintah Aceh Siap Dukung Transformasi Digitalisasi Pemerintahan - DINAS PENGAIRAN ACEH",https://news.google.com/rss/articles/CBMi6wFBVV95cUxOMEd4YTNGbFBRQmxfY0JqSERIVTdtTUVrLXZIdUxBUHRsNVV3Uk5GbmlVdkFaRnhFZWEtMS13WUdFNGVMM2hfQnpod0RualY4d2JZcjBVUmpwazFjZk0xNUxYa3c3TXFtU3dzRm0tSnhEdzFqRkVsRjF0YVQ2bE1aSHZSN0lNVDZQSkRWYkViaTFqOTN3SWxvTE1sS2luSVN5S2JPeTJBWG1GSWJMcW9ZaE5pNXlhREJDOXk4eXk3ZnhYQXNSR2lQTDRNUGN3a2NwbTh2WXRpTUtrMG5hN3N0eXNJMHpzTTBUZ0Mw?oc=5,"Mon, 22 Aug 2022 07:00:00 GMT",DINAS PENGAIRAN ACEH,transformasi digital Aceh,google_news_rss
Rektor UIN: Transformasi digital jaga warisan budaya bangsa - ANTARA News Aceh,https://news.google.com/rss/articles/CBMiogFBVV95cUxNQW1OZDNMMFVoVzFvUzgtYzZhR1R3OHAzS2lxczhIeUFQY0lrVXZmYkVMTGpaOXNfeWhkTlFyTVpOd2lHMlU4ZUVsc1J1ZWl3X0xvMVFab05QOFREQWlYRzdrdFRobmI4dW1VVlRFSjZBMElfRGc5N0E4N0xuWjFEM1otM3Y2LXZBRGFLUHV2R1B5bVpEdVR1WkVVVVo4b292VFHSAacBQVVfeXFMUGJWcHpnWFhGb1h4c1A0VVR0Q01DTUoxejVBcjI0VUc1b1JnVGhDc3ZVdXpoZHNQbzI1QktjOW1heC1oeGgxVEQ3OXotdEZPTVd6M3VnRkZRWXlDZ2JuWUtBRGduZUJGWHZyeFFXbUF5QldxdlFFQXl1eE9IeVRhUG5uNE1ScWJYMW1sekI1UE1LQVRwX19INW92NERuLW9WYV9xMzR0Unc?oc=5,"Thu, 03 Oct 2024 07:00:00 GMT",ANTARA News Aceh,transformasi digital Aceh,google_news_rss
PLN UID Aceh Dorong Transformasi Digital PLTD Sabang untuk Dukung Kota Wisata Andal Listrik - Putaran.id,https://news.google.com/rss/articles/CBMisAFBVV95cUxNSzA4OUVpWVJxVVRYVFNhSFdiSUhDVXBDbXJxZ0Rfb1phQlFocmhtbThzS2hfLUViZVNrTFdIdzBLdGl4aDRTTTJsNkVfelAyMFFrRW1WZTZ1MEd4WjV4eVpMMW5lNTRKeWRfQXlQOHlLUm0xazNhamd2amRoNTIwZi03eDkyS3A5ekdlZWJITVpHcXdHamlDWnhRSm1renJ0VWhZdlRfbEl1OE0xcUNRMQ?oc=5,"Fri, 12 Sep 2025 07:00:00 GMT",Putaran.id,transformasi digital Aceh,google_news_rss
"Transformasi ke BSN, BTN Syariah Tambah Kantor Cabang di Aceh dan Siapkan Produk Digital Syariah - Stabilitas.id",https://news.google.com/rss/articles/CBMivwFBVV95cUxPcXkwN3RCNkdIajdELXJXVTFZOUJqME95WURPWDA0MmdybkxIRnc2R2xWbHNhOVVwYXdDbVJ1bU1lbTIwVU9DRFA0dTE0QWlsOXVsc2FvRnBZbVdwWHI0Z3NteHpDTVNBSHAzTHJuSWlRRGUyaUJnbTlOSlZUR3locGh2VE1CdEhVN19zT01kWW9yT0pCMi01QzRDR0ppXzlzWkUwalBKRkk1SlFFV3FVM3p2SXZkbE1PbXlETjNuaw?oc=5,"Mon, 22 Sep 2025 07:00:00 GMT",Stabilitas.id,transformasi digital Aceh,google_news_rss
PLN UID Aceh Dorong Transformasi Digital PLTD Sabang untuk Dukung Kota Wisata Andal Listrik - harianrakyataceh.com,https://news.google.com/rss/articles/CBMi0gFBVV95cUxPbW1mMUFHc09sckZtNEg5UVRTUWZUQUxLb3NlYnc4WkJBNUVRNGJ2X2ozMnBzVFlnNTViS2RVVnJvTEpMeE1WYUNOVVByOG9ZSDdtaFNGWG5XRFZfXzVLaWZMeDc0QTJlWXVLOGRBZWcySWljaHJaZmtmVjFDN3BnOU44X1A0OC1wMkxfMEVhaFlOTl9RTkFzZWI4a3NQS2hUWVYxVEUzSXBIVDJWYU96akc1QVF0N1pKWFVZc0dGVnhkX0tVN1ZHTTJORHpSc004NEE?oc=5,"Fri, 12 Sep 2025 07:00:00 GMT",harianrakyataceh.com,transformasi digital Aceh,google_news_rss
Sinergi Pengendalian Inflasi dan Transformasi Digital Wujudkan Aceh yang Maju dan Bermartabat - Sudut Berita,https://news.google.com/rss/articles/CBMixwFBVV95cUxNZ1NZbHVHM2xDcUtKZk5yUFJkUDRkQ2JCV0IyVHdUVHFRckk0UXoxOG1RajN5cURlRE93bzdKdjB3a0RjUGZCNGVDMDlsNDY3S1d5aVlNZXJPR1RlYnVrVy1tRHhzRXdRRG1rYzBmM3JNYUh0a2Mxb3VUUGlDejdNQ3lOVDE2Vm1uQmZkLUc5X0dQaWhaMHFzZDl1d3ZtTktRdjcxeEVPVzBSM01rWVRteFNSekstbjAyWEpJN21iZjc3cUpCMDdJ?oc=5,"Wed, 14 May 2025 07:00:00 GMT",Sudut Berita,transformasi digital Aceh,google_news_rss
Transformasi Komunikasi di Era Digital: Memahami Perubahan dan Tantangan Baru - aceHTrend.com,https://news.google.com/rss/articles/CBMiugFBVV95cUxPb0MwMXJrSVZfYmFCT01HT1NfUUUyQjlCWTNuRG56WWlaTVNCN20xdEd0aFIwT1ktQngtb1VYVFY3bU45RUJLRlBXUjZuZUFfTHBHZGthM2Zjb1BQeEl4eHZDa0hza3hLblhHODAtTjNlcnBWdHpLbDY5ZWo4c0pnMk5MMXY4dGNtT1NsN19jdmo2eWdMUFB1dVR1QnlwdFB6VEZzVE9NZlpxWV9LbVRGX0Y3OWt3eFBlOUHSAbcBQVVfeXFMUG5QTTNYeFRuSzZhamp2SEJMUFJxZG1wcDBOR0RLcjdTd1dFQW1Xd0xVTm1NdkZDMDh1Z2x2QlNpMXROWk1NYzhuVnhwLVlQT1VBb2xwLU5WTGpUYnliMWxTaGJHSUxNempjNlZXX1VJNFhsWGplUGR4M3hkd1BNbmxraW9CNWVrMlYzUDZ5VmIwLXduS1NIUWZ4UUVNT3dsZzgxOHdsNzJwMWluQWpjUWE2RVBBREdB?oc=5,"Fri, 28 Jun 2024 07:00:00 GMT",aceHTrend.com,transformasi digital Aceh,google_news_rss
Kankemenag Aceh Timur Orientasi Perluasan Akses Madrasah Digital - RRI.co.id,https://news.google.com/rss/articles/CBMirAFBVV95cUxPMXNsUXJHVHpvdkJZWXFncm9qd1hoYjdSX3FDejNSSklDTmMwc1UxMXNMeGY2akdHVGhzbkVuS3hsd3dzRVJvTlVia2pYUXA1R0JsRHFfTGxoWE95UUhxRnZCUHVwZVd3Tjh6dmdsTjlna0pqQmJKMmVKZExIMGphXzk1S3FrWjVqeVFpQnlBU29nN1FWb3Y5Y1Q3V2RFZ0xDRmlfM2ZJSkQ1dnJX?oc=5,"Sat, 20 Sep 2025 07:00:00 GMT",RRI.co.id,transformasi digital Aceh,google_news_rss
"Sambot Muharram Raya, Momentum BI Aceh Percepat Transformasi Digital - Sudut Berita",https://news.google.com/rss/articles/CBMipAFBVV95cUxPMmhFdXl3eDlVY0hkSTRhUGlOamdyeVZCQVo3ZFpmN0JmQ2NCSTNiM2VIRHVFUjdGbVc0SnVjS1NYWXE2OWNhNVc3NnBadXF6QUhUQWdxd2dsNjEtM0xaaTRvSEFEZTNlbDZ3QVN0cXpLZ1FQdXR5M29jZTQ1N2VlT1dMcGxoSk5HX0FjSDktYndtd29reXYwVzhfUDNOdkRXVkpseg?oc=5,"Sun, 14 Jul 2024 07:00:00 GMT",Sudut Berita,transformasi digital Aceh,google_news_rss
Jelajah Ilmu Dorong Peningkatan Prestasi Anak Didik di Ratusan Madrasah di Aceh - acehstandar.com,https://news.google.com/rss/articles/CBMiwAFBVV95cUxPTklpbXRTal9IcDlzRnRIbENxOWJUeXNueFRKeXFBaDI4VWZ2ZVZpcU9zUVk5dkR6dnVvaEtNMjhVZ1dxcnRzMXI5aHd6a0dHYVc5WS1XZHlwOHhJU2NqMmpsNkZqaWwtVHBoZ1Q1UkZXcjNzajFjZ0VwYndxd2IxcENhMGpqZllmb3licjhCQ0RXYWlMRUdzZl82Y3FGQXRWMFJlR3ZrSE5KWVNJRlRWUVNjc2ZzZ09FOHlPemEyN3E?oc=5,"Thu, 22 Jun 2023 07:00:00 GMT",acehstandar.com,transformasi digital Aceh,google_news_rss
Azwar A Gani Kembali Nakhodai PW Ansor Aceh: Siap Wujudkan Pemuda Tangguh di Era Transformasi Digital - ruangberita.co,https://news.google.com/rss/articles/CBMi1gFBVV95cUxQaHh5NlN6cWRQTDNVMUF3TDJQNWdPSTN1c3NVeUhwcEkzclBEY0tfTGJDNThHeUNoXzFpTndORzhISVNvY0p0eGxRLUlNN1dYTHVWOTk1RGx1cUhNaE41cG9YQm80MjRsUlRLMjNreXNUVmRZNnVDU3NUblBEWXI0bHRCazNmNUlMTWVMMHQ1RzdZWXBiNnpXbWMwbWg0bnZFNjdZV1dFOHV6SHFTM2RCQnBPejJHZ0NEalNENlJwbmpuaWd0VVc2bVNkdlMxT3FGNmJUWmZn?oc=5,"Mon, 13 Jan 2025 08:00:00 GMT",ruangberita.co,transformasi digital Aceh,google_news_rss
"Perspektif Edi Yandra, Kadis Arpus Aceh: Transformasi Perpustakaan di Era Digital » - dialeksis.com",https://news.google.com/rss/articles/CBMiqwFBVV95cUxOcFVYTzJtYk1fZzZWSWNIdlpZZTZ0Wm5qUEMwVDllbWJ6ZmhpMl90MXJvcGdPRkRsd3BUTVBFcm1uLXJDcnBybkh5amoyQ3ZEWGhzbGhHLWgyeERWT2E2eGdTNm92enAxbTVISjZwU1hSdjh0NXMxeGxucHVlR054dGp2Sjd6MXZqck9CUzNmcW0tU3NQVmV5V1gxWHp1Q1g3WFlhdXlwcm5lcUXSAbABQVVfeXFMTWJXWldEMGV0MFFoWkRjWVQxa2xoWUc2bG5DYl9SWldQUVlzNTBtcjRCR1pWeS1sblM0MzZTRlFPMnVSS3lQb3g1SU5PdHF5cEZtTWRJY0ZsQXRHSElDN0xLd09sRzZZb0VmVzdzZ0Jnd1VBenpkTGxaVkgwRlk5aW80RzQ5am81X20ybkJhSGxWb1l4Z0NHeWZGUy1wR01XRXBUVUgzdElpYmZLMFhlcmM?oc=5,"Mon, 13 Jan 2025 08:00:00 GMT",dialeksis.com,transformasi digital Aceh,google_news_rss
Tiga Madrasah di Aceh Barat Raih Juara Madrasah Digital » - dialeksis.com,https://news.google.com/rss/articles/CBMiiwFBVV95cUxQblJBenJwVDFhWVZoXzl2b3l4eFBleEtOelJWalFIb0FVS01xaE9GVTBCNk11cFVoUUNHSkFTM2NFVlhwajBIdngzU0NRTjMtN19NcXY4ZDd0VUJfa2lWY0szYnAxYVNxUVdtRl9aQjRVZWx4cF9kSWZCSlpqaktmZ3VIX3dUSklwZ2Q00gGQAUFVX3lxTFBoTTgxVEFOQ1c0NWhVNk5mejVFczRtTklRS0ZkUlZhWGthVEJ1LU9lOHQ4M1hmWDdRTGxNTXVjd05mRUFtcFg2UExsb1hPak1wWW04RE9EYXFoTWZvOTQ2dWJJWXRNbHV2SUF1SFlrU2ROa0hkdGZPUTZEa2dwUDlvQVJJRW1wcHNYVW9yLWJTNg?oc=5,"Fri, 02 Feb 2024 08:00:00 GMT",dialeksis.com,transformasi digital Aceh,google_news_rss
Aceh Besar Mulai Transformasi UPK Menjadi BUMDESMA - Kanalinspirasi.com,https://news.google.com/rss/articles/CBMingFBVV95cUxOaDM5N1RncHhyRm5XY2tIZXVUNk9TX2tRdG9xU2lEX1dTZEt0ZHV3aGtMeUx6ekNoUVlkc0phVDVPZzhfSkI1M2JQbHFSS1dyUUI5cTdfclJoNl9UdHR0bmhkRnoycFJ6ZDFnQm9qbzZkQ3VWMzZSY1hCZjZFajFXYmVfQkM1eVM1ZVRxNzJuSmVhZUlXSTBudFM3Y0xHZ9IBmwFBVV95cUxObHF6OHpkY2R4MUZrazA4djJiXzh1c2pDTHVyS0FzdFhTLTZyMkFpS05naDhtajhMY1N1c0VlSUFDS2RsR1BkTVpncnMxZnhjb1FWcnE1NTVENVp2bGdXYWo1b08xXzBMZkNTckJiREhmYUdOclNjSEE2U2M3M2JKLXhOclhxSDFUSkQwWmowMzlzNHFTNXpnVHAyQQ?oc=5,"Fri, 25 Nov 2022 08:00:00 GMT",Kanalinspirasi.com,transformasi digital Aceh,google_news_rss
PDAM Tirta Keumuneng Raih Digital Transformasi Award - harianrakyataceh.com,https://news.google.com/rss/articles/CBMingFBVV95cUxOTFZaYXFXb2EzZm1pUHdrZGVsZ2tpUXRUYWx4cGlKa1VXZnVaY1BfVWFuOVF3R1E1VmtGVzFSanZtdjJoU0tBRUp0T1hicE50M190cHRkb24zZjRZTVpUNVBCWnEzUklyZFZGV0RSNllmT0lpaDhSRGx3MTNrdVN1cmVMN1RJbmhuTXp5MzRQNXFLYXQxNXAybzM3THhRZw?oc=5,"Wed, 05 Oct 2022 07:00:00 GMT",harianrakyataceh.com,transformasi digital Aceh,google_news_rss
"Akselerasi Layanan Digital, Gubernur Mualem Instruksikan Penyempurnaan Program Satu Data Aceh - Prohaba.co",https://news.google.com/rss/articles/CBMi1AFBVV95cUxPcFZGWDBpU3VEZzNwbWFCRWI1MFRCMlRRclZsbnNKYk1NWUd4X0pRelI0SDI1TzhEc21zZ1ZNM3hnZXpFN1ZuQ1c3Ym1QRi1ZSzFuYXZ1RnFleUlFeGRfVFU3VnlmN3prX0xRWGRfWXZLU3Q0TGEwZVNhdERnVmZlRDJXZ3piQVdSeHE5MzNVUlFzV2IyVW5EaVNJQXZOWTNZSm9OTV84d1BaNlFfeHl2anY4WkRZX3BQRFpWaTlSSmZtdE53eWlsTk5zM1dpR25xNF80SQ?oc=5,"Thu, 13 Aug 2026 03:05:31 GMT",Prohaba.co,transformasi digital Aceh,google_news_rss
"HUT ke-53 Bank Aceh Syariah, Perkuat Amanah dan Transformasi Digital untuk Ekonomi Aceh - ORINEWS.id",https://news.google.com/rss/articles/CBMivgFBVV95cUxOOC1tNnNOUXE5ZnBvNnh1Z2FCT1hHcXFmRTdONjZNZnplZnBpTVk5R1lMVS10MmFVbnZucTE3Mi0wNDZKVVdaanVfclRFdTh3eXRZSTdwbElnOWVFRTJOcFpCd05VdGRpVzVZVlFxVi1obWlpVG0yRWNaWkxaU0tYeFBYQzZSZ2hPUmZTR2ZILXBMOFlCTjNkVG5hczR6Mlp3RUZvS2RHdlFCN3p4MG5UOUMtOElFQjlIcmIyUnRn?oc=5,"Wed, 05 Aug 2026 07:00:00 GMT",ORINEWS.id,transformasi digital Aceh,google_news_rss
Diskominfotiksa Sabang Dorong Transformasi Digital untuk Perkuat Pelayanan Publik - AJNN.net,https://news.google.com/rss/articles/CBMiugFBVV95cUxNOHFManlnN2VnRk1DTnhEb2xYUDFNdHhIMEpEUFNVRnIxLXk2WmpkZWRKeG1YaERjYjZQNmlJWkh5c21YQUpfeks4YktEeUlRS0w1b04yeTBFVjRSRnQwMWZZVHZTcnBtSFg1VGtJMHJERWF3bVVFRGJpLXZmVEVWTzlzV1N4YjNnLWlwUU5fTFlZbFN5RWFRRVI5Tk5XdVNmdm1EVzR6TldNb1BPbHNYSElSRjB0MXVSQXfSAbcBQVVfeXFMTjZHTWZlSEY3b28wMVFrLUU4aWI3QWFiRWxQNU9GX3pwS1FyODVFUDNWTkl1cXpDMWVFOVNiTXZTNUZ6ME9wZXZUMFA1WlZVdmZvTEY5NDV4MWpuSDJ4ZVA3SjdscnNPQWY5X2lrTkZZNElQU0dBS3ZlZ1VtcE8wa1NoTlM1S2Z6eUI0ZEdNdzBjei1VX0lEbXhPN0FsY0xRMDJjbGdqTlR6bnRISTVfdEd0R2RVTVJr?oc=5,"Thu, 02 Jul 2026 07:00:00 GMT",AJNN.net,transformasi digital Aceh,google_news_rss
Pendidikan Digital di Aceh: Transformasi atau Sekadar Digitalisasi? - Serambinews.com,https://news.google.com/rss/articles/CBMiqwFBVV95cUxPTFNKXzdweVlOZHV3VWpWeF9IYVg1N2d1QmFzbUlaMTZIVGFrem05SUVWZFlDdkJlSjJyN0gzN2RhVmJfeEdkVmY5eGFhaFdoVS1URHMwdzVJWUZLNng4QW9fSmVmb1dwMFdsQlNDYWRMR1VuYVV1Mk43QUJhc3VyR0tranpZWmNpbG9RY3VRenpwalBTMFdsN3pfZGkwcXNTNWtodmJZM1FDTk0?oc=5,"Mon, 13 Jul 2026 07:00:00 GMT",Serambinews.com,transformasi digital Aceh,google_news_rss
"Dilantik Ketua Umum PP, PW PERGUNU Aceh 2026–2031 Fokus Transformasi Digital dan Kualitas Guru - Serambinews.com",https://news.google.com/rss/articles/CBMi0wFBVV95cUxPS1BpREtHVU1fUGNzWURheTQtZG42SFlXSFVXUS05YVN4QU14TndWdDA4bHByT2pKZmRPa1dfY01BZENUcHRPYjE1UHpnVC1zTEdubkh4SldjcC1xNXJuY0hnRU5qbjEzUmZ5ekZEUkhNQkF2d3k2QnZ0YWx4SHFKbm4xTlByWi1yY2RMd3BvbzZOLUxTYnpuR2ZUZTRucjRsOXNaWUJCa1BZQVFvazNuSG5SWGZsTEFMcUxjbVVxSGZuanJDeXRUd2F3aU8xRktkQ2pF?oc=5,"Sun, 12 Jul 2026 07:00:00 GMT",Serambinews.com,transformasi digital Aceh,google_news_rss
Diskominfo Aceh Singkil Diminta Perkuat Perlindungan Digital Anak dari Ancaman Judol - AJNN.net,https://news.google.com/rss/articles/CBMivgFBVV95cUxOcjBCbHBKNjhwVW5WQU9sTjBwOUpqdlFzSHdublNrUGZzNERSZWxISnlVcGtCN0VPN0IyNjFtODhVVGs2UG9pUnYtLTg1dmdqMmxsLXRBX1VINlMtNTNuR1d1RDhUVmFoel9raTFDZDhvNVlhc0JTN3pCdFl0T09EX21fXzZ2YlptYnpwY2NENGh3X0ppX3RLWk9Gb3hYSnVmR0FVSWhrQ2p5cE05akRMX2o5WmFJcXpxX2htMThB0gG7AUFVX3lxTE92RmJFTDBYUlpjbWo4WmhYeDl6T1FJaVIxUHJNanVUVTBLS0hvbEJhNWxzRldvMjE3elFxTFZ0akN1WlF6Z3ZRYWZuQkJxSUZybFVzSlN2RnV3SGhBYTNONF80ZngyaFJtV3lYWUthNFpLel9DOW5yTks2TjRxTF9zQUJ6R3hibUVOQXRFOHpBLThiR0o1Um5lTzUwM0cyUzVxTzN6WHl6YlJuUmRxdWQ2MnN1X0xQZ1d1SXM?oc=5,"Sun, 17 May 2026 07:00:00 GMT",AJNN.net,transformasi digital Aceh,google_news_rss
Gubernur Aceh Tekankan Penguatan Tata Kelola dan Transformasi Digital dalam RUPS Bank Aceh Syariah - beritamerdeka.net,https://news.google.com/rss/articles/CBMi1wFBVV95cUxNb3JDdlJDaG8yUF90TVNqREdfa2dwN3BUbUtpYUl3Z2dGLXVsdzg2ck1MX2IxZmI2UnpOb3lwQlJESWFVWjMyZ3NreXR2Q0d4UkFwblB4VWVRbGVmVWd5M19LbWd1cUNtWnAxRlVoOTNHVzVaMm9vblYzVzYtWk4tTXZmZ1RKdFIwLXZ0OGlsNGxodVpYOFRXUGRLeng4emZJVVlHY255YWZjMEdWcDhGazdhZF93ckRDbTFsRDViNF9MT3pXcjh0clNJU2dWeEZJOWltS1NDc9IB1AFBVV95cUxPSnk0V0NGc1RsOFNSeVdsU3Q4ZFl6WGREMjRLc0tLcWhIZEdfUUh6SDlxZVZOVURHUWZ1MWhMYXFJNDh3VXhFWUY4UWhBb1RiNmtEN01ua2xfSm5ieGp0bjBteU9iSlBzZU9DSWItQ0xSTFYyNkRFYk9OSVluRV9BV0Y0QVRoRi1nTFZObFFzXzJhWjV1UVJfZVMxd1pIelVOWFZ6Vmw5Y25KQWZLNkVZaDlDNVRyWE9YUm4tWW9ybFg2cGc3WjlobjllZzhDdGt2b0oxWQ?oc=5,"Mon, 13 Apr 2026 07:00:00 GMT",beritamerdeka.net,transformasi digital Aceh,google_news_rss
Mualem Tekankan Transformasi Digital dan Tata Kelola Dalam RUPS Bank Aceh Syariah - AJNN.net,https://news.google.com/rss/articles/CBMiugFBVV95cUxNMUtadDhEdy1xZWtwLUZlTGpteUZDZkxwWWNRM1ByWnM3UFFCQ2xZSHVXaXZscDc0Q2N5QlN6UzluZldrM3JtTkVScEZqTHRtNlUxWWN5YjZJSFY0eW9vbzl2VEVXRG1hNmppM2gxc2d3YmJ0V0J0YmJSbjhnUElDMUZDSDdXZTVwbVJ2RVQ4NkxYdkEzbXUxWGxEX3Z0alNaT0VFZl9oX0dKMXBDUU91ZmtUclNzSkpoV2fSAbcBQVVfeXFMTkhTT05JQktrRlR0cnk2aXhTSTVCMnQ2eDVGZHlVb3dBOUQ5THZKMGozTU9MVmktcmZPRl9kSlFVLXlvMlZWYmNDS3p0VDJzcF9lRUJuY2pCS1A0N0ZWVk1qS0tEbktjdVJzSU9odjljd2VnMm81QzVpMUZvUHJlbUJCYi1DQWVfYjdFdXpvOVJpTUFMZ281dXAzMG54eWhfWFVqemIyRmRFLXNOSTVHR3VpM0lxRm9R?oc=5,"Mon, 13 Apr 2026 07:00:00 GMT",AJNN.net,transformasi digital Aceh,google_news_rss
Pesantren Dorong Kemenag Aceh Adaptif di Era Digital - Pos Aceh,https://news.google.com/rss/articles/CBMifkFVX3lxTE5IMWxuT3BfUlUzQVpPZU80cFhWZlVPVDRIQ0lSdmsyVlN2NE1GRWpjemUzcE1KdGt5aXh1aG5aM2tvSHdNQWNsQ3NxdHRIX1UxN182MGhOdW1ORlFXNGNja0IxVU91bkpVcVBLWUktU1ZzY1puZDFCZUVjNTJoQQ?oc=5,"Sat, 25 Jul 2026 07:00:00 GMT",Pos Aceh,transformasi digital Aceh,google_news_rss
Bank Aceh dan PosSaku Perkuat Digitalisasi UMKM di Aceh - Beritalima.com,https://news.google.com/rss/articles/CBMihgFBVV95cUxPWVlEOVByS3JoZktnaXV1ZzMwSEd6cExWRGMwUzhtX0pUbk5NM1JzaWQxMl9fWEJPRGJsZWN2NnM0aWgwRkE1TXpDS1ZGd1lCWGE2UjNVYjVid0JpSG8tcHN5dURyNmEwY3N6SDdhTFZBTzc2eXlRSThYN05oTFF1aVdTSmJadw?oc=5,"Wed, 20 May 2026 07:00:00 GMT",Beritalima.com,transformasi digital Aceh,google_news_rss
Plt Kadisdikbud Aceh Singkil Diminta Perkuat Tata Kelola dan Dorong Transformasi Digital - AJNN.net,https://news.google.com/rss/articles/CBMiwwFBVV95cUxOUEtSenVqZ0gtdFQ2Z09mRWhjTDdwd2hQMzJhak9lTll4LWdvZHhxRzYwN2RzeXdOMHFmV1BJUmYwWWRCczlJU0lEYzFpaFhfLV9YbkJpTkRRZl9ZdlBaWi13QVc5N0xCQ0ZSVGk3dnJfYS1SQTVndFQxT2JfZnRWS3dLOU9oSlIwNEFwZGN1U0ZiUkRyUzJoNVBtc1pkSC1wbEpXb2RmMjI4MVdhQ1VSbjN4NWJUYWhNbUJMeVpFUXd6TlXSAcABQVVfeXFMTVJOYzQzSFlYVk5PN0h1Y2szY2FaZ0FncWZFY2hMcXJfN0Yta3JGTUVuMkFacUMyVHhxaEdVNVVfaDNFVUk2MEpwSXgtbHYtaDdvLW5pVlFqOG93dWNXai1tSm0zUXNTaC1fUWxKR1JxN2lnZkFrdVFaVFpHSkpNRXQ3RXpaSkZfOGIxTTBhR2xfVjhqRlNNTmtqXzFmSTVsMnh6U3VoMHUyMlRURUdOTWdWZ29WbE9SeWIxXzQ5b1dC?oc=5,"Thu, 12 Mar 2026 07:00:00 GMT",AJNN.net,transformasi digital Aceh,google_news_rss
Kemenag Aceh Tingkatkan Transformasi Humas untuk Kepercayaan Publik - Headline.co.id,https://news.google.com/rss/articles/CBMipAFBVV95cUxNb2gzT0pkeDVKS0tHbmxaS2ZvUVF1Ym9qODlKQzFCMlh1c0VrYVdlaWdrdWVuT1I0RVAwLTR2dE9BZHYzdXlkcFN4a1E4MlZRbkRVbGQ4aWxuT3pJT0pDajJrSXl5ZFFsY2JfOTlXdXFPZFJfWEUwQlJ6d0dkQU0yRTRrUUI0eGJwcGdMRHVPeTB4SVZ2VE80V21hSF8waGZpMENBbg?oc=5,"Fri, 03 Jul 2026 09:15:31 GMT",Headline.co.id,transformasi digital Aceh,google_news_rss
Transformasi SDM Banda Aceh di Era Digital: Siapkah Kita? - Serambinews.com,https://news.google.com/rss/articles/CBMimgFBVV95cUxQSGVMYU5GSHJueFpqS0VkSnFYVnExTlhacFNDd1VZOFozR2tFNTRPbHRfRWU4Y1dSSFRJLXdIYTEzS2xmZmQ3VGY1ZUw0X3JDVHRCam5GaWpiUEx0aE56QkRlM2FkMWZzVHJqOER2MHZxcmJDQzk2SjJPRWNvTE9OUmozV0M0eDZiVkFmeVZQQkkxVGs2XzZRZE9n?oc=5,"Fri, 02 May 2025 07:00:00 GMT",Serambinews.com,transformasi digital Aceh,google_news_rss
"PosSaku, Cerita Digitalisasi UMKM Aceh - RRI.co.id",https://news.google.com/rss/articles/CBMihgFBVV95cUxPNXp6ZWl1S0lBemVLQmJaLVJiMFpUVWdMQ0R0MmxJTXZVY0cyTzJNTENqdEJTZXFrQ05kM1lHUWJRV3JSUllFZDhzUU9fN1QyMVR0emFYZ0o3a1NvRlg1X3ZxaTNjX1RKQVNqRFZpYlJlUmdhLWJyZzNma245elpMb0w2dlF6Zw?oc=5,"Fri, 30 Jan 2026 08:00:00 GMT",RRI.co.id,transformasi digital Aceh,google_news_rss
Pemprov DKI dan Pemkot Banda Aceh Tandatangani Mou Kolaborasi Transformasi Digital - disway.id - Disway,https://news.google.com/rss/articles/CBMisgFBVV95cUxNdDBSRDlEOTBScHJsUEdvck9PbHNIdEZaaUVBbV9Ncl9lZE1oTlpYMWJyaG5MY2J4OEY2LXVOcXJUTngzUFJVaFl4ZTBEelhlUzhjZGdERnlQNC1VZjlpOUlwbkUxRFQ1XzNELXoxTWVtTGtaOEhtT0RHV2ZaRGxhNTAyN2xTYzFNUUJGZ0w5dFRPWlFYTW9OYUtNMkNEOGI0V3UyeEVLQnhUMkJKSThZUVJB0gGwAUFVX3lxTE1GOUxRY2hQSkdRa3BJeHNvRmhjcXc0a2M4N3pQMXZCOFdpRU8zVzM2ZVVJc3VIWnRtcTFSaDg5WWE1VGlsdG4xdURIY2gyTGhxZlh0eU43S2FQSzJPa0JkclRTN1I1NDhsNWZvaVhlaF8xZ1U5aGt0d2lhaXAtaXFPZGV0c2FvQXhzUEVtcGJKY2NIZGtmek1lWEpxS2VPVEk1OWc1dm5XRWpJNTRpVUs0?oc=5,"Sun, 25 May 2025 07:00:00 GMT",Disway,transformasi digital Aceh,google_news_rss
Viral! Wajah Baru Museum Tsunami Aceh Kini Serba Digital: Makin Instagramable dan Edukatif - Jurnal Aceh - Jurnal Aceh,https://news.google.com/rss/articles/CBMi3gFBVV95cUxOalVoMlBlZHFPUzBuZFhnSzVLeHlCUWlDM2RkaGc2dUtISWhaTHNMckpaY0Z6QXNCd3BJWTAtUlZIZ0Z2a2VBNGhKand4UElNNDg3c0J2NmgxS0xyVzhKNGJzVjBGbmxWU2FXYUo2aEN5b1Zab0pyQ0lUVThlUm5mLUQ5NU9oX19WaU1LSVRQVVF4SE4wSkI0VzdJdlMxTkxqYVhCUDVSSlJQU3NvZ0xkdlhNVlV5cEJyNGVMRFRZLWR4UnZ5ZDdCbXdhR05od1dNSzllYUdSLWJXSmMwdUHSAeMBQVVfeXFMTVhsVHRTUy1ZTnBiVWc3LWczYVJ1cW5yS2ZLRzJTMUpjRkptdGZCVXBBUUpxdUV6V0JEZHpBWUprOEVmVXVwcGZRbTNEZDlhaWk3Qmx5RzdrMG5OUk80b3QzLVctbUt4ckpzUks4a0NqU25pU2JJdVhPUFpkaWNpUlRMMjZLV1VDSWxlaEYxYUJKa2FydWVJaVk0Wm45NUpoZzA2dzlGemRHa05jUnhuM0hES3k1NkNJMzU5WnF5d3JQaFZhaExUZlp4NjdXWGZoaXdSU1FQMXhtalRlVXlTTVNlWWM?oc=5,"Wed, 07 Jan 2026 08:00:00 GMT",Jurnal Aceh,transformasi digital Aceh,google_news_rss
"Transformasi ke BSN, BTN Syariah Akan Tambah Dua Kantor Baru di Aceh - AJNN.net",https://news.google.com/rss/articles/CBMipwFBVV95cUxNZG91RWw0Z3ZCaEhaLTJmek9mWHc1X2Z0YnRmaldORHZTOTgta19hUGVLRmpNaXVydTVZRGZOQ0EwMzVVSXJwaUFnejBLVGx0T0VuSF9oLVU3eW9ld3FDSEg2UUctWDdIWGtIcWRTVG9GdlcxLVVmQVpwdDZFUkRjOVM2Z2RnbVBqdTVVSGNMMEJxUTBwZkNqb3REbEd0WWlPRXhkell5Z9IBpAFBVV95cUxPX2tnSWFfQ0JlUzRCSEN4Y00xNGxGOW9TQWJlYkpZdTFDY2o5NndobGxRX2JIc3dlMTh4cGlORy1JMVFxOGVlZUdtUGd6Z2pzbHNYbTd1S0Y1MHdXMFREZFJGcXV3UVF0RG42QUYtYTVQRW9GUlVVN2p2N0FENzJDRTI3Nm1QRTl4MUFqMEJvQjRJQ1k3M2xzOGViR1ozVmd0cDlaTg?oc=5,"Sun, 21 Sep 2025 07:00:00 GMT",AJNN.net,transformasi digital Aceh,google_news_rss
Webinar Literasi Digital di SMP Aceh Besar Bekali Pendidikan Karakter Gen Z di Era Digital - beritamerdeka.net,https://news.google.com/rss/articles/CBMizAFBVV95cUxOVTduOGNZUUtyWG1acERVa1dYTk5NdWJkTUFQOGo2enZSWjU2Mkpkb1BvNzRSREJGNlp1dUFSbGprNkFIcDdNaEtER3ViM2R6VE1sc1RHclBycUc2MTlYaDVEUkgwT3phc05WTnlpeUdLbWRzLTVHaGRva2ZCWFJEZVFfaWtvdkY4Wi1IR2hKd2RZZloxNzlfWFRydEZwcWo3cklMd1lGRmZVTlJyODNpeVJrVVctdU00OEJqdEs1OUE2dldYSUl1MUsyZUbSAcoBQVVfeXFMT3Y1bjg0Y09ndllxa2lBM3RHSnF5SmRjV0FUNVBDN1NIdGZDWThnem9hclBVMkg4QzE1S212X3VRdXRGUGw3aEtWYTI1T3lGeF9RaURSQ2x6bkh3VEZjUUc3YjdQbUdUOE9oUjdQOG5GclBmYUJ1cTdkT2k1cVNVeFR3M0s5N2ZJY2JjOEplQTJOX1cyZWlCZEwtV3hDdTR3Ql9OcV9WcGNzYU0yT2RRZ2h0Ukl2Ynd2ZFluazNhall1OHRRNjhuaVgzdw?oc=5,"Tue, 30 May 2023 07:00:00 GMT",beritamerdeka.net,transformasi digital Aceh,google_news_rss
Rizqon Halal Syah Aji Beberkan Kiat Sukses Transformasi Digital di STISNU ACEH - kumparan.com - Kumparan.com,https://news.google.com/rss/articles/CBMixwFBVV95cUxOcmo4RUg2ZHd0eV8weTFZd0JtRzNtSEV0VEt1Q2dUZ2h1STQtR3NLWVJHa0hkLUZtTFh2cEJoc1djSTJfTDNwY1oxNVU3UTZ3UXVUZzVBYkUyXzcwTzU5VnNBVmw4dk41Zm5CUUtnRWkzOXVaclp3OExYcEVKOF83SW50MUh1dUdDZFBTRVFFdXpUM2VHcFh6M28tZjJ6S2ZEeVFUankzMGpyLWhGQWIxZkJiUlI1WFVWNjE2N28wT2czd29KY2xr0gHPAUFVX3lxTE0xOUFjMVI0c1dGOEhLZnAyOUZ0ZW5XQWEwRXBJeFlWUDdIWl9obXBDNXBRaWZRbmFkTmdnckR0SmVEd0JRQTdIV1pGSnpnemE3ZHVZWno1SER4VEJJWWxPR2NlR0lqdEg5ZHRhYzR1b3kySkIxd3kyWmRDMW54TmVGUUxUTTJYV1dYVlZDRnJnZmJRTWNwY0tLVXNMaUlwVUl2bU9fMFNhQ0tvcHhXMVdtSjdBQWY1NW9PdFhNZF92RHlqRVZUR2FORmNwVmZsWQ?oc=5,"Mon, 20 Nov 2023 08:00:00 GMT",Kumparan.com,transformasi digital Aceh,google_news_rss
Sinar Mas optimistis GSIH BSD turut dukung penguatan ekosistem digital,https://www.antaranews.com/berita/5712340/sinar-mas-optimistis-gsih-bsd-turut-dukung-penguatan-ekosistem-digital,,antaranews.com,startup Aceh,antara_search
Garuda Spark Innovation Hub fokus dukung program prioritas pemerintah,https://www.antaranews.com/berita/5711728/garuda-spark-innovation-hub-fokus-dukung-program-prioritas-pemerintah,,antaranews.com,startup Aceh,antara_search
Garuda Spark Innovation Hub diluncurkan guna kembangkan inovasi daerah,https://www.antaranews.com/berita/5711396/garuda-spark-innovation-hub-diluncurkan-guna-kembangkan-inovasi-daerah,,antaranews.com,startup Aceh,antara_search
Menekraf sebut investasi asing ekraf didominasi subsektor aplikasi,https://www.antaranews.com/berita/5266469/menekraf-sebut-investasi-asing-ekraf-didominasi-subsektor-aplikasi,,antaranews.com,startup Aceh,antara_search
Menekraf: KUR ekraf berbasis KI dialokasikan Rp10 triliun pada 2026,https://www.antaranews.com/berita/5266461/menekraf-kur-ekraf-berbasis-ki-dialokasikan-rp10-triliun-pada-2026,,antaranews.com,startup Aceh,antara_search
"Hari Listrik Nasional, Pertamina Tambah 80 Desa Energi Berdikari",https://www.antaranews.com/berita/5201833/hari-listrik-nasional-pertamina-tambah-80-desa-energi-berdikari,,antaranews.com,startup Aceh,antara_search
Menkomdigi tekankan teknologi Indonesia tumbuh bermakna dan inklusif,https://www.antaranews.com/berita/5191973/menkomdigi-tekankan-teknologi-indonesia-tumbuh-bermakna-dan-inklusif,,antaranews.com,startup Aceh,antara_search
Kemkomdigi siap cetak 2 juta wirausahawan teknologi lewat Garuda Spark,https://www.antaranews.com/berita/5191577/kemkomdigi-siap-cetak-2-juta-wirausahawan-teknologi-lewat-garuda-spark,,antaranews.com,startup Aceh,antara_search
Wali Kota Banda Aceh nilai Indonesia masih sangat membutuhkan ANTARA,https://www.antaranews.com/berita/5149745/wali-kota-banda-aceh-nilai-indonesia-masih-sangat-membutuhkan-antara,,antaranews.com,startup Aceh,antara_search
Kemkomdigi resmikan Garuda Spark Innovation Hub kedua di Jakarta,https://www.antaranews.com/berita/5149717/kemkomdigi-resmikan-garuda-spark-innovation-hub-kedua-di-jakarta,,antaranews.com,startup Aceh,antara_search
Kemkomdigi siapkan fasilitas pengembangan usaha rintisan di Banda Aceh,https://www.antaranews.com/berita/5089053/kemkomdigi-siapkan-fasilitas-pengembangan-usaha-rintisan-di-banda-aceh,,antaranews.com,startup Aceh,antara_search
Wamen Komdigi: Banda Aceh Academy jadi kebutuhan generasi muda,https://www.antaranews.com/berita/5088377/wamen-komdigi-banda-aceh-academy-jadi-kebutuhan-generasi-muda,,antaranews.com,startup Aceh,antara_search
Komdigi dukung target Pemkot Banda Aceh lahirkan 100 startup,https://www.antaranews.com/berita/5085353/komdigi-dukung-target-pemkot-banda-aceh-lahirkan-100-startup,,antaranews.com,startup Aceh,antara_search
"Inovasi ""Bhoi Morica"" raih tiga penghargaan di Korea",https://www.antaranews.com/berita/5022441/inovasi-bhoi-morica-raih-tiga-penghargaan-di-korea,,antaranews.com,startup Aceh,antara_search
Pramono bantah CCTV sengaja dimatikan saat unjuk rasa di Jakarta,https://www.antaranews.com/berita/5718263/pramono-bantah-cctv-sengaja-dimatikan-saat-unjuk-rasa-di-jakarta?utm_source=antaranews&utm_medium=desktop&utm_campaign=popular_right,,antaranews.com,startup Aceh,antara_search
WNA Aljazair yang berendam di Danau Sunter dievakuasi tim gabungan,https://www.antaranews.com/berita/5718043/wna-aljazair-yang-berendam-di-danau-sunter-dievakuasi-tim-gabungan?utm_source=antaranews&utm_medium=desktop&utm_campaign=popular_right,,antaranews.com,startup Aceh,antara_search
"Pemkot jaring puluhan PPKS yang tunggu ""Haji Gocap"" di Kebayoran Baru",https://www.antaranews.com/berita/5718291/pemkot-jaring-puluhan-ppks-yang-tunggu-haji-gocap-di-kebayoran-baru?utm_source=antaranews&utm_medium=desktop&utm_campaign=popular_right,,antaranews.com,startup Aceh,antara_search
Pihak ormas GRIB Jaya belum ketahui ada posko terbakar,https://www.antaranews.com/berita/5718181/pihak-ormas-grib-jaya-belum-ketahui-ada-posko-terbakar?utm_source=antaranews&utm_medium=desktop&utm_campaign=popular_right,,antaranews.com,startup Aceh,antara_search
Tarif Transjabodetabek Blok M-Soetta Rp15.000 berlaku mulai besok,https://www.antaranews.com/berita/5718375/tarif-transjabodetabek-blok-m-soetta-rp15000-berlaku-mulai-besok?utm_source=antaranews&utm_medium=desktop&utm_campaign=popular_right,,antaranews.com,startup Aceh,antara_search
"Sebar cara buat molotov, Polisi tangkap pemilik akun ""pemukiman setan""",https://www.antaranews.com/berita/5718595/sebar-cara-buat-molotov-polisi-tangkap-pemilik-akun-pemukiman-setan?utm_source=antaranews&utm_medium=desktop&utm_campaign=popular_right,,antaranews.com,startup Aceh,antara_search
"Pelapor Ruben Onsu cabut laporan soal penggelapan dana Rp3,5 miliar",https://www.antaranews.com/berita/5718819/pelapor-ruben-onsu-cabut-laporan-soal-penggelapan-dana-rp35-miliar?utm_source=antaranews&utm_medium=desktop&utm_campaign=popular_right,,antaranews.com,startup Aceh,antara_search
Aktor Revaldo Fifaldi ditahan terkait kasus narkoba,https://www.antaranews.com/berita/5718283/aktor-revaldo-fifaldi-ditahan-terkait-kasus-narkoba?utm_source=antaranews&utm_medium=desktop&utm_campaign=popular_right,,antaranews.com,startup Aceh,antara_search
Ivan Gunawan rancang seragam defile Indonesia pada Asian Para Games,https://www.antaranews.com/berita/5719627/ivan-gunawan-rancang-seragam-defile-indonesia-pada-asian-para-games?utm_source=antaranews&utm_medium=desktop&utm_campaign=popular_right,,antaranews.com,startup Aceh,antara_search
Tunda penggunaan medsos pada anak dapat lindungi kesehatan mental,https://www.antaranews.com/berita/5719617/tunda-penggunaan-medsos-pada-anak-dapat-lindungi-kesehatan-mental?utm_source=antaranews&utm_medium=desktop&utm_campaign=popular_right,,antaranews.com,startup Aceh,antara_search
Kemenhub: Keselamatan penerbangan Indonesia di atas rata-rata global,https://www.antaranews.com/berita/5719240/kemenhub-keselamatan-penerbangan-indonesia-di-atas-rata-rata-global,,antaranews.com,startup Aceh,antara_search
"Satgas PKH kuasai 111,71 hektare tambang ilegal di kawasan IKN",https://www.antaranews.com/berita/5719101/satgas-pkh-kuasai-11171-hektare-tambang-ilegal-di-kawasan-ikn,,antaranews.com,startup Aceh,antara_search
BNPB: Titik panas karhutla meningkat pada tiga provinsi di Kalimantan,https://www.antaranews.com/berita/5719008/bnpb-titik-panas-karhutla-meningkat-pada-tiga-provinsi-di-kalimantan,,antaranews.com,startup Aceh,antara_search
Kemlu koordinasi otoritas Korsel atas dugaan TPPO yang libatkan WNI,https://www.antaranews.com/berita/5718924/kemlu-koordinasi-otoritas-korsel-atas-dugaan-tppo-yang-libatkan-wni,,antaranews.com,startup Aceh,antara_search
UIN Ar-Raniry-Kemenekraf jalin kerja sama ekonomi kreatif di kampus,https://www.antaranews.com/berita/4845645/uin-ar-raniry-kemenekraf-jalin-kerja-sama-ekonomi-kreatif-di-kampus,,antaranews.com,startup Banda Aceh,antara_search
Wali Kota Banda Aceh temui Komdigi minta dukungan pembangunan BAA,https://www.antaranews.com/berita/4722121/wali-kota-banda-aceh-temui-komdigi-minta-dukungan-pembangunan-baa,,antaranews.com,startup Banda Aceh,antara_search
UIN Ar-Raniry perkuat program wirausaha untuk mahasiswa dan dosen,https://www.antaranews.com/berita/4649833/uin-ar-raniry-perkuat-program-wirausaha-untuk-mahasiswa-dan-dosen,,antaranews.com,startup Banda Aceh,antara_search
Akademisi: Kehadiran Amanah jadi penggerak ekonomi Aceh,https://www.antaranews.com/berita/4176843/akademisi-kehadiran-amanah-jadi-penggerak-ekonomi-aceh,,antaranews.com,startup Banda Aceh,antara_search
"Aceh jadi daerah ketiga di Indonesia miliki ""Markas Startup Digital""",https://www.antaranews.com/berita/4037967/aceh-jadi-daerah-ketiga-di-indonesia-miliki-markas-startup-digital,,antaranews.com,startup Banda Aceh,antara_search
Gerakan 1.000 startup di Aceh untuk percepat transformasi digital,https://www.antaranews.com/berita/3843333/gerakan-1000-startup-di-aceh-untuk-percepat-transformasi-digital,,antaranews.com,startup Banda Aceh,antara_search
"BSI: Pembiayaan berkelanjutan capai Rp78,6 triliun per kuartal II 2026",https://www.antaranews.com/berita/5705780/bsi-pembiayaan-berkelanjutan-capai-rp786-triliun-per-kuartal-ii-2026,,antaranews.com,bisnis digital Aceh,antara_search
Akademisi sebut adopsi AI logistik perlu dibarengi kesiapan SDM,https://www.antaranews.com/berita/5703689/akademisi-sebut-adopsi-ai-logistik-perlu-dibarengi-kesiapan-sdm,,antaranews.com,bisnis digital Aceh,antara_search
BSI bangun ekosistem UMKM nasional bersama Danantara,https://www.antaranews.com/berita/5679276/bsi-bangun-ekosistem-umkm-nasional-bersama-danantara,,antaranews.com,bisnis digital Aceh,antara_search
Kemenekraf kembangkan talenta wirausaha berbasis komunitas di Aceh,https://www.antaranews.com/berita/5665545/kemenekraf-kembangkan-talenta-wirausaha-berbasis-komunitas-di-aceh,,antaranews.com,bisnis digital Aceh,antara_search
Pemko Banda Aceh latih keterampilan warga bersaing di dunia kerja,https://www.antaranews.com/berita/5605960/pemko-banda-aceh-latih-keterampilan-warga-bersaing-di-dunia-kerja,,antaranews.com,bisnis digital Aceh,antara_search
Shopee buka kompetisi jurnalistik UMKM Paten 2026,https://www.antaranews.com/berita/5571351/shopee-buka-kompetisi-jurnalistik-umkm-paten-2026,,antaranews.com,bisnis digital Aceh,antara_search
"Menekraf Teuku Riefky Luncurkan Ulang AMANAH Aceh, Dorong Hilirisasi Industri Kreatif",https://www.antaranews.com/berita/5539568/menekraf-teuku-riefky-luncurkan-ulang-amanah-aceh-dorong-hilirisasi-industri-kreatif,,antaranews.com,bisnis digital Aceh,antara_search
BSI perkuat digitalisasi untuk tingkatkan pengalaman nasabah,https://www.antaranews.com/berita/5534440/bsi-perkuat-digitalisasi-untuk-tingkatkan-pengalaman-nasabah,,antaranews.com,bisnis digital Aceh,antara_search
Pelaku UMKM manfaatkan teknologi AI Grab untuk kembangkan usaha,https://www.antaranews.com/berita/5509253/pelaku-umkm-manfaatkan-teknologi-ai-grab-untuk-kembangkan-usaha,,antaranews.com,bisnis digital Aceh,antara_search
"Industri Pindar Tumbuh Pesat, JULO Perkuat Kualitas Kredit",https://www.antaranews.com/berita/5495074/industri-pindar-tumbuh-pesat-julo-perkuat-kualitas-kredit,,antaranews.com,bisnis digital Aceh,antara_search
"Bank Mandiri Catat Fundamental Solid di 2025, Perkuat Intermediasi dan Peran sebagai Mitra Strategis Pemerintah",https://www.antaranews.com/berita/5404146/bank-mandiri-catat-fundamental-solid-di-2025-perkuat-intermediasi-dan-peran-sebagai-mitra-strategis-pemerintah,,antaranews.com,bisnis digital Aceh,antara_search
Ekraf Peduli perkuat pemulihan pascabencana Sumatera,https://www.antaranews.com/berita/5387442/ekraf-peduli-perkuat-pemulihan-pascabencana-sumatera,,antaranews.com,bisnis digital Aceh,antara_search
"PSN: Mengorbit, Satelit N5 perkuat infrastruktur satelit nasional",https://www.antaranews.com/berita/5384370/psn-mengorbit-satelit-n5-perkuat-infrastruktur-satelit-nasional,,antaranews.com,bisnis digital Aceh,antara_search
PLN sebut bencana Sumatera titik balik penanganan sistem kelistrikan,https://www.antaranews.com/berita/5365786/pln-sebut-bencana-sumatera-titik-balik-penanganan-sistem-kelistrikan,,antaranews.com,bisnis digital Aceh,antara_search
Urgensi kemandirian sipil di tengah gejolak global dan bencana lokal,https://www.antaranews.com/berita/5353993/urgensi-kemandirian-sipil-di-tengah-gejolak-global-dan-bencana-lokal,,antaranews.com,bisnis digital Aceh,antara_search
Shopee-Kemenekraf latih 120 warga Sumatra kuasai keterampilan digital,https://www.antaranews.com/berita/5718387/shopee-kemenekraf-latih-120-warga-sumatra-kuasai-keterampilan-digital,,antaranews.com,UMKM digital Aceh,antara_search
"Transaksi UMKM Aceh di karya kreatif Indonesia 2026 capai Rp7,9 miliar",https://www.antaranews.com/berita/5714189/transaksi-umkm-aceh-di-karya-kreatif-indonesia-2026-capai-rp79-miliar,,antaranews.com,UMKM digital Aceh,antara_search
Kemenekraf latih fotografi untuk pemulihan ekonomi pascabencana Aceh,https://www.antaranews.com/berita/5714177/kemenekraf-latih-fotografi-untuk-pemulihan-ekonomi-pascabencana-aceh,,antaranews.com,UMKM digital Aceh,antara_search
UMKM Banyumas Raya tampil di Karya Kreatif Indonesia 2026 di Jakarta,https://www.antaranews.com/berita/5705009/umkm-banyumas-raya-tampil-di-karya-kreatif-indonesia-2026-di-jakarta,,antaranews.com,UMKM digital Aceh,antara_search
71 Lapak BSI hadir di pasar rakyat guna dekatkan layanan syariah,https://www.antaranews.com/berita/5682052/71-lapak-bsi-hadir-di-pasar-rakyat-guna-dekatkan-layanan-syariah,,antaranews.com,UMKM digital Aceh,antara_search
KNEKS fokuskan rantai nilai halal pada ekosistem syariah Indonesia,https://www.antaranews.com/berita/5631332/kneks-fokuskan-rantai-nilai-halal-pada-ekosistem-syariah-indonesia,,antaranews.com,UMKM digital Aceh,antara_search
Cara Kemkomdigi dukung percepatan pemulihan pascabencana Aceh Utara,https://www.antaranews.com/berita/5623044/cara-kemkomdigi-dukung-percepatan-pemulihan-pascabencana-aceh-utara,,antaranews.com,UMKM digital Aceh,antara_search
SBY: UMKM kunci ketahanan ekonomi di tengah ketidakpastian global,https://www.antaranews.com/berita/5593679/sby-umkm-kunci-ketahanan-ekonomi-di-tengah-ketidakpastian-global,,antaranews.com,UMKM digital Aceh,antara_search
Bakom: Pemulihan ekonomi terjadi di daerah terdampak bencana Sumatera,https://www.antaranews.com/berita/5566147/bakom-pemulihan-ekonomi-terjadi-di-daerah-terdampak-bencana-sumatera,,antaranews.com,UMKM digital Aceh,antara_search
Kemenekraf: Fotografi ponsel bisa jadi modal pacu perekonomian daerah,https://www.antaranews.com/berita/5715933/kemenekraf-fotografi-ponsel-bisa-jadi-modal-pacu-perekonomian-daerah,,antaranews.com,ekonomi digital Aceh,antara_search
Menkum: Penerbitan surat KI dengan cepat hasil transformasi digital,https://www.antaranews.com/berita/5705489/menkum-penerbitan-surat-ki-dengan-cepat-hasil-transformasi-digital,,antaranews.com,ekonomi digital Aceh,antara_search
Aceh usulkan Pokja ekonomi dalam Desk Koordinasi Kemenko Polkam,https://www.antaranews.com/berita/5703309/aceh-usulkan-pokja-ekonomi-dalam-desk-koordinasi-kemenko-polkam,,antaranews.com,ekonomi digital Aceh,antara_search
Tularkan semangat kemerdekaan lewat dampak positif di media sosial,https://www.antaranews.com/berita/5700751/tularkan-semangat-kemerdekaan-lewat-dampak-positif-di-media-sosial,,antaranews.com,ekonomi digital Aceh,antara_search
Pidato Kenegaraan Presiden Prabowo pada Sidang Tahunan MPR (Bagian 1),https://www.antaranews.com/berita/5694132/pidato-kenegaraan-presiden-prabowo-pada-sidang-tahunan-mpr-bagian-1,,antaranews.com,ekonomi digital Aceh,antara_search
Kemenpar-BI gelar pelatihan guna perkuat wisata ramah muslim,https://www.antaranews.com/berita/5688676/kemenpar-bi-gelar-pelatihan-guna-perkuat-wisata-ramah-muslim,,antaranews.com,ekonomi digital Aceh,antara_search
Sastra untuk penyadaran kebangsaan,https://www.antaranews.com/berita/5685471/sastra-untuk-penyadaran-kebangsaan,,antaranews.com,ekonomi digital Aceh,antara_search
SBY: Pemimpin harus jaga kepercayaan publik di tengah ketidakpastian,https://www.antaranews.com/berita/5593861/sby-pemimpin-harus-jaga-kepercayaan-publik-di-tengah-ketidakpastian,,antaranews.com,wirausaha muda Aceh,antara_search
Kemendikdasmen-Dekranas siapkan 8.730 wirausaha muda lewat PKW 2026,https://www.antaranews.com/berita/5578153/kemendikdasmen-dekranas-siapkan-8730-wirausaha-muda-lewat-pkw-2026,,antaranews.com,wirausaha muda Aceh,antara_search
BSI perkuat UMKM inklusif dengan KUR Syariah,https://www.antaranews.com/berita/5189881/bsi-perkuat-umkm-inklusif-dengan-kur-syariah,,antaranews.com,wirausaha muda Aceh,antara_search
"BSI: Pembiayaan yang disalurkan ke UMKM sudah capai Rp52,01 triliun",https://www.antaranews.com/berita/5176177/bsi-pembiayaan-yang-disalurkan-ke-umkm-sudah-capai-rp5201-triliun,,antaranews.com,wirausaha muda Aceh,antara_search
BSI dukung proses evakuasi korban musibah pesantren di Jawa Timur,https://www.antaranews.com/berita/5144257/bsi-dukung-proses-evakuasi-korban-musibah-pesantren-di-jawa-timur,,antaranews.com,wirausaha muda Aceh,antara_search
Menaker targetkan BPVP latih 1 juta peserta per tahun,https://www.antaranews.com/berita/5133945/menaker-targetkan-bpvp-latih-1-juta-peserta-per-tahun,,antaranews.com,wirausaha muda Aceh,antara_search
Menguatkan kebun rakyat dan menjaga alam,https://www.antaranews.com/berita/5093381/menguatkan-kebun-rakyat-dan-menjaga-alam,,antaranews.com,wirausaha muda Aceh,antara_search
Kemendikdasmen tampilkan karya PKW Tekun Tenun meriahkan HUT Dekranas,https://www.antaranews.com/berita/4957165/kemendikdasmen-tampilkan-karya-pkw-tekun-tenun-meriahkan-hut-dekranas,,antaranews.com,wirausaha muda Aceh,antara_search
BSI dampingi UMKM ekspor 15 ton biji kopi ke Timur Tengah,https://www.antaranews.com/berita/4955273/bsi-dampingi-umkm-ekspor-15-ton-biji-kopi-ke-timur-tengah,,antaranews.com,wirausaha muda Aceh,antara_search
Indonesia-Swiss perkuat akses tenaga kerja muda dan disabilitas,https://www.antaranews.com/berita/4893561/indonesia-swiss-perkuat-akses-tenaga-kerja-muda-dan-disabilitas,,antaranews.com,wirausaha muda Aceh,antara_search
Menekan angka pengangguran untuk wujudkan kejayaan negara,https://www.antaranews.com/berita/4554170/menekan-angka-pengangguran-untuk-wujudkan-kejayaan-negara,,antaranews.com,wirausaha muda Aceh,antara_search
BSI targetkan 8.500 peserta di program talenta wirausaha 2024,https://www.antaranews.com/berita/4522780/bsi-targetkan-8500-peserta-di-program-talenta-wirausaha-2024,,antaranews.com,wirausaha muda Aceh,antara_search
BSI lahirkan bibit wirausaha muda unggulan Aceh,https://www.antaranews.com/berita/4424281/bsi-lahirkan-bibit-wirausaha-muda-unggulan-aceh,,antaranews.com,wirausaha muda Aceh,antara_search
Mahasiswa USK ciptakan scrub dari cangkang tiram dan minyak nilam,https://www.antaranews.com/berita/4419793/mahasiswa-usk-ciptakan-scrub-dari-cangkang-tiram-dan-minyak-nilam,,antaranews.com,wirausaha muda Aceh,antara_search
"LPDB Koperasi bantu 56 koperasi dapat komitmen dana Rp105,1 miliar",https://www.antaranews.com/berita/5261373/lpdb-koperasi-bantu-56-koperasi-dapat-komitmen-dana-rp1051-miliar,,antaranews.com,inkubator bisnis Aceh,antara_search
Sekolah rakyat di Aceh tumbuhkan semangat wirausaha siswa,https://www.antaranews.com/berita/5120805/sekolah-rakyat-di-aceh-tumbuhkan-semangat-wirausaha-siswa,,antaranews.com,inkubator bisnis Aceh,antara_search
Menumbuhkan literasi koperasi di tengah bonus demografi,https://www.antaranews.com/berita/4825141/menumbuhkan-literasi-koperasi-di-tengah-bonus-demografi,,antaranews.com,inkubator bisnis Aceh,antara_search
Perpustakaan wilayah Aceh dikunjungi 187.581 orang sepanjang 2024,https://www.antaranews.com/berita/4631149/perpustakaan-wilayah-aceh-dikunjungi-187581-orang-sepanjang-2024,,antaranews.com,inkubator bisnis Aceh,antara_search
LPDB-KUMKM Akselerasi Pertumbuhan Koperasi melalui Program Inkubator,https://www.antaranews.com/berita/4441273/lpdb-kumkm-akselerasi-pertumbuhan-koperasi-melalui-program-inkubator,,antaranews.com,inkubator bisnis Aceh,antara_search
100 wirausaha ikuti konsultasi bisnis Entredev 2024 di Bandung,https://www.antaranews.com/berita/4333491/100-wirausaha-ikuti-konsultasi-bisnis-entredev-2024-di-bandung,,antaranews.com,inkubator bisnis Aceh,antara_search
"BSI UMKM Center, Inisiatif Strategis Dukung Wirausaha Jadi Berdaya & Naik Kelas",https://www.antaranews.com/berita/4286895/bsi-umkm-center-inisiatif-strategis-dukung-wirausaha-jadi-berdaya-naik-kelas,,antaranews.com,inkubator bisnis Aceh,antara_search
BSI UMKM Center dukung pelaku UMKM jadi berdaya dan naik kelas,https://www.antaranews.com/berita/4286859/bsi-umkm-center-dukung-pelaku-umkm-jadi-berdaya-dan-naik-kelas,,antaranews.com,inkubator bisnis Aceh,antara_search
Pj Gubernur minta UMKM Sumut cetak produk unggulan untuk PON 2024,https://www.antaranews.com/berita/4276579/pj-gubernur-minta-umkm-sumut-cetak-produk-unggulan-untuk-pon-2024,,antaranews.com,inkubator bisnis Aceh,antara_search
"BSI salurkan pembiayaan ke UMKM senilai Rp47,72 triliun per Juni 2024",https://www.antaranews.com/berita/4276155/bsi-salurkan-pembiayaan-ke-umkm-senilai-rp4772-triliun-per-juni-2024,,antaranews.com,inkubator bisnis Aceh,antara_search
Kemenkop UKM bina 10 koperasi agar jadi lembaga inkubator bisnis,https://www.antaranews.com/berita/4170768/kemenkop-ukm-bina-10-koperasi-agar-jadi-lembaga-inkubator-bisnis,,antaranews.com,inkubator bisnis Aceh,antara_search
KemenKopUKM dorong XBeauty Female Daily jadi agregator UMKM kecantikan,https://www.antaranews.com/berita/4140615/kemenkopukm-dorong-xbeauty-female-daily-jadi-agregator-umkm-kecantikan,,antaranews.com,inkubator bisnis Aceh,antara_search
LPDB-KUMKM adakan Program Inkubator Wirausaha 2024 buat koperasi,https://www.antaranews.com/berita/3988494/lpdb-kumkm-adakan-program-inkubator-wirausaha-2024-buat-koperasi,,antaranews.com,inkubator bisnis Aceh,antara_search
MAARIF Award 2022 diberikan kepada sosok perjuangkan kemanusiaan,https://www.antaranews.com/berita/3310458/maarif-award-2022-diberikan-kepada-sosok-perjuangkan-kemanusiaan,,antaranews.com,inkubator bisnis Aceh,antara_search
Komisi II DPR harap 25 kepala daerah ke Singapura bisa serap inovasi,https://www.antaranews.com/berita/5657189/komisi-ii-dpr-harap-25-kepala-daerah-ke-singapura-bisa-serap-inovasi,,antaranews.com,pelatihan digital Aceh,antara_search
Karyawan bentuk Kopkar Forindo jaga keseimbangan di industri logistik,https://www.antaranews.com/berita/5615072/karyawan-bentuk-kopkar-forindo-jaga-keseimbangan-di-industri-logistik,,antaranews.com,pelatihan digital Aceh,antara_search
Kemnaker fasilitasi 15 skema sertifikasi kompetensi bagi alumni magang,https://www.antaranews.com/berita/5590212/kemnaker-fasilitasi-15-skema-sertifikasi-kompetensi-bagi-alumni-magang,,antaranews.com,pelatihan digital Aceh,antara_search
Kaposwil PRR Aceh tepis tudingan pemulihan Aceh lambat,https://www.antaranews.com/berita/5565717/kaposwil-prr-aceh-tepis-tudingan-pemulihan-aceh-lambat,,antaranews.com,pelatihan digital Aceh,antara_search
"MAKA, Rumah dari Toko Kopi Tuku, Raih Gold di Infini‐T Awards 2026",https://www.antaranews.com/berita/5517191/maka-rumah-dari-toko-kopi-tuku-raih-gold-di-infinit-awards-2026,,antaranews.com,pelatihan digital Aceh,antara_search
Mahasiswa USK terapkan inovasi panel surya untuk masyarakat Pidie Jaya,https://www.antaranews.com/berita/5455987/mahasiswa-usk-terapkan-inovasi-panel-surya-untuk-masyarakat-pidie-jaya,,antaranews.com,pelatihan digital Aceh,antara_search
Kementerian PU perbanyak sekat kanal tanggulangi karhutla di Kalsel,https://www.antaranews.com/berita/5719633/kementerian-pu-perbanyak-sekat-kanal-tanggulangi-karhutla-di-kalsel?utm_source=antaranews&utm_medium=desktop&utm_campaign=popular_right,,antaranews.com,pelatihan digital Aceh,antara_search
AAJI memperkuat kompetensi SDM asuransi jiwa dengan pemanfaatan AI,https://www.antaranews.com/berita/5719632/aaji-memperkuat-kompetensi-sdm-asuransi-jiwa-dengan-pemanfaatan-ai?utm_source=antaranews&utm_medium=desktop&utm_campaign=popular_right,,antaranews.com,pelatihan digital Aceh,antara_search
UI dan Pertamina gelar Awarding Day AI Talent Hub Indonesia 2025,https://www.antaranews.com/berita/5143249/ui-dan-pertamina-gelar-awarding-day-ai-talent-hub-indonesia-2025,,antaranews.com,bootcamp teknologi Aceh,antara_search
Telkomsel gelar kompetisi aplikasi NexDev Competition 2016 di Bali,https://www.antaranews.com/berita/574497/telkomsel-gelar-kompetisi-aplikasi-nexdev-competition-2016-di-bali,,antaranews.com,bootcamp teknologi Aceh,antara_search
