raw_url,real_url,title,source_portal,error,attempted_at
https://news.google.com/rss/articles/CBMitgFBVV95cUxPcGpBT2hBbE5jSUpET0tKWHVvTmZlR0hLWUVyRFU1UFg5MnNVbk4weWdkd3NJcm1OX2Q2WktBSGRVSUpWc0dITE1LcHZzT0tYRGQ5dUlON0RNc2VaMW42ZUw0VGVrWGdhQTN3cVQxQW1oM19CNE5JR080dXdJZE5SWVgxZkZXbktpR2gzaTIzbkFHb0ZXczdyZ1Z6bVlJTlZGdi1XdnpBbmlFc3hFVm5hdGwzeVVBQQ?oc=5,https://market.bisnis.com/read/20220527/192/1537301/cilacap-samudera-asha-gandeng-startup-bikin-super-app-perikanan,Cilacap Samudera (ASHA) Gandeng Startup Bikin Super App Perikanan - Bisnis.com - Market,market.bisnis.com,extraction_failed,2026-08-31 23:30:03
https://news.google.com/rss/articles/CBMiwgFBVV95cUxNNXUtOUxUWk0wYms4VEhITld6YUU3SDVidFZ0TkQ0MUVlWEpNVUs2Z0tpeDRHbjR2SjFVNE5FdlZ1UUtwcTRuMEh4TXRGSGV6RWpYWHVQaExNU2podmJfTmI5SENNcVNEOTl0WXZnVUlWY0xabU8wdlJSU0xJRmdWcTJJdUVmdU1QUXdzZjNHV0VTZTBYbmNadlhlQTBITjI1STlvS2JUU0ZNSW5abmVvaHRLeTJsTWJNSjJyYTJNTWtZQQ?oc=5,https://finansial.bisnis.com/read/20210406/90/1377453/cabut-dari-aceh-bank-panin-pnbn-pilih-fokus-layani-nasabah-via-digital,"Cabut dari Aceh, Bank Panin (PNBN) Pilih Fokus Layani Nasabah via Digital - Bisnis.com",finansial.bisnis.com,extraction_failed,2026-08-31 23:30:12
https://news.google.com/rss/articles/CBMi0AFBVV95cUxOaW5PckZ5ZnA4Y0pOS0tkMy03akJmWjM1MWh5bXY5QjNVa2xueDRJZWN2UGFobm1zaEpYRUdGUG1QUmJVSE5SdHRKNHd5TnZGVWNvdGRrTFVMX1oxNlFUSEtma1JMZHppSndweE5FSHdCa0JvSXJVWFRYZDU4VXJSTTNMMDQxTHMybTRPdFJra0hzaHY4VVRoSk1JWThMNUJINFVQR0dOSlVkR0YtN1ZTeWYyYXNqMXVHZklHTGotRFRRZzZWV1lEWHJFZW1UY2I2?oc=5,https://finansial.bisnis.com/read/20250207/55/1837607/mutiara-songket-dari-aceh-alat-tenun-tunggal-ke-omzet-ratusan-juta-dengan-digital,"Mutiara Songket dari Aceh, Alat Tenun Tunggal ke Omzet Ratusan Juta dengan Digital - Bisnis.com",finansial.bisnis.com,extraction_failed,2026-08-31 23:30:13
https://news.google.com/rss/articles/CBMiqgFBVV95cUxNWHVFS3oyOWROUzdNa2NkOHBISDhtY2tDUC10cWVpUmpkX3dqVUpTYjlTTEJEVUthaGVUOThfbjY4X0x4VlNRUlFlRnBoNzM1ZzVhdG1BM0d4WEtzS1EtdUN2dUxTZG1lWFhLR2hXWWN3V193bnhKUkdhRWN4RnRxNGZYS0pnNUtqSGZRYXdXZTRIdXE4QWdHQ2ZUaU8td19ILWR6aEtZLUxZQQ?oc=5,https://www.rakyatpos.id/2026/08/hadiri-karya-kreatif-indonesia-kak-na-ajak-umkm-aceh-bersama-berdaya.html,"Hadiri Karya Kreatif Indonesia, Kak Na Ajak UMKM Aceh Bersama Berdaya - rakyatpos.id",rakyatpos.id,extraction_failed,2026-08-31 23:30:22
https://news.google.com/rss/articles/CBMiyAFBVV95cUxPVjdDNkVucHZIUGR1dWVoNDRlQmc0eGh0aVZ5OU5kMC12VFFmLWxNRVo0dWpRSHhtWXBBOE5DUTRwWV9kanZLaUdGeGZhWFh5eE8zTFF0T2RqczhOLXFKcVRBYkcwdDNlY1J5c0ZfVGJYLTZNZWNuc1pKS1R0SmxUcjY5WXZXS2hqU0JwYmF0UkhVSDIzNmFvQ1U5X0tOZUNZbUZjc3NvVDNQQ1NpTVcxYm1IZW4tTEQ0eXJVUmdDZlNhQWwtdjlyUQ?oc=5,https://ekonomi.bisnis.com/read/20260211/12/1952225/kriteria-umkm-terdampak-banjir-aceh-sumatra-yang-dapat-restrukturisasi-kredit,Kriteria UMKM Terdampak Banjir Aceh-Sumatra yang Dapat Restrukturisasi Kredit - Bisnis.com - Ekonomi,ekonomi.bisnis.com,extraction_failed,2026-08-31 23:30:34
https://news.google.com/rss/articles/CBMiygFBVV95cUxPbUx3RXF5Z29MaXpPbWxzZEVYZTZtNFl1WkZicGQydmxyOTNnYk9WRS1TcWZLVlZjRVJYQ3FIcUVaWHhuLThiVUVnbXhKaEg3YjJYOEQ0TlRteHo4OE1WaXpuTEVEYjhMRFoyZXl2ME4wT2RJT3R4cDNxZ3lyMEo3Z0dpVTRDd0JreGthbDAzNXZEWXU2eF9rOFFudkFGVnhRWUJab28wM1J2U1FydDFXRTh2b2VCVFZaZkxHQ29acHh2aC13cHlUUEJ3?oc=5,https://www.bisnis.com/read/20260119/638/1945073/program-mahasiswa-berdampak-2026-targetkan-10000-orang-pendanaan-120-jutaproposal,"Program Mahasiswa Berdampak 2026: Targetkan 10.000 Orang, Pendanaan 120 Juta/Proposal - Bisnis.com",bisnis.com,extraction_failed,2026-08-31 23:31:55
https://news.google.com/rss/articles/CBMirwFBVV95cUxNZVMxaGJ3Yi1tYUtqSF9xTFY2WGg3aFBOMnZLdzBiZnFUcElYOG1nSHRCRjhJUFdCWTgyXzdFMW5LX1pUM3lrWklOcFMwQmh0WVpxT1dzSmF1RkRHOWVwR1pfUWFvS0dKaDFpZl9LWUc0UE9kbmxjckRuWVFiWFd1cTdXZHZQVGlOcmVvamU3NFphcmF3dFRNVGN3NXFIRUVfcERPWERUd2puWUd5MEVj?oc=5,https://news.google.com/rss/articles/CBMirwFBVV95cUxNZVMxaGJ3Yi1tYUtqSF9xTFY2WGg3aFBOMnZLdzBiZnFUcElYOG1nSHRCRjhJUFdCWTgyXzdFMW5LX1pUM3lrWklOcFMwQmh0WVpxT1dzSmF1RkRHOWVwR1pfUWFvS0dKaDFpZl9LWUc0UE9kbmxjckRuWVFiWFd1cTdXZHZQVGlOcmVvamU3NFphcmF3dFRNVGN3NXFIRUVfcERPWERUd2puWUd5MEVj?oc=5,Investor Malaysia Tertarik Kembangkan Sektor Peternakan di Aceh - Pemerintahan Aceh,news.google.com,extraction_failed,2026-08-31 23:32:04
https://news.google.com/rss/articles/CBMixAFBVV95cUxQcDJ3Y0w3cFpYVDlqQkd4aDFtUnB0eWJsVzF5ZzJ4MkQyNUFDaEJCQXlaNTQ4aURYSkdGUjNHalVvSzl2eWJSTkh3OHRDSEpVSlpkbjhaLThnZ2t5ZmhvY29YanRnR3R4cjZ3VWQ2SnR5U19UWDVtby1kckNZc0NMcmpJVTVFYUxncU41Z2tfRTBBa2tBcDNaZ2xibUxzRjFmZFJpLUFxT1JOUGF0UkJZSjdzV0I1OS1qYlFJbEt4YUVEZ3Vt?oc=5,https://news.google.com/rss/articles/CBMixAFBVV95cUxQcDJ3Y0w3cFpYVDlqQkd4aDFtUnB0eWJsVzF5ZzJ4MkQyNUFDaEJCQXlaNTQ4aURYSkdGUjNHalVvSzl2eWJSTkh3OHRDSEpVSlpkbjhaLThnZ2t5ZmhvY29YanRnR3R4cjZ3VWQ2SnR5U19UWDVtby1kckNZc0NMcmpJVTVFYUxncU41Z2tfRTBBa2tBcDNaZ2xibUxzRjFmZFJpLUFxT1JOUGF0UkJZSjdzV0I1OS1qYlFJbEt4YUVEZ3Vt?oc=5,Pemerintah Aceh Dorong Investasi Melalui Blueprint dan Insentif Bisnis - Pemerintahan Aceh,news.google.com,extraction_failed,2026-08-31 23:32:05
https://news.google.com/rss/articles/CBMi5gFBVV95cUxPQ2FDOGkyNVBOSmpBUjFuaHJOVzhaN0ZCSHhzRGNrTXA1ZU5UazlZWWVZdWxtTkpqWXE1TmR0MEtSNklYSHFTUHlfd2Iyb1pvN2h2aG5VV0hoMHV1SFlDWEhNN2NFVDhheU51S19ORk53aFQtZkdsZy1iOXJWeFlVbnBrLVdjbmhLczhuZFhzcDhjbkUwbEdmNUNHVVNlVWRYZFFTVVBpM3VXeUFvSzUyZVZ6X1FLRnc0VmlORFhId3did1hsUERocWJBRHFyOGU4dkJwRno4MGdSMDU2OU9HOHlZX3ZrQQ?oc=5,https://news.google.com/rss/articles/CBMi5gFBVV95cUxPQ2FDOGkyNVBOSmpBUjFuaHJOVzhaN0ZCSHhzRGNrTXA1ZU5UazlZWWVZdWxtTkpqWXE1TmR0MEtSNklYSHFTUHlfd2Iyb1pvN2h2aG5VV0hoMHV1SFlDWEhNN2NFVDhheU51S19ORk53aFQtZkdsZy1iOXJWeFlVbnBrLVdjbmhLczhuZFhzcDhjbkUwbEdmNUNHVVNlVWRYZFFTVVBpM3VXeUFvSzUyZVZ6X1FLRnc0VmlORFhId3did1hsUERocWJBRHFyOGU4dkJwRno4MGdSMDU2OU9HOHlZX3ZrQQ?oc=5,"Gubernur Sambut Dubes UEA dan Direktur Mubadala Energy di Meuligoe, Bahas Kerjasama Investasi di Aceh - Pemerintahan Aceh",news.google.com,extraction_failed,2026-08-31 23:32:07
https://news.google.com/rss/articles/CBMizAFBVV95cUxPTDVfcTFudWhfcDQ3M3FfV09UMENESWhaRVVER0tUSGs5WmlSaHFxUXY3ZWFkS3lTcDhCa3R5TUw4Y09WQ1N2UVlkVm93eVdlSV92Unpxbk1yNHBMdEZxSEZhclNyeUxJbDdqbjg4XzNDekd5NGk1WDZUQjluTlNsdzM2UmtROG5VSTRHRlg1ekNoUU5IazRaZ0V0RXdqSXlmZndTMU5ibTgzdkhiZlRsLVloZ1RiNEV5bXYtN0xLekY4YVNqd2J0NXhwUEjSAdIBQVVfeXFMUFpSem8tbmZPNnZLalFhQ3lsMmRGTVRiTVV1TDFsUjRfWG0tZE9lZFZIVnI3RjBaaFgtZnBEeUlUelo5aEQ0V1N6MklobGNXNDZUYk1Ta1FlMjR4UDR1TUJuOTB4dzA5Z1JTVENueV9abXJJU2ZLNXJVRW1fRmVVNlZKZ3RCdk9OQzlWT0g4Rm1IQlZmQ3VBdmNCZEFZU2wwdnpQSmYxQXROZHRoOUlyaWxvdlZXNU11c2t4d0xyaWxsWHptbFJXZ2VUdWtUMHpkZXRB?oc=5,https://news.google.com/rss/articles/CBMizAFBVV95cUxPTDVfcTFudWhfcDQ3M3FfV09UMENESWhaRVVER0tUSGs5WmlSaHFxUXY3ZWFkS3lTcDhCa3R5TUw4Y09WQ1N2UVlkVm93eVdlSV92Unpxbk1yNHBMdEZxSEZhclNyeUxJbDdqbjg4XzNDekd5NGk1WDZUQjluTlNsdzM2UmtROG5VSTRHRlg1ekNoUU5IazRaZ0V0RXdqSXlmZndTMU5ibTgzdkhiZlRsLVloZ1RiNEV5bXYtN0xLekY4YVNqd2J0NXhwUEjSAdIBQVVfeXFMUFpSem8tbmZPNnZLalFhQ3lsMmRGTVRiTVV1TDFsUjRfWG0tZE9lZFZIVnI3RjBaaFgtZnBEeUlUelo5aEQ0V1N6MklobGNXNDZUYk1Ta1FlMjR4UDR1TUJuOTB4dzA5Z1JTVENueV9abXJJU2ZLNXJVRW1fRmVVNlZKZ3RCdk9OQzlWT0g4Rm1IQlZmQ3VBdmNCZEFZU2wwdnpQSmYxQXROZHRoOUlyaWxvdlZXNU11c2t4d0xyaWxsWHptbFJXZ2VUdWtUMHpkZXRB?oc=5,Moduit dan blu by BCA Digital Luncurkan Fitur Autodebit untuk Investasi Rutin bagi Nasabah - ANTARA News Aceh,news.google.com,extraction_failed,2026-08-31 23:32:07
https://news.google.com/rss/articles/CBMiqwFBVV95cUxPczZQSmpCcFNpVVdTYVozVngxTEFleFFtWldpT3lFakZOb19TekktdEFFcFNIU1JXNXFVbXBra1dRQmRndWxXVEtmR3NIemJ4cnVLVTU4OERJMkhieUozREx2aVN3MThQc0ZBdWdobVFGUk41MVZsbjFLbERrYkpoejVMMTJDcTVER3NmN3pQT3FYTUpoUjZCNk1vc1QxZjhYeDNmcXJwNk1WMlU?oc=5,https://news.google.com/rss/articles/CBMiqwFBVV95cUxPczZQSmpCcFNpVVdTYVozVngxTEFleFFtWldpT3lFakZOb19TekktdEFFcFNIU1JXNXFVbXBra1dRQmRndWxXVEtmR3NIemJ4cnVLVTU4OERJMkhieUozREx2aVN3MThQc0ZBdWdobVFGUk41MVZsbjFLbERrYkpoejVMMTJDcTVER3NmN3pQT3FYTUpoUjZCNk1vc1QxZjhYeDNmcXJwNk1WMlU?oc=5,"BCA Syariah Perkuat Keamanan Digital, Dorong Tabungan Dan Investasi Emas Lewat BSya - Acehinfo",news.google.com,extraction_failed,2026-08-31 23:32:07
https://news.google.com/rss/articles/CBMilwFBVV95cUxQR2laakJoNDlvMTlMaUJhUUExRFdMNG9SSGNTd1l6OWhiUGQyaXBxLVV5dWdpMWFySU1vLTktcWFFN3p3R09qa1NNNWFIcm9kV3Mtc3E2dEFneklRU24xNEItSGlHTUw2TGpKYUREdkFFRUJfNjQ0SmF0VTBlRktRTUMtU2psOHpnVXRDMmhsWkwydlhoZ0Rz0gGcAUFVX3lxTE5ZeHAtVGRUb0VLQ1ZFakF3WGNQM0gxV2xGV2hxOHFyTmJCUXJIdC00ODh6T3JtMTFNZWZXWFlqdVFpcmtmQjZUcWVwSTByaHg4TUMwTzB6aGJYQkRwMEhKWjhGLW1Ic2xtTFBoeG1tOHMxcXh3YW5UNG5xZG02YjVkdXF3NFk0NFlPODNJaGNiQ1BWUkZvMkJDemxzbQ?oc=5,https://news.google.com/rss/articles/CBMilwFBVV95cUxQR2laakJoNDlvMTlMaUJhUUExRFdMNG9SSGNTd1l6OWhiUGQyaXBxLVV5dWdpMWFySU1vLTktcWFFN3p3R09qa1NNNWFIcm9kV3Mtc3E2dEFneklRU24xNEItSGlHTUw2TGpKYUREdkFFRUJfNjQ0SmF0VTBlRktRTUMtU2psOHpnVXRDMmhsWkwydlhoZ0Rz0gGcAUFVX3lxTE5ZeHAtVGRUb0VLQ1ZFakF3WGNQM0gxV2xGV2hxOHFyTmJCUXJIdC00ODh6T3JtMTFNZWZXWFlqdVFpcmtmQjZUcWVwSTByaHg4TUMwTzB6aGJYQkRwMEhKWjhGLW1Ic2xtTFBoeG1tOHMxcXh3YW5UNG5xZG02YjVkdXF3NFk0NFlPODNJaGNiQ1BWUkZvMkJDemxzbQ?oc=5,Gedung Baru DPMPTSP Diharap Jadi Tonggak Baru Memacu Investasi - biro administrasi pimpinan setda aceh,news.google.com,extraction_failed,2026-08-31 23:32:07
https://news.google.com/rss/articles/CBMiqAFBVV95cUxQb2hjZjNiMkI0M1NZa2NMZlUxYUdXQllyZThqOXcwS2c2QlZ0VXV0LVpwTEUweHpUUFZHNUNpdDg1eklQdG9GeHBPWlRlcmxDZUNzNHE0ZWo4bGlBWFpsQnZ1bnU1V0EzQ1phZWEzdUs2WjRlbnNJUlNlMjB0ZWNCLUxTcDU0a3dtSXY4cE1tMDdzZmtGUl9USjRPek8wLXJVSFY0Zkl6OVjSAa4BQVVfeXFMUGp1T1hMZVJWc2E0NEtndWFqNFVVQzRMOHJQTUpzTFJsUWlLWkdHQWQ3Z0hWZG9IOVJyanE3TWRjTTJ4TkF5U0R6QkdfTlZaN050YnltaXdZQXI4Ymp6bDJNbFdrQlQ3c3QyVkpoZFRZb2tiQUw4N0tkRE9CSVZDLVlwQ2R5RlRZNlI5dzEyNVkzakllN1RVdlphYThYcC02RlV2ZjBSbGIwd2hyaF9B?oc=5,https://news.google.com/rss/articles/CBMiqAFBVV95cUxQb2hjZjNiMkI0M1NZa2NMZlUxYUdXQllyZThqOXcwS2c2QlZ0VXV0LVpwTEUweHpUUFZHNUNpdDg1eklQdG9GeHBPWlRlcmxDZUNzNHE0ZWo4bGlBWFpsQnZ1bnU1V0EzQ1phZWEzdUs2WjRlbnNJUlNlMjB0ZWNCLUxTcDU0a3dtSXY4cE1tMDdzZmtGUl9USjRPek8wLXJVSFY0Zkl6OVjSAa4BQVVfeXFMUGp1T1hMZVJWc2E0NEtndWFqNFVVQzRMOHJQTUpzTFJsUWlLWkdHQWQ3Z0hWZG9IOVJyanE3TWRjTTJ4TkF5U0R6QkdfTlZaN050YnltaXdZQXI4Ymp6bDJNbFdrQlQ3c3QyVkpoZFRZb2tiQUw4N0tkRE9CSVZDLVlwQ2R5RlRZNlI5dzEyNVkzakllN1RVdlphYThYcC02RlV2ZjBSbGIwd2hyaF9B?oc=5,Ustad Oni Sahroni: Investasi Syariah Ajarkan Transaksi Jelas dan Bebas Riba » - dialeksis.com,news.google.com,extraction_failed,2026-08-31 23:32:09
https://news.google.com/rss/articles/CBMioAFBVV95cUxNUWFLNUtCOF92VGZjdUp4alRtUmZkTWE0b29CU2luWUltTlNEcjcwOE1tbUl6NlVXNDR6ZktOc0h3Q0UwWnFkTjZaZUFhRno3aHBNZnEzUmFPZF8zY3lVelNfa0J2bkVOZ2JpRFZoVWpWMjNzNUJaak9oNUtXRUNGSFdfM3BfcGI5UHRlc3dPdDRpWnhfbUlOQTRpc1Z0Qkd60gGmAUFVX3lxTE1RNGVudnJ4R3lkUzljQTZrSkpOeFlmZjB6WUdlZWF0OFVTV29fTGhXWTdycER1cUMwYnMxUWRJME51SUdzalg3bHc3Q2ZLTVFXY0tBU1BIdTNGd0NoTVpQS0xRS2c0NzYycHI5Z0NsS05KRmtHd0UwenByd0xuVWtSN3NJMGROV0pOdkk5WWtKdTMxR3lEeUlibURvZGgtMkRkUlZJeGc?oc=5,https://news.google.com/rss/articles/CBMioAFBVV95cUxNUWFLNUtCOF92VGZjdUp4alRtUmZkTWE0b29CU2luWUltTlNEcjcwOE1tbUl6NlVXNDR6ZktOc0h3Q0UwWnFkTjZaZUFhRno3aHBNZnEzUmFPZF8zY3lVelNfa0J2bkVOZ2JpRFZoVWpWMjNzNUJaak9oNUtXRUNGSFdfM3BfcGI5UHRlc3dPdDRpWnhfbUlOQTRpc1Z0Qkd60gGmAUFVX3lxTE1RNGVudnJ4R3lkUzljQTZrSkpOeFlmZjB6WUdlZWF0OFVTV29fTGhXWTdycER1cUMwYnMxUWRJME51SUdzalg3bHc3Q2ZLTVFXY0tBU1BIdTNGd0NoTVpQS0xRS2c0NzYycHI5Z0NsS05KRmtHd0UwenByd0xuVWtSN3NJMGROV0pOdkk5WWtKdTMxR3lEeUlibURvZGgtMkRkUlZJeGc?oc=5,BSI Aceh Hadirkan Layanan ATM Emas sebagai Inovasi Investasi Digital » - dialeksis.com,news.google.com,extraction_failed,2026-08-31 23:32:09
https://news.google.com/rss/articles/CBMiowFBVV95cUxPSWwyazQ4UkhTRVdYbElSZWZHRllpYlRobWVYQ3MyVFl6dUNaRkhhRm51SFNjZzF4UkNvbXhKeGNiSkxwZS0tWml4bEFMSFRLUk5KN2hKUW8yb3lCaVFhOXFkYmluVnBYbm5NaGZnSkhIdVJvRTNtTWpFVVFiMUYzZkUtbmFkelN2X0VidHFkZlRBa0pvMFVrM2Fmb1BqemF6VHNz?oc=5,https://news.google.com/rss/articles/CBMiowFBVV95cUxPSWwyazQ4UkhTRVdYbElSZWZHRllpYlRobWVYQ3MyVFl6dUNaRkhhRm51SFNjZzF4UkNvbXhKeGNiSkxwZS0tWml4bEFMSFRLUk5KN2hKUW8yb3lCaVFhOXFkYmluVnBYbm5NaGZnSkhIdVJvRTNtTWpFVVFiMUYzZkUtbmFkelN2X0VidHFkZlRBa0pvMFVrM2Fmb1BqemF6VHNz?oc=5,Investasi Ternak Sapi Di Aceh Besar Sangat Menjanjikan - Pemerintahan Aceh,news.google.com,extraction_failed,2026-08-31 23:32:09
https://news.google.com/rss/articles/CBMiqAFBVV95cUxOMlYzTTJpUm9zYUhPNzFpTjhPYUJXcEtzX1R1d2xpSkxiWW1FcmNRb0E4bU02c3IxSWNKR2lXNVMzVndUTFhuUzRFN0l2bXZBLTVKWlFPTTJYS3hCLUViMjdNOS1GbzNCQ180dEcwU0xhM0d4bm40SkVSNkNEVXY3NmRacnZTRWZyMmFIX3VCQ2I3ZGE5dkJSbHM0WDdZVWZ4bm0zV2lTQ3nSAa4BQVVfeXFMT1pfV1RCcEgxUUt3R0tuWFdNR2c3MnpscHJhQ20wNnR0MjhXUmVJSjg2bWZDS1BIQTVZa1JObElpeDBMbFRUNVc1LVdheW1ZdGl4a2IyVGdRUjhVR2IySElING5PMEw2VmlmM21HVmlRaVgzczdqQmlXVm5jYjhOOVBINzBzTFMweTQ4WTNEbXlaNjJ4UVRQY1l5MGVrY3FNbjhQSGdiXzYwUFBEcWpR?oc=5,https://news.google.com/rss/articles/CBMiqAFBVV95cUxOMlYzTTJpUm9zYUhPNzFpTjhPYUJXcEtzX1R1d2xpSkxiWW1FcmNRb0E4bU02c3IxSWNKR2lXNVMzVndUTFhuUzRFN0l2bXZBLTVKWlFPTTJYS3hCLUViMjdNOS1GbzNCQ180dEcwU0xhM0d4bm40SkVSNkNEVXY3NmRacnZTRWZyMmFIX3VCQ2I3ZGE5dkJSbHM0WDdZVWZ4bm0zV2lTQ3nSAa4BQVVfeXFMT1pfV1RCcEgxUUt3R0tuWFdNR2c3MnpscHJhQ20wNnR0MjhXUmVJSjg2bWZDS1BIQTVZa1JObElpeDBMbFRUNVc1LVdheW1ZdGl4a2IyVGdRUjhVR2IySElING5PMEw2VmlmM21HVmlRaVgzczdqQmlXVm5jYjhOOVBINzBzTFMweTQ4WTNEbXlaNjJ4UVRQY1l5MGVrY3FNbjhQSGdiXzYwUFBEcWpR?oc=5,"Generasi Muda Aceh Ramai Investasi Crypto, Tren Baru atau Spekulasi Berbahaya? - Acehtimes",news.google.com,extraction_failed,2026-08-31 23:32:11
https://news.google.com/rss/articles/CBMiswFBVV95cUxQZ1h3cGRjeHVFZVZkTk5NZjg2M2xTM3k2UDg5eE1hYlNhZ3d4OFB5ZWVuWkpPTVpXU1hnZ3JBTzNRbEVUaHlwdXRpVEpoVVZYOFRNUHdIMjhtYU1GOW5ZczRjNFRwUWhYSkpYb3c1R1RYZjdkSnlMNEpHTVJpcjlWWFkwOU1wM3N4d0RDZDZaZldFMVJSVWtmcFVkN2RuMzVIR3VNTzNBbWJpaUdJWVRoWDcyd9IBuAFBVV95cUxQWlRRMmF3U0tSZjlxb0RyRXhmRW5CdHU4aHpvN25TemwtN1pjeVhVYVEzeHJBVzRyd3VrR1ViUDQwRlMzZGc5YjdUbDhIU3VCYmtNVlNWVURjZHd6V2JUSTM1MG5JdmN3S0ZoV1M2ZGxLUXZMdGtXbk5SQ2szekRfVkhoRDBIOG8tNnRrVi04YURZX3ROYU41cVZTcHotMEEyaDV3NDZPNTlMdWFQMDFVRmc5cUI1bThS?oc=5,https://news.google.com/rss/articles/CBMiswFBVV95cUxQZ1h3cGRjeHVFZVZkTk5NZjg2M2xTM3k2UDg5eE1hYlNhZ3d4OFB5ZWVuWkpPTVpXU1hnZ3JBTzNRbEVUaHlwdXRpVEpoVVZYOFRNUHdIMjhtYU1GOW5ZczRjNFRwUWhYSkpYb3c1R1RYZjdkSnlMNEpHTVJpcjlWWFkwOU1wM3N4d0RDZDZaZldFMVJSVWtmcFVkN2RuMzVIR3VNTzNBbWJpaUdJWVRoWDcyd9IBuAFBVV95cUxQWlRRMmF3U0tSZjlxb0RyRXhmRW5CdHU4aHpvN25TemwtN1pjeVhVYVEzeHJBVzRyd3VrR1ViUDQwRlMzZGc5YjdUbDhIU3VCYmtNVlNWVURjZHd6V2JUSTM1MG5JdmN3S0ZoV1M2ZGxLUXZMdGtXbk5SQ2szekRfVkhoRDBIOG8tNnRrVi04YURZX3ROYU41cVZTcHotMEEyaDV3NDZPNTlMdWFQMDFVRmc5cUI1bThS?oc=5,Mualem bertekad tarik investasi rumah sakit berteknologi tinggi di Aceh - ANTARA News Aceh,news.google.com,extraction_failed,2026-08-31 23:32:11
https://news.google.com/rss/articles/CBMipAFBVV95cUxNdEViNzN6SS1TMHozazRuelVqanhQaDdGZFlwSTU3Q0xjY0NJM2RUcGxTOGNCWEgzQnFzNFItbmwyZ2xSU0wySHY3QnhnNkJDRGVKWWtHa0I0WVhON2xabEJYbzUtWGM1YXFZMFB3N1FiZnFFY0J5R0k0Z2VyckVyVlRtSmJpVVN2NnprYWNIX3RpVzBDX01vbnJXamJqM3Eya3p3b9IBqgFBVV95cUxORzNraWR2T2RxVFZ3OTFLcDRZdnBZM0Jpek44aERMU2VaVDdRXzlWQ25UVXlyQkpFMlJxelkxVTBpQWZpdnFtOS1WSTUteXBRaU1tUFlHbHBLZkJzZFpLQnQyUkJjMUNKQzN2QzhSNUtqS1JDQ2k0ZHVlSHk0UkFLYnJuSF82VnRwTDZGdEw1VXhZZzZ0N25hSU8weldXZ1lEdkJSZkhNOU5fUQ?oc=5,https://news.google.com/rss/articles/CBMipAFBVV95cUxNdEViNzN6SS1TMHozazRuelVqanhQaDdGZFlwSTU3Q0xjY0NJM2RUcGxTOGNCWEgzQnFzNFItbmwyZ2xSU0wySHY3QnhnNkJDRGVKWWtHa0I0WVhON2xabEJYbzUtWGM1YXFZMFB3N1FiZnFFY0J5R0k0Z2VyckVyVlRtSmJpVVN2NnprYWNIX3RpVzBDX01vbnJXamJqM3Eya3p3b9IBqgFBVV95cUxORzNraWR2T2RxVFZ3OTFLcDRZdnBZM0Jpek44aERMU2VaVDdRXzlWQ25UVXlyQkpFMlJxelkxVTBpQWZpdnFtOS1WSTUteXBRaU1tUFlHbHBLZkJzZFpLQnQyUkJjMUNKQzN2QzhSNUtqS1JDQ2k0ZHVlSHk0UkFLYnJuSF82VnRwTDZGdEw1VXhZZzZ0N25hSU8weldXZ1lEdkJSZkhNOU5fUQ?oc=5,Aceh butuh investasi pembangunan industri produk turunan CPO - ANTARA News Aceh,news.google.com,extraction_failed,2026-08-31 23:32:11
https://news.google.com/rss/articles/CBMipAFBVV95cUxNbEpLRXhDTktkaWtwUjlvd2NkQ25zbHJzWHRFNjBqNXJhY1dhdXBmamUyQzlZd2ZrZG5acDhCWnVLaFVzR2tnQVFfRkctT19tZkpRT2hYRzhhUEd4N2JKRmFSZllROUlhNHptZmJyUmdObG9aR3lScU9vSVkyVXNlaDJZMFU1cUZPQVRJWTFzMGNHTlJIUVY0UEhJMENPZzNaNWVmMdIBpAFBVV95cUxPdXFJSTRic2xCekwwWXZ5QnE0S1gxcUVYY1RGeHNVbllyNFZad1k4MkxBdVlLd0lPQ0p2ZkdlTlk2bWpFdnNFVnZKTjFvSHhjOWN6MUJJWTVJVF9DQ3hyR1daZkd6OEM4ZUZPaEwxMm41alVzQVFSdU5UNENNRTU2dkFxcWxrb1JxTkVFSDJWTG1VdEY3WVJXTy1mY3FvY1U1T0NwQw?oc=5,https://news.google.com/rss/articles/CBMipAFBVV95cUxNbEpLRXhDTktkaWtwUjlvd2NkQ25zbHJzWHRFNjBqNXJhY1dhdXBmamUyQzlZd2ZrZG5acDhCWnVLaFVzR2tnQVFfRkctT19tZkpRT2hYRzhhUEd4N2JKRmFSZllROUlhNHptZmJyUmdObG9aR3lScU9vSVkyVXNlaDJZMFU1cUZPQVRJWTFzMGNHTlJIUVY0UEhJMENPZzNaNWVmMdIBpAFBVV95cUxPdXFJSTRic2xCekwwWXZ5QnE0S1gxcUVYY1RGeHNVbllyNFZad1k4MkxBdVlLd0lPQ0p2ZkdlTlk2bWpFdnNFVnZKTjFvSHhjOWN6MUJJWTVJVF9DQ3hyR1daZkd6OEM4ZUZPaEwxMm41alVzQVFSdU5UNENNRTU2dkFxcWxrb1JxTkVFSDJWTG1VdEY3WVJXTy1mY3FvY1U1T0NwQw?oc=5,Bank Aceh Cabang Idi Berikan Relaksasi untuk UMKM Terdampak Bencana » - dialeksis.com,news.google.com,extraction_failed,2026-08-31 23:32:11
https://news.google.com/rss/articles/CBMipAFBVV95cUxNczZ6M3RpLXQwTEJOVHJGd0hmRnZlTDdWbDBXY25jYVlqZURldFNTUVR0QVZSOE10MU1RQ2xJS3RhR3d6Z3hhMDVieldoMkNqQTc1MjhiNlo1bHUtZzg2cjBqU1NaWWxWYWlvTkUwaF8yWGpLV196UFA3ZnM1dnRPMEVlaUxHLWhSRzdBWHV6Nl9PQW5lYWt0MXRWSGxnT0dSQk9USw?oc=5,https://news.google.com/rss/articles/CBMipAFBVV95cUxNczZ6M3RpLXQwTEJOVHJGd0hmRnZlTDdWbDBXY25jYVlqZURldFNTUVR0QVZSOE10MU1RQ2xJS3RhR3d6Z3hhMDVieldoMkNqQTc1MjhiNlo1bHUtZzg2cjBqU1NaWWxWYWlvTkUwaF8yWGpLV196UFA3ZnM1dnRPMEVlaUxHLWhSRzdBWHV6Nl9PQW5lYWt0MXRWSGxnT0dSQk9USw?oc=5,OJK Imbau Masyarakat Aceh Cermat Pilih Investasi dan Pinjol yang Legal - masakini.co,news.google.com,extraction_failed,2026-08-31 23:32:12
https://news.google.com/rss/articles/CBMisAFBVV95cUxQMkZ1NWtWLUk3c2FsSVFXVE5KTGU5VnkzT1h5OWoxcERRZk9nNmFpMlhqenFZd01LeEdTbG5CT0psM24zYnVUWVFSWWVoSHEtR2dDTGtLUWRPajloU3dJRlBsNE15eHBqQW1tZFJPVzdfd1FCejlKeUxtWnlQdDZsSTUtcFdKWkNYcEVLNWJlTnRwX3I2Zm9qekFYUUxEQVhLaG1yYy1uckRpYXQzbHJMatIBrgFBVV95cUxQZEQtWFkxTUpWQkVIcVJaLUJVX3ljV2lwOXdxTVNWY0ZqXzBPRG5tZEVyQTR5c2hFekpTZEZoeE5oRHAyZGVWVHZJRUhhcGJUWDR5Y3RHeUJGQXh1U2tFQ1pOcE56VlB3ZF9BWlgxUW5nVEVmd2JhY2FSQkQzZmFRR1NDaXJFRUJ0X3I1OGxYY0o3V0Ytbm1QU1dvQXZlU2thc1JySFd3SGN3WGxfbFE?oc=5,https://news.google.com/rss/articles/CBMisAFBVV95cUxQMkZ1NWtWLUk3c2FsSVFXVE5KTGU5VnkzT1h5OWoxcERRZk9nNmFpMlhqenFZd01LeEdTbG5CT0psM24zYnVUWVFSWWVoSHEtR2dDTGtLUWRPajloU3dJRlBsNE15eHBqQW1tZFJPVzdfd1FCejlKeUxtWnlQdDZsSTUtcFdKWkNYcEVLNWJlTnRwX3I2Zm9qekFYUUxEQVhLaG1yYy1uckRpYXQzbHJMatIBrgFBVV95cUxQZEQtWFkxTUpWQkVIcVJaLUJVX3ljV2lwOXdxTVNWY0ZqXzBPRG5tZEVyQTR5c2hFekpTZEZoeE5oRHAyZGVWVHZJRUhhcGJUWDR5Y3RHeUJGQXh1U2tFQ1pOcE56VlB3ZF9BWlgxUW5nVEVmd2JhY2FSQkQzZmFRR1NDaXJFRUJ0X3I1OGxYY0o3V0Ytbm1QU1dvQXZlU2thc1JySFd3SGN3WGxfbFE?oc=5,OJK Imbau Masyarakat Aceh Cermat Pilih Investasi dan Pinjol yang Legal - Kabar Tamiang,news.google.com,extraction_failed,2026-08-31 23:32:12
https://news.google.com/rss/articles/CBMilAFBVV95cUxOLUpwNElTSGlJQmI2REQ3SHpIOXVoaWltbzVRLWM1M2xBbGpfSXFUci01dTM4SVNzbDB1Q1Rab0Njb2Z0dkNFc1pqLUdiVVJOZElJYzlHcG9RUVdZbGpPNGJPTmdvRDljQVdfcFZkZm0xYThUcldUQzdLak41a1VNRHN2TXlGcGxCelhxNmNRV0JGa1ZB?oc=5,https://news.google.com/rss/articles/CBMilAFBVV95cUxOLUpwNElTSGlJQmI2REQ3SHpIOXVoaWltbzVRLWM1M2xBbGpfSXFUci01dTM4SVNzbDB1Q1Rab0Njb2Z0dkNFc1pqLUdiVVJOZElJYzlHcG9RUVdZbGpPNGJPTmdvRDljQVdfcFZkZm0xYThUcldUQzdLak41a1VNRHN2TXlGcGxCelhxNmNRV0JGa1ZB?oc=5,"Investor Saham di Aceh Meningkat, Tren Anak Muda Mulai Mendominasi - Waspada Aceh",news.google.com,extraction_failed,2026-08-31 23:32:12
https://news.google.com/rss/articles/CBMilwFBVV95cUxOTE5hY1hqcFQtSU44LXRKUUJPcWlBN05xMmoxWE04dE43c2l5clgxN1FyYkltR2pDbG1LeU94ZXdQbnFSMVRFNkF6NF9SeVZxaTBQTE5WRDJOMHlfcld3M3hHZkppcXN5VnlSSXZGUW16ZGVJX1ROS3J4WThJeGRJU3BESWdZMksxS0xuRDFQd3FGUk9oenNN?oc=5,https://news.google.com/rss/articles/CBMilwFBVV95cUxOTE5hY1hqcFQtSU44LXRKUUJPcWlBN05xMmoxWE04dE43c2l5clgxN1FyYkltR2pDbG1LeU94ZXdQbnFSMVRFNkF6NF9SeVZxaTBQTE5WRDJOMHlfcld3M3hHZkppcXN5VnlSSXZGUW16ZGVJX1ROS3J4WThJeGRJU3BESWdZMksxS0xuRDFQd3FGUk9oenNN?oc=5,BSI Ajak Masyarakat Aceh Investasi Cicil Emas Lewat BYOND - Sudut Berita,news.google.com,extraction_failed,2026-08-31 23:32:13
https://news.google.com/rss/articles/CBMitgFBVV95cUxNTlU0aGU5RVZLY1VyQjFCMHFpdFNwT3hKMHAzaWQtTElkR2Z4Y1JCUVNJNHVXYU9fX2l1Ym9lNU1vSDRXSnRVM2tlNkdIbjV1MmJNU3RRQmhyY0FvSnBqekRhcThBYWdOUkt5bVh2aGlkaS1kOFA5a3ltY1ltZjB4am5IRkE3ZlIyeEZhQkd3R0QxQmg4VDlhMFh1RXhaUE1lYmFIMDJJbWdxd3NndVdkbDZvazA1QdIBuwFBVV95cUxPYUplZ21tV1V2Ri1sekFZbWVDNzRrTkJtS0U5bGVVQ3dtVEZtREI5V0g2R0tIaVZxS0s5Z0RlZjNqQkFDaS1ldUdTTTYxa254SzZNS0hKOXFEYW5kanNjU2ttYU0wT01jd3U1NnVLR2xZUTVSV29nSFk3RjgwRzhLeWJDSDNDVUZCM2xya2lEUHI5WlROT3dRUVZhTnlVNDQ2V0FIbU9mLUs5NzhneFg1U0NPZTdVQ3lwMXZz?oc=5,https://news.google.com/rss/articles/CBMitgFBVV95cUxNTlU0aGU5RVZLY1VyQjFCMHFpdFNwT3hKMHAzaWQtTElkR2Z4Y1JCUVNJNHVXYU9fX2l1Ym9lNU1vSDRXSnRVM2tlNkdIbjV1MmJNU3RRQmhyY0FvSnBqekRhcThBYWdOUkt5bVh2aGlkaS1kOFA5a3ltY1ltZjB4am5IRkE3ZlIyeEZhQkd3R0QxQmg4VDlhMFh1RXhaUE1lYmFIMDJJbWdxd3NndVdkbDZvazA1QdIBuwFBVV95cUxPYUplZ21tV1V2Ri1sekFZbWVDNzRrTkJtS0U5bGVVQ3dtVEZtREI5V0g2R0tIaVZxS0s5Z0RlZjNqQkFDaS1ldUdTTTYxa254SzZNS0hKOXFEYW5kanNjU2ttYU0wT01jd3U1NnVLR2xZUTVSV29nSFk3RjgwRzhLeWJDSDNDVUZCM2xya2lEUHI5WlROT3dRUVZhTnlVNDQ2V0FIbU9mLUs5NzhneFg1U0NPZTdVQ3lwMXZz?oc=5,"Komit dukung investasi Aceh, ini yang akan digelar BSI besok di Banda Aceh - ANTARA News Aceh",news.google.com,extraction_failed,2026-08-31 23:32:13
https://news.google.com/rss/articles/CBMiZkFVX3lxTE5xZmhoMjd0dGtFZjN2YzdwaW1QbjZQMHhMaXRZdVNjQnowMzlLdmhnc1JjWi1EOWdCS2hzbE1taW1meEVteTBucTNxTFVJWXZrUlZia01fYzZ5bHRaX2F3VUtwQmNVdw?oc=5,https://news.google.com/rss/articles/CBMiZkFVX3lxTE5xZmhoMjd0dGtFZjN2YzdwaW1QbjZQMHhMaXRZdVNjQnowMzlLdmhnc1JjWi1EOWdCS2hzbE1taW1meEVteTBucTNxTFVJWXZrUlZia01fYzZ5bHRaX2F3VUtwQmNVdw?oc=5,4 Cara Membangun Portofolio Investasi yang Baik agar Cuan - Dupoin Futures,news.google.com,extraction_failed,2026-08-31 23:32:13
https://news.google.com/rss/articles/CBMioAFBVV95cUxNSEwzZ0dLU0F3TWl2bUlMSFhMVTdHNWlCMmVNelJnUmNTdUFmdDlKQ21jRnNOc0ZIWEZrOHlVaWtDdWNuYzM0am8zM3ZGbi1raVFDRUZBb2E3RTA2ZDdMSHZZZ3BfUGZxbXRRUDBJLUZzU2xQNTNNTkx1SjdwUGRKNDQ1RHhKZjdiM2czaGZpZ3R0VlV2QmlSbjVnZlBzbzQt0gGmAUFVX3lxTE9OdFdMYjcxbzJvUWZrSnd2UlhZM2VRZnlQN1FHbHpXaUJ4Y1hVOElHR29GLXdOeEFKU28yN2FDWXdubE1nMkR0Y3g2MzlmSi1Nd19NS00taUZqbEJ4bTFfcTFTTzRmbm9rSkNEYVJpSzJWbExzdHNucHJPWXc2V0hqaTFqY1hVOUZGQ2N3azlLV2h2eXQtUE01bHdvTk9HMjA4LUdFbmc?oc=5,https://news.google.com/rss/articles/CBMioAFBVV95cUxNSEwzZ0dLU0F3TWl2bUlMSFhMVTdHNWlCMmVNelJnUmNTdUFmdDlKQ21jRnNOc0ZIWEZrOHlVaWtDdWNuYzM0am8zM3ZGbi1raVFDRUZBb2E3RTA2ZDdMSHZZZ3BfUGZxbXRRUDBJLUZzU2xQNTNNTkx1SjdwUGRKNDQ1RHhKZjdiM2czaGZpZ3R0VlV2QmlSbjVnZlBzbzQt0gGmAUFVX3lxTE9OdFdMYjcxbzJvUWZrSnd2UlhZM2VRZnlQN1FHbHpXaUJ4Y1hVOElHR29GLXdOeEFKU28yN2FDWXdubE1nMkR0Y3g2MzlmSi1Nd19NS00taUZqbEJ4bTFfcTFTTzRmbm9rSkNEYVJpSzJWbExzdHNucHJPWXc2V0hqaTFqY1hVOUZGQ2N3azlLV2h2eXQtUE01bHdvTk9HMjA4LUdFbmc?oc=5,Mualem Temui Dubes Timteng: Investasi di Aceh Jangan Cuma Wacana - Pikiran Merdeka,news.google.com,extraction_failed,2026-08-31 23:32:13
https://news.google.com/rss/articles/CBMilgFBVV95cUxOb1hidXpPT0p0akM1WDc0SHlBYmpaRDJaU3doQ3U5OEFLazRNSENvY0c5THI0c2tVMU1DbjhFUUdKVkZhemxpaDJjVDc3OU9ZX2xCd3NYVDRNd29SYm9TclNsRnU0OFkxalhwdGJ4WE9HeEczWU1pTFZWWURXZzRqOEJSSDEyZVpBRlRaQ3JJamUwZ2hZZ0HSAZsBQVVfeXFMUFUyU0Y1Z1gtUW5ndk5scC1PWFBxYk9KWVNlRGlIdF9DaUd1THpuN1c3RTcyVVF5bmlMcU9mM2lndllEdmpSemZuOFJ6VlhIcDBHVE5QbDhDWFhoX0tSdkVOVndCcjRLX0hkV2hRR1MzQ29YaDh1c2ZtQTNObEtlUnZWNERWekJZbWxKWXlBbkZBZXJjbm80aGpFTWc?oc=5,https://news.google.com/rss/articles/CBMilgFBVV95cUxOb1hidXpPT0p0akM1WDc0SHlBYmpaRDJaU3doQ3U5OEFLazRNSENvY0c5THI0c2tVMU1DbjhFUUdKVkZhemxpaDJjVDc3OU9ZX2xCd3NYVDRNd29SYm9TclNsRnU0OFkxalhwdGJ4WE9HeEczWU1pTFZWWURXZzRqOEJSSDEyZVpBRlRaQ3JJamUwZ2hZZ0HSAZsBQVVfeXFMUFUyU0Y1Z1gtUW5ndk5scC1PWFBxYk9KWVNlRGlIdF9DaUd1THpuN1c3RTcyVVF5bmlMcU9mM2lndllEdmpSemZuOFJ6VlhIcDBHVE5QbDhDWFhoX0tSdkVOVndCcjRLX0hkV2hRR1MzQ29YaDh1c2ZtQTNObEtlUnZWNERWekJZbWxKWXlBbkZBZXJjbm80aGpFTWc?oc=5,BEI Catat Investasi Saham di Aceh Didominasi Para Millenial - Popularitas.com,news.google.com,extraction_failed,2026-08-31 23:32:13
https://news.google.com/rss/articles/CBMiogFBVV95cUxOWkFqNW9MVHFwazY1MXZvcG9BMFJVQmJMdGVldTQ0ejAxUW10cDRFcThsTHVSYmhvSUFNemxDUkVsazVFRGI3dEhvWFdxb1hIVHU1b00tb0ZyTzUxM2FvR3lwdEdoNFFTWnhEZERxcnNZZ3Q2TVNrQXZLWDRtWkhMYlVDS0hocmRCSWlGcG9vZzdKREpvemxrMWdKeFVUZnJhNUHSAacBQVVfeXFMTjBETURiSXFJVEhGYjNmS1MxM2VLaWRvS2JXcE13ZkE3YjZwREI0dmdNaE1EZmNFZnQwZ2tLSzZac3lBWEhFTFp6bXlDY2k5MFBDVWJrSXVjQ1ZVZExCaXFMbW92ZDdsQ01pcTEzRzhHUFhxLWZWcjVEX1RDbGZQNEhvSFV0dTlsUUNGQVpOQldEajg0MDE5WXdmd3k2cFdnSENVTU5JOGc?oc=5,https://news.google.com/rss/articles/CBMiogFBVV95cUxOWkFqNW9MVHFwazY1MXZvcG9BMFJVQmJMdGVldTQ0ejAxUW10cDRFcThsTHVSYmhvSUFNemxDUkVsazVFRGI3dEhvWFdxb1hIVHU1b00tb0ZyTzUxM2FvR3lwdEdoNFFTWnhEZERxcnNZZ3Q2TVNrQXZLWDRtWkhMYlVDS0hocmRCSWlGcG9vZzdKREpvemxrMWdKeFVUZnJhNUHSAacBQVVfeXFMTjBETURiSXFJVEhGYjNmS1MxM2VLaWRvS2JXcE13ZkE3YjZwREI0dmdNaE1EZmNFZnQwZ2tLSzZac3lBWEhFTFp6bXlDY2k5MFBDVWJrSXVjQ1ZVZExCaXFMbW92ZDdsQ01pcTEzRzhHUFhxLWZWcjVEX1RDbGZQNEhvSFV0dTlsUUNGQVpOQldEajg0MDE5WXdmd3k2cFdnSENVTU5JOGc?oc=5,"Total realisasi investasi di Banda Aceh capai Rp1,6 triliun - ANTARA News Aceh",news.google.com,extraction_failed,2026-08-31 23:32:14
https://news.google.com/rss/articles/CBMijwFBVV95cUxPWE9mcWFPTGhVWVoxaXlybDNDYTQ4UGtNRFlucGJIcGE5ZGhCYjR0MzhteGNHNjFPbzB1SS1VWm9Rel9icFRaaXBmVy11eXc5VWREWGg0NUtVbVdiTFBMX1JWQkRZXzdJM0NWU1dMQzlwcTd2VDBNQzRjTDd4WGVUenhjTnExWHZjS2w1bVhwTQ?oc=5,https://news.google.com/rss/articles/CBMijwFBVV95cUxPWE9mcWFPTGhVWVoxaXlybDNDYTQ4UGtNRFlucGJIcGE5ZGhCYjR0MzhteGNHNjFPbzB1SS1VWm9Rel9icFRaaXBmVy11eXc5VWREWGg0NUtVbVdiTFBMX1JWQkRZXzdJM0NWU1dMQzlwcTd2VDBNQzRjTDd4WGVUenhjTnExWHZjS2w1bVhwTQ?oc=5,Tantangan Investasi Aceh Terletak pada Regulasi dan Tata Ruang - rmolaceh,news.google.com,extraction_failed,2026-08-31 23:32:15
https://news.google.com/rss/articles/CBMirwFBVV95cUxPMEZDMnVGZERCQVdNWVpMSEFkZHBGTmJQUFVXVTJWV2FYTldad3RPOUpzN2VYcTBGWVZCbDNNU2YtSmdhV1JBRjN0c1lWS21lRDhMY28tYTI2ZHozaEFLT0w2MDltcnZQOXItbkotM0Jta25aMEx5MWYxR1hLdUJWR04tanF4YVVjOFNoWGVqMW14WXF2a2FIelRvQW03VXFjZHZHelpsTFlXNW85SkJN0gGsAUFVX3lxTE1OSlRjanlKOTloeTBTblZCclBHUnlpRTRCRVBCRng1dW1GaDhlV3hTSjRESVozcTJwMzFIaFhPNUlSU0NxWF82d05pbERUS1ZWVU5mMVNkc01WM3lJYnYyYVV3VzdaOHhTVno3NmRLZkhoR2tSRWVrSG9BbWd3cWdNck9aQTZFdDhhNWNhNklnR2xFMVBFbHR4Z1hQRFdrbDFhZ1RaQ0lnT2x2LVI?oc=5,https://news.google.com/rss/articles/CBMirwFBVV95cUxPMEZDMnVGZERCQVdNWVpMSEFkZHBGTmJQUFVXVTJWV2FYTldad3RPOUpzN2VYcTBGWVZCbDNNU2YtSmdhV1JBRjN0c1lWS21lRDhMY28tYTI2ZHozaEFLT0w2MDltcnZQOXItbkotM0Jta25aMEx5MWYxR1hLdUJWR04tanF4YVVjOFNoWGVqMW14WXF2a2FIelRvQW03VXFjZHZHelpsTFlXNW85SkJN0gGsAUFVX3lxTE1OSlRjanlKOTloeTBTblZCclBHUnlpRTRCRVBCRng1dW1GaDhlV3hTSjRESVozcTJwMzFIaFhPNUlSU0NxWF82d05pbERUS1ZWVU5mMVNkc01WM3lJYnYyYVV3VzdaOHhTVno3NmRLZkhoR2tSRWVrSG9BbWd3cWdNck9aQTZFdDhhNWNhNklnR2xFMVBFbHR4Z1hQRFdrbDFhZ1RaQ0lnT2x2LVI?oc=5,Tiga Perusahaan Internasional akan Investasi Migas Lepas Pantai Aceh - Aceh Online,news.google.com,extraction_failed,2026-08-31 23:32:15
https://news.google.com/rss/articles/CBMimAFBVV95cUxOM3JDdkVKWW13YVBQNW9DMzExUWJfYjUyTW96TmZnb3RHSHRXaVpGRHBleXBkU2x2ZFFDOG94Z2R2OGtBMmFlQ1AzTVN0cUd5VTBPSVotTlpjc3kzaXBvcUZhb3k2WUJ2c0FUWVV1c0ZLMzlWTjRaU3J4QTNFQWRRNGZhb05WNWZXVUJ3ZV9PNV95S09EcFY5Mw?oc=5,https://news.google.com/rss/articles/CBMimAFBVV95cUxOM3JDdkVKWW13YVBQNW9DMzExUWJfYjUyTW96TmZnb3RHSHRXaVpGRHBleXBkU2x2ZFFDOG94Z2R2OGtBMmFlQ1AzTVN0cUd5VTBPSVotTlpjc3kzaXBvcUZhb3k2WUJ2c0FUWVV1c0ZLMzlWTjRaU3J4QTNFQWRRNGZhb05WNWZXVUJ3ZV9PNV95S09EcFY5Mw?oc=5,Prof Mukhlis Yunus: Tantangan Investasi di Aceh Perlu Perhatian Serius - rmolaceh,news.google.com,extraction_failed,2026-08-31 23:32:15
https://news.google.com/rss/articles/CBMirgFBVV95cUxQRjhtRVBjaXlnaFlBUVRCYkN2dXFsUUkteHRhR2hVX1lPbTBIM1lIdmlTQWx3UTNmMGVpcXVxN2NVR2lFYk4xSWRkQmFtQ3BmclgwemJyWWxPQ3pwYzd2X0E1cEd3ZXZYSmF5c0Y5UF9mRGlXRU9YRVlFWV8yTFh0T2NRYkhFSms4czFxVXdxWTIyWGNTUVhPZkxBbnVPbVprbWxsTm5oMEFacHl0elHSAbMBQVVfeXFMT2hqOTB3c1d5bmZRNng4SW9vZG5pdHRKYVdoVlFQdVJyVXBEZVZpZHBFOERESXhDcjdzdUVfMmgxM3RqNFctN09fcGhDa0ZQQTJtVkp2NTZJSkdaM0Q2Yy02T2VqZDV6WDIzTzJSa0VLMV9nODc5ckh2S2U0LThXM3k5eEtzb29zNlRxZkxoOXR3c2RQSmFJV00yWUpwaVVMS2dPSlNhMHhoS2NGdVdQcnpLLVk?oc=5,https://news.google.com/rss/articles/CBMirgFBVV95cUxQRjhtRVBjaXlnaFlBUVRCYkN2dXFsUUkteHRhR2hVX1lPbTBIM1lIdmlTQWx3UTNmMGVpcXVxN2NVR2lFYk4xSWRkQmFtQ3BmclgwemJyWWxPQ3pwYzd2X0E1cEd3ZXZYSmF5c0Y5UF9mRGlXRU9YRVlFWV8yTFh0T2NRYkhFSms4czFxVXdxWTIyWGNTUVhPZkxBbnVPbVprbWxsTm5oMEFacHl0elHSAbMBQVVfeXFMT2hqOTB3c1d5bmZRNng4SW9vZG5pdHRKYVdoVlFQdVJyVXBEZVZpZHBFOERESXhDcjdzdUVfMmgxM3RqNFctN09fcGhDa0ZQQTJtVkp2NTZJSkdaM0Q2Yy02T2VqZDV6WDIzTzJSa0VLMV9nODc5ckh2S2U0LThXM3k5eEtzb29zNlRxZkxoOXR3c2RQSmFJV00yWUpwaVVMS2dPSlNhMHhoS2NGdVdQcnpLLVk?oc=5,Kejaksaan kembalikan 80 barang bukti kasus investasi bodong di Aceh - ANTARA News Aceh,news.google.com,extraction_failed,2026-08-31 23:32:15
https://news.google.com/rss/articles/CBMijwFBVV95cUxPODltUTk2VzNoUVpnVnAzVFFLU3JzTUNhTE5HRXNiUmIzNi1FTGV5dExwdFkzNjVIZTBMQUl1dUJfTzZVQTBHOWhxeTc5cExMVHdjeUdfWng0QXJiNnZDdFdLRk50U1luSlJlT3E5MF8wUmRKVDcycjQ0aTZzdVJQSVV6ZHo4bTQyNm1LVVgwVQ?oc=5,https://news.google.com/rss/articles/CBMijwFBVV95cUxPODltUTk2VzNoUVpnVnAzVFFLU3JzTUNhTE5HRXNiUmIzNi1FTGV5dExwdFkzNjVIZTBMQUl1dUJfTzZVQTBHOWhxeTc5cExMVHdjeUdfWng0QXJiNnZDdFdLRk50U1luSlJlT3E5MF8wUmRKVDcycjQ0aTZzdVJQSVV6ZHo4bTQyNm1LVVgwVQ?oc=5,Investor Malaysia Tertarik Kembangkan Sektor Peternakan di Aceh - Waspada Online,news.google.com,extraction_failed,2026-08-31 23:32:15
https://news.google.com/rss/articles/CBMimwFBVV95cUxQNXlRX3BHV3JmTm0zOVpzQU1kVzJiNnZSZ3dyZW9LajB3U0ZjMlpnSnNMeVhwbV94YzYxaVBTRHY3eFR2aXZCei1pRDRYVENZQ2JKaFJwSXUwVUhBcmhSWVN2elJjZXplR0pTQjhMemM4ZWZHakIyTVZxdHFKYVoyeTFmS09ZTEtKVFc0V3I0eENELV9pOTQwa3RTSdIBmAFBVV95cUxOaU5odU1IZ3NSaVR2RzdMNXJsUlQ1WTdKdXk2YXJtTmdqNW5Nd2dHa1pBZUhuaXlWczFnY2thSFVqRndRa2d0VUVVQmxmS012MUpFOEJZcjd5WVdyay01MVljNjlrelNCMmdIVE1WZ2ViNVkxRzVXLW9Mb2VxMWh0YkxpS3dCV3RheGRhLXlqRm9CLUczU0VEbA?oc=5,https://news.google.com/rss/articles/CBMimwFBVV95cUxQNXlRX3BHV3JmTm0zOVpzQU1kVzJiNnZSZ3dyZW9LajB3U0ZjMlpnSnNMeVhwbV94YzYxaVBTRHY3eFR2aXZCei1pRDRYVENZQ2JKaFJwSXUwVUhBcmhSWVN2elJjZXplR0pTQjhMemM4ZWZHakIyTVZxdHFKYVoyeTFmS09ZTEtKVFc0V3I0eENELV9pOTQwa3RTSdIBmAFBVV95cUxOaU5odU1IZ3NSaVR2RzdMNXJsUlQ1WTdKdXk2YXJtTmdqNW5Nd2dHa1pBZUhuaXlWczFnY2thSFVqRndRa2d0VUVVQmxmS012MUpFOEJZcjd5WVdyay01MVljNjlrelNCMmdIVE1WZ2ViNVkxRzVXLW9Mb2VxMWh0YkxpS3dCV3RheGRhLXlqRm9CLUczU0VEbA?oc=5,PT ANIP Komit Investasi Agrikultur dan Karbon di Aceh - Aceh Online,news.google.com,extraction_failed,2026-08-31 23:32:16
https://news.google.com/rss/articles/CBMitgFBVV95cUxQa2U1ckhLdFZ4MGhkTWcxYi1qYkh5TjlGeW5QQjRwa3ZVb0JMWC1tQjMyazJ0Z3E5dkxNNWV4NmZpSTVEbHFXZXh2UlR2VkJNWFFDMktWQk1RVTZDYy0wMGtSdV9rdmtYb19mVXJPb09GZFdfd3cwXzQ2Q08xVXZIOXJURGNlcHN4U2t3d0NROTRFMzJpMmlQejlhV3BHTElmazgyYXMwbmptVVAzeTlVczh6SGxad9IBuwFBVV95cUxORVc2d0NRbmZPejc3OGtMa2VrLTNKQXRCaFRhU1pRSXFZOW1FOXJhVXdwOHVsQ2dlRG1YNlYwU2xVWVB3WXR2SjVMN3lWOG5ISXBuLVk1ak9Bek5oem5QTDdVdTQ5b1VRYkZFX1hUdnlMTWdpQ2E5QnZldFpnZnpSX0k5bVk4cUp2NlZDVFhPczZ5NWlEcjdTWl9RcWVJX2J3WXhCc2h0VTFBejljZXRwbGhSSGRVcVNtMElF?oc=5,https://news.google.com/rss/articles/CBMitgFBVV95cUxQa2U1ckhLdFZ4MGhkTWcxYi1qYkh5TjlGeW5QQjRwa3ZVb0JMWC1tQjMyazJ0Z3E5dkxNNWV4NmZpSTVEbHFXZXh2UlR2VkJNWFFDMktWQk1RVTZDYy0wMGtSdV9rdmtYb19mVXJPb09GZFdfd3cwXzQ2Q08xVXZIOXJURGNlcHN4U2t3d0NROTRFMzJpMmlQejlhV3BHTElmazgyYXMwbmptVVAzeTlVczh6SGxad9IBuwFBVV95cUxORVc2d0NRbmZPejc3OGtMa2VrLTNKQXRCaFRhU1pRSXFZOW1FOXJhVXdwOHVsQ2dlRG1YNlYwU2xVWVB3WXR2SjVMN3lWOG5ISXBuLVk1ak9Bek5oem5QTDdVdTQ5b1VRYkZFX1hUdnlMTWdpQ2E5QnZldFpnZnpSX0k5bVk4cUp2NlZDVFhPczZ5NWlEcjdTWl9RcWVJX2J3WXhCc2h0VTFBejljZXRwbGhSSGRVcVNtMElF?oc=5,"Tingkatkan edukasi investasi emas di Aceh, Pegadaian kembali gelar webinar - ANTARA News Aceh",news.google.com,extraction_failed,2026-08-31 23:32:16
https://news.google.com/rss/articles/CBMiugFBVV95cUxPMmNfc0UyclZMb3FQTjhfSmU1T0FqbGRVbXpaUG45ZEpoQjVtM1hWX1FvdUpWRW1hYnEwUFJScWxmZkM0UnpBcHJyWnV2MnZIZ2ZBaEpobVJ3NWdtQ2E4UWNnMkJVOU9kSEdaUDl4TVEtMTVISk9mQWl6czhrRngyNEM5Vk9NeTZtSXFiWUEyQWVHQ21EdmptVkxNUGFscWxuQTJoaS1VaUh5WkpSclY4dXRkcGN5NWdxNnc?oc=5,https://news.google.com/rss/articles/CBMiugFBVV95cUxPMmNfc0UyclZMb3FQTjhfSmU1T0FqbGRVbXpaUG45ZEpoQjVtM1hWX1FvdUpWRW1hYnEwUFJScWxmZkM0UnpBcHJyWnV2MnZIZ2ZBaEpobVJ3NWdtQ2E4UWNnMkJVOU9kSEdaUDl4TVEtMTVISk9mQWl6czhrRngyNEM5Vk9NeTZtSXFiWUEyQWVHQ21EdmptVkxNUGFscWxuQTJoaS1VaUh5WkpSclY4dXRkcGN5NWdxNnc?oc=5,Garuda Spark Jangkau Belasan Ribu Talenta Digital Investasi Ratusan Miliar - RRI.co.id,news.google.com,extraction_failed,2026-08-31 23:32:16
https://news.google.com/rss/articles/CBMioAFBVV95cUxOc2x3VFY3YkZpMVh1WTZ2Q1Q5UTNnRGFtVWN1R3VLRTZ0dlBJX2owMmh1WHpMUXVZemZvOG10YUxEb3laWGt3UHI0WDEyVFV5NVJ1SjdDTUNvazNlUURqRmpTbWFJTWZGYmVCTEpmalk4SjJRZnNzZ05LS3o5ZUZGUnFreVljdWREWEdxY0J0NGs4SWFQdlRIbm9NZHN1NVhu0gGeAUFVX3lxTE5LckMweURVcU9Ob0dFZlM5Y280TFJDUmg1UTBiNkZnSzRKajdCYklqMWhFTkFyUURuV1B3WE45TXRlRlhERk9Bc2FyeUNTbm1vY3Y0bzI4WGR0MHZjWVVmN0swMlpKOEVQNjBWd3YwV2tRT2ZDM19wV1pVc3VVbWlBQ2NjT1h3WEVPRHNpSjljZVV4SERHSkZGZ0J5Tmln?oc=5,https://news.google.com/rss/articles/CBMioAFBVV95cUxOc2x3VFY3YkZpMVh1WTZ2Q1Q5UTNnRGFtVWN1R3VLRTZ0dlBJX2owMmh1WHpMUXVZemZvOG10YUxEb3laWGt3UHI0WDEyVFV5NVJ1SjdDTUNvazNlUURqRmpTbWFJTWZGYmVCTEpmalk4SjJRZnNzZ05LS3o5ZUZGUnFreVljdWREWEdxY0J0NGs4SWFQdlRIbm9NZHN1NVhu0gGeAUFVX3lxTE5LckMweURVcU9Ob0dFZlM5Y280TFJDUmg1UTBiNkZnSzRKajdCYklqMWhFTkFyUURuV1B3WE45TXRlRlhERk9Bc2FyeUNTbm1vY3Y0bzI4WGR0MHZjWVVmN0swMlpKOEVQNjBWd3YwV2tRT2ZDM19wV1pVc3VVbWlBQ2NjT1h3WEVPRHNpSjljZVV4SERHSkZGZ0J5Tmln?oc=5,Terpidana Investasi Bodong di Aceh Dicekal ke Luar Negeri - Aceh Online,news.google.com,extraction_failed,2026-08-31 23:32:16
https://news.google.com/rss/articles/CBMisAFBVV95cUxNVFlSVEVmRURuQmh5UWx6eGtjVkVZOFZzWE0teU4wQ3lNVUF3S1QwT2FTV2xxTVlscmJjMU9pVUlldXZVNmNRNlk4RFpMdUIwMUpUellFMDEzcGRZaW9OTWYweWNGSFN3UE5TajJPcmxnYUNZUUxZWjJNSVlmeEYxWjM5czdURm5DMHJhUHg0b1FiVHB1WFd2LU9yclp3YVVaSmFvaEViYUNwY0locXhPadIBrgFBVV95cUxNWXNKa3BBRGdOb0dSMFdobkxYWHE5cjJWeE1US05XUmpocHpnWkFGeXVlSWs1TlpndHFwaEpnQzRVQlFscXF3bHRrUXIxcWlzNVU3eGJPOHlaQU5BdHhMNk9za3VQQnBhVkkwaU9zVlFDODZIZEdmV3VDVlh1QnVybVJCaml2TkZKWXl0YlctS2N2X3N3bjByU3hoOS1uTEx3RFVTdndkbkViRkNqSVE?oc=5,https://news.google.com/rss/articles/CBMisAFBVV95cUxNVFlSVEVmRURuQmh5UWx6eGtjVkVZOFZzWE0teU4wQ3lNVUF3S1QwT2FTV2xxTVlscmJjMU9pVUlldXZVNmNRNlk4RFpMdUIwMUpUellFMDEzcGRZaW9OTWYweWNGSFN3UE5TajJPcmxnYUNZUUxZWjJNSVlmeEYxWjM5czdURm5DMHJhUHg0b1FiVHB1WFd2LU9yclp3YVVaSmFvaEViYUNwY0locXhPadIBrgFBVV95cUxNWXNKa3BBRGdOb0dSMFdobkxYWHE5cjJWeE1US05XUmpocHpnWkFGeXVlSWs1TlpndHFwaEpnQzRVQlFscXF3bHRrUXIxcWlzNVU3eGJPOHlaQU5BdHhMNk9za3VQQnBhVkkwaU9zVlFDODZIZEdmV3VDVlh1QnVybVJCaml2TkZKWXl0YlctS2N2X3N3bjByU3hoOS1uTEx3RFVTdndkbkViRkNqSVE?oc=5,"Bertemu Menteri Investasi, Nova Bahas Kelanjutan Investasi UAE di Aceh - Aceh Online",news.google.com,extraction_failed,2026-08-31 23:32:17
https://news.google.com/rss/articles/CBMirwFBVV95cUxQRHREckJJVWxYV29jcG9hcjEzdWhhSUQ4MTNPaGF2bGlfaU9ObTRPWWZVUTAwc1hxdFVBZUtuQndzVEFTcHN4TlZybVcwenlZaEJzd1FROHZ2cmpkYVpmZ2c4ZlhBSWI1b2FPdHIyQmFiSmo5NWlQdXo4UVhqN3NJM1lGbWxYdHlYbTFNS3FBSVIwamo3R0l5NHlDVGZLUXhsLVMzWmt1MlZYNnBtWF9j0gGsAUFVX3lxTE5xTVgyN3BIX2RzOHlvVjF4X0VFSE1waG4tZ0JpYjN1MEhleFIyZ0lUWWJDR1ZoUzJQeHZKaFpTNmlUamljcXdiYjFNNnJQdjJISVdQeUktX2x0YU1LMHN6YUs3UnRLOHk2SUV1blpTQlVlV2hZSGg0SjRhbG9WTXYySFhjVFRacVJyblpWb2gzMlNMZmRZajg5V0lMejlLbnZSclRoUmFuY1lGYkY?oc=5,https://news.google.com/rss/articles/CBMirwFBVV95cUxQRHREckJJVWxYV29jcG9hcjEzdWhhSUQ4MTNPaGF2bGlfaU9ObTRPWWZVUTAwc1hxdFVBZUtuQndzVEFTcHN4TlZybVcwenlZaEJzd1FROHZ2cmpkYVpmZ2c4ZlhBSWI1b2FPdHIyQmFiSmo5NWlQdXo4UVhqN3NJM1lGbWxYdHlYbTFNS3FBSVIwamo3R0l5NHlDVGZLUXhsLVMzWmt1MlZYNnBtWF9j0gGsAUFVX3lxTE5xTVgyN3BIX2RzOHlvVjF4X0VFSE1waG4tZ0JpYjN1MEhleFIyZ0lUWWJDR1ZoUzJQeHZKaFpTNmlUamljcXdiYjFNNnJQdjJISVdQeUktX2x0YU1LMHN6YUs3UnRLOHk2SUV1blpTQlVlV2hZSGg0SjRhbG9WTXYySFhjVFRacVJyblpWb2gzMlNMZmRZajg5V0lMejlLbnZSclRoUmFuY1lGYkY?oc=5,Polda Aceh Limpahkan Berkas Perkara Dugaan Investasi Ilegal ke Jaksa - Aceh Online,news.google.com,extraction_failed,2026-08-31 23:32:17
https://news.google.com/rss/articles/CBMimgFBVV95cUxOZWhkdnlQU3d0WWtrT2lJQVY4YlhIQUd5bjRrQ3B1UVBKWEIyaUEzcTdiYXJZMVoxbm1FaTJod2pON1czSFJlYmZxZWxJOVh3S1VxcXQ5Q1VoZENFVmtjSXZ2ZWplUnFLUGhsRmQ1S3VRSjV4SWJwa0swZXlOMXdEV3ZHck9lcjRNVG14NDV1Y1dUYmptZktPNktB?oc=5,https://news.google.com/rss/articles/CBMimgFBVV95cUxOZWhkdnlQU3d0WWtrT2lJQVY4YlhIQUd5bjRrQ3B1UVBKWEIyaUEzcTdiYXJZMVoxbm1FaTJod2pON1czSFJlYmZxZWxJOVh3S1VxcXQ5Q1VoZENFVmtjSXZ2ZWplUnFLUGhsRmQ1S3VRSjV4SWJwa0swZXlOMXdEV3ZHck9lcjRNVG14NDV1Y1dUYmptZktPNktB?oc=5,"Lion Group Tertarik Berinvestasi di Aceh, Fokus pada Empat Sektor Utama - rmolaceh",news.google.com,extraction_failed,2026-08-31 23:32:17
https://news.google.com/rss/articles/CBMivAFBVV95cUxPc0t3bjlLU1F4ZnBMWTdFcmt5UnloaWFtVWhENkk1YTlxdGFvUjFsbHhTM0FMWlIwX2JWS3NDek9iVnpPUjd3T0gtRi1LRDdwOEo5WmNTcHdfM3lpc2pyVkZmSlZIM1VVeUJBdGpraEVVZFg1SjREczBhbVZMS2R0TGNQWFB6MS05NDh3aGU4OU1INkJWNDdVcGo0TXEyU1plR000NDN2M2I1TG9ydGJTUDZIWlY5ZWFLYnRGUw?oc=5,https://news.google.com/rss/articles/CBMivAFBVV95cUxPc0t3bjlLU1F4ZnBMWTdFcmt5UnloaWFtVWhENkk1YTlxdGFvUjFsbHhTM0FMWlIwX2JWS3NDek9iVnpPUjd3T0gtRi1LRDdwOEo5WmNTcHdfM3lpc2pyVkZmSlZIM1VVeUJBdGpraEVVZFg1SjREczBhbVZMS2R0TGNQWFB6MS05NDh3aGU4OU1INkJWNDdVcGo0TXEyU1plR000NDN2M2I1TG9ydGJTUDZIWlY5ZWFLYnRGUw?oc=5,Bumi Minerals (BRMS) Investasi US$ 123 Juta di Perusahaan Tambang Emas Aceh - investor.id,news.google.com,extraction_failed,2026-08-31 23:32:18
https://news.google.com/rss/articles/CBMitgFBVV95cUxNWWlPdzdURVYyMWI5Q2ZJRDBnUTFrZGNKRTFyZUxnZlVQZjBvbXNNOUhqcU1jcERDb1RJSUg2X1dVVXF3Yk5DcGdUSGdwY1EwUVVCWmlSeEhHRXlRQ1NtWW5wVjdGS2F4XzVBbnB5TWlJVk5lelVyWUpmUDAwSC04bnBSOHJGdTNzdEJHR0pJS0YxaUtlclVpeHMtaTRFSXNoSkl0d3NGRzMwWFdEUmtudDNET1RFZ9IBrwFBVV95cUxPOUFibFpCbnZLVHlnVGJlZ1V4WWdGamRJNDdqSktkeHlEMkgzVldGdTJZXzhOdWxjQUlwQWRZYnJDSTVFR1VxWWd4TGI5TElBN09Uc25kQWtjaHd3eXlQLXpySXBpekc2ZkMtTzBPWlZQdlI5cklpRl93V0lIN1owQWN2eUxiWmR5WVJkcDVGYW1WYUNZbHQ4U0tzRE1mYmM1ZTI2MVdyQk9sSTQ3bWlz?oc=5,https://news.google.com/rss/articles/CBMitgFBVV95cUxNWWlPdzdURVYyMWI5Q2ZJRDBnUTFrZGNKRTFyZUxnZlVQZjBvbXNNOUhqcU1jcERDb1RJSUg2X1dVVXF3Yk5DcGdUSGdwY1EwUVVCWmlSeEhHRXlRQ1NtWW5wVjdGS2F4XzVBbnB5TWlJVk5lelVyWUpmUDAwSC04bnBSOHJGdTNzdEJHR0pJS0YxaUtlclVpeHMtaTRFSXNoSkl0d3NGRzMwWFdEUmtudDNET1RFZ9IBrwFBVV95cUxPOUFibFpCbnZLVHlnVGJlZ1V4WWdGamRJNDdqSktkeHlEMkgzVldGdTJZXzhOdWxjQUlwQWRZYnJDSTVFR1VxWWd4TGI5TElBN09Uc25kQWtjaHd3eXlQLXpySXBpekc2ZkMtTzBPWlZQdlI5cklpRl93V0lIN1owQWN2eUxiWmR5WVJkcDVGYW1WYUNZbHQ4U0tzRE1mYmM1ZTI2MVdyQk9sSTQ3bWlz?oc=5,"Ada Investasi Pabrik Semen Baru di Aceh, Begini Tanggapan Solusi Bangun Indonesia - kontan.co.id",news.google.com,extraction_failed,2026-08-31 23:32:18
https://news.google.com/rss/articles/CBMinAFBVV95cUxNaWdwN29RSmxmWDBjdzlUUFNzMG0wd3lFZTd1RXVUUlp0SExKaWNqdXNqUUM2V0diaWE1RXNuN2JFanZhM1ZDQzBYZFBUWG1NX3Z6RWFDaVk5UkhIMm5pbTVQSVYybEZfUEpRM05WWEFDVmx4dEUwYklyV1Z1ejVHQjN5MmhDTXd1M1lab3R6WGF0U2t2R0lnRjVlZE3SAaIBQVVfeXFMT2tLalVXVThaSkJqYThJLWtXWVBGNTZkQ21FQkpGSU9NRTNrd0tWNWMxWFcxZ3JGd3dhTlFMczlMb3NDVWJDVmJESTJsZGE1aWtDZ1p1eVdzOG0xNTlYeER6NnJRbWx4Yld3LVFCYTRjYzdiVm1kMmE4aFI2RDlPN3JZZDY4aHJqUVNTSHBiT2ozMm5fSHRST0o0Q2NCRUdmOEdn?oc=5,https://news.google.com/rss/articles/CBMinAFBVV95cUxNaWdwN29RSmxmWDBjdzlUUFNzMG0wd3lFZTd1RXVUUlp0SExKaWNqdXNqUUM2V0diaWE1RXNuN2JFanZhM1ZDQzBYZFBUWG1NX3Z6RWFDaVk5UkhIMm5pbTVQSVYybEZfUEpRM05WWEFDVmx4dEUwYklyV1Z1ejVHQjN5MmhDTXd1M1lab3R6WGF0U2t2R0lnRjVlZE3SAaIBQVVfeXFMT2tLalVXVThaSkJqYThJLWtXWVBGNTZkQ21FQkpGSU9NRTNrd0tWNWMxWFcxZ3JGd3dhTlFMczlMb3NDVWJDVmJESTJsZGE1aWtDZ1p1eVdzOG0xNTlYeER6NnJRbWx4Yld3LVFCYTRjYzdiVm1kMmE4aFI2RDlPN3JZZDY4aHJqUVNTSHBiT2ozMm5fSHRST0o0Q2NCRUdmOEdn?oc=5,PEMA Siapkan Koridor Bisnis untuk Percepat Transformasi Ekonomi Aceh » - dialeksis.com,news.google.com,extraction_failed,2026-08-31 23:32:18
https://news.google.com/rss/articles/CBMilgFBVV95cUxPdU5uWlhqNDV2REpTUEljQWJCYmJjU0dxODdWdWpzbFdhSnNPcXBra3I2b0U3UG5VcU1kaGtsYm02cmNaUk41WHc5OVJmRmFYWmoyOHBuRHllU2Jqd2hDRE9JWGRGWko0cDJ1YjFwVWhXYjhJQXpUb3RqLTBza1dSQkRJMU9VSzU4Q1JkQ1Z5RkxjUEl5bkHSAZsBQVVfeXFMT1lpQ3VhX0RMWE9iYmwzRzkzWHc5ZC0wSzVyM21XQVZzTHBSQUhzRWF1V0N1VDgxalFONVcteU1WeUtCN19JVExPazJKWXFreTA2VjRUd0FEb1FhTkoyX0YtSktpbGw3WXpRSHNYbV9FcEtZN2R0aEljYzdoTnhEcFRqeDd0c21kci1LQ3p1UmxyVHdYRHhVbzBoTms?oc=5,https://news.google.com/rss/articles/CBMilgFBVV95cUxPdU5uWlhqNDV2REpTUEljQWJCYmJjU0dxODdWdWpzbFdhSnNPcXBra3I2b0U3UG5VcU1kaGtsYm02cmNaUk41WHc5OVJmRmFYWmoyOHBuRHllU2Jqd2hDRE9JWGRGWko0cDJ1YjFwVWhXYjhJQXpUb3RqLTBza1dSQkRJMU9VSzU4Q1JkQ1Z5RkxjUEl5bkHSAZsBQVVfeXFMT1lpQ3VhX0RMWE9iYmwzRzkzWHc5ZC0wSzVyM21XQVZzTHBSQUhzRWF1V0N1VDgxalFONVcteU1WeUtCN19JVExPazJKWXFreTA2VjRUd0FEb1FhTkoyX0YtSktpbGw3WXpRSHNYbV9FcEtZN2R0aEljYzdoTnhEcFRqeDd0c21kci1LQ3p1UmxyVHdYRHhVbzBoTms?oc=5,Banda Aceh fokus kembangkan enam sektor investasi - ANTARA News Aceh,news.google.com,extraction_failed,2026-08-31 23:32:18
https://news.google.com/rss/articles/CBMiXEFVX3lxTE5XRTdpS09wRy1FWjBwcXVpV0dSaFZvMnF1cHF2MEZ3SWdFZzlNQUU5Rk9TemN3M0ZlRVVQSVV4WVJvMFh5U1V3OHlheFFmOU1nVG1QdS0wQnFSbmxa0gFiQVVfeXFMUEs3dF83bU9JdHV1LThDQUtaTmpsWFNHYnhQTnRHaDYzOVVmeW9qNk9tcVljVFJSYmVwdUdtUGVlTzRSc2RDcEhYNmZpSjJGTlJXWnM3TjVKQ21PZm84LWJvS3c?oc=5,https://news.google.com/rss/articles/CBMiXEFVX3lxTE5XRTdpS09wRy1FWjBwcXVpV0dSaFZvMnF1cHF2MEZ3SWdFZzlNQUU5Rk9TemN3M0ZlRVVQSVV4WVJvMFh5U1V3OHlheFFmOU1nVG1QdS0wQnFSbmxa0gFiQVVfeXFMUEs3dF83bU9JdHV1LThDQUtaTmpsWFNHYnhQTnRHaDYzOVVmeW9qNk9tcVljVFJSYmVwdUdtUGVlTzRSc2RDcEhYNmZpSjJGTlJXWnM3TjVKQ21PZm84LWJvS3c?oc=5,"Tak hiraukan Pergub, Banda Aceh tetap lakukan pencambukan di publik, dua di antaranya PSK online - BBC",news.google.com,extraction_failed,2026-08-31 23:32:18
https://news.google.com/rss/articles/CBMinAFBVV95cUxQU25CWU1RNHA5UHpMYjFZYWtjcFFzQldpQTdSY0t1UnlPclRqNzd3SllRUDkyNGNrUXNzZ0c0cjdkanpEeXRHMFhWQ0VCZzZhODFPd3pVcm1lbFJRUEtXc01CTldmOXlEOWV4dTA5NkFvcERyZTUwUlB5NnZOR1F3cnJUX1dyZmQzT0xkNDhPU1dXUmZQOTdxbnFOdnU?oc=5,https://news.google.com/rss/articles/CBMinAFBVV95cUxQU25CWU1RNHA5UHpMYjFZYWtjcFFzQldpQTdSY0t1UnlPclRqNzd3SllRUDkyNGNrUXNzZ0c0cjdkanpEeXRHMFhWQ0VCZzZhODFPd3pVcm1lbFJRUEtXc01CTldmOXlEOWV4dTA5NkFvcERyZTUwUlB5NnZOR1F3cnJUX1dyZmQzT0xkNDhPU1dXUmZQOTdxbnFOdnU?oc=5,"Tips Investasi Emas 2026, Saat Harga Tinggi - Bisnis.com",news.google.com,extraction_failed,2026-08-31 23:32:18
https://news.google.com/rss/articles/CBMimAFBVV95cUxORWppRU5QeEpvS3hIcW5jdGpzNGxBczgtN29jOFZKejBnN1ZDZy1PNVUyZmVYdVc5TGV1V1p0THNEaXB6bWRpcmc4TUZ0ZjNTNzdTWDRFc2psN1duYWlMUUhTdktpOHpSWEdfZExKQWx6RXJITlpvVGVHOVhvYXAzN3hRRXBZbzBEOUplTlVfNG9lZDUzM2xYdtIBlgFBVV95cUxOV0lrVTVrOTVDWkFwb3ZHUG9kckVIQjFNS2R5U0lvWjRMajFEbnV0LWV1NEJNN1VWaFFWbUZuazdRYVgyNmxpR2J4R1dBOGhUNXg5QXRGQzlNZnJrSHVQX1RSOFJyckJ5VXZ6ejJIUzIzS1VmcVpwdVgzbjlnN2MwNDc3MFJoTnFtYlg3TFZPWkViNV80b2c?oc=5,https://news.google.com/rss/articles/CBMimAFBVV95cUxORWppRU5QeEpvS3hIcW5jdGpzNGxBczgtN29jOFZKejBnN1ZDZy1PNVUyZmVYdVc5TGV1V1p0THNEaXB6bWRpcmc4TUZ0ZjNTNzdTWDRFc2psN1duYWlMUUhTdktpOHpSWEdfZExKQWx6RXJITlpvVGVHOVhvYXAzN3hRRXBZbzBEOUplTlVfNG9lZDUzM2xYdtIBlgFBVV95cUxOV0lrVTVrOTVDWkFwb3ZHUG9kckVIQjFNS2R5U0lvWjRMajFEbnV0LWV1NEJNN1VWaFFWbUZuazdRYVgyNmxpR2J4R1dBOGhUNXg5QXRGQzlNZnJrSHVQX1RSOFJyckJ5VXZ6ejJIUzIzS1VmcVpwdVgzbjlnN2MwNDc3MFJoTnFtYlg3TFZPWkViNV80b2c?oc=5,"Cara Investasi Melalui Aplikasi Ovo , Ini Manfaatnya - acehportal.com",news.google.com,extraction_failed,2026-08-31 23:32:19
https://news.google.com/rss/articles/CBMinwFBVV95cUxOQlhlbVpwaEJIZ1ZBRHVGalk1LTRtWnFlOEpvbDRSLU1vbkZraVBCd2hHcmh0THhIanBNVTcyLWhUU3lZeHV6UThkMS1JWXl1ZGRRSDBSU1ZrQlpGUXVPRlgteXpQbEdsbi1HcUYtdEl5MVgzcC1GX2czT3paS05IV0puNDJhQmVqVGpReWhwY3Bka0swb1g2OVBMQ0dMX0U?oc=5,https://news.google.com/rss/articles/CBMinwFBVV95cUxOQlhlbVpwaEJIZ1ZBRHVGalk1LTRtWnFlOEpvbDRSLU1vbkZraVBCd2hHcmh0THhIanBNVTcyLWhUU3lZeHV6UThkMS1JWXl1ZGRRSDBSU1ZrQlpGUXVPRlgteXpQbEdsbi1HcUYtdEl5MVgzcC1GX2czT3paS05IV0puNDJhQmVqVGpReWhwY3Bka0swb1g2OVBMQ0dMX0U?oc=5,"Harga Emas Turun, Warga Kembali Investasi Logam Mulia - republika.co.id",news.google.com,extraction_failed,2026-08-31 23:32:19
https://news.google.com/rss/articles/CBMimAFBVV95cUxQX0M4akQzSGEySzQxU1RtMThXNXo4ZFFiUDJWRVdMbXFTU2w2MkVNWUFLM0p6WmNyM2xoZnVGQlZmU2FOR2thUHA1eE1IUFFEZ253b2JJUVlleklCdXZIXzVudGNiWXdqZktYUGVFQXl4OVMxMDhDLWtlcE5YVFdPVi1WLUJYblpzY0YzQ0RCTmd6VzBrcHpRb9IBngFBVV95cUxOclFxQU85TEZ0MWk1eHNyR0c2V3dfUGVJTjdhQi1UNFVpRm1fMGtwSWNEdTM2RERzYzZKM2ZnMVhxRzd2OWFmQjYwN2dOaTdZNE0zRUIwX1Nkc0l0MjZCQlpmaklKZWdES3RtTTRTQkZQb0UyWGExNjZucnlHMUE5UU5DZ3lTUkxHem1zbzdhNUhNZmpManhvMHp5TG10QQ?oc=5,https://news.google.com/rss/articles/CBMimAFBVV95cUxQX0M4akQzSGEySzQxU1RtMThXNXo4ZFFiUDJWRVdMbXFTU2w2MkVNWUFLM0p6WmNyM2xoZnVGQlZmU2FOR2thUHA1eE1IUFFEZ253b2JJUVlleklCdXZIXzVudGNiWXdqZktYUGVFQXl4OVMxMDhDLWtlcE5YVFdPVi1WLUJYblpzY0YzQ0RCTmd6VzBrcHpRb9IBngFBVV95cUxOclFxQU85TEZ0MWk1eHNyR0c2V3dfUGVJTjdhQi1UNFVpRm1fMGtwSWNEdTM2RERzYzZKM2ZnMVhxRzd2OWFmQjYwN2dOaTdZNE0zRUIwX1Nkc0l0MjZCQlpmaklKZWdES3RtTTRTQkZQb0UyWGExNjZucnlHMUE5UU5DZ3lTUkxHem1zbzdhNUhNZmpManhvMHp5TG10QQ?oc=5,Ketua DPRK tegaskan Aceh Barat aman untuk investasi - ANTARA News Aceh,news.google.com,extraction_failed,2026-08-31 23:32:19
https://news.google.com/rss/articles/CBMisAFBVV95cUxQdHBoelNsSFkyY0FnNUFmV0xQVzhoUEhXMUYtc3hTT2hpY0JXVWFSa1g5aEdtSE9GUWxrQVd2aDloZnJxSFo4dFJWZGliQ1RaRElWbE5KUkk3UDBwU050bEh6U0E0UThtY3ZKMGZDNDNIQmJwcUNraUdqbnBOcUpsdDJPdVJIYTZmdXNKV0l3SWZzUzBYUURZcHhkWUZIM3BoU1pic0E4TGlNOWd0T1pRdtIBtgFBVV95cUxPdVZtVWNIbGp0bVB6U19PZTJWM0pMdkgxWVFyaHZBWUNJSFZhYU9pVEZUenEyb3d4TURZZXZHblhyQlRLTDRkWFhsVEYyTlNIb24wdHIxOFRwT3BsQ1BlSEZjMG1yMkdOcncxUXMwaDlEMW1JV0xUelA5c1VVeUdzMDlIa0E2WkkyelFBSzFydktLMmN5a0FBNHhmNGZON29pS3lfZTJLS1g3ZUgwbTNBLW45THZCZw?oc=5,https://news.google.com/rss/articles/CBMisAFBVV95cUxQdHBoelNsSFkyY0FnNUFmV0xQVzhoUEhXMUYtc3hTT2hpY0JXVWFSa1g5aEdtSE9GUWxrQVd2aDloZnJxSFo4dFJWZGliQ1RaRElWbE5KUkk3UDBwU050bEh6U0E0UThtY3ZKMGZDNDNIQmJwcUNraUdqbnBOcUpsdDJPdVJIYTZmdXNKV0l3SWZzUzBYUURZcHhkWUZIM3BoU1pic0E4TGlNOWd0T1pRdtIBtgFBVV95cUxPdVZtVWNIbGp0bVB6U19PZTJWM0pMdkgxWVFyaHZBWUNJSFZhYU9pVEZUenEyb3d4TURZZXZHblhyQlRLTDRkWFhsVEYyTlNIb24wdHIxOFRwT3BsQ1BlSEZjMG1yMkdOcncxUXMwaDlEMW1JV0xUelA5c1VVeUdzMDlIa0E2WkkyelFBSzFydktLMmN5a0FBNHhmNGZON29pS3lfZTJLS1g3ZUgwbTNBLW45THZCZw?oc=5,"Komdigi Evaluasi 200 Platform Digital, 4,7 Juta Akun Anak Sudah Dinonaktifkan » - dialeksis.com",news.google.com,extraction_failed,2026-08-31 23:32:20
https://news.google.com/rss/articles/CBMivwFBVV95cUxNcjFYVE44ZHNYejVodUdnaXB2dmtwQTg4aEZBQV9GTE1PSEFyVUktZjcxbm5MNllkN2E5ZmVpQy1PTHo1VFlqWloyTERxbWNMT3MtbnhiZTRTQ1FWS3k3bDAzQUdtZ3VjNDJvejhYSVBLdnU4djdMdGEwYXplY1g2ZHdPR09vTU1CQnVTQ2JzNmg2YmpIangwcVhaRWtmSTc1NGhYU2N0ZVAzSWN2ZnJraHRVYkpJLXhlWWpVQ3d1UQ?oc=5,https://news.google.com/rss/articles/CBMivwFBVV95cUxNcjFYVE44ZHNYejVodUdnaXB2dmtwQTg4aEZBQV9GTE1PSEFyVUktZjcxbm5MNllkN2E5ZmVpQy1PTHo1VFlqWloyTERxbWNMT3MtbnhiZTRTQ1FWS3k3bDAzQUdtZ3VjNDJvejhYSVBLdnU4djdMdGEwYXplY1g2ZHdPR09vTU1CQnVTQ2JzNmg2YmpIangwcVhaRWtmSTc1NGhYU2N0ZVAzSWN2ZnJraHRVYkpJLXhlWWpVQ3d1UQ?oc=5,"GTA Banda Aceh Tuntas, Peserta Diminta Terapkan Ilmu di OPD Masing-Masing - Diskominfo Banda Aceh",news.google.com,extraction_failed,2026-08-31 23:32:20
https://news.google.com/rss/articles/CBMigwJBVV95cUxNRFlvNkYxVnRZeEhxajJPOWxEcVR5TnNBX19aaTdKUU56aFpXMl92QzdYUWFnTHBPWldIWDNvNHRpQ2hmWjFxQk8tekktYmhtaDNBYUprUWMyZFptTzh2OGNLeDNVYmNHSkdNX1JnQTNYc25NaVFUbGd1VVJWc0ViWUI1TXQzaGFLd0QxdWtpdkJ0cUZmdlJka0FidHJGclVLODd6bHNUY3ItRnRhMm9OQlZJaTdFUHZMQ0oyWGpUZ2VKWmU0NU5Udkl6XzRxVUxrRFNMSmdmMjZROUFPSURTbFEyQ1dHRW04M1dtZG9Kb0hnMDF6ZkZ5ZXIzWmVjMkxCeU13?oc=5,https://news.google.com/rss/articles/CBMigwJBVV95cUxNRFlvNkYxVnRZeEhxajJPOWxEcVR5TnNBX19aaTdKUU56aFpXMl92QzdYUWFnTHBPWldIWDNvNHRpQ2hmWjFxQk8tekktYmhtaDNBYUprUWMyZFptTzh2OGNLeDNVYmNHSkdNX1JnQTNYc25NaVFUbGd1VVJWc0ViWUI1TXQzaGFLd0QxdWtpdkJ0cUZmdlJka0FidHJGclVLODd6bHNUY3ItRnRhMm9OQlZJaTdFUHZMQ0oyWGpUZ2VKWmU0NU5Udkl6XzRxVUxrRFNMSmdmMjZROUFPSURTbFEyQ1dHRW04M1dtZG9Kb0hnMDF6ZkZ5ZXIzWmVjMkxCeU13?oc=5,Kementerian Komunikasi dan Informatika menyelenggarakan Program Digital Talent Scholarship (DTS) untuk Fresh Graduate - Pemerintah Kabupaten Aceh Barat Daya,news.google.com,extraction_failed,2026-08-31 23:32:20
https://news.google.com/rss/articles/CBMipAFBVV95cUxOaEFMYkhCVzlkN0ItcmgxeE9EbTdSNlJweWZZNnI0Si1QZEF0aUlLRmpkZkJFblRFTEhWWHRNejNoNWxPVHEzcS00RFBRcXdzeHNnZk9hTzBUQW55VVE3RkdHTFVWTTZWdVZJMlJSeDZ5NUtFeUJZcU9XUmFnVmVWaFdib0FtMWhPcU9neF9ZQ1o1WTd3UG1nVDl1V0FZZGt6S3cwZA?oc=5,https://news.google.com/rss/articles/CBMipAFBVV95cUxOaEFMYkhCVzlkN0ItcmgxeE9EbTdSNlJweWZZNnI0Si1QZEF0aUlLRmpkZkJFblRFTEhWWHRNejNoNWxPVHEzcS00RFBRcXdzeHNnZk9hTzBUQW55VVE3RkdHTFVWTTZWdVZJMlJSeDZ5NUtFeUJZcU9XUmFnVmVWaFdib0FtMWhPcU9neF9ZQ1o1WTd3UG1nVDl1V0FZZGt6S3cwZA?oc=5,"BAA Talks 2026, Wali Kota Banda Aceh Dorong Kota Berbasis Talenta dan Kolaborasi - NOA.co.id",news.google.com,extraction_failed,2026-08-31 23:32:20
https://news.google.com/rss/articles/CBMisgFBVV95cUxPeUNsblB6T0o2VGdfQ1hpYlgxZTBNc2JFTzJ1cW8zRUR5bnp5akF4ZTAyd1dhN0VyMmcyQUg2RFpxRVBHYUlVRUFRT0VCYlJCZk5hSTJjYUtMeDJhU0E1b0FFR0lHZC1qMkk4SzV0a3FHUU1mSVRfc1FNaDdxR3M3aUpkYjc2UG9XMGR1bHppYmgzeXVPUXBzMHIta01jZFBvSWp6TkpTV2taLTd0LXk2Y0R3?oc=5,https://news.google.com/rss/articles/CBMisgFBVV95cUxPeUNsblB6T0o2VGdfQ1hpYlgxZTBNc2JFTzJ1cW8zRUR5bnp5akF4ZTAyd1dhN0VyMmcyQUg2RFpxRVBHYUlVRUFRT0VCYlJCZk5hSTJjYUtMeDJhU0E1b0FFR0lHZC1qMkk4SzV0a3FHUU1mSVRfc1FNaDdxR3M3aUpkYjc2UG9XMGR1bHppYmgzeXVPUXBzMHIta01jZFBvSWp6TkpTV2taLTd0LXk2Y0R3?oc=5,BPSDM Aceh Raih Penghargaan Mitra Berprestasi - BPSDM Aceh,news.google.com,extraction_failed,2026-08-31 23:32:20
https://news.google.com/rss/articles/CBMiekFVX3lxTE9oS190eUVHcDRGRFY1S2x0VUZTdndiX1BoMGh5T1pnWkF1RWFFblpaZWhzVlhrVkhXel9SMGdKYWlZYUJpUFNhTFFrVUtCclF6TzdSUGxFTFk4NVBHY2pjRmpTZTJsZ0plNGpXckFyRnJndTJ5S3dfbzlR?oc=5,https://news.google.com/rss/articles/CBMiekFVX3lxTE9oS190eUVHcDRGRFY1S2x0VUZTdndiX1BoMGh5T1pnWkF1RWFFblpaZWhzVlhrVkhXel9SMGdKYWlZYUJpUFNhTFFrVUtCclF6TzdSUGxFTFk4NVBHY2pjRmpTZTJsZ0plNGpXckFyRnJndTJ5S3dfbzlR?oc=5,Beragam Jurus Mencetak Talenta di Era AI - Kompas.id,news.google.com,extraction_failed,2026-08-31 23:32:21
https://news.google.com/rss/articles/CBMiXkFVX3lxTE4xa1UwY1N0cEJObUVmbEM4ZW9rTUhOcUZzTEYzSE9JQUFQMmhpRVRzMHlvbkMzSExWT0s0dDVFZlBiWGRERzlrUDBNdlZHLWQyUjJUV0x6ckE3NkpKYVE?oc=5,https://news.google.com/rss/articles/CBMiXkFVX3lxTE4xa1UwY1N0cEJObUVmbEM4ZW9rTUhOcUZzTEYzSE9JQUFQMmhpRVRzMHlvbkMzSExWT0s0dDVFZlBiWGRERzlrUDBNdlZHLWQyUjJUV0x6ckE3NkpKYVE?oc=5,Pendaftaran Pelatihan Thematic Academy (TA) Digital Talent Scholarship 2021 - Dinas Komunikasi dan Informatika Kabupaten Lamongan,news.google.com,extraction_failed,2026-08-31 23:32:21
https://news.google.com/rss/articles/CBMitwFBVV95cUxOdWZPckg5THd4Z2ttU3dIREdTY2VxYVA1MDA3aWNuMm1lZGJkNEdTbFYyUjNCNXRBeFBrVjY2Q1BlQ0xpYTJ4OTFfTUJCSGhkRDNpc3JOTWpfR0FTZE9WeG01bmd2clVUakVkQ3N2cWI5dHJEMXRvcnM1eU9fQlFLRlcyRVNHeV93WGdweVJuVDRRVmxuVjNabEttWjVld0JrRkxIaEtwaXhONnRLWHdJbGlSRlREUW8?oc=5,https://news.google.com/rss/articles/CBMitwFBVV95cUxOdWZPckg5THd4Z2ttU3dIREdTY2VxYVA1MDA3aWNuMm1lZGJkNEdTbFYyUjNCNXRBeFBrVjY2Q1BlQ0xpYTJ4OTFfTUJCSGhkRDNpc3JOTWpfR0FTZE9WeG01bmd2clVUakVkQ3N2cWI5dHJEMXRvcnM1eU9fQlFLRlcyRVNHeV93WGdweVJuVDRRVmxuVjNabEttWjVld0JrRkxIaEtwaXhONnRLWHdJbGlSRlREUW8?oc=5,Kementerian Kominfo RI Serahkan Penghargaan untuk Kota Banda Aceh - Diskominfo Banda Aceh,news.google.com,extraction_failed,2026-08-31 23:32:21
https://news.google.com/rss/articles/CBMioAFBVV95cUxQMFE5aFEyYndWTURUS1g5ZUJCa29CWW1MeE16QlY3U3pPbllNYXhVY1AwN0lwQW5QWVRldXowWGZ1bzEyUDVldlFpbUhvWXgtX2ZIcXdwVkxXMFJzYVFOazNhSVJXWldfX1JtaS1wbFg4N1hkdkFxUGZzZDdOb0Jid2puNkFrcE1sUGx2bEJTTmpNX25LSUFIMXdiQWZnSm9l?oc=5,https://news.google.com/rss/articles/CBMioAFBVV95cUxQMFE5aFEyYndWTURUS1g5ZUJCa29CWW1MeE16QlY3U3pPbllNYXhVY1AwN0lwQW5QWVRldXowWGZ1bzEyUDVldlFpbUhvWXgtX2ZIcXdwVkxXMFJzYVFOazNhSVJXWldfX1JtaS1wbFg4N1hkdkFxUGZzZDdOb0Jid2puNkFrcE1sUGx2bEJTTmpNX25LSUFIMXdiQWZnSm9l?oc=5,Ratusan Anak Muda Aceh Dilatih Wirausaha Digital - Kementerian Komunikasi dan Digital,news.google.com,extraction_failed,2026-08-31 23:32:21
https://news.google.com/rss/articles/CBMimgFBVV95cUxQbGQxQk9VcTEtb2NqQlVwdEhWV1ZRN2QwaDJGMkJETFNaTWFvOEFFQk5qNFNaLVp0d1BOOE1vZWhqdC1yVzFsZmxOb2hPdDVZVUNyNldpV3dPV1FuNVRsbFpZbVdQNkdtNTU5QWJuWGg0emMxMTJjNmZwS0tMckFrMGttYVBkZVZ5cWtfRjlIRnFOVFNpd1VqdUln?oc=5,https://news.google.com/rss/articles/CBMimgFBVV95cUxQbGQxQk9VcTEtb2NqQlVwdEhWV1ZRN2QwaDJGMkJETFNaTWFvOEFFQk5qNFNaLVp0d1BOOE1vZWhqdC1yVzFsZmxOb2hPdDVZVUNyNldpV3dPV1FuNVRsbFpZbVdQNkdtNTU5QWJuWGg0emMxMTJjNmZwS0tMckFrMGttYVBkZVZ5cWtfRjlIRnFOVFNpd1VqdUln?oc=5,Kepala BBPSDMP Kominfo Medan Puji Aminullah - Diskominfo Banda Aceh,news.google.com,extraction_failed,2026-08-31 23:32:22
https://news.google.com/rss/articles/CBMiwgFBVV95cUxQT2ZDeTR6RjB3SWl0ZjdyaEJibFhMTG1uand2WWVGREdtN1o5ejB3UmpoUXg1OXptWFZPVXp5eno1OXNjR2RBamplMlM1VGZaN3pScEZ0bG5Bejd6emQ0OWh1d0tnRkxTUUdkX1I3ZEZqRWlRa2RjQVM3WHZBWGFDMU9zcXFhaFlyOVcxeG8tdlc5TERMMGdsSDlkOWhac1o5NzItWDNqMjNuTFhEUFo1cmMtbXBuNjhtTGQwTkhSWE81QQ?oc=5,https://news.google.com/rss/articles/CBMiwgFBVV95cUxQT2ZDeTR6RjB3SWl0ZjdyaEJibFhMTG1uand2WWVGREdtN1o5ejB3UmpoUXg1OXptWFZPVXp5eno1OXNjR2RBamplMlM1VGZaN3pScEZ0bG5Bejd6emQ0OWh1d0tnRkxTUUdkX1I3ZEZqRWlRa2RjQVM3WHZBWGFDMU9zcXFhaFlyOVcxeG8tdlc5TERMMGdsSDlkOWhac1o5NzItWDNqMjNuTFhEUFo1cmMtbXBuNjhtTGQwTkhSWE81QQ?oc=5,"Pemerintah Siapkan Tiga Fase Transformasi Digital Nasional - Dinas Komunikasi, Informatika dan Persandian Aceh",news.google.com,extraction_failed,2026-08-31 23:32:22
https://news.google.com/rss/articles/CBMiXEFVX3lxTE9Pd2E1SDd2R09aY19iWkZhR2tWYld5Q2c5WlliYnllQU9BR2QxbHBKZ3V0LXJVY2F1UFAyN24tZDZVNXpSckRKSkhHMXd3dl85UDhjd1poQlNYTndw?oc=5,https://news.google.com/rss/articles/CBMiXEFVX3lxTE9Pd2E1SDd2R09aY19iWkZhR2tWYld5Q2c5WlliYnllQU9BR2QxbHBKZ3V0LXJVY2F1UFAyN24tZDZVNXpSckRKSkhHMXd3dl85UDhjd1poQlNYTndw?oc=5,Pembukaan Pendaftaran Professional Academy Digital Talent Scholarship (PROA) Batch 2 - Dinas Komunikasi dan Informatika Kabupaten Lamongan,news.google.com,extraction_failed,2026-08-31 23:32:22
https://news.google.com/rss/articles/CBMitgFBVV95cUxPUVc3ckRjby00dktKOTJ6RFA2eU9IOGdLa2IxUzBqbHA0bHlPa2ZOeUZpVEdaaXhSeU1LTi1haE04WGNvNVVMMXlnWWRnOUpzeXVpX2Vxa3p0NWFoRGVKbmcwOTFFbzl1UlVDSl9Xa2E4dEhFdnpvU1RjbjVBMnR3Ml8tNHVtbUFBX0xaSWtYeWNTVUlQWTFCRDVGR2NaMVA3SUJnTzE1QnBfVzM0RXZncERjVTBTQQ?oc=5,https://news.google.com/rss/articles/CBMitgFBVV95cUxPUVc3ckRjby00dktKOTJ6RFA2eU9IOGdLa2IxUzBqbHA0bHlPa2ZOeUZpVEdaaXhSeU1LTi1haE04WGNvNVVMMXlnWWRnOUpzeXVpX2Vxa3p0NWFoRGVKbmcwOTFFbzl1UlVDSl9Xa2E4dEhFdnpvU1RjbjVBMnR3Ml8tNHVtbUFBX0xaSWtYeWNTVUlQWTFCRDVGR2NaMVA3SUJnTzE1QnBfVzM0RXZncERjVTBTQQ?oc=5,"Wamenkominfo RI Beri Kuliah Umum di UIN Ar-Raniry - Dinas Komunikasi, Informatika dan Persandian Aceh",news.google.com,extraction_failed,2026-08-31 23:32:22
https://news.google.com/rss/articles/CBMitgFBVV95cUxNbEdjTG9DcGg0WFU2WmRkbXNyTkRuVkQtQ2V1TWp4RS1oamRybjJRaTRwNmgxbGxhWXFYbDI5NXl5R3RobXdIVTdUWlJvN0hMMjZsdmJ2MW9aSkZyVlFIRmpFUzRKWGZubEFDb2h5SnRuQ1pUaHA1eEZfMnVubVR5cFlaeUpuT3pacU5YRkNuRkNSVVN1a1NEUVBFVThIU1ZzcGJrdUNHOWJTNnJDU0lQRHlCTnVzUdIBuwFBVV95cUxOczhNNl9NLW8tS291NFZNNURUU3FKajlpa25zZEJoUHN6NTNqM21jSlo3RVZ2enhGYW5VLWVBLXktcHhGYmFRdHVudnk0bmJ5SUtQMEthb3NiWjBhZDVDNElXLUtZeWItSTRnRGZDeXZ5SVU3LTBXcUxlRUpYZkFvM1otSUc5VDVsenQwenZjVExqUkNQMWNGNzV6ekJlSHNJN0ZGRWtIb2RSMWtBS1BRWUtqOWpnVVdKMUZv?oc=5,https://news.google.com/rss/articles/CBMitgFBVV95cUxNbEdjTG9DcGg0WFU2WmRkbXNyTkRuVkQtQ2V1TWp4RS1oamRybjJRaTRwNmgxbGxhWXFYbDI5NXl5R3RobXdIVTdUWlJvN0hMMjZsdmJ2MW9aSkZyVlFIRmpFUzRKWGZubEFDb2h5SnRuQ1pUaHA1eEZfMnVubVR5cFlaeUpuT3pacU5YRkNuRkNSVVN1a1NEUVBFVThIU1ZzcGJrdUNHOWJTNnJDU0lQRHlCTnVzUdIBuwFBVV95cUxOczhNNl9NLW8tS291NFZNNURUU3FKajlpa25zZEJoUHN6NTNqM21jSlo3RVZ2enhGYW5VLWVBLXktcHhGYmFRdHVudnk0bmJ5SUtQMEthb3NiWjBhZDVDNElXLUtZeWItSTRnRGZDeXZ5SVU3LTBXcUxlRUpYZkFvM1otSUc5VDVsenQwenZjVExqUkNQMWNGNzV6ekJlSHNJN0ZGRWtIb2RSMWtBS1BRWUtqOWpnVVdKMUZv?oc=5,BPVP berikan tiga program pelatihan kerja untuk 245 peserta batch II Aceh - ANTARA News Aceh,news.google.com,extraction_failed,2026-08-31 23:32:22
https://news.google.com/rss/articles/CBMi9gFBVV95cUxNMk5tMjhFaFhKeW5sd3BUcm5PZ1VrZXFaZVItLWFsd3pHOGd5ZFhXbjJ4SWw4QzF2VmszaC01U1VsMFc1SE1CLXJPc0pQbTViWXZCXzIzUk54dGxzOVNXblpXSEJWVmstcV9QX1lIMDVGUXNydWNQNlhoQkxmaElnd3hwTGxKVTU1WTZtZnFwaHZWbVhqUXJNRTh5UDJqQlZnTjFPLXVBeC0yQXJxbGp2VTBuQTJfYWFvUkh2aXRBT3ZkMWU1M1cwWHFRZVI1ZE52eDh6SHhCNmh0aE40QmpmTGFjS3p3NjRTTGE0QzEwRWEwaW9LcWc?oc=5,https://news.google.com/rss/articles/CBMi9gFBVV95cUxNMk5tMjhFaFhKeW5sd3BUcm5PZ1VrZXFaZVItLWFsd3pHOGd5ZFhXbjJ4SWw4QzF2VmszaC01U1VsMFc1SE1CLXJPc0pQbTViWXZCXzIzUk54dGxzOVNXblpXSEJWVmstcV9QX1lIMDVGUXNydWNQNlhoQkxmaElnd3hwTGxKVTU1WTZtZnFwaHZWbVhqUXJNRTh5UDJqQlZnTjFPLXVBeC0yQXJxbGp2VTBuQTJfYWFvUkh2aXRBT3ZkMWU1M1cwWHFRZVI1ZE52eDh6SHhCNmh0aE40QmpmTGFjS3p3NjRTTGE0QzEwRWEwaW9LcWc?oc=5,"Buka Talent Scouting Provinsi Aceh Pra Popnas Tahun 2027 Untuk 4 Cabor, Wabup Muchsin Harap Seleksi Melahirkan Bakat Terbaik Aceh - Prokopim Aceh Tengah",news.google.com,extraction_failed,2026-08-31 23:32:23
https://news.google.com/rss/articles/CBMixAFBVV95cUxPLTYtNDNmSHZTVV9adVhtWmtoX0FpX0xqZkI5UnZuQ0tlYVZmOTFFaS1ZT0xrUkZWeTBOOXdGOEZrQ0k3R3NDZFp3SzNPSGthS1MxN09sWEh1TGpHQlk0UzVWTlJ1Y2ItQUh5T3AzU2stUTZIUm83WndaYWc0b3JiVms4ejVfay1IUGFlN0QwcFVzVUJqR0dLcGRHU3RsN0lUWkdFWHg2NXd4U3h4ZkNFVnB0YTNzVzRhVHRmckxTMVEtcS1F?oc=5,https://news.google.com/rss/articles/CBMixAFBVV95cUxPLTYtNDNmSHZTVV9adVhtWmtoX0FpX0xqZkI5UnZuQ0tlYVZmOTFFaS1ZT0xrUkZWeTBOOXdGOEZrQ0k3R3NDZFp3SzNPSGthS1MxN09sWEh1TGpHQlk0UzVWTlJ1Y2ItQUh5T3AzU2stUTZIUm83WndaYWc0b3JiVms4ejVfay1IUGFlN0QwcFVzVUJqR0dLcGRHU3RsN0lUWkdFWHg2NXd4U3h4ZkNFVnB0YTNzVzRhVHRmckxTMVEtcS1F?oc=5,Kemenkominfo RI Laksanakan Roadshow di Universitas Syiah Kuala - Pemerintahan Aceh,news.google.com,extraction_failed,2026-08-31 23:32:23
https://news.google.com/rss/articles/CBMizAFBVV95cUxPZEFTMEdZbmtya3hWNGFzNTN4ajZzeERyYzUwbjAtUmFYT1JSYzZzNF9JNk1CU3hLRk9US09EZW5McGhlUDgtdFpvQ183ZTVHMFFJa1F0SEJvdXZDbXZtUVR6RWRKSmhtamtDMzFtV3ZhWGFsYWY4UjFCR3M0VkdZUGtMalJvMHJOd3loX2R1eVRUdGp2N0pEeUhZOFYyandUV0Ntdjd2dWVKc1dLN1JQNmJtZHdTcW0xdVU5dXF1VFBweU1UYnFPdjRmWjg?oc=5,https://news.google.com/rss/articles/CBMizAFBVV95cUxPZEFTMEdZbmtya3hWNGFzNTN4ajZzeERyYzUwbjAtUmFYT1JSYzZzNF9JNk1CU3hLRk9US09EZW5McGhlUDgtdFpvQ183ZTVHMFFJa1F0SEJvdXZDbXZtUVR6RWRKSmhtamtDMzFtV3ZhWGFsYWY4UjFCR3M0VkdZUGtMalJvMHJOd3loX2R1eVRUdGp2N0pEeUhZOFYyandUV0Ntdjd2dWVKc1dLN1JQNmJtZHdTcW0xdVU5dXF1VFBweU1UYnFPdjRmWjg?oc=5,"Press Rilis : Organisasi Digital Nasional Pertama Resmi dilantik di Aceh - Dinas Komunikasi, Informatika dan Persandian Aceh",news.google.com,extraction_failed,2026-08-31 23:32:23
https://news.google.com/rss/articles/CBMirgFBVV95cUxPbU9aaUNhcUxpd0FCTUdONE9zSHFfRmlURFA0c05KblRfa2pfeHJNNlp1VHRndDY2ZVpheHRQbkFpRWhVV1RzMklrOEYtTTh5RTBPcGl3Q3plalh2aWduM3g1dDZTVkVCaDFHQmtZX0IyQ3UwLUxGQXNDWk9zbVZLZmM0U28xMzVqVG1yc0dSbHIxSkxJOEd3TnFwUUo3bVN1dUpKZS16WnJlaDN6eXc?oc=5,https://news.google.com/rss/articles/CBMirgFBVV95cUxPbU9aaUNhcUxpd0FCTUdONE9zSHFfRmlURFA0c05KblRfa2pfeHJNNlp1VHRndDY2ZVpheHRQbkFpRWhVV1RzMklrOEYtTTh5RTBPcGl3Q3plalh2aWduM3g1dDZTVkVCaDFHQmtZX0IyQ3UwLUxGQXNDWk9zbVZLZmM0U28xMzVqVG1yc0dSbHIxSkxJOEd3TnFwUUo3bVN1dUpKZS16WnJlaDN6eXc?oc=5,"Fiberisasi, Aplikasi dan SDM Syarat Penting Implementasi 5G - Diskominfo Banda Aceh",news.google.com,extraction_failed,2026-08-31 23:32:24
https://news.google.com/rss/articles/CBMimAFBVV95cUxPcE5PTUlDVm9yMTJkOF95ZjhLSGhMQUwzaU1xUm5vejk0V0VCZmtndlNMdEJKUEt0NURUUnV6QlNGUzZ3VzdRTDlmTHJDQnd5cFVOVnl3QmJRbTdVXzR4bW1NZV9XSlFjdGFKMXR5VXk1a2dBN3NrN3B1RU1fTnV3WW5pcDN5b0t4R3N2ckd0Zk1yNXdmcGxfZtIBmAFBVV95cUxPanUzeXVQdWN6cVFlMVlBeFc0TzRKbVpCTW9OcUlIRlBudmgxaURpUWtSQWdRZzduR1MwOWptcldVZEQtM2MySks0TTQ4V1I0TDViYWhJRUNsM1hOVG5pd240NnQ1aDN1WllhTVk4bHBnZVcyRGxWeUZnX3J4TzBxQkI5bEVlZWJrQmtlemR3Sjk5UjNMemxtMQ?oc=5,https://news.google.com/rss/articles/CBMimAFBVV95cUxPcE5PTUlDVm9yMTJkOF95ZjhLSGhMQUwzaU1xUm5vejk0V0VCZmtndlNMdEJKUEt0NURUUnV6QlNGUzZ3VzdRTDlmTHJDQnd5cFVOVnl3QmJRbTdVXzR4bW1NZV9XSlFjdGFKMXR5VXk1a2dBN3NrN3B1RU1fTnV3WW5pcDN5b0t4R3N2ckd0Zk1yNXdmcGxfZtIBmAFBVV95cUxPanUzeXVQdWN6cVFlMVlBeFc0TzRKbVpCTW9OcUlIRlBudmgxaURpUWtSQWdRZzduR1MwOWptcldVZEQtM2MySks0TTQ4V1I0TDViYWhJRUNsM1hOVG5pd240NnQ1aDN1WllhTVk4bHBnZVcyRGxWeUZnX3J4TzBxQkI5bEVlZWJrQmtlemR3Sjk5UjNMemxtMQ?oc=5,185 Fresh Graduate Raih Digital Talent Scholarship di Unsyiah » - dialeksis.com,news.google.com,extraction_failed,2026-08-31 23:32:24
https://news.google.com/rss/articles/CBMirAFBVV95cUxOUUpBYzB6WjZ5LXFLdU5lMnhtZWhrU09QRHJzdHdBeXBiNUc0ZFZUbjdyRGVQV3NjTHAySThLTHA2YWtpdG82YUxPamZ4Ulc3UHN5cEdjc211VGgtVmhmNEtZQ3NqN0JmaHJadnFCMTFNOGppcUYzMDRrR1ZTOFpiU0ZuTmN1Y0tHYml3ZklXNWpNa0hvZ1lWM0xScDQ1SUtiTzhlMWZUeE8xU3Yy?oc=5,https://news.google.com/rss/articles/CBMirAFBVV95cUxOUUpBYzB6WjZ5LXFLdU5lMnhtZWhrU09QRHJzdHdBeXBiNUc0ZFZUbjdyRGVQV3NjTHAySThLTHA2YWtpdG82YUxPamZ4Ulc3UHN5cEdjc211VGgtVmhmNEtZQ3NqN0JmaHJadnFCMTFNOGppcUYzMDRrR1ZTOFpiU0ZuTmN1Y0tHYml3ZklXNWpNa0hvZ1lWM0xScDQ1SUtiTzhlMWZUeE8xU3Yy?oc=5,"Di ‘Ratu Adil’, Dian Sastrowardoyo Borong Penghargaan Favorite Digital/Series Talent - indonesiawatch",news.google.com,extraction_failed,2026-08-31 23:32:25
https://news.google.com/rss/articles/CBMib0FVX3lxTFBaTXluNHV2OVl3RmVEdVNlb3AzTTdKbjFfMFJjNkRUUmZnX1ZtWld2TWlDa3RiWTF2b2Q2OE1ZWWtPdmFKajctQ3BQVG5hRGpkTkdkWFJpQWZaU1FqWFpkaHl5SUtsU2pNMkNzdnRUbw?oc=5,https://news.google.com/rss/articles/CBMib0FVX3lxTFBaTXluNHV2OVl3RmVEdVNlb3AzTTdKbjFfMFJjNkRUUmZnX1ZtWld2TWlDa3RiWTF2b2Q2OE1ZWWtPdmFKajctQ3BQVG5hRGpkTkdkWFJpQWZaU1FqWFpkaHl5SUtsU2pNMkNzdnRUbw?oc=5,Literasi Digital akan Digelar di Bungo - bungotoday.com,news.google.com,extraction_failed,2026-08-31 23:32:25
https://news.google.com/rss/articles/CBMioAFBVV95cUxNU3hWRDJ2aVNjcHJGSVc2ZVppYnN1RlVKMWJoOWtRMjR2TmJVemVoY0NrZW85Vm40QUl3TDBJaEhwQW1HTl9NNU5FbU44Qy1aRlhuM0tZU2hPNU5OcUdVY0pEaTJ5Rlcwc2MxcjlLT05hVmRsbVlBeTljX19sTnNLNUhkUnNKSVd1UVE3anhUMk9KVjI5X21oNW55RTNjTktr?oc=5,https://news.google.com/rss/articles/CBMioAFBVV95cUxNU3hWRDJ2aVNjcHJGSVc2ZVppYnN1RlVKMWJoOWtRMjR2TmJVemVoY0NrZW85Vm40QUl3TDBJaEhwQW1HTl9NNU5FbU44Qy1aRlhuM0tZU2hPNU5OcUdVY0pEaTJ5Rlcwc2MxcjlLT05hVmRsbVlBeTljX19sTnNLNUhkUnNKSVd1UVE3anhUMk9KVjI5X21oNW55RTNjTktr?oc=5,"TTG Resmi Dibuka, ""Bir"" Pala Jadi Primadona di Stand Aceh Selatan - thejurnal.id",news.google.com,extraction_failed,2026-08-31 23:32:25
https://news.google.com/rss/articles/CBMijgFBVV95cUxQT1hQajNXSHNabzFhNWYwUThVSUxQY0hFeWhPdTR5emZ6S3VJQ0lhREN0TmhjQnUxdTRsLWdTU3BOZkRjMGMtY1JTLU5uODQ2RGZzZ0RzTGRQS1c5WWVmeEhvWkZTdm5LZ1U3SWZFWUVlVk9GdzJtdms3VmFTTHNiNC1DZ0JSZEJ5UjhPZ1Z3?oc=5,https://news.google.com/rss/articles/CBMijgFBVV95cUxQT1hQajNXSHNabzFhNWYwUThVSUxQY0hFeWhPdTR5emZ6S3VJQ0lhREN0TmhjQnUxdTRsLWdTU3BOZkRjMGMtY1JTLU5uODQ2RGZzZ0RzTGRQS1c5WWVmeEhvWkZTdm5LZ1U3SWZFWUVlVk9GdzJtdms3VmFTTHNiNC1DZ0JSZEJ5UjhPZ1Z3?oc=5,Gerilya Illiza untuk Hidupkan Lagi Banda Aceh Academy - masakini.co,news.google.com,extraction_failed,2026-08-31 23:32:25
https://news.google.com/rss/articles/CBMiugFBVV95cUxOSmNnSzN0TFJHOFJQT1FoNVJMY1BrV090MEFjNzVsaWY5ZTBWLUMweFFNcEc0MHZvVXA5WG90Z0MxcGw5RE9vcnRaWVpiNUhWT0FWRk1rOUNtUzNJT2p5S09ETjlwSXU5aVBzODIyRERoM09NM1RYRXFBd0xkTklRZ041Z0hYUXRDdXNNU3d0bTVqUWRIMS1panM3N0JqeW9ldDhLNnhhZUlyckttaWxHX3lDTzAzbmdwM1HSAboBQVVfeXFMTy1yd2U5eFRydXFKLWJ2M0hMWlh5ejRQZ3lYWXpCdm9WakdXLWdBSFphT2xFaWxZb3hUekZpNnFLMFprLXlDZTEtOWZRX0pBTGZfbVEwOFlxRi0tSEVkYWNpUXFLWkpOXzZpRWVjUkRPVk93eUFwRVpSaFg5Q2hrdTNaRGxzdnh6YmM0Y3lVMnVVWVhCUmxlZFpkMjMxVG9LYnhQUUt3RHh0aFg3WTQ1N3BaSnByYmVKUHJ3?oc=5,https://news.google.com/rss/articles/CBMiugFBVV95cUxOSmNnSzN0TFJHOFJQT1FoNVJMY1BrV090MEFjNzVsaWY5ZTBWLUMweFFNcEc0MHZvVXA5WG90Z0MxcGw5RE9vcnRaWVpiNUhWT0FWRk1rOUNtUzNJT2p5S09ETjlwSXU5aVBzODIyRERoM09NM1RYRXFBd0xkTklRZ041Z0hYUXRDdXNNU3d0bTVqUWRIMS1panM3N0JqeW9ldDhLNnhhZUlyckttaWxHX3lDTzAzbmdwM1HSAboBQVVfeXFMTy1yd2U5eFRydXFKLWJ2M0hMWlh5ejRQZ3lYWXpCdm9WakdXLWdBSFphT2xFaWxZb3hUekZpNnFLMFprLXlDZTEtOWZRX0pBTGZfbVEwOFlxRi0tSEVkYWNpUXFLWkpOXzZpRWVjUkRPVk93eUFwRVpSaFg5Q2hrdTNaRGxzdnh6YmM0Y3lVMnVVWVhCUmxlZFpkMjMxVG9LYnhQUUt3RHh0aFg3WTQ1N3BaSnByYmVKUHJ3?oc=5,Kepala Diskominfotik: VSGA Persiapkan SDM Berdaya Saing di Era Teknologi Tersertifikasi » - dialeksis.com,news.google.com,extraction_failed,2026-08-31 23:32:25
https://news.google.com/rss/articles/CBMiqAFBVV95cUxPeWxIeFlzdklBZHBKVlFVaVVIOUtPdndRTVRCYm1SMTdJbzJjZHp3MnI5S3VCZjhoY25fcVJTN2lmbzVDQmNqeFc4a0JhaV8tRmZkVWJoRHdwNkdKSUhaNGFUR0ktRGNfQzlDSzZ0YllLYWlHTDJRY3J1R20yQTZ0amMyVEMyUm9LNThudF9WU1dDQUE2RTRyenBvSTRuQVltV0NwbzVvMk0?oc=5,https://news.google.com/rss/articles/CBMiqAFBVV95cUxPeWxIeFlzdklBZHBKVlFVaVVIOUtPdndRTVRCYm1SMTdJbzJjZHp3MnI5S3VCZjhoY25fcVJTN2lmbzVDQmNqeFc4a0JhaV8tRmZkVWJoRHdwNkdKSUhaNGFUR0ktRGNfQzlDSzZ0YllLYWlHTDJRY3J1R20yQTZ0amMyVEMyUm9LNThudF9WU1dDQUE2RTRyenBvSTRuQVltV0NwbzVvMk0?oc=5,"Daftar Lowongan Rekrutmen Bersama BUMN 2023, Ada PLN hingga Pertamina - MODUS ACEH",news.google.com,extraction_failed,2026-08-31 23:32:25
https://news.google.com/rss/articles/CBMipwFBVV95cUxPVlNZQjAxdmI0eS10SmxHRmxvcV9hVW1yM1RnU1I5MVd2SDFUUlVVeHNvYUdvMEI2SGEyTnlBbWNiLS1xS3FaTFY2RzhZalJqVkhyS2xRZmpDQ05ZZjlvLW9HdkplbW5mNGlON3NOT0xKZ3EweE9nZEdKbkpQWVJVbUxucUFuNmp5SGh1TlJXcFQwSk9kWmRXNVozQ0VZT3o1bnlNWFhpNA?oc=5,https://news.google.com/rss/articles/CBMipwFBVV95cUxPVlNZQjAxdmI0eS10SmxHRmxvcV9hVW1yM1RnU1I5MVd2SDFUUlVVeHNvYUdvMEI2SGEyTnlBbWNiLS1xS3FaTFY2RzhZalJqVkhyS2xRZmpDQ05ZZjlvLW9HdkplbW5mNGlON3NOT0xKZ3EweE9nZEdKbkpQWVJVbUxucUFuNmp5SGh1TlJXcFQwSk9kWmRXNVozQ0VZT3o1bnlNWFhpNA?oc=5,"Aman, Nyaman, Cepat Gunakan Tanda Tangan Elektronik Tersertifikasi - Tempo.co",news.google.com,extraction_failed,2026-08-31 23:32:25
https://news.google.com/rss/articles/CBMif0FVX3lxTE1fQ2RMLU9FblFuV1BwSUxFVTJsSWxJY3hBd1JHQ0tPLWNXRVV1VkVyRXA4YkdrUEp2WmlReFBkbGh2ZWhtN1ZTZGtkSU43R3NHcmFOQ1p0Rkt1WVlxS1JvZm5IUWJ4OUUxZnRjcnFpeDhORjhCWGdzSzJxRU1HU1U?oc=5,https://news.google.com/rss/articles/CBMif0FVX3lxTE1fQ2RMLU9FblFuV1BwSUxFVTJsSWxJY3hBd1JHQ0tPLWNXRVV1VkVyRXA4YkdrUEp2WmlReFBkbGh2ZWhtN1ZTZGtkSU43R3NHcmFOQ1p0Rkt1WVlxS1JvZm5IUWJ4OUUxZnRjcnFpeDhORjhCWGdzSzJxRU1HU1U?oc=5,Kota Takengon Mau Dibranding Seperti Apa? - lintas gayo,news.google.com,extraction_failed,2026-08-31 23:32:26
https://news.google.com/rss/articles/CBMi0AFBVV95cUxPM0VWMmVGamFtRGt4RktpWDdaU1J6eVFHa2Mza3NMSWtkUUR6SXVoZEwtQV9zOEFkNmJDLVdjQWljM2NiQTdOWENHNnhOS1BaUFA4VFNOVm5ueEdLczFEUlJscThfSGFhMWlUcElrdXprdEdhMXZXSVE4ZTVIMUVmMFlUOGM0S3k1QW01bTNmbDE4VDZ0b1g4MThxV3FvZmVCUzRseHlpU19kU3ZBY21TZFlqcHk5UWZ6X0NiRlBZeGlpekJ0bXhSeG8tb0N5YThM?oc=5,https://news.google.com/rss/articles/CBMi0AFBVV95cUxPM0VWMmVGamFtRGt4RktpWDdaU1J6eVFHa2Mza3NMSWtkUUR6SXVoZEwtQV9zOEFkNmJDLVdjQWljM2NiQTdOWENHNnhOS1BaUFA4VFNOVm5ueEdLczFEUlJscThfSGFhMWlUcElrdXprdEdhMXZXSVE4ZTVIMUVmMFlUOGM0S3k1QW01bTNmbDE4VDZ0b1g4MThxV3FvZmVCUzRseHlpU19kU3ZBY21TZFlqcHk5UWZ6X0NiRlBZeGlpekJ0bXhSeG8tb0N5YThM?oc=5,"Skill Digital RI Baru 19 Persen, Menaker Soroti Lulusan Kampus Belum Siap Hadapi Pasar Kerja - Serambinews.com",news.google.com,extraction_failed,2026-08-31 23:32:26
https://news.google.com/rss/articles/CBMirAFBVV95cUxOcVFUdEtTQ3lTSURSY18tcXVETkhxTG9yTm5pdGFZcWdObGRyamZvYU4yak1KZ3o5X2xDcmlTRWlJcDJ1MjlrN3htQnA2U2U0b2tMTXpfY0Z1YlcyVVNaRU5VNkZSRXNicUEzUkZtSXplRmxmWW1hT0ZaYjlRd3pxUlVUUURTemNDek8tOUMtS1kxbk1Zc01LZ3RVTnZfYmxKcTN6dlM3bEQ2eUth0gG0AUFVX3lxTFBXRUY0dUQ4RkZJWEg2eE9WWWNsbXdnT0ZTT19OS3lIQ0tnR3VQUGpGeFVEcmNmeWtrTEViVHM4QTZ2ZE9FeW5MNGcwSFBrTjR0d2FGWGs2WEhNelRxRFRlX185d3VvZURVX3N4R2RPV1NuNC05RG8xTjBYT09ValI1eXRxbE01dXN4QlU4b2hqTXVnd2ttcS00SEEzVENHYUhIUmR1eWp3NXZvejlTcUtMamlpRg?oc=5,https://news.google.com/rss/articles/CBMirAFBVV95cUxOcVFUdEtTQ3lTSURSY18tcXVETkhxTG9yTm5pdGFZcWdObGRyamZvYU4yak1KZ3o5X2xDcmlTRWlJcDJ1MjlrN3htQnA2U2U0b2tMTXpfY0Z1YlcyVVNaRU5VNkZSRXNicUEzUkZtSXplRmxmWW1hT0ZaYjlRd3pxUlVUUURTemNDek8tOUMtS1kxbk1Zc01LZ3RVTnZfYmxKcTN6dlM3bEQ2eUth0gG0AUFVX3lxTFBXRUY0dUQ4RkZJWEg2eE9WWWNsbXdnT0ZTT19OS3lIQ0tnR3VQUGpGeFVEcmNmeWtrTEViVHM4QTZ2ZE9FeW5MNGcwSFBrTjR0d2FGWGs2WEhNelRxRFRlX185d3VvZURVX3N4R2RPV1NuNC05RG8xTjBYT09ValI1eXRxbE01dXN4QlU4b2hqTXVnd2ttcS00SEEzVENHYUhIUmR1eWp3NXZvejlTcUtMamlpRg?oc=5,"185 Fresh Graduate Raih Digital Talent Scholarship di Unsyiah, Aceh - kumparan.com - Kumparan.com",news.google.com,extraction_failed,2026-08-31 23:32:27
https://news.google.com/rss/articles/CBMi3gFBVV95cUxOT3h0aFBlWDhsb2Z1Uk9kWFlmbU1keGVTZmRoci0xeXlkcGliVE1hSFotaDNwQldVOU5SUlVET3ZuTGdDUnBLUXNGWFdZeEtjMW9Ndnh2Sk9zZGpnQ2hNSHV3RmUzeWtoNm5xa0h3bjkyZWRrOFFXT3pCV1dyRDZJSU5NaXZ5a01xUllZU0hFR1ZpX3NKQjdlUk9hSExUNFB1dVJ6T0lqZUNKZ2N4c0JwMkF4TE1pVU5vM1l3bUJtZUwtNFBHMW42WjZLS0Vsa1V3SzZ1QXZDVk05SVNXU1HSAdwBQVVfeXFMT0RBdlhNekdGTV95Vk5GWHJDd0hCdWRJbDZXeElVSXlGNW5KY3hEbWJfZFB2SUZVRFBUTnJjUlQ1Vng3ejdHd0Flb3lZM29jV1phby14OHg0SHFrVWZhcGZnc3hLcTBrZGRST1R1WXg3TFJ0OE96Q1V3SFI3VXZfb1FWT21ndk1TQXJVRXFhUXZJY2tfUFdtc053UEZfbHd6Z1NqMVdxQ0JuU0pIWU1GTGZNTGllSXFuWmtGZ2txbFh2S0t5Z1F4ZU53TVBsallOaEt0S3AyRFVDM3dXZw?oc=5,https://news.google.com/rss/articles/CBMi3gFBVV95cUxOT3h0aFBlWDhsb2Z1Uk9kWFlmbU1keGVTZmRoci0xeXlkcGliVE1hSFotaDNwQldVOU5SUlVET3ZuTGdDUnBLUXNGWFdZeEtjMW9Ndnh2Sk9zZGpnQ2hNSHV3RmUzeWtoNm5xa0h3bjkyZWRrOFFXT3pCV1dyRDZJSU5NaXZ5a01xUllZU0hFR1ZpX3NKQjdlUk9hSExUNFB1dVJ6T0lqZUNKZ2N4c0JwMkF4TE1pVU5vM1l3bUJtZUwtNFBHMW42WjZLS0Vsa1V3SzZ1QXZDVk05SVNXU1HSAdwBQVVfeXFMT0RBdlhNekdGTV95Vk5GWHJDd0hCdWRJbDZXeElVSXlGNW5KY3hEbWJfZFB2SUZVRFBUTnJjUlQ1Vng3ejdHd0Flb3lZM29jV1phby14OHg0SHFrVWZhcGZnc3hLcTBrZGRST1R1WXg3TFJ0OE96Q1V3SFI3VXZfb1FWT21ndk1TQXJVRXFhUXZJY2tfUFdtc053UEZfbHd6Z1NqMVdxQ0JuU0pIWU1GTGZNTGllSXFuWmtGZ2txbFh2S0t5Z1F4ZU53TVBsallOaEt0S3AyRFVDM3dXZw?oc=5,"SPS Gelar Rangkaian Acara HUT ke-75 di Banda Aceh dan Sabang: Dorong Pers Maju, Sumber Daya Indonesia Melaju - Riauterbit.com",news.google.com,extraction_failed,2026-08-31 23:32:27
https://news.google.com/rss/articles/CBMiuwFBVV95cUxQRTloREg5N2RnUHJDejBzX0djSXZhOWUydENXWjJWdHdFV0tUOTRwa0RnT0Q5cGk0bWVyT05UdFd3R3VGYk5pVUVFcE41ajFkTENUV2tFNXhmVndjd0syU2JtYVp1R1F5NXpLNXdLbVRGTmVMNVBGNzBBdzVOeEZidnh4cHpmLVdXR2R0MDNCaXFtbUYxZTZYZ0hILXVVNlNuQlpKZnBycVhWMS1PeXA0TXFKcTVKdWpfVFNN?oc=5,https://news.google.com/rss/articles/CBMiuwFBVV95cUxQRTloREg5N2RnUHJDejBzX0djSXZhOWUydENXWjJWdHdFV0tUOTRwa0RnT0Q5cGk0bWVyT05UdFd3R3VGYk5pVUVFcE41ajFkTENUV2tFNXhmVndjd0syU2JtYVp1R1F5NXpLNXdLbVRGTmVMNVBGNzBBdzVOeEZidnh4cHpmLVdXR2R0MDNCaXFtbUYxZTZYZ0hILXVVNlNuQlpKZnBycVhWMS1PeXA0TXFKcTVKdWpfVFNN?oc=5,"Siapkan Beasiswa 100 Persen, Binus University Buka Kesempatan Calon Mahasiswa - RRI.co.id",news.google.com,extraction_failed,2026-08-31 23:32:27
https://news.google.com/rss/articles/CBMimwFBVV95cUxPN3dTOENNcGFMUmNNRDBfWmVkdjg5MmNkNmc2T2NUdjBldzBUOXVzRFlqdXJpM1FDRjlrbHdKRlROdHoyTF9fZURMUVM1d3Q2T3pad1ZFUkx6dVczbzdJTmRKOUhSSlZtc05yWHNETGRhX2p2dmtxZ0dWUWowdVlHZENlSXRTbk5femt5NFlfZ1YzQUhpSlFXRmhSOA?oc=5,https://news.google.com/rss/articles/CBMimwFBVV95cUxPN3dTOENNcGFMUmNNRDBfWmVkdjg5MmNkNmc2T2NUdjBldzBUOXVzRFlqdXJpM1FDRjlrbHdKRlROdHoyTF9fZURMUVM1d3Q2T3pad1ZFUkx6dVczbzdJTmRKOUhSSlZtc05yWHNETGRhX2p2dmtxZ0dWUWowdVlHZENlSXRTbk5femt5NFlfZ1YzQUhpSlFXRmhSOA?oc=5,"Bertemu Wamen Komdigi, Illiza Minta Dukungan Pembangunan Banda Aceh Academy - Pos Aceh",news.google.com,extraction_failed,2026-08-31 23:32:27
https://news.google.com/rss/articles/CBMi7wFBVV95cUxQaVRTZ0p3OFM1YzNJYjBIbEpFN2YtV01fODE3ZExSZUlHcFl0Mi05cGJqSWV3QUk0VHhhVnhOVGw3LWhobEFRMDQtQWR4YTlyTWJuaUhPaERJUkJqM1pzbE1XUTJiR0R5UjlNVzRlRzYxaXpwZ29oM3pNSUxYcUROenhyVHp6Qmx6SnVzc2liOTU0T2Q1c1NUZHI1YTZjY3djeTJibWFYa1RPM1lUTUR6Z3dFZGU3cHY1SnhXZlFCMmFGaWEwVHo1TXR4SGFqX3ZoVHZlWVduMHMxTWlpMk5DWDU0dko3SnV5TTM5NnR1UdIB9AFBVV95cUxPQ3JOWWhJb1NjUVNoTXR3VHdOdGI1SUh5cndUZ2lMSjh1UllMZ3NUU19VeHpLbW9vMGNYTTU3N19RaXFhZ3lIMUQ5SHE4UEhnQWdUMUFXUHU3dlBmaUZOdGo4WFgyOU9RRjJvWlc2eUJhVE9wVUZQZjBMSmtBSmxDNFVHYVd6YldVRkVQOEQ0WHJnVlo3cW4zZEQ1ZDZGVGhmWThJZ3ZXaWZEUnJneVlpRm85OEZ5TFpJOFR5MGZRVUJnMmNtSmZMVVREMHQ1cTVPd3loZk5NdUEwRFhRa3Z6cVVFeVV6UlJOWXh5V21KcVBJSUtp?oc=5,https://news.google.com/rss/articles/CBMi7wFBVV95cUxQaVRTZ0p3OFM1YzNJYjBIbEpFN2YtV01fODE3ZExSZUlHcFl0Mi05cGJqSWV3QUk0VHhhVnhOVGw3LWhobEFRMDQtQWR4YTlyTWJuaUhPaERJUkJqM1pzbE1XUTJiR0R5UjlNVzRlRzYxaXpwZ29oM3pNSUxYcUROenhyVHp6Qmx6SnVzc2liOTU0T2Q1c1NUZHI1YTZjY3djeTJibWFYa1RPM1lUTUR6Z3dFZGU3cHY1SnhXZlFCMmFGaWEwVHo1TXR4SGFqX3ZoVHZlWVduMHMxTWlpMk5DWDU0dko3SnV5TTM5NnR1UdIB9AFBVV95cUxPQ3JOWWhJb1NjUVNoTXR3VHdOdGI1SUh5cndUZ2lMSjh1UllMZ3NUU19VeHpLbW9vMGNYTTU3N19RaXFhZ3lIMUQ5SHE4UEhnQWdUMUFXUHU3dlBmaUZOdGo4WFgyOU9RRjJvWlc2eUJhVE9wVUZQZjBMSmtBSmxDNFVHYVd6YldVRkVQOEQ0WHJnVlo3cW4zZEQ1ZDZGVGhmWThJZ3ZXaWZEUnJneVlpRm85OEZ5TFpJOFR5MGZRVUJnMmNtSmZMVVREMHQ1cTVPd3loZk5NdUEwRFhRa3Z6cVVFeVV6UlJOWXh5V21KcVBJSUtp?oc=5,"Telkom dan Alibaba Cloud Gelar Roadshow AI di 5 Kota, Siapkan Talenta Digital Indonesia Hadapi Industri Masa Depan - Poros Jakarta - porosjakarta.com",news.google.com,extraction_failed,2026-08-31 23:32:28
https://news.google.com/rss/articles/CBMivgFBVV95cUxORlRZNWpBQVEwX3JfZEVtcXZYU1FxcXI2Z1FhX2hibHRTRDBaT21OMWZSMXJKSVVFdGEtWlZEc0h0VlhsZUF0TnJnMk1OOVBZOVNvVXBYcXdUd3hHVnFqanYyNl9UVWMzclA2QnBiLUNNT3NCWXVrbWVCNWtFOUxuWUkxUEZQT2VVdjJUZkZuSTZTVWFfanhLYXF2bFlmZHU3ZzA5bGNaWmx1b1BSUXZ2X0lZaTRBbThUbG1uODZn?oc=5,https://news.google.com/rss/articles/CBMivgFBVV95cUxORlRZNWpBQVEwX3JfZEVtcXZYU1FxcXI2Z1FhX2hibHRTRDBaT21OMWZSMXJKSVVFdGEtWlZEc0h0VlhsZUF0TnJnMk1OOVBZOVNvVXBYcXdUd3hHVnFqanYyNl9UVWMzclA2QnBiLUNNT3NCWXVrbWVCNWtFOUxuWUkxUEZQT2VVdjJUZkZuSTZTVWFfanhLYXF2bFlmZHU3ZzA5bGNaWmx1b1BSUXZ2X0lZaTRBbThUbG1uODZn?oc=5,"Rekrutmen Nasional BSN 2026 Dibuka: Ini Syarat, Cara Daftar dan Linknya - Medcom.id",news.google.com,extraction_failed,2026-08-31 23:32:28
https://news.google.com/rss/articles/CBMi1wFBVV95cUxOQjBmVVp5OXMxT2V0WGpfcGdaUVNGOEt0eHRKX0hsd2tCMXpmVUNhUXZLU2owcXdRQkYwYlcyZFRBTWxtV0Vna3hoSDZtUkhfTzlxTUJFNkpES3pkQmtnQnozblZLSDVGaXdPNnhBRnBSVl9PX1FBTjU3RmlzYVlfRVhtWjA4TWFTYURtdVM3SDZ2bUI2Y2JqWXl2VXlZeXlCcDZhaE13d0VYeU42MFVVXzVCNDdyQTZsb3FvcXRpUHItYzV0ZkUyNUtBUzgyM2g2aHh4WkdXYw?oc=5,https://news.google.com/rss/articles/CBMi1wFBVV95cUxOQjBmVVp5OXMxT2V0WGpfcGdaUVNGOEt0eHRKX0hsd2tCMXpmVUNhUXZLU2owcXdRQkYwYlcyZFRBTWxtV0Vna3hoSDZtUkhfTzlxTUJFNkpES3pkQmtnQnozblZLSDVGaXdPNnhBRnBSVl9PX1FBTjU3RmlzYVlfRVhtWjA4TWFTYURtdVM3SDZ2bUI2Y2JqWXl2VXlZeXlCcDZhaE13d0VYeU42MFVVXzVCNDdyQTZsb3FvcXRpUHItYzV0ZkUyNUtBUzgyM2g2aHh4WkdXYw?oc=5,"Garuda Spark Innovation Hub Perluas Jejaring, Hubungkan Inovasi Daerah dengan Industri dan Pasar Global - Akurat.co",news.google.com,extraction_failed,2026-08-31 23:32:28
https://news.google.com/rss/articles/CBMinAFBVV95cUxOSmlfRlUyNWFFdnVBQ3B5ZV96cHIyNENRMGxCNm5ZSklFekpYenV2TGwtVEN3UkhSS1B0MUpSLWdDRmlPOHZVQzM4WkN5b0FkSFl3akdtYTNsMnhXV3QybFJhSVIyQjREdlM0SWJZeFFOYXg5WWJUWExmSTVRSGg3X01BRkVVQkxTRzNfRVowWWVFd2NWd2loVk83b0w?oc=5,https://news.google.com/rss/articles/CBMinAFBVV95cUxOSmlfRlUyNWFFdnVBQ3B5ZV96cHIyNENRMGxCNm5ZSklFekpYenV2TGwtVEN3UkhSS1B0MUpSLWdDRmlPOHZVQzM4WkN5b0FkSFl3akdtYTNsMnhXV3QybFJhSVIyQjREdlM0SWJZeFFOYXg5WWJUWExmSTVRSGg3X01BRkVVQkxTRzNfRVowWWVFd2NWd2loVk83b0w?oc=5,Developer: Kebijakan Lahan Sawah Dilindungi Hambat Investasi - Tempo.co,news.google.com,extraction_failed,2026-08-31 23:32:28
https://news.google.com/rss/articles/CBMi5wFBVV95cUxPcnpFNEcwRTFoYVFmcjJYalhUR2xTbFJKT1g3TEM4Q0FkOHh6M1ZZcXhDcGhXZUNXUmE0M1lBczA1dUJ1WnBoMFVhcDNpVEZUNmRmSU9ZM18xaUl6RWUxT202NGZYUk9UTnNaUFRjbXRNN2s2S0tmc0d3bTNSMjcycWRxNGgzbEhuaC1CWUo1LTQxOGYxWXBDZS1jQ05QRHlUM0pTSEtNemxlaHhrc2JadnFwTDNJczVxMkdnM0lqV0p0dEZJb0ZKN1JaRDg5eEYxRlktQkh5X2o2SHE3SUQ4dkhlLWZLYkk?oc=5,https://news.google.com/rss/articles/CBMi5wFBVV95cUxPcnpFNEcwRTFoYVFmcjJYalhUR2xTbFJKT1g3TEM4Q0FkOHh6M1ZZcXhDcGhXZUNXUmE0M1lBczA1dUJ1WnBoMFVhcDNpVEZUNmRmSU9ZM18xaUl6RWUxT202NGZYUk9UTnNaUFRjbXRNN2s2S0tmc0d3bTNSMjcycWRxNGgzbEhuaC1CWUo1LTQxOGYxWXBDZS1jQ05QRHlUM0pTSEtNemxlaHhrc2JadnFwTDNJczVxMkdnM0lqV0p0dEZJb0ZKN1JaRDg5eEYxRlktQkh5X2o2SHE3SUQ4dkhlLWZLYkk?oc=5,Aceh Film Festival 2025: Layar Tancap di Gampong-gampong serta Ruang Apresiasi bagi Sineas dan Pelaku Industri Film - sinarpidie.co,news.google.com,extraction_failed,2026-08-31 23:32:29
https://news.google.com/rss/articles/CBMi0wFBVV95cUxOOFpZSk85ZUZsLTkxSFlWclVWSEFxUGFTejNpcnF4TVB1X0RqVUFmeGZlWTQ0NHVaUERXc3NQcHJ0cmpaS190YmFQeGRfYmdob0hjcDZJRTF6aXpqREVfNHFiLVIyRkRIZHdhYW1yLW1PcGtiZzlqRmZoQWQ1R0ZWN0ZLVlQyMGJUVnNjRnVYR3NQODg1cXpSeE9CaHlqS3lrRXh4bi1tN2VUWGI5SDl1TFdQdDZPQUx3eGpaZjRGNldZb05wVFBOMGpfZmxEVG5wYXVj?oc=5,https://news.google.com/rss/articles/CBMi0wFBVV95cUxOOFpZSk85ZUZsLTkxSFlWclVWSEFxUGFTejNpcnF4TVB1X0RqVUFmeGZlWTQ0NHVaUERXc3NQcHJ0cmpaS190YmFQeGRfYmdob0hjcDZJRTF6aXpqREVfNHFiLVIyRkRIZHdhYW1yLW1PcGtiZzlqRmZoQWQ1R0ZWN0ZLVlQyMGJUVnNjRnVYR3NQODg1cXpSeE9CaHlqS3lrRXh4bi1tN2VUWGI5SDl1TFdQdDZPQUx3eGpaZjRGNldZb05wVFBOMGpfZmxEVG5wYXVj?oc=5,Nayla Muthia Ramadhani Azzahra Juara I Anugerah Kihajar Tingkat Provinsi Aceh - Pemerintahan Aceh,news.google.com,extraction_failed,2026-08-31 23:32:29
https://news.google.com/rss/articles/CBMipgFBVV95cUxNa2JDS3BscjdfWnF6QXZGaW5QNXJFVjh3M21UbE1LNW9ual9pVjlxT283QVpCTlFxd3M1VU10QTNWRElWTW8wVDJSZ1V1RmQ3RTRUc01mMXRrdG9lcW1qSmJTcUlvbW5IaW5wMmFXeDhoei1DUUxSUEM0WXdkV2prVXozN25hLWpiSE1fNFhFYU5SV0JGVkc3NUswSThGZkdoR0lMbGJ3?oc=5,https://news.google.com/rss/articles/CBMipgFBVV95cUxNa2JDS3BscjdfWnF6QXZGaW5QNXJFVjh3M21UbE1LNW9ual9pVjlxT283QVpCTlFxd3M1VU10QTNWRElWTW8wVDJSZ1V1RmQ3RTRUc01mMXRrdG9lcW1qSmJTcUlvbW5IaW5wMmFXeDhoei1DUUxSUEM0WXdkV2prVXozN25hLWpiSE1fNFhFYU5SV0JGVkc3NUswSThGZkdoR0lMbGJ3?oc=5,"Kuliah Sambil Bekerja, Kisah Programmer Wanita Lulusan ITB Henny Alfianti - Institut Teknologi Bandung",news.google.com,extraction_failed,2026-08-31 23:32:29
https://news.google.com/rss/articles/CBMijgFBVV95cUxQR0JyeUpHN2h2SXJpR1NEcFZwT0otdnBKS012ak1YNU1CaWl2RC1Lck9ndGdpNFE5UGt1QWlTRUQ4LWdrczJHdVFmREViXzlsamJHNFBxWDljMkNsbE1JVVdPazh4YTY4WWlPYWsxVFN2QXdPMFRLMi1kcV9aTFF4LTM2R1ByeGxCcE9KZm1B?oc=5,https://news.google.com/rss/articles/CBMijgFBVV95cUxQR0JyeUpHN2h2SXJpR1NEcFZwT0otdnBKS012ak1YNU1CaWl2RC1Lck9ndGdpNFE5UGt1QWlTRUQ4LWdrczJHdVFmREViXzlsamJHNFBxWDljMkNsbE1JVVdPazh4YTY4WWlPYWsxVFN2QXdPMFRLMi1kcV9aTFF4LTM2R1ByeGxCcE9KZm1B?oc=5,Ini Penerima Apresiasi Madrasah Berprestasi Aceh 2024 - Kantor Wilayah Kementerian Agama Provinsi Aceh,news.google.com,extraction_failed,2026-08-31 23:32:29
https://news.google.com/rss/articles/CBMirwFBVV95cUxORUN0bGcxZ2ZkQUFZUnpVYWUtczQ0NHpwaTFRd0o3dEFzSGVJT2lKMTNKcEFFYlExQW9Mc0J5T0lqRzNScHItQ05JaWQtRUtSd0xKTHI3a3NMWW8zTDVteHNKZzFnQnA2RHBIVE4xajV0ZmJRV2ZINWlOaEl1d0l0a2pPNXE2akxIbnJQTV9fZkxpM3A3ZUw1OGgyOGZqSnBHTURkdGlWY0NPVGREcWYw0gG0AUFVX3lxTFAtWGpIWk4zeEYzRk8yZFN5MHhFRVdBOUxpRGdCYWZKTkJqUkt6bUxLMldaNEZlSzd3M3dfVU94My1wdU1wTGpfSXk0NVBPdUZSZnBURHlSQnJCN0tvOWJUQUZqQS1Gdm14UHozZDNFUmxGRlE4UG00aENFN2RtUVZxcVZfMzNoYllLcnVTV0sya0hfOG5JS3EwckxsdW1ObWhGZmlQN2pWcE5PRTVuZkJHczg5Nw?oc=5,https://news.google.com/rss/articles/CBMirwFBVV95cUxORUN0bGcxZ2ZkQUFZUnpVYWUtczQ0NHpwaTFRd0o3dEFzSGVJT2lKMTNKcEFFYlExQW9Mc0J5T0lqRzNScHItQ05JaWQtRUtSd0xKTHI3a3NMWW8zTDVteHNKZzFnQnA2RHBIVE4xajV0ZmJRV2ZINWlOaEl1d0l0a2pPNXE2akxIbnJQTV9fZkxpM3A3ZUw1OGgyOGZqSnBHTURkdGlWY0NPVGREcWYw0gG0AUFVX3lxTFAtWGpIWk4zeEYzRk8yZFN5MHhFRVdBOUxpRGdCYWZKTkJqUkt6bUxLMldaNEZlSzd3M3dfVU94My1wdU1wTGpfSXk0NVBPdUZSZnBURHlSQnJCN0tvOWJUQUZqQS1Gdm14UHozZDNFUmxGRlE4UG00aENFN2RtUVZxcVZfMzNoYllLcnVTV0sya0hfOG5JS3EwckxsdW1ObWhGZmlQN2pWcE5PRTVuZkJHczg5Nw?oc=5,Programmer muda Sumut-Aceh bersaing di DILo Hackathon Festival 2019 - ANTARA News Sumatera Utara,news.google.com,extraction_failed,2026-08-31 23:32:29
https://news.google.com/rss/articles/CBMi4AFBVV95cUxNaDFZRmQ3ZDFxa1JYZEFUb3BrQ19fRTdINXlMNFBYeERMWktuZDVZZlhEWFdmNGY5U1pMeGJxMnZVU3ExcXlhbVl3bVJ5SHAzOGdwRWUtWTlrblBrSE5pWjdSelBOeGVuTk5JYVduek9pS1IyU3diSDhGbXB0eEdaNjc0QURoUjFmbmxMdDQ0Tlk1VTdUS0R0cmxGMVNNWGxESnJ0T1FKUWdPd1RVYW1IdFJxNi0tNUFBWXZ6d0x1Q0tnMWs0UldyLWxPeElNRUtWTl9rall1SWNxX3RiN3hsWA?oc=5,https://news.google.com/rss/articles/CBMi4AFBVV95cUxNaDFZRmQ3ZDFxa1JYZEFUb3BrQ19fRTdINXlMNFBYeERMWktuZDVZZlhEWFdmNGY5U1pMeGJxMnZVU3ExcXlhbVl3bVJ5SHAzOGdwRWUtWTlrblBrSE5pWjdSelBOeGVuTk5JYVduek9pS1IyU3diSDhGbXB0eEdaNjc0QURoUjFmbmxMdDQ0Tlk1VTdUS0R0cmxGMVNNWGxESnJ0T1FKUWdPd1RVYW1IdFJxNi0tNUFBWXZ6d0x1Q0tnMWs0UldyLWxPeElNRUtWTl9rall1SWNxX3RiN3hsWA?oc=5,3 Kaliurang Festival Hub 2023: Sinema Pasca Bencana oleh Aceh Film Festival hingga Rumitnya Mengurai Konflik Sosial - Universitas Islam Indonesia,news.google.com,extraction_failed,2026-08-31 23:32:30
https://news.google.com/rss/articles/CBMiywFBVV95cUxObEdnTVdrRUR5VHpZN0F4czNvN19YeGFOM2xTZko3bV90ZDE5V2s0SHNlVGNkRFBINXdWb1FNRWkzdFllV1REaWNvY1dILWRHN3FzZHhuUHc5cWZEeHgzLTVORks5ZGhpTkZJY2ZDQ1lyTUoxSWd0OXJVUDVlWXZuR1psVXpZaVRxd2VqcUJyNWJkLXUxUzN2Z2JrX0I1VEpXS09oTUZDUGFqd2p4bTVCRW5IREZiMjhfY25YTFZWZXhRV29USHdqdV92c9IByAFBVV95cUxOZWwzVGxid3Bsdllra1VOQW5nOWN0MDlEaDI3VFFuWXRKV1A4Sm9lUjNZbWpyaXNWdXpLcExhUEpIT2ZmNmhtblh6bzdWenNNLWhhTGw5RkM4UGlPajdodVhhTTJVRWFVVzVhWWZ4aXRlV1RXNDVyVzEwcDdHYTE4TEN5aHJBdFo0WTRYS0NnbDdxWFRNSlBzZTJvZjZhM2dQWnRaX2NXVFphOVVLQ2JKS1VYdXR0eUJTSFBoQ3h6U2ptRE5va1pfeQ?oc=5,https://news.google.com/rss/articles/CBMiywFBVV95cUxObEdnTVdrRUR5VHpZN0F4czNvN19YeGFOM2xTZko3bV90ZDE5V2s0SHNlVGNkRFBINXdWb1FNRWkzdFllV1REaWNvY1dILWRHN3FzZHhuUHc5cWZEeHgzLTVORks5ZGhpTkZJY2ZDQ1lyTUoxSWd0OXJVUDVlWXZuR1psVXpZaVRxd2VqcUJyNWJkLXUxUzN2Z2JrX0I1VEpXS09oTUZDUGFqd2p4bTVCRW5IREZiMjhfY25YTFZWZXhRV29USHdqdV92c9IByAFBVV95cUxOZWwzVGxid3Bsdllra1VOQW5nOWN0MDlEaDI3VFFuWXRKV1A4Sm9lUjNZbWpyaXNWdXpLcExhUEpIT2ZmNmhtblh6bzdWenNNLWhhTGw5RkM4UGlPajdodVhhTTJVRWFVVzVhWWZ4aXRlV1RXNDVyVzEwcDdHYTE4TEN5aHJBdFo0WTRYS0NnbDdxWFRNSlBzZTJvZjZhM2dQWnRaX2NXVFphOVVLQ2JKS1VYdXR0eUJTSFBoQ3h6U2ptRE5va1pfeQ?oc=5,"Oknum Petugas Pajak di Aceh, Manis ke Pengembang Tionghoa, dan ""Tegas"" Kepada Developer Lokal - aceHTrend.com",news.google.com,extraction_failed,2026-08-31 23:32:30
https://news.google.com/rss/articles/CBMiywFBVV95cUxQWUxZUExIRXpvM1B5b2tBcWd6RFpmSXoxUlNUdEZ4ZTZLSURHcWVNQWE3R2pFd2duNlBKRUpBUFMtZHJ2LXZobnp6bHp2OFozSmhNeGpLdWYxdlFSVDdCTzJPWHJ1ZjRuM1lqQ2FWYXVlMzkwS1RMbzcyclB6aTZoRjR1bzBJcURkeC1VbTl5Tk1qOTFTVkNITUZfVHp1SS1Db1pBWWU5SzJZcnVfWGtZZGYyZUZZQXI1a1VOMGdfai1DUlhlQ1dkckpYVdIB0AFBVV95cUxOb0NjVGxEbndFMEE0VC1wRnpBbEx6Y3pnQ1gtc3V0N3I5VmdoT0JZcjg1X2hYeVJ3SGljdkF2cUVjb2pPbzd1NlRyNVBSNk1rSHJSekt4d2wtMm4tT2dtNVRZX2ZDajVvQ0ZUeWtyY0FMRVNNYUtOd3RkWHNpN0FGZ19sdE5FOUppZjJ5N0NtR2VNdW9hSWNjQUFwLW9tclJuRXBubXQxS1VSUFdrZC01MTBRSGUtVVVIc0JfQkVmM05lZFIxTW10cUM1NWp3M24x?oc=5,https://news.google.com/rss/articles/CBMiywFBVV95cUxQWUxZUExIRXpvM1B5b2tBcWd6RFpmSXoxUlNUdEZ4ZTZLSURHcWVNQWE3R2pFd2duNlBKRUpBUFMtZHJ2LXZobnp6bHp2OFozSmhNeGpLdWYxdlFSVDdCTzJPWHJ1ZjRuM1lqQ2FWYXVlMzkwS1RMbzcyclB6aTZoRjR1bzBJcURkeC1VbTl5Tk1qOTFTVkNITUZfVHp1SS1Db1pBWWU5SzJZcnVfWGtZZGYyZUZZQXI1a1VOMGdfai1DUlhlQ1dkckpYVdIB0AFBVV95cUxOb0NjVGxEbndFMEE0VC1wRnpBbEx6Y3pnQ1gtc3V0N3I5VmdoT0JZcjg1X2hYeVJ3SGljdkF2cUVjb2pPbzd1NlRyNVBSNk1rSHJSekt4d2wtMm4tT2dtNVRZX2ZDajVvQ0ZUeWtyY0FMRVNNYUtOd3RkWHNpN0FGZ19sdE5FOUppZjJ5N0NtR2VNdW9hSWNjQUFwLW9tclJuRXBubXQxS1VSUFdrZC01MTBRSGUtVVVIc0JfQkVmM05lZFIxTW10cUM1NWp3M24x?oc=5,Keuchik dan oknum petugas BPN serta developer perumahan serobot jalan warga Lambaro Skep Banda Aceh - Popularitas.com,news.google.com,extraction_failed,2026-08-31 23:32:30
https://news.google.com/rss/articles/CBMisAFBVV95cUxNbnZ0dUNpRW5pZWF0T2hnMVdZeXNXcjFHYW90UEg5MkpScngxNnhOQjNRdWNQbkVTdTdhLWJsM2VzU25DV0hjQmFLWXBabnZ4WnZNckpXM1JCUVh2ZDdPSXlFakxWUG9UWFVpc3FJbENmVU9ncmVWWWY4bkU5T3ZnOGpWa1dBTTZaZnF0eV9IcXIxY3l0bHJKSWlHbUNMSUlldzZ6UlFWOUNhMmJMa3hYNdIBtgFBVV95cUxNTVlvLVJacTBEUzV3TzJqTjIzLU5BQmtDa2pNNkw5YjZLQ3dMa0Y3cEVOWVVyNEFSbzMzck1vSGs1ZzJOXzBOMW1PVTU0LXdzcWJRSmg3ZDZRS2JGSlJJT2x2TW5RSlVLVUo1QWlNa2hnOHFoZERzSDdoLVE0TlhkN2JkMGZRZTdMa1Zaa1NrWm9wM3V4SWtBTXBkejJLVmpKV1B4LUlkaWFGWjgyY0pyejltYlNtZw?oc=5,https://news.google.com/rss/articles/CBMisAFBVV95cUxNbnZ0dUNpRW5pZWF0T2hnMVdZeXNXcjFHYW90UEg5MkpScngxNnhOQjNRdWNQbkVTdTdhLWJsM2VzU25DV0hjQmFLWXBabnZ4WnZNckpXM1JCUVh2ZDdPSXlFakxWUG9UWFVpc3FJbENmVU9ncmVWWWY4bkU5T3ZnOGpWa1dBTTZaZnF0eV9IcXIxY3l0bHJKSWlHbUNMSUlldzZ6UlFWOUNhMmJMa3hYNdIBtgFBVV95cUxNTVlvLVJacTBEUzV3TzJqTjIzLU5BQmtDa2pNNkw5YjZLQ3dMa0Y3cEVOWVVyNEFSbzMzck1vSGs1ZzJOXzBOMW1PVTU0LXdzcWJRSmg3ZDZRS2JGSlJJT2x2TW5RSlVLVUo1QWlNa2hnOHFoZERzSDdoLVE0TlhkN2JkMGZRZTdMa1Zaa1NrWm9wM3V4SWtBTXBkejJLVmpKV1B4LUlkaWFGWjgyY0pyejltYlNtZw?oc=5,Membangun Infrastruktur Perfilman di atas Puing-Puing Kilang Minyak dan Gas - Pikiran Merdeka,news.google.com,extraction_failed,2026-08-31 23:32:30
https://news.google.com/rss/articles/CBMiqAFBVV95cUxNbWU3LW1POHBQRkpmZEdpazI2azRvYkxBZVJxS3NMZkhkTndtMmgxTkdDWnU0LS0yMm9lblhYYm5PSjVpWXRzUmdYTzZXR2VTOXlHV1VjQW1SY3NWM2JJQ25mbzlJeXJZLW9fclg3Yks2SmZoZkRTYmJwMVdqcW1seDdoN3lpOFVIb0JXS2ZnWjFwT2wzZ01ub0k4cGJCMzkxSzllSVo1UVLSAa4BQVVfeXFMTkdIQXU4bWlrdlR5ZFBXTngwa2Q5eExDc0ZnSkItY0tZa3kyV3Zfd1Jva0pWRVhtZ2VaYk1uSGlMckFfSDJ3QWtVX010SnNxekE3VVc0MWYycHllSXdZeXJaMTBQOHZDMHZFbEktR1QwNlp0d3F0MXF3aUExT3JMSjI5X1Y5eFRTZnpFelJTUTRfSlhReDhFcDNxRFEtRC16V2JsMzRnSkZVS2I5NFlB?oc=5,https://news.google.com/rss/articles/CBMiqAFBVV95cUxNbWU3LW1POHBQRkpmZEdpazI2azRvYkxBZVJxS3NMZkhkTndtMmgxTkdDWnU0LS0yMm9lblhYYm5PSjVpWXRzUmdYTzZXR2VTOXlHV1VjQW1SY3NWM2JJQ25mbzlJeXJZLW9fclg3Yks2SmZoZkRTYmJwMVdqcW1seDdoN3lpOFVIb0JXS2ZnWjFwT2wzZ01ub0k4cGJCMzkxSzllSVo1UVLSAa4BQVVfeXFMTkdIQXU4bWlrdlR5ZFBXTngwa2Q5eExDc0ZnSkItY0tZa3kyV3Zfd1Jva0pWRVhtZ2VaYk1uSGlMckFfSDJ3QWtVX010SnNxekE3VVc0MWYycHllSXdZeXJaMTBQOHZDMHZFbEktR1QwNlp0d3F0MXF3aUExT3JMSjI5X1Y5eFRTZnpFelJTUTRfSlhReDhFcDNxRFEtRC16V2JsMzRnSkZVS2I5NFlB?oc=5,Pengembang Usul Bank Konvensional Beroperasi Lagi di Aceh - detikcom,news.google.com,extraction_failed,2026-08-31 23:32:30
https://news.google.com/rss/articles/CBMisAFBVV95cUxPVVFpcU0yLTdRendFd0dkU2xEVjRLbmxCU1JoQzVPWF9kNHRFSlVVR3dOZG9iMTFSdnpna0UxUUc2Y1A2d1Jucm12SVJqOEQ4TlJueHZMXzdwVVhHZkZxM3N3OHdxcE1PWjNTUW82WTdWaDRyY1hONDhod3B1dVFSQll1ZWRFbnZwSzZmeV93cl8wWXFVZDJBRXJuei04UlhTTy1iQklNbk83TkxjLTlyZNIBsAFBVV95cUxON2hsTEl1bldlc2RlX0U4bThHdk5iNUNoLWhCM0lhOElMWmVZdnVyWWNlUElsYVB1VEdKWExSakI0SU94ZGlBaEM4SUsydEZ0dG85MWM4d1pkMlIzVjdpaGpVMzdjWWgzSmlDNkJOWjh3Vnh4UUVVZnZZMlZsWkNhSlFZb1dJcDVsUDFJaXotUW0wSk9FeXE0VjJOOWNtVzJDcktyUHJBeGtvWXhHdXd6UA?oc=5,https://news.google.com/rss/articles/CBMisAFBVV95cUxPVVFpcU0yLTdRendFd0dkU2xEVjRLbmxCU1JoQzVPWF9kNHRFSlVVR3dOZG9iMTFSdnpna0UxUUc2Y1A2d1Jucm12SVJqOEQ4TlJueHZMXzdwVVhHZkZxM3N3OHdxcE1PWjNTUW82WTdWaDRyY1hONDhod3B1dVFSQll1ZWRFbnZwSzZmeV93cl8wWXFVZDJBRXJuei04UlhTTy1iQklNbk83TkxjLTlyZNIBsAFBVV95cUxON2hsTEl1bldlc2RlX0U4bThHdk5iNUNoLWhCM0lhOElMWmVZdnVyWWNlUElsYVB1VEdKWExSakI0SU94ZGlBaEM4SUsydEZ0dG85MWM4d1pkMlIzVjdpaGpVMzdjWWgzSmlDNkJOWjh3Vnh4UUVVZnZZMlZsWkNhSlFZb1dJcDVsUDFJaXotUW0wSk9FeXE0VjJOOWNtVzJDcktyUHJBeGtvWXhHdXd6UA?oc=5,Dua Programmer Diskominfotik Banda Aceh Berbagi Cerita di Bhayangkara Fest 2024 » - dialeksis.com,news.google.com,extraction_failed,2026-08-31 23:32:31
https://news.google.com/rss/articles/CBMiqgFBVV95cUxQNjJoMUZDa3ZpcUZMZEUySDR3ZTRoeUdXQ3ZZMkJtQjJ3X1NnNmFrRVRUcG8zV3VYZkNESE8wUURmTGp6Uk1hNmNYRWRGYU80T1ZQM2x2dlAxWTFjVi1hbEpBOFdVR3NzTHFrMHU5VXhpdXZCZW5vU2c0UVNlaXE3ckNWbGFXTHMzal9JX1Bqem9IQjhNeHVNUWc5OEZtaDV6QkF0YXFyNHhZQQ?oc=5,https://news.google.com/rss/articles/CBMiqgFBVV95cUxQNjJoMUZDa3ZpcUZMZEUySDR3ZTRoeUdXQ3ZZMkJtQjJ3X1NnNmFrRVRUcG8zV3VYZkNESE8wUURmTGp6Uk1hNmNYRWRGYU80T1ZQM2x2dlAxWTFjVi1hbEpBOFdVR3NzTHFrMHU5VXhpdXZCZW5vU2c0UVNlaXE3ckNWbGFXTHMzal9JX1Bqem9IQjhNeHVNUWc5OEZtaDV6QkF0YXFyNHhZQQ?oc=5,Aceh Film Festival Adakan Pelatihan Programmer Gampong Film di Pidie - sinarpidie.co,news.google.com,extraction_failed,2026-08-31 23:32:31
https://news.google.com/rss/articles/CBMiuwFBVV95cUxNX2dBczJoNTVidDluVERDOU9ta29Td2ViWHZuSkxMV0JJQXdZdnY0QzRFWVVPdlAwYU5JcU5uQTU1Q3FxOXpUNHRUWVdhSU9laEdFSmEwNnVGSlZXN0w0QmJxWXd0WUYtSlEyc09YLXcyYmlOZEp4VWhRREp5T0I2bGUwU1l4UldOVlFyYkR5NWJUOGlfck9ITnVuT3kxX0tYemllZ1dMb0VpalBOcTgycTlYQVZOZ0k1dWVZ?oc=5,https://news.google.com/rss/articles/CBMiuwFBVV95cUxNX2dBczJoNTVidDluVERDOU9ta29Td2ViWHZuSkxMV0JJQXdZdnY0QzRFWVVPdlAwYU5JcU5uQTU1Q3FxOXpUNHRUWVdhSU9laEdFSmEwNnVGSlZXN0w0QmJxWXd0WUYtSlEyc09YLXcyYmlOZEp4VWhRREp5T0I2bGUwU1l4UldOVlFyYkR5NWJUOGlfck9ITnVuT3kxX0tYemllZ1dMb0VpalBOcTgycTlYQVZOZ0k1dWVZ?oc=5,Mendikdasmen: Mapel AI dan Coding Akan Diajarkan Mulai Kelas 4 SD - Tribrata News,news.google.com,extraction_failed,2026-08-31 23:32:31
https://news.google.com/rss/articles/CBMiswFBVV95cUxQMjBhMDJVTnRkdzJJUVlhLU5yREh0YzRwaDVjcGVZY21NOWd0MmtUWUd3c1h4dUV4VVZJcXhrWkVoWjRwOFhzQUJPN3JTa1lKYjJna1diMkVjSnVPelZMU0xVY2g4WXNaeHZxeW1QWWt2eGFxdUd3bW1lV3k0eDRzZ0xobnFwYndtWmoxd0dKb3MwV0ExVDFtcUZKaTNjbWNFazlGMkdBcTh0dXdNT04wUE5ZNNIBuAFBVV95cUxNTGpfcjdXWGw2Rkp5MVZYUDZkSjh4OVk1d2JqeE5fVVo4SFBnbVA3emt3UzJnV0lpUVQ0VEktTm1UeXVpLW1ZMDkyUm9yUFROLW5XZmlCek4zb2FoOThGSjZxVGF5SERFd2QxNDBJR1Y0NVphRlJ0TFhpaEdPM2o4Y0N6S3RfX0FwZ0liaG5ocUh1dUVqNGJIZ21NRmdPbnNhUkhTdUZLVU1Gb2gxRkxwazdORkg3SUZJ?oc=5,https://news.google.com/rss/articles/CBMiswFBVV95cUxQMjBhMDJVTnRkdzJJUVlhLU5yREh0YzRwaDVjcGVZY21NOWd0MmtUWUd3c1h4dUV4VVZJcXhrWkVoWjRwOFhzQUJPN3JTa1lKYjJna1diMkVjSnVPelZMU0xVY2g4WXNaeHZxeW1QWWt2eGFxdUd3bW1lV3k0eDRzZ0xobnFwYndtWmoxd0dKb3MwV0ExVDFtcUZKaTNjbWNFazlGMkdBcTh0dXdNT04wUE5ZNNIBuAFBVV95cUxNTGpfcjdXWGw2Rkp5MVZYUDZkSjh4OVk1d2JqeE5fVVo4SFBnbVA3emt3UzJnV0lpUVQ0VEktTm1UeXVpLW1ZMDkyUm9yUFROLW5XZmlCek4zb2FoOThGSjZxVGF5SERFd2QxNDBJR1Y0NVphRlJ0TFhpaEdPM2o4Y0N6S3RfX0FwZ0liaG5ocUh1dUVqNGJIZ21NRmdPbnNhUkhTdUZLVU1Gb2gxRkxwazdORkg3SUZJ?oc=5,Sandiaga bincang-bincang dengan dua pengusaha Aceh beromzet Rp20 miliar - ANTARA News Aceh,news.google.com,extraction_failed,2026-08-31 23:32:31
https://news.google.com/rss/articles/CBMiigFBVV95cUxPY0Q1M0d1UWsxdlhDN28wTUtnM2RINWdtdFY1RnZfdEhtY2VibFEwNk1uRldLZkdxdXBjbVFtV1JvemNiQ0Y5MVNiUWp5V01jNUMxeG9zNjlzN2dOUHNvb3BwcnRSc0F2M0JQWFRROXVqa19SRE5LMUtldXdKek9zUkI5dFhMMkVVT2fSAY8BQVVfeXFMUHVzZGN4cVB6c2hJMjB4Y0toZ0tnUzN0OGEwX3ZpQ0lXSWlOcmZBbVlIRFJBR0lXXzd2RnJwRGtUalFvMjRia3hBVUNFZnFvZU5ldENvcnY0aXktMlRENkV0RUtKXzM2clg4ZVd0QjJPNmNmODRXOFRoZmhxc2t1UklpOXpVWVdFY2YzcldhNzQ?oc=5,https://news.google.com/rss/articles/CBMiigFBVV95cUxPY0Q1M0d1UWsxdlhDN28wTUtnM2RINWdtdFY1RnZfdEhtY2VibFEwNk1uRldLZkdxdXBjbVFtV1JvemNiQ0Y5MVNiUWp5V01jNUMxeG9zNjlzN2dOUHNvb3BwcnRSc0F2M0JQWFRROXVqa19SRE5LMUtldXdKek9zUkI5dFhMMkVVT2fSAY8BQVVfeXFMUHVzZGN4cVB6c2hJMjB4Y0toZ0tnUzN0OGEwX3ZpQ0lXSWlOcmZBbVlIRFJBR0lXXzd2RnJwRGtUalFvMjRia3hBVUNFZnFvZU5ldENvcnY0aXktMlRENkV0RUtKXzM2clg4ZVd0QjJPNmNmODRXOFRoZmhxc2t1UklpOXpVWVdFY2YzcldhNzQ?oc=5,Pemkab Aceh Besar dan USK Berkolaborasi dalam KKN 2024 » - dialeksis.com,news.google.com,extraction_failed,2026-08-31 23:32:31
https://news.google.com/rss/articles/CBMirwFBVV95cUxQMkRZekhSb2hJQk5GaUxSZ3R0TkZ0cHJQeW9GRUpDeUdoNmpBQkFFTlJkSTFtcWhyZWhsLWhWSWFGOHpFdlJmS0NsT2d0ZTdDNnREamF0MGttR092MkhmRFUyaW9Fd19HTGgtbWNfbGttZFRFenNISXNuT1RvUlJpbEJBVkNnNGNVcElEMzRGalVBSVpPTDNaaU1UM2ljRUJYS1JsUlhFQ3ZyWTJTb0VF0gGsAUFVX3lxTFBTaUFvYV9Qa2NNV0x4MGJ2a0RvVU5WUXVUR2pDSUd4QUZETXBKa3I1QUVIYUJfMzJVVmZDWW1Fa0o0bmk2YUdoOHhHU3U3OTk3VG1HU1h5ZnRQNGdzVmM4M0tKMW1wWDN3M1JYazF4XzZPTDhJbWtGQTF6eXJzN1hnSnZaUk5ZY1ZZd29Pc19VdjljbXZXWUxLdzE2ZXJvcjdlV01WXzFzdUtPWlk?oc=5,https://news.google.com/rss/articles/CBMirwFBVV95cUxQMkRZekhSb2hJQk5GaUxSZ3R0TkZ0cHJQeW9GRUpDeUdoNmpBQkFFTlJkSTFtcWhyZWhsLWhWSWFGOHpFdlJmS0NsT2d0ZTdDNnREamF0MGttR092MkhmRFUyaW9Fd19HTGgtbWNfbGttZFRFenNISXNuT1RvUlJpbEJBVkNnNGNVcElEMzRGalVBSVpPTDNaaU1UM2ljRUJYS1JsUlhFQ3ZyWTJTb0VF0gGsAUFVX3lxTFBTaUFvYV9Qa2NNV0x4MGJ2a0RvVU5WUXVUR2pDSUd4QUZETXBKa3I1QUVIYUJfMzJVVmZDWW1Fa0o0bmk2YUdoOHhHU3U3OTk3VG1HU1h5ZnRQNGdzVmM4M0tKMW1wWDN3M1JYazF4XzZPTDhJbWtGQTF6eXJzN1hnSnZaUk5ZY1ZZd29Pc19VdjljbXZXWUxLdzE2ZXJvcjdlV01WXzFzdUtPWlk?oc=5,"Merasa Ditipu, Warga Laporkan Developer PT Khan Banthara Aceh ke Polisi - theacehpost.com",news.google.com,extraction_failed,2026-08-31 23:32:32
https://news.google.com/rss/articles/CBMiyAFBVV95cUxPdk9kaFI2bjR4YTFsVlhzLXFNQ0VkYWZPejJkUTFVVlE3WEJLLThtaEE1U0dhY3h2VnhXb3FNdy1mV0pocFdwanNxdkJrNEFzTlQ2S2t1ci1YSG95MGtmUGdSZFpKNGVxUjhNS3h5NkZ4Z1hwWmt5OUFmNnoxN3ZCWnhuWWw3T000ZkhVbEl4akw5N0lLaVFSNld1bG1RaXRvdFJDcjFmOFBWZlV5YUNwb2ZrTDNfMmxSSXlvUU5uVnpsVzJyeTBPMtIBxgFBVV95cUxNTWZuc0xNX3phd2Fyb3AxRHVuMDVFYm5wajktbmJUU0xwU3gtQkRyZm9Ta01FODJ0SG00aXJpZmRlUTdnN3pSdVp1akpWdWFXOXR6eDVfNXJiUENsNjBuY2xfV0FBZDN2ZmxDamxKbjE4LVNjdEo4MmRhNWRyUVRQbU1aVFAtWUhxbEcwUEw0eFNhSkMyRXNqS3hYWTBSemwyTEJGa0hjTHVmZmNxVU5EaGpUWF8wbjgwTk0tZ0VXNGE4bDlKZnc?oc=5,https://news.google.com/rss/articles/CBMiyAFBVV95cUxPdk9kaFI2bjR4YTFsVlhzLXFNQ0VkYWZPejJkUTFVVlE3WEJLLThtaEE1U0dhY3h2VnhXb3FNdy1mV0pocFdwanNxdkJrNEFzTlQ2S2t1ci1YSG95MGtmUGdSZFpKNGVxUjhNS3h5NkZ4Z1hwWmt5OUFmNnoxN3ZCWnhuWWw3T000ZkhVbEl4akw5N0lLaVFSNld1bG1RaXRvdFJDcjFmOFBWZlV5YUNwb2ZrTDNfMmxSSXlvUU5uVnpsVzJyeTBPMtIBxgFBVV95cUxNTWZuc0xNX3phd2Fyb3AxRHVuMDVFYm5wajktbmJUU0xwU3gtQkRyZm9Ta01FODJ0SG00aXJpZmRlUTdnN3pSdVp1akpWdWFXOXR6eDVfNXJiUENsNjBuY2xfV0FBZDN2ZmxDamxKbjE4LVNjdEo4MmRhNWRyUVRQbU1aVFAtWUhxbEcwUEw0eFNhSkMyRXNqS3hYWTBSemwyTEJGa0hjTHVmZmNxVU5EaGpUWF8wbjgwTk0tZ0VXNGE4bDlKZnc?oc=5,PT Khan Banthara Aceh Telah Selesaikan Polemik Uang Muka dari Klien yang Batal Beli Rumah - theacehpost.com,news.google.com,extraction_failed,2026-08-31 23:32:32
https://news.google.com/rss/articles/CBMipgFBVV95cUxPQ1R6bkl6am41bHg1bFd4M2xLWGh3aDRvSm1NMlJBSEJaVG1wODBTSm5DNGJ2WlBELWxtV2hSQXUwTkNJNmN5TmxqUnZReHZXbG1yZXd4TGNfWlVEeGs5ejFqM3J0amItWGJkSzBSNDE5dHNib2xDbTFPRFpKNzhsM0pZSGtzM29FMG5VTjRPbDc3azJ0SF9oNXU3Y3BQQXlkTjFaNDdn?oc=5,https://news.google.com/rss/articles/CBMipgFBVV95cUxPQ1R6bkl6am41bHg1bFd4M2xLWGh3aDRvSm1NMlJBSEJaVG1wODBTSm5DNGJ2WlBELWxtV2hSQXUwTkNJNmN5TmxqUnZReHZXbG1yZXd4TGNfWlVEeGs5ejFqM3J0amItWGJkSzBSNDE5dHNib2xDbTFPRFpKNzhsM0pZSGtzM29FMG5VTjRPbDc3azJ0SF9oNXU3Y3BQQXlkTjFaNDdn?oc=5,Filmmaker Aceh Menjadi Programmer Pertukaran Film Pendek Indonesia 2021 - masakini.co,news.google.com,extraction_failed,2026-08-31 23:32:32
https://news.google.com/rss/articles/CBMirAFBVV95cUxPQU14UURLSGxzd0ZQc2R0WEhDTkU1eUl3a1dWdkJKbE9ZQS1waDAwLWtxNVNYVUs2WGZROENXbXJOV3lJY09qcUo4aDQtN3MwNndlWmtUTDQ4V1l5OGRGT0ExZTMtVkdRR2haZFh4NlktUnJOblBjTWxHV05iNE1hU1NwaXlvdVdvTXlhNmxyTFc4NmpvenRqQklxNlpFOElpMzRjVU9vdVZHTEVN0gGqAUFVX3lxTE40X0JyTnhCU09CamZyVTFPVDBIaVU3TUVvbk5pUVlzVUwwemh3TTdVNEtIRTE5R0c2LTJORTh0NXVJZ05QWUFBQk15d3BvZDQ0b1NlYklFbVZTUVVJaHNKVUpqVU9NTEd3N0MwendNNkJDNWRYUlVPbVU0emNGQ21FVmNoYkJua2lVV1BkNE5ncGtYdndrNm9DZHBaOGpCSW1HRFlDOHk3blpR?oc=5,https://news.google.com/rss/articles/CBMirAFBVV95cUxPQU14UURLSGxzd0ZQc2R0WEhDTkU1eUl3a1dWdkJKbE9ZQS1waDAwLWtxNVNYVUs2WGZROENXbXJOV3lJY09qcUo4aDQtN3MwNndlWmtUTDQ4V1l5OGRGT0ExZTMtVkdRR2haZFh4NlktUnJOblBjTWxHV05iNE1hU1NwaXlvdVdvTXlhNmxyTFc4NmpvenRqQklxNlpFOElpMzRjVU9vdVZHTEVN0gGqAUFVX3lxTE40X0JyTnhCU09CamZyVTFPVDBIaVU3TUVvbk5pUVlzVUwwemh3TTdVNEtIRTE5R0c2LTJORTh0NXVJZ05QWUFBQk15d3BvZDQ0b1NlYklFbVZTUVVJaHNKVUpqVU9NTEd3N0MwendNNkJDNWRYUlVPbVU0emNGQ21FVmNoYkJua2lVV1BkNE5ncGtYdndrNm9DZHBaOGpCSW1HRFlDOHk3blpR?oc=5,Asa Tuanku M. Athaya Membangun Mimpi Jadi Programer dari Kursi Roda - aceHTrend.com,news.google.com,extraction_failed,2026-08-31 23:32:32
https://news.google.com/rss/articles/CBMirAFBVV95cUxPS0JZa25KUlI4aU15RlNodzVBTjNkRUxZRFRjZkhHLV9VTm1RcVFNN0xqTktEdWd4dy1KZVhZeU9nV0JNYXBWbGh4OWx2Y2tUQW00aWVWZFpkQXdNbVpybkFCcGFRa0pvUjVVS01qTEdVVTdFTHk4a20wNEEtV1dVUms0UlRMUE9tNGl3SmxFMHJTblF6TnZoR3p0blJuX05vNGNqZUZYMy11cVNQ0gGyAUFVX3lxTE9ab3M0ajJzSDdxOWZTS2pBZVlMN25yOVBfS0tXZWZucVZWNTdSdTZEbE9PanlQemRVemNKSXctaF9xMXNZR2J0dXJ3UHhtWHF4TW84TUNpWVlYSC04X3pwdHFmQ25iT0RNUDZKMlpDM3FXVDlBSk82amVNQl8zal9NU1BuREUtTFZnOXcxdEhndUtjRl9nMEs4Z2hhZHMxMDBvYVVnUlRNM3BtTUJDdjRLUVE?oc=5,https://news.google.com/rss/articles/CBMirAFBVV95cUxPS0JZa25KUlI4aU15RlNodzVBTjNkRUxZRFRjZkhHLV9VTm1RcVFNN0xqTktEdWd4dy1KZVhZeU9nV0JNYXBWbGh4OWx2Y2tUQW00aWVWZFpkQXdNbVpybkFCcGFRa0pvUjVVS01qTEdVVTdFTHk4a20wNEEtV1dVUms0UlRMUE9tNGl3SmxFMHJTblF6TnZoR3p0blJuX05vNGNqZUZYMy11cVNQ0gGyAUFVX3lxTE9ab3M0ajJzSDdxOWZTS2pBZVlMN25yOVBfS0tXZWZucVZWNTdSdTZEbE9PanlQemRVemNKSXctaF9xMXNZR2J0dXJ3UHhtWHF4TW84TUNpWVlYSC04X3pwdHFmQ25iT0RNUDZKMlpDM3FXVDlBSk82amVNQl8zal9NU1BuREUtTFZnOXcxdEhndUtjRl9nMEs4Z2hhZHMxMDBvYVVnUlRNM3BtTUJDdjRLUVE?oc=5,"Bisnis Properti di Kota Banda Aceh Meningkat Pesat, Rumah Subsidi Paling Laris » - dialeksis.com",news.google.com,extraction_failed,2026-08-31 23:32:32
https://news.google.com/rss/articles/CBMipwFBVV95cUxPTWtKa0czdUdqcldYbF9DX0lQVS1ZUF9FUHhCSWNBVC14Q3BzUktnNGRWVDR0aWJhellaWFVNQTN0anl1cFdYaVdPOW1VRDZHbHhhREhKSjZNck82ZG90SExGZWNEX0VFUnlUcjFnSWQ3VmVHWXFRX0tFekpSMHZMV3J6QXRtSkg4SEd0djZkcXZRZ21kbW9Ob2J5Sy1HQlVfamtaUkxYVQ?oc=5,https://news.google.com/rss/articles/CBMipwFBVV95cUxPTWtKa0czdUdqcldYbF9DX0lQVS1ZUF9FUHhCSWNBVC14Q3BzUktnNGRWVDR0aWJhellaWFVNQTN0anl1cFdYaVdPOW1VRDZHbHhhREhKSjZNck82ZG90SExGZWNEX0VFUnlUcjFnSWQ3VmVHWXFRX0tFekpSMHZMV3J6QXRtSkg4SEd0djZkcXZRZ21kbW9Ob2J5Sy1HQlVfamtaUkxYVQ?oc=5,Pengusaha properti Meminta Bank Konvensional Diizinkan Kembali di Aceh - Mercinews.com,news.google.com,extraction_failed,2026-08-31 23:32:33
https://news.google.com/rss/articles/CBMimAFBVV95cUxQdzlOVlZSNFM2ZG42ZkZNUTVoV2VnZUt6QzJkQ3YwekVwR2stazAtWXBsdzBqaVNjZVFyelU4VzVtMUxaZ1hmLUZUc2phR0hTN1dwNGpDRkhRdDZmMTBiY1ZuMUk4SkxRZzhOWnJEXzduZlUtQ1FZMlhZaTdVbFJpM01ycTVkTEUxLUlpc2M1eFluTzlNYnU5VNIBngFBVV95cUxOQ1d3N0hqYk9zOExIWXZLTW0tbHhoTm1SeHlOOUxYTk1QVkhMNUJCQTNYZktDQ2pGc3NCWmZGWFN2NE15Q1Zzb3FGekhfcmVNSHVMajVnM0ViMU5pOEZiUi1nWElwdURRc3JWR1A2UkVmXzl4c2QxQloxb2JJT3RMYm1xWlR3NU5fbXdDVzB0blFRSmRYWkpObzJfTnR4dw?oc=5,https://news.google.com/rss/articles/CBMimAFBVV95cUxQdzlOVlZSNFM2ZG42ZkZNUTVoV2VnZUt6QzJkQ3YwekVwR2stazAtWXBsdzBqaVNjZVFyelU4VzVtMUxaZ1hmLUZUc2phR0hTN1dwNGpDRkhRdDZmMTBiY1ZuMUk4SkxRZzhOWnJEXzduZlUtQ1FZMlhZaTdVbFJpM01ycTVkTEUxLUlpc2M1eFluTzlNYnU5VNIBngFBVV95cUxOQ1d3N0hqYk9zOExIWXZLTW0tbHhoTm1SeHlOOUxYTk1QVkhMNUJCQTNYZktDQ2pGc3NCWmZGWFN2NE15Q1Zzb3FGekhfcmVNSHVMajVnM0ViMU5pOEZiUi1nWElwdURRc3JWR1A2UkVmXzl4c2QxQloxb2JJT3RMYm1xWlR3NU5fbXdDVzB0blFRSmRYWkpObzJfTnR4dw?oc=5,Festival Film Kolaborasi Aceh dan Jepang Hadir di Youtube - Pikiran Merdeka,news.google.com,extraction_failed,2026-08-31 23:32:33
https://news.google.com/rss/articles/CBMikAFBVV95cUxQUHVqNTBVSkFBWXN3MXFpcXR5TkhxamQ5eDdHNHhTZ3QzUm1DNjdmUzQtMm8wSF94VzBsV3MyZHBmNDJCUlNZejNXN1FmeXJzckJ2SUpubzA5WUd4ZXFCQUx5eW9ZY3hWdzZpazB5eTJCTUhfcjFuVFJRYjBoYXd2TEV0akpPMkxRMjFRdl84bGjSAY4BQVVfeXFMTW51TjlYMXp1bTd4Zk50RWpyc0Z0ekpNMzFQZFBBMmQteGJlZWJvSU5DYWhVbTlHOW9vWW1oX1hVdjNOMmZ0MDJxZGpWWUl1UXY0U3JZQnVvMFlxN1ZhVnRha2xWSVdPLVpMSjFfOUwwYm9WT1RwRkFoS3MxNUVYNjM5eDA1NEh5akVMVWlxZw?oc=5,https://news.google.com/rss/articles/CBMikAFBVV95cUxQUHVqNTBVSkFBWXN3MXFpcXR5TkhxamQ5eDdHNHhTZ3QzUm1DNjdmUzQtMm8wSF94VzBsV3MyZHBmNDJCUlNZejNXN1FmeXJzckJ2SUpubzA5WUd4ZXFCQUx5eW9ZY3hWdzZpazB5eTJCTUhfcjFuVFJRYjBoYXd2TEV0akpPMkxRMjFRdl84bGjSAY4BQVVfeXFMTW51TjlYMXp1bTd4Zk50RWpyc0Z0ekpNMzFQZFBBMmQteGJlZWJvSU5DYWhVbTlHOW9vWW1oX1hVdjNOMmZ0MDJxZGpWWUl1UXY0U3JZQnVvMFlxN1ZhVnRha2xWSVdPLVpMSjFfOUwwYm9WT1RwRkFoS3MxNUVYNjM5eDA1NEh5akVMVWlxZw?oc=5,"""Toet Karbet"" dan Ingatan Kolektif Masa Konflik - aceHTrend.com",news.google.com,extraction_failed,2026-08-31 23:32:34
https://news.google.com/rss/articles/CBMitwFBVV95cUxPM3lia0Y0SDdibXdid1JFY1BlaFhkWnNaVU1vN3VvZy1SRTduVmZGOXVNQVhPNHNhLWN2aGt6TWhYTHJlRi1YUEhIRHh0Q2RXTi0xcEJWbnliRm5UTjBBMFNBd0dIdnl4MU85X1R5RXU3UERSNGtIWVh0VVZBTXN2ZVdVdkR4UWVhUGRmSkZCa2d3MXpzSXdiQ2c4SnJ6RWRoZ3Z1SDV5YlVPS3dJN01fNk5ReW1DSkXSAbwBQVVfeXFMT2RrX3ViLUxsdVE2emMxUFdLVlBJR0pkSGtTczdScXVPemZQYkxIUWRjXy1KSjhHZ0V1X3M1SjJyZW1MNFdITUhJenBVUWE1X0VrcVRnYURtUGpTYllyZjVDekU2UjVKanlxUnFnUU9teUJjWmlvYTlqbVlMejBvUHRSU1Bmd0M1NUp4d0gzU3pPbFlqTXI4Rm9Xa2tDRk55SXRQeS1jeTdnT1JXSEZ2eGpYbTA3Y2NGNVBQd1E?oc=5,https://news.google.com/rss/articles/CBMitwFBVV95cUxPM3lia0Y0SDdibXdid1JFY1BlaFhkWnNaVU1vN3VvZy1SRTduVmZGOXVNQVhPNHNhLWN2aGt6TWhYTHJlRi1YUEhIRHh0Q2RXTi0xcEJWbnliRm5UTjBBMFNBd0dIdnl4MU85X1R5RXU3UERSNGtIWVh0VVZBTXN2ZVdVdkR4UWVhUGRmSkZCa2d3MXpzSXdiQ2c4SnJ6RWRoZ3Z1SDV5YlVPS3dJN01fNk5ReW1DSkXSAbwBQVVfeXFMT2RrX3ViLUxsdVE2emMxUFdLVlBJR0pkSGtTczdScXVPemZQYkxIUWRjXy1KSjhHZ0V1X3M1SjJyZW1MNFdITUhJenBVUWE1X0VrcVRnYURtUGpTYllyZjVDekU2UjVKanlxUnFnUU9teUJjWmlvYTlqbVlMejBvUHRSU1Bmd0M1NUp4d0gzU3pPbFlqTXI4Rm9Xa2tDRk55SXRQeS1jeTdnT1JXSEZ2eGpYbTA3Y2NGNVBQd1E?oc=5,"Aceh Film Festival 2025 Resmi Ditutup, Sineas Muda Raih Apresiasi dan Penghargaan - Pikiran Merdeka",news.google.com,extraction_failed,2026-08-31 23:32:34
https://news.google.com/rss/articles/CBMixgFBVV95cUxOUktPTmcxVWpNZGNrY05XN3RUNXpXb2JaallxbXFrY2tsSUJtM29IODdRVnJwUE5Rdk0tczV6SHdZWkRuM29uVFZLVjBEVlN6dTlqUVFtNGpjUkRGRXZPVUcyaUg1OHFnT1h1NnVMNDdlZURBWHVMZFVmcEpzcjM1R1JQSWJfWllUT1BabVpSZXVtSEF3cG1vMC05cHM2WmxBeWJibnBIa0tjYTBIblZTd3R0OXJpamlMZXpGQWdOeXJhU3lseEHSAcMBQVVfeXFMTTRlZ00tRms4MUZROUFQRnFFblQ2Z2ptY3J6UTg0eWdtX2RYaGJ6MXNHS1l5d042azVDVGZNeVZibmt6TEtndjE3cV9FbkxxN3NWZzhQUGJEYXlFUFhWYWpyWHRaVjRSRE5rSHRYSjdUU3RRRy1JTUNJcEl1OHN6VlBKNXVTMVVMbm5QakFZX2hGNFlvN09vbUxZZ29QUVJLRWFnMEgxcVJ6ZUpJMFpiZks5MUVmUlAyYnNzMHZtdXRuUHdR?oc=5,https://news.google.com/rss/articles/CBMixgFBVV95cUxOUktPTmcxVWpNZGNrY05XN3RUNXpXb2JaallxbXFrY2tsSUJtM29IODdRVnJwUE5Rdk0tczV6SHdZWkRuM29uVFZLVjBEVlN6dTlqUVFtNGpjUkRGRXZPVUcyaUg1OHFnT1h1NnVMNDdlZURBWHVMZFVmcEpzcjM1R1JQSWJfWllUT1BabVpSZXVtSEF3cG1vMC05cHM2WmxBeWJibnBIa0tjYTBIblZTd3R0OXJpamlMZXpGQWdOeXJhU3lseEHSAcMBQVVfeXFMTTRlZ00tRms4MUZROUFQRnFFblQ2Z2ptY3J6UTg0eWdtX2RYaGJ6MXNHS1l5d042azVDVGZNeVZibmt6TEtndjE3cV9FbkxxN3NWZzhQUGJEYXlFUFhWYWpyWHRaVjRSRE5rSHRYSjdUU3RRRy1JTUNJcEl1OHN6VlBKNXVTMVVMbm5QakFZX2hGNFlvN09vbUxZZ29QUVJLRWFnMEgxcVJ6ZUpJMFpiZks5MUVmUlAyYnNzMHZtdXRuUHdR?oc=5,"Gelar Property Expo Tahun 2023, Bank Aceh Hadirkan Ragam Promo Khusus dan Acara Menarik - Kabar Tamiang",news.google.com,extraction_failed,2026-08-31 23:32:34
https://news.google.com/rss/articles/CBMirwFBVV95cUxNSmc4OGVZZVBUSzFpMU1IY1BiNWpYN191b0J5Q0R4MG5KMFl5VkVuMjFoaXc3ZnJ3Y3o5SmNKTVlYaC1OUXJmZDRMZEhILTZTOThEVnlqRjQwTHhqYzdrYUdVVXFhSUd6Mk5ScmgxaEExY0dpNFNkb05SR3NpcWlVblk0WUFVckN1d1ZVYklQX2tyM2diZ0Y3aWpyRDFJSDJrMmFxeWZYTHNWbDVvT2cw?oc=5,https://news.google.com/rss/articles/CBMirwFBVV95cUxNSmc4OGVZZVBUSzFpMU1IY1BiNWpYN191b0J5Q0R4MG5KMFl5VkVuMjFoaXc3ZnJ3Y3o5SmNKTVlYaC1OUXJmZDRMZEhILTZTOThEVnlqRjQwTHhqYzdrYUdVVXFhSUd6Mk5ScmgxaEExY0dpNFNkb05SR3NpcWlVblk0WUFVckN1d1ZVYklQX2tyM2diZ0Y3aWpyRDFJSDJrMmFxeWZYTHNWbDVvT2cw?oc=5,Yayasan Sukma-Leva Foundation Teken MoU Pelatihan Coding bagi Guru - Media Indonesia,news.google.com,extraction_failed,2026-08-31 23:32:34
https://news.google.com/rss/articles/CBMikgFBVV95cUxQMklhallDeTQ3eVI3alhHNkRoazhhbFpsdlpWM0RSWm54aGp2eHJrY2FHM0xwa3Q5YXZqNGpCNGVIZnV1N0xXX1dSVVIxMUtpaF85YmhTOE0teTV4NHNvTGVHMW10dE9QY21DMk5KRmdpc3dDVF9qUHZXbnNvWDdyTWw5NEI1NWJMMHFxTEtOaFF6UdIBjwFBVV95cUxNV0t3SnctSk5OTUFWUHktWU9DT3VQeE44WUxNV29fSXNUNXk5YVlMTUFBSkE2bmVRNTczdDBhT2xRZGRYSnptcFR5YmIycWh4UDFBRDYzd3ZybW9FZEc3VC1Gd1NpbGtYWnhHWEdjZUg1OFVNZ3BNbzNpX2ZFdE1QY05fWkxkUWVJd09zTm5WTQ?oc=5,https://news.google.com/rss/articles/CBMikgFBVV95cUxQMklhallDeTQ3eVI3alhHNkRoazhhbFpsdlpWM0RSWm54aGp2eHJrY2FHM0xwa3Q5YXZqNGpCNGVIZnV1N0xXX1dSVVIxMUtpaF85YmhTOE0teTV4NHNvTGVHMW10dE9QY21DMk5KRmdpc3dDVF9qUHZXbnNvWDdyTWw5NEI1NWJMMHFxTEtOaFF6UdIBjwFBVV95cUxNV0t3SnctSk5OTUFWUHktWU9DT3VQeE44WUxNV29fSXNUNXk5YVlMTUFBSkE2bmVRNTczdDBhT2xRZGRYSnptcFR5YmIycWh4UDFBRDYzd3ZybW9FZEc3VC1Gd1NpbGtYWnhHWEdjZUg1OFVNZ3BNbzNpX2ZFdE1QY05fWkxkUWVJd09zTm5WTQ?oc=5,"Mengupas Dibalik Layar Film Dokumenter ""Minor"" (1) - aceHTrend.com",news.google.com,extraction_failed,2026-08-31 23:32:35
https://news.google.com/rss/articles/CBMiogFBVV95cUxQT2dpeFhCN1BPMjRBdHJ5QTdPNnAyM0FjMWxKa0psNkQ2Z09JRUFDemN2dmVBbjluV2NxTVVKeVhTcTRZd3p5MjdMOU1fY0h4VkJMZ09JbFBzNVRmRnFnbExYYlJYNE56Y0E1SEdaOHJfZlB2eXJhMWZuT1l4MEpod29TU0dPUXJNb3FJbFlJUUdvblJ1V1o3UVIxa3N4a01kX2c?oc=5,https://news.google.com/rss/articles/CBMiogFBVV95cUxQT2dpeFhCN1BPMjRBdHJ5QTdPNnAyM0FjMWxKa0psNkQ2Z09JRUFDemN2dmVBbjluV2NxTVVKeVhTcTRZd3p5MjdMOU1fY0h4VkJMZ09JbFBzNVRmRnFnbExYYlJYNE56Y0E1SEdaOHJfZlB2eXJhMWZuT1l4MEpod29TU0dPUXJNb3FJbFlJUUdvblJ1V1o3UVIxa3N4a01kX2c?oc=5,"Rumah Tak Kunjung Dibangun, Warga Banda Aceh Polisikan Developer - MODUS ACEH",news.google.com,extraction_failed,2026-08-31 23:32:35
https://news.google.com/rss/articles/CBMiogFBVV95cUxPLWFodElDSzZ3dU15X21JZElNOWhGX1NrVTlxUE43R2pUMW5tOUNVem9qZERnMTU1OC00VUdOVjV2V1VlbVFoNjZnandfRS1fMzV0MGpBQzVHS2NnRjZxTkVIVTBscVloLVotX0Zhai12WTVoWEFkY0YwS191SkREZ3hMMUZ4U1BWSjhMQllPZlZGX251VldZZVgzX29mRVZ2c2c?oc=5,https://news.google.com/rss/articles/CBMiogFBVV95cUxPLWFodElDSzZ3dU15X21JZElNOWhGX1NrVTlxUE43R2pUMW5tOUNVem9qZERnMTU1OC00VUdOVjV2V1VlbVFoNjZnandfRS1fMzV0MGpBQzVHS2NnRjZxTkVIVTBscVloLVotX0Zhai12WTVoWEFkY0YwS191SkREZ3hMMUZ4U1BWSjhMQllPZlZGX251VldZZVgzX29mRVZ2c2c?oc=5,Lestari Moerdijat Dorong Guru Kuasai Coding - TIMES Banyuwangi,news.google.com,extraction_failed,2026-08-31 23:32:35
https://news.google.com/rss/articles/CBMiswFBVV95cUxNc1pwcHJNYVFNam1tTDNjZTM2djNaZXJsWlVfdmt6LUJSbVluWW5VNnNjRk01OTdRYkU3X2VSdGlncDcwNERUbWI1d1dGMGl0VlFjNVdiZWtpQ0RVZ2dWdHpwTnRQLWhjMGd6ZkpRSXdWVWxGT3pibzExcnVabE9QOWk5R1VwdXNub2Z0eU1USENnOHdER0pXcUp0OHdwWG1BVDBlVEZfV0x5NVNaV3pNdEhvQQ?oc=5,https://news.google.com/rss/articles/CBMiswFBVV95cUxNc1pwcHJNYVFNam1tTDNjZTM2djNaZXJsWlVfdmt6LUJSbVluWW5VNnNjRk01OTdRYkU3X2VSdGlncDcwNERUbWI1d1dGMGl0VlFjNVdiZWtpQ0RVZ2dWdHpwTnRQLWhjMGd6ZkpRSXdWVWxGT3pibzExcnVabE9QOWk5R1VwdXNub2Z0eU1USENnOHdER0pXcUp0OHdwWG1BVDBlVEZfV0x5NVNaV3pNdEhvQQ?oc=5,"BPDP Buka 16 Formasi Peluang Karier, Dibutuhkan Programer hingga Staf Akuntansi PSR - sawitsetara.co",news.google.com,extraction_failed,2026-08-31 23:32:36
https://news.google.com/rss/articles/CBMinwFBVV95cUxOY0pUUFh0MUVkUk1mQlZDSlRtNGFUY2JzV0Y4VHNFNHZINHFRWmU0NDlKVGlrX3NleGVjb3c5c1FTa08xVXY0NUZOZGtINnM0TW9jbnd4WWZkLTIwVmh5QWNBV2VkMUNxWnBINFlVVkVuY3Y3WnN6UFFGeGVfX2pkQjJtSm1wVU5iQTMtSklwdFRyc29CVFhLLXNfTkJmd0XSAaQBQVVfeXFMTk1fODY0a1hEUjJxM1o3U0FPRE1xZ1Y1SXFmSW5fOWtrN3JHVDhXR1RXYkNzb1BSREluc0Q1SnVxVVZOU2Jld0pmMXVYTThaLWtiLW53THdsMXJHd3VqQmJmUzUtbEpjYkkxWlBpQ2E5TGVJcERnY2JTY3VUMXJrenkzUXhIM2h6cnAtZG5rTEJ3Nm04TExXcEF6bDYzY05CT2tJTWs?oc=5,https://news.google.com/rss/articles/CBMinwFBVV95cUxOY0pUUFh0MUVkUk1mQlZDSlRtNGFUY2JzV0Y4VHNFNHZINHFRWmU0NDlKVGlrX3NleGVjb3c5c1FTa08xVXY0NUZOZGtINnM0TW9jbnd4WWZkLTIwVmh5QWNBV2VkMUNxWnBINFlVVkVuY3Y3WnN6UFFGeGVfX2pkQjJtSm1wVU5iQTMtSklwdFRyc29CVFhLLXNfTkJmd0XSAaQBQVVfeXFMTk1fODY0a1hEUjJxM1o3U0FPRE1xZ1Y1SXFmSW5fOWtrN3JHVDhXR1RXYkNzb1BSREluc0Q1SnVxVVZOU2Jld0pmMXVYTThaLWtiLW53THdsMXJHd3VqQmJmUzUtbEpjYkkxWlBpQ2E5TGVJcERnY2JTY3VUMXJrenkzUXhIM2h6cnAtZG5rTEJ3Nm04TExXcEF6bDYzY05CT2tJTWs?oc=5,"Dicueki Pihak Developer, BPKN Bakal Bawa Kasus Group Puncak ke DPR RI - realita.co",news.google.com,extraction_failed,2026-08-31 23:32:36
https://news.google.com/rss/articles/CBMinwFBVV95cUxNWVpNSlRHSEVWeW52WkFjYUdlQ2l1TVE3c3F3YVg1bEZ1Vlc2cU5lNFFCUDlValNQSmcxS2NfUlJIcGhnZ3pLekFaRDVqS3ZPcEZteTdXcnlJWndMVXUwNnJESGtmN0N3bjNmalllalkyeFo5UjZqdFBBN1NTSWtCQ3FJYzdLZ0MtN1BScFVNSDhiNUF0ZjA4NlMwZlZ2VnPSAZwBQVVfeXFMTzF2UnNPN3QxenlFc0ZnUWtIc1ZHRlYtanFJMWpRMXpaSXliLUswWWJuQ004WWdpSlB1WW9oeVVaeVRkdmZTM3M3Wmdxb3BhSEUzNEI2M1UxU1VZQmVjdktTcEdleHBoWnVxRjF6RTlMZDF6cVJpeEd5RUdpZVNmTlZJWkhiX3dyekdkNTF0T05vTFVhYllYZlhqZ01h?oc=5,https://news.google.com/rss/articles/CBMinwFBVV95cUxNWVpNSlRHSEVWeW52WkFjYUdlQ2l1TVE3c3F3YVg1bEZ1Vlc2cU5lNFFCUDlValNQSmcxS2NfUlJIcGhnZ3pLekFaRDVqS3ZPcEZteTdXcnlJWndMVXUwNnJESGtmN0N3bjNmalllalkyeFo5UjZqdFBBN1NTSWtCQ3FJYzdLZ0MtN1BScFVNSDhiNUF0ZjA4NlMwZlZ2VnPSAZwBQVVfeXFMTzF2UnNPN3QxenlFc0ZnUWtIc1ZHRlYtanFJMWpRMXpaSXliLUswWWJuQ004WWdpSlB1WW9oeVVaeVRkdmZTM3M3Wmdxb3BhSEUzNEI2M1UxU1VZQmVjdktTcEdleHBoWnVxRjF6RTlMZDF6cVJpeEd5RUdpZVNmTlZJWkhiX3dyekdkNTF0T05vTFVhYllYZlhqZ01h?oc=5,Aplikasi AWay (Aceh Way) Karya Anak Aceh Juara II Nasional - aceHTrend.com,news.google.com,extraction_failed,2026-08-31 23:32:36
https://news.google.com/rss/articles/CBMirAFBVV95cUxPd2V4dVh2NVpUZk9qYjZSVXBtRktIRkhoSHR3VFJyM09RZjNmVTlOVkViX25qZEYydGVQcDdGX2VYazVjQ05sZjFaUGJ5ck1VeTNPbmFTRzBTeVl4LXFOTlpBRlFFdzJKdFctMWo2U2w2RDJlMW5qU0F6NXNjRnktVkJGSEhhQ1c2bUNYWjhMVUhKU1JiZEFwSVVfUTg1VFk0ZjEtaERKY1N0bU9W?oc=5,https://news.google.com/rss/articles/CBMirAFBVV95cUxPd2V4dVh2NVpUZk9qYjZSVXBtRktIRkhoSHR3VFJyM09RZjNmVTlOVkViX25qZEYydGVQcDdGX2VYazVjQ05sZjFaUGJ5ck1VeTNPbmFTRzBTeVl4LXFOTlpBRlFFdzJKdFctMWo2U2w2RDJlMW5qU0F6NXNjRnktVkJGSEhhQ1c2bUNYWjhMVUhKU1JiZEFwSVVfUTg1VFk0ZjEtaERKY1N0bU9W?oc=5,"Ditipu Developer Pembelian Rumah, Sejumlah Warga Melapor ke Polisi - ACEH BISNIS",news.google.com,extraction_failed,2026-08-31 23:32:37
https://news.google.com/rss/articles/CBMitgFBVV95cUxPVFB4NWtRcDJyckRFdUEzUU9DUGxSU3BCZWJaNHJlZ1ZnR3FwWWRLRDV1X0V4WDNYMlpMTGxMOEhXcHRtdEdTdk5NajktZ1NTMlhSTVVCX3pMeFVUUHpWQkxqMnNvQ2l1U2kteGw1aGtYX1ZmUkZueExhLWxUSDM0cUZkVE1qUEZicm15b291ZmRsYVRMRklVZUdfNi13TVJROE5fZV9zUTNvajhraXh6NDVDRkRjQQ?oc=5,https://news.google.com/rss/articles/CBMitgFBVV95cUxPVFB4NWtRcDJyckRFdUEzUU9DUGxSU3BCZWJaNHJlZ1ZnR3FwWWRLRDV1X0V4WDNYMlpMTGxMOEhXcHRtdEdTdk5NajktZ1NTMlhSTVVCX3pMeFVUUHpWQkxqMnNvQ2l1U2kteGw1aGtYX1ZmUkZueExhLWxUSDM0cUZkVE1qUEZicm15b291ZmRsYVRMRklVZUdfNi13TVJROE5fZV9zUTNvajhraXh6NDVDRkRjQQ?oc=5,"Wapres Gibran Dorong AI dan Coding sejak SD, Relawan: Strategi Curi Start - Media Indonesia",news.google.com,extraction_failed,2026-08-31 23:32:37
https://news.google.com/rss/articles/CBMijgFBVV95cUxPS1ZyeG9xbXdYWFU1OXQ3RkR2bTNXbFR3aG5tVW84d2RRNmtKck9pMVJsTzgyYV85TXBzajVlNGRpdUMtbDlOdVlKV3FTdEZmX2NHZTk5N3ZvRzd4WjhGZUZXVUJMMHoxRU9XTW9lVVJ2Z3hlWlJsUlVYQ19GQ1R5R01haVNMN3RVZzhSeTNB?oc=5,https://news.google.com/rss/articles/CBMijgFBVV95cUxPS1ZyeG9xbXdYWFU1OXQ3RkR2bTNXbFR3aG5tVW84d2RRNmtKck9pMVJsTzgyYV85TXBzajVlNGRpdUMtbDlOdVlKV3FTdEZmX2NHZTk5N3ZvRzd4WjhGZUZXVUJMMHoxRU9XTW9lVVJ2Z3hlWlJsUlVYQ19GQ1R5R01haVNMN3RVZzhSeTNB?oc=5,BBPVP Dan Castle Production Siapkan SDM Developer Metaverse - Postkeadilan,news.google.com,extraction_failed,2026-08-31 23:32:37
https://news.google.com/rss/articles/CBMitgFBVV95cUxQU1FxSkZfY3I1VVd2QU1EaHBodXBUTVhHcWxJbTRJN2psWFhDZXJNbm1fWHNWNDYwVjZOTmNmTmFzTzQ0YXJKaHZ3eWFVbWwyVDFqMk9ZUDMyczhQS2dqTmNhaF9FejViSmNEbHdYbGhvdG1DX3liczFiemVyWEQ4cGd6V1NOd0ZCN25MdGFGSUg5TmlqQW11U0lYUHhnS1Q1ZUVHMHo1N25ZNVE5Z3RwMEs2X0I2dw?oc=5,https://news.google.com/rss/articles/CBMitgFBVV95cUxQU1FxSkZfY3I1VVd2QU1EaHBodXBUTVhHcWxJbTRJN2psWFhDZXJNbm1fWHNWNDYwVjZOTmNmTmFzTzQ0YXJKaHZ3eWFVbWwyVDFqMk9ZUDMyczhQS2dqTmNhaF9FejViSmNEbHdYbGhvdG1DX3liczFiemVyWEQ4cGd6V1NOd0ZCN25MdGFGSUg5TmlqQW11U0lYUHhnS1Q1ZUVHMHo1N25ZNVE5Z3RwMEs2X0I2dw?oc=5,Menteri Abdul Mu'ti Siap Rekrut Tenaga Baru untuk Ajarkan Mapel Coding Kepada Siswa SD - Herald ID,news.google.com,extraction_failed,2026-08-31 23:32:37
https://news.google.com/rss/articles/CBMiiwFBVV95cUxPamE0bndHQmw5WmhMcGNIVC1BNWRSckhqUGZxeDJ4V0p0R3NHamltMlozS1dfU1lEWV96YzZIZkxlQWV1cFBwOGNmVEo0ZlRkSGJhUVc1aFpaZGVFbDZiTTlua1F0eU50amwydXFPaXdLZjJFWlI0TjJxeVJUWWFSazZSZ1Z0WEpBOHFJ?oc=5,https://news.google.com/rss/articles/CBMiiwFBVV95cUxPamE0bndHQmw5WmhMcGNIVC1BNWRSckhqUGZxeDJ4V0p0R3NHamltMlozS1dfU1lEWV96YzZIZkxlQWV1cFBwOGNmVEo0ZlRkSGJhUVc1aFpaZGVFbDZiTTlua1F0eU50amwydXFPaXdLZjJFWlI0TjJxeVJUWWFSazZSZ1Z0WEpBOHFJ?oc=5,Mendikdasmen Sebut AI & Coding Bakal Diajarkan Mulai Kelas 4 SD - Tirto.id,news.google.com,extraction_failed,2026-08-31 23:32:37
https://news.google.com/rss/articles/CBMiswFBVV95cUxPdTJEWndwTWJDTHA5dXE5TmpuaVBoN0QwSFRJTFdISWZ0U3NFS0FhNER3emt3d2l3Tzhhb1g0TFl5Y3VQUy1Nb1RRMnItNlpWMlN4MDcyRDRuYUV3akNiRWwzYTl6clRWYm4xTXJsdXNWc0VmbFN2M3JiX19HbzN4dzNQdkJteHdyNENHbjFJNXNLTjVBVjRsZkpiQTI4dW82YW5sOHRmamhfT1NIcVpueEdkc9IBuAFBVV95cUxPcWdxUF8tTGZQbGZjWmt3TVRzQnB1UER3Tnp0eGExUHlsQUxsRTRWX1pGZEJtekkwT2h0TFZ5N0VITHlCaWJFdEkyMnl5NzRqUkxjTmVDWG1nZHoyWlNxd2tlSmFDQ0RZaC1NZnhjS3lVdWZoNWs0NjU4TEVfanNnT055MFNvenEyR3ZqQ3JDeFI1R0ZMNzVfVWw3cG9OekxHUzFXb3pHV2NneTVrWHduV2Rud1BNLW51?oc=5,https://news.google.com/rss/articles/CBMiswFBVV95cUxPdTJEWndwTWJDTHA5dXE5TmpuaVBoN0QwSFRJTFdISWZ0U3NFS0FhNER3emt3d2l3Tzhhb1g0TFl5Y3VQUy1Nb1RRMnItNlpWMlN4MDcyRDRuYUV3akNiRWwzYTl6clRWYm4xTXJsdXNWc0VmbFN2M3JiX19HbzN4dzNQdkJteHdyNENHbjFJNXNLTjVBVjRsZkpiQTI4dW82YW5sOHRmamhfT1NIcVpueEdkc9IBuAFBVV95cUxPcWdxUF8tTGZQbGZjWmt3TVRzQnB1UER3Tnp0eGExUHlsQUxsRTRWX1pGZEJtekkwT2h0TFZ5N0VITHlCaWJFdEkyMnl5NzRqUkxjTmVDWG1nZHoyWlNxd2tlSmFDQ0RZaC1NZnhjS3lVdWZoNWs0NjU4TEVfanNnT055MFNvenEyR3ZqQ3JDeFI1R0ZMNzVfVWw3cG9OekxHUzFXb3pHV2NneTVrWHduV2Rud1BNLW51?oc=5,"Mendikdasmen: Coding Diajarkan Mulai Kelas 4 SD, Bukan Pelajaran Wajib - detikcom",news.google.com,extraction_failed,2026-08-31 23:32:38
https://news.google.com/rss/articles/CBMilgFBVV95cUxQdTZiYTg3emctcXR2YTJ3TjZQRXVWaEFPb0JDWDdqeFBBak1LWkJ0MUZ5TGlpVWxYQjJBdXhHOVNqU0Iybnk2ZV9ES1NKcGp1S2pfT3N5SjJrRWc1RVloUG9fMzFmU3BKNmU3RjdFRGk3LU5jY3FSZkhBZXZuMW9XY1hYXzZNa01NT2VfczFiRzd4Y1FMWFE?oc=5,https://news.google.com/rss/articles/CBMilgFBVV95cUxQdTZiYTg3emctcXR2YTJ3TjZQRXVWaEFPb0JDWDdqeFBBak1LWkJ0MUZ5TGlpVWxYQjJBdXhHOVNqU0Iybnk2ZV9ES1NKcGp1S2pfT3N5SjJrRWc1RVloUG9fMzFmU3BKNmU3RjdFRGk3LU5jY3FSZkhBZXZuMW9XY1hYXzZNa01NT2VfczFiRzd4Y1FMWFE?oc=5,Mata Pelajaran Coding dan AI Di Tingkat SD Tak Dirancang Rumit - Validnews,news.google.com,extraction_failed,2026-08-31 23:32:38
https://news.google.com/rss/articles/CBMikgFBVV95cUxPUG9obERRVy1hcTdsYUd6bGJFVk5WSDlNREpPQnlvOG8wbmVJMUgyeWJCdjVWWGtSYmpsbWlRRThJSnd5YUVkQWpFNEVGdVk2UVBISVcwUEkzaDlMdWhCVERScWFaV05McXhXNDdxUS1Sc0EwcmVQM0JFMURNWGNYOHZtSmhIbVBiNHZzeXVlQWUzUQ?oc=5,https://news.google.com/rss/articles/CBMikgFBVV95cUxPUG9obERRVy1hcTdsYUd6bGJFVk5WSDlNREpPQnlvOG8wbmVJMUgyeWJCdjVWWGtSYmpsbWlRRThJSnd5YUVkQWpFNEVGdVk2UVBISVcwUEkzaDlMdWhCVERScWFaV05McXhXNDdxUS1Sc0EwcmVQM0JFMURNWGNYOHZtSmhIbVBiNHZzeXVlQWUzUQ?oc=5,PT Kreasi Mandiri Land Bantah Lakukan Penipuan - aceHTrend.com,news.google.com,extraction_failed,2026-08-31 23:32:38
https://news.google.com/rss/articles/CBMimwFBVV95cUxOeV9FMDctaENFMllWSjdDRWNlbEE2N25INGZQcUYyNW1FS0RNUWVVRnVZMEFwcWY4T1NWU21XMlY1LXV4OEFzZXpLeWJGVmJ4ckRQT3o3OXBqTVNIeGZEZFNZQkY2TVBCRV8yMTBxOHJ6LS1OQ25YZ3J2Y0oyMlFhSGVtbXNKWHZQR25EX29idlJPUWRSem4tMzd0aw?oc=5,https://news.google.com/rss/articles/CBMimwFBVV95cUxOeV9FMDctaENFMllWSjdDRWNlbEE2N25INGZQcUYyNW1FS0RNUWVVRnVZMEFwcWY4T1NWU21XMlY1LXV4OEFzZXpLeWJGVmJ4ckRQT3o3OXBqTVNIeGZEZFNZQkY2TVBCRV8yMTBxOHJ6LS1OQ25YZ3J2Y0oyMlFhSGVtbXNKWHZQR25EX29idlJPUWRSem4tMzd0aw?oc=5,Peminat Rumah KPR Subsidi diKota Langsa Masih Tinggi - ACEH BISNIS,news.google.com,extraction_failed,2026-08-31 23:32:38
https://news.google.com/rss/articles/CBMixwFBVV95cUxObEMxYldwb0gwanc5ZDhPS2Z0UVJJUnczeGFfN2toWTJDOTFqci1jSHJ1SlZ2djZXUGlZVUZ1cUZwb05kUzNkdy12dHVTVVF2MlRSQmd2dF9HTGstTUpyQ0JBRFVPZTczRmdIcFp0cFJRN3c4SDlpdXpOeldWZFNwMWxsYTlDMkcxcnEtTXBid0p3TFZkdU5ScEhnd251X0xPaTVNV0hRamFZN21nWXVfV056R21lcmptOU5PT1JIUWdUMGJ5ZmhV0gHMAUFVX3lxTE1mbExya2RXUFZxb1hMeHhLLUd4NlJuZnF2cFNGOWpZZkhJWG05R19EUWszNFNyMEpOcXVBTHZ1TC1GY0tiUEwxeFk3VktNMWJwN0N6RHZFYllFSDN3RUhFRW5sTC1lMHpvTGw0N2JyTlFhSk1LeHp0UUpaU2xzb0Q4c3FxRlMzWlNMdTkxMDRqOTFOV29nQWFvTWJYbmNCVVpZdU5sYVQ2bjdsVWJFYkUxSy1Xd1NnZkVTbHdpVlJTbGpQQ3NEVnNXbjI3OA?oc=5,https://news.google.com/rss/articles/CBMixwFBVV95cUxObEMxYldwb0gwanc5ZDhPS2Z0UVJJUnczeGFfN2toWTJDOTFqci1jSHJ1SlZ2djZXUGlZVUZ1cUZwb05kUzNkdy12dHVTVVF2MlRSQmd2dF9HTGstTUpyQ0JBRFVPZTczRmdIcFp0cFJRN3c4SDlpdXpOeldWZFNwMWxsYTlDMkcxcnEtTXBid0p3TFZkdU5ScEhnd251X0xPaTVNV0hRamFZN21nWXVfV056R21lcmptOU5PT1JIUWdUMGJ5ZmhV0gHMAUFVX3lxTE1mbExya2RXUFZxb1hMeHhLLUd4NlJuZnF2cFNGOWpZZkhJWG05R19EUWszNFNyMEpOcXVBTHZ1TC1GY0tiUEwxeFk3VktNMWJwN0N6RHZFYllFSDN3RUhFRW5sTC1lMHpvTGw0N2JyTlFhSk1LeHp0UUpaU2xzb0Q4c3FxRlMzWlNMdTkxMDRqOTFOV29nQWFvTWJYbmNCVVpZdU5sYVQ2bjdsVWJFYkUxSy1Xd1NnZkVTbHdpVlJTbGpQQ3NEVnNXbjI3OA?oc=5,Mendikdasmen Sebut Coding & AI Diajarkan Mulai Kelas 4-6 SD & Termasuk Pelajaran Pilihan - detikcom,news.google.com,extraction_failed,2026-08-31 23:32:38
https://news.google.com/rss/articles/CBMiowFBVV95cUxQY0JnZExuZElhT3RERWtKLVlod19KOUo4V1l4MDJlOHRFdU9leW53N0FkUC1wc0xUSFBuZWZocWM4MDJPNEQwWWs2am1rR0p0QVF3MUoxQWRZYktTT2VrQTR3VmVmZ2hfMEpJR3dpQ2w1R3I0eF9nbkJWU1phS1VWQlRGR2xtZUtROWMtZVNxeVdHR2hYU21yLTRLV1ljOU9lTFUw0gGoAUFVX3lxTE94WnVFZGZoNXdUclowQkthRm9jdnIwZlBEaGdLMTlZZFRVM0d3UTBZR2NTTUJ1dC03Rl9GamZFX3E2V3JNM3plYVpvak5GQTJ0bzhpRGF0Q1I2eUl5RldXUWVTRUZWVUZIQmh3aTZHcG15T3hSSWdtLVhlYjJZT0U4clNaZEhfbnBNWXpsZUdnRWhfNkRabWVpWllnMWpXUHRFaG5vaVJjcQ?oc=5,https://news.google.com/rss/articles/CBMiowFBVV95cUxQY0JnZExuZElhT3RERWtKLVlod19KOUo4V1l4MDJlOHRFdU9leW53N0FkUC1wc0xUSFBuZWZocWM4MDJPNEQwWWs2am1rR0p0QVF3MUoxQWRZYktTT2VrQTR3VmVmZ2hfMEpJR3dpQ2w1R3I0eF9nbkJWU1phS1VWQlRGR2xtZUtROWMtZVNxeVdHR2hYU21yLTRLV1ljOU9lTFUw0gGoAUFVX3lxTE94WnVFZGZoNXdUclowQkthRm9jdnIwZlBEaGdLMTlZZFRVM0d3UTBZR2NTTUJ1dC03Rl9GamZFX3E2V3JNM3plYVpvak5GQTJ0bzhpRGF0Q1I2eUl5RldXUWVTRUZWVUZIQmh3aTZHcG15T3hSSWdtLVhlYjJZT0U4clNaZEhfbnBNWXpsZUdnRWhfNkRabWVpWllnMWpXUHRFaG5vaVJjcQ?oc=5,Warga Pemilik 6 Apartemen Labrak Kantor Developer Group Puncak Surabaya - realita.co,news.google.com,extraction_failed,2026-08-31 23:32:39
https://news.google.com/rss/articles/CBMiuAFBVV95cUxPOTNJSkpoSGl6Mzh6MEJaLWFfakR2Y2hpbDVaN2JMeHFlN0NTaXhJTVAwZ1Z4Y2RsUmRjNHRZYTRDX3JLVjItUW5vUlRMS1otMnRyWEpuZV9KWjc3VlBUSGJpTURYT1g1Ni1jOGkycG01Y2U1UjRPUHJObk5ZTzJycG5KbGJKMjJHMmdLUnN5ZGNDeFJ5TkVTb2VDOGlHaWZoVFpJMjliWGlIWjFDUFFvYkI2UXc0NDVD?oc=5,https://news.google.com/rss/articles/CBMiuAFBVV95cUxPOTNJSkpoSGl6Mzh6MEJaLWFfakR2Y2hpbDVaN2JMeHFlN0NTaXhJTVAwZ1Z4Y2RsUmRjNHRZYTRDX3JLVjItUW5vUlRMS1otMnRyWEpuZV9KWjc3VlBUSGJpTURYT1g1Ni1jOGkycG01Y2U1UjRPUHJObk5ZTzJycG5KbGJKMjJHMmdLUnN5ZGNDeFJ5TkVTb2VDOGlHaWZoVFpJMjliWGlIWjFDUFFvYkI2UXc0NDVD?oc=5,"Material Bangunan Terus Naik, Developer Perumahan di Aceh Terancam Ambruk - Serambinews.com",news.google.com,extraction_failed,2026-08-31 23:32:39
https://news.google.com/rss/articles/CBMivgFBVV95cUxQd3JDUVFrTTFvSUpXZ2pyM1Nqdy1tWHhmX2JyRDlJMnBadWRwQWxvOHJ6THI2aGc2UlBkXzBXcWpaNDFGemZOR25EalRuWi15V3lxRnNUSkV1X3gyT2oyTV9mVHpoZkt1b21TamJzTmRveDA0dGJGVkFoalhILVFsWmZLM3d6NjlkdmJwUmYtX2lFdER5M29KdlJTUDhrUXpnenpYbTZsSlFrY1dDdzZQRXNuQ2lnWU5pVXVVYk5n?oc=5,https://news.google.com/rss/articles/CBMivgFBVV95cUxQd3JDUVFrTTFvSUpXZ2pyM1Nqdy1tWHhmX2JyRDlJMnBadWRwQWxvOHJ6THI2aGc2UlBkXzBXcWpaNDFGemZOR25EalRuWi15V3lxRnNUSkV1X3gyT2oyTV9mVHpoZkt1b21TamJzTmRveDA0dGJGVkFoalhILVFsWmZLM3d6NjlkdmJwUmYtX2lFdER5M29KdlJTUDhrUXpnenpYbTZsSlFrY1dDdzZQRXNuQ2lnWU5pVXVVYk5n?oc=5,"Aceh Film Festival 2025 Resmi Ditutup, Sukses Merayakan Sinema Dunia dan Lokal - Serambinews.com",news.google.com,extraction_failed,2026-08-31 23:32:39
https://news.google.com/rss/articles/CBMiuAFBVV95cUxPaDdnTHBxVkpzdXFFazNXMjNvblB1YTItalU2ZWpMREE3RGVST3ZkUVQwNU0zaVE3RF9ETUFTVjkzVTl5eFpOaVpqYjQ1TUxicXRqTnp1emNCVEhVc0Z3QW5NejJ6cXlkV25RZHlQU1pFLVUtVUttbEJMa2l2d0xlaUJGNERZTmdrZG5vTkVVTjNya241cFNFVG9kNlJob3dieU81OWpkNm5tTGRjRVNFVlU4RzJNUUgz?oc=5,https://news.google.com/rss/articles/CBMiuAFBVV95cUxPaDdnTHBxVkpzdXFFazNXMjNvblB1YTItalU2ZWpMREE3RGVST3ZkUVQwNU0zaVE3RF9ETUFTVjkzVTl5eFpOaVpqYjQ1TUxicXRqTnp1emNCVEhVc0Z3QW5NejJ6cXlkV25RZHlQU1pFLVUtVUttbEJMa2l2d0xlaUJGNERZTmdrZG5vTkVVTjNya241cFNFVG9kNlJob3dieU81OWpkNm5tTGRjRVNFVlU4RzJNUUgz?oc=5,"Bank Aceh Buka Rekrutmen 3 Posisi untuk Talenta Muda, Pendaftaran Ditutup 23 Agustus 2026 - ACEH INDEPENDENT",news.google.com,extraction_failed,2026-08-31 23:32:39
https://news.google.com/rss/articles/CBMiswFBVV95cUxPRDlqMnlBU1VWTlFiQ0g0bXdPaFc1c18wMVd5Z0ZIVy1MSEgzWnNaOU9BYXczajk0TnRGMXlKRHg4eVA1bTJ5OTc5U2ZCTDVJZE5nUDB6M3ZWVWNHV1ctWXRkMHNWeWdKeUdjYjdONm1QQ0dxZkQzNmlBREZVcVMzQUtRVGFpMUxEZjBxTnQwOVBrV3dtUEdQbmNiYVZlN210ZFUzdmZpX09zU0ZERlptelcyTQ?oc=5,https://news.google.com/rss/articles/CBMiswFBVV95cUxPRDlqMnlBU1VWTlFiQ0g0bXdPaFc1c18wMVd5Z0ZIVy1MSEgzWnNaOU9BYXczajk0TnRGMXlKRHg4eVA1bTJ5OTc5U2ZCTDVJZE5nUDB6M3ZWVWNHV1ctWXRkMHNWeWdKeUdjYjdONm1QQ0dxZkQzNmlBREZVcVMzQUtRVGFpMUxEZjBxTnQwOVBrV3dtUEdQbmNiYVZlN210ZFUzdmZpX09zU0ZERlptelcyTQ?oc=5,"Bintang Kala Kembangkan Aplikasi Keuneunong, Perjuangan di Tengah Bencana - Serambinews.com",news.google.com,extraction_failed,2026-08-31 23:32:39
https://news.google.com/rss/articles/CBMiygFBVV95cUxNdERNdjZpUzdubWg4MmNrTGJ3TW5ZUHJjYXdWUDRHM2ZRNktPUm55SFVFRDRJbW9NckN0R3hOTGozamNsYzNDUGI3aEI4X2VyNjdYblVob1A1WndKUTU0aW1Gb0FSNFd5OHJON1hRZlpqczl5NTd0SVRtM3JQNjVSYUF3Wng5cEEwRWlvem9aR3FJX3h1V1FEckM5ZU10dHNlZmtRbG90MDByMUNEeGNpQ1RBUVdvM3RNSFZQREJfVjJNZ205eTQyRnZB?oc=5,https://news.google.com/rss/articles/CBMiygFBVV95cUxNdERNdjZpUzdubWg4MmNrTGJ3TW5ZUHJjYXdWUDRHM2ZRNktPUm55SFVFRDRJbW9NckN0R3hOTGozamNsYzNDUGI3aEI4X2VyNjdYblVob1A1WndKUTU0aW1Gb0FSNFd5OHJON1hRZlpqczl5NTd0SVRtM3JQNjVSYUF3Wng5cEEwRWlvem9aR3FJX3h1V1FEckM5ZU10dHNlZmtRbG90MDByMUNEeGNpQ1RBUVdvM3RNSFZQREJfVjJNZ205eTQyRnZB?oc=5,"Developer di Aceh Mulai Kelimpungan, Kesiapan Transformasi KPR di BSI Aceh Masih Belum Jelas - Serambinews.com",news.google.com,extraction_failed,2026-08-31 23:32:40
https://news.google.com/rss/articles/CBMiugFBVV95cUxPZEczZzc0anhlVzY1TzFsZExZSHBiTWxPZWxlN2tyMHQxMUJHMk5HTlEtLVNMbVoxaDhJOFB0NHprR1Y5MnNnVnNlNTZrTmNsY25EMXd1am1SR09vazRtazN5QWxRTTdiUjk2bWQtRW53SlBZbmdJazFLN0dza1lLU2N2ZHZIRnNOVVNhRjlhOE1uUE9TcnQ4d2tsejlJaFJ1akJOSklHZklwVEtvU3JWRVV6ZXdJTURkRmfSAcIBQVVfeXFMTzZrZFA5UTRCM2NlTDc1MkZucXc1TDlvRGQtU2ZGTWZhdzN5TGFHdy1abkFxZk5tWDZ5c1BzV1g5bGpfNXVXMHczUk52WEtLZUNyazBVS3gyMFB1Vk1MZTl0U3ZkclJpNGctN0szbkFZNWJnSWZJcU1DSXl6WUdXUVUzc3NFcmNJZGZZd1hGbHZxc25kX0dsNWNoTVIzYklGZEZUc3FPa0ZacVRtMWpVSUYtbm9UQV96Nm8xSnJVRTdqeHc?oc=5,https://news.google.com/rss/articles/CBMiugFBVV95cUxPZEczZzc0anhlVzY1TzFsZExZSHBiTWxPZWxlN2tyMHQxMUJHMk5HTlEtLVNMbVoxaDhJOFB0NHprR1Y5MnNnVnNlNTZrTmNsY25EMXd1am1SR09vazRtazN5QWxRTTdiUjk2bWQtRW53SlBZbmdJazFLN0dza1lLU2N2ZHZIRnNOVVNhRjlhOE1uUE9TcnQ4d2tsejlJaFJ1akJOSklHZklwVEtvU3JWRVV6ZXdJTURkRmfSAcIBQVVfeXFMTzZrZFA5UTRCM2NlTDc1MkZucXc1TDlvRGQtU2ZGTWZhdzN5TGFHdy1abkFxZk5tWDZ5c1BzV1g5bGpfNXVXMHczUk52WEtLZUNyazBVS3gyMFB1Vk1MZTl0U3ZkclJpNGctN0szbkFZNWJnSWZJcU1DSXl6WUdXUVUzc3NFcmNJZGZZd1hGbHZxc25kX0dsNWNoTVIzYklGZEZUc3FPa0ZacVRtMWpVSUYtbm9UQV96Nm8xSnJVRTdqeHc?oc=5,Membangun SDM Aceh Dengan Literasi Teknologi Melalui Pendidikan Coding - kumparan.com - Kumparan.com,news.google.com,extraction_failed,2026-08-31 23:32:40
https://news.google.com/rss/articles/CBMiugFBVV95cUxNZzFacndBZVBfYUxnUG5wRGJ3Unc4cENFVEV1cmw4RFN2WDFwc05SUnEyUDhCQTRfTE5BVS1IdzhMNXRPR3EtLWJYZklRbmo0WUpWUXNLRWEyTTJRYjhtSUVtd1RXYlRCLU5wcDBMOGl4V29nNVd2eUJZMnlVSU9VdWFqZGJOMEY0bjRtd0dFc3lXZEVVeUxkZGE4N1dEQzJRLW9kRDF2N0NBWGJRaFpxeUhMWGNXZDNEQUE?oc=5,https://news.google.com/rss/articles/CBMiugFBVV95cUxNZzFacndBZVBfYUxnUG5wRGJ3Unc4cENFVEV1cmw4RFN2WDFwc05SUnEyUDhCQTRfTE5BVS1IdzhMNXRPR3EtLWJYZklRbmo0WUpWUXNLRWEyTTJRYjhtSUVtd1RXYlRCLU5wcDBMOGl4V29nNVd2eUJZMnlVSU9VdWFqZGJOMEY0bjRtd0dFc3lXZEVVeUxkZGE4N1dEQzJRLW9kRDF2N0NBWGJRaFpxeUhMWGNXZDNEQUE?oc=5,Bank Aceh Syariah Cabang Lhokseumawe Bantu Wujudkan Impian Miliki Rumah dengan Program KPR Subsidi - nukilan.id,news.google.com,extraction_failed,2026-08-31 23:32:40
https://news.google.com/rss/articles/CBMijgFBVV95cUxPQUNna3hEbFUtUmUtQ01lOGtsT19ZTVJqUmh2ZG5mRjBjRjNfbUxWZWVLWHlfMVlJMUViN0xLUGtLdGE4MnktS1NwNGtaVXFCNVR1WXVxalpRUURZVGZZSzk3WE1DRVNsUWFEOGFBajEwaEpTQnFweVZnS2Z1LVhPVmxxMzZpdERqejd1Wm1R0gGLAUFVX3lxTFB4dk11Q2xLeUx2d205WDF0YjdQV0E3YUJHZUhYUFBUOTF1R3pSdW5Sdy13NEVtdnpRbEx0MUR2cE0wV2ljTzhralZGQlN6VElVTS1ZVEx6emZYcXZUVk9uUnVPb09MbXNiRFJiQ3lKaHFheEV3Tk12SFJUQk9JWU1HczgtSkhRWUxqenM?oc=5,https://news.google.com/rss/articles/CBMijgFBVV95cUxPQUNna3hEbFUtUmUtQ01lOGtsT19ZTVJqUmh2ZG5mRjBjRjNfbUxWZWVLWHlfMVlJMUViN0xLUGtLdGE4MnktS1NwNGtaVXFCNVR1WXVxalpRUURZVGZZSzk3WE1DRVNsUWFEOGFBajEwaEpTQnFweVZnS2Z1LVhPVmxxMzZpdERqejd1Wm1R0gGLAUFVX3lxTFB4dk11Q2xLeUx2d205WDF0YjdQV0E3YUJHZUhYUFBUOTF1R3pSdW5Sdy13NEVtdnpRbEx0MUR2cE0wV2ljTzhralZGQlN6VElVTS1ZVEx6emZYcXZUVk9uUnVPb09MbXNiRFJiQ3lKaHFheEV3Tk12SFJUQk9JWU1HczgtSkhRWUxqenM?oc=5,Developer Kecewa dengan Layanan Dinas PUPR Pidie - AJNN.net,news.google.com,extraction_failed,2026-08-31 23:32:40
https://news.google.com/rss/articles/CBMizAFBVV95cUxNSjV3bnVZR1ZqQmUyb3F6T2pLNXdOUUFUMTJrRjNvYWl4ZExUa1JQT0JBanpNUExINmdmQmg0dzh4UXUyOERnNWlsa0MtZ2N1YUdMVkkyQl9Mb01zQVd5RU93eVh2MXgyd29nVGlGSFpNLUdHakxsNVhVb2JpRXlRNDVlemdqUTdlMVFkY2x3ZVZYZUF3UG5QakJvZklqLWJUMGp0cUhkVXh2TDNkZ25QdVhJQVhUR0ZJbUV5LWE0cVdPNXMtbkhUNTN3aU4?oc=5,https://news.google.com/rss/articles/CBMizAFBVV95cUxNSjV3bnVZR1ZqQmUyb3F6T2pLNXdOUUFUMTJrRjNvYWl4ZExUa1JQT0JBanpNUExINmdmQmg0dzh4UXUyOERnNWlsa0MtZ2N1YUdMVkkyQl9Mb01zQVd5RU93eVh2MXgyd29nVGlGSFpNLUdHakxsNVhVb2JpRXlRNDVlemdqUTdlMVFkY2x3ZVZYZUF3UG5QakJvZklqLWJUMGp0cUhkVXh2TDNkZ25QdVhJQVhUR0ZJbUV5LWE0cVdPNXMtbkhUNTN3aU4?oc=5,"Wow! Ternyata 21 Persen Developer Game di Indonesia Perempuan, Gamer Wanita Sudah Setengah Pria - Serambinews.com",news.google.com,extraction_failed,2026-08-31 23:32:41
https://news.google.com/rss/articles/CBMilwFBVV95cUxPMFJHT2dXZTg2NEItcGVhUjlUMWxWbmNhY2tUT2Ntd05ZZGszSzhyNS1sMWwzYkxYN2FXQTdxRm83SzhKd1kyNmNfbEs1M1RnMlFqU0YzTl9qbzl4MVVIdkVTVHZ6OFR3b0JVNVZwMnJNZ09NeDludWhyLW5uZ2xlcWVZUWdsdDFiSzFnSkt2QWQ5UjlzUlpV0gGcAUFVX3lxTFBzTldxb1BzQVZFWkxTOFd2Vk9YYlo0U0liTnJyUG5oZEFjTDdseGstcDZxdUh5SnRDdUdHUGI0d1JzZTljQTlKaTdZLVBCQWI1ZzhvWVdwR0RQVTFjcXl3d3FtczFPU1JVYTNPZEQxSVBmc0tGTTRuUUU2MVY3SXpXRWNDOF91V1BwSUY0TUxtV2Z1N2Fmcm03THRyTA?oc=5,https://news.google.com/rss/articles/CBMilwFBVV95cUxPMFJHT2dXZTg2NEItcGVhUjlUMWxWbmNhY2tUT2Ntd05ZZGszSzhyNS1sMWwzYkxYN2FXQTdxRm83SzhKd1kyNmNfbEs1M1RnMlFqU0YzTl9qbzl4MVVIdkVTVHZ6OFR3b0JVNVZwMnJNZ09NeDludWhyLW5uZ2xlcWVZUWdsdDFiSzFnSkt2QWQ5UjlzUlpV0gGcAUFVX3lxTFBzTldxb1BzQVZFWkxTOFd2Vk9YYlo0U0liTnJyUG5oZEFjTDdseGstcDZxdUh5SnRDdUdHUGI0d1JzZTljQTlKaTdZLVBCQWI1ZzhvWVdwR0RQVTFjcXl3d3FtczFPU1JVYTNPZEQxSVBmc0tGTTRuUUU2MVY3SXpXRWNDOF91V1BwSUY0TUxtV2Z1N2Fmcm03THRyTA?oc=5,Zayvius Digital: Perjalanan Seorang Fullstack Developer dari Cianjur - Analisa Aceh,news.google.com,extraction_failed,2026-08-31 23:32:41
https://news.google.com/rss/articles/CBMirwFBVV95cUxPU3B5NnIzZzNBZTdSanhYelBqWnJUZzdJeWF2UmhocFlIOTlhUTZfWWF2YkZydVl2OW9KcE1ONnUtQXFJMGZRaHkycElCazRkVWRaSTZwZi1IdXBpVHNUMTJKQ3Y3MDFGX2ozLXJ4S0xja2tlVFpqSG9hOUFFWElyQmdtV0Fyb25rRl9Nc3U1YzFfcWJLU3JnS19WSHIyZzVfclVVMjhaZE5uNXNzLV8w0gG3AUFVX3lxTE9hTE9WUDQwTGtaX2UzOU9WMzg4Y2FnRlA1QnpFcFp0QUk2Y3UwOXQzUi1CQktuMklwRjJRWXlmNm03bU1BTmVwQklrNkgxVzIzSkRyWG1MQmQwVXQ3eEdXVzhMc0RlVmcwR0hwVWhfX2V6YXBkTXc4UzE4VnFpXzBZOU9QTXJvbTNJb0FFV0lFNXFsTG1HWlFPVFNpeFIyU0RpN0pQVktDWkNGdjJ1MHhoaWtyWXk4MA?oc=5,https://news.google.com/rss/articles/CBMirwFBVV95cUxPU3B5NnIzZzNBZTdSanhYelBqWnJUZzdJeWF2UmhocFlIOTlhUTZfWWF2YkZydVl2OW9KcE1ONnUtQXFJMGZRaHkycElCazRkVWRaSTZwZi1IdXBpVHNUMTJKQ3Y3MDFGX2ozLXJ4S0xja2tlVFpqSG9hOUFFWElyQmdtV0Fyb25rRl9Nc3U1YzFfcWJLU3JnS19WSHIyZzVfclVVMjhaZE5uNXNzLV8w0gG3AUFVX3lxTE9hTE9WUDQwTGtaX2UzOU9WMzg4Y2FnRlA1QnpFcFp0QUk2Y3UwOXQzUi1CQktuMklwRjJRWXlmNm03bU1BTmVwQklrNkgxVzIzSkRyWG1MQmQwVXQ3eEdXVzhMc0RlVmcwR0hwVWhfX2V6YXBkTXc4UzE4VnFpXzBZOU9QTXJvbTNJb0FFV0lFNXFsTG1HWlFPVFNpeFIyU0RpN0pQVktDWkNGdjJ1MHhoaWtyWXk4MA?oc=5,Bioskop Alternatif Versi Anak Muda Aceh: Keliling Kampung Putar Lakon - kumparan.com - Kumparan.com,news.google.com,extraction_failed,2026-08-31 23:32:41
https://news.google.com/rss/articles/CBMiqAFBVV95cUxNUlpkTHQ3amMzQU11bjU5R2FhT3Y3SXFCMG1LcGRYd3U2TmNBLV85UDRZNVVDM2NvUGowbW42cFRid2hMaUJSbEExV0E2NTdhNnh0XzlFNE5RbzVrbjhQRUtPbUVFU1A3RmpXZ2U0Wk1QQk9tZVBwMkZnNFljWVlwV2ZsQmkyekZzWVl1X29uRmwtVEpHRWZ2MnNzS05HR0ZkdmNMbXU2cGnSAbABQVVfeXFMTmxsVkp0Y0t0dWE1LTVSX0pjM0YyRklJYnMxemh5WS1TNkk2a3dyYlhHQnQzZEVuSU1SbnpwWWpyNE42ZmtPZVcyb3o4UGh2bjNjcE5KbExRaVZ0dmhlLXYxUHFTZmpYNUg5VFllT0hHdFFaYmd3ZEF6a0w3Z2NsMlpZWTdXblNLUlRIU1Yxc1BzZ2ZQdUxZM1VyakI4RGZzbXg4WldKZ1d6elAtMzd1YU8?oc=5,https://news.google.com/rss/articles/CBMiqAFBVV95cUxNUlpkTHQ3amMzQU11bjU5R2FhT3Y3SXFCMG1LcGRYd3U2TmNBLV85UDRZNVVDM2NvUGowbW42cFRid2hMaUJSbEExV0E2NTdhNnh0XzlFNE5RbzVrbjhQRUtPbUVFU1A3RmpXZ2U0Wk1QQk9tZVBwMkZnNFljWVlwV2ZsQmkyekZzWVl1X29uRmwtVEpHRWZ2MnNzS05HR0ZkdmNMbXU2cGnSAbABQVVfeXFMTmxsVkp0Y0t0dWE1LTVSX0pjM0YyRklJYnMxemh5WS1TNkk2a3dyYlhHQnQzZEVuSU1SbnpwWWpyNE42ZmtPZVcyb3o4UGh2bjNjcE5KbExRaVZ0dmhlLXYxUHFTZmpYNUg5VFllT0hHdFFaYmd3ZEF6a0w3Z2NsMlpZWTdXblNLUlRIU1Yxc1BzZ2ZQdUxZM1VyakI4RGZzbXg4WldKZ1d6elAtMzd1YU8?oc=5,Artee Property: Developer Hunian Modern dan Berkualitas di Kota Medan - kumparan.com - Kumparan.com,news.google.com,extraction_failed,2026-08-31 23:32:41
https://news.google.com/rss/articles/CBMirAFBVV95cUxQbWZaSDdYQ3RfaGxyNDJWamVNekxKR0VCOWl0NzFIdmZDODd2bzI0eU5yNUtNOG9QQ3loZ0kwNmZMaFl1WHBWcnQ0YlplYlFHMFpWVnN4ZFZfUUZtS0w1U01zcEQ1cVo4bm1RUkRJQWJNMUY1dWZXVFViOXNwVzZiRGQyMzNqNldDRnpWOTRPc05JNUhZZW5EWm1PR0JOeERveVIwX0o0TnBHVElo?oc=5,https://news.google.com/rss/articles/CBMirAFBVV95cUxQbWZaSDdYQ3RfaGxyNDJWamVNekxKR0VCOWl0NzFIdmZDODd2bzI0eU5yNUtNOG9QQ3loZ0kwNmZMaFl1WHBWcnQ0YlplYlFHMFpWVnN4ZFZfUUZtS0w1U01zcEQ1cVo4bm1RUkRJQWJNMUY1dWZXVFViOXNwVzZiRGQyMzNqNldDRnpWOTRPc05JNUhZZW5EWm1PR0JOeERveVIwX0o0TnBHVElo?oc=5,"Dukung Kemajuan Pendidikan, BNI Sekuritas Bekali Guru Ilmu Coding dan AI - KalderaNews",news.google.com,extraction_failed,2026-08-31 23:32:41
https://news.google.com/rss/articles/CBMiqgFBVV95cUxNQWNZLS0yb1lmaEU3MFFWVGt3U0ZhZjhiRWFCdUdITURmUmQ0NEI3bEdCNEdjVThLRWJ5ZTlxSjIxRXpic0F0aHYwa1pCclg3ZTRLRGNRODlVNUppMnctekhWWGV0Um1NT1BpTndsU21FRnN4TFo4amJoTTRCNmFiajRoZW9tZE1EM3JKTWdYc29rN3J1clpQTU1NWFBaN01HM2NRVVU1eHEtQQ?oc=5,https://news.google.com/rss/articles/CBMiqgFBVV95cUxNQWNZLS0yb1lmaEU3MFFWVGt3U0ZhZjhiRWFCdUdITURmUmQ0NEI3bEdCNEdjVThLRWJ5ZTlxSjIxRXpic0F0aHYwa1pCclg3ZTRLRGNRODlVNUppMnctekhWWGV0Um1NT1BpTndsU21FRnN4TFo4amJoTTRCNmFiajRoZW9tZE1EM3JKTWdYc29rN3J1clpQTU1NWFBaN01HM2NRVVU1eHEtQQ?oc=5,Ketua APERSI Aceh : Ketersediaan Lahan untuk Perumahan Semakin Sulit - Kontras Aceh,news.google.com,extraction_failed,2026-08-31 23:32:42
https://news.google.com/rss/articles/CBMivgFBVV95cUxNTVJ0TWk2MjhpWUFyRms4U2tLenBqcTlDT1B6QXpRbjUtWUM5ejFDV0drZkVfSC1pdWg1b3I0dDRTWHZTV005emMyLVdaSW1yczAtUExZX1VmcVBvWl9YcENGRWJMMThIdVpqNDVnaXF4SkUzemQ4aHliYWtNaENqdkE4OFhiTWR5VjN4S1gxcW9LLXZTSXUzQVJmSVZxQWRweUFhbFF1NjJ1UGV1Vm95ZEVxVDdiUUdhY1lrWUxB?oc=5,https://news.google.com/rss/articles/CBMivgFBVV95cUxNTVJ0TWk2MjhpWUFyRms4U2tLenBqcTlDT1B6QXpRbjUtWUM5ejFDV0drZkVfSC1pdWg1b3I0dDRTWHZTV005emMyLVdaSW1yczAtUExZX1VmcVBvWl9YcENGRWJMMThIdVpqNDVnaXF4SkUzemQ4aHliYWtNaENqdkE4OFhiTWR5VjN4S1gxcW9LLXZTSXUzQVJmSVZxQWRweUFhbFF1NjJ1UGV1Vm95ZEVxVDdiUUdhY1lrWUxB?oc=5,Indonesia Negara Pertama di Asia yang Kolaborasi dengan Leva Foundation - Medcom.id,news.google.com,extraction_failed,2026-08-31 23:32:42
https://news.google.com/rss/articles/CBMioAFBVV95cUxQUXNfYm9UMFhNV21vUTlGWjF6UzMybVludnNVWUFMT3BFbENVVEZwWEllQU0yZDBuOU95NldBNUZ1LXp4SEZkZWxTUWNLc2Vpc2hvSWw5LU54LTNaUDdXa0FpTnJicHFFWDh1NjZYQ3d6WW5ISXN0bnNXeHN0S1UxVlNud19kQTFHRnpqQUoxTVU0NEJyT2pESWRQSGdDLXpP0gGoAUFVX3lxTFAxZ25JaW03WkFKUWdObXJoQVB2bnNTc0R2aXBseHZhR09fUFZtNXBUSHVyOW1mUmZyRXlzNFBmNktMNHdOcXJxNkZOUHNtNVd6Rnl2SlhsejlIZDU5R0pHdU9kZDNPMVpweFpxS21sZUJlZXJGQmktSGtRdUs0TlNnSjEyMEJzamZjd0pySnhiWDNxVGRGTUpNTmc5bzdFTzNuUDc4Xy1TcQ?oc=5,https://news.google.com/rss/articles/CBMioAFBVV95cUxQUXNfYm9UMFhNV21vUTlGWjF6UzMybVludnNVWUFMT3BFbENVVEZwWEllQU0yZDBuOU95NldBNUZ1LXp4SEZkZWxTUWNLc2Vpc2hvSWw5LU54LTNaUDdXa0FpTnJicHFFWDh1NjZYQ3d6WW5ISXN0bnNXeHN0S1UxVlNud19kQTFHRnpqQUoxTVU0NEJyT2pESWRQSGdDLXpP0gGoAUFVX3lxTFAxZ25JaW03WkFKUWdObXJoQVB2bnNTc0R2aXBseHZhR09fUFZtNXBUSHVyOW1mUmZyRXlzNFBmNktMNHdOcXJxNkZOUHNtNVd6Rnl2SlhsejlIZDU5R0pHdU9kZDNPMVpweFpxS21sZUJlZXJGQmktSGtRdUs0TlNnSjEyMEJzamZjd0pySnhiWDNxVGRGTUpNTmc5bzdFTzNuUDc4Xy1TcQ?oc=5,Memaknai Hikayat Aceh dari Sebuah Film Dokumenter - kumparan.com - Kumparan.com,news.google.com,extraction_failed,2026-08-31 23:32:42
https://news.google.com/rss/articles/CBMiowFBVV95cUxNWEJEYlJ1MURSRXpwZml3S25LeFI5SXVTd3FQTVpxcFBTYkFvR0U5cEF5dWNZaGQxbFVuWnFnMDNuNUw4cmsxRGE3bnlrYnlKLWZZaUl5U3lFMV9qTHloTjJMVDZES0g3Mk16Qm1UZ2tfeG1tWXhCcHlGYmV4MHExLXZ2aTgzZEt6S3Vqc3JFZThocE1zTk5uYnNtTU1BNlNVZjVZ?oc=5,https://news.google.com/rss/articles/CBMiowFBVV95cUxNWEJEYlJ1MURSRXpwZml3S25LeFI5SXVTd3FQTVpxcFBTYkFvR0U5cEF5dWNZaGQxbFVuWnFnMDNuNUw4cmsxRGE3bnlrYnlKLWZZaUl5U3lFMV9qTHloTjJMVDZES0g3Mk16Qm1UZ2tfeG1tWXhCcHlGYmV4MHExLXZ2aTgzZEt6S3Vqc3JFZThocE1zTk5uYnNtTU1BNlNVZjVZ?oc=5,"Diskominfo dan Sandi Prov. Aceh Buka Dua Lowongan Kerja, Gajinya Sampai 6 Juta - krusial.com",news.google.com,extraction_failed,2026-08-31 23:32:43
https://news.google.com/rss/articles/CBMiswFBVV95cUxPaDN6WldfU0JmR2hrOVJzOXBvXzFPMko5MmpWY3VkTFFjY1d5N1FQZ1JVVm0yZjlUUHdWdHRFOFdwb1ZrX0ZrQ2FwQjU1Y0VQb3hRUzlFOFJ1aFdFbnY2MTFyMU9vQ3JRaVcwTU1xYkhfeDFGaGV5Z2hKVlJHQXVPS3BjQjM1dGkwZzlLM1Z1cDhYOG9pNVZwYkFqX3B5QWtmS2hIRnhlYm9HNWlWSGdEYjRUdw?oc=5,https://news.google.com/rss/articles/CBMiswFBVV95cUxPaDN6WldfU0JmR2hrOVJzOXBvXzFPMko5MmpWY3VkTFFjY1d5N1FQZ1JVVm0yZjlUUHdWdHRFOFdwb1ZrX0ZrQ2FwQjU1Y0VQb3hRUzlFOFJ1aFdFbnY2MTFyMU9vQ3JRaVcwTU1xYkhfeDFGaGV5Z2hKVlJHQXVPS3BjQjM1dGkwZzlLM1Z1cDhYOG9pNVZwYkFqX3B5QWtmS2hIRnhlYm9HNWlWSGdEYjRUdw?oc=5,"10 Cara Menghemat Baterai Smartphone Android, Terbukti Awet Seharian - Halaman 2 - Serambinews.com",news.google.com,extraction_failed,2026-08-31 23:32:43
https://news.google.com/rss/articles/CBMilgFBVV95cUxOdkJNRklrZzFNc3l0OVdSMUQ4cmxveW1sV2JyaVpLTzJDejZaZUhGN2pQb1RNbUJpdndXX3FSNVcwT1lTcDlSOW9CWmpvNHlPZDVoaFZES2Vnck0wejV1TnlQRmlKYzlQb2hsaTVncUNDTnpENWd0VVp6SHZZemgtZ0FCdTYzMXN1aUkwcXRETDNQeFVZaUE?oc=5,https://news.google.com/rss/articles/CBMilgFBVV95cUxOdkJNRklrZzFNc3l0OVdSMUQ4cmxveW1sV2JyaVpLTzJDejZaZUhGN2pQb1RNbUJpdndXX3FSNVcwT1lTcDlSOW9CWmpvNHlPZDVoaFZES2Vnck0wejV1TnlQRmlKYzlQb2hsaTVncUNDTnpENWd0VVp6SHZZemgtZ0FCdTYzMXN1aUkwcXRETDNQeFVZaUE?oc=5,Game Termahal Steam Ini Harganya Tembus Rp17 Juta - RRI.co.id,news.google.com,extraction_failed,2026-08-31 23:32:43
https://news.google.com/rss/articles/CBMi4gFBVV95cUxNWVp4ajNvbkFUSHNlZDkyaEplS29lbm9FOEROWFRWRURObUZzeGtzQWZFc24tcFBlenA0RVNfczVGbHhMZ0VxdzJvZWM3cTUyNnZoeU1CY1ZBY1dDcXVBOXlvMkprT2g1ZlZqcHVKTnFsUjU0WXJrUm5xMTRMRlRPSEd5Tld2OFZhZHI1ZUU3Sy1VcXNTalVjclV2dlVISEE5VFE4cDFkc1RkV3poRkxqTEZVQVFaTl9EemNWN0FReG93c1EzdEpUMkp0Y2N0NDliVnJ4b2hqTHRxenN0M3J2T3hn?oc=5,https://news.google.com/rss/articles/CBMi4gFBVV95cUxNWVp4ajNvbkFUSHNlZDkyaEplS29lbm9FOEROWFRWRURObUZzeGtzQWZFc24tcFBlenA0RVNfczVGbHhMZ0VxdzJvZWM3cTUyNnZoeU1CY1ZBY1dDcXVBOXlvMkprT2g1ZlZqcHVKTnFsUjU0WXJrUm5xMTRMRlRPSEd5Tld2OFZhZHI1ZUU3Sy1VcXNTalVjclV2dlVISEE5VFE4cDFkc1RkV3poRkxqTEZVQVFaTl9EemNWN0FReG93c1EzdEpUMkp0Y2N0NDliVnJ4b2hqTHRxenN0M3J2T3hn?oc=5,"BP Tapera dan Bank Aceh Syariah Pantau 92 Rumah FLPP, 100% Siap Huni, 100% Dihuni, Raih Bintang 5 dari Hasil MBR Rating - BP Tapera",news.google.com,extraction_failed,2026-08-31 23:32:43
https://news.google.com/rss/articles/CBMinwFBVV95cUxPRzV5UmVWVVVRZkhteF9tTkExeE03ZDhtQ3BxUUp4ZEJOQVgzQ0ZwUE11cHMwaFBaNE1KNHF2V2hvcEY3QWJLZDZwdkEzRUpkX3MwZWRfWDZuUzlNM2p4S1psRnEzQ2s2ZHM1TzUwbklaZUpKYVc5N2dCang2Wm5ndUZqUWo5bU9uUzRWWDBQb0piaW54end1SFM4bVBveTA?oc=5,https://news.google.com/rss/articles/CBMinwFBVV95cUxPRzV5UmVWVVVRZkhteF9tTkExeE03ZDhtQ3BxUUp4ZEJOQVgzQ0ZwUE11cHMwaFBaNE1KNHF2V2hvcEY3QWJLZDZwdkEzRUpkX3MwZWRfWDZuUzlNM2p4S1psRnEzQ2s2ZHM1TzUwbklaZUpKYVc5N2dCang2Wm5ndUZqUWo5bU9uUzRWWDBQb0piaW54end1SFM4bVBveTA?oc=5,Ini Sembilan Skema Profesi yang Bisa Diuji di LSP UIN Ar-Raniry - Kementerian Agama,news.google.com,extraction_failed,2026-08-31 23:32:43
https://news.google.com/rss/articles/CBMisgFBVV95cUxOZzFMVUQyNkswbHJVMm1Fbnhna01uejRmaWxsVGE5UkdyMDdzalQyLWxMZGh1ekNyUy13UHBhMnJDNWRZTGVOa2xVcUlHZTNqcDR0TXdFTlQ0MHg4UGtJTVRFUmJpNEQ5Ykk2RE8zVHliRzhncjJob0xBQnUzb0FURWFmSVd1M0I5NzRPZkFoUEk4czFkakJpdmNIZzZ2SXlLcHo4V3ZjNlgtbURMZjU2TVNn0gG0AUFVX3lxTE9mS281YmF4MG1DZFBRRTFNUzFYTUxlekdWb0xfb3VpSENiTlhfakk3SnFRV3ZkNVFkSmMwODZNdUJxMS14TDd6eDFTT0M2NEQtc2ZmanVudlNvTXBDUmRpd0p4Y1BTM0JkVWhNbDEySl9aWE1salV4QzhiQnFsdDZIdXl0ei14bHlrVjFyQjlYNk1DcklvdzlIR1FKNDVFVm92Qk42UlNDWXJwczZTWHpBSHR2cw?oc=5,https://news.google.com/rss/articles/CBMisgFBVV95cUxOZzFMVUQyNkswbHJVMm1Fbnhna01uejRmaWxsVGE5UkdyMDdzalQyLWxMZGh1ekNyUy13UHBhMnJDNWRZTGVOa2xVcUlHZTNqcDR0TXdFTlQ0MHg4UGtJTVRFUmJpNEQ5Ykk2RE8zVHliRzhncjJob0xBQnUzb0FURWFmSVd1M0I5NzRPZkFoUEk4czFkakJpdmNIZzZ2SXlLcHo4V3ZjNlgtbURMZjU2TVNn0gG0AUFVX3lxTE9mS281YmF4MG1DZFBRRTFNUzFYTUxlekdWb0xfb3VpSENiTlhfakk3SnFRV3ZkNVFkSmMwODZNdUJxMS14TDd6eDFTT0M2NEQtc2ZmanVudlNvTXBDUmRpd0p4Y1BTM0JkVWhNbDEySl9aWE1salV4QzhiQnFsdDZIdXl0ei14bHlrVjFyQjlYNk1DcklvdzlIR1FKNDVFVm92Qk42UlNDWXJwczZTWHpBSHR2cw?oc=5,"Fokus Dorong Ekosistem Perumahan Syariah, BSN Jadikan Developer Mitra Kunci Pertumbuhan - JPNN.com",news.google.com,extraction_failed,2026-08-31 23:32:44
https://news.google.com/rss/articles/CBMitAFBVV95cUxOSmEzVTd5b2doYXRxUllmMlFKa0IyYzFpZHBpdXlTbkllWko1R1N6SkpXN3p6M01HSWV0ekhWRk1GeFJRaFhHQWhVX3VnZkZrbnE5WnBHbVJubVg3ZG1heVRXY1FPbXdfLTBDWXVhU2k4bERRUzlVZ1NiM0ZkZFl6cHNBVnNzMzFVVUZTT0p1Z3pfWEYyNWxzVHBET0R1THRkQkRTTUFZT2RrNUhEOGNtMEJfMUs?oc=5,https://news.google.com/rss/articles/CBMitAFBVV95cUxOSmEzVTd5b2doYXRxUllmMlFKa0IyYzFpZHBpdXlTbkllWko1R1N6SkpXN3p6M01HSWV0ekhWRk1GeFJRaFhHQWhVX3VnZkZrbnE5WnBHbVJubVg3ZG1heVRXY1FPbXdfLTBDWXVhU2k4bERRUzlVZ1NiM0ZkZFl6cHNBVnNzMzFVVUZTT0p1Z3pfWEYyNWxzVHBET0R1THRkQkRTTUFZT2RrNUhEOGNtMEJfMUs?oc=5,"LSP UIN Ar-Raniry Kantongi Lisensi BNSP, Siap Uji Kompetensi 9 Skema Profesi - Warta Ar-Raniry",news.google.com,extraction_failed,2026-08-31 23:32:44
https://news.google.com/rss/articles/CBMiqAFBVV95cUxPdnlITnZ5aTFUX084c2FlYjRNbmFDT1N6TVRZbVR5NkprcERlS1o3WlZPU1NTMUhybl92c21jaXNDSF8tR19NTUFGSExwSS0zVWRmSkhpS1p4b3ZBc3czb1BraklvNkRvWmFmOFBaMDBZQnoxT2QzMlZiUGR1WUJOdkdnZzBUMkRaNzM0NkJPZW9QcktBYXp2QlZVRTluNVBnRWVDSU5pQljSAa4BQVVfeXFMTjJQeWVlYXlNNFU3NE83MVlMU2M2OWswcm9LSU9wWTJfWTdoYUlzNmFQWlFIX2cyeExwemJUdVNMNmxiQldjTHlmcFFBd0h0cllRRVlZQ016NFhnV3pKcEZrY0V4NzUwX09TMUs2V05Gclo1U09udGVJTmdKZDRqZU5vSmNGb0RtNXN0dGxHb0xscTRIcldLY3F0WnluTk01NmtSUkxoWDZ2b0dhZDV3?oc=5,https://news.google.com/rss/articles/CBMiqAFBVV95cUxPdnlITnZ5aTFUX084c2FlYjRNbmFDT1N6TVRZbVR5NkprcERlS1o3WlZPU1NTMUhybl92c21jaXNDSF8tR19NTUFGSExwSS0zVWRmSkhpS1p4b3ZBc3czb1BraklvNkRvWmFmOFBaMDBZQnoxT2QzMlZiUGR1WUJOdkdnZzBUMkRaNzM0NkJPZW9QcktBYXp2QlZVRTluNVBnRWVDSU5pQljSAa4BQVVfeXFMTjJQeWVlYXlNNFU3NE83MVlMU2M2OWswcm9LSU9wWTJfWTdoYUlzNmFQWlFIX2cyeExwemJUdVNMNmxiQldjTHlmcFFBd0h0cllRRVlZQ016NFhnV3pKcEZrY0V4NzUwX09TMUs2V05Gclo1U09udGVJTmdKZDRqZU5vSmNGb0RtNXN0dGxHb0xscTRIcldLY3F0WnluTk01NmtSUkxoWDZ2b0dhZDV3?oc=5,"PPKM Mikro Diperketat, Warkop di Banda Aceh Wajib Tutup Jam 5 Sore - detikNews",news.google.com,extraction_failed,2026-08-31 23:32:44
https://news.google.com/rss/articles/CBMiogFBVV95cUxPdFEzcnl2Y2ZHUlpmQXlfYWlQckVVNjVwNm5fNkZ2MnFzaGRGVGtUMUxTaFJZcmpFcFdTRE56cWZCYzZEYnh1czdETUwzYURuT1NZMkp6UmN3clFqX2pReDdMMDl3eVU5OURFM2hJMGliNUJ4N2dOZ21YVktweWFBQmxaZlA2REFnSkJmcUxuNWZMSkJQQi1IQXBFakM3OFNzX2fSAaQBQVVfeXFMTjZSZFRodUZGc2xIX1Uxby1OT0lGbFJ2MTNYZkFXekVuTzgxdkVfX05ndG5JZ0FTenV0ajU5dXVKUTVFeFBxSkFGMFZacldmbGZKS3JkbHlkYkpMVUY3TGdzTUFrNVU2UF9CSEFudVFCcVdacW9TdERUY1pTc2NaOGhQOUdlQThmeVlUOTRoWmstOXBDOXZqOUlXVjUxTExCdDM1ODA?oc=5,https://news.google.com/rss/articles/CBMiogFBVV95cUxPdFEzcnl2Y2ZHUlpmQXlfYWlQckVVNjVwNm5fNkZ2MnFzaGRGVGtUMUxTaFJZcmpFcFdTRE56cWZCYzZEYnh1czdETUwzYURuT1NZMkp6UmN3clFqX2pReDdMMDl3eVU5OURFM2hJMGliNUJ4N2dOZ21YVktweWFBQmxaZlA2REFnSkJmcUxuNWZMSkJQQi1IQXBFakM3OFNzX2fSAaQBQVVfeXFMTjZSZFRodUZGc2xIX1Uxby1OT0lGbFJ2MTNYZkFXekVuTzgxdkVfX05ndG5JZ0FTenV0ajU5dXVKUTVFeFBxSkFGMFZacldmbGZKS3JkbHlkYkpMVUY3TGdzTUFrNVU2UF9CSEFudVFCcVdacW9TdERUY1pTc2NaOGhQOUdlQThmeVlUOTRoWmstOXBDOXZqOUlXVjUxTExCdDM1ODA?oc=5,Expo Property Bank Aceh mendukung program perumahan rakyat - ANTARA News,news.google.com,extraction_failed,2026-08-31 23:32:44
https://news.google.com/rss/articles/CBMirAFBVV95cUxPeU1iVE5ONTdfb2xPM19Nay1fOVZRX1Vqb1RyQk1YdUQtcF8ydUlTUkFQQlA5RC1lRWVvY09EdmVBWjlkZi1udVZqb3MtUmRCaFBhMzlqdlh6VnEtaXhiUXVILUxIQWpkRTg5LUVEYnRlb3dFd3hYZFFzSWZWZzNRa0JoZnFva2JjZXZmSE41OGdnVjVzQnpleUxxeU9seUtNcjZ1ME51X0lBNHd00gGyAUFVX3lxTE8xbjVqWGVmeTcxM1FxeE9ZTktJZHEzTERmSjhBdVduZzIxM3B3bmxwZ2VRTVhFNzg2c0NCSWlrY0wyMjIyREg2OGgwM0RtcXBKQWpFb3dDT0ZuWGpwR1JFLXlsV3ZrbDdQOHM1X2I3akMzdXJ5ZW54T2tSenhSM3FYV3FHT21qWHpud2FmQ0x3aGpGWjVjZWFCX2FQTldxWTVpeS1GYmxWT0h6TWtTZlNaalE?oc=5,https://news.google.com/rss/articles/CBMirAFBVV95cUxPeU1iVE5ONTdfb2xPM19Nay1fOVZRX1Vqb1RyQk1YdUQtcF8ydUlTUkFQQlA5RC1lRWVvY09EdmVBWjlkZi1udVZqb3MtUmRCaFBhMzlqdlh6VnEtaXhiUXVILUxIQWpkRTg5LUVEYnRlb3dFd3hYZFFzSWZWZzNRa0JoZnFva2JjZXZmSE41OGdnVjVzQnpleUxxeU9seUtNcjZ1ME51X0lBNHd00gGyAUFVX3lxTE8xbjVqWGVmeTcxM1FxeE9ZTktJZHEzTERmSjhBdVduZzIxM3B3bmxwZ2VRTVhFNzg2c0NCSWlrY0wyMjIyREg2OGgwM0RtcXBKQWpFb3dDT0ZuWGpwR1JFLXlsV3ZrbDdQOHM1X2I3akMzdXJ5ZW54T2tSenhSM3FYV3FHT21qWHpud2FmQ0x3aGpGWjVjZWFCX2FQTldxWTVpeS1GYmxWT0h6TWtTZlNaalE?oc=5,"Lewat Danantara Housing Expo, BSI optimistis jangkau banyak nasabah - ANTARA News Aceh",news.google.com,extraction_failed,2026-08-31 23:32:45
https://news.google.com/rss/articles/CBMif0FVX3lxTE1TeldSeDQzUXEwZlVQWDE1X0dxTlhTcGdHUTRhVF95VldIQzFKSV9FREhqM3hJbWtqVlo3SHpzdWQwLWViWk14Qkg0UzBZc24yb3lRS1BudFVoX2ljZC1DcUhLV3l2NXJGME01cUx4Q1NwT1QyZnc0eFZCdTNRUkk?oc=5,https://news.google.com/rss/articles/CBMif0FVX3lxTE1TeldSeDQzUXEwZlVQWDE1X0dxTlhTcGdHUTRhVF95VldIQzFKSV9FREhqM3hJbWtqVlo3SHpzdWQwLWViWk14Qkg0UzBZc24yb3lRS1BudFVoX2ljZC1DcUhLV3l2NXJGME01cUx4Q1NwT1QyZnc0eFZCdTNRUkk?oc=5,Dua Atlet Esport Asal Aceh Ikut SEA Games Kamboja - Acehinfo,news.google.com,extraction_failed,2026-08-31 23:32:45
https://news.google.com/rss/articles/CBMi9AFBVV95cUxPUFJRUTYxU1JMNW5VX1hmbnFMQXdWbTNoMC1oUmlQMVJHWVFuQUpEYWVpQnNVSUdCVkJHemVVSWRSSzBzUG5sM1N3NXFPSTBIS1ZEakpVNVZiWExHbDBObldiVmRveEw0ZFo0UzlyT2UxYUlGNjJBdl9SdGJVU1ItTV9kTDR2WnNjWHBiVEcwQVJ4NjJnUzMyRnV0eHhCZ0FtQm1ZRlZEcnlnZjBQeU02YXdpRUZVUVNTUkkwWGQwOWdXcVItb3I0ZGJiOVNYS2dFTTlkV29Vb3hXN1NENU5rTWJzM1BOVk1FVjZRNWQtcmEwVXBZ?oc=5,https://news.google.com/rss/articles/CBMi9AFBVV95cUxPUFJRUTYxU1JMNW5VX1hmbnFMQXdWbTNoMC1oUmlQMVJHWVFuQUpEYWVpQnNVSUdCVkJHemVVSWRSSzBzUG5sM1N3NXFPSTBIS1ZEakpVNVZiWExHbDBObldiVmRveEw0ZFo0UzlyT2UxYUlGNjJBdl9SdGJVU1ItTV9kTDR2WnNjWHBiVEcwQVJ4NjJnUzMyRnV0eHhCZ0FtQm1ZRlZEcnlnZjBQeU02YXdpRUZVUVNTUkkwWGQwOWdXcVItb3I0ZGJiOVNYS2dFTTlkV29Vb3hXN1NENU5rTWJzM1BOVk1FVjZRNWQtcmEwVXBZ?oc=5,"BP Tapera dan BSN Aceh Pantau 108 Rumah FLPP, Tingkat Keterhunian 100%, REI Aceh Komitmen Bangun Rumah Layak dan Siap Huni bagi MBR - BP Tapera",news.google.com,extraction_failed,2026-08-31 23:32:45
https://news.google.com/rss/articles/CBMimgFBVV95cUxQaFRsMnRsOXRQWG82NHhfREw5eVBxWVVkenRIYkZkenZwT1NtVjRZTDVaWVRrSnNEeEFON09nd1VjU0t3UjZYeUM0dVQyampEVHBpTm5hbVUxa19fMWNFRUpyOHgxdFRBOTV0Y3ByUHZBWGl3LXJXZWN4SktJdW1CNDRBVk5YN2ZKTTMwZ1BYeTZ3ejByS3lmZDZB0gGfAUFVX3lxTE1hMnpiQnI5SWpWSDJjN2p5b3R6VUhfQXY3eWxxcTVFS2pjUV8zSVBWcDhkUHJHX29zVWx6dmFiV2JhMURxaTdJV19CRk1nTFp2NDdVSGItcldDSHlNV3pOY1hKZl9BeG5udEV1Qi1zczZLcF9ReHR6TTg3SkUwNGRWNlFnX3MyNFFLbjBlZzVYaEZEMW05Tjc2cFBhMVlJNA?oc=5,https://news.google.com/rss/articles/CBMimgFBVV95cUxQaFRsMnRsOXRQWG82NHhfREw5eVBxWVVkenRIYkZkenZwT1NtVjRZTDVaWVRrSnNEeEFON09nd1VjU0t3UjZYeUM0dVQyampEVHBpTm5hbVUxa19fMWNFRUpyOHgxdFRBOTV0Y3ByUHZBWGl3LXJXZWN4SktJdW1CNDRBVk5YN2ZKTTMwZ1BYeTZ3ejByS3lmZDZB0gGfAUFVX3lxTE1hMnpiQnI5SWpWSDJjN2p5b3R6VUhfQXY3eWxxcTVFS2pjUV8zSVBWcDhkUHJHX29zVWx6dmFiV2JhMURxaTdJV19CRk1nTFp2NDdVSGItcldDSHlNV3pOY1hKZl9BeG5udEV1Qi1zczZLcF9ReHR6TTg3SkUwNGRWNlFnX3MyNFFLbjBlZzVYaEZEMW05Tjc2cFBhMVlJNA?oc=5,Polisi Tahan Tersangka Penipuan Rumah Kredit di Banda Aceh - Pikiran Merdeka,news.google.com,extraction_failed,2026-08-31 23:32:45
https://news.google.com/rss/articles/CBMiowFBVV95cUxQRlRtd2VNc3FBMUJtN0NpSWJIdENjMVdyc1hDeUJVMzVzUTZ0RERaUy14N2RPSGVROGJRdHVzczE2SUNTNkJ4elBIMG1WaUdMN3lBVlRtMWVGVWt0dzdybUFtbW8xWHprc05pdmpUQ0tBWjZSZ2JGRUxKZURaYkVoc0ptYWlRem1SaFN4Ymk3SXdqTW8xQThuZDFldlBQZGZVY1pn0gGoAUFVX3lxTE5pNEFxQ0lIRFE4OHNibFY1amYyM0x2ZmhSSFhZVmc1eHZjSzEwcFVwbUlvLWFkRXpHT1JlUG5BN1VicnNXWUcwbnI4NTMwVmdwMkdfSWtxUl82NGtYaVRTejVOTUdETTd5ckZZbGwxNnlndFk3RjNubXFMN0xTSlZQbHRPOVpPRkZSNDVHSnJZSmd0WU1UWnl3c2N2MUljRmt4V1NqdEs3YQ?oc=5,https://news.google.com/rss/articles/CBMiowFBVV95cUxQRlRtd2VNc3FBMUJtN0NpSWJIdENjMVdyc1hDeUJVMzVzUTZ0RERaUy14N2RPSGVROGJRdHVzczE2SUNTNkJ4elBIMG1WaUdMN3lBVlRtMWVGVWt0dzdybUFtbW8xWHprc05pdmpUQ0tBWjZSZ2JGRUxKZURaYkVoc0ptYWlRem1SaFN4Ymk3SXdqTW8xQThuZDFldlBQZGZVY1pn0gGoAUFVX3lxTE5pNEFxQ0lIRFE4OHNibFY1amYyM0x2ZmhSSFhZVmc1eHZjSzEwcFVwbUlvLWFkRXpHT1JlUG5BN1VicnNXWUcwbnI4NTMwVmdwMkdfSWtxUl82NGtYaVRTejVOTUdETTd5ckZZbGwxNnlndFk3RjNubXFMN0xTSlZQbHRPOVpPRkZSNDVHSnJZSmd0WU1UWnl3c2N2MUljRmt4V1NqdEs3YQ?oc=5,Bukopin konversi Rp300 miliar DPK ke sistem syariah di Aceh - ANTARA News Aceh,news.google.com,extraction_failed,2026-08-31 23:32:46
https://news.google.com/rss/articles/CBMisAFBVV95cUxOaWJTQVdOcVB1SERackZkLUo4djJTM25FcmNRRFcyMnlpaGJSRk9QWl82bEJaS1VNMVJFUFFabWRlMlRIcllqT2VSamh3MkNJZXZJN0ptMm50cHVvWldGeFQ2V2FBV3VlVjVBS0Z1dTZvcW9HSUNHRVZINVU5TUhNS21WYnhhV0NqNWpNem9iTnBScW9JeUV3Vm5JUUFWbUhFM1Z0ZXpLTFNXRGVDMlRsQg?oc=5,https://news.google.com/rss/articles/CBMisAFBVV95cUxOaWJTQVdOcVB1SERackZkLUo4djJTM25FcmNRRFcyMnlpaGJSRk9QWl82bEJaS1VNMVJFUFFabWRlMlRIcllqT2VSamh3MkNJZXZJN0ptMm50cHVvWldGeFQ2V2FBV3VlVjVBS0Z1dTZvcW9HSUNHRVZINVU5TUhNS21WYnhhV0NqNWpNem9iTnBScW9JeUV3Vm5JUUFWbUhFM1Z0ZXpLTFNXRGVDMlRsQg?oc=5,Batang Toru hydropower plant still operating after Sumatera floods - ANTARA News Mataram,news.google.com,extraction_failed,2026-08-31 23:32:46
https://news.google.com/rss/articles/CBMilAFBVV95cUxQT0ZOUzVrak9fRmU4QzJKaXNnR2VrVlF2M1Q1MU1hUjVhX3JkUDFPeGUxSzNyVVdNZGJabzRpckdUZV83bVRDZ3dqN2tiZzhNU1RpaXEwTXpHU1dqb2ljLUtnLWlNSmd3cExzY3RZbm9QZWRXZklwYVo1SFlVcHE1cUFZVUVPTFExejJuNkVJTGRBazdQ?oc=5,https://news.google.com/rss/articles/CBMilAFBVV95cUxQT0ZOUzVrak9fRmU4QzJKaXNnR2VrVlF2M1Q1MU1hUjVhX3JkUDFPeGUxSzNyVVdNZGJabzRpckdUZV83bVRDZ3dqN2tiZzhNU1RpaXEwTXpHU1dqb2ljLUtnLWlNSmd3cExzY3RZbm9QZWRXZklwYVo1SFlVcHE1cUFZVUVPTFExejJuNkVJTGRBazdQ?oc=5,"Tak Cukup Ijazah, Pemuda Aceh Perlu Sertifikasi Keahlian - Sudut Berita",news.google.com,extraction_failed,2026-08-31 23:32:46
https://news.google.com/rss/articles/CBMijwFBVV95cUxQSTBEX3d2RW50OWZuNnRfcEZwWWQ1NmpCYzFZeF9yYUYyTXFaMG9QaFpfeW5mRHhkNGQtNXNCVGhNb280T0lBWkxTQzlweGRGSUs3UU5HS0VHYVU4czhRTkhxVDVBZmFpYmVQUTF5QzBvZzZFYnZsYVR1X3hybFZTUzFVb283SUtqMF9kV3pVVdIBlAFBVV95cUxQeUl5NVMzYzQxcFBtV29DRU9ZOHZzWmM4Zk1kVDM0NENkRnlQemk5YnVRdjdTd3VwRlJMQ3Q2eklDcFBIWHdIcEg1bTlJeXpwZjY0WTdxSVdDNWlvekFral9vQWlPUlZ6VkQ3WkN2SVpyVV9nRDhjNi1lODh1UGdaVHpUYmhURGtkVk9seDF3UU93U3Zn?oc=5,https://news.google.com/rss/articles/CBMijwFBVV95cUxQSTBEX3d2RW50OWZuNnRfcEZwWWQ1NmpCYzFZeF9yYUYyTXFaMG9QaFpfeW5mRHhkNGQtNXNCVGhNb280T0lBWkxTQzlweGRGSUs3UU5HS0VHYVU4czhRTkhxVDVBZmFpYmVQUTF5QzBvZzZFYnZsYVR1X3hybFZTUzFVb283SUtqMF9kV3pVVdIBlAFBVV95cUxQeUl5NVMzYzQxcFBtV29DRU9ZOHZzWmM4Zk1kVDM0NENkRnlQemk5YnVRdjdTd3VwRlJMQ3Q2eklDcFBIWHdIcEg1bTlJeXpwZjY0WTdxSVdDNWlvekFral9vQWlPUlZ6VkQ3WkN2SVpyVV9nRDhjNi1lODh1UGdaVHpUYmhURGtkVk9seDF3UU93U3Zn?oc=5,Samsung akan rilis ponsel layar lipat H1 2019 - ANTARA News Aceh,news.google.com,extraction_failed,2026-08-31 23:32:46
https://news.google.com/rss/articles/CBMiqAFBVV95cUxQOXo1VHdFM1pZQmN3cjY3OVRlMXJNRGFvcGhvTHd0eTRkMnUwUUtFTHQzRHZ1Yjc2Nk1SMlZ1UUphT1VSQ3dKNWhlSmpha1N3SVFUamlzYkVmanFCeFZnM0w1S2JIV1BTSGlsbTlwRm5LYXc4VzQ0NVRieFlzdVMwUnNwZzJlSllRbmtHY0JldDdjV3F6RVBDUmhMX1Myc1Bsc3EwWks4R2g?oc=5,https://news.google.com/rss/articles/CBMiqAFBVV95cUxQOXo1VHdFM1pZQmN3cjY3OVRlMXJNRGFvcGhvTHd0eTRkMnUwUUtFTHQzRHZ1Yjc2Nk1SMlZ1UUphT1VSQ3dKNWhlSmpha1N3SVFUamlzYkVmanFCeFZnM0w1S2JIV1BTSGlsbTlwRm5LYXc4VzQ0NVRieFlzdVMwUnNwZzJlSllRbmtHY0JldDdjV3F6RVBDUmhMX1Myc1Bsc3EwWks4R2g?oc=5,"Aplikasi BS - Jak Hadir di Aceh Selatan, Tawarkan Sejumlah Layanan - Laras News",news.google.com,extraction_failed,2026-08-31 23:32:46
https://news.google.com/rss/articles/CBMilAFBVV95cUxPNS04TTFDeHJHQ2Y0NktvQUlHeGZUMUNEQmlIMXFVX3JDY1oyWThzSDd3S2FBOHRsTEtmeDg5a0NDZVppak5sTUdrUlZOSV9TSi1oTTVqMVV3VVZmMl8zQWVYT011LVc1Qlhmb3RadnF3Qlk1bm1KV0dpdlkzLW1CcmhzTGlGUkRSckktemI2bjU4UnZS0gGaAUFVX3lxTE5ZOF9oLXY4NjdPY0d4bUFJQmFGb2FsUUt2XzFnenFwS1oxUG9tLU5fQ2o5MGNYSV9MWUZxenYyRndkTzBmNEdUMldZWUZ4dXpNR2RIWk9oNEpLUXN5QktLQ0FlSnFBNlZfWm0yWUp2T3RpQUlLU0U2ajBrNWRkV1ZpNXJ3NDF6SGRjSzFQeGhBX3JFTHlhazVYMUE?oc=5,https://news.google.com/rss/articles/CBMilAFBVV95cUxPNS04TTFDeHJHQ2Y0NktvQUlHeGZUMUNEQmlIMXFVX3JDY1oyWThzSDd3S2FBOHRsTEtmeDg5a0NDZVppak5sTUdrUlZOSV9TSi1oTTVqMVV3VVZmMl8zQWVYT011LVc1Qlhmb3RadnF3Qlk1bm1KV0dpdlkzLW1CcmhzTGlGUkRSckktemI2bjU4UnZS0gGaAUFVX3lxTE5ZOF9oLXY4NjdPY0d4bUFJQmFGb2FsUUt2XzFnenFwS1oxUG9tLU5fQ2o5MGNYSV9MWUZxenYyRndkTzBmNEdUMldZWUZ4dXpNR2RIWk9oNEpLUXN5QktLQ0FlSnFBNlZfWm0yWUp2T3RpQUlLU0U2ajBrNWRkV1ZpNXJ3NDF6SGRjSzFQeGhBX3JFTHlhazVYMUE?oc=5,"Adidas Ultraboost 22, sepatu lari untuk perempuan - ANTARA News Aceh",news.google.com,extraction_failed,2026-08-31 23:32:47
https://news.google.com/rss/articles/CBMirwFBVV95cUxNeVlBS1ZLUkQ4VHBfMG5ablJ0OXQzMXdmN0xYUTdOaS0tRFBlUlpnWGxfMlN1cmNBVUNFU2syYno1TTFjYUhBRUI1RXpLU3FwdVZTMmItbGp2WUxLTjk4YUJDWmtscG9ULU5NdlQyQkVNZXo2ZU9YQ0VVTUpaTEFIaFdmaURIV2NKOWpuYlY3UVQ5eXlQbVdidEhRQmZHZDBzQnpCQ256OEJOdUQtS0Zr?oc=5,https://news.google.com/rss/articles/CBMirwFBVV95cUxNeVlBS1ZLUkQ4VHBfMG5ablJ0OXQzMXdmN0xYUTdOaS0tRFBlUlpnWGxfMlN1cmNBVUNFU2syYno1TTFjYUhBRUI1RXpLU3FwdVZTMmItbGp2WUxLTjk4YUJDWmtscG9ULU5NdlQyQkVNZXo2ZU9YQ0VVTUpaTEFIaFdmaURIV2NKOWpuYlY3UVQ5eXlQbVdidEhRQmZHZDBzQnpCQ256OEJOdUQtS0Zr?oc=5,Kuasa Hukum Keberatan Penetapan Tersangka Kliennya dalam Kasus Jembatan Kuala Gigieng - Waspada Aceh,news.google.com,extraction_failed,2026-08-31 23:32:47
https://news.google.com/rss/articles/CBMikwFBVV95cUxOS243dUY5eUJCS1Vac2UxRW1WaFhTU2haQnB0Tk9lemgwdUFMRXpOSTZFQ1ZYTDE1ckl5R01EZmpJckpqTTJIUWFEMERXZTBaYkJrUG5DMnA5dTk0cm1TOXdfNGJDRmNoQnZwbjc1VWx3OHJmOWVpbTdJd09IUXg1V0hNdzRHbC1EZFNONkR6ZGxJelE?oc=5,https://news.google.com/rss/articles/CBMikwFBVV95cUxOS243dUY5eUJCS1Vac2UxRW1WaFhTU2haQnB0Tk9lemgwdUFMRXpOSTZFQ1ZYTDE1ckl5R01EZmpJckpqTTJIUWFEMERXZTBaYkJrUG5DMnA5dTk0cm1TOXdfNGJDRmNoQnZwbjc1VWx3OHJmOWVpbTdJd09IUXg1V0hNdzRHbC1EZFNONkR6ZGxJelE?oc=5,Mengusik Kerukunan Beragama di Bumi Serambi Mekah - MODUS ACEH,news.google.com,extraction_failed,2026-08-31 23:32:47
https://news.google.com/rss/articles/CBMiR0FVX3lxTFBsY0t2b0JBcmNNeE5VU3d5MVZzT0ZaSkZXdmE1M3g5cGFQNGdpX0hfMTMzYmZnZmF6U3FUcWtaMXZxeVNjQmJZ0gFCQVVfeXFMTmt3WGU0Zm9kNVdyYUVZMHZuUmxVYmlRVzcwemRzb0lNSVVOekpIbHlDV19NYUlaZVhMYzBaRVoyZTZ3?oc=5,https://news.google.com/rss/articles/CBMiR0FVX3lxTFBsY0t2b0JBcmNNeE5VU3d5MVZzT0ZaSkZXdmE1M3g5cGFQNGdpX0hfMTMzYmZnZmF6U3FUcWtaMXZxeVNjQmJZ0gFCQVVfeXFMTmt3WGU0Zm9kNVdyYUVZMHZuUmxVYmlRVzcwemRzb0lNSVVOekpIbHlDV19NYUlaZVhMYzBaRVoyZTZ3?oc=5,Hutama Karya Builds Wildlife Crossing Tunnel On Sigli-Banda Aceh Toll Road - VOI.ID,news.google.com,extraction_failed,2026-08-31 23:32:48
https://news.google.com/rss/articles/CBMilAFBVV95cUxOZzZ5OE1iQ05OVDlVXzFVVGt4dDAtS1Q3TG5lNWVaTHJMNXBJMFZtdGFJVUphWEhIaFFQUVRueUpNOVQ4TmJpZ04wajdES2NWMnljNVdnYlJPcVpqV2dyeHdMVG1HblhmdzN4MTkwaGFkQ0czeldUdWRVNGpfRDdFcDdyc3BSSFhlcjJWOVFpYVFCSTFs0gGQAUFVX3lxTE40N3U4bHRXY3lTT3lMSDg1UFhxMHdpZnJSZWQwa215cEp5N3pLTDF5Rk9qLVY0OWgtaGx4elIxMlJLTERldk1ScjVpWDhDRVpKN2dqU3ROTF9nNE0zcUJPRFlsVVNyUERtckRGWmhMZERrT1pmOUVZeV8zNEpiQXd3UDdqVl9zMXNVaW13cXNGYQ?oc=5,https://news.google.com/rss/articles/CBMilAFBVV95cUxOZzZ5OE1iQ05OVDlVXzFVVGt4dDAtS1Q3TG5lNWVaTHJMNXBJMFZtdGFJVUphWEhIaFFQUVRueUpNOVQ4TmJpZ04wajdES2NWMnljNVdnYlJPcVpqV2dyeHdMVG1HblhmdzN4MTkwaGFkQ0czeldUdWRVNGpfRDdFcDdyc3BSSFhlcjJWOVFpYVFCSTFs0gGQAUFVX3lxTE40N3U4bHRXY3lTT3lMSDg1UFhxMHdpZnJSZWQwa215cEp5N3pLTDF5Rk9qLVY0OWgtaGx4elIxMlJLTERldk1ScjVpWDhDRVpKN2dqU3ROTF9nNE0zcUJPRFlsVVNyUERtckRGWmhMZERrT1pmOUVZeV8zNEpiQXd3UDdqVl9zMXNVaW13cXNGYQ?oc=5,Apple Developer di BINUS Luluskan 1.155 Mahasiswa Berprestasi - VOI.ID,news.google.com,extraction_failed,2026-08-31 23:32:48
https://news.google.com/rss/articles/CBMiyAFBVV95cUxOdFlaX2FocnJ6UENyTjBfU1YyU1YxSjNWSGRCV1poUlBuXzFCQkZ6V1gzNE9PZk94SDRoMUdvWkNzd21UcGJqakp4aUd6WFllRGY5UXRpaHlRc2hCX2JQVTM2R3I2UFlVVTU3dFJfa19BUnR2eTFQMlhheHdNcmpwVW9mYkZyMmJBenpOc05jRjRpVjg2MjRocGNDOTRCem14RHZuVUZ6NkJHbVZYRno1QlBEQlo2VWZhOFJiT3lUTmZmaHhRdDRqWQ?oc=5,https://news.google.com/rss/articles/CBMiyAFBVV95cUxOdFlaX2FocnJ6UENyTjBfU1YyU1YxSjNWSGRCV1poUlBuXzFCQkZ6V1gzNE9PZk94SDRoMUdvWkNzd21UcGJqakp4aUd6WFllRGY5UXRpaHlRc2hCX2JQVTM2R3I2UFlVVTU3dFJfa19BUnR2eTFQMlhheHdNcmpwVW9mYkZyMmJBenpOc05jRjRpVjg2MjRocGNDOTRCem14RHZuVUZ6NkJHbVZYRno1QlBEQlo2VWZhOFJiT3lUTmZmaHhRdDRqWQ?oc=5,"Targetkan Net Zero Emission Di Tahun 2050, IKK Garap Kerja Sama Energi Dengan PEMA - RM.ID",news.google.com,extraction_failed,2026-08-31 23:32:48
https://news.google.com/rss/articles/CBMixwFBVV95cUxPYlJLWVV4d1JiNG9WMjJUZ2pCTnZxeUg0UjdldFljc1FValUwd0hXb1ZxVjR2V0MxRWNobldtdHU4azZqXzZEbG1fcHduTkpQTGdEUDliX2JiVGdlTHk3b1pQajM4Znlsb1g4M1p1aG9RbkNLMW11czNiekg2ejFRWGdrM09NSE5MR2ZNa1A3Wi13QjZqY01aRGd5N2FZQy1FQU1tekNDSlp4dDZQOW42aEdjeGNnWW9uVzVIdnExSUJkU3AteXlz?oc=5,https://news.google.com/rss/articles/CBMixwFBVV95cUxPYlJLWVV4d1JiNG9WMjJUZ2pCTnZxeUg0UjdldFljc1FValUwd0hXb1ZxVjR2V0MxRWNobldtdHU4azZqXzZEbG1fcHduTkpQTGdEUDliX2JiVGdlTHk3b1pQajM4Znlsb1g4M1p1aG9RbkNLMW11czNiekg2ejFRWGdrM09NSE5MR2ZNa1A3Wi13QjZqY01aRGd5N2FZQy1FQU1tekNDSlp4dDZQOW42aEdjeGNnWW9uVzVIdnExSUJkU3AteXlz?oc=5,Hilangnya Persawahan dan Munculnya Perumahan di Pinggiran Kota - Kompasiana.com,news.google.com,extraction_failed,2026-08-31 23:32:48
https://news.google.com/rss/articles/CBMizwFBVV95cUxQN0hsajZxVEFpMmYzVHJyY29fUXQ4OVZuelNmVEx6ZFRnU0trLXdnUDBFU0RQbnphbDFiQjBoS2pZTEFsekY1cGVqUi14cVFuelpUVmJIMWdYSjdqYmpZWXF5RW9tVW5jTFlKZXo1R1gzV1NYb29KYVV4NjdHamdBd3lac1M3cjZYQzl6Tk5laVRvOHk4dUlFQjlaOGliejFjYUtIZURVX09QalZyaEtGS2NwMWwteEdVZEJWQjJTQUhZZklOdzdiQzNmRmJXeDDSAdQBQVVfeXFMUGVBSXI5NVQta3p1eEFqSEg0NFdCNzh6NWd1REVmd3o3MTJaM1Bxc1ZrQkFkelF1UVRieGV0U0x2OFk3Ni1BbVZ5WDFOaHBwU2w5MzhJdXpxWXF6V1phZWw1VUc1TVFNMzVGZmg5MlBNal93X3RxZFBPcVJsMURtSDFQSXlfdThqUHdjWVlYOExjQU1rWXowQ0g5dUVwY1Y3c2NUaEp5OXg3WDNKd0RPR2hleW5JYmE2WG9GNEFsS1lPV2ZZYmNpQ1ZWLUE0QkNGNThRZzI?oc=5,https://news.google.com/rss/articles/CBMizwFBVV95cUxQN0hsajZxVEFpMmYzVHJyY29fUXQ4OVZuelNmVEx6ZFRnU0trLXdnUDBFU0RQbnphbDFiQjBoS2pZTEFsekY1cGVqUi14cVFuelpUVmJIMWdYSjdqYmpZWXF5RW9tVW5jTFlKZXo1R1gzV1NYb29KYVV4NjdHamdBd3lac1M3cjZYQzl6Tk5laVRvOHk4dUlFQjlaOGliejFjYUtIZURVX09QalZyaEtGS2NwMWwteEdVZEJWQjJTQUhZZklOdzdiQzNmRmJXeDDSAdQBQVVfeXFMUGVBSXI5NVQta3p1eEFqSEg0NFdCNzh6NWd1REVmd3o3MTJaM1Bxc1ZrQkFkelF1UVRieGV0U0x2OFk3Ni1BbVZ5WDFOaHBwU2w5MzhJdXpxWXF6V1phZWw1VUc1TVFNMzVGZmg5MlBNal93X3RxZFBPcVJsMURtSDFQSXlfdThqUHdjWVlYOExjQU1rWXowQ0g5dUVwY1Y3c2NUaEp5OXg3WDNKd0RPR2hleW5JYmE2WG9GNEFsS1lPV2ZZYmNpQ1ZWLUE0QkNGNThRZzI?oc=5,Daftar PT Vokasi 27 Provinsi yang Digaet Kemdikbud-LPDP Kembangkan Potensi Daerah - detikcom,news.google.com,extraction_failed,2026-08-31 23:32:48
https://news.google.com/rss/articles/CBMirwFBVV95cUxPcXJNbVhiV19tVWRlY2VpakpBS3NXWGN3UV8yWHlrNndpT2RWaE5rVDBSNF9rSWVLZEcwSDRyNzhtb0NKeUlnOHFpb1llMXZaY1JEUHFKTUh2V1pDY0NSanFNa016Z3EtWXVXdmJQQVNaaC01RXVia0Y2OGxYZkRpZkNPOW43dzFXMGpWNGsxZWNVbDNvamJua1haczJTcW1UZnY3UlBINUxSN3MwY1Rz0gG0AUFVX3lxTE5za2swYktfdEFpRVM4bUtncmhxd19LWHpLOEZQa283b3NZMkFOSlZxblVaTzB6VE8tT0Y5U1lGZWx6Ynd2YV93ZEdHQmtIbk1YOG1WaTlTUTBEUjJvd0Zmc0wxTGJ5UTBIcTJ4Y1VpRzRMWHVNelQzenlDbUJ6T2NuVU96T0t5SzVxMEhQLW8wNGlZNFhJZHd0bVpaVkJBRVE2aXFYZDczZ05RUllVZE95a0Voaw?oc=5,https://news.google.com/rss/articles/CBMirwFBVV95cUxPcXJNbVhiV19tVWRlY2VpakpBS3NXWGN3UV8yWHlrNndpT2RWaE5rVDBSNF9rSWVLZEcwSDRyNzhtb0NKeUlnOHFpb1llMXZaY1JEUHFKTUh2V1pDY0NSanFNa016Z3EtWXVXdmJQQVNaaC01RXVia0Y2OGxYZkRpZkNPOW43dzFXMGpWNGsxZWNVbDNvamJua1haczJTcW1UZnY3UlBINUxSN3MwY1Rz0gG0AUFVX3lxTE5za2swYktfdEFpRVM4bUtncmhxd19LWHpLOEZQa283b3NZMkFOSlZxblVaTzB6VE8tT0Y5U1lGZWx6Ynd2YV93ZEdHQmtIbk1YOG1WaTlTUTBEUjJvd0Zmc0wxTGJ5UTBIcTJ4Y1VpRzRMWHVNelQzenlDbUJ6T2NuVU96T0t5SzVxMEhQLW8wNGlZNFhJZHd0bVpaVkJBRVE2aXFYZDczZ05RUllVZE95a0Voaw?oc=5,"Musda VIII REI Aceh Terkesan Dipolitisasi, Demisoner Ketua Dinilai Tidak Transparan » - dialeksis.com",news.google.com,extraction_failed,2026-08-31 23:32:48
https://news.google.com/rss/articles/CBMitwFBVV95cUxQLTZRcDRVSTFRb1ZVNmVUTXBuNVJLUVh6UzVTRlFfUUxWTVVVakpicmtQLTF2NEdUQXN5X1RCWTlNU1JuWURtckxUZUI1M2p3QTM4TDNLUmpuOERGYUUxZ2p3ektZZWJRTTFmNmpCMTNVR0t4QlhWM3RRWFFMLXhBX1h1MXVVSlJVRnhES25HTnVneUUxWG44RXhFY19Rb2RNak9renkteXN0V1NtbUw5LXBRbEM4LTjSAbcBQVVfeXFMUC02UXA0VUkxUW9WVTZlVE1wbjVSS1FYelM1U0ZRX1FMVk1VVWpKYnJrUC0xdjRHVEFzeV9UQlk5TVNSbllEbXJMVGVCNTNqd0EzOEwzS1JqbjhERmFFMWdqd3pLWWViUU0xZjZqQjEzVUdLeEJYVjN0UVhRTC14QV9YdTF1VUpSVUZ4REtuR051Z3lFMVhuOEV4RWNfUW9kTWpPa3p5LXlzdFdTbW1MOS1wUWxDOC04?oc=5,https://news.google.com/rss/articles/CBMitwFBVV95cUxQLTZRcDRVSTFRb1ZVNmVUTXBuNVJLUVh6UzVTRlFfUUxWTVVVakpicmtQLTF2NEdUQXN5X1RCWTlNU1JuWURtckxUZUI1M2p3QTM4TDNLUmpuOERGYUUxZ2p3ektZZWJRTTFmNmpCMTNVR0t4QlhWM3RRWFFMLXhBX1h1MXVVSlJVRnhES25HTnVneUUxWG44RXhFY19Rb2RNak9renkteXN0V1NtbUw5LXBRbEM4LTjSAbcBQVVfeXFMUC02UXA0VUkxUW9WVTZlVE1wbjVSS1FYelM1U0ZRX1FMVk1VVWpKYnJrUC0xdjRHVEFzeV9UQlk5TVNSbllEbXJMVGVCNTNqd0EzOEwzS1JqbjhERmFFMWdqd3pLWWViUU0xZjZqQjEzVUdLeEJYVjN0UVhRTC14QV9YdTF1VUpSVUZ4REtuR051Z3lFMVhuOEV4RWNfUW9kTWpPa3p5LXlzdFdTbW1MOS1wUWxDOC04?oc=5,Prajurit Kodim Aceh Utara Terima Sosialisasi TWP dan KPR oleh Tim BP TWP AD - kodamim-tniad.mil.id,news.google.com,extraction_failed,2026-08-31 23:32:49
https://news.google.com/rss/articles/CBMisgFBVV95cUxNZDZlQU9RempFUG9lOFJvdFFfRVpGeFIyR19JSkVWU0poY1p3LVMxd1JqRTRxbHZkd2pLaGVsdURMR0d0V04wT1hidXVVNFM5R3ZsZkZkdE8zQU9NbEYwSWR3OFBhR1MzMlA2eHVKby0wZGc3MDJEX2lGUU1EQjZFTFE0U2dleWVjTVNRT014Vm11OTRUUXd0ck1BUmtRSHNQaC0tQjNYc3dwMGxYWEFzcUFR?oc=5,https://news.google.com/rss/articles/CBMisgFBVV95cUxNZDZlQU9RempFUG9lOFJvdFFfRVpGeFIyR19JSkVWU0poY1p3LVMxd1JqRTRxbHZkd2pLaGVsdURMR0d0V04wT1hidXVVNFM5R3ZsZkZkdE8zQU9NbEYwSWR3OFBhR1MzMlA2eHVKby0wZGc3MDJEX2lGUU1EQjZFTFE0U2dleWVjTVNRT014Vm11OTRUUXd0ck1BUmtRSHNQaC0tQjNYc3dwMGxYWEFzcUFR?oc=5,"Melihat Perkembangan Industri Gaming, Fatwa Haram, dan Potensi Ke Depan - Whiteboard Journal",news.google.com,extraction_failed,2026-08-31 23:32:49
https://news.google.com/rss/articles/CBMioAFBVV95cUxQZ0xoNk92LWU1M1QzWHl0SUZISWppSjZqemtNdVJya0F1Zk1DVEJvZUNaUFphRU5xQS13U25CZWhsSXVQV3JsQWFCdHNuNGduYmYwLVBsVDVUNGZIRlN0U2dYMkJUTy10Zm5hLTV1d2U5aUtZZktmUXYyWjE3NVdKSWFnRVhUYl9Lc0VNRGNjc0pwa1NXTEJqUURPNjUxdWo4?oc=5,https://news.google.com/rss/articles/CBMioAFBVV95cUxQZ0xoNk92LWU1M1QzWHl0SUZISWppSjZqemtNdVJya0F1Zk1DVEJvZUNaUFphRU5xQS13U25CZWhsSXVQV3JsQWFCdHNuNGduYmYwLVBsVDVUNGZIRlN0U2dYMkJUTy10Zm5hLTV1d2U5aUtZZktmUXYyWjE3NVdKSWFnRVhUYl9Lc0VNRGNjc0pwa1NXTEJqUURPNjUxdWo4?oc=5,Konami Siap Kucurkan Rp28 Miliar untuk Turnamen eFootball PES 2020 - mediaaceh.co,news.google.com,extraction_failed,2026-08-31 23:32:49
https://news.google.com/rss/articles/CBMimAFBVV95cUxOWlh4Y3NpVE9TSGl2MWxNUzdJMlNkNWYySkRuZXFzQkZSUnk4bV9ObzNrM1RfampjTFRjeV9zdThEQkY1aDc0WXdpSXR6al8wbVhoSDEzRWMyeDZzVFRSUVpjVFRiMkNGSGVEUVk2ak51aHM1aU82V0dSOG9SWG4wakZmdGpoVUJCM2l1R3JHbHRyMU0zMmliZA?oc=5,https://news.google.com/rss/articles/CBMimAFBVV95cUxOWlh4Y3NpVE9TSGl2MWxNUzdJMlNkNWYySkRuZXFzQkZSUnk4bV9ObzNrM1RfampjTFRjeV9zdThEQkY1aDc0WXdpSXR6al8wbVhoSDEzRWMyeDZzVFRSUVpjVFRiMkNGSGVEUVk2ak51aHM1aU82V0dSOG9SWG4wakZmdGpoVUJCM2l1R3JHbHRyMU0zMmliZA?oc=5,Direktur PT. Kreasi Mandiri Land Mengaku Bertanggungjawab - MODUS ACEH,news.google.com,extraction_failed,2026-08-31 23:32:50
https://news.google.com/rss/articles/CBMiogFBVV95cUxQU3RSY2dYQzJHY2Y2M0lIRGd6cHFTTUs5XzRIT1dUSXgxRXZoUjVqWElFekxTVmtLdUNvb2xuSWpYekVKdjNUMzdDMVI4LUxaWElpVFZnOHRNdWpoc1Q1Y0I1RGtyUFlENWMzbktYcEh3aGg2VFFXNEFZd1puNGZzVmktOWpqWUR5a3JlMUJQOWtLQnBWYktScU13TjJ6T2ZzeHc?oc=5,https://news.google.com/rss/articles/CBMiogFBVV95cUxQU3RSY2dYQzJHY2Y2M0lIRGd6cHFTTUs5XzRIT1dUSXgxRXZoUjVqWElFekxTVmtLdUNvb2xuSWpYekVKdjNUMzdDMVI4LUxaWElpVFZnOHRNdWpoc1Q1Y0I1RGtyUFlENWMzbktYcEh3aGg2VFFXNEFZd1puNGZzVmktOWpqWUR5a3JlMUJQOWtLQnBWYktScU13TjJ6T2ZzeHc?oc=5,Begini Cara Satlantas Aceh Utara Mengingatkan Sadar Lalu Lintas - spiritnews.co.id,news.google.com,extraction_failed,2026-08-31 23:32:50
https://news.google.com/rss/articles/CBMioAFBVV95cUxQOUJ4ZFJrUW5kMzdtUmJaV2tsTkRIMGh1UTBMNzUya0JJQUZBVnJ4LWJvLVFUQ2dPdVRIVGRaX0ZvVEJLRUFoRE1FeThiLWlTNzdIX0lmaGFwb3FFMEdDY0UwNk1RUTBUQXpMWElLTkNjUFZ4NGxHN29NWlBRd2ItakoybC05RGNjT05OZGViMkJsRUx0RlRiVXpWdHg5SlRT?oc=5,https://news.google.com/rss/articles/CBMioAFBVV95cUxQOUJ4ZFJrUW5kMzdtUmJaV2tsTkRIMGh1UTBMNzUya0JJQUZBVnJ4LWJvLVFUQ2dPdVRIVGRaX0ZvVEJLRUFoRE1FeThiLWlTNzdIX0lmaGFwb3FFMEdDY0UwNk1RUTBUQXpMWElLTkNjUFZ4NGxHN29NWlBRd2ItakoybC05RGNjT05OZGViMkJsRUx0RlRiVXpWdHg5SlRT?oc=5,"Cinta NKRI, Pasangan Pengantin Ini Kibarkan Bendera Merah Putih - spiritnews.co.id",news.google.com,extraction_failed,2026-08-31 23:32:50
https://news.google.com/rss/articles/CBMikwFBVV95cUxPd0VwRzVmd0FjeTBTSlF2Z0pNSUU5Zy1KLXg3TmszLXhZb3NwNEo0Tkc1TWl2aGlVZTRZOTl1WkdoeUlZRDNtblpXTEx0dmgtdnJpNGZyMklHZlY4cnplUDlwek81cVkyZThVMkU2U29hUnltVERwMWlXX3YtNlcya1RxN3VzWEFRNGltSjh4VTFBaUk?oc=5,https://news.google.com/rss/articles/CBMikwFBVV95cUxPd0VwRzVmd0FjeTBTSlF2Z0pNSUU5Zy1KLXg3TmszLXhZb3NwNEo0Tkc1TWl2aGlVZTRZOTl1WkdoeUlZRDNtblpXTEx0dmgtdnJpNGZyMklHZlY4cnplUDlwek81cVkyZThVMkU2U29hUnltVERwMWlXX3YtNlcya1RxN3VzWEFRNGltSjh4VTFBaUk?oc=5,Kawasan Pasar Kota Lhoksukon Semrawut dan Kumuh Lagi - spiritnews.co.id,news.google.com,extraction_failed,2026-08-31 23:32:50
https://news.google.com/rss/articles/CBMilwFBVV95cUxON1ZHaDNVUnJLMWx2ZWpuNUduOFpMZjlNNUt3VUtfdjJWNUFMMnBnNTFfdGdGXzNhclZ5X1VjenVYbFFDOTA5WEdvZkU3RUo4V29lZGNkdzQyc3ZoV3VLWGlSdDZSVklHOXR2YjRVMnBWd3JtUjBQVDllYkltemwyNXBwdUFDUklWaXRjYWliS1Vic0JQTUpj?oc=5,https://news.google.com/rss/articles/CBMilwFBVV95cUxON1ZHaDNVUnJLMWx2ZWpuNUduOFpMZjlNNUt3VUtfdjJWNUFMMnBnNTFfdGdGXzNhclZ5X1VjenVYbFFDOTA5WEdvZkU3RUo4V29lZGNkdzQyc3ZoV3VLWGlSdDZSVklHOXR2YjRVMnBWd3JtUjBQVDllYkltemwyNXBwdUFDUklWaXRjYWliS1Vic0JQTUpj?oc=5,Sekda Aceh Singkil: Maulid Nabi Momentum Meneladani Akhlak Rasulullah - Metro24,news.google.com,extraction_failed,2026-08-31 23:32:51
https://news.google.com/rss/articles/CBMipgFBVV95cUxNWml1RDJBc0lHRjdTTmR3TUd5ejA1Vnc0dDJURUJCOUEwNHlPOWprTm1CT2RhcHZrX21OcWcyRkFxb0xUNTZFdk1NSXJFZkVVWkg1NEZhd0RZVDRGd25yNW5SUHNzU0k1bjZoV1NCWmxLRTBlNW1UTFVyUld3T1RTSktiTFptQXdlTF9kS2VfOV9KNHdWZmN1VHd0czczbVRBTUxBZEVn?oc=5,https://news.google.com/rss/articles/CBMipgFBVV95cUxNWml1RDJBc0lHRjdTTmR3TUd5ejA1Vnc0dDJURUJCOUEwNHlPOWprTm1CT2RhcHZrX21OcWcyRkFxb0xUNTZFdk1NSXJFZkVVWkg1NEZhd0RZVDRGd25yNW5SUHNzU0k1bjZoV1NCWmxLRTBlNW1UTFVyUld3T1RTSktiTFptQXdlTF9kS2VfOV9KNHdWZmN1VHd0czczbVRBTUxBZEVn?oc=5,Khan Developer Sediakan Rumah Layak Huni dengan Harga Terjangkau - Serambinews.com,news.google.com,extraction_failed,2026-08-31 23:32:51
https://news.google.com/rss/articles/CBMilwFBVV95cUxPTXVqZDRjbEs4QlE0V3pGVld1MlViTkRSREFBQjZ5c25FTW5yLWI3Mk9URkN4TUNILW4xeVE3VVF2SkhLRkxKSDBxWXRBdWJMMThWM0xPZkcxc2x5MklCZ0RUNWt6UVRjamZTcmpnYnItblVTRTVQNzdTTFpLRlFYTUdYNjhnQkUxdTgtVVhPMU9ldzg1R3FJ?oc=5,https://news.google.com/rss/articles/CBMilwFBVV95cUxPTXVqZDRjbEs4QlE0V3pGVld1MlViTkRSREFBQjZ5c25FTW5yLWI3Mk9URkN4TUNILW4xeVE3VVF2SkhLRkxKSDBxWXRBdWJMMThWM0xPZkcxc2x5MklCZ0RUNWt6UVRjamZTcmpnYnItblVTRTVQNzdTTFpLRlFYTUdYNjhnQkUxdTgtVVhPMU9ldzg1R3FJ?oc=5,Menu Egg Geek Buka Pendaftaran GRAK Batch 1 - RRI.co.id,news.google.com,extraction_failed,2026-08-31 23:32:51
https://news.google.com/rss/articles/CBMi3AFBVV95cUxNc050WTdoZXRSM3hvS001T3VVWTl3NU5vX0RITURfVl9DNjNpcHVrVXA4LTJGaWxna0RWbkdfbXMwb2kwdFZseTJpazRYVnVxTlRVSE5adXdyOVdNWUp6alp4TTdTS2RlaTZzUk5mQzNLNEZUc1Nla3h6VDhKMjQ0QWsza3lGMzVVYmMyWjVxOWp4ZlZuc01uaVhJR1dfRy14SG83Y1NBY3pYRHk2TmxzX0pxRUx2RW1XN1lyMEJheTdoM01QcmY0VDZwMk9EM3J0VzIwamNZUTg0X1I20gHbAUFVX3lxTE9VOXlMUmtnNWxweTRhd0tvVlRBMjQ3c2NPWHpZUktpaUpJQ055WmpnM3ZjS2RpVmM1ZEd3bnIxLS1Ud285cEpWc0dmd09ldzF4YkEyVVljNFBaWUNLM3hSRkFlb1NkUldzN3dHMWFFbHV1MnlyMDNMWWIzSVJhRF9hbGRqNWVPQmdidEJjRG1fd1drRVZFWFFoRkFncVVHYVlCTTJMbWlTN2lHQ1lOZzFWckRtNWJ4bC1nQ3ZFSnEwa2RzbThPWVVKUW5uU2RpRERiRk9INDVfeWJTUQ?oc=5,https://news.google.com/rss/articles/CBMi3AFBVV95cUxNc050WTdoZXRSM3hvS001T3VVWTl3NU5vX0RITURfVl9DNjNpcHVrVXA4LTJGaWxna0RWbkdfbXMwb2kwdFZseTJpazRYVnVxTlRVSE5adXdyOVdNWUp6alp4TTdTS2RlaTZzUk5mQzNLNEZUc1Nla3h6VDhKMjQ0QWsza3lGMzVVYmMyWjVxOWp4ZlZuc01uaVhJR1dfRy14SG83Y1NBY3pYRHk2TmxzX0pxRUx2RW1XN1lyMEJheTdoM01QcmY0VDZwMk9EM3J0VzIwamNZUTg0X1I20gHbAUFVX3lxTE9VOXlMUmtnNWxweTRhd0tvVlRBMjQ3c2NPWHpZUktpaUpJQ055WmpnM3ZjS2RpVmM1ZEd3bnIxLS1Ud285cEpWc0dmd09ldzF4YkEyVVljNFBaWUNLM3hSRkFlb1NkUldzN3dHMWFFbHV1MnlyMDNMWWIzSVJhRF9hbGRqNWVPQmdidEJjRG1fd1drRVZFWFFoRkFncVVHYVlCTTJMbWlTN2lHQ1lOZzFWckRtNWJ4bC1nQ3ZFSnEwa2RzbThPWVVKUW5uU2RpRERiRk9INDVfeWJTUQ?oc=5,"Kolaborasi Nol Karbon dan KPH Wilayah III Aceh, Hadirkan Program Blue Carbon di Kawasan Mangrove Pesisir Aceh Timur - disway.id - Disway",news.google.com,extraction_failed,2026-08-31 23:32:51
https://news.google.com/rss/articles/CBMiigFBVV95cUxPN1RRZl9iQ0FXdzlrM2p6ZjBFVjBSc2ZuSlM0M0dhTE5nY3FYTVZJZmRYaWF3N3hfNnNzVGRLbFk1di04NG04SzBQOVA3OExVd19hRGZoak4xODBsbC1hY2M0dUNtWmN5aG4taUU2bWhVdTRNSUFIaFdnQzk2NWVYQWc5d3h3bm0wM1E?oc=5,https://news.google.com/rss/articles/CBMiigFBVV95cUxPN1RRZl9iQ0FXdzlrM2p6ZjBFVjBSc2ZuSlM0M0dhTE5nY3FYTVZJZmRYaWF3N3hfNnNzVGRLbFk1di04NG04SzBQOVA3OExVd19hRGZoak4xODBsbC1hY2M0dUNtWmN5aG4taUU2bWhVdTRNSUFIaFdnQzk2NWVYQWc5d3h3bm0wM1E?oc=5,Ikaderi Aceh Coffe Morning bersama Kantah BPN Kota Banda Aceh - Pos Aceh,news.google.com,extraction_failed,2026-08-31 23:32:52
https://news.google.com/rss/articles/CBMitAFBVV95cUxOazJGS1NlTUVmR2VfaGEycEhvd3lXR2RobFFGOWg0Rl9zZ242b1JfcE5iYTB6MHpVc0g1VHl3SXlCOUFDOHNCUEw5eEFieVJyanI5WG5fYlZUN291RnNHTEdnTmJ1RnZDTnkwekZlVnRralpJU0N3YlBSZkRKdF9qdGk4aGdJbUxwY2daVWdQLVBfbDNPdWEwdUctRzJtd2lKd1Y5ck1HcVAwNE9Ka1VIcGdybGc?oc=5,https://news.google.com/rss/articles/CBMitAFBVV95cUxOazJGS1NlTUVmR2VfaGEycEhvd3lXR2RobFFGOWg0Rl9zZ242b1JfcE5iYTB6MHpVc0g1VHl3SXlCOUFDOHNCUEw5eEFieVJyanI5WG5fYlZUN291RnNHTEdnTmJ1RnZDTnkwekZlVnRralpJU0N3YlBSZkRKdF9qdGk4aGdJbUxwY2daVWdQLVBfbDNPdWEwdUctRzJtd2lKd1Y5ck1HcVAwNE9Ka1VIcGdybGc?oc=5,Kapolda Aceh Resmikan Secara Serentak 100.000 Rumah Untuk PNPP di Aceh Besar - Serambinews.com,news.google.com,extraction_failed,2026-08-31 23:32:52
https://news.google.com/rss/articles/CBMimgFBVV95cUxQOE80ZHpua0l2aFg1bEw3LU9XcWd2WnU1UGsxS1NaclFpYTV1N3R6SVNZZTNydFVqbUxYU2F5eVhwdExnR1NoSjlfX1BjUjJ6eXFsMFA5dWF0emEzQ3BwNGJDR2dHNWJoTm1RQ19JVjU3OE9aRG8wbFY4OW5naGhPMGp2aVdfQm9hQUQ4TzJYOFlIOHg5UGRUaFdn?oc=5,https://news.google.com/rss/articles/CBMimgFBVV95cUxQOE80ZHpua0l2aFg1bEw3LU9XcWd2WnU1UGsxS1NaclFpYTV1N3R6SVNZZTNydFVqbUxYU2F5eVhwdExnR1NoSjlfX1BjUjJ6eXFsMFA5dWF0emEzQ3BwNGJDR2dHNWJoTm1RQ19JVjU3OE9aRG8wbFY4OW5naGhPMGp2aVdfQm9hQUQ4TzJYOFlIOHg5UGRUaFdn?oc=5,"Harga Besi Beton Melambung Tinggi, Naik Hingga 60 Persen - Serambinews.com",news.google.com,extraction_failed,2026-08-31 23:32:52
https://news.google.com/rss/articles/CBMiyAFBVV95cUxQMVRnQTFrYWgxWWJVdnF1ZnBjdXdEZ3MxWktWdVVLS1lhWHlhdW1XcG1uN1JYeU1KRlJKYXcwUFpoSW5Pd1NwTVl6X0xTQ2VIeWFpLVJPLThhZDdSRGU1c1Nna2VqYklkX0UwREdGY1JnNTlyUDFtSjhXYlNQSE9FMXFGQ01Yek90UTJrSFhpNWJ6RWh6ellxOWZVbEdmUURmVHVsb191cmhPSTRqeThjd1hzTm1zY1lyaHdwTVhWUHNlelVNZTNvaQ?oc=5,https://news.google.com/rss/articles/CBMiyAFBVV95cUxQMVRnQTFrYWgxWWJVdnF1ZnBjdXdEZ3MxWktWdVVLS1lhWHlhdW1XcG1uN1JYeU1KRlJKYXcwUFpoSW5Pd1NwTVl6X0xTQ2VIeWFpLVJPLThhZDdSRGU1c1Nna2VqYklkX0UwREdGY1JnNTlyUDFtSjhXYlNQSE9FMXFGQ01Yek90UTJrSFhpNWJ6RWh6ellxOWZVbEdmUURmVHVsb191cmhPSTRqeThjd1hzTm1zY1lyaHdwTVhWUHNlelVNZTNvaQ?oc=5,"Gramedia Buka Lowongan Kerja Terbaru, Cek Posisi, Kualifikasi dan Lokasi Penempatan di Sini! - Serambinews.com",news.google.com,extraction_failed,2026-08-31 23:32:52
https://news.google.com/rss/articles/CBMisAFBVV95cUxPT3A4eU1EMy0ySVVDQmRlUDNTVFl5TzFiVVVPSlYteGFreVBoZmdfZ1VCM2tWbW1hemRXU0M5Rm45OTZ5aGU3NHJkWS1BUF9QMUphV0hUbXl3SHI4OVpzR3RKdnljWl9vbVV2MDgzSFFUdlhFNnNoMUhQbVpYQXd0RFRLQU03NE5vc2JDbFhGTVlxM3pJdS15N2RNX1ZqRGxZcHltV0ZwYkcwekxGeHI2ONIBrgFBVV95cUxNZFFIOFBrZHFtV1otakhXWVNRaDNyRTItTGpMRzNaTnpBRDBzVm8wUHRGWkRzZUw5bExvZkg4M1VsREpaSTMwd09mX2FjYmlqbHA4UDNSVTdORjFvQTBiZHRSMjFxYk96cEs1VTA3VEVkNk5uaTN4ZHhtSFRlNEp1WnV2bG9pRXBXZUlNdWVuT1NaRGU0eXRDWllyNkRMVEZpQ3FGZXIyTFBvQWtOZ0E?oc=5,https://news.google.com/rss/articles/CBMisAFBVV95cUxPT3A4eU1EMy0ySVVDQmRlUDNTVFl5TzFiVVVPSlYteGFreVBoZmdfZ1VCM2tWbW1hemRXU0M5Rm45OTZ5aGU3NHJkWS1BUF9QMUphV0hUbXl3SHI4OVpzR3RKdnljWl9vbVV2MDgzSFFUdlhFNnNoMUhQbVpYQXd0RFRLQU03NE5vc2JDbFhGTVlxM3pJdS15N2RNX1ZqRGxZcHltV0ZwYkcwekxGeHI2ONIBrgFBVV95cUxNZFFIOFBrZHFtV1otakhXWVNRaDNyRTItTGpMRzNaTnpBRDBzVm8wUHRGWkRzZUw5bExvZkg4M1VsREpaSTMwd09mX2FjYmlqbHA4UDNSVTdORjFvQTBiZHRSMjFxYk96cEs1VTA3VEVkNk5uaTN4ZHhtSFRlNEp1WnV2bG9pRXBXZUlNdWVuT1NaRGU0eXRDWllyNkRMVEZpQ3FGZXIyTFBvQWtOZ0E?oc=5,"Presiden Prabowo Genjot Rumah Subsidi, KUR Perumahan Jadi Terobosan Baru - theacehpost.com",news.google.com,extraction_failed,2026-08-31 23:32:53
https://news.google.com/rss/articles/CBMiqAFBVV95cUxQQzRPWHFIbmNTUGN4WWNIR0RjRWVfR2FyWVZ6Rmozb3pOd0p6bnVGTk9WWFhXLTc1MVNOR25OblRLV3RNSVdGSzk2d1lNVC1MbmVQRzk0dmtOUEU3N3ZGVzNCQXhKS1R2dFpfQlBTVDBlX0tDQlo2UUVYbTVlVHA2WnViaVppckp2cFpQNGc0djUxN0VDektVNGlsTWgzYkduejJZdUtyMnXSAaYBQVVfeXFMTmd2V2owOU80Y005TkFsWmNzX0JId1NJTTRBWXdxaXhsRVBiZHoyVURYdGkzTjA2NHRSUXd0VWZTcGhRSjNUcWhsN0EySUptc0MzcjhNbnRDc29BMXpZVExPR2wyU3hUUXRnRDA1SjEwUlBPdXFGdWd1NTlRSDNnSDVBdUV2R2tMd1Qyb1pVUEFuZDNvcGJFSzlMeXNHdDZTS3dDMmRldw?oc=5,https://news.google.com/rss/articles/CBMiqAFBVV95cUxQQzRPWHFIbmNTUGN4WWNIR0RjRWVfR2FyWVZ6Rmozb3pOd0p6bnVGTk9WWFhXLTc1MVNOR25OblRLV3RNSVdGSzk2d1lNVC1MbmVQRzk0dmtOUEU3N3ZGVzNCQXhKS1R2dFpfQlBTVDBlX0tDQlo2UUVYbTVlVHA2WnViaVppckp2cFpQNGc0djUxN0VDektVNGlsTWgzYkduejJZdUtyMnXSAaYBQVVfeXFMTmd2V2owOU80Y005TkFsWmNzX0JId1NJTTRBWXdxaXhsRVBiZHoyVURYdGkzTjA2NHRSUXd0VWZTcGhRSjNUcWhsN0EySUptc0MzcjhNbnRDc29BMXpZVExPR2wyU3hUUXRnRDA1SjEwUlBPdXFGdWd1NTlRSDNnSDVBdUV2R2tMd1Qyb1pVUEFuZDNvcGJFSzlMeXNHdDZTS3dDMmRldw?oc=5,Abang Becak Lhokseumawe Butuh Aplikasi Online Antar Jemput Penumpang - AJNN.net,news.google.com,extraction_failed,2026-08-31 23:32:53
https://news.google.com/rss/articles/CBMi-wFBVV95cUxPdjdnM291cWd6TWtSNF9Kbl92U0RyNWhvbktoSUVYRGdvUTlhU1d0ODl5bGlwYXRNS09kMi03U3VKa1VJd0Y5RjVydlYwbDBCU2JnVlVwVWlVN0lUTDlfXzZSTERhRGFISzJ6cldsU1A4OUhCdGpRc2xTNFN6V1pZZ01ZejJyejNlc1A3S1JtU3h0N0NUckFEc0ZmSW8xb21hdjJiOWZ0SDFhTmcxNThaQjh1Ri1ob3MwU0YycjVpalR3c2Z5UVVFNTdodXVleUFabmxpVzItRWZEZ0ZDclE3ZHpNa3N1U01DODF1ZG16VWIyX3Z5cjBvRVBNMNIBgAJBVV95cUxNOFVSVkFjQlZvZGlWZ2ZCVHFUN1JGZF93RXlTbXM0RFlSRzRrWjZ1U05PZUxoX0N0ZnlSZ0NySU50QVkxc2ZaVTJhM05VWF83cXpHZHFEQkxSNmJ1OWJfNjFFUFBJYzlzNXpyM2JwTmxmaXctWkxGbHFMOU9kRzhIZ3hZSVc2NmRpQUt3NHFEeGpmbTBPbVBfZG5GMEZqQ0JNWVYxY3h2TXNhY3k3Tm9NUDZlYlhyeVVvMC1EenFwVWF4TV9Md0d4b051R2x4R1pmbDl3dzc1YUlrM1ZWRktCVUMxZ0RuanRIdG0yV2tpV0dIWnlzVWVUUVZLd0FZcFhf?oc=5,https://news.google.com/rss/articles/CBMi-wFBVV95cUxPdjdnM291cWd6TWtSNF9Kbl92U0RyNWhvbktoSUVYRGdvUTlhU1d0ODl5bGlwYXRNS09kMi03U3VKa1VJd0Y5RjVydlYwbDBCU2JnVlVwVWlVN0lUTDlfXzZSTERhRGFISzJ6cldsU1A4OUhCdGpRc2xTNFN6V1pZZ01ZejJyejNlc1A3S1JtU3h0N0NUckFEc0ZmSW8xb21hdjJiOWZ0SDFhTmcxNThaQjh1Ri1ob3MwU0YycjVpalR3c2Z5UVVFNTdodXVleUFabmxpVzItRWZEZ0ZDclE3ZHpNa3N1U01DODF1ZG16VWIyX3Z5cjBvRVBNMNIBgAJBVV95cUxNOFVSVkFjQlZvZGlWZ2ZCVHFUN1JGZF93RXlTbXM0RFlSRzRrWjZ1U05PZUxoX0N0ZnlSZ0NySU50QVkxc2ZaVTJhM05VWF83cXpHZHFEQkxSNmJ1OWJfNjFFUFBJYzlzNXpyM2JwTmxmaXctWkxGbHFMOU9kRzhIZ3hZSVc2NmRpQUt3NHFEeGpmbTBPbVBfZG5GMEZqQ0JNWVYxY3h2TXNhY3k3Tm9NUDZlYlhyeVVvMC1EenFwVWF4TV9Md0d4b051R2x4R1pmbDl3dzc1YUlrM1ZWRktCVUMxZ0RuanRIdG0yV2tpV0dIWnlzVWVUUVZLd0FZcFhf?oc=5,"Cek 2 Twibbon HUT Kota Banda Aceh ke-821 Tahun 2026 Paling Elegan, Tema Sinergi Kolaborasi Lengkap Logo Hari Jadi Resmi - Jatim Network - Jatim Network",news.google.com,extraction_failed,2026-08-31 23:32:53
https://news.google.com/rss/articles/CBMiiwFBVV95cUxPRlB5QmRvVWVyd0N0bFVoeGE5ZkR2RVNmamRKWVJXbnRpd0RmbHBhbGRmTW9KUXZ6OUMxV090d3h0aEtYc0lPeUpKc2E5Q0huZDZUOEIzMnVQMlRfeE1nZ3FYREp3WHplaElDamRXbnh4R2JWYjVFZGZvUXlHUUhIQWlaNXByczZtcnJv?oc=5,https://news.google.com/rss/articles/CBMiiwFBVV95cUxPRlB5QmRvVWVyd0N0bFVoeGE5ZkR2RVNmamRKWVJXbnRpd0RmbHBhbGRmTW9KUXZ6OUMxV090d3h0aEtYc0lPeUpKc2E5Q0huZDZUOEIzMnVQMlRfeE1nZ3FYREp3WHplaElDamRXbnh4R2JWYjVFZGZvUXlHUUhIQWlaNXByczZtcnJv?oc=5,"Dua Bank Syariah di Aceh Diminta Jemput Bola, Bukan Tunggu Bola - Pos Aceh",news.google.com,extraction_failed,2026-08-31 23:32:53
https://news.google.com/rss/articles/CBMingFBVV95cUxNb1ZTWGtWVzVqZ00wS2h0VXNWd3A2OEdTMkN4ekNzUlVnMFFYV2k0OGt0dWZLZ0dOVzB0QVNlVjhTQmxNNERHUlZwODNLSFkwb1VSZmhYRklJUlVCZ0FQd2V5cGZMbk9DUzFQUTZvYWZPNkx6al9HV1c4UXZhSGwzb2RBV0hhTlV3bXpxNkVaRzVrWEEtc2c2YWZKXzdXZw?oc=5,https://news.google.com/rss/articles/CBMingFBVV95cUxNb1ZTWGtWVzVqZ00wS2h0VXNWd3A2OEdTMkN4ekNzUlVnMFFYV2k0OGt0dWZLZ0dOVzB0QVNlVjhTQmxNNERHUlZwODNLSFkwb1VSZmhYRklJUlVCZ0FQd2V5cGZMbk9DUzFQUTZvYWZPNkx6al9HV1c4UXZhSGwzb2RBV0hhTlV3bXpxNkVaRzVrWEEtc2c2YWZKXzdXZw?oc=5,Prof Syahrizal: Merger Bank Penyebab Kendala Peralihan Konvensional ke Syariah - nukilan.id,news.google.com,extraction_failed,2026-08-31 23:32:53
https://news.google.com/rss/articles/CBMihwFBVV95cUxNcGRhc3NWQlNSSHFUcV9fcm9PcmR3Y3pFdDY1d1VkdndtYzhoZjNhSnQ2aV9JdFZoRWZjWmd0OVI0WlJhNDRwRVo5SzJXRUhiM2JoNmR6MDBDR1lfMng1czFYM1NodmJiQlIzdHJpbFRXR3Rlci1EbWE5UTVlUmlLVjYwQTRLMTjSAY8BQVVfeXFMTzNSUGl0SVZJSnNvVW5sRVhXUGJYengyd1h6RzJ6NEc1eFVqUlVHOHZGOTZtVXdIRkV5a0t5Y0lGRzZIX2lmNVBHdUVKd2w4bTFsb2lOZjA5LUNteXZpSTFMdk9aRlMwNjlhbDJYcmRYclVacFBlZXgyajhmanlwVWdodkVsWGxrRk1lS2h0c0E?oc=5,https://news.google.com/rss/articles/CBMihwFBVV95cUxNcGRhc3NWQlNSSHFUcV9fcm9PcmR3Y3pFdDY1d1VkdndtYzhoZjNhSnQ2aV9JdFZoRWZjWmd0OVI0WlJhNDRwRVo5SzJXRUhiM2JoNmR6MDBDR1lfMng1czFYM1NodmJiQlIzdHJpbFRXR3Rlci1EbWE5UTVlUmlLVjYwQTRLMTjSAY8BQVVfeXFMTzNSUGl0SVZJSnNvVW5sRVhXUGJYengyd1h6RzJ6NEc1eFVqUlVHOHZGOTZtVXdIRkV5a0t5Y0lGRzZIX2lmNVBHdUVKd2w4bTFsb2lOZjA5LUNteXZpSTFMdk9aRlMwNjlhbDJYcmRYclVacFBlZXgyajhmanlwVWdodkVsWGxrRk1lS2h0c0E?oc=5,"Nyuciin, Laundry Online Pertama di Aceh - kumparan.com - Kumparan.com",news.google.com,extraction_failed,2026-08-31 23:32:53
https://news.google.com/rss/articles/CBMi1gFBVV95cUxOckUwM3ZmMDZGeUdDWlBvRnVJNjZrQnR2d3ZFa2F4TzdMYmJKSU05NnJIR0pXSlNhYk1oLTFRS0xRZmR1Nnh6eEZWU1BnSS1la3NqRGdBcFdYWVdVYV9LMndsek1NaFNhNzJMZ1hMQXpPVHhXQ3NMTThBVEtSemNralo3TDh4dmlLN1dhOEt3bkRzVlhRMVlkSzBlX0lIV0J0eDVyNGVNbVRiam5nOW52OFNaNG9ZQkRyY1FudXd2ZnhZZ3VqbzlaTFJqeDJlUjZHaVpSMDV3?oc=5,https://news.google.com/rss/articles/CBMi1gFBVV95cUxOckUwM3ZmMDZGeUdDWlBvRnVJNjZrQnR2d3ZFa2F4TzdMYmJKSU05NnJIR0pXSlNhYk1oLTFRS0xRZmR1Nnh6eEZWU1BnSS1la3NqRGdBcFdYWVdVYV9LMndsek1NaFNhNzJMZ1hMQXpPVHhXQ3NMTThBVEtSemNralo3TDh4dmlLN1dhOEt3bkRzVlhRMVlkSzBlX0lIV0J0eDVyNGVNbVRiam5nOW52OFNaNG9ZQkRyY1FudXd2ZnhZZ3VqbzlaTFJqeDJlUjZHaVpSMDV3?oc=5,Belasan Mayat Korban Tsunami Aceh Tak Sengaja Ditemukan Tertimbun Tanah saat Warga Gali Septic Tank - Tribun Video,news.google.com,extraction_failed,2026-08-31 23:32:54
https://news.google.com/rss/articles/CBMiowFBVV95cUxOT2ZHZ0VZY2lGQWJOa0EtNThkVW4wOWtzQTBsenJtaTR3OElYRmdLMWsxTXc2T0ZCbXhXZGRzZjN5eklneUpyWUtTSTNld2Zub3hudktVbFlVd29LMkRhRXh2Qko2RFk4OTQ1cXBYR3IySkN4TGtEWF9SX1pUZ29QQ004MklIMk4yY2w0amdsUHE3M1ZQZGxnMXhvcXllY2Fod3Aw0gGoAUFVX3lxTE5XOURXY0lLNkJNUnptaTVHamU1Q2ZRdnNPWlVfSC1jSXIwWFFEbHlhOWNMdllJMW92TGNuRTZuVkNMOEdKc0tIS21GNmNqd0JsX3JCbmxVQld1WWZJRUZsZVZuQnk0TkphMHhlb2JjRmJVWFE3c3JiSXNCd3dhNk01UG1Yc0dQLWV6enlOdEh4V2VKS0IxTHk5Tm5naGpqak53TTI5ODlvUQ?oc=5,https://news.google.com/rss/articles/CBMiowFBVV95cUxOT2ZHZ0VZY2lGQWJOa0EtNThkVW4wOWtzQTBsenJtaTR3OElYRmdLMWsxTXc2T0ZCbXhXZGRzZjN5eklneUpyWUtTSTNld2Zub3hudktVbFlVd29LMkRhRXh2Qko2RFk4OTQ1cXBYR3IySkN4TGtEWF9SX1pUZ29QQ004MklIMk4yY2w0amdsUHE3M1ZQZGxnMXhvcXllY2Fod3Aw0gGoAUFVX3lxTE5XOURXY0lLNkJNUnptaTVHamU1Q2ZRdnNPWlVfSC1jSXIwWFFEbHlhOWNMdllJMW92TGNuRTZuVkNMOEdKc0tIS21GNmNqd0JsX3JCbmxVQld1WWZJRUZsZVZuQnk0TkphMHhlb2JjRmJVWFE3c3JiSXNCd3dhNk01UG1Yc0dQLWV6enlOdEh4V2VKS0IxTHk5Tm5naGpqak53TTI5ODlvUQ?oc=5,Download Game Higgs Domino RP Versi Mod Update Terbaru - Acehsiana.com - Acehsiana.com,news.google.com,extraction_failed,2026-08-31 23:32:54
https://news.google.com/rss/articles/CBMisgFBVV95cUxPSTBhVTlQVVkyUkFfRWdBV0s3UThZUnFGelFRS2o2bkZZLXc3SUQ0bF9zcmRybkFwcUgyalVRbXFSSzhZbG1menQtRW5DQTVyWnZwYmhzd2V6MTl2bTBuSFU3WjJOb3poaHJ6MGVzRjVkZHI4aEZnQkxVUm5Kek1tam1kZ19hbV9DNkUwaUhYRk44ampjUkEzNnRtd090MVlmSGd6RXNaanhuMTZCdjAxQTZn?oc=5,https://news.google.com/rss/articles/CBMisgFBVV95cUxPSTBhVTlQVVkyUkFfRWdBV0s3UThZUnFGelFRS2o2bkZZLXc3SUQ0bF9zcmRybkFwcUgyalVRbXFSSzhZbG1menQtRW5DQTVyWnZwYmhzd2V6MTl2bTBuSFU3WjJOb3poaHJ6MGVzRjVkZHI4aEZnQkxVUm5Kek1tam1kZ19hbV9DNkUwaUhYRk44ampjUkEzNnRtd090MVlmSGd6RXNaanhuMTZCdjAxQTZn?oc=5,Kriyasi 2026 Dorong Pengrajin Lhokseumawe Tembus Pasar Global - RRI.co.id,news.google.com,extraction_failed,2026-08-31 23:32:54
https://news.google.com/rss/articles/CBMiggJBVV95cUxPa0Q1aDlJbVpYek80VEZvUWN6bWRuWG9PSXVranhjX3F3djN3Q3lNLXU4aGZ2N3dMY2Y4TnBpc1ZlMjNZMFJVWXBNc1RfN09JNEU2Z2xVbUx5TFlVeG5qQWk0UEZpXzVpTFNZandYX1JTLTJCWGhQdnJuQkdBMEw5aU9aeWpYMV9mN2l6UGtNS2FTbUZyVm5INm9ZZWRsUUxUcnBsdjFIQVdOTVQ3REUtTEhNOFRiQTMtbEJKMGN5ZWRwbGM3akI1cXhPRHNZd1JKc1k2dnNoOUdxMEpoLUdPMDdCZmhXUFhYUTZPYXp4N0NwS1pXTExsNVIwQWFQYW9Vc0E?oc=5,https://news.google.com/rss/articles/CBMiggJBVV95cUxPa0Q1aDlJbVpYek80VEZvUWN6bWRuWG9PSXVranhjX3F3djN3Q3lNLXU4aGZ2N3dMY2Y4TnBpc1ZlMjNZMFJVWXBNc1RfN09JNEU2Z2xVbUx5TFlVeG5qQWk0UEZpXzVpTFNZandYX1JTLTJCWGhQdnJuQkdBMEw5aU9aeWpYMV9mN2l6UGtNS2FTbUZyVm5INm9ZZWRsUUxUcnBsdjFIQVdOTVQ3REUtTEhNOFRiQTMtbEJKMGN5ZWRwbGM3akI1cXhPRHNZd1JKc1k2dnNoOUdxMEpoLUdPMDdCZmhXUFhYUTZPYXp4N0NwS1pXTExsNVIwQWFQYW9Vc0E?oc=5,Wakil Walikota Lhokseumawe Membuka Workshop Badan Ekraf Digital Entrepreunership (BDE) yang diselenggarakan Oleh Kementrian Ekonomi Kreatif - satupena.co.id,news.google.com,extraction_failed,2026-08-31 23:32:55
https://news.google.com/rss/articles/CBMipAFBVV95cUxPTkF2VkNXeE9FejNlcXUzYnF2M19wZEUzeVJZX212OGZuRUs1bm9wbk5KcXFTRTdnODFoUFlxUU95Q1h2anBVQ3FQQk1ZSWJWTk5LQ0RNQ254Rmt3TEtGbUxpMFlzMnZ6bDhUUC1hV2ZpZENQeThCSTlfZzJEWHVERHFRQl82WUM3UjgyVGhlcWgyU2ptbDllRnhsVlhlVlNqUDR0Zw?oc=5,https://news.google.com/rss/articles/CBMipAFBVV95cUxPTkF2VkNXeE9FejNlcXUzYnF2M19wZEUzeVJZX212OGZuRUs1bm9wbk5KcXFTRTdnODFoUFlxUU95Q1h2anBVQ3FQQk1ZSWJWTk5LQ0RNQ254Rmt3TEtGbUxpMFlzMnZ6bDhUUC1hV2ZpZENQeThCSTlfZzJEWHVERHFRQl82WUM3UjgyVGhlcWgyU2ptbDllRnhsVlhlVlNqUDR0Zw?oc=5,Pekan QRIS Nasional 2026 Dorong Digitalisasi dan Transaksi UMKM di Lhokseumawe - Portalsatu.com,news.google.com,extraction_failed,2026-08-31 23:32:55
https://news.google.com/rss/articles/CBMisAFBVV95cUxQaEtDcWI5bHNWNjJNTGRxRTlVNkFtWFNBNkN0RF9EUXNOWFNvaUt1TC1PcDFYY1o3MFVqSnhKd3d4X3hxNHRvUWVhY1dmZTVabllKMzJBT2hPWG9pbmdpMGdVY3dDZVhxVk1VWnRSQm9rcEtxcWRBaDVqM3NoZ0NBQW44M0pKeXAxRHBJdTZqZEJYby1fLVVwVGhoNzhheG40VUxBSURHck13V2RvdEMtNA?oc=5,https://news.google.com/rss/articles/CBMisAFBVV95cUxQaEtDcWI5bHNWNjJNTGRxRTlVNkFtWFNBNkN0RF9EUXNOWFNvaUt1TC1PcDFYY1o3MFVqSnhKd3d4X3hxNHRvUWVhY1dmZTVabllKMzJBT2hPWG9pbmdpMGdVY3dDZVhxVk1VWnRSQm9rcEtxcWRBaDVqM3NoZ0NBQW44M0pKeXAxRHBJdTZqZEJYby1fLVVwVGhoNzhheG40VUxBSURHck13V2RvdEMtNA?oc=5,Perjuangan Mahasiswa KKN Sukses Bangkitkan UMKM di Desa Bayu - RRI.co.id,news.google.com,extraction_failed,2026-08-31 23:32:55
https://news.google.com/rss/articles/CBMiqgFBVV95cUxPcUFRd1pOZU1MNm1paFhWQS1zLXVfcWNEWXJ1azdFelhPVHdfdlI3c3Z2NE9IZnZVejd4VG12bUt3Q05UNlY5TlBjYWdyX2ZkUGNxTmhmR1VBd1FzbEY3NUVIWm10RVFXZDRkM01GN0dDUllmMXJ6Vkl0Q0R4VUlPbXBTQktyZ2ZGNlBWS0pvZXQ1Q05hZXZiUDdxM1g4RmZtLUZTTVJkSHk0UQ?oc=5,https://news.google.com/rss/articles/CBMiqgFBVV95cUxPcUFRd1pOZU1MNm1paFhWQS1zLXVfcWNEWXJ1azdFelhPVHdfdlI3c3Z2NE9IZnZVejd4VG12bUt3Q05UNlY5TlBjYWdyX2ZkUGNxTmhmR1VBd1FzbEY3NUVIWm10RVFXZDRkM01GN0dDUllmMXJ6Vkl0Q0R4VUlPbXBTQktyZ2ZGNlBWS0pvZXQ1Q05hZXZiUDdxM1g4RmZtLUZTTVJkSHk0UQ?oc=5,Bea Cukai Lhokseumawe Dukung Pengembangan Ekspor UMKM Aceh - InfoPublik,news.google.com,extraction_failed,2026-08-31 23:32:55
https://news.google.com/rss/articles/CBMitAFBVV95cUxPUkQ2NXA1a3NmN3M1QWtNV3h2dGk2aFJXVFZPYnFMWEhCNUg2ZlFvaDBSY3lzQ0RTQnl3a1pvUmZ3WV8tbmh1VGdlZUFYX21RSVpqc3A2aTFSQTluVGJzeEJ6VlNoRmtoNm1VU3lMMlp0ejhxYW4weFFldzZNNGhiWE85Q0JQcXdQTlVKRktGck9mbFRBSVlqRjNQRGxGeTlYdzBkNnFpaHJQQU8zN3g2aTdSYi3SAboBQVVfeXFMUDZPRXNxdzF0THlBbXEyOXpBUlJNekEycHVHZFhDVndEZHRNY0dhbXBNY0FidGFZQ0lYYllKUDJ6ZzhZa3ZYSElBN2hhYzJBLXh5LVdabGtERzhINVlCd0tuZms4d1oxZWs3dUdadEIyZTBScjl2aTkzMVEtZU1QXzRaVmZxTVRSUHN3bFBmS2NWSUhtWmVHdnJ0VnBuUVFGRGFZQWpSM0NsSW1XaURxeF81RThTaDJBTUV3?oc=5,https://news.google.com/rss/articles/CBMitAFBVV95cUxPUkQ2NXA1a3NmN3M1QWtNV3h2dGk2aFJXVFZPYnFMWEhCNUg2ZlFvaDBSY3lzQ0RTQnl3a1pvUmZ3WV8tbmh1VGdlZUFYX21RSVpqc3A2aTFSQTluVGJzeEJ6VlNoRmtoNm1VU3lMMlp0ejhxYW4weFFldzZNNGhiWE85Q0JQcXdQTlVKRktGck9mbFRBSVlqRjNQRGxGeTlYdzBkNnFpaHJQQU8zN3g2aTdSYi3SAboBQVVfeXFMUDZPRXNxdzF0THlBbXEyOXpBUlJNekEycHVHZFhDVndEZHRNY0dhbXBNY0FidGFZQ0lYYllKUDJ6ZzhZa3ZYSElBN2hhYzJBLXh5LVdabGtERzhINVlCd0tuZms4d1oxZWs3dUdadEIyZTBScjl2aTkzMVEtZU1QXzRaVmZxTVRSUHN3bFBmS2NWSUhtWmVHdnJ0VnBuUVFGRGFZQWpSM0NsSW1XaURxeF81RThTaDJBTUV3?oc=5,Wakaf Produktif Baiturrahman Mart Lhokseumawe: Dari Aset Masjid Jadi Penggerak UMKM » - dialeksis.com,news.google.com,extraction_failed,2026-08-31 23:32:55
https://news.google.com/rss/articles/CBMi4AFBVV95cUxPbDdCSDFJcDc4b0tOR0J0emlhZHZuMDZlRVVWNlJDX091RGZkYS1MX0I3SnctMU1ZamFMVjhLWnY1UWdBVzJOWFZ1OGduNGxOdzNUdnVieWxMU1hTb3RJb252WGIwaE9maFRKYUtBUGNZSmlRUXhHMEZNOXNTcTJrTExGeTEzRUVUV1huOEY1WGV5azZNVzNscjJDVjVtSnJPbGFPQk1CeE95VWRfY29SSG5YTi1QQ190NWVyUmEyMUJVTkJXSXVZMzVjLWs2WWNvbEEzR1ZLQnA5bzU1S2thYg?oc=5,https://news.google.com/rss/articles/CBMi4AFBVV95cUxPbDdCSDFJcDc4b0tOR0J0emlhZHZuMDZlRVVWNlJDX091RGZkYS1MX0I3SnctMU1ZamFMVjhLWnY1UWdBVzJOWFZ1OGduNGxOdzNUdnVieWxMU1hTb3RJb252WGIwaE9maFRKYUtBUGNZSmlRUXhHMEZNOXNTcTJrTExGeTEzRUVUV1huOEY1WGV5azZNVzNscjJDVjVtSnJPbGFPQk1CeE95VWRfY29SSG5YTi1QQ190NWVyUmEyMUJVTkJXSXVZMzVjLWs2WWNvbEEzR1ZLQnA5bzU1S2thYg?oc=5,"Hari Lingkungan Hidup Sedunia 2026, UKM UMPAL Unimal Ambil Peran dalam Aksi Penghijauan Kota Lhokseumawe - UnimalNews",news.google.com,extraction_failed,2026-08-31 23:32:55
https://news.google.com/rss/articles/CBMivgFBVV95cUxQVWMwcmhzc0VKWnlhcVZaZm9tbUhpWGJpZWlCMVdQdGhwWlFtMnpMRkFKdVFvRUFoZmp3MmNQbWpyTVpLZ0ZsRnI5R2s2b0lwYjFzNUlwUGJDTHBOazU0TmNtN21pUzVjbTRZUjJPd0QzQjFHd3ZJU3d2WnpWMGRMTldRQml4eVVlYWx0LVBQYkthZ3huOV8zc0F1eldhcDU3YWREbmxzVExDYldKbDhRdDdyNmdsSzdoWEJqWjZR?oc=5,https://news.google.com/rss/articles/CBMivgFBVV95cUxQVWMwcmhzc0VKWnlhcVZaZm9tbUhpWGJpZWlCMVdQdGhwWlFtMnpMRkFKdVFvRUFoZmp3MmNQbWpyTVpLZ0ZsRnI5R2s2b0lwYjFzNUlwUGJDTHBOazU0TmNtN21pUzVjbTRZUjJPd0QzQjFHd3ZJU3d2WnpWMGRMTldRQml4eVVlYWx0LVBQYkthZ3huOV8zc0F1eldhcDU3YWREbmxzVExDYldKbDhRdDdyNmdsSzdoWEJqWjZR?oc=5,Bea Cukai Lhokseumawe Perkuat Asistensi UMKM Tembus Pasar Internasional - republika.co.id,news.google.com,extraction_failed,2026-08-31 23:32:56
https://news.google.com/rss/articles/CBMitgFBVV95cUxQUmNKdW43T1pNTXNKdTZjUEdveGFYdkxZQ19KUGpLYkFBMVlJdzNKZ3JKa25FYVFVbGJXeWNYVktSZzhJN29XQTNWYmROTS1LYVZYUHFsV0VLd2JCeFRrWTVoQ090U252Zl9hMWZGcTNmOW1GbXI4dmhiU1NvREpEcTIzd0hFOEdaM0x0YlBCWFZ6clZndkZTWFVIVTl5aEF3dEp3WjIxU3VrX3pQajZXYnUxQUVsUQ?oc=5,https://news.google.com/rss/articles/CBMitgFBVV95cUxQUmNKdW43T1pNTXNKdTZjUEdveGFYdkxZQ19KUGpLYkFBMVlJdzNKZ3JKa25FYVFVbGJXeWNYVktSZzhJN29XQTNWYmROTS1LYVZYUHFsV0VLd2JCeFRrWTVoQ090U252Zl9hMWZGcTNmOW1GbXI4dmhiU1NvREpEcTIzd0hFOEdaM0x0YlBCWFZ6clZndkZTWFVIVTl5aEF3dEp3WjIxU3VrX3pQajZXYnUxQUVsUQ?oc=5,Kemenekraf perluas akses pasar UMKM melalui Bazar Ramadhan Lhokseumawe - ANTARA News Sulteng,news.google.com,extraction_failed,2026-08-31 23:32:56
https://news.google.com/rss/articles/CBMinwFBVV95cUxOQmFkNjBXVmNhOHRrTno3QXU0Sk83c0FCTXhVOFJJbmZ4ZXNFQ2VaMllUV2xvVkxDWnp2NEtyMVM5VG10cV9ITGdqeDI5SEZqQ0RGRmp0RGpPVWE5RDg3RjM2Ny1iZWVtcmJCN3p0aHJwdGUtOVkzTEswYm9DMVQ5OXRSMm5pbWlReno5TThzajZQdVM0cnBJTzJIVHVoQzA?oc=5,https://news.google.com/rss/articles/CBMinwFBVV95cUxOQmFkNjBXVmNhOHRrTno3QXU0Sk83c0FCTXhVOFJJbmZ4ZXNFQ2VaMllUV2xvVkxDWnp2NEtyMVM5VG10cV9ITGdqeDI5SEZqQ0RGRmp0RGpPVWE5RDg3RjM2Ny1iZWVtcmJCN3p0aHJwdGUtOVkzTEswYm9DMVQ5OXRSMm5pbWlReno5TThzajZQdVM0cnBJTzJIVHVoQzA?oc=5,Workshop Ekraf Dorong UMKM Lhokseumawe Naik Kelas - RRI.co.id,news.google.com,extraction_failed,2026-08-31 23:32:56
https://news.google.com/rss/articles/CBMivwFBVV95cUxQamtDOHZ4WXdvSlY2eHN5TXh2T3pfMnJpSE5hd1RENENoa1FzWVNnQ19xYm84cWpKRUE2emVxOENEeDZiZEJ0YnUyVzFRQW82SktfMUhvTzUtVDlnOWN3bElNZ0stMUF2M2xfVktLVThIRzh0c1pQY25vSHJISEd1WjRiNy1UUW9WeU0yeVV1eVF3bE10V3hUMTBJVGVlY2VDSll6S0VmaWpBR3VfaG1jRDljZzQzODFaQWRSQ2JvZw?oc=5,https://news.google.com/rss/articles/CBMivwFBVV95cUxQamtDOHZ4WXdvSlY2eHN5TXh2T3pfMnJpSE5hd1RENENoa1FzWVNnQ19xYm84cWpKRUE2emVxOENEeDZiZEJ0YnUyVzFRQW82SktfMUhvTzUtVDlnOWN3bElNZ0stMUF2M2xfVktLVThIRzh0c1pQY25vSHJISEd1WjRiNy1UUW9WeU0yeVV1eVF3bE10V3hUMTBJVGVlY2VDSll6S0VmaWpBR3VfaG1jRDljZzQzODFaQWRSQ2JvZw?oc=5,"Pertamina Patra Niaga Perkuat Ekosistem Halal di Lhokseumawe, UMKM Didorong Tembus Pasar Lebih Luas - Portalsatu.com",news.google.com,extraction_failed,2026-08-31 23:32:57
https://news.google.com/rss/articles/CBMikAJBVV95cUxPdVFnMFMyb0NwcVVGRUt3RldyVXpsZElHalBORkxjQkV6dWNEbHVUazdpcUNRTE8wck5PdXoydEZBaFp2Yi03bE45b3NJdDFsWHFZWXdYWHpJMUdKRE1zSnQzbEVHUTVJYTBGaDJEeG9UZElRM2ZmSVV0Ym9NZXl4RHh4RllzUDhWcHpjR1dFRWVyS1BSTzVnLUVTTlBkTVNiUVdsaG1GTnBKdGNrdG8zMEJGSnJYQ0NfMXNPVVR6UmY1cV9SdjFpd3dxVkdXTkhWbGdZMFJFd3B4cHI1WVh0RUo4ZjNUa2NTckNBYWdveXhYbDhmdFBjanA5bVBVMFdGdFFfbmYtSTVBVEs3cl9KZg?oc=5,https://news.google.com/rss/articles/CBMikAJBVV95cUxPdVFnMFMyb0NwcVVGRUt3RldyVXpsZElHalBORkxjQkV6dWNEbHVUazdpcUNRTE8wck5PdXoydEZBaFp2Yi03bE45b3NJdDFsWHFZWXdYWHpJMUdKRE1zSnQzbEVHUTVJYTBGaDJEeG9UZElRM2ZmSVV0Ym9NZXl4RHh4RllzUDhWcHpjR1dFRWVyS1BSTzVnLUVTTlBkTVNiUVdsaG1GTnBKdGNrdG8zMEJGSnJYQ0NfMXNPVVR6UmY1cV9SdjFpd3dxVkdXTkhWbGdZMFJFd3B4cHI1WVh0RUo4ZjNUa2NTckNBYWdveXhYbDhmdFBjanA5bVBVMFdGdFFfbmYtSTVBVEs3cl9KZg?oc=5,Website DJKN - Website DJKN,news.google.com,extraction_failed,2026-08-31 23:32:57
https://news.google.com/rss/articles/CBMi2AFBVV95cUxOUWI4NXFhd3dvVjRtNE5qT1RYYmZnNUtoRy1yMEZCbTNwYV9wQk1aSXJaalJhNzdrbXRGeFhJWDhpUTRSNjdTLUVCdy1JUTVlNmJCZXRtN05EXzQ5QVZHVDBtTjJWLWN3NERibUcyZ2pEUUZRNGtpX2w5VktTVkNNam13eFpwd2pxZlNjdUkwU09lNDhoZlg3ZU9Bd240bnJKVVFwcDJoRW5zRDBpaUE1bHdqNkxRWlJSUU56OHhjb1RYOUJXNlZ1bUtxRklJNG1ZT1VZalBpdXo?oc=5,https://news.google.com/rss/articles/CBMi2AFBVV95cUxOUWI4NXFhd3dvVjRtNE5qT1RYYmZnNUtoRy1yMEZCbTNwYV9wQk1aSXJaalJhNzdrbXRGeFhJWDhpUTRSNjdTLUVCdy1JUTVlNmJCZXRtN05EXzQ5QVZHVDBtTjJWLWN3NERibUcyZ2pEUUZRNGtpX2w5VktTVkNNam13eFpwd2pxZlNjdUkwU09lNDhoZlg3ZU9Bd240bnJKVVFwcDJoRW5zRDBpaUE1bHdqNkxRWlJSUU56OHhjb1RYOUJXNlZ1bUtxRklJNG1ZT1VZalBpdXo?oc=5,Mahasiswa KKN Unimal Dorong Penguatan UMKM Desa Kuala melalui Inovasi Kemasan dan Promosi Digital - UnimalNews,news.google.com,extraction_failed,2026-08-31 23:32:57
https://news.google.com/rss/articles/CBMiugFBVV95cUxNSXNGbVpMeVhmQnlpSFhuNnk2QllmZERNSnB4TkRiZDBBSkJWdDdmc1NpcGE5TXlOSGZoWGF3S3hGTDNuYjdZaXNiSTYzdkl4N2tjN1hVQVNTZGdOQzlDdmlrZ2ZLTFl1WWxmWmJ1NnJINC1MYnVHSFR1RGl3dVB2WHFRc2tMSGd1c1FHVVMtci00bjJCY2o5aG5NcXBuN1lvYkRVcjdra3FHdk9ZNzFneEFydVJPZERRWUHSAb8BQVVfeXFMUGhWb2VVLVpKQkt6bXYxTU9DR3JSNkotdFJfQ1lKUGVsUC1pUUloZWxaLV9oVjZydmthZFR4eXZkRWI4a3hVRGo2T09DaTY0TUJDZlZhOWZSUF9EUDlZWV9BbGVsRTJFMVN2RlRyUHFvc09hYnNHZHZCTUxaWGJFbjJlSDEyUW5VQXhvclh5OXpzV3BRcFlXMktSNGlhT1hfM0Q5NUZUdUtydHNfRjVkVkVNeGgyREFsRGZpdkhlTEE?oc=5,https://news.google.com/rss/articles/CBMiugFBVV95cUxNSXNGbVpMeVhmQnlpSFhuNnk2QllmZERNSnB4TkRiZDBBSkJWdDdmc1NpcGE5TXlOSGZoWGF3S3hGTDNuYjdZaXNiSTYzdkl4N2tjN1hVQVNTZGdOQzlDdmlrZ2ZLTFl1WWxmWmJ1NnJINC1MYnVHSFR1RGl3dVB2WHFRc2tMSGd1c1FHVVMtci00bjJCY2o5aG5NcXBuN1lvYkRVcjdra3FHdk9ZNzFneEFydVJPZERRWUHSAb8BQVVfeXFMUGhWb2VVLVpKQkt6bXYxTU9DR3JSNkotdFJfQ1lKUGVsUC1pUUloZWxaLV9oVjZydmthZFR4eXZkRWI4a3hVRGo2T09DaTY0TUJDZlZhOWZSUF9EUDlZWV9BbGVsRTJFMVN2RlRyUHFvc09hYnNHZHZCTUxaWGJFbjJlSDEyUW5VQXhvclh5OXpzV3BRcFlXMktSNGlhT1hfM0Q5NUZUdUtydHNfRjVkVkVNeGgyREFsRGZpdkhlTEE?oc=5,"30 UMKM dan Petani Ramaikan Pasar Tani Aceh di Lhokseumawe, Produk Lokal Diserbu Pembeli » - dialeksis.com",news.google.com,extraction_failed,2026-08-31 23:32:57
https://news.google.com/rss/articles/CBMiqwFBVV95cUxONUJkUVBQRVZ1YWF4TUxwYUxBUGJGb1B4S1B1Z1NfbXRhZHA2eE9xdmE5cnpPb0QtckJDWU1CNDVhLWU2VWQ1WVg2bmpQMnZ1TVNsdGdNQllMeUZ2dW52R3JUdUYzWVhIaFJiUlhvSWtKdTliNWM3cllEcGR3WXlaZDN0QmlGVDNINzBQYjkzT1RNR0g4TkJNdS1qa0w1WU5uTjBKWUo3dFBfdmM?oc=5,https://news.google.com/rss/articles/CBMiqwFBVV95cUxONUJkUVBQRVZ1YWF4TUxwYUxBUGJGb1B4S1B1Z1NfbXRhZHA2eE9xdmE5cnpPb0QtckJDWU1CNDVhLWU2VWQ1WVg2bmpQMnZ1TVNsdGdNQllMeUZ2dW52R3JUdUYzWVhIaFJiUlhvSWtKdTliNWM3cllEcGR3WXlaZDN0QmlGVDNINzBQYjkzT1RNR0g4TkJNdS1qa0w1WU5uTjBKWUo3dFBfdmM?oc=5,Mahasiswa KKN Unimal Dorong UMKM Cut Meureubo Go Digital - RRI.co.id,news.google.com,extraction_failed,2026-08-31 23:32:58
https://news.google.com/rss/articles/CBMipAFBVV95cUxOOGw2RUoxVW56OEZnamhEaENJM1ppdHRLZUlDa0dpVmJsX09pVWlLX1FwVklPbHpDdFVUaXVweng0bHEtMEotemxvUVFoNUh5dGczUjBLSmEtTTh5ckZVUzR2aXppQ2hsSFdUOXFGREYwUkJVdVIxcWhpSmFVR1M3LS01VHdtX2pCd1pzVThLRlMtbWRScXlQc0tOOXBHRElIU0ZrUQ?oc=5,https://news.google.com/rss/articles/CBMipAFBVV95cUxOOGw2RUoxVW56OEZnamhEaENJM1ppdHRLZUlDa0dpVmJsX09pVWlLX1FwVklPbHpDdFVUaXVweng0bHEtMEotemxvUVFoNUh5dGczUjBLSmEtTTh5ckZVUzR2aXppQ2hsSFdUOXFGREYwUkJVdVIxcWhpSmFVR1M3LS01VHdtX2pCd1pzVThLRlMtbWRScXlQc0tOOXBHRElIU0ZrUQ?oc=5,"Dukung UMKM Lokal, KKN Unimal Pasang Spanduk Promosi - RRI.co.id",news.google.com,extraction_failed,2026-08-31 23:32:58
https://news.google.com/rss/articles/CBMipAFBVV95cUxNeS1MMVFsZFRSTERIZ2tUZ1ptRnUwN2V5a3VROVFKQTZ1cDQybFMwQnVzNHlIMEljZ1R6TnFNdFpWWEdYQnUtcWVuaTZNWVpKTzlPR2wtSEU3ajlJemtuTm56YlJ5NHd3M1VUZld5dlJBX2l4aWlHQ0dFN1VHNURiOHBwMmdTRHI2ZGlmdVMwZ2c2bWJSQjVSelRVN0Ewdm0wRXRSUQ?oc=5,https://news.google.com/rss/articles/CBMipAFBVV95cUxNeS1MMVFsZFRSTERIZ2tUZ1ptRnUwN2V5a3VROVFKQTZ1cDQybFMwQnVzNHlIMEljZ1R6TnFNdFpWWEdYQnUtcWVuaTZNWVpKTzlPR2wtSEU3ajlJemtuTm56YlJ5NHd3M1VUZld5dlJBX2l4aWlHQ0dFN1VHNURiOHBwMmdTRHI2ZGlmdVMwZ2c2bWJSQjVSelRVN0Ewdm0wRXRSUQ?oc=5,"Perkuat Ekosistem Ekonomi Syariah dan UMKM, BI Lhokseumawe Gelar PASE Fest 2026 - Portalsatu.com",news.google.com,extraction_failed,2026-08-31 23:32:58
https://news.google.com/rss/articles/CBMirgFBVV95cUxQWGVGWjNMMzNUNHVkc0hNRXRHdmU2dTNBOU9MSlJuYlpRWS00cFlWY0RuaFpFRnNtTHptazVRSjBFa19IUnB4SDVzU0hSOEdZbXZjQ0VDbnNucFB2Q0YtRmhNcjY2YnBpcDdlYUlsakppb2FPSGFReVY0Sjk5LVQ2eGw2dDBGNUxzOXBBMHFfM0t2NG02S3kySTJFVktIYkNPdEVKOENyS2IxU3ZzYmc?oc=5,https://news.google.com/rss/articles/CBMirgFBVV95cUxQWGVGWjNMMzNUNHVkc0hNRXRHdmU2dTNBOU9MSlJuYlpRWS00cFlWY0RuaFpFRnNtTHptazVRSjBFa19IUnB4SDVzU0hSOEdZbXZjQ0VDbnNucFB2Q0YtRmhNcjY2YnBpcDdlYUlsakppb2FPSGFReVY0Sjk5LVQ2eGw2dDBGNUxzOXBBMHFfM0t2NG02S3kySTJFVktIYkNPdEVKOENyS2IxU3ZzYmc?oc=5,Disperindagkop Sebut UMKM Tulang Punggung Ekonomi Lhokseumawe - RRI.co.id,news.google.com,extraction_failed,2026-08-31 23:32:58
https://news.google.com/rss/articles/CBMipAFBVV95cUxPeEtSLWxlWEQtanh5NVpleTlqcVU3T1FIb1ZXWmRDQk1BYjk0RlZzZDhpWDFrbmVLbjI3eXppX3BTRWlYSkZiV0ZQSV91WkxJWkhRTm5XOHZJWFFWOVU3SF9POV9vRkgyZVFxLWRleW1IQ1ZDd1ZwaGpWaTlKQjRhUzU5MVdyYUkxeUx0dENxeDdSOGJaRXBmZnp6NzlVRXJLNzY4RQ?oc=5,https://news.google.com/rss/articles/CBMipAFBVV95cUxPeEtSLWxlWEQtanh5NVpleTlqcVU3T1FIb1ZXWmRDQk1BYjk0RlZzZDhpWDFrbmVLbjI3eXppX3BTRWlYSkZiV0ZQSV91WkxJWkhRTm5XOHZJWFFWOVU3SF9POV9vRkgyZVFxLWRleW1IQ1ZDd1ZwaGpWaTlKQjRhUzU5MVdyYUkxeUx0dENxeDdSOGJaRXBmZnp6NzlVRXJLNzY4RQ?oc=5,"Ahad Festival, Surganya Jajanan dan UMKM Lhokseumawe - RRI.co.id",news.google.com,extraction_failed,2026-08-31 23:32:58
https://news.google.com/rss/articles/CBMiygFBVV95cUxNaFk1Vlg0QTlWMUtXVTZuNGZZQTVSRXdQZWc5UjRZZ2Z4ZTdYcmpmNEJrRG5yLWVDWUVBRG5Dc2NVcU5IY053T2hCNWM2enhvZ1o0d0lYZ0c3LU5xZGxqb3FOVG5MVUhqcnFBT21qYnlmN2daMjQ3Qk94TUVWeHdpYnZkeXlXOFBKZmlOa3QyUWhLSDFBWFNuMjB4WjlpbExVbG03YzJKNWdSYzkyXzhYaFpIWGdNQkZUR0ZibEtuVllGSDZKNUQxaFln?oc=5,https://news.google.com/rss/articles/CBMiygFBVV95cUxNaFk1Vlg0QTlWMUtXVTZuNGZZQTVSRXdQZWc5UjRZZ2Z4ZTdYcmpmNEJrRG5yLWVDWUVBRG5Dc2NVcU5IY053T2hCNWM2enhvZ1o0d0lYZ0c3LU5xZGxqb3FOVG5MVUhqcnFBT21qYnlmN2daMjQ3Qk94TUVWeHdpYnZkeXlXOFBKZmlOa3QyUWhLSDFBWFNuMjB4WjlpbExVbG03YzJKNWdSYzkyXzhYaFpIWGdNQkZUR0ZibEtuVllGSDZKNUQxaFln?oc=5,"Gandeng UMKM Lokal, COMFEST 2026 Unimal Jadi Ajang Promosi Produk Kreatif Lhokseumawe - Info Aceh Utara",news.google.com,extraction_failed,2026-08-31 23:32:58
https://news.google.com/rss/articles/CBMiwwFBVV95cUxNeUZYdFROQTRjMW5Bc2k2cThMTExLRUxEYWdNUGxGQ1NlVnBqdno5MkRlT3dnQl8yWkxCeVhJcnBzMzM4QnVHU1FkN2xjTkJLYXJNcjViQ0VyeGtfakVvWWttNDJNNUVvRzA5OVRlb2loZXMwR0FtQ1kxYmM2OFhfNUdpaWVwRklnZUNyWllSd0dUN2trZEJKeDhUVWFSeXpHZEQyc0Z2QzZCYkdlRi1rZWNoTkdUYXQ3d1V4Q3NOYXlJNzg?oc=5,https://news.google.com/rss/articles/CBMiwwFBVV95cUxNeUZYdFROQTRjMW5Bc2k2cThMTExLRUxEYWdNUGxGQ1NlVnBqdno5MkRlT3dnQl8yWkxCeVhJcnBzMzM4QnVHU1FkN2xjTkJLYXJNcjViQ0VyeGtfakVvWWttNDJNNUVvRzA5OVRlb2loZXMwR0FtQ1kxYmM2OFhfNUdpaWVwRklnZUNyWllSd0dUN2trZEJKeDhUVWFSeXpHZEQyc0Z2QzZCYkdlRi1rZWNoTkdUYXQ3d1V4Q3NOYXlJNzg?oc=5,Kelompok-56 KKN Unimal Lhokseumawe Dorong Pengembangan UMKM Keukarah dan Kelapa Gongseng di Desa Kuala - Waspada Online,news.google.com,extraction_failed,2026-08-31 23:32:59
https://news.google.com/rss/articles/CBMimgFBVV95cUxOSElPVXJFWTk4UzFhQXpfZVRlSlAyalpPd09kUW5ZN3U0S3FQckYwTU9WR2pxSTdyOEx1YU95cDJhUndLOS1PdWRmU0RrNnVkbmhwb3JHaUNsbW5Yamd6ZG9nOHpucEhMWTF4VUNWVTBOMzJxMFBOQ09DV0Z6N0NTRG9pZGYwLUxYOC1JV1ZqM0NzN1VsOGN4WHh3?oc=5,https://news.google.com/rss/articles/CBMimgFBVV95cUxOSElPVXJFWTk4UzFhQXpfZVRlSlAyalpPd09kUW5ZN3U0S3FQckYwTU9WR2pxSTdyOEx1YU95cDJhUndLOS1PdWRmU0RrNnVkbmhwb3JHaUNsbW5Yamd6ZG9nOHpucEhMWTF4VUNWVTBOMzJxMFBOQ09DV0Z6N0NTRG9pZGYwLUxYOC1JV1ZqM0NzN1VsOGN4WHh3?oc=5,Bank Aceh Syariah Dapat Kuota KUR Syariah 2026 UMKM - RRI.co.id,news.google.com,extraction_failed,2026-08-31 23:32:59
https://news.google.com/rss/articles/CBMingFBVV95cUxQSktlSmtRd1IxQnplTUVfWUxZVHhLeUpfSmw5RUdpN1ZDWC12TnJZWFF6cUtLR09QMW5IQjVrWUJPRXpCWUhKRVJMUk5XYmM0UmZqSTh3VTV3SzliUUtmRUc5UnhlVmlwaEt4Z2hWYWFYbTN5N18tZnBxa3JQWmxpUnIyOVZPaVhvZXE3bzAwSG9hT1BUQ2hMclRsdk52QQ?oc=5,https://news.google.com/rss/articles/CBMingFBVV95cUxQSktlSmtRd1IxQnplTUVfWUxZVHhLeUpfSmw5RUdpN1ZDWC12TnJZWFF6cUtLR09QMW5IQjVrWUJPRXpCWUhKRVJMUk5XYmM0UmZqSTh3VTV3SzliUUtmRUc5UnhlVmlwaEt4Z2hWYWFYbTN5N18tZnBxa3JQWmxpUnIyOVZPaVhvZXE3bzAwSG9hT1BUQ2hMclRsdk52QQ?oc=5,Car Free Day Langsa Hidupkan UMKM dan Rekreasi - RRI.co.id,news.google.com,extraction_failed,2026-08-31 23:33:00
https://news.google.com/rss/articles/CBMixwFBVV95cUxNMloyY3dSanlheTJVYWgzcl9jM0NvdzE1Y2hMa1EzeEdaS3R1aVVnTVVGTzNjNDhjRWJ0dDZXUXNtbU5idGM0ZTlodUYyQWdVWEpOaVN6WEd4dElQeEtVYVdTRHQ4TGR3Tnc2UWxaWDJZYWZ4SHR2dmJnYVVLam40ZTd1WTJnNERMNUN6TzM3Xy02T1lqMDVyZHlCVVNLbnFZQnBNMGVYa2Y5djc4Mm1GWDI0SU1yMjBlMHdNUWVGaTlaTkUxRG1Z?oc=5,https://news.google.com/rss/articles/CBMixwFBVV95cUxNMloyY3dSanlheTJVYWgzcl9jM0NvdzE1Y2hMa1EzeEdaS3R1aVVnTVVGTzNjNDhjRWJ0dDZXUXNtbU5idGM0ZTlodUYyQWdVWEpOaVN6WEd4dElQeEtVYVdTRHQ4TGR3Tnc2UWxaWDJZYWZ4SHR2dmJnYVVLam40ZTd1WTJnNERMNUN6TzM3Xy02T1lqMDVyZHlCVVNLbnFZQnBNMGVYa2Y5djc4Mm1GWDI0SU1yMjBlMHdNUWVGaTlaTkUxRG1Z?oc=5,"Muhammad Furqan Kembangkan Beragam Usaha Kreatif, Dari Jasa hingga Produk UMKM - RRI.co.id",news.google.com,extraction_failed,2026-08-31 23:33:00
https://news.google.com/rss/articles/CBMiswFBVV95cUxQRTBLUzNDUDFPbDFOXzdLUVAxTkdpd2V3S0Z4M2pvYkJqdHZSc3FEdGg2Yy1xN0tZb1hJU0RQcGhPQlhOa1NJSE5JZ3pTdmI0OXVSVmFWVVR2ZjMxOTdkM1p3azM3U1ZRVFJBWklVUmNFSVhTaXdoNFNnWGJiVjYteWF5MGhSVmFleVlzZUFvbzk0OVZwdWtzaUtaSWJjOC0zakxmTUc4a3BZMHBHMlBRWGp1OA?oc=5,https://news.google.com/rss/articles/CBMiswFBVV95cUxQRTBLUzNDUDFPbDFOXzdLUVAxTkdpd2V3S0Z4M2pvYkJqdHZSc3FEdGg2Yy1xN0tZb1hJU0RQcGhPQlhOa1NJSE5JZ3pTdmI0OXVSVmFWVVR2ZjMxOTdkM1p3azM3U1ZRVFJBWklVUmNFSVhTaXdoNFNnWGJiVjYteWF5MGhSVmFleVlzZUFvbzk0OVZwdWtzaUtaSWJjOC0zakxmTUc4a3BZMHBHMlBRWGp1OA?oc=5,"Aceh Ikut PRJ 2026, Dorong Promosi Wisata dan Buka Peluang UMKM - RRI.co.id",news.google.com,extraction_failed,2026-08-31 23:33:00
https://news.google.com/rss/articles/CBMikgFBVV95cUxQVm1tdTdjUHVjVDNmd3FtNnMzaHdlTjZRRHQyRERZQnlEa1B5b0RLcDQxc21GN1pWalpoSHRncks0RmMtY3cyaldhYlZCaVZCUGMzRGlPNHhBLW9EakcxeVBuU3NMS0FTbUFhclYzYUZMNzEyNk9oRTJkSUVyQkpYRWF4d0FqYldVTUpOZ0JvbzlUd9IBlwFBVV95cUxOd3hnNDhQTFQzbGExTVJjcHB3YURhWnRpRm9wNkF4Tk93dUU5OXdOSmNnTWlkVTBnUDNzeS1KVXFLblU2OENJUnNSRHFlSi1IdmkyNFozRUxtWWV5RzRhMHVGVDhNY0dxbnY0TWVCR0c5Tlp3SndnODBCSnFkbHgtTHVPMzZ1cEFJaWR1YU9yY2dzRTRBaFhF?oc=5,https://news.google.com/rss/articles/CBMikgFBVV95cUxQVm1tdTdjUHVjVDNmd3FtNnMzaHdlTjZRRHQyRERZQnlEa1B5b0RLcDQxc21GN1pWalpoSHRncks0RmMtY3cyaldhYlZCaVZCUGMzRGlPNHhBLW9EakcxeVBuU3NMS0FTbUFhclYzYUZMNzEyNk9oRTJkSUVyQkpYRWF4d0FqYldVTUpOZ0JvbzlUd9IBlwFBVV95cUxOd3hnNDhQTFQzbGExTVJjcHB3YURhWnRpRm9wNkF4Tk93dUU5OXdOSmNnTWlkVTBnUDNzeS1KVXFLblU2OENJUnNSRHFlSi1IdmkyNFozRUxtWWV5RzRhMHVGVDhNY0dxbnY0TWVCR0c5Tlp3SndnODBCSnFkbHgtTHVPMzZ1cEFJaWR1YU9yY2dzRTRBaFhF?oc=5,Pemberdayaan ekonomi produktif di Lhokseumawe - ANTARA Foto,news.google.com,extraction_failed,2026-08-31 23:33:00
https://news.google.com/rss/articles/CBMisgFBVV95cUxQVEVBOHM4ZUkzVGR2ZmxDUEoxeDJUUUJxdDItYkh2Zng1YUJoMjl1T1VqUHY0c0FYRko5ZGh1M2JJOEpCWlJveWJSb2RlRDhVQmhNeW9wMmUzNzlYQnNFcklvT1lFTjB4S2treVM2Y2dUY01FNTBpV3l4R1hKellsOWxqbXUwU0RCZFdCTXkyWHdwRHcwNTRrLXNTVzNRamxnZDBYVnp3eEc4UzRNSjRWVEdR?oc=5,https://news.google.com/rss/articles/CBMisgFBVV95cUxQVEVBOHM4ZUkzVGR2ZmxDUEoxeDJUUUJxdDItYkh2Zng1YUJoMjl1T1VqUHY0c0FYRko5ZGh1M2JJOEpCWlJveWJSb2RlRDhVQmhNeW9wMmUzNzlYQnNFcklvT1lFTjB4S2treVM2Y2dUY01FNTBpV3l4R1hKellsOWxqbXUwU0RCZFdCTXkyWHdwRHcwNTRrLXNTVzNRamxnZDBYVnp3eEc4UzRNSjRWVEdR?oc=5,Pedagang Kue Kering Mulai Ramai jelang Lebaran di Lhokseumawe - RRI.co.id,news.google.com,extraction_failed,2026-08-31 23:33:00
https://news.google.com/rss/articles/CBMimwFBVV95cUxORU90Q29qVW12WHg5SGJ1dl9qQ2U0eFg1dG1WZHVQeWozYUhWVXJJNnVtdktMYmhQNkhRcWRGSDlQY3ljSk9XZFhXUkR4QUY3NlRFSm1Za3k1dEQzbzYxeUxwa2JoeFA2akh0cjRqN2Q0eTdVY0RkNXdYRlJrY3N4REU2bkhKX2tSLVZKd0pHZ2dyMGFVazZ0Vk9kRQ?oc=5,https://news.google.com/rss/articles/CBMimwFBVV95cUxORU90Q29qVW12WHg5SGJ1dl9qQ2U0eFg1dG1WZHVQeWozYUhWVXJJNnVtdktMYmhQNkhRcWRGSDlQY3ljSk9XZFhXUkR4QUY3NlRFSm1Za3k1dEQzbzYxeUxwa2JoeFA2akh0cjRqN2Q0eTdVY0RkNXdYRlJrY3N4REU2bkhKX2tSLVZKd0pHZ2dyMGFVazZ0Vk9kRQ?oc=5,Pendaftaran Bantuan UMKM Banjir Aceh Tamiang Ditunda - RRI.co.id,news.google.com,extraction_failed,2026-08-31 23:33:00
https://news.google.com/rss/articles/CBMimwFBVV95cUxQOF9Fb3hvdGh6ek9TQTB6VGVvekxpTElfQS14Z1ZMMWJiSFVLZnBqdFhYOXI1aUUzSTVrZUxpaDFzUlBxZHlBMS1veXIxNFhlWWo0WEtfRUY1MXgxX2EzcU5OTTJ6NUlySXF4UTNENXVOd25YUWthT3F2Nmp1TUhOdkVUT1otZ3I4V3Z2LW80eTE5Z1dkRDM4LWtEMA?oc=5,https://news.google.com/rss/articles/CBMimwFBVV95cUxQOF9Fb3hvdGh6ek9TQTB6VGVvekxpTElfQS14Z1ZMMWJiSFVLZnBqdFhYOXI1aUUzSTVrZUxpaDFzUlBxZHlBMS1veXIxNFhlWWo0WEtfRUY1MXgxX2EzcU5OTTJ6NUlySXF4UTNENXVOd25YUWthT3F2Nmp1TUhOdkVUT1otZ3I4V3Z2LW80eTE5Z1dkRDM4LWtEMA?oc=5,Bidjeh Koepi Sediakan Sarapan Lezat Harga Terjangkau - RRI.co.id,news.google.com,extraction_failed,2026-08-31 23:33:01
https://news.google.com/rss/articles/CBMiwwFBVV95cUxONEpaY0x6YVFjT1MzUEZwUGFHRTM2RHptODkzTFJZT0EwanZGcTdvU2RfWWotYl9nMC0wZl9FdmhPWjJRYV9sbXBheW9OcTJEUUoxZjRYYkhCY1RsWVlmSzBlQ3V1R0pxeU92bGE2Y0JlQWxfRll5WUhfcHRMUDFGaTlkTTlrVDd3MlZKX05idXJOZ1A0ZFdaM0F5MjU1TmxBNXAxQ1NTRS1yY0s0bUQ5MTVGVXJVbmhKZHJtSWxZcThTWjQ?oc=5,https://news.google.com/rss/articles/CBMiwwFBVV95cUxONEpaY0x6YVFjT1MzUEZwUGFHRTM2RHptODkzTFJZT0EwanZGcTdvU2RfWWotYl9nMC0wZl9FdmhPWjJRYV9sbXBheW9OcTJEUUoxZjRYYkhCY1RsWVlmSzBlQ3V1R0pxeU92bGE2Y0JlQWxfRll5WUhfcHRMUDFGaTlkTTlrVDd3MlZKX05idXJOZ1A0ZFdaM0F5MjU1TmxBNXAxQ1NTRS1yY0s0bUQ5MTVGVXJVbmhKZHJtSWxZcThTWjQ?oc=5,"Terkait Program CSR Rp18 Juta yang Tertunda, Kepala BAS Lhokseumawe: Dikembalikan ke Pusat - MODUS ACEH",news.google.com,extraction_failed,2026-08-31 23:33:01
https://news.google.com/rss/articles/CBMipgFBVV95cUxNUlR5TDNhMWdXX21WSTl2b19jdkJyU0R4aTVIR2lGM1RTQUs0cHhodFlzeWdmZmNMN0xJNzVWUTNHbko0SXZ0N2dobW5vSXd1YkxwcFUtWjJjTUltcmZzNmcySjVJWWZ6MTNyRHhiaTA0cjlDa1VYWVNKQ2xvYXNwd213aDd3eWUxT21OLVRLVUtIZk9FNG5mRGJ2NW5tUmwzeXpmRVJ3?oc=5,https://news.google.com/rss/articles/CBMipgFBVV95cUxNUlR5TDNhMWdXX21WSTl2b19jdkJyU0R4aTVIR2lGM1RTQUs0cHhodFlzeWdmZmNMN0xJNzVWUTNHbko0SXZ0N2dobW5vSXd1YkxwcFUtWjJjTUltcmZzNmcySjVJWWZ6MTNyRHhiaTA0cjlDa1VYWVNKQ2xvYXNwd213aDd3eWUxT21OLVRLVUtIZk9FNG5mRGJ2NW5tUmwzeXpmRVJ3?oc=5,BSI Tunggu Skema Pembiayaan Koperasi Merah Putih Lhokseumawe - RRI.co.id,news.google.com,extraction_failed,2026-08-31 23:33:01
https://news.google.com/rss/articles/CBMimAFBVV95cUxPczJsR3FaVGVIbFB4bm8yUUlGbEJDSzNVUk96cUV6bXJIR2ItamNnNFdvcEFBZXFCRnJkWGNJYzBfQUxfdU1uem0tLXFPa09hU0s4RUY2ZHZET2xwcUNNdGx4d2dlMXVsNWtJdzZjZVo4c1hyYjZTQU0yRDd6eWFYc2NxR3hFeWRBVFEwX3JacGpfNnVLbXlacg?oc=5,https://news.google.com/rss/articles/CBMimAFBVV95cUxPczJsR3FaVGVIbFB4bm8yUUlGbEJDSzNVUk96cUV6bXJIR2ItamNnNFdvcEFBZXFCRnJkWGNJYzBfQUxfdU1uem0tLXFPa09hU0s4RUY2ZHZET2xwcUNNdGx4d2dlMXVsNWtJdzZjZVo4c1hyYjZTQU0yRDd6eWFYc2NxR3hFeWRBVFEwX3JacGpfNnVLbXlacg?oc=5,"PLN Dukung UMKM Bafareez Chips, Dorong Produk Lokal Lhokseumawe Berkembang - Putaran.id",news.google.com,extraction_failed,2026-08-31 23:33:02
https://news.google.com/rss/articles/CBMiqAFBVV95cUxPZXFxcW11YmlwU2VlajhNSUZyck5HeUtLMndFVmpKMDFQOXYwMDc1YUZESmptMjBSUi1aVlhFVmhuNnFZbENZMVZObUR4UnMzYVpGWXBXY0NrUi12QXZhcVN2TmNfS3RRdjA0NlpMYXVldGVzU1VzU3FnWHNLaDdmNVpTMzI4d09zVm1La0IzUENvd3VNa2RNc3ctMGVhWHNhSk1weGtZMzk?oc=5,https://news.google.com/rss/articles/CBMiqAFBVV95cUxPZXFxcW11YmlwU2VlajhNSUZyck5HeUtLMndFVmpKMDFQOXYwMDc1YUZESmptMjBSUi1aVlhFVmhuNnFZbENZMVZObUR4UnMzYVpGWXBXY0NrUi12QXZhcVN2TmNfS3RRdjA0NlpMYXVldGVzU1VzU3FnWHNLaDdmNVpTMzI4d09zVm1La0IzUENvd3VNa2RNc3ctMGVhWHNhSk1weGtZMzk?oc=5,UMKM Indonesia Percepat Transformasi Digital Inovasi Teknologi - RRI.co.id,news.google.com,extraction_failed,2026-08-31 23:33:02
https://news.google.com/rss/articles/CBMirAFBVV95cUxQaXhEdGdva1k1UW9IOGJha213UmhIOWdpeHJPR1U4YjNQdG5Fbmp5LUtydFoybDVjS0JrZkVVOUs0eG56akNwQ3d5Q2FCT1VORjY2aVdKRlFOdjlPbFNMbnc1NmMwSFJFazRsMzE3a0hwZnhLaUJLdW5YeVNxTV9TTlVNdHR6N3RqeUdnY21EZERCTUIwUkhDSTVKeHhOeE1qRDJhWG9BOHZmWUVw0gGyAUFVX3lxTE1qUTlRZ3lCZmVDbHpCNWN3QXVxOXlZSFZESUpPS216anotWUVvYWtKLUVqTmlkdmtyYWFaNWNrQ2JWTE16VnhuS0kwLUJaY3ViclBVQTkxUDdBYXlNaDBWeTc2M3dWRjhFTFF0NG85Z0RfTHFRS25OWUZmS0ZyS2VrTHNzSnFfRDRVQjFIS3kxSnNfOTBCalVSam9JUDg5c3huTjZ3Z2luOVNfYjdmYjhuV3c?oc=5,https://news.google.com/rss/articles/CBMirAFBVV95cUxQaXhEdGdva1k1UW9IOGJha213UmhIOWdpeHJPR1U4YjNQdG5Fbmp5LUtydFoybDVjS0JrZkVVOUs0eG56akNwQ3d5Q2FCT1VORjY2aVdKRlFOdjlPbFNMbnc1NmMwSFJFazRsMzE3a0hwZnhLaUJLdW5YeVNxTV9TTlVNdHR6N3RqeUdnY21EZERCTUIwUkhDSTVKeHhOeE1qRDJhWG9BOHZmWUVw0gGyAUFVX3lxTE1qUTlRZ3lCZmVDbHpCNWN3QXVxOXlZSFZESUpPS216anotWUVvYWtKLUVqTmlkdmtyYWFaNWNrQ2JWTE16VnhuS0kwLUJaY3ViclBVQTkxUDdBYXlNaDBWeTc2M3dWRjhFTFF0NG85Z0RfTHFRS25OWUZmS0ZyS2VrTHNzSnFfRDRVQjFIS3kxSnNfOTBCalVSam9JUDg5c3huTjZ3Z2luOVNfYjdmYjhuV3c?oc=5,"Pemko Lhokseumawe Gelar Bazar Ramadhan, Perkuat Ekonomi Lokal dan Kreatif » - dialeksis.com",news.google.com,extraction_failed,2026-08-31 23:33:02
https://news.google.com/rss/articles/CBMirwFBVV95cUxPVTBGTVZXUEVXQUxHTXV5YzhmQl9QTUNSMjhpQnRKeGpsSHh5d2ZMUWhDYkx1T2Z2bEVLMGE2LWNLQnFzcENWcU1rSmZmblRSeDFkOTJNRW1VS1lRMDF4TC1HZ2x2UzYxcngwRWRLS2RyV2hfMjl5cllIRklGMlN2R1pvajZWcjJSRVVxelZZam9aa0lCMm5OZjZtai1maFVPQVBoTVB1WkQwRWFUMFNN?oc=5,https://news.google.com/rss/articles/CBMirwFBVV95cUxPVTBGTVZXUEVXQUxHTXV5YzhmQl9QTUNSMjhpQnRKeGpsSHh5d2ZMUWhDYkx1T2Z2bEVLMGE2LWNLQnFzcENWcU1rSmZmblRSeDFkOTJNRW1VS1lRMDF4TC1HZ2x2UzYxcngwRWRLS2RyV2hfMjl5cllIRklGMlN2R1pvajZWcjJSRVVxelZZam9aa0lCMm5OZjZtai1maFVPQVBoTVB1WkQwRWFUMFNN?oc=5,Lhokseumawe Siap Promosi Produk Unggulan UMKM di Level Nasional - Pemerintahan Aceh,news.google.com,extraction_failed,2026-08-31 23:33:02
https://news.google.com/rss/articles/CBMiogFBVV95cUxPM3NLLXpIYXd3ZnUxYjhJXzd3WFNNVG5YMTJIRGJsQ1E5R2w4clhtOGJpY0c4aHB5dTRhRDdMblFrU0R6QWpzcm5qNjVwZ3I4elBXb0p1ZFMweTdRM1pJWl95bDQzWGh4ZktfSTVXeURyUkk4cGpRc0ZrQXRBWWdMUm5hcHBUa1ZZRFlkcExhRF82VzkweHA1Mi15YUpsMDBxQ1E?oc=5,https://news.google.com/rss/articles/CBMiogFBVV95cUxPM3NLLXpIYXd3ZnUxYjhJXzd3WFNNVG5YMTJIRGJsQ1E5R2w4clhtOGJpY0c4aHB5dTRhRDdMblFrU0R6QWpzcm5qNjVwZ3I4elBXb0p1ZFMweTdRM1pJWl95bDQzWGh4ZktfSTVXeURyUkk4cGpRc0ZrQXRBWWdMUm5hcHBUa1ZZRFlkcExhRF82VzkweHA1Mi15YUpsMDBxQ1E?oc=5,Semangat DWP RRI Lhokseumawe Meriahkan Bazar UMKM - RRI.co.id,news.google.com,extraction_failed,2026-08-31 23:33:02
https://news.google.com/rss/articles/CBMiygFBVV95cUxQN1FVdHUzdngwNHhsQkJhLVVlY285ZGdfVEJtYml2WVlqU3o2cm8yUjIxUnFVVzhVV1lQR0pjUlY0SjU2bjVlZUo1cTBJZkN3amgtSGdwRHhjUmQ3Tzc4MnpUeFF5dFJ5RnJLWTUyQmdTWnh1RHVPT0VGM0Y5RlA1VlFsbFd1Q042QVFBSWJORjhDRE1VdXRmV2FxTmxrN2hXM19YMklpZ2ZxLXdnLUdMSllvbXQtMXh4aGctR2lxUE1NTjRTcFlNX2Nn?oc=5,https://news.google.com/rss/articles/CBMiygFBVV95cUxQN1FVdHUzdngwNHhsQkJhLVVlY285ZGdfVEJtYml2WVlqU3o2cm8yUjIxUnFVVzhVV1lQR0pjUlY0SjU2bjVlZUo1cTBJZkN3amgtSGdwRHhjUmQ3Tzc4MnpUeFF5dFJ5RnJLWTUyQmdTWnh1RHVPT0VGM0Y5RlA1VlFsbFd1Q042QVFBSWJORjhDRE1VdXRmV2FxTmxrN2hXM19YMklpZ2ZxLXdnLUdMSllvbXQtMXh4aGctR2lxUE1NTjRTcFlNX2Nn?oc=5,"Pedagang UMKM Lhokseumawe Antusias Sambut Penjabat Gubernur Aceh - Dinas Komunikasi, Informatika dan Persandian Aceh",news.google.com,extraction_failed,2026-08-31 23:33:02
https://news.google.com/rss/articles/CBMitAFBVV95cUxOM2d3cS1FZk1hNzJwTXVCd3NGNzJJVzRzbjZneDZ6UmpHd0xoNU01clc1cTJZM250Z3pBbDhpSHVnNWN3UzJuSDdYOWtFb3FoNUNKVkRjQWh2eE5lWDc1MllGa0dvRFRHVm1jQ25qX0ZSZ1E4OEd5cjJqQ01JRXV5YVdackJZdTdkM2RYamY1R1BSMWd0N1ZrbXQ3S29TT285aWRocG9TT0dSei1UdTlCeXJSaWI?oc=5,https://news.google.com/rss/articles/CBMitAFBVV95cUxOM2d3cS1FZk1hNzJwTXVCd3NGNzJJVzRzbjZneDZ6UmpHd0xoNU01clc1cTJZM250Z3pBbDhpSHVnNWN3UzJuSDdYOWtFb3FoNUNKVkRjQWh2eE5lWDc1MllGa0dvRFRHVm1jQ25qX0ZSZ1E4OEd5cjJqQ01JRXV5YVdackJZdTdkM2RYamY1R1BSMWd0N1ZrbXQ3S29TT285aWRocG9TT0dSei1UdTlCeXJSaWI?oc=5,Kajari Lhokseumawe - Disperindagkop Teken MoU Pembinaan UMKM - Pemerintahan Aceh,news.google.com,extraction_failed,2026-08-31 23:33:03
https://news.google.com/rss/articles/CBMirgFBVV95cUxQWEFhRVh5SU5RQkxQVi1QRjVXem1jb3FNcmxPSG95XzBQZ3FlNGNfZzVIcGNPbVFva2dmQ1FjVnJqR01EaHJxYmV2MFRwZUY0VmV1bzAtb1poeWdHdjFwQjlneW43a1VjTWx5bmk5M1BLeVQ3VkpOXzdzM19qc05xblJtbzdBU3l1aWF1NlFzZ1gxdFpQdDFFdDY3TWRBRkpjdW56TGRfOXdXNnl4Y0HSAbMBQVVfeXFMTTB1bFp2dTBNVXNQVHkyamFhWTNYUTVpRGVQRTBuUGU3WE1IalZrSnZNRi1TNWRGRUtNbTVXemc5LUcyVkM1UEJoR1dWbHl2Qk1aQ3lJNDhrU3dWb1ZFemVjZUlqenNTaVJENzY1aW9qV0psS0pMVXh2YVAtOG5QR09fOVIxYXVmbXVJVHNDbjBDYWJ2NWpBclduVktkRFJLeHV0dmNFQlpSMVlXeGtZd1ZmOTg?oc=5,https://news.google.com/rss/articles/CBMirgFBVV95cUxQWEFhRVh5SU5RQkxQVi1QRjVXem1jb3FNcmxPSG95XzBQZ3FlNGNfZzVIcGNPbVFva2dmQ1FjVnJqR01EaHJxYmV2MFRwZUY0VmV1bzAtb1poeWdHdjFwQjlneW43a1VjTWx5bmk5M1BLeVQ3VkpOXzdzM19qc05xblJtbzdBU3l1aWF1NlFzZ1gxdFpQdDFFdDY3TWRBRkpjdW56TGRfOXdXNnl4Y0HSAbMBQVVfeXFMTTB1bFp2dTBNVXNQVHkyamFhWTNYUTVpRGVQRTBuUGU3WE1IalZrSnZNRi1TNWRGRUtNbTVXemc5LUcyVkM1UEJoR1dWbHl2Qk1aQ3lJNDhrU3dWb1ZFemVjZUlqenNTaVJENzY1aW9qV0psS0pMVXh2YVAtOG5QR09fOVIxYXVmbXVJVHNDbjBDYWJ2NWpBclduVktkRFJLeHV0dmNFQlpSMVlXeGtZd1ZmOTg?oc=5,BI Lhokseumawe Terus Dorong UMKM Naik Kelas dan Jaga Stabilitas Inflasi Daerah » - dialeksis.com,news.google.com,extraction_failed,2026-08-31 23:33:03
https://news.google.com/rss/articles/CBMiuAFBVV95cUxQRllqR09Jdmk2NjhZU0hLRlM0M3EwVjh5bGtQdHNSNzlFWW9qZlFaeE1zU2R2MzVIRFdRc3NvOHg4LXJBV3J3TjR5NjRXOWQxcDRyN0ZDMzUtR2lHN0JRMUVoRGVUSFVGN0FMd3E4U1lqTl9rN0lBV2U2SkNnTFUtQjdoN2NlWGtSLVlyeERCVi1rY2ZJOGoxUW1wWDltdWVwV3J3Z3FaWEdRbnNlZUlpeUpReURta0pF0gGyAUFVX3lxTE9LZElRek90RVRSc2xmTjZ0MVQ0T1c2ZUFSdnJIQlJEX2NQOWk5Zk5TVUN4QVlEcW0zY1M5b2hsa1BQaXd1cl9XUjg5X0VmbWtiODBsVDdfV3JpR2dPZ09nZ1E2OU1CdEI2d05aY2RoQkxWUWhoSHBFYW44al9kZTk5dFZ4dDEzZGVSdDg4aG5HYTR3NWZFOURTend3bkV4UHNBVDhvQUdnX3Y0WjJRR1pNMnc?oc=5,https://news.google.com/rss/articles/CBMiuAFBVV95cUxQRllqR09Jdmk2NjhZU0hLRlM0M3EwVjh5bGtQdHNSNzlFWW9qZlFaeE1zU2R2MzVIRFdRc3NvOHg4LXJBV3J3TjR5NjRXOWQxcDRyN0ZDMzUtR2lHN0JRMUVoRGVUSFVGN0FMd3E4U1lqTl9rN0lBV2U2SkNnTFUtQjdoN2NlWGtSLVlyeERCVi1rY2ZJOGoxUW1wWDltdWVwV3J3Z3FaWEdRbnNlZUlpeUpReURta0pF0gGyAUFVX3lxTE9LZElRek90RVRSc2xmTjZ0MVQ0T1c2ZUFSdnJIQlJEX2NQOWk5Zk5TVUN4QVlEcW0zY1M5b2hsa1BQaXd1cl9XUjg5X0VmbWtiODBsVDdfV3JpR2dPZ09nZ1E2OU1CdEI2d05aY2RoQkxWUWhoSHBFYW44al9kZTk5dFZ4dDEzZGVSdDg4aG5HYTR3NWZFOURTend3bkV4UHNBVDhvQUdnX3Y0WjJRR1pNMnc?oc=5,Pemkot Lhokseumawe komitmen kembangkan UMKM untuk gerakkan ekonomi - ANTARA News Aceh,news.google.com,extraction_failed,2026-08-31 23:33:03
https://news.google.com/rss/articles/CBMiygFBVV95cUxPOEY5VWU2WFRXMEh4bG5hbUNIOUVYYmVHQzBYRlZ1OG9iTHZoZVVkb3B0OWZhSm92WHVoNDh5OUtVczZqYTl3ZlpHUDZVX1hpcVNaSDBjZ0tsVF9CWFZZYUNwWEJqVVZWUm9rLXZaal8yQm5Pbmo4T0FmRHMxMGI5bzFYVjZ0dW1iamtNVnlNNTlCX2pCT2Rnencyc3B6YnAyTURTakFGUTd2WFRhcjhCazlNNVlrWFJFcEZMZ1Rob1ZiTXk3TW85SU1B?oc=5,https://news.google.com/rss/articles/CBMiygFBVV95cUxPOEY5VWU2WFRXMEh4bG5hbUNIOUVYYmVHQzBYRlZ1OG9iTHZoZVVkb3B0OWZhSm92WHVoNDh5OUtVczZqYTl3ZlpHUDZVX1hpcVNaSDBjZ0tsVF9CWFZZYUNwWEJqVVZWUm9rLXZaal8yQm5Pbmo4T0FmRHMxMGI5bzFYVjZ0dW1iamtNVnlNNTlCX2pCT2Rnencyc3B6YnAyTURTakFGUTd2WFRhcjhCazlNNVlrWFJFcEZMZ1Rob1ZiTXk3TW85SU1B?oc=5,"BI Lhokseumawe Gelar Gayo Coffee Expo di Takengon, Upaya Perkuat Ekonomi Lokal - Bisnis.com",news.google.com,extraction_failed,2026-08-31 23:33:04
https://news.google.com/rss/articles/CBMivAFBVV95cUxPOFZLRElUREE2VzIzT3dXbnBIdVF3UmRPaVFXYWxGRWVpZl9ZWHNvR0YtSmJ3Ykc1cFJJd2toejY1VG9PX1VlWW9EZ3hPdHgzOWEwcjBjQTB5M2hRRXQtWkFMLS1XS3c4U2FpWllTUXVVbU00VWU1QWd2dHB3QzZBX0ZnWnFLU3BvaUlGTUNNdEJkUWc2Y1YyWUN3TjRJUGFzTXctWVE1aEVOTnk0TW1WZUJ2cjlDbmk0c25ZWA?oc=5,https://news.google.com/rss/articles/CBMivAFBVV95cUxPOFZLRElUREE2VzIzT3dXbnBIdVF3UmRPaVFXYWxGRWVpZl9ZWHNvR0YtSmJ3Ykc1cFJJd2toejY1VG9PX1VlWW9EZ3hPdHgzOWEwcjBjQTB5M2hRRXQtWkFMLS1XS3c4U2FpWllTUXVVbU00VWU1QWd2dHB3QzZBX0ZnWnFLU3BvaUlGTUNNdEJkUWc2Y1YyWUN3TjRJUGFzTXctWVE1aEVOTnk0TW1WZUJ2cjlDbmk0c25ZWA?oc=5,Dosen FEB Unimal Sebutkan UMKM di Lhokseumawe Belum Optimalkan Pasar Digital - UnimalNews,news.google.com,extraction_failed,2026-08-31 23:33:04
https://news.google.com/rss/articles/CBMiugFBVV95cUxOZkxGZUxVaUhpQktXU1h4OWphRzhRc3ZCc3l0dGpmUjY5SkNLbmdXT3RUMjI0TnREQ3BxbzBIT1A3SXhFbVB3a2d5QnUtX0hKemxkcTVNbElGWTA3TnMzYXJVNWV0dTQxYlFfZVFwcndtUHZaNktxT2JUa19YclpCQjB2cjNFWVRuWC16aU1hTG9vVDFyQ3BrR0kyUlptT3JhX1pxZHpnV2dFc3RIZWt6Y0xCRmRzY240M1E?oc=5,https://news.google.com/rss/articles/CBMiugFBVV95cUxOZkxGZUxVaUhpQktXU1h4OWphRzhRc3ZCc3l0dGpmUjY5SkNLbmdXT3RUMjI0TnREQ3BxbzBIT1A3SXhFbVB3a2d5QnUtX0hKemxkcTVNbElGWTA3TnMzYXJVNWV0dTQxYlFfZVFwcndtUHZaNktxT2JUa19YclpCQjB2cjNFWVRuWC16aU1hTG9vVDFyQ3BrR0kyUlptT3JhX1pxZHpnV2dFc3RIZWt6Y0xCRmRzY240M1E?oc=5,Pelaku UKM di Kota Lhokseumawe Dibekali Ilmu Kewirausahaan - Pemerintahan Aceh,news.google.com,extraction_failed,2026-08-31 23:33:04
https://news.google.com/rss/articles/CBMiwwFBVV95cUxQYXdWUkYzTEhpYTJXZzV4Z3d5TVNFSVBpanRaS2lpcjUxOGM4VWxpZWJCVE1ZenRHVmNTN3Y5QUktTFZLSWNWOWlxMjE0XzFEbGN4SFlyNHB5MHNILVhRQjFsV1BHeU1DdHFMVTdYeWVPa09pWk5LWmZ1VFJHbzJVYVdZS09JTmM1LUVUc2RId1gzU3hHR3A1YXd1Y2tEZlV4dHA5ZUJhU2c3T1pkOXFEQmhqYVNjVUgtMkZ1eGZTdG9lNnc?oc=5,https://news.google.com/rss/articles/CBMiwwFBVV95cUxQYXdWUkYzTEhpYTJXZzV4Z3d5TVNFSVBpanRaS2lpcjUxOGM4VWxpZWJCVE1ZenRHVmNTN3Y5QUktTFZLSWNWOWlxMjE0XzFEbGN4SFlyNHB5MHNILVhRQjFsV1BHeU1DdHFMVTdYeWVPa09pWk5LWmZ1VFJHbzJVYVdZS09JTmM1LUVUc2RId1gzU3hHR3A1YXd1Y2tEZlV4dHA5ZUJhU2c3T1pkOXFEQmhqYVNjVUgtMkZ1eGZTdG9lNnc?oc=5,Rumah BUMN Aceh inisiasi pelatihan untuk 118 UMKM perempuan di Lhokseumawe - ANTARA News Aceh,news.google.com,extraction_failed,2026-08-31 23:33:04
https://news.google.com/rss/articles/CBMi3gFBVV95cUxQTEZnTU5obnBnSHhON1NHcXhCRGVnZkR1bGtmbURGTko2QWhXUFNXem9iQWtleW5ha29xeDlkLUg0elZVbmw3bThEV1diTkEtU0x4MVRVYXVXa0NoWl9ZempwRzM4R1JselM3aDVhWTRaeXhKMVFwN1JMbXFILWpvRlJaZDBjbTdMbDM2eWYzTUNXVTVYLWlhRndRcjJKRDJlZHpBcERhbEhEYmdHd2lLcWlPcFJfNlFScm5sb3UwMDNrU1VIQjdsZXBnM3J2cmhVa2ZrTldNSzZjTXR6TUE?oc=5,https://news.google.com/rss/articles/CBMi3gFBVV95cUxQTEZnTU5obnBnSHhON1NHcXhCRGVnZkR1bGtmbURGTko2QWhXUFNXem9iQWtleW5ha29xeDlkLUg0elZVbmw3bThEV1diTkEtU0x4MVRVYXVXa0NoWl9ZempwRzM4R1JselM3aDVhWTRaeXhKMVFwN1JMbXFILWpvRlJaZDBjbTdMbDM2eWYzTUNXVTVYLWlhRndRcjJKRDJlZHpBcERhbEhEYmdHd2lLcWlPcFJfNlFScm5sb3UwMDNrU1VIQjdsZXBnM3J2cmhVa2ZrTldNSzZjTXR6TUE?oc=5,Pj Wali Kota Lhokseumawe Promosikan Bordir Khas Daerah pada Ajang Fashion Show Korwil I Apeksi - Pemerintahan Aceh,news.google.com,extraction_failed,2026-08-31 23:33:04
https://news.google.com/rss/articles/CBMirAFBVV95cUxOcUFVY242YkZGUzMxQXlUbXAySlU3bjVJdlhJa0xJclNuWk5aTDM1X1ozUl9FY3NCWVpFTlV6SFY3bEFIS1RMcWN2WURUWTd6aVJfYVpUbUlJdU01M0s5VFlyeHlGcHFXV01Sci1GTHBSc0lpaFVZRThMbFpGNUx4SFdGa1BiUHRycGFRT3FES29BbFVoc3hyNXFzajZ0VU9SR1FpUEVjdWFTTklo?oc=5,https://news.google.com/rss/articles/CBMirAFBVV95cUxOcUFVY242YkZGUzMxQXlUbXAySlU3bjVJdlhJa0xJclNuWk5aTDM1X1ozUl9FY3NCWVpFTlV6SFY3bEFIS1RMcWN2WURUWTd6aVJfYVpUbUlJdU01M0s5VFlyeHlGcHFXV01Sci1GTHBSc0lpaFVZRThMbFpGNUx4SFdGa1BiUHRycGFRT3FES29BbFVoc3hyNXFzajZ0VU9SR1FpUEVjdWFTTklo?oc=5,"EcoprintMu, UMKM Binaan Lazismu Lhokseumawe Teken MoU dengan Famous Textile - Lazismu",news.google.com,extraction_failed,2026-08-31 23:33:04
https://news.google.com/rss/articles/CBMirAFBVV95cUxPU0szZXhKcGVkelFzYmxFWV94RjRHcjZRY2VHR25NX2NzczFXaVBpYlhYMDBlczFUWjlQVWplVlNPaVZlSlhObWhfaWkyNXQ5bXRUUU5QYk5sRGh3T1hHQkFscV8xeFhyVVZfblRvekFic2o5RFFUdDlKYVVVSnczZTRGREZKeVAwbXZsMDE1eUZadG9SbDhraGpIV21vcHA3cjl6bHhNWVpfbUs00gGyAUFVX3lxTE50dlBIZ2VoZEtnT1UyZ3JvOWU1NWlySl9LRUJIWnRrYzlLaFBYeF9RLTBkRmFoTkZabkwzVUZfMy1WY0p0ak1qNjQwVENFc1YxbHRad3dYNnVDeVVFR292UnFPN3hkSGdJRm1lZlFEUHRvN1hWY1hIZmpTSmhiTi1acTNYUHZta1JqZ3Z4cmlFM0ZyVHpNem05Njd4cklHcHNmSVJsSXl4ajZqdVVRNGF5Rmc?oc=5,https://news.google.com/rss/articles/CBMirAFBVV95cUxPU0szZXhKcGVkelFzYmxFWV94RjRHcjZRY2VHR25NX2NzczFXaVBpYlhYMDBlczFUWjlQVWplVlNPaVZlSlhObWhfaWkyNXQ5bXRUUU5QYk5sRGh3T1hHQkFscV8xeFhyVVZfblRvekFic2o5RFFUdDlKYVVVSnczZTRGREZKeVAwbXZsMDE1eUZadG9SbDhraGpIV21vcHA3cjl6bHhNWVpfbUs00gGyAUFVX3lxTE50dlBIZ2VoZEtnT1UyZ3JvOWU1NWlySl9LRUJIWnRrYzlLaFBYeF9RLTBkRmFoTkZabkwzVUZfMy1WY0p0ak1qNjQwVENFc1YxbHRad3dYNnVDeVVFR292UnFPN3hkSGdJRm1lZlFEUHRvN1hWY1hIZmpTSmhiTi1acTNYUHZta1JqZ3Z4cmlFM0ZyVHpNem05Njd4cklHcHNmSVJsSXl4ajZqdVVRNGF5Rmc?oc=5,Pemkot tingkatkan kualitas kemasan bagi produk UMKM di Lhokseumawe - ANTARA News Aceh,news.google.com,extraction_failed,2026-08-31 23:33:05
https://news.google.com/rss/articles/CBMiwwFBVV95cUxPcm83QmJlWTZYeHdSOE5MUmJBbG5INmNnM1FXUGw0bXdRejBRUkZjc2JaSG5LZDJ0alNOcXhSaGl4dkRjMGM2MEo1WnBVQUlob256eng0R0l0ZTNncllpWHFuemljQ2dTZFp3SW82T0RwQmFEekVoQVc5YlpyY2NfaXAtQVVPUXExanM0aXpXT25CTjJNaWhTRlhEZ212LXhVVGdpVVE2WDBUTUFjSGkwUmgtbV9TeDlqY0s1ZWhGUm05bkE?oc=5,https://news.google.com/rss/articles/CBMiwwFBVV95cUxPcm83QmJlWTZYeHdSOE5MUmJBbG5INmNnM1FXUGw0bXdRejBRUkZjc2JaSG5LZDJ0alNOcXhSaGl4dkRjMGM2MEo1WnBVQUlob256eng0R0l0ZTNncllpWHFuemljQ2dTZFp3SW82T0RwQmFEekVoQVc5YlpyY2NfaXAtQVVPUXExanM0aXpXT25CTjJNaWhTRlhEZ212LXhVVGdpVVE2WDBUTUFjSGkwUmgtbV9TeDlqY0s1ZWhGUm05bkE?oc=5,Berita Perwakilan BI Lhokseumawe Sosialisasikan QRIS Kepada UMKM di Aceh Tengah - Pemerintah Kabupaten Aceh Tengah,news.google.com,extraction_failed,2026-08-31 23:33:05
https://news.google.com/rss/articles/CBMiywFBVV95cUxQQm5OOEdpMWsyT2ZBRmkyNWtSWko5c29iSUNNZnJWX2pMTGVRWk40Z1RZRFh3RGZJNEJ1OVZXSC0tQV9JLV9aTk9ONTRrWEhVUW1HbU1oUkl6SWRRY2hhdXJockhUZmdCLWp1clEwM1MtUE5VOVZSMzlPSlV5ZEQzazVHTENyM0ZWYjJ0UWFUSGxfdW1UTnRXNmdHSzg2aFN4VkJwS2k1NF9GZHRBaTVMNHlyMHBGbkJhanFvY1haSFYwMDc1WFhDdkJfdw?oc=5,https://news.google.com/rss/articles/CBMiywFBVV95cUxQQm5OOEdpMWsyT2ZBRmkyNWtSWko5c29iSUNNZnJWX2pMTGVRWk40Z1RZRFh3RGZJNEJ1OVZXSC0tQV9JLV9aTk9ONTRrWEhVUW1HbU1oUkl6SWRRY2hhdXJockhUZmdCLWp1clEwM1MtUE5VOVZSMzlPSlV5ZEQzazVHTENyM0ZWYjJ0UWFUSGxfdW1UTnRXNmdHSzg2aFN4VkJwS2k1NF9GZHRBaTVMNHlyMHBGbkJhanFvY1haSFYwMDc1WFhDdkJfdw?oc=5,Dosen Unimal Berikan Pemahaman Pemasaran Digital Bagi UMKM Pupuk Organik Di Lhokseumawe - UnimalNews,news.google.com,extraction_failed,2026-08-31 23:33:05
https://news.google.com/rss/articles/CBMimwFBVV95cUxPNm1WNkMxN1l2bkhud3Q4N21CemZfRFhwMmpkdzVoMThQVW9udFpoS0NPYUJCMV9zdXNycy1XQ0FlYW5pZXlIbGtKTXZ0RDBLMnZFUlg1eEw2bFRMcDNhbjlNcm9xWkRaRGVmOEVQczNUSnFSSXBIT3V5MWtuYUt2aWVZYU1kZlZFaW82ako4cTl4bnVNbXlDNFpYMNIBoAFBVV95cUxOS3doVlVEVFlKYXdwdjVNQ01wNVhlZUNTb1ljbTNQbFZ6ZWZPcDRJTDhZX0IxSFlEQk9vdFdjNnlJUGRYNERVLVlCM2l0VUc2aUFqbVhrWVFyMnJWS1FYSEtQU01ONnROVUJ2YmVjX0JLaWpDZDRZMFMtc3FFNGhfQ1ZJelVMYjNybDRnaGt4blQtVTE5MXhvNTRsSWhneGlV?oc=5,https://news.google.com/rss/articles/CBMimwFBVV95cUxPNm1WNkMxN1l2bkhud3Q4N21CemZfRFhwMmpkdzVoMThQVW9udFpoS0NPYUJCMV9zdXNycy1XQ0FlYW5pZXlIbGtKTXZ0RDBLMnZFUlg1eEw2bFRMcDNhbjlNcm9xWkRaRGVmOEVQczNUSnFSSXBIT3V5MWtuYUt2aWVZYU1kZlZFaW82ako4cTl4bnVNbXlDNFpYMNIBoAFBVV95cUxOS3doVlVEVFlKYXdwdjVNQ01wNVhlZUNTb1ljbTNQbFZ6ZWZPcDRJTDhZX0IxSFlEQk9vdFdjNnlJUGRYNERVLVlCM2l0VUc2aUFqbVhrWVFyMnJWS1FYSEtQU01ONnROVUJ2YmVjX0JLaWpDZDRZMFMtc3FFNGhfQ1ZJelVMYjNybDRnaGt4blQtVTE5MXhvNTRsSWhneGlV?oc=5,UMKM Lhokseumawe sangat terbantu dengan Ahad Festival - ANTARA News Aceh,news.google.com,extraction_failed,2026-08-31 23:33:05
https://news.google.com/rss/articles/CBMitAFBVV95cUxOMFNMLXZVMkxSVW53OExlbjFTcHV2LUFncWRjR01Dd0dzamxvSllmNkdNR0ZCQUVOYlkwQTRLYnlHUkR0bTRTYmRhMy01bnVNbEJFendPeXdMN09nLTRnajhMODJMUklwSjNJZHRaampheHlYRG1EMzhUSHVuV0NxcmZDc3JSdGRNczhJY2taS3ZsSWlickR3X1hSWS13SWJIVXFXQml2bnBhU01wVF9FdTNoVVk?oc=5,https://news.google.com/rss/articles/CBMitAFBVV95cUxOMFNMLXZVMkxSVW53OExlbjFTcHV2LUFncWRjR01Dd0dzamxvSllmNkdNR0ZCQUVOYlkwQTRLYnlHUkR0bTRTYmRhMy01bnVNbEJFendPeXdMN09nLTRnajhMODJMUklwSjNJZHRaampheHlYRG1EMzhUSHVuV0NxcmZDc3JSdGRNczhJY2taS3ZsSWlickR3X1hSWS13SWJIVXFXQml2bnBhU01wVF9FdTNoVVk?oc=5,Pengunjung Minati Produk UMKM Stan Kemilau Lhokseumawe Festival Ekonomi Syariah di Lampung - Portalsatu.com,news.google.com,extraction_failed,2026-08-31 23:33:06
https://news.google.com/rss/articles/CBMirgFBVV95cUxONDVyb2F3VzhBLXYwNVlkaDhDRDJXWXlwNF9LZkdrLXJvQmhRNVZZX2J2TTE4a0I4cEFFSk1xeG5UR2FFZkZuanB4SXFtcC1kNFlZSEloX2VFeVZxalRCUzVDNXF4a2tYVWlWMWNMM2lWRXJKSXZIYUJOeXgtczRiUmkyVUpoc3lUbXFjZmN4cXV5REdGbkZYbXFLWVlkQzV1a1AwT2N4R1N6ZUgycWfSAacBQVVfeXFMTS1STnJpQUcxSngxVEtadnFiak9jR1RTd1c5NlpITVBsV2pScnRrbVRNekZwbElJcUhGQUVuQUltQVhuc2tfYWZ6R3hBUzNKV3kzeVY0aHROaXRTdlFWR1B4YjlIN0xWMWo5TERCU1REelZiTDhqUkQ4WmliRVduMFlpT0Ywc3RvNGhYRy1nWWxTdkdrTU5IaHkzTGR3aWtFSFVDZ0JjWFE?oc=5,https://news.google.com/rss/articles/CBMirgFBVV95cUxONDVyb2F3VzhBLXYwNVlkaDhDRDJXWXlwNF9LZkdrLXJvQmhRNVZZX2J2TTE4a0I4cEFFSk1xeG5UR2FFZkZuanB4SXFtcC1kNFlZSEloX2VFeVZxalRCUzVDNXF4a2tYVWlWMWNMM2lWRXJKSXZIYUJOeXgtczRiUmkyVUpoc3lUbXFjZmN4cXV5REdGbkZYbXFLWVlkQzV1a1AwT2N4R1N6ZUgycWfSAacBQVVfeXFMTS1STnJpQUcxSngxVEtadnFiak9jR1RTd1c5NlpITVBsV2pScnRrbVRNekZwbElJcUhGQUVuQUltQVhuc2tfYWZ6R3hBUzNKV3kzeVY0aHROaXRTdlFWR1B4YjlIN0xWMWo5TERCU1REelZiTDhqUkQ4WmliRVduMFlpT0Ywc3RvNGhYRy1nWWxTdkdrTU5IaHkzTGR3aWtFSFVDZ0JjWFE?oc=5,BI bersama Pemkot Lhokseumawe resmikan pekan QRIS nasional - ANTARA News Aceh,news.google.com,extraction_failed,2026-08-31 23:33:06
https://news.google.com/rss/articles/CBMinAFBVV95cUxNZVZvQlpuSUZPZ3pweDktYnlrSVluRVZpSkZGT0hpTVdBQUdWblBrblFBdDltb1hScE5lenVMVUMwNU5mNDBYOVFCcUw5RzVCMEsyNlhLVXJBV1o2X083dFlFeUZ4X1EtQXNYVFFHb2xJT1VYMjlzQXhuZG9qMDBsSWZfVHU2UzJhZ0dsUExxTDNMSW1sV3dQQWs5dUPSAaIBQVVfeXFMTk52a2o3d3hwd0xOSjZRV0g1dXdsTzVZa2ROQTNkWmEwS1U0cTRoVjhDb0M0aVF1V3JIV212bFV3RDRBR2c0SWF3YmhyeDROOFdycUhCVTVmNk5FYTdkSGdYWmQ1SXRKb3dhNUJMaHFNOVhqelN4ckd2Si0zRGZkNzVmNFlaSXVLT1hYTlhLRWxkRHdCT2VqcXFoY25mbFFzMFR3?oc=5,https://news.google.com/rss/articles/CBMinAFBVV95cUxNZVZvQlpuSUZPZ3pweDktYnlrSVluRVZpSkZGT0hpTVdBQUdWblBrblFBdDltb1hScE5lenVMVUMwNU5mNDBYOVFCcUw5RzVCMEsyNlhLVXJBV1o2X083dFlFeUZ4X1EtQXNYVFFHb2xJT1VYMjlzQXhuZG9qMDBsSWZfVHU2UzJhZ0dsUExxTDNMSW1sV3dQQWs5dUPSAaIBQVVfeXFMTk52a2o3d3hwd0xOSjZRV0g1dXdsTzVZa2ROQTNkWmEwS1U0cTRoVjhDb0M0aVF1V3JIV212bFV3RDRBR2c0SWF3YmhyeDROOFdycUhCVTVmNk5FYTdkSGdYWmQ1SXRKb3dhNUJMaHFNOVhqelN4ckd2Si0zRGZkNzVmNFlaSXVLT1hYTlhLRWxkRHdCT2VqcXFoY25mbFFzMFR3?oc=5,8.146 UMKM di Lhokseumawe diusulkan calon penerima BPUM - ANTARA News Aceh,news.google.com,extraction_failed,2026-08-31 23:33:06
https://news.google.com/rss/articles/CBMi2AFBVV95cUxNWDdmNTFXNnlJbk11YzhwWkhnTXhtdTR0WlpkbnpiN3o2TmVyR2tzSHJ4UDdqYkNVdE5NNUZPRHpwVFVyWGNuUU5SSHViNmZTXzFjTHhVazk1d3VIMVZ1aG9QOENFZ3kzQURKYmEyelQ4MTRVV0lGZExwMDA5WGl5SG9BMFhvdUFpeTNxWDRIazZ4Rmo4VWJvUkJhWWFJWnluUm8tUDFnQ3NSQW1LUFAzSnNIWDhlc0gtR0xfUWlxNUpsaERwNHI2Zk9mbDhrd3hjaG1WUjF1T1E?oc=5,https://news.google.com/rss/articles/CBMi2AFBVV95cUxNWDdmNTFXNnlJbk11YzhwWkhnTXhtdTR0WlpkbnpiN3o2TmVyR2tzSHJ4UDdqYkNVdE5NNUZPRHpwVFVyWGNuUU5SSHViNmZTXzFjTHhVazk1d3VIMVZ1aG9QOENFZ3kzQURKYmEyelQ4MTRVV0lGZExwMDA5WGl5SG9BMFhvdUFpeTNxWDRIazZ4Rmo4VWJvUkJhWWFJWnluUm8tUDFnQ3NSQW1LUFAzSnNIWDhlc0gtR0xfUWlxNUpsaERwNHI2Zk9mbDhrd3hjaG1WUjF1T1E?oc=5,"Inong Kota Lhokseumawe 2024, Nadilla Silvia Bicara Pentingnya Kolaborasi Pariwisata dengan UMKM - TIMES Indonesia",news.google.com,extraction_failed,2026-08-31 23:33:06
https://news.google.com/rss/articles/CBMivgFBVV95cUxQQzN0RUdRWDlpV01RNTlOaU9mc1VHblZ2LUNhZDdaSTNlRTZ0N0VfN3dGZUZ2NC1iLU4yTVRDVnFnRXlfSkpHTkJ4MHV5MDZDdWI0UktwSU9VcnN4UDZqdkxjd0JoWS1JUUtkdWl5VXdpaFQ5OEZyeVhtOWI3WFAtckw2a3lGeWY0ZXFfLWh6bjc2aVZrVW9kWmZxNU5RVHBXYjFRdkEwV1Ftb1lVdWxNUURvQTkzaGtRZEtwZTd30gG3AUFVX3lxTE95Y3NMV19TRUliY2cwaHJDSENTVUFzb040MDc3U2lidG1lak01RWQ1UjlTZEFpeUliN2JYUjJlV2FJZC1JNGl3TXJGRndWaHcyaTRXc2hxVDBMZGtFNFlsbGc1OHM0cXNIYmhTQTBiUGs3dG5xYWFqUFA4Njg2TWZIWkRhNUpxN0ZMQ2ZaeUFfdnFXc215a1c3M1NRU21ibUF2UU55WExKWmJsY3VEN1NwMHhNTjdHVQ?oc=5,https://news.google.com/rss/articles/CBMivgFBVV95cUxQQzN0RUdRWDlpV01RNTlOaU9mc1VHblZ2LUNhZDdaSTNlRTZ0N0VfN3dGZUZ2NC1iLU4yTVRDVnFnRXlfSkpHTkJ4MHV5MDZDdWI0UktwSU9VcnN4UDZqdkxjd0JoWS1JUUtkdWl5VXdpaFQ5OEZyeVhtOWI3WFAtckw2a3lGeWY0ZXFfLWh6bjc2aVZrVW9kWmZxNU5RVHBXYjFRdkEwV1Ftb1lVdWxNUURvQTkzaGtRZEtwZTd30gG3AUFVX3lxTE95Y3NMV19TRUliY2cwaHJDSENTVUFzb040MDc3U2lidG1lak01RWQ1UjlTZEFpeUliN2JYUjJlV2FJZC1JNGl3TXJGRndWaHcyaTRXc2hxVDBMZGtFNFlsbGc1OHM0cXNIYmhTQTBiUGs3dG5xYWFqUFA4Njg2TWZIWkRhNUpxN0ZMQ2ZaeUFfdnFXc215a1c3M1NRU21ibUF2UU55WExKWmJsY3VEN1NwMHhNTjdHVQ?oc=5,UMKM di Lhokseumawe dapat bantuan 50 unit tenda dari Bank Aceh Syariah - ANTARA News Aceh,news.google.com,extraction_failed,2026-08-31 23:33:07
https://news.google.com/rss/articles/CBMitgFBVV95cUxPVkNnTnJLX0c5SEdGeWNydXN5NHR2dXU0QXktNDZ4T3BXNFNBNTVWLVAwRTBaSC12cExJYW1SaGFNQUxEVVdULU5tdzdaR0Noa3pYYlJSSGhReXVTYjVJTl95LXFTa2p5bDVYQWQyM0czX190WFFuUmtRZ3Z6OUpWcU9xdjZmNThMR0Nxc3NaWTJ0WGhacDJ6dVBUTE1KbVZHQXYtRG8zQ3VZXy1VeFBXUXNUbWQ1dw?oc=5,https://news.google.com/rss/articles/CBMitgFBVV95cUxPVkNnTnJLX0c5SEdGeWNydXN5NHR2dXU0QXktNDZ4T3BXNFNBNTVWLVAwRTBaSC12cExJYW1SaGFNQUxEVVdULU5tdzdaR0Noa3pYYlJSSGhReXVTYjVJTl95LXFTa2p5bDVYQWQyM0czX190WFFuUmtRZ3Z6OUpWcU9xdjZmNThMR0Nxc3NaWTJ0WGhacDJ6dVBUTE1KbVZHQXYtRG8zQ3VZXy1VeFBXUXNUbWQ1dw?oc=5,UMKM Lhokseumawe Belajar Rahasia Ekspor di Bea Cukai: Dari Legalitas hingga Menemukan Buyer Global - ampar.id,news.google.com,extraction_failed,2026-08-31 23:33:07
https://news.google.com/rss/articles/CBMipgFBVV95cUxQZnRsa2JLUzdvNldyeEFJQ2tRLU91X2t6THp0OWV4UDlnbmhxMjBpSHJQODdrS0gtX1d5WDhCNE1DODNPS3U5dlZTYmU0ZkNUbXY2MnViT0ZuMjdBMU9PQ25QSG9DanVjREQwMG9nYVNyVWFFUzhtNzU4Q0dydE1mYVFDRnc1YVlPbXU3ZHdpbl9TcTY5Y00wUmlCeXJwQmdXNWg5WVBR?oc=5,https://news.google.com/rss/articles/CBMipgFBVV95cUxQZnRsa2JLUzdvNldyeEFJQ2tRLU91X2t6THp0OWV4UDlnbmhxMjBpSHJQODdrS0gtX1d5WDhCNE1DODNPS3U5dlZTYmU0ZkNUbXY2MnViT0ZuMjdBMU9PQ25QSG9DanVjREQwMG9nYVNyVWFFUzhtNzU4Q0dydE1mYVFDRnc1YVlPbXU3ZHdpbl9TcTY5Y00wUmlCeXJwQmdXNWg5WVBR?oc=5,Ahad Festival jadi lokasi primadona akhir pekan di Lhokseumawe - ANTARA News,news.google.com,extraction_failed,2026-08-31 23:33:07
https://news.google.com/rss/articles/CBMisgFBVV95cUxNS240Z2NYRWE1dzk0Q0JsY25lbXZzR2U1Z2RseHo1WlQwbVYzRElqbGk0enJIY2NpXzZhZHNhU2xaS1NoVnpBMGQ3c0M1NzMwcUlWWmpoMWpUODdsRzNJaFRGOTBNYUJaU2kwRFBSQlZoQ3hDUUVyaGUzWmJGX2hUV2ZJSmVlSlRqYmhRY1Q3YWVHamJ0NlhnTGY1ZlQ1RktWNVdOOWpiaXBTZWZkTk1Hdjh30gG3AUFVX3lxTFBwSlBQRG56Mmhfc1VicUlFNjU2dHBnRlBWUWpuMEY1Q1d1MkVsb1U0UWxiM0ZIQjg2Y1MzNnhUVXp3amNPUkx3X0RPTU5MalJnOVZkQ0RHcTUyWE1rdE1uMzJyTks3UXhtVXRQZlZ5bjZDbWNkWlpaMDktVkh5WFlqSVo5UXZsaElVc0hDQ2hHeXZKOENFSGdLMVVwOVdVdjdnemZQMzgxZ1owTHFLOUlta05BMWI5dw?oc=5,https://news.google.com/rss/articles/CBMisgFBVV95cUxNS240Z2NYRWE1dzk0Q0JsY25lbXZzR2U1Z2RseHo1WlQwbVYzRElqbGk0enJIY2NpXzZhZHNhU2xaS1NoVnpBMGQ3c0M1NzMwcUlWWmpoMWpUODdsRzNJaFRGOTBNYUJaU2kwRFBSQlZoQ3hDUUVyaGUzWmJGX2hUV2ZJSmVlSlRqYmhRY1Q3YWVHamJ0NlhnTGY1ZlQ1RktWNVdOOWpiaXBTZWZkTk1Hdjh30gG3AUFVX3lxTFBwSlBQRG56Mmhfc1VicUlFNjU2dHBnRlBWUWpuMEY1Q1d1MkVsb1U0UWxiM0ZIQjg2Y1MzNnhUVXp3amNPUkx3X0RPTU5MalJnOVZkQ0RHcTUyWE1rdE1uMzJyTks3UXhtVXRQZlZ5bjZDbWNkWlpaMDktVkh5WFlqSVo5UXZsaElVc0hDQ2hHeXZKOENFSGdLMVVwOVdVdjdnemZQMzgxZ1owTHFLOUlta05BMWI5dw?oc=5,Pemkot bikin pusat kuliner baru di Lhokseumawe guna tingkatkan ekonomi - ANTARA News Aceh,news.google.com,extraction_failed,2026-08-31 23:33:07
https://news.google.com/rss/articles/CBMizwFBVV95cUxOdTdONVJENlhNRlBuOVM2bEt5ZGt1V19RRi1yTFU5bWhicXdkNFV2a0pxeEoyOUFiTVh2QW9mN09Ic0dwc0ktN0pBYjRZdG9WVUhURnlIakdKSi1pV3VWY3dWczZZNTF0Y3lFNklLNGxVbkVOTXZBcmd0bzJzU0hUN0NwLWJGUzdLLXNFdmpuNWpqQTdIOUlsZlBXSzh5T3pMY0RGYkNTNDJQdDRfUlo1dzF6N1oxMDZzOVdtV3NJUTFhTTBvRDUyYkZaaXpHNmc?oc=5,https://news.google.com/rss/articles/CBMizwFBVV95cUxOdTdONVJENlhNRlBuOVM2bEt5ZGt1V19RRi1yTFU5bWhicXdkNFV2a0pxeEoyOUFiTVh2QW9mN09Ic0dwc0ktN0pBYjRZdG9WVUhURnlIakdKSi1pV3VWY3dWczZZNTF0Y3lFNklLNGxVbkVOTXZBcmd0bzJzU0hUN0NwLWJGUzdLLXNFdmpuNWpqQTdIOUlsZlBXSzh5T3pMY0RGYkNTNDJQdDRfUlo1dzF6N1oxMDZzOVdtV3NJUTFhTTBvRDUyYkZaaXpHNmc?oc=5,Kepala Perwakilan BI Lhokseumawe Berikan Lampu Hijau Untuk UMKM Kabupaten Bener Meriah - InfoPublik,news.google.com,extraction_failed,2026-08-31 23:33:08
https://news.google.com/rss/articles/CBMiwgFBVV95cUxNeDFKZWNad01ISDhrZjVIU1FISW5Wd1Z5M1JyOFFsRlJvZWRyXzVVYW02TzlvZ0hXd05UeWkwR2pRREMzMnNVR3QwZ09hVTkxWGtKdEZXbGVWLWVGSjFDalEwNERqVUFSUl9tZnIyUHZjSUhmUXNBR210MHZwODN0aGRoa0FQeVMzU1NtUWxWLTc3aXFqQko0MjRYX1pJejAyWE5aQUZDQ0owcUlzdHFMMDVkLTJ2VWJLZXZsS0xvaDlzQQ?oc=5,https://news.google.com/rss/articles/CBMiwgFBVV95cUxNeDFKZWNad01ISDhrZjVIU1FISW5Wd1Z5M1JyOFFsRlJvZWRyXzVVYW02TzlvZ0hXd05UeWkwR2pRREMzMnNVR3QwZ09hVTkxWGtKdEZXbGVWLWVGSjFDalEwNERqVUFSUl9tZnIyUHZjSUhmUXNBR210MHZwODN0aGRoa0FQeVMzU1NtUWxWLTc3aXFqQko0MjRYX1pJejAyWE5aQUZDQ0owcUlzdHFMMDVkLTJ2VWJLZXZsS0xvaDlzQQ?oc=5,Lowongan Pekerjaan Pada KPPN Lhokseumawe - Direktorat Jenderal Perbendaharaan,news.google.com,extraction_failed,2026-08-31 23:33:08
https://news.google.com/rss/articles/CBMipgFBVV95cUxPTVQtMlpYcE40eTAtcERxM00xbFkwU2FJRnh1dC1RVHROcVdua3MzTmN2WVhzN0FWTkRUYjVpN2EzbHh0VG5mNVQ3dFp2ckhOTi1VTGhOYWl3UUtxNzAwSjNZSy1DNDRra2VZbGtrTDdJdllVMi10bVZfa1hPcTFkN2NzQXlJdE8zcVRQY3EzU3VqcUg1SHktbXlwd2x3aG15V3RBUTlR?oc=5,https://news.google.com/rss/articles/CBMipgFBVV95cUxPTVQtMlpYcE40eTAtcERxM00xbFkwU2FJRnh1dC1RVHROcVdua3MzTmN2WVhzN0FWTkRUYjVpN2EzbHh0VG5mNVQ3dFp2ckhOTi1VTGhOYWl3UUtxNzAwSjNZSy1DNDRra2VZbGtrTDdJdllVMi10bVZfa1hPcTFkN2NzQXlJdE8zcVRQY3EzU3VqcUg1SHktbXlwd2x3aG15V3RBUTlR?oc=5,"Gelar Seminar UMKM Bersama AMANAH, Genre Lhokseumawe Hadirkan Ratusan Mahasiswa - Acehinfo",news.google.com,extraction_failed,2026-08-31 23:33:08
https://news.google.com/rss/articles/CBMiwAFBVV95cUxQNUVSTllSaVc2OGlSQTBrV1E1RU5TSXFnR1pFaTFfWHBNc3RqOFk4eTVRZVB3M1gyZkhsR1JDRGxsRzNMc3RGWVN6Z1d6NDVwQ2dSS3YzWVl6MGlQLUt4a1hiWEtqM015c2xnNFZEVnlYbDAzUDRPNUhITXhyT2VnbmEzbFJoeEVyZW9JcmhkLUxKWFVraUhlNDVTYjhEVlpWYmdvT0lvbHpaX25wbUc1OUdvQkZmNFJFQjFLRlB5UXQ?oc=5,https://news.google.com/rss/articles/CBMiwAFBVV95cUxQNUVSTllSaVc2OGlSQTBrV1E1RU5TSXFnR1pFaTFfWHBNc3RqOFk4eTVRZVB3M1gyZkhsR1JDRGxsRzNMc3RGWVN6Z1d6NDVwQ2dSS3YzWVl6MGlQLUt4a1hiWEtqM015c2xnNFZEVnlYbDAzUDRPNUhITXhyT2VnbmEzbFJoeEVyZW9JcmhkLUxKWFVraUhlNDVTYjhEVlpWYmdvT0lvbHpaX25wbUc1OUdvQkZmNFJFQjFLRlB5UXQ?oc=5,PNL Menangkan Hibah Inovokasi dan Bantu Mesin Pengolahan ikan Tuna untuk pelaku UMKM di Lhokseumawe - pujatvaceh.com,news.google.com,extraction_failed,2026-08-31 23:33:09
https://news.google.com/rss/articles/CBMijgFBVV95cUxPOHViVEpyX25PVFAzODgtOFM4bG9PRXg0VGdqdnMyaFN5ODlnT2djS2ZlZFZrZUhzUTJ0OGFnemNadzMybWlsR0ZOaEpBOFZVZms4MVZmMHFjNlhQd3VHQXE1aEh4R1dhMmRoZzZ4M3NnZG9VN2NEanF6aVhDZW0xVVQwajVzT1hhWHVZODhR0gGTAUFVX3lxTE05Z3h1LWJFWWhkck9EOXN0cWw2UU1FYWZNMVNROF9raVdQS2NTVC1Ha1JVOWJ5Y1JZMXdfZnBnUFlmNzBJVWZRWEppazNuSUtLNW5tTG5LVzhiVzhaU2xxa20yOXVOTUlZS1VUdkJIVS1wcHJWbTlJZ2RPTnhHRjRjZ1Jqd0FOTWpsTHlFaXA4X3pBaw?oc=5,https://news.google.com/rss/articles/CBMijgFBVV95cUxPOHViVEpyX25PVFAzODgtOFM4bG9PRXg0VGdqdnMyaFN5ODlnT2djS2ZlZFZrZUhzUTJ0OGFnemNadzMybWlsR0ZOaEpBOFZVZms4MVZmMHFjNlhQd3VHQXE1aEh4R1dhMmRoZzZ4M3NnZG9VN2NEanF6aVhDZW0xVVQwajVzT1hhWHVZODhR0gGTAUFVX3lxTE05Z3h1LWJFWWhkck9EOXN0cWw2UU1FYWZNMVNROF9raVdQS2NTVC1Ha1JVOWJ5Y1JZMXdfZnBnUFlmNzBJVWZRWEppazNuSUtLNW5tTG5LVzhiVzhaU2xxa20yOXVOTUlZS1VUdkJIVS1wcHJWbTlJZ2RPTnhHRjRjZ1Jqd0FOTWpsTHlFaXA4X3pBaw?oc=5,Produk UMKM Aceh tembus pasar Asia Tenggara - ANTARA News Aceh,news.google.com,extraction_failed,2026-08-31 23:33:09
https://news.google.com/rss/articles/CBMiekFVX3lxTFBnMkpVcTBzd0xYYmdkY1NYZ2Z0R0ZuXzZSV1pJMUhxcUU2OUtHSEtXckI1OFNKYjZBMzFtclpjMzVIRU1WVFJSRDJ2VkMzdzlKdGF6M2t1TjhpSHo5bFgwTlQtbl81Q19LOHdPbG1CSDdZLVg5M0NreWln?oc=5,https://news.google.com/rss/articles/CBMiekFVX3lxTFBnMkpVcTBzd0xYYmdkY1NYZ2Z0R0ZuXzZSV1pJMUhxcUU2OUtHSEtXckI1OFNKYjZBMzFtclpjMzVIRU1WVFJSRDJ2VkMzdzlKdGF6M2t1TjhpSHo5bFgwTlQtbl81Q19LOHdPbG1CSDdZLVg5M0NreWln?oc=5,"Ketua APUI Lhokseumawe: 80 Tahun Indonesia Merdeka, Laju Pertumbuhan Ekonomi Aceh dan Lhokseumawe Masih Terpuruk - JuangNews",news.google.com,extraction_failed,2026-08-31 23:33:09
https://news.google.com/rss/articles/CBMilgFBVV95cUxQbHpFV2RkeFJlcGd1akc2QlpIUFFkcm15OEE0anJ5Zy1lV3dGbk5INlpMeWZvS1hqckNNQTN5a2M5eXJ1QUFzVzVNS0Y0cGJ0QlRBeTVCbmNfcDcwdDV1ckNvZU1RNFVlNEU4cXNiekIwc3ZlZjRkem1lT1ZXRUpWZ1NoaDAydDJ4NWJnSWI3QmgyS1VVb0E?oc=5,https://news.google.com/rss/articles/CBMilgFBVV95cUxQbHpFV2RkeFJlcGd1akc2QlpIUFFkcm15OEE0anJ5Zy1lV3dGbk5INlpMeWZvS1hqckNNQTN5a2M5eXJ1QUFzVzVNS0Y0cGJ0QlRBeTVCbmNfcDcwdDV1ckNvZU1RNFVlNEU4cXNiekIwc3ZlZjRkem1lT1ZXRUpWZ1NoaDAydDJ4NWJnSWI3QmgyS1VVb0E?oc=5,"Jasmadi, Penjual Batu Kristal Putih di Lhokseumawe - RRI.co.id",news.google.com,extraction_failed,2026-08-31 23:33:09
https://news.google.com/rss/articles/CBMisAFBVV95cUxPSVVtV1p1V0ppOGlzbFFuSTJRb0V1Sm5uZ2pNektSMzYzN2dTWEh2M1lqM0p5SlV6TzNOaU82NHJYQ255YjcyYjlMR3hwWkk4VmVyQVJsQVoyQW0wRE1wZGNPTDc4MkZwbXQ0cE5DQWlYVmg4NkwyYXJVVEczMmFJVnkzT282MnZpcnhaOXNYSjQ5Q3hmVmpSVVdaRmFjUXU4TF9BeU5ZUElYTW5McFlzag?oc=5,https://news.google.com/rss/articles/CBMisAFBVV95cUxPSVVtV1p1V0ppOGlzbFFuSTJRb0V1Sm5uZ2pNektSMzYzN2dTWEh2M1lqM0p5SlV6TzNOaU82NHJYQ255YjcyYjlMR3hwWkk4VmVyQVJsQVoyQW0wRE1wZGNPTDc4MkZwbXQ0cE5DQWlYVmg4NkwyYXJVVEczMmFJVnkzT282MnZpcnhaOXNYSjQ5Q3hmVmpSVVdaRmFjUXU4TF9BeU5ZUElYTW5McFlzag?oc=5,Sukses Pasar Kuliner Ahad Festival di Lhokseumawe Harus Dipertahankan - RRI.co.id,news.google.com,extraction_failed,2026-08-31 23:33:09
https://news.google.com/rss/articles/CBMiqgFBVV95cUxNSFVEbFpTSG1XdzF6QkQ0T1ZKSkRnSHFfOW5jejBJRzRLSjdfUWJickdBMkNqeHdlR2dwYm9ieTB0YlB2ZFUwbkM2Yi1nLVF4dHhGSUVyVnNUbWNheEdoYVNZdmUyRHAtcFFKT041LUNrU0FrVWpvUm5OWFlwVVNRMjhzX0dWaUUydEMzblp6a2JJYl9EdnU3NjBydjZQWmlEV1hPZEhMaS1iQdIBrwFBVV95cUxQbGp3OFRGbktVUVB0RXNxNndtUmROM1F4LTZEc0c4aVBoLUJhZ1JsRzJqazJhRXA3ZGdsVnVnSnctYlF0U0FzYlpIYlRsSFNfV2NCZ3VoaFVUOVpmNU04NF9jWlZnamhXLWwtcG5IRHRWeV9fa0ZEbURxMlZlVVRPbWhRQTNBTFhtcWtSZ3lfQzJhMmpNNEwyNFlPamVGb3hHUnd4ZGpkMVFOQXd1M3Bz?oc=5,https://news.google.com/rss/articles/CBMiqgFBVV95cUxNSFVEbFpTSG1XdzF6QkQ0T1ZKSkRnSHFfOW5jejBJRzRLSjdfUWJickdBMkNqeHdlR2dwYm9ieTB0YlB2ZFUwbkM2Yi1nLVF4dHhGSUVyVnNUbWNheEdoYVNZdmUyRHAtcFFKT041LUNrU0FrVWpvUm5OWFlwVVNRMjhzX0dWaUUydEMzblp6a2JJYl9EdnU3NjBydjZQWmlEV1hPZEhMaS1iQdIBrwFBVV95cUxQbGp3OFRGbktVUVB0RXNxNndtUmROM1F4LTZEc0c4aVBoLUJhZ1JsRzJqazJhRXA3ZGdsVnVnSnctYlF0U0FzYlpIYlRsSFNfV2NCZ3VoaFVUOVpmNU04NF9jWlZnamhXLWwtcG5IRHRWeV9fa0ZEbURxMlZlVVRPbWhRQTNBTFhtcWtSZ3lfQzJhMmpNNEwyNFlPamVGb3hHUnd4ZGpkMVFOQXd1M3Bz?oc=5,"Gandeng 156 UMKM, BSI Region Aceh Bersama Pemko Lhokseumawe Gelar Ahad Festival » - dialeksis.com",news.google.com,extraction_failed,2026-08-31 23:33:09
https://news.google.com/rss/articles/CBMimgFBVV95cUxNNGZOWlpZWkVZdVlzYjJXeXk5bDVrMjUzdGZEM05DZU11dVpYajBlYlVab0FNRUM2NXlodXJKaEgyNFFJVFQ4VmF5UUxaTTJ0STNuNjdPOHNUaDNLRzBSQ3pPQi1PQk5nOHVvOU5lYUtITEJrUVM0eWZseUVDcW1sM2pLaHlabEV4eG9GVElRVndHSWI4eVRKSEJB?oc=5,https://news.google.com/rss/articles/CBMimgFBVV95cUxNNGZOWlpZWkVZdVlzYjJXeXk5bDVrMjUzdGZEM05DZU11dVpYajBlYlVab0FNRUM2NXlodXJKaEgyNFFJVFQ4VmF5UUxaTTJ0STNuNjdPOHNUaDNLRzBSQ3pPQi1PQk5nOHVvOU5lYUtITEJrUVM0eWZseUVDcW1sM2pLaHlabEV4eG9GVElRVndHSWI4eVRKSEJB?oc=5,Kerupuk Kemplang Palembang Hadir Menyapa Lhokseumawe - RRI.co.id,news.google.com,extraction_failed,2026-08-31 23:33:10
https://news.google.com/rss/articles/CBMivAFBVV95cUxPTDFuZHp0VldHWUxvaVJoMWhjeTEzdFFPcUJwVEJNQVBibmtkc0Fmck1jZXlpUGZ1emc3OTBaRUhaVkxMMHBlMzBvSmpkOE1UYWpfWi1raTNLTzJXbldpXzRzdGZ0blJ0MV9lb2VhY0pWNlBvY1g3SS1USGJYa2RIdkNoWE9vekJfVWtaVllidFFnemJEbjBtak5EUW82ZnZrQkpGYVNUTVJDdHNfZ3BpZDlNRVdHa19ORmpSVtIBugFBVV95cUxPajliZ2Nzd3pUS2ZfMFVaMVlGRmhUQlNzTFF1RThSQ2QySmpIbGNrM1BvVDA5VnNIYkNQMnZUNHFuWjBhT2VDRXpNQTJaTjZyU2NYU0prNWV1YmhUeGtxUHpaQzQ3R04tdUJtLXFiRVduZmpDQ2lmaHFPVVlfWDdKYmloeEdFSDAzX3p1bmlhazBzQzdlUi0yeXdRUko0OFpfZTFQRllrRnp2dXowR0RqeGxudkdBYlFwOUE?oc=5,https://news.google.com/rss/articles/CBMivAFBVV95cUxPTDFuZHp0VldHWUxvaVJoMWhjeTEzdFFPcUJwVEJNQVBibmtkc0Fmck1jZXlpUGZ1emc3OTBaRUhaVkxMMHBlMzBvSmpkOE1UYWpfWi1raTNLTzJXbldpXzRzdGZ0blJ0MV9lb2VhY0pWNlBvY1g3SS1USGJYa2RIdkNoWE9vekJfVWtaVllidFFnemJEbjBtak5EUW82ZnZrQkpGYVNUTVJDdHNfZ3BpZDlNRVdHa19ORmpSVtIBugFBVV95cUxPajliZ2Nzd3pUS2ZfMFVaMVlGRmhUQlNzTFF1RThSQ2QySmpIbGNrM1BvVDA5VnNIYkNQMnZUNHFuWjBhT2VDRXpNQTJaTjZyU2NYU0prNWV1YmhUeGtxUHpaQzQ3R04tdUJtLXFiRVduZmpDQ2lmaHFPVVlfWDdKYmloeEdFSDAzX3p1bmlhazBzQzdlUi0yeXdRUko0OFpfZTFQRllrRnp2dXowR0RqeGxudkdBYlFwOUE?oc=5,Anggota DPR RI Muslim Fasilitasi UMKM di Lhokseumawe Berlatih Digital Marketing - Kabar Tamiang,news.google.com,extraction_failed,2026-08-31 23:33:10
https://news.google.com/rss/articles/CBMivwFBVV95cUxNMlhaNFVFdS1YY1p3alhJMjBWYVRoYk1halgyLTV5cVl5Y09XZU5ZSzZVVnFVZzdwZzVUMnFCTU4zbDhDcmIydjRyV1JkY01FU0V5UXhMbkIyRWdfaFlTNklYdmhjcGVzUHhTeXE0ZUw2QVZqMzB4NVlqMjJMdWc0TWg2YUFJRDA5bGRINzRWcHlIbEZwZUdQUlFnSzJKUGFnWVRyazlVb0VCdEd2NUp5RlBPMkVCTjhzTU9YaFQ3NA?oc=5,https://news.google.com/rss/articles/CBMivwFBVV95cUxNMlhaNFVFdS1YY1p3alhJMjBWYVRoYk1halgyLTV5cVl5Y09XZU5ZSzZVVnFVZzdwZzVUMnFCTU4zbDhDcmIydjRyV1JkY01FU0V5UXhMbkIyRWdfaFlTNklYdmhjcGVzUHhTeXE0ZUw2QVZqMzB4NVlqMjJMdWc0TWg2YUFJRDA5bGRINzRWcHlIbEZwZUdQUlFnSzJKUGFnWVRyazlVb0VCdEd2NUp5RlBPMkVCTjhzTU9YaFQ3NA?oc=5,Disperindag Lhokseumawe Aceh Temukan Penjualan Minyakita di Atas HET - Kompas.com,news.google.com,extraction_failed,2026-08-31 23:33:10
https://news.google.com/rss/articles/CBMiiwFBVV95cUxOaG1vbVBoQ1QyOGpUc1FZcXBlLUJJSUhnSktxVTdKdEhlNy1IZjY4OENYRTRtemNhTmRvRVd1SWNqYzhOTmlkRlctNlBwYTJSM0NQb1lSS0NUSk14VUtSdE43M2lucW54UDlhVEdqeDVsQ2RraWViWmFqRm1Cd0JpT1lEaWNyYlZPMzVJ0gGIAUFVX3lxTE1ScERlandkai1jWWRZdGFWRXZFYW9XNkVtWWl1STF5cG5kejZPMDhPNldTU1JTcGhPanJmT21wbzdxVmlSd0U3S1RNb0RPYVdZMDdya3RVNXpMYk5aX1kweWJKMnFhRkFMazcyM21CRkFZOS01SlZYX2JUMUxmUGhfNng2ZWNSc3k?oc=5,https://news.google.com/rss/articles/CBMiiwFBVV95cUxOaG1vbVBoQ1QyOGpUc1FZcXBlLUJJSUhnSktxVTdKdEhlNy1IZjY4OENYRTRtemNhTmRvRVd1SWNqYzhOTmlkRlctNlBwYTJSM0NQb1lSS0NUSk14VUtSdE43M2lucW54UDlhVEdqeDVsQ2RraWViWmFqRm1Cd0JpT1lEaWNyYlZPMzVJ0gGIAUFVX3lxTE1ScERlandkai1jWWRZdGFWRXZFYW9XNkVtWWl1STF5cG5kejZPMDhPNldTU1JTcGhPanJmT21wbzdxVmlSd0U3S1RNb0RPYVdZMDdya3RVNXpMYk5aX1kweWJKMnFhRkFMazcyM21CRkFZOS01SlZYX2JUMUxmUGhfNng2ZWNSc3k?oc=5,95 UMKM Meriahkan Ahad Lhokseumawe Festival - theacehpost.com,news.google.com,extraction_failed,2026-08-31 23:33:10
https://news.google.com/rss/articles/CBMinAFBVV95cUxNdGU1TnZXeFlQZm1tNldCM3Ffd2VWZ3RhajNmeVZmVno4M1l5OXJyeEk0QzBZS1kwNE9na1RVZ3FYdDJ6YkhEOUY2aU4wc0FPbHMzamwwSmVHQmx3aHlkc3ExbVloMjRhN3lId1R5X2tGeWdFOHRYUnF6VEZFdHhnbVUyOWhjWkR3OVJKaEtkaWtUaGo5M2ZUM01UUDQ?oc=5,https://news.google.com/rss/articles/CBMinAFBVV95cUxNdGU1TnZXeFlQZm1tNldCM3Ffd2VWZ3RhajNmeVZmVno4M1l5OXJyeEk0QzBZS1kwNE9na1RVZ3FYdDJ6YkhEOUY2aU4wc0FPbHMzamwwSmVHQmx3aHlkc3ExbVloMjRhN3lId1R5X2tGeWdFOHRYUnF6VEZFdHhnbVUyOWhjWkR3OVJKaEtkaWtUaGo5M2ZUM01UUDQ?oc=5,Pemerintah Hapus Utang 1 Juta UMKM Mulai Januari 2025 - RRI.co.id,news.google.com,extraction_failed,2026-08-31 23:33:11
https://news.google.com/rss/articles/CBMilAFBVV95cUxOQk9ZckFaWnRJemZWX0YxUmxiV1pCYkhfUDdsTXFMTEN6LXhrWWU0SmdGcDk3ZUIwWGRELU1wdnkxUkhhUDVqWm5OQ3NLZzEzV2w5MXNLUWpGaktSbU1MRm1UY084aUJfR0NWWlhLcUN0b1JMOXI4X3Z5VkdhcjNjTzlnWWJTNUN3bVlhbjRGVVlFTGJG?oc=5,https://news.google.com/rss/articles/CBMilAFBVV95cUxOQk9ZckFaWnRJemZWX0YxUmxiV1pCYkhfUDdsTXFMTEN6LXhrWWU0SmdGcDk3ZUIwWGRELU1wdnkxUkhhUDVqWm5OQ3NLZzEzV2w5MXNLUWpGaktSbU1MRm1UY084aUJfR0NWWlhLcUN0b1JMOXI4X3Z5VkdhcjNjTzlnWWJTNUN3bVlhbjRGVVlFTGJG?oc=5,"Bolen Cuba, Cemilan Kekinian Khas Kota Lhokseumawe - RRI.co.id",news.google.com,extraction_failed,2026-08-31 23:33:11
https://news.google.com/rss/articles/CBMixwFBVV95cUxOcmNkd0dEbFBiSXU5Y3pLSnMwdGQ4WTVHUjZKbzZOSjBkRGk3cW82bGtqR2hQcDNHNXZfczNZdS1zRXV2LXo0NmRROUZYTVpiT3Rsd0pQcEg5UlRJakFIX2FFcWhQTVpEVWRyVktQbG9ZNEdfZ2ExWTlkSG91a1ZfTnNoV05COEk2VnktVUUxTlhGSVQteHNUQzk4SFoydldBUzlDdmpiZUEtUjVNWjRtV2NCZjBKTkpBeDRFakxHMnZWVWNLM25z?oc=5,https://news.google.com/rss/articles/CBMixwFBVV95cUxOcmNkd0dEbFBiSXU5Y3pLSnMwdGQ4WTVHUjZKbzZOSjBkRGk3cW82bGtqR2hQcDNHNXZfczNZdS1zRXV2LXo0NmRROUZYTVpiT3Rsd0pQcEg5UlRJakFIX2FFcWhQTVpEVWRyVktQbG9ZNEdfZ2ExWTlkSG91a1ZfTnNoV05COEk2VnktVUUxTlhGSVQteHNUQzk4SFoydldBUzlDdmpiZUEtUjVNWjRtV2NCZjBKTkpBeDRFakxHMnZWVWNLM25z?oc=5,"Dicekik Harga Lapak Tanpa Listrik, Pedagang UMKM dan Kaki Lima Mengaku Kecewa - MODUS ACEH",news.google.com,extraction_failed,2026-08-31 23:33:11
https://news.google.com/rss/articles/CBMisAFBVV95cUxQNHFBZEZ3VVdZNklxT05la3NsbTFNS19GWGxoU2lrWk9ad3Z5aERyM1kxMHhmLTFfVTJZMS0xV1dvQXFxLVlYeDJ3dWdxOTJ4QzF4R1lQcDBTYjBaWDJwRUpqb0tURkdjaVpUWGJ1eXlpZzhsYTd0NWoxU2F5S3JGaUZTMVEyTWttQUpVc2MybHEyeEhtSVVYVzZPVTNQV2Z5X18zdklPdC1zazNsYmtoZtIBrgFBVV95cUxQZ1BLa0tLMnp1S3dRZXF6RU03WEU5cE4zdHF5SUN3WEJzdTdSM0ZZR2tqZEpxUElOc2k2UEgwcDVSVkI2S0ZnOUxvVXpudWNUR2dSazVoOW9VOWtGdUdJamdMdXowOGZ6Q3M4TEExa2pWZ25tLWdjX2JLMkJXMlNaSUswMXVCOVZmbVF2Ti1mdnlKT1BYTG9FdEd2Zzh2NWtKT2UtNnZaQm1SV0l1MHc?oc=5,https://news.google.com/rss/articles/CBMisAFBVV95cUxQNHFBZEZ3VVdZNklxT05la3NsbTFNS19GWGxoU2lrWk9ad3Z5aERyM1kxMHhmLTFfVTJZMS0xV1dvQXFxLVlYeDJ3dWdxOTJ4QzF4R1lQcDBTYjBaWDJwRUpqb0tURkdjaVpUWGJ1eXlpZzhsYTd0NWoxU2F5S3JGaUZTMVEyTWttQUpVc2MybHEyeEhtSVVYVzZPVTNQV2Z5X18zdklPdC1zazNsYmtoZtIBrgFBVV95cUxQZ1BLa0tLMnp1S3dRZXF6RU03WEU5cE4zdHF5SUN3WEJzdTdSM0ZZR2tqZEpxUElOc2k2UEgwcDVSVkI2S0ZnOUxvVXpudWNUR2dSazVoOW9VOWtGdUdJamdMdXowOGZ6Q3M4TEExa2pWZ25tLWdjX2JLMkJXMlNaSUswMXVCOVZmbVF2Ti1mdnlKT1BYTG9FdEd2Zzh2NWtKT2UtNnZaQm1SV0l1MHc?oc=5,Anggota Dewan Gelar Warkshop Pengembangan UKM dan UMKM di Lhokseumawe - aceHTrend.com,news.google.com,extraction_failed,2026-08-31 23:33:11
https://news.google.com/rss/articles/CBMijAFBVV95cUxPMmVTY1pUSmRTWU80eFpDbVhsSlY3SGJMWW4xYzJSdjR1UEVvcUdKWm1oeGJyVFg3T29ZbTNaX2NJT2tHY1FTLVJjSV9lbVpTa01tRm4ycXluTVhBV1JzdkR5dkNOUjNqZ0UzR2ZIdVF1OFI0LURia2RnYzAwZGFfbF9YYVJCTklkVk1rZtIBkgFBVV95cUxNUjk3TVJzdVBRUG5GXzY3S0FEUWpmQU1nc2VKYlR4NTk2dkU1enlYaVVoemJfTnRHTFR3dWVBVU9XNXFVS3ZKSmZta0cxRF82VVZXWi1xNjJSNkxpWlN2V3hUREs3bll0eVZTUmJvckJaY2dkajVlMkZYU2x2SnBXSzhrZUYzZUNrTlpLMC04SEU5UQ?oc=5,https://news.google.com/rss/articles/CBMijAFBVV95cUxPMmVTY1pUSmRTWU80eFpDbVhsSlY3SGJMWW4xYzJSdjR1UEVvcUdKWm1oeGJyVFg3T29ZbTNaX2NJT2tHY1FTLVJjSV9lbVpTa01tRm4ycXluTVhBV1JzdkR5dkNOUjNqZ0UzR2ZIdVF1OFI0LURia2RnYzAwZGFfbF9YYVJCTklkVk1rZtIBkgFBVV95cUxNUjk3TVJzdVBRUG5GXzY3S0FEUWpmQU1nc2VKYlR4NTk2dkU1enlYaVVoemJfTnRHTFR3dWVBVU9XNXFVS3ZKSmZta0cxRF82VVZXWi1xNjJSNkxpWlN2V3hUREs3bll0eVZTUmJvckJaY2dkajVlMkZYU2x2SnBXSzhrZUYzZUNrTlpLMC04SEU5UQ?oc=5,12 Gerai Kuliner Muara Satu Diresmikan Pemko Lhokseumawe » - dialeksis.com,news.google.com,extraction_failed,2026-08-31 23:33:11
https://news.google.com/rss/articles/CBMiowFBVV95cUxQMDZkN2xxN054SVl4RWg1YS1iY0pnZmFnX3BEbi0tcXl4UTE2ZndKTzNZX1dkUEZFVEhMbVY0SUdILU8zYTRZVHBwdFVFUFFBNHNJVVY5OHRuMmM0X19iTFNPQ21MVlFaV0Z1WDgzQ21sejdqRUoxYWNaOUU1Z0ZvamhXUzlxYXNlbGlxTWNLSmhPeEVZeWhCRWJEWkN1RTViSGh30gGoAUFVX3lxTE9rMkRGY3NuSGNPaUY5MWdnN2dQRUFkT29BSG5UWE9SU1c2LXduNkQ1VzhtTENIR3o3V05XWTBWb1hMczRpRzNyeHloZzVnTEN5RkhUeHRTdDZ5cjRwLVR5NW0tR0ZheFlib0tGNWdxcFZRRUtodXdscE9Qb2ZPcmlrcXRwZ0lBNDFuT1ZwSldFYTUxeUZDY0JUMTQybjZheWVoNHZVLXNSVA?oc=5,https://news.google.com/rss/articles/CBMiowFBVV95cUxQMDZkN2xxN054SVl4RWg1YS1iY0pnZmFnX3BEbi0tcXl4UTE2ZndKTzNZX1dkUEZFVEhMbVY0SUdILU8zYTRZVHBwdFVFUFFBNHNJVVY5OHRuMmM0X19iTFNPQ21MVlFaV0Z1WDgzQ21sejdqRUoxYWNaOUU1Z0ZvamhXUzlxYXNlbGlxTWNLSmhPeEVZeWhCRWJEWkN1RTViSGh30gGoAUFVX3lxTE9rMkRGY3NuSGNPaUY5MWdnN2dQRUFkT29BSG5UWE9SU1c2LXduNkQ1VzhtTENIR3o3V05XWTBWb1hMczRpRzNyeHloZzVnTEN5RkhUeHRTdDZ5cjRwLVR5NW0tR0ZheFlib0tGNWdxcFZRRUtodXdscE9Qb2ZPcmlrcXRwZ0lBNDFuT1ZwSldFYTUxeUZDY0JUMTQybjZheWVoNHZVLXNSVA?oc=5,"Usai Dibangun, Pasar Kuliner Lhokseumawe Senilai Rp 2,4 M Belum Difungsikan » - dialeksis.com",news.google.com,extraction_failed,2026-08-31 23:33:11
https://news.google.com/rss/articles/CBMiYEFVX3lxTE5LVTRnM25laDM1X1hoa2NEaGNJT0xIXzVRY2RZdkdUUG9qazZveXYyQkpYMk1MR0tjWVZRRm9fazdzNzMweVhRcC1UOWU5QWVTemJOaWFWNEE5TDNnR0pBV9IBZkFVX3lxTFA4RmZsYlRYVmtpWEpaMlVWaHRRUkVyUkJ1RXNKWnBzOGMtRzNfa1J3V1E4UlJZNmNIWC10N0pYNWh5bmNHYU04YU93OG8wSTREbUR6R1hhTHRlZksyc2lJbFo2em1JQQ?oc=5,https://news.google.com/rss/articles/CBMiYEFVX3lxTE5LVTRnM25laDM1X1hoa2NEaGNJT0xIXzVRY2RZdkdUUG9qazZveXYyQkpYMk1MR0tjWVZRRm9fazdzNzMweVhRcC1UOWU5QWVTemJOaWFWNEE5TDNnR0pBV9IBZkFVX3lxTFA4RmZsYlRYVmtpWEpaMlVWaHRRUkVyUkJ1RXNKWnBzOGMtRzNfa1J3V1E4UlJZNmNIWC10N0pYNWh5bmNHYU04YU93OG8wSTREbUR6R1hhTHRlZksyc2lJbFo2em1JQQ?oc=5,LHOKSEUMAWE - ANTARA Foto,news.google.com,extraction_failed,2026-08-31 23:33:12
https://news.google.com/rss/articles/CBMiqgFBVV95cUxOT19GcGREMDlGRWc2YWR0STA1YzkyTUNrVDFWWWZnRjNkLXhJdHhxbldYWGM4NzhzS0NkUG12SGtkc3NxUW51MUk2S1llbGVidXlGUVlLZGltWE9zcVhSYWNwY2JOcWlPbHpxT1o5VE9NS1dwelV1clBrMFBTemlCWGN5RV9ibEtMTXVaQWlFSExmSjdFWENOalo1UHRxcWozNDB5VFYtZFdpd9IBpwFBVV95cUxNQm9OZUxJR2pKU21ZcV9MQUlTOVVjSktNMndwN3dtUW1KSWNhdzVNWmNzUkxKSm9WR08xdlBab1NvbHZvV2taSTg3bGR0NVBXRFc4a1BESFlYUWtFTmZYRmhBcl9KWXdqMHlRbTUyeVc3V0lvdGhFNlhwVzI3Ti1RaGhmS1VKLWkzSXpWYW1iVlh4bXdCM0NPcEZhMzhvVEt3NDM1UFFURQ?oc=5,https://news.google.com/rss/articles/CBMiqgFBVV95cUxOT19GcGREMDlGRWc2YWR0STA1YzkyTUNrVDFWWWZnRjNkLXhJdHhxbldYWGM4NzhzS0NkUG12SGtkc3NxUW51MUk2S1llbGVidXlGUVlLZGltWE9zcVhSYWNwY2JOcWlPbHpxT1o5VE9NS1dwelV1clBrMFBTemlCWGN5RV9ibEtMTXVaQWlFSExmSjdFWENOalo1UHRxcWozNDB5VFYtZFdpd9IBpwFBVV95cUxNQm9OZUxJR2pKU21ZcV9MQUlTOVVjSktNMndwN3dtUW1KSWNhdzVNWmNzUkxKSm9WR08xdlBab1NvbHZvV2taSTg3bGR0NVBXRFc4a1BESFlYUWtFTmZYRmhBcl9KWXdqMHlRbTUyeVc3V0lvdGhFNlhwVzI3Ti1RaGhmS1VKLWkzSXpWYW1iVlh4bXdCM0NPcEZhMzhvVEt3NDM1UFFURQ?oc=5,Presiden Jokowi Apresiasi Produk UMKM Binaan BI Lhokseumawe - Kanalinspirasi.com,news.google.com,extraction_failed,2026-08-31 23:33:12
https://news.google.com/rss/articles/CBMiowFBVV95cUxPb1BoZEFkMUtLSVBQLWZhVVBKMTJQaFNjTHNjejg5eHlMNTkxOURLaHhWYUVpRXY3WW5RZ3poM3J1U1RsV0lZS0RGY21hMGo0Z2JKNEY4WDhhOTRhdlFlZmtSTEo5Rk1BcnE5SG1RWW0xT1lWV1RtM0lSWGNISjlMdVRSTnhCYlNPNzBnNkNMQWtEOVdNZmV0a2JEMDhTX3FTdTZF0gGoAUFVX3lxTFBaZ3hFQm5EOHI0RkJUZmRheno2Q25NSDNudldwTUFSemlvaHdHNHI4RjE1VUozYWJBYzgxWkhSaC1JMEkzWHlvMGxlbzNYT29GcVZJaXk4VkRPLWVWa2lwTUgyZzBuSnhTcEo5MnVJY3JWenVBcXhpeFhSWWtCOXpObk1kWkh4cEp6ZmtSQmJqTWlkMGt4bUN1TldvNkV1OTQtc1UtNndPQw?oc=5,https://news.google.com/rss/articles/CBMiowFBVV95cUxPb1BoZEFkMUtLSVBQLWZhVVBKMTJQaFNjTHNjejg5eHlMNTkxOURLaHhWYUVpRXY3WW5RZ3poM3J1U1RsV0lZS0RGY21hMGo0Z2JKNEY4WDhhOTRhdlFlZmtSTEo5Rk1BcnE5SG1RWW0xT1lWV1RtM0lSWGNISjlMdVRSTnhCYlNPNzBnNkNMQWtEOVdNZmV0a2JEMDhTX3FTdTZF0gGoAUFVX3lxTFBaZ3hFQm5EOHI0RkJUZmRheno2Q25NSDNudldwTUFSemlvaHdHNHI4RjE1VUozYWJBYzgxWkhSaC1JMEkzWHlvMGxlbzNYT29GcVZJaXk4VkRPLWVWa2lwTUgyZzBuSnhTcEo5MnVJY3JWenVBcXhpeFhSWWtCOXpObk1kWkh4cEp6ZmtSQmJqTWlkMGt4bUN1TldvNkV1OTQtc1UtNndPQw?oc=5,Prabu Dewanto Resmi Jabat Kepala Perwakilan Bank Indonesia Lhokseumawe » - dialeksis.com,news.google.com,extraction_failed,2026-08-31 23:33:12
https://news.google.com/rss/articles/CBMikAFBVV95cUxOVHVsN1pMZnJXWjg1cU1yUWZjTmd5N0dzZ1YxaXVxZEpFY0pfV2NZb25aMTVTMURUR1Jxejdic29uR2RwTzBWcThKVElQd0twQ25wWW1KWExyWXBUOGtRR254RDM5dERiZjFLMnNONVRXbFNCQzc2cVAyLTR4eE5DQTlaakR4clNkZnRGMlU0UHQ?oc=5,https://news.google.com/rss/articles/CBMikAFBVV95cUxOVHVsN1pMZnJXWjg1cU1yUWZjTmd5N0dzZ1YxaXVxZEpFY0pfV2NZb25aMTVTMURUR1Jxejdic29uR2RwTzBWcThKVElQd0twQ25wWW1KWExyWXBUOGtRR254RDM5dERiZjFLMnNONVRXbFNCQzc2cVAyLTR4eE5DQTlaakR4clNkZnRGMlU0UHQ?oc=5,FOTO - Penjualan Kue Kering Lebaran Produksi UMKM - ANTARA News Aceh,news.google.com,extraction_failed,2026-08-31 23:33:13
https://news.google.com/rss/articles/CBMihAFBVV95cUxQWG5KSHdXQWxzYVk3d3lQaHYwcDBSZDd5UmtaR0E3akRZR1lFU1FJX1pwU2p0emg2aXQyMEEwMWhwSUEyN0pMZ1FJU2d2bDBCVGRQdk1WM2dtNnNMU1Noc29VVmEyMGpqWVBwcG0ydXE4aGJMQll3WXNBVkhzc3dfazNDaUI?oc=5,https://news.google.com/rss/articles/CBMihAFBVV95cUxQWG5KSHdXQWxzYVk3d3lQaHYwcDBSZDd5UmtaR0E3akRZR1lFU1FJX1pwU2p0emg2aXQyMEEwMWhwSUEyN0pMZ1FJU2d2bDBCVGRQdk1WM2dtNnNMU1Noc29VVmEyMGpqWVBwcG0ydXE4aGJMQll3WXNBVkhzc3dfazNDaUI?oc=5,Unimal dan Unsri Gelar FGD Pengembangan Sentra IKM Bidang Perikanan Kota Lhokseumawe melalui Program Pengabdian Kosabangsa - JuangNews,news.google.com,extraction_failed,2026-08-31 23:33:13
https://news.google.com/rss/articles/CBMiogFBVV95cUxOajRWeFNwSFJXeFV3dUJiTENJVEw3MV83SHk2ZUJwZWN3RVN6aGg2b0VkdEFvZk9KX1NkcUJPR0ZmZGh5QjVUUTl4VzVuQURZdnZEUURvTklqMTFIS2h1WWZvcGFnckwxWFJJOFJJRC12QllpYnRja2trUjJLeS0wWG56X05seVNVQ084djBjdWRYTjF6eV9wbTlVWVR4TnFJalE?oc=5,https://news.google.com/rss/articles/CBMiogFBVV95cUxOajRWeFNwSFJXeFV3dUJiTENJVEw3MV83SHk2ZUJwZWN3RVN6aGg2b0VkdEFvZk9KX1NkcUJPR0ZmZGh5QjVUUTl4VzVuQURZdnZEUURvTklqMTFIS2h1WWZvcGFnckwxWFJJOFJJRC12QllpYnRja2trUjJLeS0wWG56X05seVNVQ084djBjdWRYTjF6eV9wbTlVWVR4TnFJalE?oc=5,Mahasiswa KKN Unimal Bantu UMKM melalui Pembuatan Spanduk - RRI.co.id,news.google.com,extraction_failed,2026-08-31 23:33:13
https://news.google.com/rss/articles/CBMitwFBVV95cUxPd2V0SXFsMUFoQXVPTkhrdHFQQTdXQWhUaWozNFpoRTJtWTU4aWNVZHFfSDRHd1ppeVI2ZGN5OGJIVEo5dFMyUlh3RFBLS2J4YW5tOVFHRzlmYlFEcU91UFpMYVljVmdWVEZPWklTZVNYcHdFYm5ETmZXNHBLcU5NeHpuMnlRUFlsdXgtdE5aUzVVLXNmeFlOdkJ3bHpJT3I3RUF6NEw4aW9OZGJmZ0tGdjV1cnBvRmM?oc=5,https://news.google.com/rss/articles/CBMitwFBVV95cUxPd2V0SXFsMUFoQXVPTkhrdHFQQTdXQWhUaWozNFpoRTJtWTU4aWNVZHFfSDRHd1ppeVI2ZGN5OGJIVEo5dFMyUlh3RFBLS2J4YW5tOVFHRzlmYlFEcU91UFpMYVljVmdWVEZPWklTZVNYcHdFYm5ETmZXNHBLcU5NeHpuMnlRUFlsdXgtdE5aUzVVLXNmeFlOdkJ3bHpJT3I3RUF6NEw4aW9OZGJmZ0tGdjV1cnBvRmM?oc=5,"UMKM Lhokseumawe Terus Tumbuh, Dorong Penguatan Ekonomi Masyarakat - RRI.co.id",news.google.com,extraction_failed,2026-08-31 23:33:13
https://news.google.com/rss/articles/CBMivwFBVV95cUxNMzg1cERtaVEwbHNxQk1CRVlkMHFOYmtVd01zTVlOLTJuWWdxeDVVUVRuM0thaWJ1Z0RLUmIydjBQVFpaaTRDU3drWFdIb0pGZURWTUFkSEMwSTM5YzZQQ1pBOTRkeXYzYXM0Wkw3UWxmcUxUVk41dUlCd3JFSHBqeXdQN2J3UnlzSGtkRjhIa05Pa193OXVDdXhPbDAzNGZ1NnNDc2UzQUkybXlYZGRyUnpmNUgxblZoQS1TVXQ5UQ?oc=5,https://news.google.com/rss/articles/CBMivwFBVV95cUxNMzg1cERtaVEwbHNxQk1CRVlkMHFOYmtVd01zTVlOLTJuWWdxeDVVUVRuM0thaWJ1Z0RLUmIydjBQVFpaaTRDU3drWFdIb0pGZURWTUFkSEMwSTM5YzZQQ1pBOTRkeXYzYXM0Wkw3UWxmcUxUVk41dUlCd3JFSHBqeXdQN2J3UnlzSGtkRjhIa05Pa193OXVDdXhPbDAzNGZ1NnNDc2UzQUkybXlYZGRyUnpmNUgxblZoQS1TVXQ5UQ?oc=5,"BI Lhokseumawe Gelar Pekan QRIS Nasional Selama Dua Hari, Ini Rincian Acaranya - Serambinews.com",news.google.com,extraction_failed,2026-08-31 23:33:14
https://news.google.com/rss/articles/CBMirgFBVV95cUxOOXhIYWFtWFlGcnlaazJWTUtXMEFwUWhvWXFLaVJrX2dRSV9HSzBPQWQzYTFxTnk3SklrSmFxa0ZJY2F4am81ZjRBZTl4RVdJRFhxUmxfamt3MndLdEZ1ckd3cVNTRDdkUVZPejBVUlZZbVlRMVRJUDB4MmJ6SUJISnMtOTdrUGJQX1pjeHpLU091cExPbVRET1k0MnZFeWRraldIZ0k3aEdSNVZVS0E?oc=5,https://news.google.com/rss/articles/CBMirgFBVV95cUxOOXhIYWFtWFlGcnlaazJWTUtXMEFwUWhvWXFLaVJrX2dRSV9HSzBPQWQzYTFxTnk3SklrSmFxa0ZJY2F4am81ZjRBZTl4RVdJRFhxUmxfamt3MndLdEZ1ckd3cVNTRDdkUVZPejBVUlZZbVlRMVRJUDB4MmJ6SUJISnMtOTdrUGJQX1pjeHpLU091cExPbVRET1k0MnZFeWRraldIZ0k3aEdSNVZVS0E?oc=5,Pemko Lhokseumawe Perkuat Pemulihan UMKM Terdampak Bencana - RRI.co.id,news.google.com,extraction_failed,2026-08-31 23:33:14
https://news.google.com/rss/articles/CBMivwFBVV95cUxQb2VQcGthdlYzSDRhQ0xtNmI1bDFueTlZZUx2UzNkN2dabGlycUkySGtNT1VyVWhndUhwRDRfYmd4LWdLMU1VaUpZbDJJTDJ5MnNiNU9hWWdwYndyZVhWMjdPWkhoa2ZVTUNoaGJPT3RPVUo3QnZ3S3A1X1RYUTkydnIwWlZibXhuNDl0ZkkyUkdNaTFRMjZDQ1NaRzFieGRlVjlWd0xLWVFhQjd4d2Z6Nlh2cklyeGVzaXZzVDFKONIBvAFBVV95cUxPaF9tZVNkTjhtc3d5aExZZGRjcm8yWWljcHR5UkM2VG40MklLUEdzVENOX0FPTG9BV05fYWFVZnNWdjVFRWp1ZkhfQjEzWlllUmxBZmlPWjBQa195OTV1RElyeEFhUy1SYXY5MjN5UlpjUGkwTUY4WDNDQVlzLXZTZ3VUcjZ0UnUyQTRsRk9ucmt0NTFCdVYtX1pleXc5cklsQXFUSV90MWVBVW5OZHVabEltTEdwMEROOG00TQ?oc=5,https://news.google.com/rss/articles/CBMivwFBVV95cUxQb2VQcGthdlYzSDRhQ0xtNmI1bDFueTlZZUx2UzNkN2dabGlycUkySGtNT1VyVWhndUhwRDRfYmd4LWdLMU1VaUpZbDJJTDJ5MnNiNU9hWWdwYndyZVhWMjdPWkhoa2ZVTUNoaGJPT3RPVUo3QnZ3S3A1X1RYUTkydnIwWlZibXhuNDl0ZkkyUkdNaTFRMjZDQ1NaRzFieGRlVjlWd0xLWVFhQjd4d2Z6Nlh2cklyeGVzaXZzVDFKONIBvAFBVV95cUxPaF9tZVNkTjhtc3d5aExZZGRjcm8yWWljcHR5UkM2VG40MklLUEdzVENOX0FPTG9BV05fYWFVZnNWdjVFRWp1ZkhfQjEzWlllUmxBZmlPWjBQa195OTV1RElyeEFhUy1SYXY5MjN5UlpjUGkwTUY4WDNDQVlzLXZTZ3VUcjZ0UnUyQTRsRk9ucmt0NTFCdVYtX1pleXc5cklsQXFUSV90MWVBVW5OZHVabEltTEdwMEROOG00TQ?oc=5,"Manfaatkan Momen Hari Kemerdekaan RI, Omzet Pelaku UMKM Lhokseumawe Naik Berkali Lipat - AJNN.net",news.google.com,extraction_failed,2026-08-31 23:33:14
https://news.google.com/rss/articles/CBMi2gFBVV95cUxQZXNCcGdxeUJscm9rRG5QVTRKYnU5b0xPRmQ3b05xeWowYWxLQ01xbTA4SVhiMEE5endwa1R1ZE05RXBOX1R5TjdLcjd5OGxhc3NMYkFWS1lNdEt5bl84T2c3bm1sRklMZjhRLU5qMDJEbHE4QTJSY3ZSQy1UZ2c3YmlzbmJuMWlTRGNnVlY0SUwyVTdMMmpFVFRNMzN6ZW96cmFhLWh4d0EtcVA5aFN0QWRzWWh0bTVjVXFFUjJ2dkVJWGp0aTlqZ3N6VkM3d0Vfdm1acUh3UFppZw?oc=5,https://news.google.com/rss/articles/CBMi2gFBVV95cUxQZXNCcGdxeUJscm9rRG5QVTRKYnU5b0xPRmQ3b05xeWowYWxLQ01xbTA4SVhiMEE5endwa1R1ZE05RXBOX1R5TjdLcjd5OGxhc3NMYkFWS1lNdEt5bl84T2c3bm1sRklMZjhRLU5qMDJEbHE4QTJSY3ZSQy1UZ2c3YmlzbmJuMWlTRGNnVlY0SUwyVTdMMmpFVFRNMzN6ZW96cmFhLWh4d0EtcVA5aFN0QWRzWWh0bTVjVXFFUjJ2dkVJWGp0aTlqZ3N6VkM3d0Vfdm1acUh3UFppZw?oc=5,"Transaksi QRIS di Wilayah Kerja BI Lhokseumawe Capai Rp1,93 Triliun pada Periode Januari-Juni 2026 - Serambinews.com",news.google.com,extraction_failed,2026-08-31 23:33:14
https://news.google.com/rss/articles/CBMivgFBVV95cUxNYUE5SHVrbWtaYXhoUkJRdV9ORG0yb3NKVGxzclo0dmRRbTdtRXFaZTZZM0hqMXg4OF8tWVJUWG1aeVlDMkQ4LXBuODNrWEFycnQzV3Qwd2k5b3huOThqbzNuZ1RhMUJMSUhhblFyRjB3dmtXczBLWU5BRU14OUdpUlZhQmJHWE14ZmgxdWhHb1FqMXlEYjVyVWRjYkxIdnIzQ2MxRkV0QUlTOU13TFVHRjhRVTltb2FCYlM0Z2ZB?oc=5,https://news.google.com/rss/articles/CBMivgFBVV95cUxNYUE5SHVrbWtaYXhoUkJRdV9ORG0yb3NKVGxzclo0dmRRbTdtRXFaZTZZM0hqMXg4OF8tWVJUWG1aeVlDMkQ4LXBuODNrWEFycnQzV3Qwd2k5b3huOThqbzNuZ1RhMUJMSUhhblFyRjB3dmtXczBLWU5BRU14OUdpUlZhQmJHWE14ZmgxdWhHb1FqMXlEYjVyVWRjYkxIdnIzQ2MxRkV0QUlTOU13TFVHRjhRVTltb2FCYlM0Z2ZB?oc=5,Akademisi Soroti Lesunya UMKM akibat Ketidakstabilan Harga Bahan Pokok - RRI.co.id,news.google.com,extraction_failed,2026-08-31 23:33:15
https://news.google.com/rss/articles/CBMitgFBVV95cUxQakw5RWM1NjlJMWt3c2dXclhiQzhSQzMzaHYyejF2RHBhc0VXbDhLbnBsY01WZXFXOXZlNENmYXhTazlFdldIZWwtVldwUWUyQy1KYVQtTkd6YWZMNEFfVUdCZkgzVnE3dURIckxUQ2tnNW1pbG5ZZElfNHN0U2dFU09FeHFpeEVhOFZGRFFvMVd2dXRuOVppNVRvYXFEOTBHQ2hYX1cwSEUyaHUwYkxaaTlMNGx6QQ?oc=5,https://news.google.com/rss/articles/CBMitgFBVV95cUxQakw5RWM1NjlJMWt3c2dXclhiQzhSQzMzaHYyejF2RHBhc0VXbDhLbnBsY01WZXFXOXZlNENmYXhTazlFdldIZWwtVldwUWUyQy1KYVQtTkd6YWZMNEFfVUdCZkgzVnE3dURIckxUQ2tnNW1pbG5ZZElfNHN0U2dFU09FeHFpeEVhOFZGRFFvMVd2dXRuOVppNVRvYXFEOTBHQ2hYX1cwSEUyaHUwYkxaaTlMNGx6QQ?oc=5,KPw BI Lhokseumawe Soal Perluasan Program Pembinaan UMKM di Aceh Timur - Serambinews.com,news.google.com,extraction_failed,2026-08-31 23:33:15
https://news.google.com/rss/articles/CBMixAFBVV95cUxPVjdmVzM1LTFENzQyTEFzTDQ5c2FzNFBVekpFckE5dHJoZFdmZXpSWDBLb1dtRDFTUDlmNTFadnpBZTZrSG1MOUZVRHUyQUdGbXkxclNPMFpvT2d1MUZQU2xkcWJUZHNsUmxaWTd3aXhsQjZyVnZzNmVXQ1FSRVRFX09yaTR1VHVDY1NET0xiX2ZJLU9rdGozWWU2VHpkM0V3aEw5dE8zeVppYkNzVmEyUTBzc2VfWVZZM19JdDQwN3M5S2Nt?oc=5,https://news.google.com/rss/articles/CBMixAFBVV95cUxPVjdmVzM1LTFENzQyTEFzTDQ5c2FzNFBVekpFckE5dHJoZFdmZXpSWDBLb1dtRDFTUDlmNTFadnpBZTZrSG1MOUZVRHUyQUdGbXkxclNPMFpvT2d1MUZQU2xkcWJUZHNsUmxaWTd3aXhsQjZyVnZzNmVXQ1FSRVRFX09yaTR1VHVDY1NET0xiX2ZJLU9rdGozWWU2VHpkM0V3aEw5dE8zeVppYkNzVmEyUTBzc2VfWVZZM19JdDQwN3M5S2Nt?oc=5,UMKM Alam Coklat Manfaatkan Pasar Tani Lhokseumawe Perluas Pemasaran Produk - RRI.co.id,news.google.com,extraction_failed,2026-08-31 23:33:15
https://news.google.com/rss/articles/CBMimgFBVV95cUxOckNpb2NNS04yOG8wdWNGR1dPaUZJS2gySFJfX3hBZjZNMldXZnlqcUoyM2hMbEgwaGMzS3VYR2pDMVpua1FjSy1XNHZXbmdld084WFpIdWc4U2ZQZ3VTYXZQaVlpWU05RWxxV0dPeEpWU0tnX0wzTFBWWGJJQTNRMER0SGxsdWdBaXFtTGFGakg2cFdzQ2VsTGFn?oc=5,https://news.google.com/rss/articles/CBMimgFBVV95cUxOckNpb2NNS04yOG8wdWNGR1dPaUZJS2gySFJfX3hBZjZNMldXZnlqcUoyM2hMbEgwaGMzS3VYR2pDMVpua1FjSy1XNHZXbmdld084WFpIdWc4U2ZQZ3VTYXZQaVlpWU05RWxxV0dPeEpWU0tnX0wzTFBWWGJJQTNRMER0SGxsdWdBaXFtTGFGakg2cFdzQ2VsTGFn?oc=5,Pemko Lhokseumawe Segera Data UMKM Terdampak Banjir - RRI.co.id,news.google.com,extraction_failed,2026-08-31 23:33:15
https://news.google.com/rss/articles/CBMimwFBVV95cUxNNk5iMWRxRlpNdDhmeVVOMFBWalh3RXI3ckRjbFpLR0hrNjRWMy1lNnFBTUZELUdUUVNKY1Q2UTZMTGlZeEZocGxUOFduTV92U2ZfV2dYN000MzRzd1poampQS3IyM09LRjMtdTBoZ0h1UmV3ekhDamszWWpVZllNUUJqSUF5OTBFeUhlb0VYNnRCQlQtaGR0dHhxTQ?oc=5,https://news.google.com/rss/articles/CBMimwFBVV95cUxNNk5iMWRxRlpNdDhmeVVOMFBWalh3RXI3ckRjbFpLR0hrNjRWMy1lNnFBTUZELUdUUVNKY1Q2UTZMTGlZeEZocGxUOFduTV92U2ZfV2dYN000MzRzd1poampQS3IyM09LRjMtdTBoZ0h1UmV3ekhDamszWWpVZllNUUJqSUF5OTBFeUhlb0VYNnRCQlQtaGR0dHhxTQ?oc=5,DWP RRI Lhokseumawe Dukung UMKM Bordir Lokal - RRI.co.id,news.google.com,extraction_failed,2026-08-31 23:33:15
https://news.google.com/rss/articles/CBMirAFBVV95cUxNRWEwYVprSFFrUGlJYlFlcXgyZjRuUTRfdGxrY0FQNjZsM2QxVndHSEFZcElSVDlFZzR6SVlZUGZmeU0wSmY3NW96T196bUpEVG5vQmtHSnNJNEs1U3FBVXlzQlpvQjZuS2ZaemdhZldnai1lcHgwckZkS0Z2cmhGdjBaUWVRMV90R1EtQkVCYVh2UVV1NHVhY2psQWN6dFltZnp2aGZEX2hBblZn?oc=5,https://news.google.com/rss/articles/CBMirAFBVV95cUxNRWEwYVprSFFrUGlJYlFlcXgyZjRuUTRfdGxrY0FQNjZsM2QxVndHSEFZcElSVDlFZzR6SVlZUGZmeU0wSmY3NW96T196bUpEVG5vQmtHSnNJNEs1U3FBVXlzQlpvQjZuS2ZaemdhZldnai1lcHgwckZkS0Z2cmhGdjBaUWVRMV90R1EtQkVCYVh2UVV1NHVhY2psQWN6dFltZnp2aGZEX2hBblZn?oc=5,"UMKM Go Digital, Kunci Bertahan di tengah Persaingan Bisnis - RRI.co.id",news.google.com,extraction_failed,2026-08-31 23:33:15
https://news.google.com/rss/articles/CBMirwFBVV95cUxPbDZ1a09RUE53ZTl1UTZlVTh5QjVTXzZmZF93eW4wYm9sLVdXYzlxYWMzcmlmekV3NHhNNXp1eGFPODA3QmRrdFNtcno0RFVYUFNFeXZib01yYm9sd3hIMkdWdWF2REJXTFhNSWZjaXpvRHBlb3BWbXZ5R2QwZG9iejNtZndEZTZBd2RsUFlUSFBrcEdYZWdWNDA2QlA5SmtYc09scE9QOVJQeXFEUlUw0gG0AUFVX3lxTE9UYjJPUWJyWVRBdFpxYUFCRVNuTS1MS2dMV2NTSGI5dlMtbktCUTJuejRxYUVXdE44QnJSaVBFOXFYZnY5UlpWOFNMNDNGS1NRSWFKQXNyenVkTUJ2bUoyTmFNcHpzOVRRcjA4LTl3dENLRERCV09RNTNZNm9RbTREWWZCOTRORTRSRjd5bnVCVjRtVlllckVSclI5ZmJUQWxjbmJORXpyeUVwMWRaenBtRDd0UQ?oc=5,https://news.google.com/rss/articles/CBMirwFBVV95cUxPbDZ1a09RUE53ZTl1UTZlVTh5QjVTXzZmZF93eW4wYm9sLVdXYzlxYWMzcmlmekV3NHhNNXp1eGFPODA3QmRrdFNtcno0RFVYUFNFeXZib01yYm9sd3hIMkdWdWF2REJXTFhNSWZjaXpvRHBlb3BWbXZ5R2QwZG9iejNtZndEZTZBd2RsUFlUSFBrcEdYZWdWNDA2QlA5SmtYc09scE9QOVJQeXFEUlUw0gG0AUFVX3lxTE9UYjJPUWJyWVRBdFpxYUFCRVNuTS1MS2dMV2NTSGI5dlMtbktCUTJuejRxYUVXdE44QnJSaVBFOXFYZnY5UlpWOFNMNDNGS1NRSWFKQXNyenVkTUJ2bUoyTmFNcHpzOVRRcjA4LTl3dENLRERCV09RNTNZNm9RbTREWWZCOTRORTRSRjd5bnVCVjRtVlllckVSclI5ZmJUQWxjbmJORXpyeUVwMWRaenBtRDd0UQ?oc=5,PLN Gandeng TNI Kebut Perbaikan Tower SUTT Langsa-Pangkalan Brandan - detikFinance,news.google.com,extraction_failed,2026-08-31 23:33:16
https://news.google.com/rss/articles/CBMiqgFBVV95cUxOQUg4d3hRdVJ3dUNBY1NZYXNvZFFMTThmWUQ3MDFjbG9RQWd1bnNMQ0Q5WVBLU2MwdkMxSGdBMHhZLUVIaGlQY0dMbUFnV3g5TElyUVdiN0RtNllOT2xnTll6ZHRpclhNN1haNUJNYk1mNkhWbFhZMUNyYURoS0d5R1FnMmhTa09DeDRCWDdJa0RuTW1JSjRBOGlLUzREMDNHbzc4UUUzZzVqUQ?oc=5,https://news.google.com/rss/articles/CBMiqgFBVV95cUxOQUg4d3hRdVJ3dUNBY1NZYXNvZFFMTThmWUQ3MDFjbG9RQWd1bnNMQ0Q5WVBLU2MwdkMxSGdBMHhZLUVIaGlQY0dMbUFnV3g5TElyUVdiN0RtNllOT2xnTll6ZHRpclhNN1haNUJNYk1mNkhWbFhZMUNyYURoS0d5R1FnMmhTa09DeDRCWDdJa0RuTW1JSjRBOGlLUzREMDNHbzc4UUUzZzVqUQ?oc=5,"Hilang Misterius, Guru SD di Langsa Malah Kirim Pesan Voice Note Minta Dikirimi Uang - Waspada Online",news.google.com,extraction_failed,2026-08-31 23:33:16
https://news.google.com/rss/articles/CBMia0FVX3lxTE5LUXBzQUlJMVFBYnhFYlh4RlZYeFFyVDJrVjdyLTFsUHlqb0dHM2s0THFLY3lHNDZyNV9KWk9IeGVjWkFRSTRQa25ka0tlTUY0REtVQ3Vtbk9aS1V6YWZ4eExGVDdEdmtMdHQw?oc=5,https://news.google.com/rss/articles/CBMia0FVX3lxTE5LUXBzQUlJMVFBYnhFYlh4RlZYeFFyVDJrVjdyLTFsUHlqb0dHM2s0THFLY3lHNDZyNV9KWk9IeGVjWkFRSTRQa25ka0tlTUY0REtVQ3Vtbk9aS1V6YWZ4eExGVDdEdmtMdHQw?oc=5,Haji Uma: Ada Oknum dalam Jaringan TPPO - Bisnisia.id,news.google.com,extraction_failed,2026-08-31 23:33:16
https://news.google.com/rss/articles/CBMivwFBVV95cUxOOHluZFFWUmVuVU1sOFBCZFJIWDNKd3NPYUlIWHlIb1Vvd2ZoR0lpb2xJajNiNThHUWlSd0toT3JuTVVZc2RkSHhIOVU2TUFfRzZodUVwbFg3V2NpdE1qTnFRR3lHZmJSTGphUDg1VGlyMmpjVHdRMWZ3eklpV2RPaUp4QVVIaUhBNklkNlM5b2RSdlVzT2dZR2VMazRUdlgxZUlzdW92YkRqaThWZGdEWTdOU2o5THhWdi1CZVhNUQ?oc=5,https://news.google.com/rss/articles/CBMivwFBVV95cUxOOHluZFFWUmVuVU1sOFBCZFJIWDNKd3NPYUlIWHlIb1Vvd2ZoR0lpb2xJajNiNThHUWlSd0toT3JuTVVZc2RkSHhIOVU2TUFfRzZodUVwbFg3V2NpdE1qTnFRR3lHZmJSTGphUDg1VGlyMmpjVHdRMWZ3eklpV2RPaUp4QVVIaUhBNklkNlM5b2RSdlVzT2dZR2VMazRUdlgxZUlzdW92YkRqaThWZGdEWTdOU2o5THhWdi1CZVhNUQ?oc=5,BPD GESID Lhokseumawe Survei Pelaku UMKM untuk Dorong Sertifikasi Halal - RRI.co.id,news.google.com,extraction_failed,2026-08-31 23:33:16
https://news.google.com/rss/articles/CBMilgFBVV95cUxPLXVaLS1saFZkZlFIazJ3N3hHLXBTOXRlVFFueXRfVExENlN2aktrNUJ0a1dCYVl0cllWNER4SGVIZk9lY3NEVUJmQmFLamFqS21iRVlVVE9KVnhpTnFYYkFPdGFuckl6UnhmNEJfb2tHN1ZTSi1uLUg1ak85OVliMldMc0FOS1BKSDJycW9NNWw2TTV1UHfSAZMBQVVfeXFMTVRGODFHWFB0QUhnU213blJIZzdXZ1U2U2R0d0tDNEpFckJNSEcyaGl2dnI3THFBVUw2UllacWRzaUswWnFmalpKY1hfWDVucTI5YS04S21UOGxuMXJBa2UyQ001LTRRSzZlemJIZ0h0ZlFqaUtRTGx6T2t2ZG5KNk9WTGtiWU1FUkdGU3lXTlNlZ0pF?oc=5,https://news.google.com/rss/articles/CBMilgFBVV95cUxPLXVaLS1saFZkZlFIazJ3N3hHLXBTOXRlVFFueXRfVExENlN2aktrNUJ0a1dCYVl0cllWNER4SGVIZk9lY3NEVUJmQmFLamFqS21iRVlVVE9KVnhpTnFYYkFPdGFuckl6UnhmNEJfb2tHN1ZTSi1uLUg1ak85OVliMldMc0FOS1BKSDJycW9NNWw2TTV1UHfSAZMBQVVfeXFMTVRGODFHWFB0QUhnU213blJIZzdXZ1U2U2R0d0tDNEpFckJNSEcyaGl2dnI3THFBVUw2UllacWRzaUswWnFmalpKY1hfWDVucTI5YS04S21UOGxuMXJBa2UyQ001LTRRSzZlemJIZ0h0ZlFqaUtRTGx6T2t2ZG5KNk9WTGtiWU1FUkdGU3lXTlNlZ0pF?oc=5,Rahmadani Resmi Dilantik sebagai Komisioner KIP Langsa - AJNN.net,news.google.com,extraction_failed,2026-08-31 23:33:17
https://news.google.com/rss/articles/CBMiqwFBVV95cUxPMW1mYkEyWTFmOUVjYnJyUEU5ak9QeG9qV0lXRzFCZ09NVVlWOGRrWXZRYktyellBREd6ZTQyb3pGT0tPQXk2YWlfakE5bHlpbmFKZmtwZndvbW9iS1F5cVlYVzBBZnEzUTVaRXhOSi1ZZ1Vib1dzYWYxdTBwcV9XXzgwc2p5RUtrV2UtZWw0QXlETDFoNnVielZrTGl5ZjlmdW5uT1QwQmJIdlE?oc=5,https://news.google.com/rss/articles/CBMiqwFBVV95cUxPMW1mYkEyWTFmOUVjYnJyUEU5ak9QeG9qV0lXRzFCZ09NVVlWOGRrWXZRYktyellBREd6ZTQyb3pGT0tPQXk2YWlfakE5bHlpbmFKZmtwZndvbW9iS1F5cVlYVzBBZnEzUTVaRXhOSi1ZZ1Vib1dzYWYxdTBwcV9XXzgwc2p5RUtrV2UtZWw0QXlETDFoNnVielZrTGl5ZjlmdW5uT1QwQmJIdlE?oc=5,Lapangan Merdeka Kota Langsa: Jantung Aktivitas Warga yang Semakin Hidup dan Modern - mediaaceh.co.id,news.google.com,extraction_failed,2026-08-31 23:33:17
https://news.google.com/rss/articles/CBMisAFBVV95cUxOWFhONmV6U3pBU3NJNlFjWlNjN1dNcEZNUmg2RnR0eWR1VFRfakJHMlh6WWhYenBCbTktWHhnM0dIdEhLUmNDSmhvT2NYcGQ1ZFF6R3Ayck1uYWVLZGRQYmZWSGRxeWZLa0Flc3NNc1JwYlBNTmxrYnEtV1p4V2d2S182akp4eXREVkJJRnFJdWwxOGlKbnRyZXRmdVh3Y1R0TjJndDNTSk5TaUtBZGVyaQ?oc=5,https://news.google.com/rss/articles/CBMisAFBVV95cUxOWFhONmV6U3pBU3NJNlFjWlNjN1dNcEZNUmg2RnR0eWR1VFRfakJHMlh6WWhYenBCbTktWHhnM0dIdEhLUmNDSmhvT2NYcGQ1ZFF6R3Ayck1uYWVLZGRQYmZWSGRxeWZLa0Flc3NNc1JwYlBNTmxrYnEtV1p4V2d2S182akp4eXREVkJJRnFJdWwxOGlKbnRyZXRmdVh3Y1R0TjJndDNTSk5TaUtBZGVyaQ?oc=5,"Tugu Kupiah Meuketop, Simbol Identitas Aceh Barat di Jantung Meulaboh - ACEH BISNIS",news.google.com,extraction_failed,2026-08-31 23:33:17
https://news.google.com/rss/articles/CBMihAFBVV95cUxPbmV4dnZQMmttdW1lWHNvd0pDdGVtLUJlSHdlZnpUdkNnR0stNG1iUWVCNzREVy1aQlhtc0oycUdNMWtGclVzakxtcmF6aHBQUGc1eDc3ekJnc1otVXU4b0RPX3VqSi1BWnVXZlpybWE1Z25XVUtlem5qZjRBUXl3TDl6OVU?oc=5,https://news.google.com/rss/articles/CBMihAFBVV95cUxPbmV4dnZQMmttdW1lWHNvd0pDdGVtLUJlSHdlZnpUdkNnR0stNG1iUWVCNzREVy1aQlhtc0oycUdNMWtGclVzakxtcmF6aHBQUGc1eDc3ekJnc1otVXU4b0RPX3VqSi1BWnVXZlpybWE1Z25XVUtlem5qZjRBUXl3TDl6OVU?oc=5,"Rektor Lantik 5 Pejabat Baru di UTU, Ini Nama dan Jabatannya! - Universitas Teuku Umar",news.google.com,extraction_failed,2026-08-31 23:33:18
https://news.google.com/rss/articles/CBMivgFBVV95cUxNRkNxb1ZqdmIwM0Z4X0dYUmxhN3ZqWVJOOV9URU1UREZuelFYbWIyZzBqTnE0M1FqenFGX1BMZGo4NGN0cWdEcTF3Zk1mMF9TS3FraGN1Vl9kRzQ1UVlvd1VSLWpiaEt4dzBRdV8teFZuWkxsYjFld1JiRnpHdmk2OF9tYS1NNGc5Q3plaGRUbWtKSzNQNXJRb2lMZEtGd1I3d2tLRnpGNDFWYXNtQTNFSkRVM19yeG5lMG0yZ1BB?oc=5,https://news.google.com/rss/articles/CBMivgFBVV95cUxNRkNxb1ZqdmIwM0Z4X0dYUmxhN3ZqWVJOOV9URU1UREZuelFYbWIyZzBqTnE0M1FqenFGX1BMZGo4NGN0cWdEcTF3Zk1mMF9TS3FraGN1Vl9kRzQ1UVlvd1VSLWpiaEt4dzBRdV8teFZuWkxsYjFld1JiRnpHdmk2OF9tYS1NNGc5Q3plaGRUbWtKSzNQNXJRb2lMZEtGd1I3d2tLRnpGNDFWYXNtQTNFSkRVM19yeG5lMG0yZ1BB?oc=5,KPPN Meulaboh Dukung Pengarusutamaan Gender dan Digitalisasi UMKM Kreatif - RRI.co.id,news.google.com,extraction_failed,2026-08-31 23:33:18
https://news.google.com/rss/articles/CBMipwFBVV95cUxPTWl4QU8tN2RjdW0yNWp2b3BCY0xCR2FueXN0VHZwd0pPanhiUkg1TDZRdVZMcjFoR3czcDlIT0p4NW9mNVZQZk9Rd3dldHBfT0lwbXNSZ1RFeURvajBwbHBqRkx0dDRfM1ZkWHg3cHRKRzVHNTBTVjg0NzFlWERoUDFVVW5HTUJtc0I5UFkzY21qQ090RExZYjgyandwLUpCam5lUmJmdw?oc=5,https://news.google.com/rss/articles/CBMipwFBVV95cUxPTWl4QU8tN2RjdW0yNWp2b3BCY0xCR2FueXN0VHZwd0pPanhiUkg1TDZRdVZMcjFoR3czcDlIT0p4NW9mNVZQZk9Rd3dldHBfT0lwbXNSZ1RFeURvajBwbHBqRkx0dDRfM1ZkWHg3cHRKRzVHNTBTVjg0NzFlWERoUDFVVW5HTUJtc0I5UFkzY21qQ090RExZYjgyandwLUpCam5lUmJmdw?oc=5,Usaha Konter Pulsa dan Paket Data Menjamur di Meulaboh - RRI.co.id,news.google.com,extraction_failed,2026-08-31 23:33:18
https://news.google.com/rss/articles/CBMi0wFBVV95cUxQQU51T1ItckRabXRFNDVKdzFrdXZNbjRzb2RyVWNYaXBPQU5tZFhVRjRjd3VBd0gxRm9PZGcwdWlLaE9na05uZ2o5Vll0N0M3RXhDcGVSdkg1eWVZSHV6QVAxbEZnVFFvSmpvOEJadFE2YVpGbWZQWVNOSUMwTWVGSC1KS2ozblRteE1fV09LMzNfZThpbXFvVEZ4TW1nNGxHcUFfVHBiVWs1Y1U3STJiZzJ3WFZBdzVCaWNCVFNwUkhaMWhta3FjNTk3OXJ6dTdabjR3?oc=5,https://news.google.com/rss/articles/CBMi0wFBVV95cUxQQU51T1ItckRabXRFNDVKdzFrdXZNbjRzb2RyVWNYaXBPQU5tZFhVRjRjd3VBd0gxRm9PZGcwdWlLaE9na05uZ2o5Vll0N0M3RXhDcGVSdkg1eWVZSHV6QVAxbEZnVFFvSmpvOEJadFE2YVpGbWZQWVNOSUMwTWVGSC1KS2ozblRteE1fV09LMzNfZThpbXFvVEZ4TW1nNGxHcUFfVHBiVWs1Y1U3STJiZzJ3WFZBdzVCaWNCVFNwUkhaMWhta3FjNTk3OXJ6dTdabjR3?oc=5,Pendidikan Digital dan Pemanfaatan Limbah Cair Jadi Program CSR Unggulan Meulaboh Power Generation - TopBusiness.id,news.google.com,extraction_failed,2026-08-31 23:33:18
https://news.google.com/rss/articles/CBMisAFBVV95cUxQc19Nc3FvZlRrQXBNZG9HTVR0Vm5SbFR5YVJGTVd1ZkFwb0xNUnRlRzR5SlB2Y0Z5d0Y4aGRSTzExQnM1MXItZG5saEtqbF9TdXV0R3RkVmpUVXdHbXVTT1Q4MmdxcDZBdnp1SGNKeHczeTBBVThiU2V1cHRQdVlyeGFocmY0UndhaHd6NENaWlpPdUtHNUU2SFBFMFB1SFZZekZZTXIwNDlST3dKemVtSg?oc=5,https://news.google.com/rss/articles/CBMisAFBVV95cUxQc19Nc3FvZlRrQXBNZG9HTVR0Vm5SbFR5YVJGTVd1ZkFwb0xNUnRlRzR5SlB2Y0Z5d0Y4aGRSTzExQnM1MXItZG5saEtqbF9TdXV0R3RkVmpUVXdHbXVTT1Q4MmdxcDZBdnp1SGNKeHczeTBBVThiU2V1cHRQdVlyeGFocmY0UndhaHd6NENaWlpPdUtHNUU2SFBFMFB1SFZZekZZTXIwNDlST3dKemVtSg?oc=5,"Parama Energi Perkuat Pendidikan, Siapkan Talenta Lokal untuk Industri di Meulaboh - SWA.co.id",news.google.com,extraction_failed,2026-08-31 23:33:18
https://news.google.com/rss/articles/CBMiakFVX3lxTE02ZVREWTc5UEUtSXFiQlRCMDdfWjdiSWttZ3BhS1FiYXZDZkFPTjMyanUxekk2OGlTamswRWhLLTFJX2w3bVhNNEdpVTVFVWNNTkJNek8zY3h1cTB2YmhfSmFuYjFVcEtoMmc?oc=5,https://news.google.com/rss/articles/CBMiakFVX3lxTE02ZVREWTc5UEUtSXFiQlRCMDdfWjdiSWttZ3BhS1FiYXZDZkFPTjMyanUxekk2OGlTamswRWhLLTFJX2w3bVhNNEdpVTVFVWNNTkJNek8zY3h1cTB2YmhfSmFuYjFVcEtoMmc?oc=5,Harga Cabai Merah Besar di Pasar Bina Usaha Meulaboh Capai Rp40 Ribu per Kilogram - RRI.co.id,news.google.com,extraction_failed,2026-08-31 23:33:18
https://news.google.com/rss/articles/CBMipgFBVV95cUxNSjJHd1hHeWpiSzNQR1pXT29yZzBRSGFNQnA4OWNLeWVBQURIdmhMZy1rRW5qa2dkNVRadTh3bjF1eEtOMzhLendMd2wxQW01OEtobEdOTUwwZHdHaEY2aTRoS2pSSUVOa3VWdjBUcnpSZldCOU1GZlc1VU5KVHJ5VFVMNExGVUE5b2c1UHZpTkk2OFRGcDhhQlNVUTBjX1RnOVFDYnpn0gGrAUFVX3lxTE0tbHdnR2p4UUQwY0tCZ3Y0X1hhbUZBb0RGb2luVTA4U25uWnFjMUliMDA5QXFvendHa0ZyR3BLclN0cENXc2swRl9GZ0RqLU8xLXowY1N1VGxybjZXczJ3SzNOb0pQVi1qWmN3a0ZrVnFQQnZMb042MWJaak9seXE0VGNQYmJTeTEtSk00WjNPRVVZbzZZT1k3cExwR19LSnNhelUyN1FramliVQ?oc=5,https://news.google.com/rss/articles/CBMipgFBVV95cUxNSjJHd1hHeWpiSzNQR1pXT29yZzBRSGFNQnA4OWNLeWVBQURIdmhMZy1rRW5qa2dkNVRadTh3bjF1eEtOMzhLendMd2wxQW01OEtobEdOTUwwZHdHaEY2aTRoS2pSSUVOa3VWdjBUcnpSZldCOU1GZlc1VU5KVHJ5VFVMNExGVUE5b2c1UHZpTkk2OFRGcDhhQlNVUTBjX1RnOVFDYnpn0gGrAUFVX3lxTE0tbHdnR2p4UUQwY0tCZ3Y0X1hhbUZBb0RGb2luVTA4U25uWnFjMUliMDA5QXFvendHa0ZyR3BLclN0cENXc2swRl9GZ0RqLU8xLXowY1N1VGxybjZXczJ3SzNOb0pQVi1qWmN3a0ZrVnFQQnZMb042MWJaak9seXE0VGNQYmJTeTEtSk00WjNPRVVZbzZZT1k3cExwR19LSnNhelUyN1FramliVQ?oc=5,Bupati Aceh Barat: Grab segera buka layanan bisnis di Meulaboh - ANTARA News Aceh,news.google.com,extraction_failed,2026-08-31 23:33:18
https://news.google.com/rss/articles/CBMisAFBVV95cUxONE1UcGtvTHB5LTVnZ0c1N1oxWElaS2NfU1VFYXR0Q2xGZWEwc1dFUi1RdjBJbnU2YXlqRGZmNWFfNmI5ZUxVYnRva25EdnNXYXlueWd6YWczSjlyc1RBWnBsWDdfMVF2VWtXS0YxUTF6aUdJdXlhcHhGWWI4eUFIbm9SU0o4R1htMG8yd0cyR25EaWRNbWNMUjJVVEZ3QVFKZzdmOGhreUNHcU50eS0yTw?oc=5,https://news.google.com/rss/articles/CBMisAFBVV95cUxONE1UcGtvTHB5LTVnZ0c1N1oxWElaS2NfU1VFYXR0Q2xGZWEwc1dFUi1RdjBJbnU2YXlqRGZmNWFfNmI5ZUxVYnRva25EdnNXYXlueWd6YWczSjlyc1RBWnBsWDdfMVF2VWtXS0YxUTF6aUdJdXlhcHhGWWI4eUFIbm9SU0o4R1htMG8yd0cyR25EaWRNbWNMUjJVVEZ3QVFKZzdmOGhreUNHcU50eS0yTw?oc=5,BPBD Aceh Barat Evakuasi Sarang Tawon Resahkan Warga Meulaboh - republika.co.id,news.google.com,extraction_failed,2026-08-31 23:33:19
https://news.google.com/rss/articles/CBMiakFVX3lxTE1SWG5NRkRZc243cFlKZ2I5ZFNNTGpOSEpxUm5TTkpxWEF1WUFFeUdtLXNkNGRic0N0eFB5dVpKNThjREptSmhnOFBNeXNoYkxHMTA0ZWprVXBuY0xkXy1rdWw3MzdRUnp1cFE?oc=5,https://news.google.com/rss/articles/CBMiakFVX3lxTE1SWG5NRkRZc243cFlKZ2I5ZFNNTGpOSEpxUm5TTkpxWEF1WUFFeUdtLXNkNGRic0N0eFB5dVpKNThjREptSmhnOFBNeXNoYkxHMTA0ZWprVXBuY0xkXy1rdWw3MzdRUnp1cFE?oc=5,"Hari Ke-10 Ramadan, Toko Pakaian Meulaboh Sepi - RRI.co.id",news.google.com,extraction_failed,2026-08-31 23:33:19
https://news.google.com/rss/articles/CBMirAFBVV95cUxQNVBEMWtpQUF5aG80RHk2MXRYa3RDWmJCS2J6NDhOSmRYUVF2RG5jb3J2VndJbGU3RDJYM3ZCZ3hNUWFNeWRoRmtxSmlyMkNzTXBfTVpMMGFOYmVKTGdOODVmS0JzYlU0dFVzR3d3U090YVBCTHBNSTljcVZLVnQwWVljSzhNcVFSZUJjT0JQYWVCYlM3aDBpLW4wU0tIeTZYdUpfYy1rZlBoeTE50gGyAUFVX3lxTE9ZM0JjTHQzdjZZcFJDRHY1MjhLX0JvTVFSaXU2ck4ycm5tZl9PRE5nWkwzOFJGYllLa2Z6cWtxbXZRMmhEcm01NWRpUVhiQ1c2SDVfcXBJdXdDSDVvTDhiODVqelc4WDhKS29JMjI5Q3RTWFpkU0ZiZVBIVTJoSndkQS14RXB6NWN1cGJGbXJpSURUa0RlRldtYjFZSEZTNVktRFQ5ZDFaeFZTYVU5bjBxaVE?oc=5,https://news.google.com/rss/articles/CBMirAFBVV95cUxQNVBEMWtpQUF5aG80RHk2MXRYa3RDWmJCS2J6NDhOSmRYUVF2RG5jb3J2VndJbGU3RDJYM3ZCZ3hNUWFNeWRoRmtxSmlyMkNzTXBfTVpMMGFOYmVKTGdOODVmS0JzYlU0dFVzR3d3U090YVBCTHBNSTljcVZLVnQwWVljSzhNcVFSZUJjT0JQYWVCYlM3aDBpLW4wU0tIeTZYdUpfYy1rZlBoeTE50gGyAUFVX3lxTE9ZM0JjTHQzdjZZcFJDRHY1MjhLX0JvTVFSaXU2ck4ycm5tZl9PRE5nWkwzOFJGYllLa2Z6cWtxbXZRMmhEcm01NWRpUVhiQ1c2SDVfcXBJdXdDSDVvTDhiODVqelc4WDhKS29JMjI5Q3RTWFpkU0ZiZVBIVTJoSndkQS14RXB6NWN1cGJGbXJpSURUa0RlRldtYjFZSEZTNVktRFQ5ZDFaeFZTYVU5bjBxaVE?oc=5,Polisi tahan tiga pasangan terkait prostitusi online di Meulaboh - ANTARA News,news.google.com,extraction_failed,2026-08-31 23:33:20
https://news.google.com/rss/articles/CBMipAFBVV95cUxPMDZ5Ul9qemkxNXpaQ05zZ3QzWTR3VHg0Yk1KZjNjT1pOckk0Qy1fZE1lVWxFallBeFhidFpQU1FKWVI0dm1OUkxtbDRPNkE4d0JaNGRGX0NvWDhkdHJrNTBpVXFaemxobGRvRUZId2J2UW9kdUs4bjNwZUtxQ2FoNGxnMTNNR0tWTEttV2Z0T3h1WXJnckNBVHBkVTlaS0hYVWRPQg?oc=5,https://news.google.com/rss/articles/CBMipAFBVV95cUxPMDZ5Ul9qemkxNXpaQ05zZ3QzWTR3VHg0Yk1KZjNjT1pOckk0Qy1fZE1lVWxFallBeFhidFpQU1FKWVI0dm1OUkxtbDRPNkE4d0JaNGRGX0NvWDhkdHJrNTBpVXFaemxobGRvRUZId2J2UW9kdUs4bjNwZUtxQ2FoNGxnMTNNR0tWTEttV2Z0T3h1WXJnckNBVHBkVTlaS0hYVWRPQg?oc=5,Teknologi Digital Membentuk Wajah Baru Dunia Pendidikan - RRI.co.id,news.google.com,extraction_failed,2026-08-31 23:33:20
https://news.google.com/rss/articles/CBMilwFBVV95cUxNcVRPamdBd0pSZzB5bEV5azhuRGdJR3lXalh2S1FFUTZNTUJLTm1OcXBkTnFKZFpPZ0w0UkU2Y0tfSzE0N0oxcUM0ajBEenJ1S0NSMk43MXVMNDlIVng2aXVyWFdaeld0TzlLM0QzRUxQaWUxT24wSzVKaGl4eXJwazZNNEh3U1dfZWw5YXdvSDVDTndfRjJV?oc=5,https://news.google.com/rss/articles/CBMilwFBVV95cUxNcVRPamdBd0pSZzB5bEV5azhuRGdJR3lXalh2S1FFUTZNTUJLTm1OcXBkTnFKZFpPZ0w0UkU2Y0tfSzE0N0oxcUM0ajBEenJ1S0NSMk43MXVMNDlIVng2aXVyWFdaeld0TzlLM0QzRUxQaWUxT24wSzVKaGl4eXJwazZNNEh3U1dfZWw5YXdvSDVDTndfRjJV?oc=5,Strategi Pemasaran Usaha 'Healthy Food' Di Era Digital - RRI.co.id,news.google.com,extraction_failed,2026-08-31 23:33:20
https://news.google.com/rss/articles/CBMiogFBVV95cUxOLWVwWGdhRlBTeEZlYXlDVXo1UTl0YWdITk03eFhfcUJ6c25TSFBvSEtKWi1JQmlKQ19BaUdiZmNvbWZTWmFaOWh0MzdESE9GY2ViMy1VOVcyNTB0d2pDbFVrT003d2cteGdwLXBmVUZBZXFpeTJXNWo5c01SbEJNNm1URGUzRWxtY2tUY3NfVFc2Slg4MkU3UnF5dk9DeUM3b0E?oc=5,https://news.google.com/rss/articles/CBMiogFBVV95cUxOLWVwWGdhRlBTeEZlYXlDVXo1UTl0YWdITk03eFhfcUJ6c25TSFBvSEtKWi1JQmlKQ19BaUdiZmNvbWZTWmFaOWh0MzdESE9GY2ViMy1VOVcyNTB0d2pDbFVrT003d2cteGdwLXBmVUZBZXFpeTJXNWo5c01SbEJNNm1URGUzRWxtY2tUY3NfVFc2Slg4MkU3UnF5dk9DeUM3b0E?oc=5,Inilah Manfaat Positif Bermedia Sosial di Era Digital - RRI.co.id,news.google.com,extraction_failed,2026-08-31 23:33:20
https://news.google.com/rss/articles/CBMiqwFBVV95cUxQSlRVeXdTdkZ6Z2dXcV9pT2tuNm9JQWtjR1kzc1IyRmFtcUdlNFFpdk82MVBUTHBDNWt0d0tSQlR4X1FkX0tJVm5MNVMtZXprWmRlYWJOM3pWYWZHSXJPUzIwdEVuV3FCRVpaR1liZ1U4b19KdzE4dXRKbWxRczNCYjhTdnJkY3Judlh0WGpfX09yRWN2UEtsQUdtV1dqQmlSaUZOR3d3VlNtOVE?oc=5,https://news.google.com/rss/articles/CBMiqwFBVV95cUxQSlRVeXdTdkZ6Z2dXcV9pT2tuNm9JQWtjR1kzc1IyRmFtcUdlNFFpdk82MVBUTHBDNWt0d0tSQlR4X1FkX0tJVm5MNVMtZXprWmRlYWJOM3pWYWZHSXJPUzIwdEVuV3FCRVpaR1liZ1U4b19KdzE4dXRKbWxRczNCYjhTdnJkY3Judlh0WGpfX09yRWN2UEtsQUdtV1dqQmlSaUZOR3d3VlNtOVE?oc=5,"Rupiah Melemah, Peluang Emas bagi Kreator Konten Indonesia - RRI.co.id",news.google.com,extraction_failed,2026-08-31 23:33:20
https://news.google.com/rss/articles/CBMikwFBVV95cUxPY0tEMVJ2UmZZbEJndG5sbm1iY3VtS0libVY5eHJqTkdyM1lQRUdMdkFhQy1ORHpnMFBUNGpMNUotdjB6clRzemFKZmc5NW1oR19OazlXZmlUVHg5SVlUdjQ2ejJhMUlHZlQ1RXlYN25PeHVTNTFGZnJzQ25pNTNONDVzMm1rR0pVQlRWa3NXMTFvR2M?oc=5,https://news.google.com/rss/articles/CBMikwFBVV95cUxPY0tEMVJ2UmZZbEJndG5sbm1iY3VtS0libVY5eHJqTkdyM1lQRUdMdkFhQy1ORHpnMFBUNGpMNUotdjB6clRzemFKZmc5NW1oR19OazlXZmlUVHg5SVlUdjQ2ejJhMUlHZlQ1RXlYN25PeHVTNTFGZnJzQ25pNTNONDVzMm1rR0pVQlRWa3NXMTFvR2M?oc=5,Fenomena Belanja Online Vs Ofline Jelang Lebaran - RRI.co.id,news.google.com,extraction_failed,2026-08-31 23:33:20
https://news.google.com/rss/articles/CBMiqAFBVV95cUxNdkRCSmhnMTJRUXliYTNVS01pMUlPQm4tMlN4WVlScWlqVnM0Wno2dkozc0IzOFVNeFJBV0VDcWlMOXpwMmFhSHRTU3NpbVZDdUJ5bmFXbk95VG5RSUhUMDBIbkZ2bkNtNjRfR2ZINGVDQnBaS2lhcHNPM1NmelJRWXlTdVBfWXBCMFhhek8zQVk3N2NjMWtHMzl5RWNmbWtwdjZOcEZDc1A?oc=5,https://news.google.com/rss/articles/CBMiqAFBVV95cUxNdkRCSmhnMTJRUXliYTNVS01pMUlPQm4tMlN4WVlScWlqVnM0Wno2dkozc0IzOFVNeFJBV0VDcWlMOXpwMmFhSHRTU3NpbVZDdUJ5bmFXbk95VG5RSUhUMDBIbkZ2bkNtNjRfR2ZINGVDQnBaS2lhcHNPM1NmelJRWXlTdVBfWXBCMFhhek8zQVk3N2NjMWtHMzl5RWNmbWtwdjZOcEZDc1A?oc=5,Berpikir Kritis Penting Dalam Menghadapi Informasi Digital - RRI.co.id,news.google.com,extraction_failed,2026-08-31 23:33:20
https://news.google.com/rss/articles/CBMilwFBVV95cUxPRmZyb05CVGdBaHNBc29sbkUwQW1Kb3VZSjN3M1Y5emNidWUtWDExUFRKeU5vUTR3NEV3dEtjUVZmOGczWGNqcGthWDJ1V0MySjczaHpzbUZia0NzUDBXdmNBZ0dlclRYN2psYWtTQ2cyQkJNMm9pR3daa3NsZ0RxTXZOdzBjcUhMb2pOazY5ZkNPMVkwUl80?oc=5,https://news.google.com/rss/articles/CBMilwFBVV95cUxPRmZyb05CVGdBaHNBc29sbkUwQW1Kb3VZSjN3M1Y5emNidWUtWDExUFRKeU5vUTR3NEV3dEtjUVZmOGczWGNqcGthWDJ1V0MySjczaHpzbUZia0NzUDBXdmNBZ0dlclRYN2psYWtTQ2cyQkJNMm9pR3daa3NsZ0RxTXZOdzBjcUhMb2pOazY5ZkNPMVkwUl80?oc=5,Meulaboh Ditarget Jadi Kota Industri pada 2024 - republika.co.id,news.google.com,extraction_failed,2026-08-31 23:33:21
https://news.google.com/rss/articles/CBMikgFBVV95cUxPY3hCOTR6OTNwcnp2dTA2a1JhbDg4OVJDMEZpeDNjeDM4ODRBaE9fcHNtanFSLWdZZ0xLTjRJN2FVV1dvaGxEWEhRTHc3Y1oxRnFmX0NwdDBKbU83Qi1IaldSUmxPLXdOWi0yejZJX09MZFViUFhnSndnbXJNS1NoVnhYZ2V0dU9CRlRhRU5XZzg2Z9IBjwFBVV95cUxPYlFreG1Ga0RiYkJkQmlQSmM5TXlhaWRfXzdTMWdWeS1UMVphczZRdVBBX2d2WmhfN3BwX09CbE9Ga1AyLTBMMEdPYy1jQm00VDJLSGxJQW96cjYxNGt6TUhKVGpJU1NhRnYyNHdpUHFRTHo0bXgzZW53MU5iSUl6MjU2a0NPOGpEOXlWbV9xOA?oc=5,https://news.google.com/rss/articles/CBMikgFBVV95cUxPY3hCOTR6OTNwcnp2dTA2a1JhbDg4OVJDMEZpeDNjeDM4ODRBaE9fcHNtanFSLWdZZ0xLTjRJN2FVV1dvaGxEWEhRTHc3Y1oxRnFmX0NwdDBKbU83Qi1IaldSUmxPLXdOWi0yejZJX09MZFViUFhnSndnbXJNS1NoVnhYZ2V0dU9CRlRhRU5XZzg2Z9IBjwFBVV95cUxPYlFreG1Ga0RiYkJkQmlQSmM5TXlhaWRfXzdTMWdWeS1UMVphczZRdVBBX2d2WmhfN3BwX09CbE9Ga1AyLTBMMEdPYy1jQm00VDJLSGxJQW96cjYxNGt6TUhKVGpJU1NhRnYyNHdpUHFRTHo0bXgzZW53MU5iSUl6MjU2a0NPOGpEOXlWbV9xOA?oc=5,Penarik Becak di Meulaboh Tolak Kehadiran Grab - aceHTrend.com,news.google.com,extraction_failed,2026-08-31 23:33:21
https://news.google.com/rss/articles/CBMimgFBVV95cUxNUWQtUGNjVm5iN0JkVWVBcUUwU3RJTDRaV0tPd05FTHVTMVRUakVTME9uajNfN3ZhcUpMWHRieXg4OUtCQy1idzhOSHJESHR1SkF2UnF0M2Z1cHJpQy1ZRnpHc2pocnBQZTdUNWI2RkVXVlNPaGh2aTltWmtSOFVhd09MY3ExdW11YjQ1NFFZSVpualMwV3l2M3Zn?oc=5,https://news.google.com/rss/articles/CBMimgFBVV95cUxNUWQtUGNjVm5iN0JkVWVBcUUwU3RJTDRaV0tPd05FTHVTMVRUakVTME9uajNfN3ZhcUpMWHRieXg4OUtCQy1idzhOSHJESHR1SkF2UnF0M2Z1cHJpQy1ZRnpHc2pocnBQZTdUNWI2RkVXVlNPaGh2aTltWmtSOFVhd09MY3ExdW11YjQ1NFFZSVpualMwV3l2M3Zn?oc=5,Perkembangan Industri Kreatif di Era Digital saat ini - RRI.co.id,news.google.com,extraction_failed,2026-08-31 23:33:22
https://news.google.com/rss/articles/CBMipgFBVV95cUxNS29NUDR5RWpPaGREQ2lnejk5U2dud0FNVEdwU1FaUjVXTG5yYzR3ZG9jb2FIeV94UWNWN01XRWVocVZ5SUdvS3RiRmtsUHZTazlJaFoyeTN3bFZCcHpGdTRWaXF2RjB6SmJOeFgtOTRFNEpGX2lKVGdrcHZSSi15MXR1WnJXUlJBNjZvOUl0d2k2ODZGVkhsNExydl9Cb29aSjE3ZWNR?oc=5,https://news.google.com/rss/articles/CBMipgFBVV95cUxNS29NUDR5RWpPaGREQ2lnejk5U2dud0FNVEdwU1FaUjVXTG5yYzR3ZG9jb2FIeV94UWNWN01XRWVocVZ5SUdvS3RiRmtsUHZTazlJaFoyeTN3bFZCcHpGdTRWaXF2RjB6SmJOeFgtOTRFNEpGX2lKVGdrcHZSSi15MXR1WnJXUlJBNjZvOUl0d2k2ODZGVkhsNExydl9Cb29aSjE3ZWNR?oc=5,Teknologi Augmented Reality Mengubah Pengalaman Belanja Online - RRI.co.id,news.google.com,extraction_failed,2026-08-31 23:33:22
https://news.google.com/rss/articles/CBMinwFBVV95cUxOZlpaSjZaV2VPdFF0NmlQbWxPLXRIanZRVFU1NzJrdzJhWWtSTndCV0dyYl9ZV0FFRi1ycWptV1ptdmRLTFo5UF9RY1NZQk1pa1VSSnFod0tUVDZtajZ6NHNackU1cEgzdS1UUVJ0aUd5X0tXSUdEWE9BSVlFZFZyVXdIbGJHaUhFdjNTVU9qT09ESGJ4QzFpMVpHNTdXeXc?oc=5,https://news.google.com/rss/articles/CBMinwFBVV95cUxOZlpaSjZaV2VPdFF0NmlQbWxPLXRIanZRVFU1NzJrdzJhWWtSTndCV0dyYl9ZV0FFRi1ycWptV1ptdmRLTFo5UF9RY1NZQk1pa1VSSnFod0tUVDZtajZ6NHNackU1cEgzdS1UUVJ0aUd5X0tXSUdEWE9BSVlFZFZyVXdIbGJHaUhFdjNTVU9qT09ESGJ4QzFpMVpHNTdXeXc?oc=5,"Literasi Digital, Keterampilan Penting di Era Modern - RRI.co.id",news.google.com,extraction_failed,2026-08-31 23:33:22
https://news.google.com/rss/articles/CBMivAFBVV95cUxOc1lPcjNYTjQ5czdHNmpUMUJzbENCcVc1Y1h1VFFjeE9Jc043Y2lLaldMbDlMR2pYSnc3UGU1WWZPTzQ1Ui1jNmRfQWZRdXBPVVQ3c0M5V1lUc1VtQXoyYVpzUlB0d0VhdHpaaWtlcWtHc2ZNT185UHQweEZIV0Q5QkRYU0xobGNBcjFURXF4elA4RW1lRUNmV3RSV2swdTVhMDV0Zld6THJCWkxMaUtEcE5zODZZUjhGUjJlZQ?oc=5,https://news.google.com/rss/articles/CBMivAFBVV95cUxOc1lPcjNYTjQ5czdHNmpUMUJzbENCcVc1Y1h1VFFjeE9Jc043Y2lLaldMbDlMR2pYSnc3UGU1WWZPTzQ1Ui1jNmRfQWZRdXBPVVQ3c0M5V1lUc1VtQXoyYVpzUlB0d0VhdHpaaWtlcWtHc2ZNT185UHQweEZIV0Q5QkRYU0xobGNBcjFURXF4elA4RW1lRUNmV3RSV2swdTVhMDV0Zld6THJCWkxMaUtEcE5zODZZUjhGUjJlZQ?oc=5,"Bisnis Kuliner di Meulaboh Laris, Karyawan PT.BMU Padati Abudels Coffe & Resto - harianrakyataceh.com",news.google.com,extraction_failed,2026-08-31 23:33:22
https://news.google.com/rss/articles/CBMiogFBVV95cUxQSTBWR0RjS3FYQlc4MU1TTDZRdEdrX2hvbWV4TnU1M2lWSEZyWkJ1UTlaaks2TElTTTZ2Q093bl9RakE2eXROaWctMk5scml1WkhseXpCdGMyeUUwUzNwQlRPYjUyOE1aUVpNbW1odlZlU2FWOWNrZGplTE9nOEdRMDd0RGhFcjlxeTZWUmtQTGlOR3dCTDZoQ2liMzJDbDhwZFE?oc=5,https://news.google.com/rss/articles/CBMiogFBVV95cUxQSTBWR0RjS3FYQlc4MU1TTDZRdEdrX2hvbWV4TnU1M2lWSEZyWkJ1UTlaaks2TElTTTZ2Q093bl9RakE2eXROaWctMk5scml1WkhseXpCdGMyeUUwUzNwQlRPYjUyOE1aUVpNbW1odlZlU2FWOWNrZGplTE9nOEdRMDd0RGhFcjlxeTZWUmtQTGlOR3dCTDZoQ2liMzJDbDhwZFE?oc=5,MenkoPM Harapkan Pesantren Kuasai AI dan Ekonomi Digital - RRI.co.id,news.google.com,extraction_failed,2026-08-31 23:33:22
https://news.google.com/rss/articles/CBMipgFBVV95cUxQVlBBTFpXbGhwal95bVpMbm44V0c5WlNEczF6VGRXYzZwcWlpNUJHaUNsdm54Z2dXYi1CX1RwaVNtaG9ZT2NRLTFENG1lRUFldkZsWHJwQWpacnZrdXVtcTdyMnlPMmgxa1p0cF83WlN2WVRfeXZDTFZhbFNkZGVvN3QtUXdTcVdnMVBVYXZpRGFYc2wwQ2xTbUF3bmFsTW52dlowNmNB?oc=5,https://news.google.com/rss/articles/CBMipgFBVV95cUxQVlBBTFpXbGhwal95bVpMbm44V0c5WlNEczF6VGRXYzZwcWlpNUJHaUNsdm54Z2dXYi1CX1RwaVNtaG9ZT2NRLTFENG1lRUFldkZsWHJwQWpacnZrdXVtcTdyMnlPMmgxa1p0cF83WlN2WVRfeXZDTFZhbFNkZGVvN3QtUXdTcVdnMVBVYXZpRGFYc2wwQ2xTbUF3bmFsTW52dlowNmNB?oc=5,"Aplikasi Byond Kembali Berulah, Nasabah BSI Komplain - RRI.co.id",news.google.com,extraction_failed,2026-08-31 23:33:22
https://news.google.com/rss/articles/CBMieEFVX3lxTE5XYkZMWVB0OWxzdThZcWtYbFRMNEZLWnZXN19aYWdrSnlQak51WjVRdGF2UHV2Yk9Zc2xNRFhHWF9DQ2JiQTRhVVJuYWZ1VDlqRkNwYXBCeUhjb2VoRkNEY2xsd0FYa1lFRWdGLXZvWEhDQXk1aTViVtIBfkFVX3lxTE1meTNVTXJKRTI3UVhrd29PZnBSM0R6eTJ0Q0EzYzd2VjJ4OFJzeHVQSzdzQ2pNWVBKTFVjaDRRRnlrV2YyQmhCR1ctYW0weFhNVlJrT0RCcmpKSHVxUm9DeTJsbXhtekpCN2w2UldSYW1IRnFJMGpqUGlfNmhaQQ?oc=5,https://news.google.com/rss/articles/CBMieEFVX3lxTE5XYkZMWVB0OWxzdThZcWtYbFRMNEZLWnZXN19aYWdrSnlQak51WjVRdGF2UHV2Yk9Zc2xNRFhHWF9DQ2JiQTRhVVJuYWZ1VDlqRkNwYXBCeUhjb2VoRkNEY2xsd0FYa1lFRWdGLXZvWEhDQXk1aTViVtIBfkFVX3lxTE1meTNVTXJKRTI3UVhrd29PZnBSM0R6eTJ0Q0EzYzd2VjJ4OFJzeHVQSzdzQ2pNWVBKTFVjaDRRRnlrV2YyQmhCR1ctYW0weFhNVlJrT0RCcmpKSHVxUm9DeTJsbXhtekpCN2w2UldSYW1IRnFJMGpqUGlfNmhaQQ?oc=5,Mahasiswa STAIN Meulaboh Kembali Juara UTU Award - Basajan.net,news.google.com,extraction_failed,2026-08-31 23:33:23
https://news.google.com/rss/articles/CBMisAFBVV95cUxOR0xselFSSVI2dWJiWUZKc19RbEJWYW1COFphbnRmdm40QzRlUGVYbDVEMjF5QVU3d0sxSUhicy15X25EaDdwbXZDcm9idUlMYlM2SnVDaC1FbXNQWVJSRFpJQlFOQXdrSjBfcmpYalhqUzdVNDdzSkRWejFISDl2bkNVcUx1T2hDYW9TUEJWZ1pQa2l1bjdmRXd4NkJnOE5XQXlTT1RnRFB1SlZ3OVhpV9IBrgFBVV95cUxOSzljVFNHVjk5YllPZi0tVS1oNjl4Z18xM1dSc3o3TjE0bmVEWTdqMVN4U1E4NDFBQ3Ywa2I2eXhJdmlKazgtRE1fVndvQkd3X1FXWWYtSmIxb2NEZnA0QkxTZkt6enVIS1pwWTlWdVc4MUhESGZiSVRQN3BQOVZpUlFFa0dJNDBfaVg1ajhHaHg4ai1RazdFTHdWODVpUFFnNnEyNkFRdXlCZE45LWc?oc=5,https://news.google.com/rss/articles/CBMisAFBVV95cUxOR0xselFSSVI2dWJiWUZKc19RbEJWYW1COFphbnRmdm40QzRlUGVYbDVEMjF5QVU3d0sxSUhicy15X25EaDdwbXZDcm9idUlMYlM2SnVDaC1FbXNQWVJSRFpJQlFOQXdrSjBfcmpYalhqUzdVNDdzSkRWejFISDl2bkNVcUx1T2hDYW9TUEJWZ1pQa2l1bjdmRXd4NkJnOE5XQXlTT1RnRFB1SlZ3OVhpV9IBrgFBVV95cUxOSzljVFNHVjk5YllPZi0tVS1oNjl4Z18xM1dSc3o3TjE0bmVEWTdqMVN4U1E4NDFBQ3Ywa2I2eXhJdmlKazgtRE1fVndvQkd3X1FXWWYtSmIxb2NEZnA0QkxTZkt6enVIS1pwWTlWdVc4MUhESGZiSVRQN3BQOVZpUlFFa0dJNDBfaVg1ajhHaHg4ai1RazdFTHdWODVpUFFnNnEyNkFRdXlCZE45LWc?oc=5,"Menyahuti Kurikulum Kampus Merdeka, Mahasiswa Dituntut Berpikir Kritis - aceHTrend.com",news.google.com,extraction_failed,2026-08-31 23:33:23
https://news.google.com/rss/articles/CBMipAFBVV95cUxOVmdhVlVzV3Jma2FGeHF4M1A5SjZZV205d2ZOQVdpaFA4Y01BZkxMa1hPTkl2aDJBbDh5NHpiRFlIYm5XZTNJWTc1QkhabVk3TkFseVRsYnpMUXcyMUttcGhZbnh2cndmUHA2UVcyUVdEeGg0bjZOQXE5ZG1IeS02VkNmLXIzcjV5cHhRcHdDU1BhYXhYMG1OZGJ3cno2aWNUYmhPdNIBqgFBVV95cUxOYXFHSXk0eDA3YXRscmtWdnhnX091TjgwQ08yc2JjZ2hveDhoN0Z1RG05S3VrY2xoOWZEVVllZ21QWU5zYWg0VnVHb0RoSk5JMnotcE5WcGFKODM2U3RkQzNpMWNiWDk0X2ZhNUpFMEt1Unp5dG00RWFrWWhyQTF4RHFSRUE4dkxiR21FZHgxM1ZqUndxVHRpbk9hTlh1QWdxZDJZdndEREVjZw?oc=5,https://news.google.com/rss/articles/CBMipAFBVV95cUxOVmdhVlVzV3Jma2FGeHF4M1A5SjZZV205d2ZOQVdpaFA4Y01BZkxMa1hPTkl2aDJBbDh5NHpiRFlIYm5XZTNJWTc1QkhabVk3TkFseVRsYnpMUXcyMUttcGhZbnh2cndmUHA2UVcyUVdEeGg0bjZOQXE5ZG1IeS02VkNmLXIzcjV5cHhRcHdDU1BhYXhYMG1OZGJ3cno2aWNUYmhPdNIBqgFBVV95cUxOYXFHSXk0eDA3YXRscmtWdnhnX091TjgwQ08yc2JjZ2hveDhoN0Z1RG05S3VrY2xoOWZEVVllZ21QWU5zYWg0VnVHb0RoSk5JMnotcE5WcGFKODM2U3RkQzNpMWNiWDk0X2ZhNUpFMEt1Unp5dG00RWFrWWhyQTF4RHFSRUE4dkxiR21FZHgxM1ZqUndxVHRpbk9hTlh1QWdxZDJZdndEREVjZw?oc=5,"Siap-siap Sambut BSN, BTN Syariah Bakal Tambah Dua Jaringan Kantor di Aceh - Acehtimes",news.google.com,extraction_failed,2026-08-31 23:33:23
https://news.google.com/rss/articles/CBMijwFBVV95cUxNTEkyZWNGUEI4SXVlTG0xeTR1dzBSOWk2TUFlZXM0VnVFUzFaa0NUc0tDOEJNZ0hNLXJqWHFMeG4wbFlWa2Y0ZXFqcEYzbk1jc094UXJ6ajNEb2c5dVhzNFJMQ0ZvS1A1SFRGTldhY05MUHVPbllPVlp3M01vZkFvTUpERk9iUzhSdUpJVmZJUdIBkgFBVV95cUxNS1dCWnU1WHEzWUc1UFpma3JGVUFyQlhjWHpWNDBkeml4NDZMdUJ1RHdSemRzVDVqSTNRalNRS3dVTzY0RDlnQURXVi1Tekp1YkowSXhZcGczcFpJeWZJcldOQWVqc1lrR0k3U3JmdzhHWUptSGVmVDl5Ujl2ZjZwQm40ZUtlUlYzX2dPeEZ5MXpXdw?oc=5,https://news.google.com/rss/articles/CBMijwFBVV95cUxNTEkyZWNGUEI4SXVlTG0xeTR1dzBSOWk2TUFlZXM0VnVFUzFaa0NUc0tDOEJNZ0hNLXJqWHFMeG4wbFlWa2Y0ZXFqcEYzbk1jc094UXJ6ajNEb2c5dVhzNFJMQ0ZvS1A1SFRGTldhY05MUHVPbllPVlp3M01vZkFvTUpERk9iUzhSdUpJVmZJUdIBkgFBVV95cUxNS1dCWnU1WHEzWUc1UFpma3JGVUFyQlhjWHpWNDBkeml4NDZMdUJ1RHdSemRzVDVqSTNRalNRS3dVTzY0RDlnQURXVi1Tekp1YkowSXhZcGczcFpJeWZJcldOQWVqc1lrR0k3U3JmdzhHWUptSGVmVDl5Ujl2ZjZwQm40ZUtlUlYzX2dPeEZ5MXpXdw?oc=5,Polisi ungkap bisnis prostitusi di Aceh Barat - ANTARA News,news.google.com,extraction_failed,2026-08-31 23:33:24
https://news.google.com/rss/articles/CBMirgFBVV95cUxObHdUVnpyZUR6NDFWTlpTLXZBNlpCWjdpam5NWktMWFpKdk5BbGlSQmhjRXNxWVBiWS1WOFRkYzdpNG5EdjNGZGNoQnlnU1ktMEJ6YnQzb25UY1ZqOE9IWW10WmoxdDRiaDd4ZHJrdTRVblZNTWh6X0V1aDVkOVRMMEQ2cjZqdW1od0RkQXBjQTNjSnZYYWxpZnZOM2p3LS1jN2lGTXR6VWlMbVBuUXc?oc=5,https://news.google.com/rss/articles/CBMirgFBVV95cUxObHdUVnpyZUR6NDFWTlpTLXZBNlpCWjdpam5NWktMWFpKdk5BbGlSQmhjRXNxWVBiWS1WOFRkYzdpNG5EdjNGZGNoQnlnU1ktMEJ6YnQzb25UY1ZqOE9IWW10WmoxdDRiaDd4ZHJrdTRVblZNTWh6X0V1aDVkOVRMMEQ2cjZqdW1od0RkQXBjQTNjSnZYYWxpZnZOM2p3LS1jN2lGTXR6VWlMbVBuUXc?oc=5,Meulaboh Resmi Miliki Julukan Baru Sebagai Kota Tauhid Sufi - khazanah.republika.co.id,news.google.com,extraction_failed,2026-08-31 23:33:24
https://news.google.com/rss/articles/CBMiiwFBVV95cUxQX0FsWkR3d1JTN1BoSUNfb1NkcDlqeFNYcG12RUFzV3RVQkxZYk9TQjF4amFBemtwRnlCV3VQZi1KZkcxZEZGNzcyMW5pSnVPbUllTkpBaTRJNm0zVEJLTkNTc3FIZkxmRjgwYWwtQVVUUUttTjZFQk5wWUZsMms1QXdGM1ZMLU16bHlR?oc=5,https://news.google.com/rss/articles/CBMiiwFBVV95cUxQX0FsWkR3d1JTN1BoSUNfb1NkcDlqeFNYcG12RUFzV3RVQkxZYk9TQjF4amFBemtwRnlCV3VQZi1KZkcxZEZGNzcyMW5pSnVPbUllTkpBaTRJNm0zVEJLTkNTc3FIZkxmRjgwYWwtQVVUUUttTjZFQk5wWUZsMms1QXdGM1ZMLU16bHlR?oc=5,1.250 Personel Amankan Jokowi ke Meulaboh - republika.co.id,news.google.com,extraction_failed,2026-08-31 23:33:24
https://news.google.com/rss/articles/CBMioAFBVV95cUxNZlk1WDlLWUl1NTJiMjJqV2R2N3haZlgtRGE4ZF9lRENrME1aUVhyakZJNzBDOVdKTTdCRFZ6djJoOUE2dGNhYnJUZ3VScDVVdTdmQmp1Qkh3d1F4V1BJMG1EaGRHWkJMdzd2M2xSaXJOYko1SHF6X2hrZ1EwcGhXeElTRERHSy1aNzhFN2N4UWdPbFFCdldiTWpfSWJUMXgz?oc=5,https://news.google.com/rss/articles/CBMioAFBVV95cUxNZlk1WDlLWUl1NTJiMjJqV2R2N3haZlgtRGE4ZF9lRENrME1aUVhyakZJNzBDOVdKTTdCRFZ6djJoOUE2dGNhYnJUZ3VScDVVdTdmQmp1Qkh3d1F4V1BJMG1EaGRHWkJMdzd2M2xSaXJOYko1SHF6X2hrZ1EwcGhXeElTRERHSy1aNzhFN2N4UWdPbFFCdldiTWpfSWJUMXgz?oc=5,Ketua HIPMI Nagan Raya dan Kader HMI Diskusi Dunia Kewirausahaan - Sudut Berita,news.google.com,extraction_failed,2026-08-31 23:33:24
https://news.google.com/rss/articles/CBMivgFBVV95cUxORUlMdWh2allMNi1OUW5tcGktcjltVG1DcXlZS2dONXdUdXlBeXlxOWllU1dXM2c5YkZlSW5Ra0lXSmdwRlNRaWhMTXpqX1NVT1BpeEdCTUZhN0tueVFHVm5zNWFIanJlRERqOEZJS0VoMEJYalZnTFVmXzhTR0J3TWFObTdYLUMxUXZhX29Wa3E2NUk3UnJnaXdTSnlONFRyenhRZnZkTXo3azZzT0c2ckVwSFpTRDFkcGxZZjhn?oc=5,https://news.google.com/rss/articles/CBMivgFBVV95cUxORUlMdWh2allMNi1OUW5tcGktcjltVG1DcXlZS2dONXdUdXlBeXlxOWllU1dXM2c5YkZlSW5Ra0lXSmdwRlNRaWhMTXpqX1NVT1BpeEdCTUZhN0tueVFHVm5zNWFIanJlRERqOEZJS0VoMEJYalZnTFVmXzhTR0J3TWFObTdYLUMxUXZhX29Wa3E2NUk3UnJnaXdTSnlONFRyenhRZnZkTXo3azZzT0c2ckVwSFpTRDFkcGxZZjhn?oc=5,"RS Meulaboh Jadi RS Pendidikan, Kemenkes Menyoal - Republika Online",news.google.com,extraction_failed,2026-08-31 23:33:24
https://news.google.com/rss/articles/CBMitgFBVV95cUxOTUdsNEl3X2pPaFJpZU1HdldvVlhoRmhDUmRWLXRDbkNadHo2Q1VMNHlIbjJSVWRtZmpJcWVSQmRTTElDc3RKa3Q1VzRraDFoWkZoRmp2WUh4bG5FVWFyTmN3d0h5a1dEZXZCWjJ5VFd2bGwwaXJ1OE1WOFk3U29mYlp4TjhETzRJUjlLcTVCckxTV2x4UzZKZldhUllfNVozUGFmV1RZNEJrNkxTUzhuNHE2R09yZ9IBtgFBVV95cUxNT0hYa2pONUtlQkpzZndXc3dVMTZpbkdGdElXc05Cbm1wSkFlQTJIN003Q0dUQlh3dmJ0MGdWVVpMbDF2VEpnclF2azFRSmpwbDVCWm0yM3VzUkhSYUNHcVNRQ2NvVmNLWVl4SV9vS0VsUmJEM2JuMm80T19DcXlaRVF3Qld5UVVfWEpJMDRnNmZmV2dpY0pDUXAwTWd1aDBnRU9SQnJrQVpsaDF2cHFNTVFhZ0kyQQ?oc=5,https://news.google.com/rss/articles/CBMitgFBVV95cUxOTUdsNEl3X2pPaFJpZU1HdldvVlhoRmhDUmRWLXRDbkNadHo2Q1VMNHlIbjJSVWRtZmpJcWVSQmRTTElDc3RKa3Q1VzRraDFoWkZoRmp2WUh4bG5FVWFyTmN3d0h5a1dEZXZCWjJ5VFd2bGwwaXJ1OE1WOFk3U29mYlp4TjhETzRJUjlLcTVCckxTV2x4UzZKZldhUllfNVozUGFmV1RZNEJrNkxTUzhuNHE2R09yZ9IBtgFBVV95cUxNT0hYa2pONUtlQkpzZndXc3dVMTZpbkdGdElXc05Cbm1wSkFlQTJIN003Q0dUQlh3dmJ0MGdWVVpMbDF2VEpnclF2azFRSmpwbDVCWm0yM3VzUkhSYUNHcVNRQ2NvVmNLWVl4SV9vS0VsUmJEM2JuMm80T19DcXlaRVF3Qld5UVVfWEpJMDRnNmZmV2dpY0pDUXAwTWd1aDBnRU9SQnJrQVpsaDF2cHFNTVFhZ0kyQQ?oc=5,"Sepi Penumpang, Wings Air Hentikan Semua Penerbangan ke Meulaboh Aceh - Suara.com",news.google.com,extraction_failed,2026-08-31 23:33:24
https://news.google.com/rss/articles/CBMitAFBVV95cUxPclUzMUFUOTJpYzVvQlNfNHRqajk5XzRBU2ZjcjhGc0k2OHRsVkFqbUxHSlVQMkpjdC04YS00QjdIazV5WFJkQXp4b1NKZi1rRmR1cDRBRFMyOEdpNWdkb25IazZGV05HNnpfWXowdTFzYmNPOUJjZ09wUnRRdE1SRGk5TnhzUkdhY0luVFg4OFJxT1dSYktEZm1iaVB1QmZMelRxLVlVeEhXT3M1UWNxb0hHVFI?oc=5,https://news.google.com/rss/articles/CBMitAFBVV95cUxPclUzMUFUOTJpYzVvQlNfNHRqajk5XzRBU2ZjcjhGc0k2OHRsVkFqbUxHSlVQMkpjdC04YS00QjdIazV5WFJkQXp4b1NKZi1rRmR1cDRBRFMyOEdpNWdkb25IazZGV05HNnpfWXowdTFzYmNPOUJjZ09wUnRRdE1SRGk5TnhzUkdhY0luVFg4OFJxT1dSYktEZm1iaVB1QmZMelRxLVlVeEhXT3M1UWNxb0hHVFI?oc=5,"Digitalisasi Buka Peluang Usaha Baru, UMKM Didorong Adaptasi Teknologi - RRI.co.id",news.google.com,extraction_failed,2026-08-31 23:33:24
https://news.google.com/rss/articles/CBMiwgFBVV95cUxNY0EwNHk2LVphT3E3SS1ZNHZQZTJSVUFxRHlVdDF1YUc4MU5SaHZVd1JvOVRvemY2RldNUWZ5dl81ZFZEZXV0cWNOVE5mSVBBelFocUxsbVROSXh1VFQ5WFhqaDFWQ0gzT2gzUGdBN2lxTjVYbkxqZ2xHV3dDaElyR1BGdm9KWGJwYngtd3dLYjVBNWs0UlJRODBKMmdKM043VXN3aXlJQmNsUThjdElHcVNwUFFxMng1dUdsNmpLR2JKdw?oc=5,https://news.google.com/rss/articles/CBMiwgFBVV95cUxNY0EwNHk2LVphT3E3SS1ZNHZQZTJSVUFxRHlVdDF1YUc4MU5SaHZVd1JvOVRvemY2RldNUWZ5dl81ZFZEZXV0cWNOVE5mSVBBelFocUxsbVROSXh1VFQ5WFhqaDFWQ0gzT2gzUGdBN2lxTjVYbkxqZ2xHV3dDaElyR1BGdm9KWGJwYngtd3dLYjVBNWs0UlJRODBKMmdKM043VXN3aXlJQmNsUThjdElHcVNwUFFxMng1dUdsNmpLR2JKdw?oc=5,UI UX Kunci Dashboard Digital yang Mudah Dipahami dan Digunakan Untuk Gen Z - RRI.co.id,news.google.com,extraction_failed,2026-08-31 23:33:24
https://news.google.com/rss/articles/CBMitgFBVV95cUxPekZoUTViSXVwMUJsbm1UdmJHTHFhVEFwNkstajl2U25laFRrQ1B2Mm9BcnlVWGJ2X2kwaFJRT2k4VXF3WlQteFhvVEZ2SVM1VjRwNnhRS200SF9maFotejRUODdpMTRqSmVVTVM5elpqZ1VwcU1vY3dUNGtMTG1nRVpoZ2FsS2o1MDBjelhPMlhDaVJOcW81WXBRZ2x2akFtSjhmREtUTkNEaVlRcTJzVER4d005UQ?oc=5,https://news.google.com/rss/articles/CBMitgFBVV95cUxPekZoUTViSXVwMUJsbm1UdmJHTHFhVEFwNkstajl2U25laFRrQ1B2Mm9BcnlVWGJ2X2kwaFJRT2k4VXF3WlQteFhvVEZ2SVM1VjRwNnhRS200SF9maFotejRUODdpMTRqSmVVTVM5elpqZ1VwcU1vY3dUNGtMTG1nRVpoZ2FsS2o1MDBjelhPMlhDaVJOcW81WXBRZ2x2akFtSjhmREtUTkNEaVlRcTJzVER4d005UQ?oc=5,Konsumen Beralih ke Online Pedagang Pakaian Mengeluh Sepi Pembeli - RRI.co.id,news.google.com,extraction_failed,2026-08-31 23:33:25
https://news.google.com/rss/articles/CBMiuwFBVV95cUxNcHAyRzEtdTZ4NndTS1FzYzl4LUxQa05EU2V5NFdMYzZPZkF2QXJ4NmdZUEdCTTBDVWczME5RSWhJLWNqNml3RDB6aG0yMllENmpscmhvdmFfWGE5SGd1ZlpCalp1N3JQTmRFQTFtc0tuRlRmMkdydklRcmlHd0R3djVqUW1hTWJaWUVYckhCQ1JjRTlPdnhKTWZ3WWZVVlJPYklseHV5bjZHME0ycTJOYUZPXzVYazRiVHpn?oc=5,https://news.google.com/rss/articles/CBMiuwFBVV95cUxNcHAyRzEtdTZ4NndTS1FzYzl4LUxQa05EU2V5NFdMYzZPZkF2QXJ4NmdZUEdCTTBDVWczME5RSWhJLWNqNml3RDB6aG0yMllENmpscmhvdmFfWGE5SGd1ZlpCalp1N3JQTmRFQTFtc0tuRlRmMkdydklRcmlHd0R3djVqUW1hTWJaWUVYckhCQ1JjRTlPdnhKTWZ3WWZVVlJPYklseHV5bjZHME0ycTJOYUZPXzVYazRiVHpn?oc=5,STAIN Meulaboh Dorong Transformasi Studi Islam di Era Digital Lewat MICONIS - Serambinews.com,news.google.com,extraction_failed,2026-08-31 23:33:26
https://news.google.com/rss/articles/CBMiYkFVX3lxTE5qY24xNXQxNHNSeDA4a28zWU1FU0x1WVRoSFIxSWVHYXBwRFpJcFY2MTFjTFBMV3R5SDlyeGZCZExxRVpNdUZUSVMwWnh0VkZaRVF6TEpkUy1ZQU5iWU5HT1p3?oc=5,https://news.google.com/rss/articles/CBMiYkFVX3lxTE5qY24xNXQxNHNSeDA4a28zWU1FU0x1WVRoSFIxSWVHYXBwRFpJcFY2MTFjTFBMV3R5SDlyeGZCZExxRVpNdUZUSVMwWnh0VkZaRVF6TEpkUy1ZQU5iWU5HT1p3?oc=5,Pekerjaan Teknologi Paling 'Cuan' yang Diincar Generasi Z - RRI.co.id,news.google.com,extraction_failed,2026-08-31 23:33:26
https://news.google.com/rss/articles/CBMimgFBVV95cUxOVFJMYVd3OW1YSHNMM1NQZEszZERobU9RdWJDQmtpd1hTLTYyS0FYTlVkRkdBcTlHQnR6MzNVSG1xbU1haUhoZWtfMnVsakNzSXpCbVJCSnF5U1R4YjlsNXhkdFUwZ2xSYWxaU3RPZGdJTElBMW9VS3FBYWU5SGt6VXlVS0NxRVlOcnZKMjR2UGZYa0N5Sk5iVld3?oc=5,https://news.google.com/rss/articles/CBMimgFBVV95cUxOVFJMYVd3OW1YSHNMM1NQZEszZERobU9RdWJDQmtpd1hTLTYyS0FYTlVkRkdBcTlHQnR6MzNVSG1xbU1haUhoZWtfMnVsakNzSXpCbVJCSnF5U1R4YjlsNXhkdFUwZ2xSYWxaU3RPZGdJTElBMW9VS3FBYWU5SGt6VXlVS0NxRVlOcnZKMjR2UGZYa0N5Sk5iVld3?oc=5,Peluang Bisnis Nobar Piala Dunia FIFA 2026 - RRI.co.id,news.google.com,extraction_failed,2026-08-31 23:33:26
https://news.google.com/rss/articles/CBMilwFBVV95cUxPWmJVVmtQZTh2cy1Na1hnZTUxQk4zZXBPYXdpYVNwMExrcGt4RkxJbmpsT0hsSDZPMm9nWXhzR3FBcWxja1JOWE13QjctbmpRQlAweGNKYnNVTEJsWTUzMXlUZFZTSnJDX055Xy1sZGtSTl9IZXQ2bElfN1hJNUtjeUlsLWJLemsxWVNrU1lGYnFLc1dEQVNV?oc=5,https://news.google.com/rss/articles/CBMilwFBVV95cUxPWmJVVmtQZTh2cy1Na1hnZTUxQk4zZXBPYXdpYVNwMExrcGt4RkxJbmpsT0hsSDZPMm9nWXhzR3FBcWxja1JOWE13QjctbmpRQlAweGNKYnNVTEJsWTUzMXlUZFZTSnJDX055Xy1sZGtSTl9IZXQ2bElfN1hJNUtjeUlsLWJLemsxWVNrU1lGYnFLc1dEQVNV?oc=5,Jasa Pengiriman Barang Mulai Ramai di Kota Meulaboh - RRI.co.id,news.google.com,extraction_failed,2026-08-31 23:33:26
https://news.google.com/rss/articles/CBMisAFBVV95cUxQZzViWGpKU3VqOUdBLXVPc1pFMDZFTGpyR0JEdllhUmd1NWpSd0cxWmZzOG43b09WQWZYT1VsMGdCYW9ZaEdzTzlkUG84QWJjZi1TX29oemZKbzlPSzFCTjFmYlhUYmJOSlh4VWp0eGY2RzVBRk44aWJNVlNpVXdvNWxiUy02TF9wZWlUVW93Sjh2Tjd2bXp4NFQzOUNCWHpoejVya3kyXzJaSVNrMWtSWg?oc=5,https://news.google.com/rss/articles/CBMisAFBVV95cUxQZzViWGpKU3VqOUdBLXVPc1pFMDZFTGpyR0JEdllhUmd1NWpSd0cxWmZzOG43b09WQWZYT1VsMGdCYW9ZaEdzTzlkUG84QWJjZi1TX29oemZKbzlPSzFCTjFmYlhUYmJOSlh4VWp0eGY2RzVBRk44aWJNVlNpVXdvNWxiUy02TF9wZWlUVW93Sjh2Tjd2bXp4NFQzOUNCWHpoejVya3kyXzJaSVNrMWtSWg?oc=5,"Aplikasi Draiv Region Meulaboh Diluncurkan, Wabup: Bikin Bangga Aceh Barat - Serambinews.com",news.google.com,extraction_failed,2026-08-31 23:33:26
https://news.google.com/rss/articles/CBMikAFBVV95cUxQTTRQOWluTjZ3U3dTOVU2dFFldHQ2TEFVdlVqVXFIdlg4SGhkRENORlFULWZISGcyM3VBV0Jmd1ZQc2JRZTNPYU5mQVZUcDlvc0FfNEtETndQQWVuWEp2Y1NlTi1fMXNpc3gzX3JOb3RoYUU2VlY2dXZKMHE5bGM3NmVNSmp3aF9iOWdfZ0xZbnk?oc=5,https://news.google.com/rss/articles/CBMikAFBVV95cUxQTTRQOWluTjZ3U3dTOVU2dFFldHQ2TEFVdlVqVXFIdlg4SGhkRENORlFULWZISGcyM3VBV0Jmd1ZQc2JRZTNPYU5mQVZUcDlvc0FfNEtETndQQWVuWEp2Y1NlTi1fMXNpc3gzX3JOb3RoYUU2VlY2dXZKMHE5bGM3NmVNSmp3aF9iOWdfZ0xZbnk?oc=5,MIS Nurul Falah Akan Menerapkan Progam Digital - RRI.co.id,news.google.com,extraction_failed,2026-08-31 23:33:26
https://news.google.com/rss/articles/CBMirgFBVV95cUxNM0hxRXZPZTJFd1Fqd29uTlhDREg4Y3B4RmRpa3ZtVzc1UC1UdDZ5eWpNSDlRR1prMGNwQ1RXcXg2b3d2M3Rnc1lxTkd0ZkhsTjFibFM3ampMVmtkdWN5WUZsSzVCcGprTTgxR0JvQWszcXpBc3UzLU9hbS1GRm4wNi1Od1dkTkQ4ODhvLVVqNXdvSkQtSXlvLU5Jd2Z6dS1SZmZzVTd4THFBVFdnNGc?oc=5,https://news.google.com/rss/articles/CBMirgFBVV95cUxNM0hxRXZPZTJFd1Fqd29uTlhDREg4Y3B4RmRpa3ZtVzc1UC1UdDZ5eWpNSDlRR1prMGNwQ1RXcXg2b3d2M3Rnc1lxTkd0ZkhsTjFibFM3ampMVmtkdWN5WUZsSzVCcGprTTgxR0JvQWszcXpBc3UzLU9hbS1GRm4wNi1Od1dkTkQ4ODhvLVVqNXdvSkQtSXlvLU5Jd2Z6dS1SZmZzVTd4THFBVFdnNGc?oc=5,Pabrik Karet Lokal Perkuat Hilirisasi Perkebunan Aceh Barat - RRI.co.id,news.google.com,extraction_failed,2026-08-31 23:33:26
https://news.google.com/rss/articles/CBMikgFBVV95cUxPWm1nU3Zxc2FnSFJ6NVlGWmgyR2k5ejMxZjgyaWdOM1g3U0J6VlByM2ZIV2dFWmFPMUJGXy05QWZzYkFCakZ4Y2V2M0x0WDlxc3ZtSjZKdk1JTF9NX08xbWRUbmN4c3kxYWkzSlF5X2tvYzVtanF3S3AzenN0dy14N1NOaml4NWE1bTVnVW4yQkxCQQ?oc=5,https://news.google.com/rss/articles/CBMikgFBVV95cUxPWm1nU3Zxc2FnSFJ6NVlGWmgyR2k5ejMxZjgyaWdOM1g3U0J6VlByM2ZIV2dFWmFPMUJGXy05QWZzYkFCakZ4Y2V2M0x0WDlxc3ZtSjZKdk1JTF9NX08xbWRUbmN4c3kxYWkzSlF5X2tvYzVtanF3S3AzenN0dy14N1NOaml4NWE1bTVnVW4yQkxCQQ?oc=5,Kiat Sukses Membangun Usaha Diusia Muda - RRI.co.id,news.google.com,extraction_failed,2026-08-31 23:33:26
https://news.google.com/rss/articles/CBMimgFBVV95cUxPNnZJME9zdEl1VE5jYmNiRl83MlpPUWdweUxyQXdSQWhHUnBjX1UxVHAtLTFHVF9uWDAzTTR3Q1MycmtqR0tTZ0hHdFZzVmFoWDBtQ1dIYmJ3MzNFc25RQjdEdGFUX3ctWnlnYnFPOC1OcE45Slo1dTNfYWJNcjRuMGRTSG5KMWRoRk54LUotRERGOXhIakY2b1h3?oc=5,https://news.google.com/rss/articles/CBMimgFBVV95cUxPNnZJME9zdEl1VE5jYmNiRl83MlpPUWdweUxyQXdSQWhHUnBjX1UxVHAtLTFHVF9uWDAzTTR3Q1MycmtqR0tTZ0hHdFZzVmFoWDBtQ1dIYmJ3MzNFc25RQjdEdGFUX3ctWnlnYnFPOC1OcE45Slo1dTNfYWJNcjRuMGRTSG5KMWRoRk54LUotRERGOXhIakY2b1h3?oc=5,Toko Pakaian di Meulaboh Mulai Tambah Stok - RRI.co.id,news.google.com,extraction_failed,2026-08-31 23:33:27
https://news.google.com/rss/articles/CBMiiwFBVV95cUxNTlkxVE8tX1pjUU92ak42VW44MHR2UTFyTTBoV2drYWFpRHp2c09GVHl0UWJVczhXcS0xZ1NrNDhuUHlMcmNmVXJ6UUlRcDJXRUNIR202ZkhoRXJ4TnI0X0VsWUh6WHh3QXA1WDlmNjZKbHBnSWJaQ0tmamd1d19ZdXNWLURQLWtYRUJJ?oc=5,https://news.google.com/rss/articles/CBMiiwFBVV95cUxNTlkxVE8tX1pjUU92ak42VW44MHR2UTFyTTBoV2drYWFpRHp2c09GVHl0UWJVczhXcS0xZ1NrNDhuUHlMcmNmVXJ6UUlRcDJXRUNIR202ZkhoRXJ4TnI0X0VsWUh6WHh3QXA1WDlmNjZKbHBnSWJaQ0tmamd1d19ZdXNWLURQLWtYRUJJ?oc=5,Rektor: UTU Siap jadi Center of Excellent - RRI.co.id,news.google.com,extraction_failed,2026-08-31 23:33:28
https://news.google.com/rss/articles/CBMilAFBVV95cUxOeVE4dkpCMUp4MEYtVG1XOW56dWVpMnBfZlZ6VzRpSEVVeVVMV191RkZlVmVlNWswMWw2NlNJSG96YUdwdTNWRkM3aXh4SlBES1VRbkhlT2lvVUtIeEUwdkJKR3RRTUdQNHg0MDVYa2UtWHR2Q0lUbWN1X3NabjVoeTlrZGhuVlZVSkMzbThjejFoSlI1?oc=5,https://news.google.com/rss/articles/CBMilAFBVV95cUxOeVE4dkpCMUp4MEYtVG1XOW56dWVpMnBfZlZ6VzRpSEVVeVVMV191RkZlVmVlNWswMWw2NlNJSG96YUdwdTNWRkM3aXh4SlBES1VRbkhlT2lvVUtIeEUwdkJKR3RRTUdQNHg0MDVYa2UtWHR2Q0lUbWN1X3NabjVoeTlrZGhuVlZVSkMzbThjejFoSlI1?oc=5,Cara Mengembangkan Facebook Pro untuk Bisnis Anda - RRI.co.id,news.google.com,extraction_failed,2026-08-31 23:33:28
https://news.google.com/rss/articles/CBMipgFBVV95cUxPb2pYeDZhbUxtbEswNXZhNkdxNEZRcjdCaW1KeWlJLUdWRjllZEhidTBHeFlnbkJNMmhkRGljTHZ2bFNVaFNTblRvT3kzUzZDbmM4U1BaRXFQLTdwZERvRUxUbXhHZEhMbWZrQzhWY25ick9zU3N4enc4ZmRtVktqUG16V2FfMGE4SHJ2WHlacVFwZjNNYkVVbElHYVhMNGUtOWhmX2hR?oc=5,https://news.google.com/rss/articles/CBMipgFBVV95cUxPb2pYeDZhbUxtbEswNXZhNkdxNEZRcjdCaW1KeWlJLUdWRjllZEhidTBHeFlnbkJNMmhkRGljTHZ2bFNVaFNTblRvT3kzUzZDbmM4U1BaRXFQLTdwZERvRUxUbXhHZEhMbWZrQzhWY25ick9zU3N4enc4ZmRtVktqUG16V2FfMGE4SHJ2WHlacVFwZjNNYkVVbElHYVhMNGUtOWhmX2hR?oc=5,Polemik Hak guna Usaha (HGU) PT SIR hingga Jadi Semak Belukar - RRI.co.id,news.google.com,extraction_failed,2026-08-31 23:33:28
https://news.google.com/rss/articles/CBMiwAFBVV95cUxNQWdrbWUtQ01Na1I2SFdiakVJWXdvMWRTdTRHcDZIb2pBd0xRUWtUajZwNV8zc015SFpjNEFvWklqSHVIZ2lzZ244M25zd1o1b1VaUGIwV2QzZk5RYlA0eUdDbm9kb2V3TExMbW5zNVB2SjFSTU1wcThWZU1TLXhaZFhiLUR2aThBVzB1UGtoSlNDUUdZV09Ha2VldEFOYmFyU1pPQnFpUnEwaUxCWHY5ZU04ZEdwN0czV1Q2cEFfeW7SAcYBQVVfeXFMTzlXYU9GUFQ3Z0ZqMVFkNXJ4U0laQVQ2Rms4UFNiLXVVQVg5N0FNemgweE9oTGMtcERKbzJfSmRnVFVwalBKNWlQOXFBU0xzU0VyblI4WV9BekRUdE5fbFk5aUZlejlTd2JMazFLYUJMRDlvRzN4R0JCSHVuSl9HLUJWMnNtVUxDU0tJZkRBSDhHWVpmYzlMSTdTd00tUmVEOUN2RWtva2J2UzhwX21vWmQ4ZFF5N2k0bURkWWhBRmkxeGJkTExn?oc=5,https://news.google.com/rss/articles/CBMiwAFBVV95cUxNQWdrbWUtQ01Na1I2SFdiakVJWXdvMWRTdTRHcDZIb2pBd0xRUWtUajZwNV8zc015SFpjNEFvWklqSHVIZ2lzZ244M25zd1o1b1VaUGIwV2QzZk5RYlA0eUdDbm9kb2V3TExMbW5zNVB2SjFSTU1wcThWZU1TLXhaZFhiLUR2aThBVzB1UGtoSlNDUUdZV09Ha2VldEFOYmFyU1pPQnFpUnEwaUxCWHY5ZU04ZEdwN0czV1Q2cEFfeW7SAcYBQVVfeXFMTzlXYU9GUFQ3Z0ZqMVFkNXJ4U0laQVQ2Rms4UFNiLXVVQVg5N0FNemgweE9oTGMtcERKbzJfSmRnVFVwalBKNWlQOXFBU0xzU0VyblI4WV9BekRUdE5fbFk5aUZlejlTd2JMazFLYUJMRDlvRzN4R0JCSHVuSl9HLUJWMnNtVUxDU0tJZkRBSDhHWVpmYzlMSTdTd00tUmVEOUN2RWtva2J2UzhwX21vWmQ4ZFF5N2k0bURkWWhBRmkxeGJkTExn?oc=5,Petugas Gabungan Ciduk 9 Pelaku Game Judi Online di Sejumlah Warkop Meulaboh - tvOneNews,news.google.com,extraction_failed,2026-08-31 23:33:28
https://news.google.com/rss/articles/CBMisAFBVV95cUxOMk5fZ1Q5MF8zTnVoUG9zVVgySDFFc2MtNWxiTUg4eWpoMk9uODhhaldmcmFTMFBRMkV6WXVhdXBCSWZiUzNQMlZydVZTU0pZWnY3R2JEZXZGaURFaWxXS1M0VmVBUk80UnRKT2FrUkhXVkNSTU50V3FwdUc2ZGlrZEhEbGRlTVlfTzlvSDd0ejdNZmRqem5MemN2Y1hxbFUyTnBvanI5dXE5SF9MTXlpaA?oc=5,https://news.google.com/rss/articles/CBMisAFBVV95cUxOMk5fZ1Q5MF8zTnVoUG9zVVgySDFFc2MtNWxiTUg4eWpoMk9uODhhaldmcmFTMFBRMkV6WXVhdXBCSWZiUzNQMlZydVZTU0pZWnY3R2JEZXZGaURFaWxXS1M0VmVBUk80UnRKT2FrUkhXVkNSTU50V3FwdUc2ZGlrZEhEbGRlTVlfTzlvSDd0ejdNZmRqem5MemN2Y1hxbFUyTnBvanI5dXE5SF9MTXlpaA?oc=5,"Jaksa Eksekusi Tiga Pelaku Judi Online di Aceh Barat, Bebas Usai Dicambuk - Serambinews.com",news.google.com,extraction_failed,2026-08-31 23:33:28
https://news.google.com/rss/articles/CBMiigFBVV95cUxOalZUUlBDMXZYTW1MVGVuNVNrTTBab081bEtPTjJTbEdWYjY4c0ZQWl9OQnM5Ni1pTDZ5V1NOcDlqVkZvOUNxWVprQnkxMHFyVkdzVzd5ZlpZVWFWSVR6TDQtVF9aSnM3TTZKVF9nelNfNzhlekxCMVhwT2ZuTGRQRHMxRW01aXFJUGc?oc=5,https://news.google.com/rss/articles/CBMiigFBVV95cUxOalZUUlBDMXZYTW1MVGVuNVNrTTBab081bEtPTjJTbEdWYjY4c0ZQWl9OQnM5Ni1pTDZ5V1NOcDlqVkZvOUNxWVprQnkxMHFyVkdzVzd5ZlpZVWFWSVR6TDQtVF9aSnM3TTZKVF9nelNfNzhlekxCMVhwT2ZuTGRQRHMxRW01aXFJUGc?oc=5,Bubur Manekro Semakin Diminati Masyarakat - RRI.co.id,news.google.com,extraction_failed,2026-08-31 23:33:29
https://news.google.com/rss/articles/CBMikgFBVV95cUxOTnNxemtIeGVGNk5Xd1A5MTZOYzFyTmR3Znk3VnB1aG1nVWFlTTBWMUR2ZGtsdk05VU81ZUF3OWl0eXVCYzRjVGJDQkYzMmtxVE5WckhTWGUwTXhwdEVRVUxPUkVyYnNYSXFGR2VJTzVRQ3lsMmhoY0FCbjRCT2R3UVRJbF82em9BYUZfY3dxNmJOUQ?oc=5,https://news.google.com/rss/articles/CBMikgFBVV95cUxOTnNxemtIeGVGNk5Xd1A5MTZOYzFyTmR3Znk3VnB1aG1nVWFlTTBWMUR2ZGtsdk05VU81ZUF3OWl0eXVCYzRjVGJDQkYzMmtxVE5WckhTWGUwTXhwdEVRVUxPUkVyYnNYSXFGR2VJTzVRQ3lsMmhoY0FCbjRCT2R3UVRJbF82em9BYUZfY3dxNmJOUQ?oc=5,Bank Aceh Meulaboh Topang Ekonomi Lokal Melalui Pembiayaan Inklusif - Bisnisia.id,news.google.com,extraction_failed,2026-08-31 23:33:29
https://news.google.com/rss/articles/CBMisAFBVV95cUxPZFpmOXNJMjA0SjVzZlNNT3gyMlR2Z0ZOS1ZNUGlZeUJzaS16d2VrNEk4VVI3MFgyUV90bDlUakl3Uy1IcW9waHV4cXFIX3pvQUdWTmw5NFphWnVzWDktYWs4SkpwdDI3MmVHd1lheklBM2tqSHEyNGJpcV9rQ3YwWFNNc2F4SGNCWk1mNGh2VXRybjg4dlFDb1ZjMlhEX2pvcXpjeTBFQUl4QVMyNzBnMw?oc=5,https://news.google.com/rss/articles/CBMisAFBVV95cUxPZFpmOXNJMjA0SjVzZlNNT3gyMlR2Z0ZOS1ZNUGlZeUJzaS16d2VrNEk4VVI3MFgyUV90bDlUakl3Uy1IcW9waHV4cXFIX3pvQUdWTmw5NFphWnVzWDktYWs4SkpwdDI3MmVHd1lheklBM2tqSHEyNGJpcV9rQ3YwWFNNc2F4SGNCWk1mNGh2VXRybjg4dlFDb1ZjMlhEX2pvcXpjeTBFQUl4QVMyNzBnMw?oc=5,"Muncikari Dituntut 6 Tahun Penjara, Kasus Prostitusi Online di Nagan Raya - Serambinews.com",news.google.com,extraction_failed,2026-08-31 23:33:29
https://news.google.com/rss/articles/CBMipwFBVV95cUxNcnpTZ0t4WUNsbnRidUQ1TWc0ZFhicnFYekpNa2FHM19jaExYNkN5ZzhCMGppT29nMW1FbV9BSlVMRHZhelNLa3BYU0dOb0YtRlhQSDVMeVJSeUhTWk1xVlRnLTdPVGVQQUF5T3AzR2FOd1ljaEM4NVowSVdzT09wQVZ5cFZFNWxlckY0LTdJR2xjU181WlMwWHBXb3IzXzdRbUZPejBla9IBrAFBVV95cUxPbEJTZHNzTUZZN2hla0Y1Sk5mZDdWV1p6NjJUT1FWV3lYa1BNb0dmdjBqSXowX2VfQzgwWEhBdXBfTjZ3V3Y0R0lEQlhiSkd4RDlEM0RfR2VWdnJZcGF1TFFlQkNnOGY5UFZRV3cxWkdKVV9hcDkyNGVVWHF2Zk1LMVJlbVI1RllNaUZYM0ZkRXVTdDJKaXhJOGF6Sms5S1dXUEdlYURKQ180TkJL?oc=5,https://news.google.com/rss/articles/CBMipwFBVV95cUxNcnpTZ0t4WUNsbnRidUQ1TWc0ZFhicnFYekpNa2FHM19jaExYNkN5ZzhCMGppT29nMW1FbV9BSlVMRHZhelNLa3BYU0dOb0YtRlhQSDVMeVJSeUhTWk1xVlRnLTdPVGVQQUF5T3AzR2FOd1ljaEM4NVowSVdzT09wQVZ5cFZFNWxlckY0LTdJR2xjU181WlMwWHBXb3IzXzdRbUZPejBla9IBrAFBVV95cUxPbEJTZHNzTUZZN2hla0Y1Sk5mZDdWV1p6NjJUT1FWV3lYa1BNb0dmdjBqSXowX2VfQzgwWEhBdXBfTjZ3V3Y0R0lEQlhiSkd4RDlEM0RfR2VWdnJZcGF1TFFlQkNnOGY5UFZRV3cxWkdKVV9hcDkyNGVVWHF2Zk1LMVJlbVI1RllNaUZYM0ZkRXVTdDJKaXhJOGF6Sms5S1dXUEdlYURKQ180TkJL?oc=5,10 Ide Usaha Sampingan Karyawan yang Menguntungkan - Katadata.co.id,news.google.com,extraction_failed,2026-08-31 23:33:29
https://news.google.com/rss/articles/CBMiggFBVV95cUxOTnhhVWQ2dEw4UndlaEcybEpMbWVySHZXRmdOZEYxUFBpV3NzbVpBckhxRUd0blphOEs5LVVOLUtTM0psRUM1WnV5MHp5dUczRVV0U0RMUDM4dDFOY3d2UXFfdldWTzBucFhZLUNCUTU1Z3pZSnhBOUNHd0JfX1JWbG9n?oc=5,https://news.google.com/rss/articles/CBMiggFBVV95cUxOTnhhVWQ2dEw4UndlaEcybEpMbWVySHZXRmdOZEYxUFBpV3NzbVpBckhxRUd0blphOEs5LVVOLUtTM0psRUM1WnV5MHp5dUczRVV0U0RMUDM4dDFOY3d2UXFfdldWTzBucFhZLUNCUTU1Z3pZSnhBOUNHd0JfX1JWbG9n?oc=5,FOTO: Adaptasi Pedagang Pasar Aceh Era Digital - distori.id,news.google.com,extraction_failed,2026-08-31 23:33:30
https://news.google.com/rss/articles/CBMiugFBVV95cUxQRlBtUEVSNHI1ZWFOd3owQ0NBX3NLYm5tU21rSERDUE1BMkxSQldoajZ5dndSMXkyVmJzSFc2Q3ZmbVJmLXViVUVBM0RtQVJ5V2VqMzNqaWE3a3BXYjdKbDNXYkJlRkxkTmFrMHA4SmVKVlc5QXNQS2Y3WlpHUkV0UGdfUlk5a0l6LWRpWXdYc2s0ZmI5ei1KZjJ4dTJkUHN0aEN3eWZSSGM2NlpZVFFFb3ljVlRHaGgzWWc?oc=5,https://news.google.com/rss/articles/CBMiugFBVV95cUxQRlBtUEVSNHI1ZWFOd3owQ0NBX3NLYm5tU21rSERDUE1BMkxSQldoajZ5dndSMXkyVmJzSFc2Q3ZmbVJmLXViVUVBM0RtQVJ5V2VqMzNqaWE3a3BXYjdKbDNXYkJlRkxkTmFrMHA4SmVKVlc5QXNQS2Y3WlpHUkV0UGdfUlk5a0l6LWRpWXdYc2s0ZmI5ei1KZjJ4dTJkUHN0aEN3eWZSSGM2NlpZVFFFb3ljVlRHaGgzWWc?oc=5,"13 Juta Transaksi di E-Commerce, UMKM di Wilayah Terdampak Bangkit - Kompas.com",news.google.com,extraction_failed,2026-08-31 23:33:30
https://news.google.com/rss/articles/CBMisAFBVV95cUxPT0hYQ3Rncmo4M0N0NXNyVGszOVNpOV8yUWkwQUxTTmZFT2tfTVc2b1lzeTRDV0IzZWNOa1hoV3JBR3dmUURVNmpNNEw3akh0S1A3QWdCQzJOVXdpaWtHZWRrWHZCM3FvUzI2ZEQwMzJMMy1sajJiUlFLSExsYXhtN2QxampEZy1lblduT1JXdDBXMXlzb0I3YVN0QkpkY1NSMjVZcjU5ekNaeTh5eEtSRtIBtgFBVV95cUxOQUU4LWpqUVdUT1l2YURRa2tXbTYtYnlDTEs4cm9NcHh3dm9YMUZyZ0NpYkRDaVRIYVJtNkVpOThmTzUwNWtQb200c0hWck5XdFlza1pyZzJPLTgwcVFqVUhMWWRwbXFfc09nWmhLRnBEbUx4Z2ZhQUVjc05WSnV6TnpGYWRFZTBaakxIYjg4cmRzNGE0cnhnUU9XV1dQNmdXdkMybFoyN01FUEU0Qzg0MnF4NXJJUQ?oc=5,https://news.google.com/rss/articles/CBMisAFBVV95cUxPT0hYQ3Rncmo4M0N0NXNyVGszOVNpOV8yUWkwQUxTTmZFT2tfTVc2b1lzeTRDV0IzZWNOa1hoV3JBR3dmUURVNmpNNEw3akh0S1A3QWdCQzJOVXdpaWtHZWRrWHZCM3FvUzI2ZEQwMzJMMy1sajJiUlFLSExsYXhtN2QxampEZy1lblduT1JXdDBXMXlzb0I3YVN0QkpkY1NSMjVZcjU5ekNaeTh5eEtSRtIBtgFBVV95cUxOQUU4LWpqUVdUT1l2YURRa2tXbTYtYnlDTEs4cm9NcHh3dm9YMUZyZ0NpYkRDaVRIYVJtNkVpOThmTzUwNWtQb200c0hWck5XdFlza1pyZzJPLTgwcVFqVUhMWWRwbXFfc09nWmhLRnBEbUx4Z2ZhQUVjc05WSnV6TnpGYWRFZTBaakxIYjg4cmRzNGE0cnhnUU9XV1dQNmdXdkMybFoyN01FUEU0Qzg0MnF4NXJJUQ?oc=5,"UMKM di Wilayah Terdampak Bangkit, Catat 13 Juta Transaksi di E-Commerce - detikNews",news.google.com,extraction_failed,2026-08-31 23:33:30
https://news.google.com/rss/articles/CBMiXEFVX3lxTFBZWEM4eWt0UGhtODFpbUV3VjBMbFh5ZFp5SWl2WjZSSkJaREZqU3pfRWF6OFctVWF5VWxKSkY3cUtueHVkbncxVjczeEFLVUxfSFBrU2NhVnpTRldJ?oc=5,https://news.google.com/rss/articles/CBMiXEFVX3lxTFBZWEM4eWt0UGhtODFpbUV3VjBMbFh5ZFp5SWl2WjZSSkJaREZqU3pfRWF6OFctVWF5VWxKSkY3cUtueHVkbncxVjczeEFLVUxfSFBrU2NhVnpTRldJ?oc=5,Kementerian UMKM Hadirkan Layanan Belanja Produk UMKM Terdampak Bencana Sumatera Via E-commerce - Kementerian UMKM,news.google.com,extraction_failed,2026-08-31 23:33:30
https://news.google.com/rss/articles/CBMipgFBVV95cUxQcDZlVHNZOFNlSGhWZnRnXzVhNkZYTXQ4OURYVE5qcmZCSFF6Y0tIWWlsczViSFlnY2FTUXVmd1AtZ2xxN3FLZ0d3dFZ1Rzk5YkplWnlKbm5kUnNGZzRCaFo1UVhYUFBtQVo2Tms2WUpLSUxuNkxFbUNpelN3MDdGNXJUMDg0NGcxUUhBU2ZhRkdaYnVSbkhZVTNMWHkwY1ExVEFLN3FR0gGoAUFVX3lxTE8temJqRklDR1J1OWQ0bUY4TF9iODNkSU5NYV9NVE82eWdxYldrX0ZCMWFSRjBzVVNXcDhURWhVRHBHM0RQYTdUM3BEbFdWY0xiNzZEUEJScXNGODBfNU9vV0Z6bDdsNTBRNFVLNjRrdGtJVlAzc2lsNThzYnJGbW1tQXlFTXdWZXNTX0R2WUllQ1ExZXlqcmxqMkJtWTJoQXJZWjRpTEpJQw?oc=5,https://news.google.com/rss/articles/CBMipgFBVV95cUxQcDZlVHNZOFNlSGhWZnRnXzVhNkZYTXQ4OURYVE5qcmZCSFF6Y0tIWWlsczViSFlnY2FTUXVmd1AtZ2xxN3FLZ0d3dFZ1Rzk5YkplWnlKbm5kUnNGZzRCaFo1UVhYUFBtQVo2Tms2WUpLSUxuNkxFbUNpelN3MDdGNXJUMDg0NGcxUUhBU2ZhRkdaYnVSbkhZVTNMWHkwY1ExVEFLN3FR0gGoAUFVX3lxTE8temJqRklDR1J1OWQ0bUY4TF9iODNkSU5NYV9NVE82eWdxYldrX0ZCMWFSRjBzVVNXcDhURWhVRHBHM0RQYTdUM3BEbFdWY0xiNzZEUEJScXNGODBfNU9vV0Z6bDdsNTBRNFVLNjRrdGtJVlAzc2lsNThzYnJGbW1tQXlFTXdWZXNTX0R2WUllQ1ExZXlqcmxqMkJtWTJoQXJZWjRpTEpJQw?oc=5,Halaman khusus UMKM Sumatera Bangkit kini hadir di e-commerce - ANTARA News,news.google.com,extraction_failed,2026-08-31 23:33:30
https://news.google.com/rss/articles/CBMiygFBVV95cUxPRGxsbnNYSzVIM3NqaUswRUw2NGJSdkxzZ2pHam1iUW0zMllhdHBFMWt4OGNBVkowM1FncXBrNEc1R0dhdGtJRlhfb05rN0pRQ0QtUlF2c1dTU1YydzhfTy1sUXNwcVpCN294TXhHR1NfQ1ZaQ2hPdmI1aFZkUEYxc0M2WUlNT3FMX3JuTkdJX1F0S0tTUlEzMXFrY3dCVFdOdXItczlyckktdzZoN1V0V1FtYUtCb3JTMkpyRkoxZHJiNm5zcndhTXZB0gHPAUFVX3lxTE1RVDNrSGFNdkNkZll1aHVjWnNLNFB5V0RHQmV0WTdtU3JfNnZUYlhuemVMRVBxamgtcE5SaTVlYVdCNGxDQnBremhWQmpHSTNpZGdYVEotZFVzUDV4MUdleFF3Nmd5dERVSzAyME5rVHUzUno5c3ZhU1JQQTFKck5vNzNGUWZUaDFoZFJEcXBtemN1QkJEMzc2RjhQZHdSamY2Y0FXZXJUcUtCME1xMEFSNl9KVjJHcXJRVDIyUnVVdVY1ZVNScGVYT0xER3VFWQ?oc=5,https://news.google.com/rss/articles/CBMiygFBVV95cUxPRGxsbnNYSzVIM3NqaUswRUw2NGJSdkxzZ2pHam1iUW0zMllhdHBFMWt4OGNBVkowM1FncXBrNEc1R0dhdGtJRlhfb05rN0pRQ0QtUlF2c1dTU1YydzhfTy1sUXNwcVpCN294TXhHR1NfQ1ZaQ2hPdmI1aFZkUEYxc0M2WUlNT3FMX3JuTkdJX1F0S0tTUlEzMXFrY3dCVFdOdXItczlyckktdzZoN1V0V1FtYUtCb3JTMkpyRkoxZHJiNm5zcndhTXZB0gHPAUFVX3lxTE1RVDNrSGFNdkNkZll1aHVjWnNLNFB5V0RHQmV0WTdtU3JfNnZUYlhuemVMRVBxamgtcE5SaTVlYVdCNGxDQnBremhWQmpHSTNpZGdYVEotZFVzUDV4MUdleFF3Nmd5dERVSzAyME5rVHUzUno5c3ZhU1JQQTFKck5vNzNGUWZUaDFoZFJEcXBtemN1QkJEMzc2RjhQZHdSamY2Y0FXZXJUcUtCME1xMEFSNl9KVjJHcXJRVDIyUnVVdVY1ZVNScGVYT0xER3VFWQ?oc=5,"Kementerian UMKM Kolaborasi Dengan Platform E-commerce, Pastikan Wilayah Terdampak Bencana Dapat Akses Pasar - abatanews.com",news.google.com,extraction_failed,2026-08-31 23:33:30
https://news.google.com/rss/articles/CBMirwFBVV95cUxQdENOdzlYUl9DVUE2NWpvdDE2Ri1nb3ZCcmI0QkhyXzhVMVgwRm1OcDYwamlOSmw4TjZsemJtdG1MRUt4UkFOWHRjU3BGQ21DYTlscmc5Z2dlc2FrbjVqb3VDUXppZkZJRDEzeTI3WlZXWGROWjliQzlkcV9iRjVmUTBnOTR1WUxlaXpqYmtnZUhfVlJiODdFS1JsbWdaY0FzSy1lWEEwWFFiQ0U2eGIw0gG3AUFVX3lxTE4ta0tjQlpnbFNEbDBuczFUaXdkMjlfZjFFOHo1NXNTRHhJQmp5SXAxZW5ZUEUxQTlXZ1Vtcm5ObExubmhOTkFJYVliQ21ZNmFvdXFiVFQyNk42QlNReVh2TFpINkt0U1hfMF9zYlQ4VTRtZ1RTb2U5R0lCSGRxa2tNOGdMMElRdUNGa21hQnZYQzBvTDVkMW1XeU4yQVV6Rmg3dERjZDVLUnM3WElHRVF3NUlEM1JwMA?oc=5,https://news.google.com/rss/articles/CBMirwFBVV95cUxQdENOdzlYUl9DVUE2NWpvdDE2Ri1nb3ZCcmI0QkhyXzhVMVgwRm1OcDYwamlOSmw4TjZsemJtdG1MRUt4UkFOWHRjU3BGQ21DYTlscmc5Z2dlc2FrbjVqb3VDUXppZkZJRDEzeTI3WlZXWGROWjliQzlkcV9iRjVmUTBnOTR1WUxlaXpqYmtnZUhfVlJiODdFS1JsbWdaY0FzSy1lWEEwWFFiQ0U2eGIw0gG3AUFVX3lxTE4ta0tjQlpnbFNEbDBuczFUaXdkMjlfZjFFOHo1NXNTRHhJQmp5SXAxZW5ZUEUxQTlXZ1Vtcm5ObExubmhOTkFJYVliQ21ZNmFvdXFiVFQyNk42QlNReVh2TFpINkt0U1hfMF9zYlQ4VTRtZ1RTb2U5R0lCSGRxa2tNOGdMMElRdUNGa21hQnZYQzBvTDVkMW1XeU4yQVV6Rmg3dERjZDVLUnM3WElHRVF3NUlEM1JwMA?oc=5,Transaksi E-Commerce UMKM di Wilayah Terdampak Bencana Meningkat - kumparan.com - Kumparan.com,news.google.com,extraction_failed,2026-08-31 23:33:31
https://news.google.com/rss/articles/CBMirwFBVV95cUxPY2pyeW1TeV9DX0NjYmVabjJmZ0RMcm9yS1JYQTlwdzhYT0JkSmhZRXNVelJZcHc1bzJqUmY0WWI3TzdRemp6LU5ZR2dreUdTeUtld1hzaHVSX2ZDdjlDbDlLUFVDM3d6Q05mRlp1ZlFPYXVkMGVaaU56MUFZdU9oYjZYdURPV19xMXVlQVVCRUtZLXdLWW1kQW81eVdtWXlydmowU1R6QktMcUlPVEJj0gG0AUFVX3lxTE5vcWxrVTZMekdNX0cwaDBCV1lFSGhZVzRWUXQ4dzU2SGkwMGtUemR4eXFDQmVoUHdmYlAzSjVscWRTUWlUR1VCUEplZmdzMFVrek9lckJEUnROdThWUjBXdFhGOXNSTHhpV29vN01SS1RkREdNUmZXcWtLbWhOY3lFcEtidDIxRWlSUFljT0ktaTktQUhkeGZYekcteHJJZW54cmVsblpGSUdOak9KZWJVM2RuSg?oc=5,https://news.google.com/rss/articles/CBMirwFBVV95cUxPY2pyeW1TeV9DX0NjYmVabjJmZ0RMcm9yS1JYQTlwdzhYT0JkSmhZRXNVelJZcHc1bzJqUmY0WWI3TzdRemp6LU5ZR2dreUdTeUtld1hzaHVSX2ZDdjlDbDlLUFVDM3d6Q05mRlp1ZlFPYXVkMGVaaU56MUFZdU9oYjZYdURPV19xMXVlQVVCRUtZLXdLWW1kQW81eVdtWXlydmowU1R6QktMcUlPVEJj0gG0AUFVX3lxTE5vcWxrVTZMekdNX0cwaDBCV1lFSGhZVzRWUXQ4dzU2SGkwMGtUemR4eXFDQmVoUHdmYlAzSjVscWRTUWlUR1VCUEplZmdzMFVrek9lckJEUnROdThWUjBXdFhGOXNSTHhpV29vN01SS1RkREdNUmZXcWtLbWhOY3lFcEtidDIxRWlSUFljT0ktaTktQUhkeGZYekcteHJJZW54cmVsblpGSUdOak9KZWJVM2RuSg?oc=5,"Transaksi UMKM Sumatera Terus Meningkat, Tembus 14,7 Juta di e-Commerce - detikNews",news.google.com,extraction_failed,2026-08-31 23:33:31
https://news.google.com/rss/articles/CBMiogFBVV95cUxQaFQxWUwxRzZtUXNqQ1Z5THlBMHNrcTBsR29LNHhBYzV1NWJHa3NpV2Z5cjhWMzlqUF9NV1JNX2lycmpVeXYzOXU1clozUE5obzFjcnlJc29SVHFaX0xkWjBTM01aNE51cFRTYVJCLUhsdHRlbkRMM1ZRNG5iM2JQLTRpUEszeFBVTHJrRi1sZmwzcjdCY1dxOEFKeHl5cFNYdWc?oc=5,https://news.google.com/rss/articles/CBMiogFBVV95cUxQaFQxWUwxRzZtUXNqQ1Z5THlBMHNrcTBsR29LNHhBYzV1NWJHa3NpV2Z5cjhWMzlqUF9NV1JNX2lycmpVeXYzOXU1clozUE5obzFjcnlJc29SVHFaX0xkWjBTM01aNE51cFRTYVJCLUhsdHRlbkRMM1ZRNG5iM2JQLTRpUEszeFBVTHJrRi1sZmwzcjdCY1dxOEFKeHl5cFNYdWc?oc=5,Pemerintah Buka Layanan Belanja Produk UMKM Terdampak Bencana Sumatra - RRI.co.id,news.google.com,extraction_failed,2026-08-31 23:33:31
https://news.google.com/rss/articles/CBMivgFBVV95cUxOYmJaemhKM2d0b2VzN2Vjb0lmVGpDbmtKRUV4MElLdFlVR2JaZDhPdE83dDJLRWh2U1JndUJQMElyejIyVGdEMDRRNVVDMG5nTnVNUnNpcTdWcGpnUlVIckdtSVkxbDRnaXcyNnk1X2VWVlFvWjBuUWEtOEJHWEJQT0JmeXVZdmhFQlpiZ0NEVEpvUi10akpaZ3VNd2t6WmllRFZnelZ1UmFhenYyV25ROTA4WWZCSkdsYmY5SHFB?oc=5,https://news.google.com/rss/articles/CBMivgFBVV95cUxOYmJaemhKM2d0b2VzN2Vjb0lmVGpDbmtKRUV4MElLdFlVR2JaZDhPdE83dDJLRWh2U1JndUJQMElyejIyVGdEMDRRNVVDMG5nTnVNUnNpcTdWcGpnUlVIckdtSVkxbDRnaXcyNnk1X2VWVlFvWjBuUWEtOEJHWEJQT0JmeXVZdmhFQlpiZ0NEVEpvUi10akpaZ3VNd2t6WmllRFZnelZ1UmFhenYyV25ROTA4WWZCSkdsYmY5SHFB?oc=5,Mahasiswa USK Latih Pemuda Manyang Cut Kuasai Desain Branding dan E-Commerce - harianrakyataceh.com,news.google.com,extraction_failed,2026-08-31 23:33:32
https://news.google.com/rss/articles/CBMiswFBVV95cUxPM21Sa21mSWlCdUV0bDlJeTB0Tk1nNXJxOU1Ja2RMN2pvNFpSTHlhRzNLMHY2bmFKb3pDQVdGTmVib0pLUExvRGFmcUE3RjRnd1BKLUcweUhJV3MtbktzTUY5bVJrVU85aXY4MTNGdlpuckJfVGcxTU5ZaVAySXhxOXBOTFZndjA5eG1WUS1XdHFtTUdVWWtKaGtydnF4X2F1cHQ3VHVmYjdtZHFyX0FfcjJDa9IBqwFBVV95cUxOLVBvdzlYTUhobzU2OXhFcTA2dUNreDNZaWluZGg4d2NCN2xEakdOdF9RdkdVcVg3VXdKZndLLWVjR0xISEhCQmFLc1NFYl9iclJ4TzBDNWdrS29qVWozVGpqTkZ2QzgtdVFnVmtObE9YOE05U21iMmd3N1FGWFJFNlFDYXJRUEVLRUxZaThLTFFYc0Y5aFZtT2lIdE5FdmdPdktiS2Rkb0N0NEk?oc=5,https://news.google.com/rss/articles/CBMiswFBVV95cUxPM21Sa21mSWlCdUV0bDlJeTB0Tk1nNXJxOU1Ja2RMN2pvNFpSTHlhRzNLMHY2bmFKb3pDQVdGTmVib0pLUExvRGFmcUE3RjRnd1BKLUcweUhJV3MtbktzTUY5bVJrVU85aXY4MTNGdlpuckJfVGcxTU5ZaVAySXhxOXBOTFZndjA5eG1WUS1XdHFtTUdVWWtKaGtydnF4X2F1cHQ3VHVmYjdtZHFyX0FfcjJDa9IBqwFBVV95cUxOLVBvdzlYTUhobzU2OXhFcTA2dUNreDNZaWluZGg4d2NCN2xEakdOdF9RdkdVcVg3VXdKZndLLWVjR0xISEhCQmFLc1NFYl9iclJ4TzBDNWdrS29qVWozVGpqTkZ2QzgtdVFnVmtObE9YOE05U21iMmd3N1FGWFJFNlFDYXJRUEVLRUxZaThLTFFYc0Y5aFZtT2lIdE5FdmdPdktiS2Rkb0N0NEk?oc=5,Harbolnas 2025 Tetap Bidik Transaksi Rp35 Triliun di Tengah Bencana Aceh–Sumatera - VOI.ID,news.google.com,extraction_failed,2026-08-31 23:33:32
https://news.google.com/rss/articles/CBMiqwFBVV95cUxOMG1NUy1udVhaSjFlQkJtd0N2bWdFTHBtc0lKaWtWd2kyMWhkbHZGX19LTnJrRWdBd3FLMWJhdWkyZkkwcXRvak1ZOWsxTTdjXzV4UUpILW96bndLQnE4THZtZHNmb2ZJMGh4cnYzQ21EaHFEdWl0OFhzSnBGa0hxZVZpZ1E4dUdOV0cySnpSMDRwSXZXcEVVcW5uUC1wTkRZQU5yYXhnaGFzWUU?oc=5,https://news.google.com/rss/articles/CBMiqwFBVV95cUxOMG1NUy1udVhaSjFlQkJtd0N2bWdFTHBtc0lKaWtWd2kyMWhkbHZGX19LTnJrRWdBd3FLMWJhdWkyZkkwcXRvak1ZOWsxTTdjXzV4UUpILW96bndLQnE4THZtZHNmb2ZJMGh4cnYzQ21EaHFEdWl0OFhzSnBGa0hxZVZpZ1E4dUdOV0cySnpSMDRwSXZXcEVVcW5uUC1wTkRZQU5yYXhnaGFzWUU?oc=5,"Pajak E-Commerce Akan Berlaku 2026, Pemerintah Pertimbangkan Kondisi Ekonomi - masakini.co",news.google.com,extraction_failed,2026-08-31 23:33:32
https://news.google.com/rss/articles/CBMitAFBVV95cUxQMVpVdlZBelgtTE1sTk5LNG5Fc1ZuZ0E5OTE4TkVtS2tHRjY4ZWJOVkd6WVM3YmYzT3FoNHBiWUZDNlAzMGtZTEJDbGJpUzh6blZGU0cwVDMyU285WHk4Q3doU0xYVXgyZlhoS282eUkyNEZwbXBaQjZrQk5oZGY1RlpaaFRtTlBXX0pyekxVaGFWanBMQjFvNHhwLUJZc3A3MXUwXzRkUTlhXzVoa0N2NGtPa20?oc=5,https://news.google.com/rss/articles/CBMitAFBVV95cUxQMVpVdlZBelgtTE1sTk5LNG5Fc1ZuZ0E5OTE4TkVtS2tHRjY4ZWJOVkd6WVM3YmYzT3FoNHBiWUZDNlAzMGtZTEJDbGJpUzh6blZGU0cwVDMyU285WHk4Q3doU0xYVXgyZlhoS282eUkyNEZwbXBaQjZrQk5oZGY1RlpaaFRtTlBXX0pyekxVaGFWanBMQjFvNHhwLUJZc3A3MXUwXzRkUTlhXzVoa0N2NGtPa20?oc=5,Japnas Aceh Ajak Pengusaha Manfaatkan Ekosistem E-Commerce - Pemerintahan Aceh,news.google.com,extraction_failed,2026-08-31 23:33:32
https://news.google.com/rss/articles/CBMikgFBVV95cUxNdFlaUnJMMkJVNmh1MXZ3NEhCNFc5TDFsUDJ1Q2tLUjN4WXZTVDVkOXZadTNUU1NpNDMyR0NOV3ZPd0UxU3UtTEhMTm9PbmRxWVdiVHN3djlqS3hUekhlTExGWjh4NXZtdy1nMWtkejJreGFlSnJlXzNkSTFnM2JCSHJTWnFTR0V3UzJ0ZGFHVmZvQdIBlwFBVV95cUxOSzI0cjNLOVZHODMyV1RJNHBpRE1SdUJ5YWFuV1Nta0h2WDd4Qmx1dVljRGl5VU1XWUdJbkpZdTZYaFBjVmxOMVFsZG56VjBlVFhoMURPQkhFdm5XU2RVbFI0aWFabWFjeENsYmxDeFh6MENQSjVmT3JqeDMtanl1ZnlCbHQzdXp0XzdNQUloQ3dPTVlzMl84?oc=5,https://news.google.com/rss/articles/CBMikgFBVV95cUxNdFlaUnJMMkJVNmh1MXZ3NEhCNFc5TDFsUDJ1Q2tLUjN4WXZTVDVkOXZadTNUU1NpNDMyR0NOV3ZPd0UxU3UtTEhMTm9PbmRxWVdiVHN3djlqS3hUekhlTExGWjh4NXZtdy1nMWtkejJreGFlSnJlXzNkSTFnM2JCSHJTWnFTR0V3UzJ0ZGFHVmZvQdIBlwFBVV95cUxOSzI0cjNLOVZHODMyV1RJNHBpRE1SdUJ5YWFuV1Nta0h2WDd4Qmx1dVljRGl5VU1XWUdJbkpZdTZYaFBjVmxOMVFsZG56VjBlVFhoMURPQkhFdm5XU2RVbFI0aWFabWFjeENsYmxDeFh6MENQSjVmT3JqeDMtanl1ZnlCbHQzdXp0XzdNQUloQ3dPTVlzMl84?oc=5,"Shopee jadi ""e-commerce"" paling banyak digunakan - ANTARA News Aceh",news.google.com,extraction_failed,2026-08-31 23:33:33
https://news.google.com/rss/articles/CBMixgFBVV95cUxPS04xZ1VUZjdoQml5YkZTVWFBYmlVbUYwVzJJT3MySEhqUGNDUDNzZ0VCbVZGaUZLSVhyMkRObDExOXdKdnFBVE5oTUpMT1ZUa3QxRk1VVnptblhkS1hDZDU1WjduTFZLdVkxSXRtUkt0c3h3Yzd4NlZYM3NJMkllcjdvRFkxNGdKUDhFYUlhWVF3TGhVQzZxYVM3eG5qeWxEazU1NmppWWZ4ZzZ4NHRUZlFaeVRZSk9kYVItNERQYmJKb0prZVHSAcsBQVVfeXFMT21ERmJrQ041NEFGcDhPb2RBMW1IcmVwUU1Ca0xSVV84TDliNmlpZENMT3NNMVJCNW5Jdm1lbzhaYThudktPcWU4eWVBMGdVMFljNEVpSml1a1dmYVBDVXQtVVB0TDktdjB5MFhmNW54aDdaMWhBeWdTVDNrTGxUUVE1dk5vczRrcmkxNzJodmtfOS1jN0hJbmNSdFg5bFVqYzNaRnJ4Q2RGM0c5OEdJQU45THFWTUhoY3ZsSWMwSzctdFBJcnp6b0RDZ1E?oc=5,https://news.google.com/rss/articles/CBMixgFBVV95cUxPS04xZ1VUZjdoQml5YkZTVWFBYmlVbUYwVzJJT3MySEhqUGNDUDNzZ0VCbVZGaUZLSVhyMkRObDExOXdKdnFBVE5oTUpMT1ZUa3QxRk1VVnptblhkS1hDZDU1WjduTFZLdVkxSXRtUkt0c3h3Yzd4NlZYM3NJMkllcjdvRFkxNGdKUDhFYUlhWVF3TGhVQzZxYVM3eG5qeWxEazU1NmppWWZ4ZzZ4NHRUZlFaeVRZSk9kYVItNERQYmJKb0prZVHSAcsBQVVfeXFMT21ERmJrQ041NEFGcDhPb2RBMW1IcmVwUU1Ca0xSVV84TDliNmlpZENMT3NNMVJCNW5Jdm1lbzhaYThudktPcWU4eWVBMGdVMFljNEVpSml1a1dmYVBDVXQtVVB0TDktdjB5MFhmNW54aDdaMWhBeWdTVDNrTGxUUVE1dk5vczRrcmkxNzJodmtfOS1jN0hJbmNSdFg5bFVqYzNaRnJ4Q2RGM0c5OEdJQU45THFWTUhoY3ZsSWMwSzctdFBJcnp6b0RDZ1E?oc=5,Produk UMKM Korban Bencana Laku 7 Juta Transaksi Lewat E-Commerce - IDN Times Sumut,news.google.com,extraction_failed,2026-08-31 23:33:33
https://news.google.com/rss/articles/CBMixwFBVV95cUxOYWZvRXhRR2NGY0RoTWEzdlo2dFNObzV6Zm40NG1KaVB2X3FUVFIwUUJhS0hpMFluWEM0aFlobmRtc2ExMTF3azZTamtMdks2TDRWd1RLWm9iWmoydHUwMWJKTkNHd3ZCc2E1YW9pMDNGVWtHR0xmY1pCOHFIYjF0TVoyMXBvTFBldm9IU3pmRDNIU1hrQkloWkxCeTdQdlRKM2h0ejctZUZtYnJ2c1dmN2JBMDR2Ny04blhhNDRURDRKT0paaWFF?oc=5,https://news.google.com/rss/articles/CBMixwFBVV95cUxOYWZvRXhRR2NGY0RoTWEzdlo2dFNObzV6Zm40NG1KaVB2X3FUVFIwUUJhS0hpMFluWEM0aFlobmRtc2ExMTF3azZTamtMdks2TDRWd1RLWm9iWmoydHUwMWJKTkNHd3ZCc2E1YW9pMDNGVWtHR0xmY1pCOHFIYjF0TVoyMXBvTFBldm9IU3pmRDNIU1hrQkloWkxCeTdQdlRKM2h0ejctZUZtYnJ2c1dmN2JBMDR2Ny04blhhNDRURDRKT0paaWFF?oc=5,"Menteri UMKM Sebut 2.600 Produk Penyintas Banjir Sumatera di E-commerce dengan 7,4 Juta Transaksi - Kompas.com",news.google.com,extraction_failed,2026-08-31 23:33:33
https://news.google.com/rss/articles/CBMiqAFBVV95cUxNeXhVcnloZkhsd2luT282SW1BVWE4Q2tsRWFBUTdsZnNyWllnN3JJOUJfdVRHUUs4ZzhNYlNHeFdiTTJ5SkNEc0h2R21xQlZVNjhsdGN3dTF1NmdmN0J3bUVNNGRNQlRlS2x1a29Bb01IQndhZ1pPbXRwUDloZFhHbXhqUjBTU1NWQkI3NFpKOTlqM0Z3NXg2OWJMQzBfelp2Mm9DempQa1HSAZwBQVVfeXFMTU5tRjBGSmtZcEJnWXBuX0dXMHl4amJqUW9IVWtnNmtKN0xRa1ZpWVhhQWVDMXktR0xuby11ZHItdUZwRXJfVmcxRWdEOVVTbllkeUQxX2NLLTdmamU2V0RVNUIyZ0tDT0MtamxtMG9HTDJlREpGc0V6OGhFYlpUS3AxcUFKNURtYU5OWkljSklQTjNCUUNLU29Dd2Va?oc=5,https://news.google.com/rss/articles/CBMiqAFBVV95cUxNeXhVcnloZkhsd2luT282SW1BVWE4Q2tsRWFBUTdsZnNyWllnN3JJOUJfdVRHUUs4ZzhNYlNHeFdiTTJ5SkNEc0h2R21xQlZVNjhsdGN3dTF1NmdmN0J3bUVNNGRNQlRlS2x1a29Bb01IQndhZ1pPbXRwUDloZFhHbXhqUjBTU1NWQkI3NFpKOTlqM0Z3NXg2OWJMQzBfelp2Mm9DempQa1HSAZwBQVVfeXFMTU5tRjBGSmtZcEJnWXBuX0dXMHl4amJqUW9IVWtnNmtKN0xRa1ZpWVhhQWVDMXktR0xuby11ZHItdUZwRXJfVmcxRWdEOVVTbllkeUQxX2NLLTdmamU2V0RVNUIyZ0tDT0MtamxtMG9HTDJlREpGc0V6OGhFYlpUS3AxcUFKNURtYU5OWkljSklQTjNCUUNLU29Dd2Va?oc=5,Tim PKM UNADA Latih Warga Cot Kunyet Pasarkan Ethnobotany Lewat E-commerce - ketik.com,news.google.com,extraction_failed,2026-08-31 23:33:33
https://news.google.com/rss/articles/CBMivgFBVV95cUxNNGItRFVYN2NzbWNnTHZHM2xyVzNNV0NVVTEzSml2M1RLZ2d0V2gxMGhXc2pLRnlyMm5DOUNaa2JhWWhYUl96TTVydHpIdmFKbzlaR2FheDRlWHpveWl0NnFmS0FJaGl5T1pfc0haN0FObWg3OEVIODdhaWNYTGZGbUtsc0Q3NWF5dlNfVHJZMHExTEZEVGxfUGlhbnNXZlh2clZQbjZsUmtGVDFsZjU3OEMyaHlWOVJ3eVhjTGVB?oc=5,https://news.google.com/rss/articles/CBMivgFBVV95cUxNNGItRFVYN2NzbWNnTHZHM2xyVzNNV0NVVTEzSml2M1RLZ2d0V2gxMGhXc2pLRnlyMm5DOUNaa2JhWWhYUl96TTVydHpIdmFKbzlaR2FheDRlWHpveWl0NnFmS0FJaGl5T1pfc0haN0FObWg3OEVIODdhaWNYTGZGbUtsc0Q3NWF5dlNfVHJZMHExTEZEVGxfUGlhbnNXZlh2clZQbjZsUmtGVDFsZjU3OEMyaHlWOVJ3eVhjTGVB?oc=5,Foto : Penerapan Pajak E-Commerce Resmi Ditunda hingga 31 Oktober 2026 Halaman 1 - Kompas.com,news.google.com,extraction_failed,2026-08-31 23:33:34
https://news.google.com/rss/articles/CBMikgFBVV95cUxOWnh0eU5wWnM1YVMtaVRhTFVwc3ZuM3I5eWZFOUZ4N1ZSMGM1UjE0LXQ3VlpRTDhwSU1aUEMyWE5Na2RCQkhXWFA0VDJQMldLdjdXUGNkQnJaQWVPSGJad0F3cFUzYi1qZWl1amh1a0ZOeFpiLTVRSktTOUpOR190WmNXbFB5SHUwOVVCbkpJRm1Zdw?oc=5,https://news.google.com/rss/articles/CBMikgFBVV95cUxOWnh0eU5wWnM1YVMtaVRhTFVwc3ZuM3I5eWZFOUZ4N1ZSMGM1UjE0LXQ3VlpRTDhwSU1aUEMyWE5Na2RCQkhXWFA0VDJQMldLdjdXUGNkQnJaQWVPSGJad0F3cFUzYi1qZWl1amh1a0ZOeFpiLTVRSktTOUpOR190WmNXbFB5SHUwOVVCbkpJRm1Zdw?oc=5,Pemerintah Siapkan Aturan untuk E-Commerce Berbasis Media Sosial - rmolaceh,news.google.com,extraction_failed,2026-08-31 23:33:34
https://news.google.com/rss/articles/CBMixwFBVV95cUxQMDkzR2pHeWc3RGFLelc0VzMyZjFKLVF2aGVuZEVvRFZyTlNWeFZfNVlaWnNfcnVFaGtFTTYyR09NNzZ0aGl0eEZOdzk5Q1VsUl9PaDhtWjJQZEI3SnBmQ2VxbE1pY21ibmF1Rmg4Qk1DSUsyRVFBRVctX1JpNnQ3anYwVF9vVVFFaEl5QllyeGhzUVI4aVMtRF95LVAtZVBhWmFVQTVYOWN0UThaaW1vUVcxTjZRYjkwTzNoQ3g0dHZFQVdOTkV3?oc=5,https://news.google.com/rss/articles/CBMixwFBVV95cUxQMDkzR2pHeWc3RGFLelc0VzMyZjFKLVF2aGVuZEVvRFZyTlNWeFZfNVlaWnNfcnVFaGtFTTYyR09NNzZ0aGl0eEZOdzk5Q1VsUl9PaDhtWjJQZEI3SnBmQ2VxbE1pY21ibmF1Rmg4Qk1DSUsyRVFBRVctX1JpNnQ3anYwVF9vVVFFaEl5QllyeGhzUVI4aVMtRF95LVAtZVBhWmFVQTVYOWN0UThaaW1vUVcxTjZRYjkwTzNoQ3g0dHZFQVdOTkV3?oc=5,Hadirkan Akses Air Bersih bagi Masyarakat Terdampak Banjir di Aceh melalui Pembangunan 5 Sumur Bor - Dompet Dhuafa,news.google.com,extraction_failed,2026-08-31 23:33:34
https://news.google.com/rss/articles/CBMiqAFBVV95cUxPRWVXdlFtRXhDTGxlTHc2Zjd4M2o3NUpVMFJNYmdBUldmQU8tRk4xVWRqSjdHLURHRlFLVXN0VzN5dVRLVzhZNjBqNUd1dVNTbjF0bXBXSXYxYWpFTWRRN0p6XzdaQWx4U2d1X2ZCUk9iS0RGVUFOWUx4d1JVeC1wY0ZjTkl0LWZ0MkxjdEl2UEdQTE9xaUJ4Q012Zm42dFdublhCMXZzelTSAaYBQVVfeXFMTWw3eXcxanpQUkJKNl9BeWJKTXBNaHRUWXdaa1pVTzhWNXRxTlRyNnVuTU55Y29hdEYxa3ZKUXA4VXNLS0Vvd1RadUtsbXdUYUZFMFRmMzhoQ2tLdloyQV8xZWlBVWdUUDZNOFljNi1oMU5qZG1xdEdzVDJSRDA5enpKWVRQdjFHZjNpZlVubWZLUTR6NmVoUXdyVk1oRzI4amxJbWRpUQ?oc=5,https://news.google.com/rss/articles/CBMiqAFBVV95cUxPRWVXdlFtRXhDTGxlTHc2Zjd4M2o3NUpVMFJNYmdBUldmQU8tRk4xVWRqSjdHLURHRlFLVXN0VzN5dVRLVzhZNjBqNUd1dVNTbjF0bXBXSXYxYWpFTWRRN0p6XzdaQWx4U2d1X2ZCUk9iS0RGVUFOWUx4d1JVeC1wY0ZjTkl0LWZ0MkxjdEl2UEdQTE9xaUJ4Q012Zm42dFdublhCMXZzelTSAaYBQVVfeXFMTWw3eXcxanpQUkJKNl9BeWJKTXBNaHRUWXdaa1pVTzhWNXRxTlRyNnVuTU55Y29hdEYxa3ZKUXA4VXNLS0Vvd1RadUtsbXdUYUZFMFRmMzhoQ2tLdloyQV8xZWlBVWdUUDZNOFljNi1oMU5qZG1xdEdzVDJSRDA5enpKWVRQdjFHZjNpZlVubWZLUTR6NmVoUXdyVk1oRzI4amxJbWRpUQ?oc=5,Rekomendasi 8 Online Shop Terpercaya dengan Pengiriman Tercepat - aceHTrend.com,news.google.com,extraction_failed,2026-08-31 23:33:35
https://news.google.com/rss/articles/CBMijwFBVV95cUxPdl80VmpDdmVyV1VqUFBMWXM3NDJFMTJ4MmVBVXJFZjh0d3R6VXl0bUJ0Z3BRVmNoNWdsc3BpdGIxSHV3dVpvRm85VDRIOEV0S1A2TGpvUHE5SU9fNFpEZDhLekRVTmMxc09SZUFiRmk5eUpCTEhnN0s1VlAwV1ZyVGlsT2JVbVhRUWJfSHUxb9IBlAFBVV95cUxNeFRZcHBKTmVQT1BkczlBLWF0aWQ3QTVNRXB2cDJCbDJoZnlaR2ZjUGxXZHNtdXpSUnYzS3Y4SWQxX3pEMU5jSExBeEQtSHgxd0JXbUNBU1Y3NllwTGx6N3dWd0FfYU0wU3d1U3VMVWNzMEo3alZhVGU2cHVFaWVKclRhZkttQ0ZSWXBYcEdZNFlodXJD?oc=5,https://news.google.com/rss/articles/CBMijwFBVV95cUxPdl80VmpDdmVyV1VqUFBMWXM3NDJFMTJ4MmVBVXJFZjh0d3R6VXl0bUJ0Z3BRVmNoNWdsc3BpdGIxSHV3dVpvRm85VDRIOEV0S1A2TGpvUHE5SU9fNFpEZDhLekRVTmMxc09SZUFiRmk5eUpCTEhnN0s1VlAwV1ZyVGlsT2JVbVhRUWJfSHUxb9IBlAFBVV95cUxNeFRZcHBKTmVQT1BkczlBLWF0aWQ3QTVNRXB2cDJCbDJoZnlaR2ZjUGxXZHNtdXpSUnYzS3Y4SWQxX3pEMU5jSExBeEQtSHgxd0JXbUNBU1Y3NllwTGx6N3dWd0FfYU0wU3d1U3VMVWNzMEo3alZhVGU2cHVFaWVKclRhZkttQ0ZSWXBYcEdZNFlodXJD?oc=5,"Harga Obat Mahal Karena e-Commerce, Ini Kata Ketua IAI Aceh » - dialeksis.com",news.google.com,extraction_failed,2026-08-31 23:33:35
https://news.google.com/rss/articles/CBMiogFBVV95cUxOeXg3SG9IY0tCb3BTdEoybVd2Vkd3RkNxU0laU3ZZTEhRQ3J2ZGx1b1dhMVB3OXRHbndfZF9yZ0xISDgxcThKUGpqa21walpOYU9CZmJDNkdoRDlQWlFNNkdFakZrQ1U3RGRnSnNIT1dWUEI3elUzUC1xQVRiVmJYckhoME9nSVZXbjlnNDltZnJFLXdZR1VkNF9Kb2tyVmJzN3c?oc=5,https://news.google.com/rss/articles/CBMiogFBVV95cUxOeXg3SG9IY0tCb3BTdEoybVd2Vkd3RkNxU0laU3ZZTEhRQ3J2ZGx1b1dhMVB3OXRHbndfZF9yZ0xISDgxcThKUGpqa21walpOYU9CZmJDNkdoRDlQWlFNNkdFakZrQ1U3RGRnSnNIT1dWUEI3elUzUC1xQVRiVmJYckhoME9nSVZXbjlnNDltZnJFLXdZR1VkNF9Kb2tyVmJzN3c?oc=5,Komdigi Perkuat Digitalisasi untuk Pemulihan Aceh Utara - TVRI News,news.google.com,extraction_failed,2026-08-31 23:33:35
https://news.google.com/rss/articles/CBMivwFBVV95cUxNcGdrZjRvNEZpM2ZYVzVxNWVnSlFGMmtPUFBLcm1sb0RLaWpLT1Q1ODV0NTBtMjFqM0FzOEdDWEJPaWNWNDc0TUdBZ1RXalY3Zl9ZWlhudHpSdDZ6MGVRQjBFTS1pdVZ2U3BjZEpfTDhDOGhJYUMwLTZ4TU83YWJzOFJxR3pHNVAtNUg5NFQ0Z3VqWUNoVGV5eTFhaU55NGphbVdPN2FYcHZhWkhYYlgyZnVZaENpNjFqX21WbXRuTQ?oc=5,https://news.google.com/rss/articles/CBMivwFBVV95cUxNcGdrZjRvNEZpM2ZYVzVxNWVnSlFGMmtPUFBLcm1sb0RLaWpLT1Q1ODV0NTBtMjFqM0FzOEdDWEJPaWNWNDc0TUdBZ1RXalY3Zl9ZWlhudHpSdDZ6MGVRQjBFTS1pdVZ2U3BjZEpfTDhDOGhJYUMwLTZ4TU83YWJzOFJxR3pHNVAtNUg5NFQ0Z3VqWUNoVGV5eTFhaU55NGphbVdPN2FYcHZhWkhYYlgyZnVZaENpNjFqX21WbXRuTQ?oc=5,Penerapan Pajak E-Commerce Resmi Ditunda hingga 31 Oktober 2026 - Kompas.com,news.google.com,extraction_failed,2026-08-31 23:33:35
https://news.google.com/rss/articles/CBMilAFBVV95cUxPU0JPRHAyMlAxR0lBVWdNRmV6RGhrTG5HWVAwYUFQSjhoU1ZpaWtsNkh2eG5kMnlPQ0s3RmxVRzMwaHprSElBUUxLM0VBTUMxaEJzX2lTY2R0QlJBZ1VYb0pvRDZPcjBzX2ZTTTBTQW9DSFViVUZ0eDE0VkNTRzhESkRMUTR5MmJSdjZFWkk3aXI4b2U10gGaAUFVX3lxTE9jdkxDcDgxWHJ0bGxUZDc3bmtZXzc1Vm1lYXQ5RTNkZl9zRERxTHQtdlE2VFBkMGEtc3NJemZ0eS1UblNyWVFwQWxPWXE4bVR5WU9tWjV1ZERUOEpoREIxcG14UllFb0g5b0xtcEcxM0RaWU1ZMDcyN2VhOTR5QnJuZ1VzYzRleWJHWUI3WEtUYkZMRGlSNzlWTHc?oc=5,https://news.google.com/rss/articles/CBMilAFBVV95cUxPU0JPRHAyMlAxR0lBVWdNRmV6RGhrTG5HWVAwYUFQSjhoU1ZpaWtsNkh2eG5kMnlPQ0s3RmxVRzMwaHprSElBUUxLM0VBTUMxaEJzX2lTY2R0QlJBZ1VYb0pvRDZPcjBzX2ZTTTBTQW9DSFViVUZ0eDE0VkNTRzhESkRMUTR5MmJSdjZFWkk3aXI4b2U10gGaAUFVX3lxTE9jdkxDcDgxWHJ0bGxUZDc3bmtZXzc1Vm1lYXQ5RTNkZl9zRERxTHQtdlE2VFBkMGEtc3NJemZ0eS1UblNyWVFwQWxPWXE4bVR5WU9tWjV1ZERUOEpoREIxcG14UllFb0g5b0xtcEcxM0RaWU1ZMDcyN2VhOTR5QnJuZ1VzYzRleWJHWUI3WEtUYkZMRGlSNzlWTHc?oc=5,Pemerintah Mulai Lirik Potensi Lelang Produk di e-Commerce » - dialeksis.com,news.google.com,extraction_failed,2026-08-31 23:33:36
https://news.google.com/rss/articles/CBMipgFBVV95cUxPTkUyOXFleDVsYlZaU2thdlBDM1B3dHNWSnU0cExLQ0E2aGoyTHRrYmhfYlJBdkljMC1RUUM4SkU4c1hVLVE2emNvakR0QmtmS19qamtQcXZzM2lVNjVvM1ZEbUlEYktEY1pZWFE1dnJnTkF2ZFVVQ2l6NjRCMW5JTVZ1SjZlQm0zMHJMRVJxR0dzdGZqbEVhZThsZVE5X0ZnMExsQWZR0gGrAUFVX3lxTE5zTG53aDJvQkdwcXhMLUxBbUZKZ3NfWHNuWU9DYng1YXNrNlY2UEpfdDQ5ekppYVlOYXd4MlM1dmt4aWFFWFJjV3B5ZEo2ZU9maWcwejJsMHZJdGF0ckNMdEpfdjFCX1plQ3o3eHJ1M3dwRkhlSXh1R1R1QjRDUFlHZkk1SUNHSmJ0ZHduUThseVNKT1Z0emo3VjJGY09aNWZSMXBaU3lFbDJCSQ?oc=5,https://news.google.com/rss/articles/CBMipgFBVV95cUxPTkUyOXFleDVsYlZaU2thdlBDM1B3dHNWSnU0cExLQ0E2aGoyTHRrYmhfYlJBdkljMC1RUUM4SkU4c1hVLVE2emNvakR0QmtmS19qamtQcXZzM2lVNjVvM1ZEbUlEYktEY1pZWFE1dnJnTkF2ZFVVQ2l6NjRCMW5JTVZ1SjZlQm0zMHJMRVJxR0dzdGZqbEVhZThsZVE5X0ZnMExsQWZR0gGrAUFVX3lxTE5zTG53aDJvQkdwcXhMLUxBbUZKZ3NfWHNuWU9DYng1YXNrNlY2UEpfdDQ5ekppYVlOYXd4MlM1dmt4aWFFWFJjV3B5ZEo2ZU9maWcwejJsMHZJdGF0ckNMdEpfdjFCX1plQ3o3eHJ1M3dwRkhlSXh1R1R1QjRDUFlHZkk1SUNHSmJ0ZHduUThseVNKT1Z0emo3VjJGY09aNWZSMXBaU3lFbDJCSQ?oc=5,Hasil Survei LM FEB UI Temukan Pelaku UMKM Belum Akrab dengan e-Commerce » - dialeksis.com,news.google.com,extraction_failed,2026-08-31 23:33:36
https://news.google.com/rss/articles/CBMikAFBVV95cUxPcGVzcnh1MHlxRk0xOV9kbkxiMnhiUllBbHJROE93cEE5QkFZNkMtV3hPS0FXamx1elRNVWwyS1ZxUE1VQ0p4eGF3YlN4VHVDT3paSGVqXzVkVUtmbHNMUnB3YjZSbVhGcVRuMEtqb0FPRl9leTJMaGxOR2s1S0Jqb1JHakgwcGRWOGlHMWtPeEzSAZMBQVVfeXFMTzNQZkhfZHNtcGFKd3NjUWpocHVQbThRSTctSEdreGJZQ0NWbXBMWm1QaWYzRzhhQmF2RHZqc29BZWM4UGtqRTBteWhaSlhiWlZlbUFhd21PcU9xaU5NcW1pMFdGaWxHVTAzWHhoRll0N2VfTFZEWUdNa0txYlhhclNTTEpXSlZ5Q3hlREdzM0d5cl9v?oc=5,https://news.google.com/rss/articles/CBMikAFBVV95cUxPcGVzcnh1MHlxRk0xOV9kbkxiMnhiUllBbHJROE93cEE5QkFZNkMtV3hPS0FXamx1elRNVWwyS1ZxUE1VQ0p4eGF3YlN4VHVDT3paSGVqXzVkVUtmbHNMUnB3YjZSbVhGcVRuMEtqb0FPRl9leTJMaGxOR2s1S0Jqb1JHakgwcGRWOGlHMWtPeEzSAZMBQVVfeXFMTzNQZkhfZHNtcGFKd3NjUWpocHVQbThRSTctSEdreGJZQ0NWbXBMWm1QaWYzRzhhQmF2RHZqc29BZWM4UGtqRTBteWhaSlhiWlZlbUFhd21PcU9xaU5NcW1pMFdGaWxHVTAzWHhoRll0N2VfTFZEWUdNa0txYlhhclNTTEpXSlZ5Q3hlREdzM0d5cl9v?oc=5,Busana muslim Aceh tembus pasar internasional - ANTARA News,news.google.com,extraction_failed,2026-08-31 23:33:36
https://news.google.com/rss/articles/CBMi2gFBVV95cUxNTmc0bHZxck01c2NMb1ViYUFDSVZpZFppdGdyeDZlb1g3MjRIbG5VNUpXdWZncVVONmNYVUFZcmRyOFBqemZYcUJwX3AwaFd0bUNJdGhNNjdfOWFyODVtVU5qVUJwOWxHX2xSalVzRi1UOHA4a0NMeEpYdnNzRG9KVi0yUnNTdjZZM183NXRoLUQzYzdYQjctWWM4Ung1aGJfWnNMb0I4Q0NnbWZpTmx1M1lMWU9tSERtMFE2TDRJbkUzcWFFTS10eG1VLUtKa2JjSWVXbUZ2bFc2Zw?oc=5,https://news.google.com/rss/articles/CBMi2gFBVV95cUxNTmc0bHZxck01c2NMb1ViYUFDSVZpZFppdGdyeDZlb1g3MjRIbG5VNUpXdWZncVVONmNYVUFZcmRyOFBqemZYcUJwX3AwaFd0bUNJdGhNNjdfOWFyODVtVU5qVUJwOWxHX2xSalVzRi1UOHA4a0NMeEpYdnNzRG9KVi0yUnNTdjZZM183NXRoLUQzYzdYQjctWWM4Ung1aGJfWnNMb0I4Q0NnbWZpTmx1M1lMWU9tSERtMFE2TDRJbkUzcWFFTS10eG1VLUtKa2JjSWVXbUZ2bFc2Zw?oc=5,Perguruan Tinggi China di Dalam Kawasan Industri Mempercepat Pembinaan Bakat E-Commerce Lintas Batas - ANTARA News,news.google.com,extraction_failed,2026-08-31 23:33:37
https://news.google.com/rss/articles/CBMiqAFBVV95cUxPLVM3aHVhRERpVlNIcl9kdy1rYVZmYnl0X0ZqQkRmelRRYTIwRVlmWkNmWmVPWVpDa0liUXlhUFZiQ1N4LWhQN056WS1GQXFPd0c4cktVd0ZsOXBMQmo1V1BOeGl6OWhOTWljc0sycVNFLW45elYzOVh5djJWZ3V1cFZtVkR1WXV2MjdSU1lNN19PRXVWcHB5clRtMFlRdW56eHJtQzNUamfSAa4BQVVfeXFMT1BhN1o3TzI4cWppUlpRME1CSENBRHZ1clRuaE1Cd2NReU5oYWhCN0ZsX0VpbnV4ejJyWTAyWUFXUmdWcnlQc2pyVUl2a21aNGRONDQ0ZGtXaEl1VllzeXUyenM1UmVwREQwYktkUnBacTgzcGdleTVsZk1xYVZaenNLaEw2Wlc4QVpmMDJueFVtU3djWWo5ZGY3UzJrS2xKWlRtaDY2MlptemFucWpR?oc=5,https://news.google.com/rss/articles/CBMiqAFBVV95cUxPLVM3aHVhRERpVlNIcl9kdy1rYVZmYnl0X0ZqQkRmelRRYTIwRVlmWkNmWmVPWVpDa0liUXlhUFZiQ1N4LWhQN056WS1GQXFPd0c4cktVd0ZsOXBMQmo1V1BOeGl6OWhOTWljc0sycVNFLW45elYzOVh5djJWZ3V1cFZtVkR1WXV2MjdSU1lNN19PRXVWcHB5clRtMFlRdW56eHJtQzNUamfSAa4BQVVfeXFMT1BhN1o3TzI4cWppUlpRME1CSENBRHZ1clRuaE1Cd2NReU5oYWhCN0ZsX0VpbnV4ejJyWTAyWUFXUmdWcnlQc2pyVUl2a21aNGRONDQ0ZGtXaEl1VllzeXUyenM1UmVwREQwYktkUnBacTgzcGdleTVsZk1xYVZaenNLaEw2Wlc4QVpmMDJueFVtU3djWWo5ZGY3UzJrS2xKWlRtaDY2MlptemFucWpR?oc=5,"Kemenparekraf kembangkan potensi produk kreatif Desa Daboh, Aceh - ANTARA News Aceh",news.google.com,extraction_failed,2026-08-31 23:33:38
https://news.google.com/rss/articles/CBMihwFBVV95cUxNaVNJLWlKWGYteVZTYk1wYzZ6NTR4QmJob25tWlp1TU8zMFZVdEdjVnlKeEU2WC1xWFEzb3VZcGp5cnc2WHotMlNQc2d0LVRaVDdHRmlFdmQzcHdQcWE5SWdacUppMkM0TUJ4Y3dOUElTVWxFTGRDQ3VCUHZhRFpSUUowRHQyVlHSAYwBQVVfeXFMTkZOVWNRYUpWQWhaRHg3eDlpVFlSSm9RaHk4U1ppWV9sekQ3VEhPYW9qTlJoN2xlVEV6RGg5MFlYbHZCdG5GbHdDcE5nMTFSWEFVcDFoLUpPRkxIemNBbnF6UVNqMHJLandsSVhBTFRuc0h2NmJwOVkxQkdxSV9vaHRzUXQ5ZGtfZnRrZzU?oc=5,https://news.google.com/rss/articles/CBMihwFBVV95cUxNaVNJLWlKWGYteVZTYk1wYzZ6NTR4QmJob25tWlp1TU8zMFZVdEdjVnlKeEU2WC1xWFEzb3VZcGp5cnc2WHotMlNQc2d0LVRaVDdHRmlFdmQzcHdQcWE5SWdacUppMkM0TUJ4Y3dOUElTVWxFTGRDQ3VCUHZhRFpSUUowRHQyVlHSAYwBQVVfeXFMTkZOVWNRYUpWQWhaRHg3eDlpVFlSSm9RaHk4U1ppWV9sekQ3VEhPYW9qTlJoN2xlVEV6RGg5MFlYbHZCdG5GbHdDcE5nMTFSWEFVcDFoLUpPRkxIemNBbnF6UVNqMHJLandsSVhBTFRuc0h2NmJwOVkxQkdxSV9vaHRzUXQ5ZGtfZnRrZzU?oc=5,10 ribu UKM Aceh bergabung ke Bukalapak - ANTARA News Aceh,news.google.com,extraction_failed,2026-08-31 23:33:38
https://news.google.com/rss/articles/CBMi3wFBVV95cUxOMThQdDBQRzVzdHFCR19NOUV2N1N2Y1NZUndrTV9YS00yNUVTeC0xSHZqc3A4SC1yalEzak5SZWpuNlpwY1d6UHg5SmdqMmJNRVRZT1NKSXZiYmhlc3JuREwzWkU4RmNPZkRvQnNnazM3U3VvSlJicTRUMlFpd0VhQndBalhFZzZObzhLbzh0MTJKV1VMSjRfLXQzU2hsdnplVmlnNmNXTUVmRkRhUnFmX0FKMkNFMnFuS0hHNTYtenRzS1VrcThwbl9hSS1Pb1VKNXpJNWxIMm44SVZ3dmZn?oc=5,https://news.google.com/rss/articles/CBMi3wFBVV95cUxOMThQdDBQRzVzdHFCR19NOUV2N1N2Y1NZUndrTV9YS00yNUVTeC0xSHZqc3A4SC1yalEzak5SZWpuNlpwY1d6UHg5SmdqMmJNRVRZT1NKSXZiYmhlc3JuREwzWkU4RmNPZkRvQnNnazM3U3VvSlJicTRUMlFpd0VhQndBalhFZzZObzhLbzh0MTJKV1VMSjRfLXQzU2hsdnplVmlnNmNXTUVmRkRhUnFmX0FKMkNFMnFuS0hHNTYtenRzS1VrcThwbl9hSS1Pb1VKNXpJNWxIMm44SVZ3dmZn?oc=5,"Jaga Gerbang Masuk, Lindungi Masyarakat: BBPOM Aceh dan Bea Cukai Perkuat Pengawasan Obat dan Makanan - Jaringan Berita Aceh",news.google.com,extraction_failed,2026-08-31 23:33:38
https://news.google.com/rss/articles/CBMiigFBVV95cUxPMDN0cXcxVEpJSW1XOFJZUkpaSGwyVlRVQ0VHbkdVbFNVajRlcHFuSHBDQ2pXb2JYdkF5YjlmNk5QeXJBNW16WEZ3R2NFN2ViaDRLblkyRExJS18tTzEzV29fM2tRblBoS2NxaGhpRlBRdEhxNms0d0RZSGUtOGxKV1dhWXRQdlpMdUE?oc=5,https://news.google.com/rss/articles/CBMiigFBVV95cUxPMDN0cXcxVEpJSW1XOFJZUkpaSGwyVlRVQ0VHbkdVbFNVajRlcHFuSHBDQ2pXb2JYdkF5YjlmNk5QeXJBNW16WEZ3R2NFN2ViaDRLblkyRExJS18tTzEzV29fM2tRblBoS2NxaGhpRlBRdEhxNms0d0RZSGUtOGxKV1dhWXRQdlpMdUE?oc=5,E-Commerce akan Hantarkan Kopi Arabika Gayo ke Pasar Dunia - lintasgayo.com,news.google.com,extraction_failed,2026-08-31 23:33:38
https://news.google.com/rss/articles/CBMiogFBVV95cUxOMHhCdzJ4WmQwQk8ta3FnS2JleVVyU2Q3S1hVX0taWEhVck9PWU56cHNFMlpVRk40VDZoUjJFRkpKV0RtalE2dUxxc0RLN0VRSUFoTkp1NnFVWkR5dUZsWldweDdfSVppam1GRS1WbjlYandEMnE4eHlvd2F5aFViUnh3eURWc1FUNzdpbWUzY2xEZlIyRjh4LWhLQjU0bFdaZlHSAZ8BQVVfeXFMUEQyUURYTHg3RUY5ekNOODhnUWtVbUxEellUaVVIUXVzUGZrU1lPWmwzbTVnYVp1MlpmWjEydGkwT2s2LXZiZEJLR3RETUdzdzMzMGphaWhLVVZTVHBCX0FvaW94SHpFdGx4WFptdlJubGQ2ZlBZbmMxVVhubGh3dWZYeVJTeTloSHowR0ZpaVRYRnJ0U3R2bmRPcXV1cXZJ?oc=5,https://news.google.com/rss/articles/CBMiogFBVV95cUxOMHhCdzJ4WmQwQk8ta3FnS2JleVVyU2Q3S1hVX0taWEhVck9PWU56cHNFMlpVRk40VDZoUjJFRkpKV0RtalE2dUxxc0RLN0VRSUFoTkp1NnFVWkR5dUZsWldweDdfSVppam1GRS1WbjlYandEMnE4eHlvd2F5aFViUnh3eURWc1FUNzdpbWUzY2xEZlIyRjh4LWhLQjU0bFdaZlHSAZ8BQVVfeXFMUEQyUURYTHg3RUY5ekNOODhnUWtVbUxEellUaVVIUXVzUGZrU1lPWmwzbTVnYVp1MlpmWjEydGkwT2s2LXZiZEJLR3RETUdzdzMzMGphaWhLVVZTVHBCX0FvaW94SHpFdGx4WFptdlJubGQ2ZlBZbmMxVVhubGh3dWZYeVJTeTloSHowR0ZpaVRYRnJ0U3R2bmRPcXV1cXZJ?oc=5,"Dorong Perkembangan UMKM, Bank Indonesia Gandeng blibli.com - aceHTrend.com",news.google.com,extraction_failed,2026-08-31 23:33:38
https://news.google.com/rss/articles/CBMirwFBVV95cUxPdDRqaE5Bc0hPSmZTNnpMVnlaVVFicW9RSGJka1AzVEw3amU1ekZhbUZ4QWtfX0c2Y3FqcnpOYmhiX0xkaXRkNHZKb2tCdzNMazFoOVR5d29yQUdPQlIwM0ZDUEVSLWxOQnBBcmlGeHJLU0Z3UHFtXzNEdXNRaVp0UTN4eHJIYmdjX2lZN2ZRLUpZcmtFUU9jS05KVFlKMmR5RzdXaXpmTENkS1ZwTTYw?oc=5,https://news.google.com/rss/articles/CBMirwFBVV95cUxPdDRqaE5Bc0hPSmZTNnpMVnlaVVFicW9RSGJka1AzVEw3amU1ekZhbUZ4QWtfX0c2Y3FqcnpOYmhiX0xkaXRkNHZKb2tCdzNMazFoOVR5d29yQUdPQlIwM0ZDUEVSLWxOQnBBcmlGeHJLU0Z3UHFtXzNEdXNRaVp0UTN4eHJIYmdjX2lZN2ZRLUpZcmtFUU9jS05KVFlKMmR5RzdXaXpmTENkS1ZwTTYw?oc=5,"Mulai Disidang, Tersangka Pembunuh Gajah Sumatera Tanpa Kepala di Aceh Timur - Mongabay.co.id",news.google.com,extraction_failed,2026-08-31 23:33:39
https://news.google.com/rss/articles/CBMijAFBVV95cUxObEpOY3R3REdfRHJvZ1k3cXdBeUVlU3lhOC1MSDVIRW5WOXFGZENaTEw5UEdrM2lYQWxIM2lJUFFnX0pndWJ2Rmg3WlNrQ25uWjRmOG1UajltWWQ0dHVIeFFXb09KYk1SSDNYZFJNQ1pHTmp6d2dNS0dIYTdtbF9Nc1dJZEZJOUJ1eV93bg?oc=5,https://news.google.com/rss/articles/CBMijAFBVV95cUxObEpOY3R3REdfRHJvZ1k3cXdBeUVlU3lhOC1MSDVIRW5WOXFGZENaTEw5UEdrM2lYQWxIM2lJUFFnX0pndWJ2Rmg3WlNrQ25uWjRmOG1UajltWWQ0dHVIeFFXb09KYk1SSDNYZFJNQ1pHTmp6d2dNS0dIYTdtbF9Nc1dJZEZJOUJ1eV93bg?oc=5,"TikTok Shop ""Merajalela"", Pedagang Pasar Aceh Resah - KBA.ONE",news.google.com,extraction_failed,2026-08-31 23:33:39
https://news.google.com/rss/articles/CBMikwFBVV95cUxNZl8waWQ1Mm1SdGU0UFJYekFWRER1b2xPcnQ4NEVkMDJhNzBCVDN2TV93VVdqdHRBeS14RzZMdlBFek9TeHlrb191RHR0NTNFQ0pEbXhvREc2U1pnTDlkdWJFRFkwams5STZ3UDdkeEFiREVPVW9hYXNnUUxpbjBLY29WYmJLRmd6b3AwMTRDbzYxX1U?oc=5,https://news.google.com/rss/articles/CBMikwFBVV95cUxNZl8waWQ1Mm1SdGU0UFJYekFWRER1b2xPcnQ4NEVkMDJhNzBCVDN2TV93VVdqdHRBeS14RzZMdlBFek9TeHlrb191RHR0NTNFQ0pEbXhvREc2U1pnTDlkdWJFRFkwams5STZ3UDdkeEFiREVPVW9hYXNnUUxpbjBLY29WYmJLRmd6b3AwMTRDbzYxX1U?oc=5,"Petani kopi Gayo gencar promosi lewat ""e-commerce"" - ANTARA News",news.google.com,extraction_failed,2026-08-31 23:33:40
https://news.google.com/rss/articles/CBMirAFBVV95cUxOdjMyeVFzTXpoUGwxQzkySncweWxxekZHVk9DX3BPUjJaaHkwME9kNXhGRFBTY3hCYWZERWVjX1lGN0Y2dlBEc2JXMExIX2cwVmVHOE9YMjg5MG8tUHFSMkdta2l3QUZZWkhxRTJiOXkxbE5ueUY0cElvNEdfTjhzTGpuOUVZYzFRQVlXa3NiWnBNOVBna3lvUnU3aGk4cjQ1TXE1X1BwZkhOelFY?oc=5,https://news.google.com/rss/articles/CBMirAFBVV95cUxOdjMyeVFzTXpoUGwxQzkySncweWxxekZHVk9DX3BPUjJaaHkwME9kNXhGRFBTY3hCYWZERWVjX1lGN0Y2dlBEc2JXMExIX2cwVmVHOE9YMjg5MG8tUHFSMkdta2l3QUZZWkhxRTJiOXkxbE5ueUY0cElvNEdfTjhzTGpuOUVZYzFRQVlXa3NiWnBNOVBna3lvUnU3aGk4cjQ1TXE1X1BwZkhOelFY?oc=5,Ini Kategori Produk yang Paling Dicari di E-Commerce 2019 - Kompas.com,news.google.com,extraction_failed,2026-08-31 23:33:41
https://news.google.com/rss/articles/CBMieEFVX3lxTE41c0s4T1QwN1NMQ3NfMENpVnM4bHNoUEdnUnNwVEZBVExtUHpFdVk4QzBmVW5YNGVINkdiakxuWlRaNXZuVGtFcldLc0k4STVyUWUtelJOZGtoVnc3Y2Jxd2hLY3RjT0l6ZU41ZXMyYTUtZkpjWEUxVtIBfkFVX3lxTE5wQTM3VzUzZFc0V2Q3UEEwZE9NQkl3ZmVoczBEVFRVLVo2SnFrTTUxc2lYUmNubkgtSUR4V1NGOVZNSHgyeksyd1IzRDVLWDkzbVBtS0p4NzhCcEVWeEQ2MnZFVDNYOUVMVWgtM0QzRjZIdE42MzJaR2wxRHl4Zw?oc=5,https://news.google.com/rss/articles/CBMieEFVX3lxTE41c0s4T1QwN1NMQ3NfMENpVnM4bHNoUEdnUnNwVEZBVExtUHpFdVk4QzBmVW5YNGVINkdiakxuWlRaNXZuVGtFcldLc0k4STVyUWUtelJOZGtoVnc3Y2Jxd2hLY3RjT0l6ZU41ZXMyYTUtZkpjWEUxVtIBfkFVX3lxTE5wQTM3VzUzZFc0V2Q3UEEwZE9NQkl3ZmVoczBEVFRVLVo2SnFrTTUxc2lYUmNubkgtSUR4V1NGOVZNSHgyeksyd1IzRDVLWDkzbVBtS0p4NzhCcEVWeEQ2MnZFVDNYOUVMVWgtM0QzRjZIdE42MzJaR2wxRHl4Zw?oc=5,Gara-gara e-Commerce Harga Obat Mahal » - dialeksis.com,news.google.com,extraction_failed,2026-08-31 23:33:41
https://news.google.com/rss/articles/CBMiwgFBVV95cUxNNHBmckhBOEkwRUZrVmptRmZSbXpRQ3J1NlJLX00xSnNmUHZxNWdyZUNUVDhrWlk0Vi1tdHpzVm42aGZENkpfdUxzOHFwMkk4cGpvSVRRcHIzblpxaDQ1YUFxWHVuaWZCb3Y4ekRBMkUyRGhtbDNNV001bEk5azBfNGw2a1k0U3ZoTXhLRDYxdG5wdTFtT1JNWTBKLUUtOVZpWmxGZFdEdzFCLWoyekZNaEtUdE9IelFJdFpFek5UazJzQQ?oc=5,https://news.google.com/rss/articles/CBMiwgFBVV95cUxNNHBmckhBOEkwRUZrVmptRmZSbXpRQ3J1NlJLX00xSnNmUHZxNWdyZUNUVDhrWlk0Vi1tdHpzVm42aGZENkpfdUxzOHFwMkk4cGpvSVRRcHIzblpxaDQ1YUFxWHVuaWZCb3Y4ekRBMkUyRGhtbDNNV001bEk5azBfNGw2a1k0U3ZoTXhLRDYxdG5wdTFtT1JNWTBKLUUtOVZpWmxGZFdEdzFCLWoyekZNaEtUdE9IelFJdFpFek5UazJzQQ?oc=5,Kelompok Tani Serumpun Aceh Tenggara Bersama CV Panglima Niaga Lakukan Stek Benih Kakao - thejurnal.id,news.google.com,extraction_failed,2026-08-31 23:33:41
https://news.google.com/rss/articles/CBMif0FVX3lxTE8wSFhGYkl3MFA5MWhtRTc2ZWd3czM3cnh6OHd0eEhYX1gwcTBfWWlKQlc3UmZsRGhvZlNOWi05UFZySGhnb2tiaXQwdk43OFB0MFJRWGtEWjZHbF9mSFNhelFFLUt2c1BHMEYyRUROY1I0V0JVZzRBQ0FNS3FsMjDSAYQBQVVfeXFMTnNhRHNGdGlHdnhhcXkwcjFNODZ6YWNzY0ltR3A4RUlURjh5WjVNeGNpYW5wc050NkRJelRPcnhIR0ZCOGJjNk4tMWczVWRueTQ4N01oQUdSM2Z6VU1qWTFuVHV3SUdpb3RJYklTd3RDakIzWWZIbjJ5T1RjYXZhQW1qdFNC?oc=5,https://news.google.com/rss/articles/CBMif0FVX3lxTE8wSFhGYkl3MFA5MWhtRTc2ZWd3czM3cnh6OHd0eEhYX1gwcTBfWWlKQlc3UmZsRGhvZlNOWi05UFZySGhnb2tiaXQwdk43OFB0MFJRWGtEWjZHbF9mSFNhelFFLUt2c1BHMEYyRUROY1I0V0JVZzRBQ0FNS3FsMjDSAYQBQVVfeXFMTnNhRHNGdGlHdnhhcXkwcjFNODZ6YWNzY0ltR3A4RUlURjh5WjVNeGNpYW5wc050NkRJelRPcnhIR0ZCOGJjNk4tMWczVWRueTQ4N01oQUdSM2Z6VU1qWTFuVHV3SUdpb3RJYklTd3RDakIzWWZIbjJ5T1RjYXZhQW1qdFNC?oc=5,Kebakaran Hanguskan 3 Rumah di Aceh Tenggara » - dialeksis.com,news.google.com,extraction_failed,2026-08-31 23:33:41
https://news.google.com/rss/articles/CBMimwFBVV95cUxPWEhIc2xQZWJCUU1vTUc2NTZ5T1pFeXRGeDgxZ19kb01KYXBUNGJUMlVkOTFjZzFTN3YwaE14bnZOMlN0N1l2N29OUmtsWmZOb0dnUkhYdzJveUpFb0NfLVFyMXpCc2pkeEZzX0c1N0JMSWNnZHVRamtRYWlwMzlzSHpQQTd6YVlndkE2SC1yMHBoQmNjMzRGQXZPQQ?oc=5,https://news.google.com/rss/articles/CBMimwFBVV95cUxPWEhIc2xQZWJCUU1vTUc2NTZ5T1pFeXRGeDgxZ19kb01KYXBUNGJUMlVkOTFjZzFTN3YwaE14bnZOMlN0N1l2N29OUmtsWmZOb0dnUkhYdzJveUpFb0NfLVFyMXpCc2pkeEZzX0c1N0JMSWNnZHVRamtRYWlwMzlzSHpQQTd6YVlndkE2SC1yMHBoQmNjMzRGQXZPQQ?oc=5,Brand Busana Muslim Asal Aceh Tembus Pasar Malaysia - acehstandar.com,news.google.com,extraction_failed,2026-08-31 23:33:41
https://news.google.com/rss/articles/CBMikAFBVV95cUxNZ3hDczcxZEc0WXZfb0EtZEctLTloSmlwYURrVUdpZVdjNGhEMUFYc2ZnVzBGNnVOVEg3REx5Y1VPcTQ0eGVTN1A3VlhqRmx6Q3dxMlNFczdYbWItLTN5R1pCNkNERG80Y0FwT3JuUVpSMUFFZnNYYm1ZRXh5cHpmb1MzRzhTNVBXc2QzTFYxcWrSAZYBQVVfeXFMTU5FMVBSTkxxQ3lNWUlKeF9xa1BRSXYwNkJacXlBaTNfNFE3NkM2Uk5QT2QwaWVuWnAtT1dld3dzUlFEZXlGc0h1STBSdWd4OVdQbndIbFRQdF9IbFktUlRscHc1ZDNpZ3FWOWZPbkszUktfcUxLUXI5MDY3SDVvREZ1aFI1NkpVOHQyMmoyUDNBUlota0pB?oc=5,https://news.google.com/rss/articles/CBMikAFBVV95cUxNZ3hDczcxZEc0WXZfb0EtZEctLTloSmlwYURrVUdpZVdjNGhEMUFYc2ZnVzBGNnVOVEg3REx5Y1VPcTQ0eGVTN1A3VlhqRmx6Q3dxMlNFczdYbWItLTN5R1pCNkNERG80Y0FwT3JuUVpSMUFFZnNYYm1ZRXh5cHpmb1MzRzhTNVBXc2QzTFYxcWrSAZYBQVVfeXFMTU5FMVBSTkxxQ3lNWUlKeF9xa1BRSXYwNkJacXlBaTNfNFE3NkM2Uk5QT2QwaWVuWnAtT1dld3dzUlFEZXlGc0h1STBSdWd4OVdQbndIbFRQdF9IbFktUlRscHc1ZDNpZ3FWOWZPbkszUktfcUxLUXI5MDY3SDVvREZ1aFI1NkpVOHQyMmoyUDNBUlota0pB?oc=5,"Abaikan Dewan Kesenian, Pemajuan Budaya Aceh Terancam Mandek » - dialeksis.com",news.google.com,extraction_failed,2026-08-31 23:33:42
https://news.google.com/rss/articles/CBMitAFBVV95cUxOZzBzMWlJRng5MW8yLUJ4dUxXdS14Z0VHZ3hJOGs4dFBQb2hQWEp2U1BoaHEtVUlKU3hmeVZoWHRzYUY5WUdfNENxam9jaUxrMHU0NmJNV045ajhxZDJlVzB0aGdfU2FRYUhmQnZBcm42TlNwdWItdzdvbGR6M0dlVFIxQUNNYjRqczZmdVdidm9ydDRraTFxR21VN19iZ2FYR3ZhbGpsbWFHR2lDMUNJYWU1eEXSAbIBQVVfeXFMTnJjRTRWVEZFU19EcWd4SUx2VFNiamZwSDMtQU9qcmVFeDFIT0EwYlI5MjZkVTRuajhkc1JGNnpHUHUwMWdraTRRd3V3VU16cnI2WWMyUG5TZm8xQzFoaVpUT0FEX1NCRE9qZU5La3drenlhckctTEJGbk01U2RORTVORlEzWG9TTTFHOU9LSmFjY1h6UWhER05MMjRQUkhGdmU3X1NEdnNPdWhCLThsbXB4QQ?oc=5,https://news.google.com/rss/articles/CBMitAFBVV95cUxOZzBzMWlJRng5MW8yLUJ4dUxXdS14Z0VHZ3hJOGs4dFBQb2hQWEp2U1BoaHEtVUlKU3hmeVZoWHRzYUY5WUdfNENxam9jaUxrMHU0NmJNV045ajhxZDJlVzB0aGdfU2FRYUhmQnZBcm42TlNwdWItdzdvbGR6M0dlVFIxQUNNYjRqczZmdVdidm9ydDRraTFxR21VN19iZ2FYR3ZhbGpsbWFHR2lDMUNJYWU1eEXSAbIBQVVfeXFMTnJjRTRWVEZFU19EcWd4SUx2VFNiamZwSDMtQU9qcmVFeDFIT0EwYlI5MjZkVTRuajhkc1JGNnpHUHUwMWdraTRRd3V3VU16cnI2WWMyUG5TZm8xQzFoaVpUT0FEX1NCRE9qZU5La3drenlhckctTEJGbk01U2RORTVORlEzWG9TTTFHOU9LSmFjY1h6UWhER05MMjRQUkhGdmU3X1NEdnNPdWhCLThsbXB4QQ?oc=5,"Jelang Pemilu 2024, Pengurusan E-KTP di Disdukcapil Aceh Tamiang Meningkat - Kabar Tamiang",news.google.com,extraction_failed,2026-08-31 23:33:42
https://news.google.com/rss/articles/CBMiuAFBVV95cUxQVENlTEE1dUpOT096TGRSU2JzTVFVZ05veF9NdENEeXdON3B1dXhaMUhuakJlOEhDY2REM0J1WEZwNUllUjQtc1VUWVhNaWJMZVpkS29sQ2xHd0RMc3dpTGYtc09XUFpVM1JidEpZUjJCMXU5RGJpTWRmV2J6NWdmQm1mY25WaG43ZTNMc01kZWFOR2hBY05JOTRybmxXNkdTX2lMcEdRM1A3LWdER0QteEFKVGpCTDVv0gG-AUFVX3lxTE9VRENOcTBfdUxOMUZYa1VERlF3b25PYzllb1BucmxGX3lzWUdNeUV1YVhWcFRYRVU5MC01WXp1TkZLMjNiUHhuRHV3U1B4QzRMWUstOGtIS2FNSThpQ0pKNk9GM1NFNDVpNlE4TnplRVQxbDZUampXaEwtMmZRLXBLekZmYlg5SHNvQkpWY1NiOGZRTDlWckk4Q3UtM3I1Y1NNZTR2ZnpnR3BzTnNsMUVGeGNxQ2ZrazYzTHNfZEE?oc=5,https://news.google.com/rss/articles/CBMiuAFBVV95cUxQVENlTEE1dUpOT096TGRSU2JzTVFVZ05veF9NdENEeXdON3B1dXhaMUhuakJlOEhDY2REM0J1WEZwNUllUjQtc1VUWVhNaWJMZVpkS29sQ2xHd0RMc3dpTGYtc09XUFpVM1JidEpZUjJCMXU5RGJpTWRmV2J6NWdmQm1mY25WaG43ZTNMc01kZWFOR2hBY05JOTRybmxXNkdTX2lMcEdRM1A3LWdER0QteEFKVGpCTDVv0gG-AUFVX3lxTE9VRENOcTBfdUxOMUZYa1VERlF3b25PYzllb1BucmxGX3lzWUdNeUV1YVhWcFRYRVU5MC01WXp1TkZLMjNiUHhuRHV3U1B4QzRMWUstOGtIS2FNSThpQ0pKNk9GM1NFNDVpNlE4TnplRVQxbDZUampXaEwtMmZRLXBLekZmYlg5SHNvQkpWY1NiOGZRTDlWckk4Q3UtM3I1Y1NNZTR2ZnpnR3BzTnNsMUVGeGNxQ2ZrazYzTHNfZEE?oc=5,Begini Pengalaman Beli Cabe Takengon dari Aceh yang Masih Segar! - detikFood,news.google.com,extraction_failed,2026-08-31 23:33:42
https://news.google.com/rss/articles/CBMifEFVX3lxTE9IUHNpeEw0aHQ5c3doMUluTU1tTnZqWjVQNUJpaFd3ZHFRbjE3SjFtSW1aZXpCeVRTbmRqU0JsT1c2bFBlczVKcXRFQzdheThGQTh4MzZ5SkxNeXNoSTRpeHhNWlFrdnVpbHROZ0VXeVBRSnhhNDQxUnFUTjA?oc=5,https://news.google.com/rss/articles/CBMifEFVX3lxTE9IUHNpeEw0aHQ5c3doMUluTU1tTnZqWjVQNUJpaFd3ZHFRbjE3SjFtSW1aZXpCeVRTbmRqU0JsT1c2bFBlczVKcXRFQzdheThGQTh4MzZ5SkxNeXNoSTRpeHhNWlFrdnVpbHROZ0VXeVBRSnhhNDQxUnFUTjA?oc=5,"Bank Aceh, Transformasi Digital Berbasis Syariah - Waspada Aceh",news.google.com,extraction_failed,2026-08-31 23:33:42
https://news.google.com/rss/articles/CBMilgFBVV95cUxNc3poT2pFMldVcG8xaDAycUNjLUo3ekxONy1zd2c3Q25oOURlTF9KMFk3MEFuNGhvajRGcFdjU09CV1BXRHo1eDcyZEQxaVN5TFV4N0RlWHRmcGdFc2xwSlVUb3VzVXpXd2xfOW00TGQwQlRKQnBUT3FxbGgxYndGVW1pV2hQQ1VlRDJOVl81Y3FfdEtpZWc?oc=5,https://news.google.com/rss/articles/CBMilgFBVV95cUxNc3poT2pFMldVcG8xaDAycUNjLUo3ekxONy1zd2c3Q25oOURlTF9KMFk3MEFuNGhvajRGcFdjU09CV1BXRHo1eDcyZEQxaVN5TFV4N0RlWHRmcGdFc2xwSlVUb3VzVXpXd2xfOW00TGQwQlRKQnBUT3FxbGgxYndGVW1pV2hQQ1VlRDJOVl81Y3FfdEtpZWc?oc=5,Brand Busana Muslim Asal Aceh Tembus Pasar Malaysia - AcehEkspres.com,news.google.com,extraction_failed,2026-08-31 23:33:43
https://news.google.com/rss/articles/CBMi0wFBVV95cUxOTi14NzFqY0FmcDRXMHN4ZDctTHJBV3hFNElFODZYTVpmUmVEUHpsM3VuZEVnNDNzWVhFY0FBY0FkNUNIVUduNjY0bXk3bDc5UVB5THVRVGozeTZBMkRWbG9MNGtrdlMyQXZYclk3c2dYU2dIUEkzUDhwVDhJOEtKNE5aQ0NNZEVoeVY1LVZBSkF2WC1nVGZ0RHhMNEtvYjB2UG5NNGxiY3hyWTZiZGJZLW5vRWRjS2xqemg1cnVRLV9NeWV4UXRaUVpTRFhBUkt6dDQ00gHQAUFVX3lxTE1tbUlRZ0w5bGFjWjhiMzR3N1pxLWpyd250NmdnNVdaWnF3UkdfVjlUa2hNTUdzWExGN3o5TGIwMGlBMjlsYk55bnFhVWpoUmtKREVfSHBFY0pLUHkxbDhwOEF5T2psYk9yTG5WaTRtSmc3bUc1a1NtS3c5QUtSU3BROGV1aFBmQUw4a3huNlE4M1FpbTdpWGJUckhPcHNnUG4zTEhXc3pXdHY4aVU1eVhBcWkzNnFPeWhXT3ZxbV9RSlN5b3JwWGtrMjg4c0FEMGk?oc=5,https://news.google.com/rss/articles/CBMi0wFBVV95cUxOTi14NzFqY0FmcDRXMHN4ZDctTHJBV3hFNElFODZYTVpmUmVEUHpsM3VuZEVnNDNzWVhFY0FBY0FkNUNIVUduNjY0bXk3bDc5UVB5THVRVGozeTZBMkRWbG9MNGtrdlMyQXZYclk3c2dYU2dIUEkzUDhwVDhJOEtKNE5aQ0NNZEVoeVY1LVZBSkF2WC1nVGZ0RHhMNEtvYjB2UG5NNGxiY3hyWTZiZGJZLW5vRWRjS2xqemg1cnVRLV9NeWV4UXRaUVpTRFhBUkt6dDQ00gHQAUFVX3lxTE1tbUlRZ0w5bGFjWjhiMzR3N1pxLWpyd250NmdnNVdaWnF3UkdfVjlUa2hNTUdzWExGN3o5TGIwMGlBMjlsYk55bnFhVWpoUmtKREVfSHBFY0pLUHkxbDhwOEF5T2psYk9yTG5WaTRtSmc3bUc1a1NtS3c5QUtSU3BROGV1aFBmQUw4a3huNlE4M1FpbTdpWGJUckhPcHNnUG4zTEhXc3pXdHY4aVU1eVhBcWkzNnFPeWhXT3ZxbV9RSlN5b3JwWGtrMjg4c0FEMGk?oc=5,Pj Gubernur Serahkan Serentak Secara Digital 3.360 SK Pensiun dan Naik Pangkat PNS se-Aceh - Kanalinspirasi.com,news.google.com,extraction_failed,2026-08-31 23:33:43
https://news.google.com/rss/articles/CBMisAFBVV95cUxNTkpTck5MSXhwRklOOFZPbTVkSnNnaHJRMDkycGJmLVk2R3RmLVcwRGN0VndRRFNXZFdDdjg4MkpKc19VQ1kya1VTaXA2M2RDUUUxaUNKTU02NEtEQlZPRklOX3ZMdWVYUkFmVlNpTkY1NTQ0MGFOa0N1WTVwclp5eWRObVJBWTBDZnIxdGx1LU40S21hRmx2Tk5lenRveHZkZC1zWGVUZG9GYllGSUhyatIBtgFBVV95cUxPUFZpSEJ5Q2Z0dFBFSFBSaGZCc0cteVYzbXdob3FYR0xfOVpqQWc4N1JNcFI5M3I3SDhfNGpFTTloNTNIb3FJYzY4Vk5Qc21jbVJJZFVjZzdnenp4dUFvX2xXSDR2Y1JzS0JtU2kwTDl1am9GRDZSRURTSHBMWkVrNWpFSUtSTW9DNUJ1WjZieEs1bjR2dmswU09Lckw1M2taU2QtNDIzcEhqb282Z0RndjhSWnFVZw?oc=5,https://news.google.com/rss/articles/CBMisAFBVV95cUxNTkpTck5MSXhwRklOOFZPbTVkSnNnaHJRMDkycGJmLVk2R3RmLVcwRGN0VndRRFNXZFdDdjg4MkpKc19VQ1kya1VTaXA2M2RDUUUxaUNKTU02NEtEQlZPRklOX3ZMdWVYUkFmVlNpTkY1NTQ0MGFOa0N1WTVwclp5eWRObVJBWTBDZnIxdGx1LU40S21hRmx2Tk5lenRveHZkZC1zWGVUZG9GYllGSUhyatIBtgFBVV95cUxPUFZpSEJ5Q2Z0dFBFSFBSaGZCc0cteVYzbXdob3FYR0xfOVpqQWc4N1JNcFI5M3I3SDhfNGpFTTloNTNIb3FJYzY4Vk5Qc21jbVJJZFVjZzdnenp4dUFvX2xXSDR2Y1JzS0JtU2kwTDl1am9GRDZSRURTSHBMWkVrNWpFSUtSTW9DNUJ1WjZieEs1bjR2dmswU09Lckw1M2taU2QtNDIzcEhqb282Z0RndjhSWnFVZw?oc=5,Brand fashion muslimah asal Banda Aceh ini tembus pasar internasional - ANTARA News Aceh,news.google.com,extraction_failed,2026-08-31 23:33:43
https://news.google.com/rss/articles/CBMiwgFBVV95cUxPcVVSWktRY1lLWC16V0JJbm9GbkV6T2ZqX3c5RkNYMnltMGgxdExpOURLQXdmWGtZMi1EM0NwcVczd0JzVFZuNnFzR2k3aHlNUjdpbTZ3TTNoMUFlVkoyTmpzOTVVR0J2NmxPYWJ5d19yMDQ4SDBpWGV1cU1IdHZzSnZxUXVkRWFnSFdfQUpFNmRrY05ySEpoRUtoSDlJZFZ5ZUhhSXlLQ2ZDdHlTeHpPXzI3cVhXdXZ6Tkk4eE14NXBUZ9IBxwFBVV95cUxORDdXaUNJWnBRUUcxcE9tMWQ0TGhVZFc3cDU3RHc2MWhHQ1BlRF85dzZ3c0VyTlZlZ1BTd3RVakZmMUwzSWd2VHY4X1pyWHRHZ1ZBa1dKa19oNS1BYWNnazJucS1ad0s0Z2tWaUU0MHJmc2FhUTBEaENWQjhHbjdMc3FRR3R3UGo3MS10dkNZcGJ0bGFQU2YxbGNwODhKOEhWVEhHVjFQVkxmVlJ0enZSOWVNYVd0ZlhrcUhjZGZJV3Fpa2ZBVHl3?oc=5,https://news.google.com/rss/articles/CBMiwgFBVV95cUxPcVVSWktRY1lLWC16V0JJbm9GbkV6T2ZqX3c5RkNYMnltMGgxdExpOURLQXdmWGtZMi1EM0NwcVczd0JzVFZuNnFzR2k3aHlNUjdpbTZ3TTNoMUFlVkoyTmpzOTVVR0J2NmxPYWJ5d19yMDQ4SDBpWGV1cU1IdHZzSnZxUXVkRWFnSFdfQUpFNmRrY05ySEpoRUtoSDlJZFZ5ZUhhSXlLQ2ZDdHlTeHpPXzI3cVhXdXZ6Tkk4eE14NXBUZ9IBxwFBVV95cUxORDdXaUNJWnBRUUcxcE9tMWQ0TGhVZFc3cDU3RHc2MWhHQ1BlRF85dzZ3c0VyTlZlZ1BTd3RVakZmMUwzSWd2VHY4X1pyWHRHZ1ZBa1dKa19oNS1BYWNnazJucS1ad0s0Z2tWaUU0MHJmc2FhUTBEaENWQjhHbjdMc3FRR3R3UGo3MS10dkNZcGJ0bGFQU2YxbGNwODhKOEhWVEhHVjFQVkxmVlJ0enZSOWVNYVd0ZlhrcUhjZGZJV3Fpa2ZBVHl3?oc=5,"Harga Tiket Garuda Jakarta - Banda Aceh Tembus Rp15 Juta, Kadin Aceh: ""Perlu Intervensi Pemerintah!"" » - dialeksis.com",news.google.com,extraction_failed,2026-08-31 23:33:43
https://news.google.com/rss/articles/CBMijwFBVV95cUxPWXBnd0dFcTR2RExYb0lickpPdHNXNVVmUXJnOE1mMzBuUDVydkVUcDVXRjJrU1lyZWE4TGFHanZBSzRwTllJMUx0UGQ0X3Y2ZlVRQzJZNk1Vb1lYXzJOSVR6czdjekhoRHV6Y1ljcjBPelNlVGh4V2FFQk16MTJOMlVQdGY5c2NqVTlWWDZGQdIBkgFBVV95cUxNZlBvV0s1Q1pibGw2SFFqR21ORVVuMFVpZjI5dXZlb3huQmV0QlF1RXMybU96SUZxX1B5TFZSZXBJOXR4T3Z2TnRkRG5oQmNfdURDTm02bE50STVtcDN0eTJwYTVwZnZIZDhFcy1jdWhRTDFUU2JFQ3o5b0xhR0FzZVJzemVQMzVEak1iZ1FaWE9vZw?oc=5,https://news.google.com/rss/articles/CBMijwFBVV95cUxPWXBnd0dFcTR2RExYb0lickpPdHNXNVVmUXJnOE1mMzBuUDVydkVUcDVXRjJrU1lyZWE4TGFHanZBSzRwTllJMUx0UGQ0X3Y2ZlVRQzJZNk1Vb1lYXzJOSVR6czdjekhoRHV6Y1ljcjBPelNlVGh4V2FFQk16MTJOMlVQdGY5c2NqVTlWWDZGQdIBkgFBVV95cUxNZlBvV0s1Q1pibGw2SFFqR21ORVVuMFVpZjI5dXZlb3huQmV0QlF1RXMybU96SUZxX1B5TFZSZXBJOXR4T3Z2TnRkRG5oQmNfdURDTm02bE50STVtcDN0eTJwYTVwZnZIZDhFcy1jdWhRTDFUU2JFQ3o5b0xhR0FzZVJzemVQMzVEak1iZ1FaWE9vZw?oc=5,Pengadaan rumah dhuafa Aceh gunakan e-katalog - ANTARA News,news.google.com,extraction_failed,2026-08-31 23:33:43
https://news.google.com/rss/articles/CBMingFBVV95cUxOdFZXczkzSVdYUk9iLTRSSkE5MWwxajVKOFMyQmZqN0MtS2VYSjFWSUY0NUhHZXRYNlZFOTIyUHoyQ0NpS0VrQmk5ckZLU1g4R0Q5WWRnN1MxdE9NSmk3bXY4SmpUMFBkMDV2c1ZVSTZVdlpKcldRY0s3QVozSi1DQ3pRdzJvdGFKMXZCbW5ZUTFRRWpWUTNDcFJ2YWpRd9IBmwFBVV95cUxOamZ2blBkZnlwUWgtWVBMVlhsVUg3eWhtRHlMdkQzcVlRRi1fbXFPc3QyQzFxZjRWSklYTThkYmRaYnVhbThXZFFZWHRuaHB5Wlh5V2k4cW1kX2lqNm9qemdudWZ5RVNNb1hENE1NQ3UxcloxcjlXcS11S0RXWWR4bmxiR3FCTzRhUzAxS3pkUTZCbVMzZ3A5RzdyTQ?oc=5,https://news.google.com/rss/articles/CBMingFBVV95cUxOdFZXczkzSVdYUk9iLTRSSkE5MWwxajVKOFMyQmZqN0MtS2VYSjFWSUY0NUhHZXRYNlZFOTIyUHoyQ0NpS0VrQmk5ckZLU1g4R0Q5WWRnN1MxdE9NSmk3bXY4SmpUMFBkMDV2c1ZVSTZVdlpKcldRY0s3QVozSi1DQ3pRdzJvdGFKMXZCbW5ZUTFRRWpWUTNDcFJ2YWpRd9IBmwFBVV95cUxOamZ2blBkZnlwUWgtWVBMVlhsVUg3eWhtRHlMdkQzcVlRRi1fbXFPc3QyQzFxZjRWSklYTThkYmRaYnVhbThXZFFZWHRuaHB5Wlh5V2k4cW1kX2lqNm9qemdudWZ5RVNNb1hENE1NQ3UxcloxcjlXcS11S0RXWWR4bmxiR3FCTzRhUzAxS3pkUTZCbVMzZ3A5RzdyTQ?oc=5,Harga Emas di Aceh Tamiang Tembus Rp 5.950.000 per Mayam - Kabar Tamiang,news.google.com,extraction_failed,2026-08-31 23:33:44
https://news.google.com/rss/articles/CBMirAFBVV95cUxOa0psbnVUYWRNUVZhNGtqNFNTa2lnRzgtUjllVS1jUE9HSE5kUC1qN3VzeU1jVGtCdkRrdFJhT0xIazROdHJKT3dVeVNNT0ktV054T1RDTzVyNjlsMlVFdF93YURoWW9qWEFHSHp3TDRSMmhFeGw2NVRFZXROLUpZaXI4QXg3Ull3ZVQ4SzNOakh6N1pEc19SdDBXeDAtWUdIODdCVFZhcFpSVzZj0gGyAUFVX3lxTE54b093VncySVN1dUhsb2tTQ3owdzN1aU5YZl83cW03R3ZkSURRSDU4SExTc3lmeVRsRmhCNjdFNVZmLWJGNDFUTUwzYVFBUnh1VUpRbW5NQU82WGxZc2tWOEhNY2Z3bXRTaE9GOThCNm1sOTVEbTFXc0s0TG5iUTlTSTEyWUNtTDREcVVZMHVibHJfLTgwZnZlZUltU1g2VGduQmZmdmtUV0V2Z1ZFTTFYdVE?oc=5,https://news.google.com/rss/articles/CBMirAFBVV95cUxOa0psbnVUYWRNUVZhNGtqNFNTa2lnRzgtUjllVS1jUE9HSE5kUC1qN3VzeU1jVGtCdkRrdFJhT0xIazROdHJKT3dVeVNNT0ktV054T1RDTzVyNjlsMlVFdF93YURoWW9qWEFHSHp3TDRSMmhFeGw2NVRFZXROLUpZaXI4QXg3Ull3ZVQ4SzNOakh6N1pEc19SdDBXeDAtWUdIODdCVFZhcFpSVzZj0gGyAUFVX3lxTE54b093VncySVN1dUhsb2tTQ3owdzN1aU5YZl83cW03R3ZkSURRSDU4SExTc3lmeVRsRmhCNjdFNVZmLWJGNDFUTUwzYVFBUnh1VUpRbW5NQU82WGxZc2tWOEhNY2Z3bXRTaE9GOThCNm1sOTVEbTFXc0s0TG5iUTlTSTEyWUNtTDREcVVZMHVibHJfLTgwZnZlZUltU1g2VGduQmZmdmtUV0V2Z1ZFTTFYdVE?oc=5,"Berbasis Kearifan Lokal, PW Aisyiyah Aceh Gelar Pelatihan Pembuatan Kain Ecoprint » - dialeksis.com",news.google.com,extraction_failed,2026-08-31 23:33:44
https://news.google.com/rss/articles/CBMiwAFBVV95cUxNamx0NHZrUnJXbXJ5dmFMbG1kNW5WTTMwUWRGb3lfRFJKME54dy0wbjJCNzB5dkRyaFVGZnU5SWhHSXFmSW5yNG1rTHkwMWlFNHFtdzhFSnVITVJIT1RETzlqM3Y4WTYwejd3R0JPc1d5MXYyeTV3OHVyX1VaNnN0a3hOa3NtMFdMdUZ5dDIxeW11dGpIdXJRbEV3QUVMR1dKTHl1aFZ3QkNXbTR4Z3E0NXgwU2VITlJZNEoxb29iVVE?oc=5,https://news.google.com/rss/articles/CBMiwAFBVV95cUxNamx0NHZrUnJXbXJ5dmFMbG1kNW5WTTMwUWRGb3lfRFJKME54dy0wbjJCNzB5dkRyaFVGZnU5SWhHSXFmSW5yNG1rTHkwMWlFNHFtdzhFSnVITVJIT1RETzlqM3Y4WTYwejd3R0JPc1d5MXYyeTV3OHVyX1VaNnN0a3hOa3NtMFdMdUZ5dDIxeW11dGpIdXJRbEV3QUVMR1dKTHl1aFZ3QkNXbTR4Z3E0NXgwU2VITlJZNEoxb29iVVE?oc=5,Teknologi Peraut Lidi Sawit Unsam Tingkatkan Produktivitas Perempuan Desa di Aceh Tamiang - elaeis.co,news.google.com,extraction_failed,2026-08-31 23:33:44
https://news.google.com/rss/articles/CBMingFBVV95cUxQcjh5NHJOQnB4UXBwQUFfY05GeElrZG5wQXJ5aXdqY2pMNzJLdVJHQlRsVkcxaVlHRHN3WVczVXpaWGFmUkxnUWx2Q3E2ZUtMOWlLMHhQZDVrNGI5dEhyaERoT0hzU1N3bGFENkdISjd1NV9aV1VKR29nNnVWRko1S0RpalRwRVViaTBGVzRSbHJQZnpqN2o2ZlVPQ2dUZw?oc=5,https://news.google.com/rss/articles/CBMingFBVV95cUxQcjh5NHJOQnB4UXBwQUFfY05GeElrZG5wQXJ5aXdqY2pMNzJLdVJHQlRsVkcxaVlHRHN3WVczVXpaWGFmUkxnUWx2Q3E2ZUtMOWlLMHhQZDVrNGI5dEhyaERoT0hzU1N3bGFENkdISjd1NV9aV1VKR29nNnVWRko1S0RpalRwRVViaTBGVzRSbHJQZnpqN2o2ZlVPQ2dUZw?oc=5,Liga 1 2020 dan Away Day Terjauh di Indonesia - PANDIT FOOTBALL INDONESIA,news.google.com,extraction_failed,2026-08-31 23:33:44
https://news.google.com/rss/articles/CBMitgFBVV95cUxPcUk1YXpJdk0zcUo5UHREZzVCQjZyekdzT0k5TUxnS0c1OVFuTmRwNUVXMVFnWU5DU0NWY19USUg1bnBLZjBNVkUzbzI5SE5XQW5rY2ZIcDdGYXJIaUgtdDF4V3V3RlFHeTB5RXUxOW83bWdydmRpZUx2cHRGeUJleGQtZmFVZ09GMC1WdEc2LTJYUlJuMHVmZGZGSW51Zk5rSUQ0Wll1NzFfNjF4ZFRhZ2lGaE9vQdIBswFBVV95cUxNWTZGZ3J6UzBtNVFtRUtqMm5ieWxhUGRhdHZwUWU0aUxCMXlyREVhbkZxQnRKenZJdFNRdVhRRFJjem9JNzhXa1kweTlsdGpES001TGlwdlBUc084QThlS3hGMklxb09XNWE2WXRKdnkwZEUxSHhFSU5UV0pILU5ZT25MLUs4Y21uaUtVdlZOaGdCQzBrcVJZOFMwbmk3WTRrTWxoeHdEOWdXRjhldW5IS1FaMA?oc=5,https://news.google.com/rss/articles/CBMitgFBVV95cUxPcUk1YXpJdk0zcUo5UHREZzVCQjZyekdzT0k5TUxnS0c1OVFuTmRwNUVXMVFnWU5DU0NWY19USUg1bnBLZjBNVkUzbzI5SE5XQW5rY2ZIcDdGYXJIaUgtdDF4V3V3RlFHeTB5RXUxOW83bWdydmRpZUx2cHRGeUJleGQtZmFVZ09GMC1WdEc2LTJYUlJuMHVmZGZGSW51Zk5rSUQ0Wll1NzFfNjF4ZFRhZ2lGaE9vQdIBswFBVV95cUxNWTZGZ3J6UzBtNVFtRUtqMm5ieWxhUGRhdHZwUWU0aUxCMXlyREVhbkZxQnRKenZJdFNRdVhRRFJjem9JNzhXa1kweTlsdGpES001TGlwdlBUc084QThlS3hGMklxb09XNWE2WXRKdnkwZEUxSHhFSU5UV0pILU5ZT25MLUs4Y21uaUtVdlZOaGdCQzBrcVJZOFMwbmk3WTRrTWxoeHdEOWdXRjhldW5IS1FaMA?oc=5,"Aceh Culinary Festival Resmi Dibuka, Yuk Berburu Kelezatan di Aceh Food Apps - theacehpost.com",news.google.com,extraction_failed,2026-08-31 23:33:45
https://news.google.com/rss/articles/CBMiowFBVV95cUxOcVRwV3k1WUJNMGxfM05iR3F0VmZsbTg0NFl0M0Mxc1BUYk5JM29zMnBlRDlHMUZtZjEzal9zSTVBQndwQUh2bF8zNTc3MHdETjF5a19UaVJxZC1kUGRNUV9RLUhSdVN5cFJTUXVka3Uzd3Z4X05BOUpoOGt1eVA5bDNvVi1qNDlmcHp0d3N3aEpzaTV0b2Raa1BQN1h1OWZxdXRz0gGoAUFVX3lxTE1NSlQ3WDNyeG9DMVpKcVNQQlZkT1ZNODN2UnN5UXJ1VV94d285RUtRdE5PRGFlaDZ3bTJvaGJJanFkczhReXYwdXQ5MGRHeUQ4WXd5YlRDLXpaV21XTmlvSEpmU2E1TWptUGxCYXZKQ0pRZXJJTXZkSVNZMU5zM3RvUDdneWpqbFRXYVc3WGRXX3hVZFJFVWo3WUZILVZFdHVtQTBFdVVQbg?oc=5,https://news.google.com/rss/articles/CBMiowFBVV95cUxOcVRwV3k1WUJNMGxfM05iR3F0VmZsbTg0NFl0M0Mxc1BUYk5JM29zMnBlRDlHMUZtZjEzal9zSTVBQndwQUh2bF8zNTc3MHdETjF5a19UaVJxZC1kUGRNUV9RLUhSdVN5cFJTUXVka3Uzd3Z4X05BOUpoOGt1eVA5bDNvVi1qNDlmcHp0d3N3aEpzaTV0b2Raa1BQN1h1OWZxdXRz0gGoAUFVX3lxTE1NSlQ3WDNyeG9DMVpKcVNQQlZkT1ZNODN2UnN5UXJ1VV94d285RUtRdE5PRGFlaDZ3bTJvaGJJanFkczhReXYwdXQ5MGRHeUQ4WXd5YlRDLXpaV21XTmlvSEpmU2E1TWptUGxCYXZKQ0pRZXJJTXZkSVNZMU5zM3RvUDdneWpqbFRXYVc3WGRXX3hVZFJFVWo3WUZILVZFdHVtQTBFdVVQbg?oc=5,"Aceh Termiskin ke 5 di Indonesia, Dr Damanhur: Pukulan Yang Paling Mendalam! » - dialeksis.com",news.google.com,extraction_failed,2026-08-31 23:33:45
https://news.google.com/rss/articles/CBMingFBVV95cUxQMzdDSExaa2NHQ1lPUG1NaTVjblg0bVJjUnlhekJOamFlQ0pHZGZtaTJFNFU2ODljYW9BRl9qQ180bEhFQXpSR2E5N0djS253WHlNcTZucndsLTdXRnRRMXFjemNjQmR2VFYxLTJKUWR4dFhyQjJkTDAtVWZ6am11eHJSM0Y1STQyZUk3Zm0weThiZVp4VE52TFJrZ1lEQdIBngFBVV95cUxORHFZZWIyZWQ1c1ZyUGdhZlRwcExwcW9KWm1qbkNld09VTGdaV1VYeFpDUTNQd2VocVdsV2VVYUlrOWs1d25nZjVwS1d3akQ1TmNpMDgwNUVKWUo4U1F3a3BKLWVnSWUzWUZLeUNQZWdldy13cDQ4dGQtbDI5Mkh6cGI5TlYzd3Q3bjBRWXdBV3pVZDZsaXctdjVCLVM1Zw?oc=5,https://news.google.com/rss/articles/CBMingFBVV95cUxQMzdDSExaa2NHQ1lPUG1NaTVjblg0bVJjUnlhekJOamFlQ0pHZGZtaTJFNFU2ODljYW9BRl9qQ180bEhFQXpSR2E5N0djS253WHlNcTZucndsLTdXRnRRMXFjemNjQmR2VFYxLTJKUWR4dFhyQjJkTDAtVWZ6am11eHJSM0Y1STQyZUk3Zm0weThiZVp4VE52TFJrZ1lEQdIBngFBVV95cUxORHFZZWIyZWQ1c1ZyUGdhZlRwcExwcW9KWm1qbkNld09VTGdaV1VYeFpDUTNQd2VocVdsV2VVYUlrOWs1d25nZjVwS1d3akQ1TmNpMDgwNUVKWUo4U1F3a3BKLWVnSWUzWUZLeUNQZWdldy13cDQ4dGQtbDI5Mkh6cGI5TlYzd3Q3bjBRWXdBV3pVZDZsaXctdjVCLVM1Zw?oc=5,Disdikbud Aceh Besar Ajak Kampanyekan Bahaya Narkoba dan Bullying » - dialeksis.com,news.google.com,extraction_failed,2026-08-31 23:33:45
https://news.google.com/rss/articles/CBMilgFBVV95cUxOUXF2S1MyY2dXR2ZDYlVVRFZLbTdtbEttQWROUlVwODNTZ05XRF9wZ3pfOUFxbk93NldTTTRVRkNOTEQ3U1dfR3VqTGdtMWR6ZDBzTFZPZXFORUt2VWN5bjl0OXpiN3ZVOC1HcXp5dlRDakVSSFAzYTlVLVZZOERVQkVmQnZiVGNVQjVEQmlVLUxhdVBCcFHSAZsBQVVfeXFMUGtRV0ZidE1qZ3FBOHJvYWVIRDBiUWsyN0RCQllObmNiaFR3YUR1OWZDQXozV1BHWi1CUk81cVRlVm1rSmIwS0VjTFp6azRlelpRZFhYaW1MZFFCZk1PRXIzdXBxeGw3NW56WGRZR1FENExhckFyMlpsSGFvZTdIc3dlNkNMaWtZODV3Rk5ScDNWWUdNYlRJM1k4UjA?oc=5,https://news.google.com/rss/articles/CBMilgFBVV95cUxOUXF2S1MyY2dXR2ZDYlVVRFZLbTdtbEttQWROUlVwODNTZ05XRF9wZ3pfOUFxbk93NldTTTRVRkNOTEQ3U1dfR3VqTGdtMWR6ZDBzTFZPZXFORUt2VWN5bjl0OXpiN3ZVOC1HcXp5dlRDakVSSFAzYTlVLVZZOERVQkVmQnZiVGNVQjVEQmlVLUxhdVBCcFHSAZsBQVVfeXFMUGtRV0ZidE1qZ3FBOHJvYWVIRDBiUWsyN0RCQllObmNiaFR3YUR1OWZDQXozV1BHWi1CUk81cVRlVm1rSmIwS0VjTFp6azRlelpRZFhYaW1MZFFCZk1PRXIzdXBxeGw3NW56WGRZR1FENExhckFyMlpsSGFvZTdIc3dlNkNMaWtZODV3Rk5ScDNWWUdNYlRJM1k4UjA?oc=5,"Penemuan Mayat Tanpa Busana, Ini Penjelasan Kapolsek Peukan Bada » - dialeksis.com",news.google.com,extraction_failed,2026-08-31 23:33:46
https://news.google.com/rss/articles/CBMirAFBVV95cUxOcEphYV9ac19JaEUyYWRtbWRwY3VzOWQ2RUhtamFQemwwOWRwRFJvSWlORlJ0MHdxRlFfT2lZOERKV2dydFFEYUhxaG41TDR6azl3RjhsdDR5UjFEdG5DNFJqa0V1R2NPVjJjYjNGa0VBQkNCSjlMazgwdXJzb2lMWUdhTTM4d0N5dHNKLTkzbWVqcWNmQjNPV0g5Q3pCLWtUbmxhM2otZkh4eGJB?oc=5,https://news.google.com/rss/articles/CBMirAFBVV95cUxOcEphYV9ac19JaEUyYWRtbWRwY3VzOWQ2RUhtamFQemwwOWRwRFJvSWlORlJ0MHdxRlFfT2lZOERKV2dydFFEYUhxaG41TDR6azl3RjhsdDR5UjFEdG5DNFJqa0V1R2NPVjJjYjNGa0VBQkNCSjlMazgwdXJzb2lMWUdhTTM4d0N5dHNKLTkzbWVqcWNmQjNPV0g5Q3pCLWtUbmxhM2otZkh4eGJB?oc=5,"Skuter Listrik Gesits Dijual Online, Ada Diskon Hingga Rp 700 Ribu - ACEH BISNIS",news.google.com,extraction_failed,2026-08-31 23:33:46
https://news.google.com/rss/articles/CBMi1AFBVV95cUxORVZKQ19nUUJrODVyUzBLM3c3eHh3U3YzNzBkem5pOE5NeHdJZXV0T0hRYy1TWFdtQktEd0U5SHZmWXdNd0x2ZzdTNjhSajlxQXBqR0tJVUxfNmxuZDZaeHdfOGRoVjhHVDRheHV4bC16aXRjM0o1alpYbUtZekNnWWNOa2l6Y2J2YVpOUVRUYzkyUUhiaGM4dFN6amVzaGNVdG5QUE5nRHZxbWhDUVUyYjFlUU9jdTBjbXpBSFVWNWFncjdiWTFRS3BlcjY3ZGFYaEpUMQ?oc=5,https://news.google.com/rss/articles/CBMi1AFBVV95cUxORVZKQ19nUUJrODVyUzBLM3c3eHh3U3YzNzBkem5pOE5NeHdJZXV0T0hRYy1TWFdtQktEd0U5SHZmWXdNd0x2ZzdTNjhSajlxQXBqR0tJVUxfNmxuZDZaeHdfOGRoVjhHVDRheHV4bC16aXRjM0o1alpYbUtZekNnWWNOa2l6Y2J2YVpOUVRUYzkyUUhiaGM4dFN6amVzaGNVdG5QUE5nRHZxbWhDUVUyYjFlUU9jdTBjbXpBSFVWNWFncjdiWTFRS3BlcjY3ZGFYaEpUMQ?oc=5,"Regulasi E-Commerce untuk Lindungi UMKM Harus Berbasis Ilmu, Jangan Sampai Jadi “Senjata Makan Tuan” - Serambinews.com",news.google.com,extraction_failed,2026-08-31 23:33:46
https://news.google.com/rss/articles/CBMixAFBVV95cUxQeHhnYXdfcjN2cmZtT1NwNE9GQlFocThqaVkzemVyb2tzbktXWF9aWndoOWZsazkteEtvbUJ6VnlIV2tTRUVrTGtJVHFwWFEtRzE2Z0hSaHo0dURJMVlDZUNDUldWX0kyOU1QT19nUFJCaG55UVRiNkMxQkRTYzlKR3kzVVA3ZE9rcnJEWUZfWHVBZWlXaVktR3dRaDRPaEwyLUlMN2tzUGc2T1ppTHgzV2F0OHZVLWxxUWkyM1ppanY2QkJ5?oc=5,https://news.google.com/rss/articles/CBMixAFBVV95cUxQeHhnYXdfcjN2cmZtT1NwNE9GQlFocThqaVkzemVyb2tzbktXWF9aWndoOWZsazkteEtvbUJ6VnlIV2tTRUVrTGtJVHFwWFEtRzE2Z0hSaHo0dURJMVlDZUNDUldWX0kyOU1QT19nUFJCaG55UVRiNkMxQkRTYzlKR3kzVVA3ZE9rcnJEWUZfWHVBZWlXaVktR3dRaDRPaEwyLUlMN2tzUGc2T1ppTHgzV2F0OHZVLWxxUWkyM1ppanY2QkJ5?oc=5,"Tembus 13 Juta Transaksi E-Commerce, UMKM di Wilayah Bencana Sumatera Mulai Bangkit - Tribunnews.com",news.google.com,extraction_failed,2026-08-31 23:33:46
https://news.google.com/rss/articles/CBMiZEFVX3lxTFB2YWRaVnI3UEEwRF9zVzIwZjZ1SnFXVi1oT0JleFpTOGY1MVNCSDZFbDhTMWhHT0RRMW82dDJYdXZaNzdGcVBWYnlvaUF6ZFdVY3hkWTk5dUZwUmVVY3VWaGRnZ18?oc=5,https://news.google.com/rss/articles/CBMiZEFVX3lxTFB2YWRaVnI3UEEwRF9zVzIwZjZ1SnFXVi1oT0JleFpTOGY1MVNCSDZFbDhTMWhHT0RRMW82dDJYdXZaNzdGcVBWYnlvaUF6ZFdVY3hkWTk5dUZwUmVVY3VWaGRnZ18?oc=5,Integrasi Digital Dorong UMKM Aceh Go Global - RRI.co.id,news.google.com,extraction_failed,2026-08-31 23:33:46
https://news.google.com/rss/articles/CBMi2gFBVV95cUxOM1dRWU16VFY3WVF4eG96Y1BsSVYxQ0lmZTBpbW5idi10aWdSOE5xWnlRMlQ0ZW40ai1xUzVOYjJ1VzVoVXNmR2Zxck1wOUg0eV9JMG1MSlhwUjZWdVYxbU5OdXRsYk03b09NOXh1Qk8xTjNNZjVKTF9SRXdVTXVack5qUVRWamI4Q0RIX1Iwb2FNZjlQQjUzMk5MMnZuRWNKS1o0ZkE5S3A4akZ3WDMzMTMyMnBZQTdMb1diX0lQM19tVGpxalJ2V0s3RDc5QVFTZURsXzZJYndqQdIB3wFBVV95cUxON0N6RFE2MFJ1di1jV1AtVEJrQlVtVWViYURfZHYtajlDcUFzbnpVZk5EWU5icjkyYnRram9JWHRIMHRLREJnTzlCU0tFT1FmZUNTUWZnNXRYYVVBc0Jya0RnYU05NkM1THhSWjZNSGVSYzV3LTVMa2Q4VmxIU1c2MlBEVXNHQ1lfV3Y3ODZFc3Q5OXkzY0o3a2FkVHhjMkkycThnWFh5YWZMUUljVlFjbktKYktETXVhamdGdHJISF9tUWJSU3ppeFFlZUlxVnkxUEFzWEhiNkktWkctZmRN?oc=5,https://news.google.com/rss/articles/CBMi2gFBVV95cUxOM1dRWU16VFY3WVF4eG96Y1BsSVYxQ0lmZTBpbW5idi10aWdSOE5xWnlRMlQ0ZW40ai1xUzVOYjJ1VzVoVXNmR2Zxck1wOUg0eV9JMG1MSlhwUjZWdVYxbU5OdXRsYk03b09NOXh1Qk8xTjNNZjVKTF9SRXdVTXVack5qUVRWamI4Q0RIX1Iwb2FNZjlQQjUzMk5MMnZuRWNKS1o0ZkE5S3A4akZ3WDMzMTMyMnBZQTdMb1diX0lQM19tVGpxalJ2V0s3RDc5QVFTZURsXzZJYndqQdIB3wFBVV95cUxON0N6RFE2MFJ1di1jV1AtVEJrQlVtVWViYURfZHYtajlDcUFzbnpVZk5EWU5icjkyYnRram9JWHRIMHRLREJnTzlCU0tFT1FmZUNTUWZnNXRYYVVBc0Jya0RnYU05NkM1THhSWjZNSGVSYzV3LTVMa2Q4VmxIU1c2MlBEVXNHQ1lfV3Y3ODZFc3Q5OXkzY0o3a2FkVHhjMkkycThnWFh5YWZMUUljVlFjbktKYktETXVhamdGdHJISF9tUWJSU3ppeFFlZUlxVnkxUEFzWEhiNkktWkctZmRN?oc=5,"Ketimbang Menutup E-Commerce TikTok, Abdullah Puteh Minta Pemerintah Berantas Judi Online - Suara Merdeka Jakarta - Suara Merdeka Jakarta",news.google.com,extraction_failed,2026-08-31 23:33:47
https://news.google.com/rss/articles/CBMivwFBVV95cUxPdUVSWS01Y0w5aHJCWUhYYWdsT1hzREtEMGtnZ29SOU9mbmR3cW90RXdWVTZTOWJhUTJEZzRDeGFwdWw0TnRVS3RJMFk3aGNSSWN4LU9wLXpqQk11M1U5eFByaEY2emlvNXIxTXlRM2dYZkpYc2ZIZjd1UGxwTkxxZWpCV1pHM3kwVE1XemNXLWlBM0lsb2V3U0syOGM0N2R0SWhrOS1jUkotMWJvamd1OHBRZ0VmalpQbzd2Y0dwUQ?oc=5,https://news.google.com/rss/articles/CBMivwFBVV95cUxPdUVSWS01Y0w5aHJCWUhYYWdsT1hzREtEMGtnZ29SOU9mbmR3cW90RXdWVTZTOWJhUTJEZzRDeGFwdWw0TnRVS3RJMFk3aGNSSWN4LU9wLXpqQk11M1U5eFByaEY2emlvNXIxTXlRM2dYZkpYc2ZIZjd1UGxwTkxxZWpCV1pHM3kwVE1XemNXLWlBM0lsb2V3U0syOGM0N2R0SWhrOS1jUkotMWJvamd1OHBRZ0VmalpQbzd2Y0dwUQ?oc=5,"Paragon Corp Aceh Buka Lowongan Creative Designer, Simak Syarat dan Tenggat Waktunya - Serambinews.com",news.google.com,extraction_failed,2026-08-31 23:33:47
https://news.google.com/rss/articles/CBMiqgFBVV95cUxQQnR6ZWdXTmUwUVlnemtFdkVqdlVKRFhHZmZudERhMWVGVWFWMXN1V2lYT2o1emc1R0pwNnBWX1FQQWVpTy1kODRpSk9odjRpN3gtN2JHUl9XVzNIYTQ1aWdmRzRRanB1SVVteDJ2Wm1YakJnYlNGYWdxR1JlU2RUR1AtV0hRcTdhajBLVVhLVzI3cmVZc0xaMWU4aGRmaTNQckJHbDI3ZTdFdw?oc=5,https://news.google.com/rss/articles/CBMiqgFBVV95cUxQQnR6ZWdXTmUwUVlnemtFdkVqdlVKRFhHZmZudERhMWVGVWFWMXN1V2lYT2o1emc1R0pwNnBWX1FQQWVpTy1kODRpSk9odjRpN3gtN2JHUl9XVzNIYTQ1aWdmRzRRanB1SVVteDJ2Wm1YakJnYlNGYWdxR1JlU2RUR1AtV0hRcTdhajBLVVhLVzI3cmVZc0xaMWU4aGRmaTNQckJHbDI3ZTdFdw?oc=5,"Bili Droe, Kerajinan Anyaman Bili yang Mengangkat Budaya Aceh - RRI.co.id",news.google.com,extraction_failed,2026-08-31 23:33:47
https://news.google.com/rss/articles/CBMi3AFBVV95cUxPaXI1bW5sdFFyVGZxRlpyRHBfeFFpckhScWtPQVJlS0xya2pFV1hFYV8zQjhFSUpOdk1ENE9mMVBLeTY3RDVmMDJZd0hfUEV1MlRZQTVJTTdfWnhVVjdDRWt0TlNTVFFsVWtYcWtadmhFS3hpYTh3MWdvUEIzRTlCREtsUmxWd2FHNjBYaXZobHNZLVFmcGlsa0txSVM5Y1AyTGNzb09Rdk1aLVBCRDRxWWlJRzRFWG9CakVPbHRPTmt6blYxbGVRd1o5elc2TExPRjZ0dVMydEVlcFli?oc=5,https://news.google.com/rss/articles/CBMi3AFBVV95cUxPaXI1bW5sdFFyVGZxRlpyRHBfeFFpckhScWtPQVJlS0xya2pFV1hFYV8zQjhFSUpOdk1ENE9mMVBLeTY3RDVmMDJZd0hfUEV1MlRZQTVJTTdfWnhVVjdDRWt0TlNTVFFsVWtYcWtadmhFS3hpYTh3MWdvUEIzRTlCREtsUmxWd2FHNjBYaXZobHNZLVFmcGlsa0txSVM5Y1AyTGNzb09Rdk1aLVBCRDRxWWlJRzRFWG9CakVPbHRPTmt6blYxbGVRd1o5elc2TExPRjZ0dVMydEVlcFli?oc=5,"Direktur Utama PT PLN (Persero), Darmawan Prasodjo, menyampaikan permohonan maaf kepada masyarakat atas gangguan sistem kelistrikan yang menyebabkan pemadaman listrik massal di sejumlah wilayah Sumatera. Gangguan yang terjadi sejak Jum - facebook.com",news.google.com,extraction_failed,2026-08-31 23:33:47
https://news.google.com/rss/articles/CBMivgFBVV95cUxPZEVES1dfajdWbzQ4eFJQVEtoWXluVnZfcXRUSTRtR1k1Y0d1UUNPQkE5UHlkTEFpNUpUUzE5bUE2Qlhsb25VMF9LeVQ1Uy1VTWhPREtKT2RSY0QtU2QyVW5wRkxlQTlXYXJmbFhOU29VOXNtaTQ5SWRiN3pYdW16RlBpcm13cTZHYWxJUmozZE9BTnNfQXpVcnhXOWx0MDR4azRtaW1YMnBHeE11bFg1UzV4RTJ6TzFiclgwN1RB?oc=5,https://news.google.com/rss/articles/CBMivgFBVV95cUxPZEVES1dfajdWbzQ4eFJQVEtoWXluVnZfcXRUSTRtR1k1Y0d1UUNPQkE5UHlkTEFpNUpUUzE5bUE2Qlhsb25VMF9LeVQ1Uy1VTWhPREtKT2RSY0QtU2QyVW5wRkxlQTlXYXJmbFhOU29VOXNtaTQ5SWRiN3pYdW16RlBpcm13cTZHYWxJUmozZE9BTnNfQXpVcnhXOWx0MDR4azRtaW1YMnBHeE11bFg1UzV4RTJ6TzFiclgwN1RB?oc=5,Webinar Literasi Digital Aceh Utara Angkat Tema Pemanfaatan Marketplace yang Aman dan Produktif - Media Literasi,news.google.com,extraction_failed,2026-08-31 23:33:47
https://news.google.com/rss/articles/CBMiqgFBVV95cUxNbUdOZlhRSFc3cmxBVE9odWFoX2xEQmZmM2dfLVBBeTlFOEhQb2h2YkxXM0h2QTdQNzA3d1pMVXhRSmRDRE1lbDFSX09vVHhScW5FV2kxY2hqQ21NRHlfVE1ITkQ4SDhlTWk1RTNoczc5cFhwSzNvbktXdFRQa0dMSlMxcDlJbGRrT3dhOWowWmFIbjNkU2NRQVVUUGpDdGpxMnM3bnp1bUFwdw?oc=5,https://news.google.com/rss/articles/CBMiqgFBVV95cUxNbUdOZlhRSFc3cmxBVE9odWFoX2xEQmZmM2dfLVBBeTlFOEhQb2h2YkxXM0h2QTdQNzA3d1pMVXhRSmRDRE1lbDFSX09vVHhScW5FV2kxY2hqQ21NRHlfVE1ITkQ4SDhlTWk1RTNoczc5cFhwSzNvbktXdFRQa0dMSlMxcDlJbGRrT3dhOWowWmFIbjNkU2NRQVVUUGpDdGpxMnM3bnp1bUFwdw?oc=5,"Berita Warga Aceh Besar, Yuk Bayar PBB Sebelum Jatuh Tempo - Pemkab Aceh Besar",news.google.com,extraction_failed,2026-08-31 23:33:48
https://news.google.com/rss/articles/CBMisgFBVV95cUxNZWtfN3F2b2U0cE15M2J2dC1weF9OQTRFbGJ1M05uNTlFcjdVcDhTekFZeDU0QTE1T2EzSEhzY2FrUGpFbUYwMDNhOC1INnR6X1lWZ2p1cFd1UlFDcVYzY0NtUDE1ejZiSlJlYmVXaFp4cDhyVU9UMmxQSHBOMS1qNUJ1b1hieGZ1TFpSaFhFMlFJczlEZUZFT1haYVByTEFCQVBJMjk4QVYzcXN4dU5CWC1n0gG3AUFVX3lxTFBtX3JvSEFwaGZLd01xU0pFRDBRTnY3a3owUlFBanhRM1BSd0FyaTFtY3YyODEyVmNSY1ZlS0pObDRQVDdWTU00T1JwSGhrZFFrTzNwaWlmLTdCV0hIREFCa3hQRGZJeHFmSGdUTjNQUUh4X2xXa3RJbFN2R1NNRTlUVWdSbzBfQmNKN19Mb212QTg2YmFqenkwZDMwaEpXa0hibHRYakRaY1Y4eWlNNHNIbHpManFQYw?oc=5,https://news.google.com/rss/articles/CBMisgFBVV95cUxNZWtfN3F2b2U0cE15M2J2dC1weF9OQTRFbGJ1M05uNTlFcjdVcDhTekFZeDU0QTE1T2EzSEhzY2FrUGpFbUYwMDNhOC1INnR6X1lWZ2p1cFd1UlFDcVYzY0NtUDE1ejZiSlJlYmVXaFp4cDhyVU9UMmxQSHBOMS1qNUJ1b1hieGZ1TFpSaFhFMlFJczlEZUZFT1haYVByTEFCQVBJMjk4QVYzcXN4dU5CWC1n0gG3AUFVX3lxTFBtX3JvSEFwaGZLd01xU0pFRDBRTnY3a3owUlFBanhRM1BSd0FyaTFtY3YyODEyVmNSY1ZlS0pObDRQVDdWTU00T1JwSGhrZFFrTzNwaWlmLTdCV0hIREFCa3hQRGZJeHFmSGdUTjNQUUh4X2xXa3RJbFN2R1NNRTlUVWdSbzBfQmNKN19Mb212QTg2YmFqenkwZDMwaEpXa0hibHRYakRaY1Y4eWlNNHNIbHpManFQYw?oc=5,Kemendag: Pedagang Marketplace Tetap Bisa Berjualan Tanpa NIB Selama Masa Transisi » - dialeksis.com,news.google.com,extraction_failed,2026-08-31 23:33:48
https://news.google.com/rss/articles/CBMitgFBVV95cUxPeFJva3o3cUk2amNjUDJiV2ltaE9xTGlodTEzcmt5Y0RDUmRhemxPNzNLbXJQRUItbkEzR2RwYjF5YWx1ZXhtOXoyMEVYSm5YQXVhUVFYYmNGMkdIckR6eklrcm5KSUhIbWI1SWlWaHp3X1hNSktjMFdqVy1ocWhlbHJGOGRwQ1MzZFRCX1UxNkhzN1l5OVRtakJuUGMyMmRvYXRmclk5OUhKN3AxVjBfeXhuX29BZw?oc=5,https://news.google.com/rss/articles/CBMitgFBVV95cUxPeFJva3o3cUk2amNjUDJiV2ltaE9xTGlodTEzcmt5Y0RDUmRhemxPNzNLbXJQRUItbkEzR2RwYjF5YWx1ZXhtOXoyMEVYSm5YQXVhUVFYYmNGMkdIckR6eklrcm5KSUhIbWI1SWlWaHp3X1hNSktjMFdqVy1ocWhlbHJGOGRwQ1MzZFRCX1UxNkhzN1l5OVRtakJuUGMyMmRvYXRmclk5OUhKN3AxVjBfeXhuX29BZw?oc=5,"Empat Marketplace Mulai Pungut PPh 22 Penjual Online, Begini Aturannya - beritakini.co",news.google.com,extraction_failed,2026-08-31 23:33:48
https://news.google.com/rss/articles/CBMivAFBVV95cUxQa2VOUjFiNVpJdkdxNTZwSmNvdXNsblA1b0dKY3FDUlF4ajJWRmFzWmZVdHgyY0t3Y2ZtM0tGVkVmOG9IbTVPcEJ2cEhiNk5rRnZkZWxJOF9EX0FydjdTR25XeE5IUmRsRTktY0s1a2x3R2ZsRzBQaWFiSlJqdkRpMXUxWlpIbjBUSVRPbGhndTFwSFdWUTJEdmNrY0dveWxYcXZzdkxLb093RURpeW1CRUo5SVZYOEk5Z3VhadIBugFBVV95cUxQWl9oVFBLR3FudFpXMnp5bnR6VEYtbkx6U1o5SWdTNHltWGZ4U2hNanpHQW5YYTQwdFV3ZXhacDZCbGNoSEU5c09iMk5pdkoxN2tIdC0wMS1wTV9GNHlaYjhoanh3aHhHWnBKdnlpMmZ4YmJtU2NINU90enNjbjVfM3dqVDZTdlgyVjdfTzFIS2h3ZnE1ejRuZGxOaF9wTmh1NFhlVjBNcEhaeXNURTRzbmVVT1VqUWxnelE?oc=5,https://news.google.com/rss/articles/CBMivAFBVV95cUxQa2VOUjFiNVpJdkdxNTZwSmNvdXNsblA1b0dKY3FDUlF4ajJWRmFzWmZVdHgyY0t3Y2ZtM0tGVkVmOG9IbTVPcEJ2cEhiNk5rRnZkZWxJOF9EX0FydjdTR25XeE5IUmRsRTktY0s1a2x3R2ZsRzBQaWFiSlJqdkRpMXUxWlpIbjBUSVRPbGhndTFwSFdWUTJEdmNrY0dveWxYcXZzdkxLb093RURpeW1CRUo5SVZYOEk5Z3VhadIBugFBVV95cUxQWl9oVFBLR3FudFpXMnp5bnR6VEYtbkx6U1o5SWdTNHltWGZ4U2hNanpHQW5YYTQwdFV3ZXhacDZCbGNoSEU5c09iMk5pdkoxN2tIdC0wMS1wTV9GNHlaYjhoanh3aHhHWnBKdnlpMmZ4YmJtU2NINU90enNjbjVfM3dqVDZTdlgyVjdfTzFIS2h3ZnE1ejRuZGxOaF9wTmh1NFhlVjBNcEhaeXNURTRzbmVVT1VqUWxnelE?oc=5,"Siap-siap, Tokopedia hingga Shopee Akan Pungut Pajak Seller Mulai Agustus 2026 - acehportal.com",news.google.com,extraction_failed,2026-08-31 23:33:48
https://news.google.com/rss/articles/CBMimwFBVV95cUxQZUdpcVdnS0gxZFNDZW9YQWFGejNDdHBZbVFVMHRxZHBwaUE4ck96Mzkxd1pzd0RJbW54U2dRdEJ3T08zZ3lRWFdiRDd5WXU0bGNISzRtNUh2ckRERE1QbWdVcUE4MDFfa3pMV1J6ci1wcDZMdXRVZzdkd2RQUEx6RGpSZWFBNEdVekQ1aG1zYTBvYWJ1X2x5RjNyVdIBoAFBVV95cUxPdGtvQzdDc2E1OHE0T1VSeFB3VlBaMUthMXVpNnNwU2F1dzd4bkdmTmhGWXlmeXlYVWhqQTlDOEFfZVhaZG5qWHdJd0NlM291dW1aMlMzUzF4VXM5dVQzVXJwMXI5SmZmQVMwcUhuZkhYSWIweUFRUWJxekxRZnJFZ1ZmWGVXUlktcVZaNmlmRjFSclNsRFJTZHlYbEVWX0Z2?oc=5,https://news.google.com/rss/articles/CBMimwFBVV95cUxQZUdpcVdnS0gxZFNDZW9YQWFGejNDdHBZbVFVMHRxZHBwaUE4ck96Mzkxd1pzd0RJbW54U2dRdEJ3T08zZ3lRWFdiRDd5WXU0bGNISzRtNUh2ckRERE1QbWdVcUE4MDFfa3pMV1J6ci1wcDZMdXRVZzdkd2RQUEx6RGpSZWFBNEdVekQ1aG1zYTBvYWJ1X2x5RjNyVdIBoAFBVV95cUxPdGtvQzdDc2E1OHE0T1VSeFB3VlBaMUthMXVpNnNwU2F1dzd4bkdmTmhGWXlmeXlYVWhqQTlDOEFfZVhaZG5qWHdJd0NlM291dW1aMlMzUzF4VXM5dVQzVXJwMXI5SmZmQVMwcUhuZkhYSWIweUFRUWJxekxRZnJFZ1ZmWGVXUlktcVZaNmlmRjFSclNsRFJTZHlYbEVWX0Z2?oc=5,DJP: PMK 37/2025 Bukan Aturan Pajak Baru bagi Pedagang Marketplace » - dialeksis.com,news.google.com,extraction_failed,2026-08-31 23:33:49
https://news.google.com/rss/articles/CBMiwAFBVV95cUxNVGxaYTlTOVpEY1Y3OVBaMWlmSG9KUHZhVDE4MTRwZEtScXV1NjZiLTRRRVoyMEY5Mnd3U0NZUzNxa3ZsZ202VEJHSUEwWWtSTWVwbE03MFJmclVXS0d0aktKeFlMNGwwYVAwZ1BHQTAzX1ZoTXlLVDRpUzNuMjVBcjZWTGxLdEplS24ydVVqNGlwUGxONUZFTjFEUlhNWHlpdVNCWmFUQ2UyWi1fOFJjdnl6QS00V2VKYUZQVFNvV0w?oc=5,https://news.google.com/rss/articles/CBMiwAFBVV95cUxNVGxaYTlTOVpEY1Y3OVBaMWlmSG9KUHZhVDE4MTRwZEtScXV1NjZiLTRRRVoyMEY5Mnd3U0NZUzNxa3ZsZ202VEJHSUEwWWtSTWVwbE03MFJmclVXS0d0aktKeFlMNGwwYVAwZ1BHQTAzX1ZoTXlLVDRpUzNuMjVBcjZWTGxLdEplS24ydVVqNGlwUGxONUZFTjFEUlhNWHlpdVNCWmFUQ2UyWi1fOFJjdnl6QS00V2VKYUZQVFNvV0w?oc=5,Berita Pelaku UMKM Aceh Besar Ikut Sosialisasi Pamanfaatan INAPROC Versi 6 - Pemkab Aceh Besar,news.google.com,extraction_failed,2026-08-31 23:33:49
https://news.google.com/rss/articles/CBMi_gFBVV95cUxQQnowNHR1UXhjNUVVYmg3Tm9SMTF0T043QTFIVWtfNlVSMlEtbHQ5c0U4M2JuV3doS0o0TnhpSlItSEtleGE3UGgwMlBjTjl4SUMzbE03ZkM1OHpmSlJNbmkwQXpHdEdpRDN2My1aQmRLZlcwdzY2ck15bFA2cnM3QlBnWDFoTzRyUWxScVF2T2hHZnM1UlpUOU5iQVFGVlpuUTFidnBpWURmMVNmWFFTa25KZVlhOS1TZ1lGTm1fdFI3WDBDVnBKbS0xSGxlemtySnBvM0ZJYVhBdEQ2bzEwYWp6b1JYQzNzRGZ1bC13eHNtcXU3RE56cUFneFZOdw?oc=5,https://news.google.com/rss/articles/CBMi_gFBVV95cUxQQnowNHR1UXhjNUVVYmg3Tm9SMTF0T043QTFIVWtfNlVSMlEtbHQ5c0U4M2JuV3doS0o0TnhpSlItSEtleGE3UGgwMlBjTjl4SUMzbE03ZkM1OHpmSlJNbmkwQXpHdEdpRDN2My1aQmRLZlcwdzY2ck15bFA2cnM3QlBnWDFoTzRyUWxScVF2T2hHZnM1UlpUOU5iQVFGVlpuUTFidnBpWURmMVNmWFFTa25KZVlhOS1TZ1lGTm1fdFI3WDBDVnBKbS0xSGxlemtySnBvM0ZJYVhBdEQ2bzEwYWp6b1JYQzNzRGZ1bC13eHNtcXU3RE56cUFneFZOdw?oc=5,Jejak Melon Digital: Transformasi Pasar Petani Melalui Aplikasi Smart Farming Marketplace dengan Fitur GPS - Kompasiana.com,news.google.com,extraction_failed,2026-08-31 23:33:49
https://news.google.com/rss/articles/CBMiuAFBVV95cUxOdjV0VDNCTjkxQjVGSm1XMFktcDJpTXVaNTFvT2YxZF9oWG5sNkhVNW5wcEpobktsMmM5N0JGaFBHMzJ5UkNfUWFvdXdZUnVoN1hhZ2prNnREVWpRUUloVVVPZFhUUUlyYmpZWkNQcnUyc3BhYUp0M3pHb2l0VV9qNjN0TWw5T3c1SktCeW1hTTBwTUZyblQ3MWYyVnpzQVlEaXJUeDk0V1VHazJ6cEszVUpRWF9QSy1W0gG-AUFVX3lxTE94UmFUS2E4b1MzbVFlVHMzNXNiMzAwb3hQQmtzT3JWcEhxZnN6QWtJUXJNanJFUUxkNUhGVWV5d0hZX3Rvb1JLOEh5aEw5T0haSXNDMDk3b3VzS284U3ROY1J1SXJ0RkctNGtSLThIUnQtVjQxcGFwYVFXQ3l3RGduNDNRY19IbmhMX2NQT2Qwdkx3b29aODhBckoyVVBUQjlSYXlCLVRSaGFQSDFSWGpSVGdwSkZLVTBhYVFUN3c?oc=5,https://news.google.com/rss/articles/CBMiuAFBVV95cUxOdjV0VDNCTjkxQjVGSm1XMFktcDJpTXVaNTFvT2YxZF9oWG5sNkhVNW5wcEpobktsMmM5N0JGaFBHMzJ5UkNfUWFvdXdZUnVoN1hhZ2prNnREVWpRUUloVVVPZFhUUUlyYmpZWkNQcnUyc3BhYUp0M3pHb2l0VV9qNjN0TWw5T3c1SktCeW1hTTBwTUZyblQ3MWYyVnpzQVlEaXJUeDk0V1VHazJ6cEszVUpRWF9QSy1W0gG-AUFVX3lxTE94UmFUS2E4b1MzbVFlVHMzNXNiMzAwb3hQQmtzT3JWcEhxZnN6QWtJUXJNanJFUUxkNUhGVWV5d0hZX3Rvb1JLOEh5aEw5T0haSXNDMDk3b3VzS284U3ROY1J1SXJ0RkctNGtSLThIUnQtVjQxcGFwYVFXQ3l3RGduNDNRY19IbmhMX2NQT2Qwdkx3b29aODhBckoyVVBUQjlSYXlCLVRSaGFQSDFSWGpSVGdwSkZLVTBhYVFUN3c?oc=5,Polresta Banda Aceh tangkap warga Tangerang karena penipuan pembelian mobil - ANTARA News Aceh,news.google.com,extraction_failed,2026-08-31 23:33:49
https://news.google.com/rss/articles/CBMimAFBVV95cUxOWTFUR0paSDZpR2dQVjV6MjJZN1U0LXVjM0tCRHc0LXlUd0tkbmI0MFF0TlJ4bXUwWTlHOUlLVUtESnN0eUI1em5Kd0ZmbDA1Tmg2bDhmSVZFMGlueWNHZ2cxdjZ6SlpUZGFxQUwtMXYyd1UyVnVLSENFa1kzajl1TmF1TzJxMG5KcExXdFF0ZVI5eXJoX0h6Tw?oc=5,https://news.google.com/rss/articles/CBMimAFBVV95cUxOWTFUR0paSDZpR2dQVjV6MjJZN1U0LXVjM0tCRHc0LXlUd0tkbmI0MFF0TlJ4bXUwWTlHOUlLVUtESnN0eUI1em5Kd0ZmbDA1Tmg2bDhmSVZFMGlueWNHZ2cxdjZ6SlpUZGFxQUwtMXYyd1UyVnVLSENFa1kzajl1TmF1TzJxMG5KcExXdFF0ZVI5eXJoX0h6Tw?oc=5,Warga Banda Aceh Tertipu Rp140 Juta Usai Beli Mobil di Marketplace FB - rmolaceh,news.google.com,extraction_failed,2026-08-31 23:33:49
https://news.google.com/rss/articles/CBMimgFBVV95cUxQR0QxTDRmOUU0NjVEZ3g4dlc1U3pKNHcwUGp5RXJJRlVDUnJRM3FHWE8zVHJZaDhZejA4ZHU1ZXkya01FblhpdkVPeGx5UmExYVpWNnFUYU90c1NaYkFDT0VIT1p3ZW1yMFFKZzdTTmhxQmlaV2xJQi1RU25Gek5MWW13SE53VkZOUDZZUVp0R18yY0RxdXUyeUNn0gGfAUFVX3lxTFB0aDZnMGdOTXhqUVpSaVY4ek5wX29zMDMwWUE3dE9BX09DUjNvdG5hbk9PRW1RQjJyc2RQMkhiblI2ZWVoZk51dGpJZWJSUjZyZFgwaGlvRm5scllNQXpwZXBLdm9iajVpWU1KSUZwb3V5MV9HY2M3WnpONlFhMjNFdVh2Q1JNLVpIU2k5TEpiVGhsUzh3NUY3dmZkVWJqOA?oc=5,https://news.google.com/rss/articles/CBMimgFBVV95cUxQR0QxTDRmOUU0NjVEZ3g4dlc1U3pKNHcwUGp5RXJJRlVDUnJRM3FHWE8zVHJZaDhZejA4ZHU1ZXkya01FblhpdkVPeGx5UmExYVpWNnFUYU90c1NaYkFDT0VIT1p3ZW1yMFFKZzdTTmhxQmlaV2xJQi1RU25Gek5MWW13SE53VkZOUDZZUVp0R18yY0RxdXUyeUNn0gGfAUFVX3lxTFB0aDZnMGdOTXhqUVpSaVY4ek5wX29zMDMwWUE3dE9BX09DUjNvdG5hbk9PRW1RQjJyc2RQMkhiblI2ZWVoZk51dGpJZWJSUjZyZFgwaGlvRm5scllNQXpwZXBLdm9iajVpWU1KSUZwb3V5MV9HY2M3WnpONlFhMjNFdVh2Q1JNLVpIU2k5TEpiVGhsUzh3NUY3dmZkVWJqOA?oc=5,Bea Cukai Aceh Musnahkan 248 Ribu Rokok Ilegal Senilai Rp365 Juta - Pajak.com,news.google.com,extraction_failed,2026-08-31 23:33:50
https://news.google.com/rss/articles/CBMiogFBVV95cUxPWkU2YTJvZEdzMjZtb1lHYjRETVYxREdBeVpSQUlzS3FneFZwQmo5ekNMME1VSThXT3pBWWZ2cFAzLU9xdTMyOFE5XzhlUEFiZ0M2cUJFbXl1OHhJclIxS2dZRHcydlBDbE9NOUFqTTV0NHZGSklyU2hJa29NV1NrUXF6a1Z0V0dvVE0taDdKLThNVHdLeC1CSzZwcE9TUllrSlE?oc=5,https://news.google.com/rss/articles/CBMiogFBVV95cUxPWkU2YTJvZEdzMjZtb1lHYjRETVYxREdBeVpSQUlzS3FneFZwQmo5ekNMME1VSThXT3pBWWZ2cFAzLU9xdTMyOFE5XzhlUEFiZ0M2cUJFbXl1OHhJclIxS2dZRHcydlBDbE9NOUFqTTV0NHZGSklyU2hJa29NV1NrUXF6a1Z0V0dvVE0taDdKLThNVHdLeC1CSzZwcE9TUllrSlE?oc=5,"Jubir : Tak Ditemukan Lokasi Produksi ‘Dendeng Babi’, di Aceh - Pemerintahan Aceh",news.google.com,extraction_failed,2026-08-31 23:33:50
https://news.google.com/rss/articles/CBMiqwFBVV95cUxNTWFtNS1ycF9yUW95N3NzWEVkanNpb3J6RFNuVGpOV2IwSktNYVF5V0xoUUxIRkNxZ0VaeEtOQkhta0QzOE5YSDJPNGtDd0o4TjVyNE9FbU11aTFDcEF2NnJrZ0ZscEpOMmhfdmZtckx3RHJSUE9ERS1vNkpEMjZIYnp1TlVqMWE1R21ReGoydHJEWWd2M3Y5QXNDMUJqWTJwbEZmZEFsNE10VTjSAagBQVVfeXFMTTU3elZyb1h2UU9kTWFoYVNnS1M0eTJLRHRrUlVtVkMzTGpybnMyR2dRUkpyZlVzM1lGYUxnX0piTlFFUG1idlIzOWpVNTlyYlRXWThIMUIwYmlEZlVhN1FlNGh0T04wQzlwWU9xXzRweEtuZEVaZDlOV3dFYXdWSjFyRGxKVjUyOTJucjNXM1BRMVlTUFkyUXRmVVMxUUJUZlpPY2hsM2FD?oc=5,https://news.google.com/rss/articles/CBMiqwFBVV95cUxNTWFtNS1ycF9yUW95N3NzWEVkanNpb3J6RFNuVGpOV2IwSktNYVF5V0xoUUxIRkNxZ0VaeEtOQkhta0QzOE5YSDJPNGtDd0o4TjVyNE9FbU11aTFDcEF2NnJrZ0ZscEpOMmhfdmZtckx3RHJSUE9ERS1vNkpEMjZIYnp1TlVqMWE1R21ReGoydHJEWWd2M3Y5QXNDMUJqWTJwbEZmZEFsNE10VTjSAagBQVVfeXFMTTU3elZyb1h2UU9kTWFoYVNnS1M0eTJLRHRrUlVtVkMzTGpybnMyR2dRUkpyZlVzM1lGYUxnX0piTlFFUG1idlIzOWpVNTlyYlRXWThIMUIwYmlEZlVhN1FlNGh0T04wQzlwWU9xXzRweEtuZEVaZDlOV3dFYXdWSjFyRGxKVjUyOTJucjNXM1BRMVlTUFkyUXRmVVMxUUJUZlpPY2hsM2FD?oc=5,Penipu Jual Mobil Melalui Marketplace Dibekuk Polisi di Tangerang - Aceh Online,news.google.com,extraction_failed,2026-08-31 23:33:51
https://news.google.com/rss/articles/CBMiswFBVV95cUxOS1VlMkc1VWZqaTdUWkkydndWMWpFcjAyQ0l2eUNRZGl5U0FoYldKUHVvUUFTMFdXZDFRczZ5V1FXaXV6b0o5NVdpaFlHYVRqWUpFb1h6c1RSYlQ4OS1yN3VXVFpvaDQtSkdic3NXMFA1T2F0RVNvMGtEaklpVGJ1S20xNmw3dDlCcGMxQno1YVVSTUpKNF8wS3lTV0x5RlBzWGdnYldYaUtBOU9xVXZuMTl3NNIBuAFBVV95cUxPYlVDRlRydWoyV1BOUnVoT3UyZVl1ZDk3LVRYdFpRQ1BKRnQxOGptYlV6aU1jaVBGM2I1NEZIa0k5VFpPYnh2SlVfQnVhWF9oYmszMF8ybGNTdmpKNzdEUUFqdjM0S0FTYjROZm5ZYW84Yk9yVGxGQWkxZVotZUZNbENjSDd6ZmVQa0F4Wnk5TGR4WXB3eTJWUnNmeVZ3cEhrdXJpUEV4V2F6eFFzaFB3Y3NIWEQ4aGh0?oc=5,https://news.google.com/rss/articles/CBMiswFBVV95cUxOS1VlMkc1VWZqaTdUWkkydndWMWpFcjAyQ0l2eUNRZGl5U0FoYldKUHVvUUFTMFdXZDFRczZ5V1FXaXV6b0o5NVdpaFlHYVRqWUpFb1h6c1RSYlQ4OS1yN3VXVFpvaDQtSkdic3NXMFA1T2F0RVNvMGtEaklpVGJ1S20xNmw3dDlCcGMxQno1YVVSTUpKNF8wS3lTV0x5RlBzWGdnYldYaUtBOU9xVXZuMTl3NNIBuAFBVV95cUxPYlVDRlRydWoyV1BOUnVoT3UyZVl1ZDk3LVRYdFpRQ1BKRnQxOGptYlV6aU1jaVBGM2I1NEZIa0k5VFpPYnh2SlVfQnVhWF9oYmszMF8ybGNTdmpKNzdEUUFqdjM0S0FTYjROZm5ZYW84Yk9yVGxGQWkxZVotZUZNbENjSDd6ZmVQa0F4Wnk5TGR4WXB3eTJWUnNmeVZ3cEhrdXJpUEV4V2F6eFFzaFB3Y3NIWEQ4aGh0?oc=5,"Sering Tidak Sesuai Gambar, Pembeli Diminta Lebih Teliti Beli Barang di Marketplace » - dialeksis.com",news.google.com,extraction_failed,2026-08-31 23:33:51
https://news.google.com/rss/articles/CBMitAFBVV95cUxNYVpvSEZnY0p6anR5ZXd2RUFlcm1IU09iaHRjc2IyamhqcjYyVlZFUk9yZzF0OUdCSmpnSkM2c19GTXh6dXIwbUNnbEU3V2hnVFhOWkUxWFNiZkZuNGxzQnR4aWxoVmV0Q2FvRlhFYmNKV05wMGNmeGpoZzc1MUozTkdHS1lBYnZONFpkNHQxYWhQWHNuZU84U25neDN6R0lDcDBtX0dJM1plVWxFYzVmaFNsQ3DSAboBQVVfeXFMTXQ4TzNYVUJ1OUtGWkYxQjR2X1FuaXFabmxVM3BaakJyc1MxT2M1U3U3MWtCODAyYkJLVVlsa2VObWd2amM0Y1BzSGFVOFhEQ2s5VmNlV0RDdk16YWt3NHZaQXBCaHFnTHotd0NkY2lRMS12T0VtdnBqekZkQ2pfTGJaX241d3N1ZC05SE96enNHdHpULUN5VGFjWURKMmhNRzRwWkIwd1hBcW5oSVZMMlpKZkRhMmxrYUVB?oc=5,https://news.google.com/rss/articles/CBMitAFBVV95cUxNYVpvSEZnY0p6anR5ZXd2RUFlcm1IU09iaHRjc2IyamhqcjYyVlZFUk9yZzF0OUdCSmpnSkM2c19GTXh6dXIwbUNnbEU3V2hnVFhOWkUxWFNiZkZuNGxzQnR4aWxoVmV0Q2FvRlhFYmNKV05wMGNmeGpoZzc1MUozTkdHS1lBYnZONFpkNHQxYWhQWHNuZU84U25neDN6R0lDcDBtX0dJM1plVWxFYzVmaFNsQ3DSAboBQVVfeXFMTXQ4TzNYVUJ1OUtGWkYxQjR2X1FuaXFabmxVM3BaakJyc1MxT2M1U3U3MWtCODAyYkJLVVlsa2VObWd2amM0Y1BzSGFVOFhEQ2s5VmNlV0RDdk16YWt3NHZaQXBCaHFnTHotd0NkY2lRMS12T0VtdnBqekZkQ2pfTGJaX241d3N1ZC05SE96enNHdHpULUN5VGFjWURKMmhNRzRwWkIwd1hBcW5oSVZMMlpKZkRhMmxrYUVB?oc=5,"Marketplace Dibanjiri Obat Kuasi Ilegal, BPOM Rilis Lima Produk Paling Banyak Beredar » - dialeksis.com",news.google.com,extraction_failed,2026-08-31 23:33:51
https://news.google.com/rss/articles/CBMiogFBVV95cUxOVmtUQjRBaFk0ZVZ5ckpKa0h4Y3BIcjZzSkhkTDkxczlUY240VWVDUUZPUnNfc052X2JDd0FtMmVTanNaRTcwSndyaC1hNHppY1lTZHcydTJ1d2EzN1hzS2JMbE11VDFRa0xvdDNBR3F5d1Bta2Noc3U0OGJGeEQ5Z21zbmM0bmZZUEV6aGF5LWphQzVDYUU1VkdJUE8wbFBfMlE?oc=5,https://news.google.com/rss/articles/CBMiogFBVV95cUxOVmtUQjRBaFk0ZVZ5ckpKa0h4Y3BIcjZzSkhkTDkxczlUY240VWVDUUZPUnNfc052X2JDd0FtMmVTanNaRTcwSndyaC1hNHppY1lTZHcydTJ1d2EzN1hzS2JMbE11VDFRa0xvdDNBR3F5d1Bta2Noc3U0OGJGeEQ5Z21zbmM0bmZZUEV6aGF5LWphQzVDYUU1VkdJUE8wbFBfMlE?oc=5,"Jual Beli Mobil di Marketplace, Warga Banda Aceh Tertipu Ratusan Juta - masakini.co",news.google.com,extraction_failed,2026-08-31 23:33:51
https://news.google.com/rss/articles/CBMixwFBVV95cUxPS3hDa3loSy12cm9xd0ZYQlVCdnNXQmpUZG1DQ216RFdDSVNna21LdldLMmdKRHNTcnBSc2dCYU5aOGloeGE5eFRHQ2dQSThJNXctb0FiYzV6a25PakxRMUZ6OUtKd0RyRFFiSGFBSWNDaUYxcTY5c1RVSXphRHhoazVPRXE5TGk4RDZuUUdBTEctajRSY3dvRGVoZGRQRjhKcXg5aWt2MWwxTTE2WUVhUlVXdUplMTFmZTY0S08zY3VjREU1R1VB0gHEAUFVX3lxTE8zMS1Gb3hVenhwMDFWbE13Nnp0bkJXNkpqTGFJVkN0NTcyRG1qVHN5Zl9DWFVGdjNiSm9Xel8wbl9wTmxpSExheDdSRDUzTUxZTWFTWVhFamVjcXliREVyM3ZsRzYyNUtGMC0wczBlb0tSMGdNNklIcVVhdzg4aFR0NTF4UFJTSFdpMVRGSmNaX0h3VkZRMTYtR0lKTTJIcFJId0U0TXg1ZEVqdmRDNUU1X3lTd09pb0d3SHFSUW1LeGVrTWs?oc=5,https://news.google.com/rss/articles/CBMixwFBVV95cUxPS3hDa3loSy12cm9xd0ZYQlVCdnNXQmpUZG1DQ216RFdDSVNna21LdldLMmdKRHNTcnBSc2dCYU5aOGloeGE5eFRHQ2dQSThJNXctb0FiYzV6a25PakxRMUZ6OUtKd0RyRFFiSGFBSWNDaUYxcTY5c1RVSXphRHhoazVPRXE5TGk4RDZuUUdBTEctajRSY3dvRGVoZGRQRjhKcXg5aWt2MWwxTTE2WUVhUlVXdUplMTFmZTY0S08zY3VjREU1R1VB0gHEAUFVX3lxTE8zMS1Gb3hVenhwMDFWbE13Nnp0bkJXNkpqTGFJVkN0NTcyRG1qVHN5Zl9DWFVGdjNiSm9Xel8wbl9wTmxpSExheDdSRDUzTUxZTWFTWVhFamVjcXliREVyM3ZsRzYyNUtGMC0wczBlb0tSMGdNNklIcVVhdzg4aFR0NTF4UFJTSFdpMVRGSmNaX0h3VkZRMTYtR0lKTTJIcFJId0U0TXg1ZEVqdmRDNUU1X3lTd09pb0d3SHFSUW1LeGVrTWs?oc=5,"Tipu Warga Banda Aceh Rp 140 Juta Lewat Marketplace, Pria Asal Tangerang Ditangkap - Kanalinspirasi.com",news.google.com,extraction_failed,2026-08-31 23:33:51
https://news.google.com/rss/articles/CBMi4gFBVV95cUxPYVBSU3N4blNJVTdKeENDZkFuQU9JYnhQU3dRSWFkclRiaHFob09ERjFuMVhfQ0NCa3pmMmoyY0hQRWV3ZGN6M1p2bVYyS1ZOdXVLbWhhaG9LX0E5T0otMXJUX0JMalFlV3ZRZzFRRUNDZ2lFRzJQVkdhUTAzTnVyX29RQ0l1ZXE0SjBlLWNkZ2E0WGpuWTFkbWpnb21vOFcwRVNDVTRvU2dRQmVUQ1lpSVVjMWdDY0xsd0pHTE5nYkJteWFibFl4c0ZZUFNSUWkxZWhWcVBHTk9hQjQ0SFMyRjFB0gHiAUFVX3lxTE9hUFJTc3huU0lVN0p4Q0NmQW5BT0lieFBTd1FJYWRyVGJocWhvT0RGMW4xWF9DQ0JremYyajJjSFBFZXdkY3ozWnZtVjJLVk51dUttaGFob0tfQTlPSi0xclRfQkxqUWVXdlFnMVFFQ0NnaUVHMlBWR2FRMDNOdXJfb1FDSXVlcTRKMGUtY2RnYTRYam5ZMWRtamdvbW84VzBFU0NVNG9TZ1FCZVRDWWlJVWMxZ0NjTGx3SkdMTmdiQm15YWJsWXhzRllQU1JRaTFlaFZxUEdOT2FCNDRIUzJGMUE?oc=5,https://news.google.com/rss/articles/CBMi4gFBVV95cUxPYVBSU3N4blNJVTdKeENDZkFuQU9JYnhQU3dRSWFkclRiaHFob09ERjFuMVhfQ0NCa3pmMmoyY0hQRWV3ZGN6M1p2bVYyS1ZOdXVLbWhhaG9LX0E5T0otMXJUX0JMalFlV3ZRZzFRRUNDZ2lFRzJQVkdhUTAzTnVyX29RQ0l1ZXE0SjBlLWNkZ2E0WGpuWTFkbWpnb21vOFcwRVNDVTRvU2dRQmVUQ1lpSVVjMWdDY0xsd0pHTE5nYkJteWFibFl4c0ZZUFNSUWkxZWhWcVBHTk9hQjQ0SFMyRjFB0gHiAUFVX3lxTE9hUFJTc3huU0lVN0p4Q0NmQW5BT0lieFBTd1FJYWRyVGJocWhvT0RGMW4xWF9DQ0JremYyajJjSFBFZXdkY3ozWnZtVjJLVk51dUttaGFob0tfQTlPSi0xclRfQkxqUWVXdlFnMVFFQ0NnaUVHMlBWR2FRMDNOdXJfb1FDSXVlcTRKMGUtY2RnYTRYam5ZMWRtamdvbW84VzBFU0NVNG9TZ1FCZVRDWWlJVWMxZ0NjTGx3SkdMTmdiQm15YWJsWXhzRllQU1JRaTFlaFZxUEdOT2FCNDRIUzJGMUE?oc=5,UMKM Digital Finance Tour Medan: Dorong ratusan UMKM lokal tembus Algoritma Marketplace dan naik kelas - ANTARA News Sumatera Utara,news.google.com,extraction_failed,2026-08-31 23:33:52
https://news.google.com/rss/articles/CBMingFBVV95cUxQMFZxdGxnbzIxbGRYR1VabWJVNGQ1aVdQOURoZ1JFT1ZBTWZZSl8xR2ZMWGZrczVaa3VCMUEtMFVKT0lsWDh2UVMzTVhFSWVMM1c3U1RzdHVNc2U5T0NSYVFHYzdqLTl2bkRfWHpuS0JsS0daYlB1ckE1N2VzVzRtdDhTQUZENnQ0VkVKdmdjWHlBZmRPQ19wRmMxcmU2Z9IBowFBVV95cUxNdUdEQ01tRWRHMGVYeFNfOVE2T1dkU0ZqUG9KWUNFc3FzZ042WU9NdnJPT2lUV0dnc3V2NThNVVpUN0JydXJWY082OERldnNZU2tqai1ZQW02VFNLdDRQRmNBSW1xUmtZTXNMRHJscTZvQXROc2hjQXFDQzhQZVVIMUt4WTEyaVl6Ty1BeWViTzlwR0wzU0ozY3JPZXkxVnlIcVRJ?oc=5,https://news.google.com/rss/articles/CBMingFBVV95cUxQMFZxdGxnbzIxbGRYR1VabWJVNGQ1aVdQOURoZ1JFT1ZBTWZZSl8xR2ZMWGZrczVaa3VCMUEtMFVKT0lsWDh2UVMzTVhFSWVMM1c3U1RzdHVNc2U5T0NSYVFHYzdqLTl2bkRfWHpuS0JsS0daYlB1ckE1N2VzVzRtdDhTQUZENnQ0VkVKdmdjWHlBZmRPQ19wRmMxcmU2Z9IBowFBVV95cUxNdUdEQ01tRWRHMGVYeFNfOVE2T1dkU0ZqUG9KWUNFc3FzZ042WU9NdnJPT2lUV0dnc3V2NThNVVpUN0JydXJWY082OERldnNZU2tqai1ZQW02VFNLdDRQRmNBSW1xUmtZTXNMRHJscTZvQXROc2hjQXFDQzhQZVVIMUt4WTEyaVl6Ty1BeWViTzlwR0wzU0ozY3JPZXkxVnlIcVRJ?oc=5,Seperti apa bacagub/wacagub Aceh jalankan MoU Helsinki? - ANTARA News Sumatera Utara,news.google.com,extraction_failed,2026-08-31 23:33:52
https://news.google.com/rss/articles/CBMilgFBVV95cUxPejdDblM3Z24tMngxVHNkX1lkc2daRXdaUXpJd1V1UmJTcjlNYWNyS1J0TThLSjR6c194YlY5dk5aUnJ4ZVJTMVk2ME9jRnBSY05BenNVVnpnRGZUTFp4S2ZOTG1tYUFWRmtaWnhkbUVENmNLQXRjeFZNelFsQ3dzS0RKT0Z4YVQxRlJiRHhNaEZmSTlXZFHSAZsBQVVfeXFMTmI1dmFJZ19rOTFwdE5jR2F5YldWYkYxZFcyWTc2RjZ2UUZuU1RrZFAxdWJSdTE1bUJqQmU1dnVTM3hVd3hRQWdWZmxxWmlHNVhHUXVHT2IzQTQ0SEk5TzJ2NmtuY0MwQ29pSTNmTVd5TGxncUNxSi1hLTZ0bzlyRlBlZXJkR0VUTWdxYU0xQWh6bWcyS2RSeVBNdm8?oc=5,https://news.google.com/rss/articles/CBMilgFBVV95cUxPejdDblM3Z24tMngxVHNkX1lkc2daRXdaUXpJd1V1UmJTcjlNYWNyS1J0TThLSjR6c194YlY5dk5aUnJ4ZVJTMVk2ME9jRnBSY05BenNVVnpnRGZUTFp4S2ZOTG1tYUFWRmtaWnhkbUVENmNLQXRjeFZNelFsQ3dzS0RKT0Z4YVQxRlJiRHhNaEZmSTlXZFHSAZsBQVVfeXFMTmI1dmFJZ19rOTFwdE5jR2F5YldWYkYxZFcyWTc2RjZ2UUZuU1RrZFAxdWJSdTE1bUJqQmU1dnVTM3hVd3hRQWdWZmxxWmlHNVhHUXVHT2IzQTQ0SEk5TzJ2NmtuY0MwQ29pSTNmTVd5TGxncUNxSi1hLTZ0bzlyRlBlZXJkR0VUTWdxYU0xQWh6bWcyS2RSeVBNdm8?oc=5,DPW himpunan pengusaha santri Aceh resmi dilantik - ANTARA News Aceh,news.google.com,extraction_failed,2026-08-31 23:33:52
https://news.google.com/rss/articles/CBMirgFBVV95cUxPTmxNUHRIMWJCZ3kyS1VfZVJlRE1hM1J6aUUxQlNKUGZndl9DTDZuTGs5WU81dEtRNXhkbHAwM3lIbEQwZFRBTG5tdjRPa1VNX00tWVVFY2N1Um50UEtzb0NSMFlKSzJiTTNHTEk4NWlLS0VJUTRMSkxncEl3eHhzUEx3VXpfZWVxckttdHdwcmVfSmlPRjdyb2ZHUUNpbWFZeGoxUDR5Sy0zRGprWnfSAbMBQVVfeXFMT1RWY3MzYnpERkpTZXZDTV9DOVNGMDlUVE92WXV5TFd4S3hIbzVfU2F0SzQ3QXBUUERPRTZmSkJ1MEg2Q1hlWVcwM3pTQjdBNmJaUHNleEZmZ2xnU0dnd1BKTE5HcTFOMFhMakZFamJabFh1MzNOZWhGZG1sU3lHV2FwM2pvZ3hoSWZvOVVZVVNJMDdtZmhOWm9pRHNjazY2NXVSb2l3Yk9vLUdCODBMdlkxWGc?oc=5,https://news.google.com/rss/articles/CBMirgFBVV95cUxPTmxNUHRIMWJCZ3kyS1VfZVJlRE1hM1J6aUUxQlNKUGZndl9DTDZuTGs5WU81dEtRNXhkbHAwM3lIbEQwZFRBTG5tdjRPa1VNX00tWVVFY2N1Um50UEtzb0NSMFlKSzJiTTNHTEk4NWlLS0VJUTRMSkxncEl3eHhzUEx3VXpfZWVxckttdHdwcmVfSmlPRjdyb2ZHUUNpbWFZeGoxUDR5Sy0zRGprWnfSAbMBQVVfeXFMT1RWY3MzYnpERkpTZXZDTV9DOVNGMDlUVE92WXV5TFd4S3hIbzVfU2F0SzQ3QXBUUERPRTZmSkJ1MEg2Q1hlWVcwM3pTQjdBNmJaUHNleEZmZ2xnU0dnd1BKTE5HcTFOMFhMakZFamJabFh1MzNOZWhGZG1sU3lHV2FwM2pvZ3hoSWZvOVVZVVNJMDdtZmhOWm9pRHNjazY2NXVSb2l3Yk9vLUdCODBMdlkxWGc?oc=5,DKP Aceh bantu akses pemasaran produk olahan perikanan UMKM se Aceh - ANTARA News Aceh,news.google.com,extraction_failed,2026-08-31 23:33:52
https://news.google.com/rss/articles/CBMisgFBVV95cUxOZjFiZjk0N056U1Jzb3QtX0NvTVpZT2hfMEpIcUF6UU5Hei1ZcjZIY1JOUjVNVEtyYXRrUFc2SzMyVTlqSVRoNmtNdUVUV2hBdUVSWVd3WC02QTg0QzdwWkowdHQ5NmxvT3lHUW1qTnpoRVY0OEt5aUF5SzFhb05meFVJWjE5SUp3V3k3QURqQURKWk1jRlBhYkNybHdnM0x1NTNXVGVTQzJYajhkaVRCdThR0gGvAUFVX3lxTFAwYlRmOEhsalN5bzR1S0xPNnF6ck1MRy02alRXWVRITnZHd2Z4R19MaXFRMU14LVFha2NNYXdLYURTbDZETVVscEVXQWNuVVczb1gxdHFWR011dXgzaWxyblhMRXRXMjR6VnBZX2JRbmg4UTFRd0VoYjJmaFZFVU5sNkJjRHFVdVgzZDNUdGFUajZRdUEyZTQzYUozZE0zTXk4M3Z2c0NBY0pxM0Vja2c?oc=5,https://news.google.com/rss/articles/CBMisgFBVV95cUxOZjFiZjk0N056U1Jzb3QtX0NvTVpZT2hfMEpIcUF6UU5Hei1ZcjZIY1JOUjVNVEtyYXRrUFc2SzMyVTlqSVRoNmtNdUVUV2hBdUVSWVd3WC02QTg0QzdwWkowdHQ5NmxvT3lHUW1qTnpoRVY0OEt5aUF5SzFhb05meFVJWjE5SUp3V3k3QURqQURKWk1jRlBhYkNybHdnM0x1NTNXVGVTQzJYajhkaVRCdThR0gGvAUFVX3lxTFAwYlRmOEhsalN5bzR1S0xPNnF6ck1MRy02alRXWVRITnZHd2Z4R19MaXFRMU14LVFha2NNYXdLYURTbDZETVVscEVXQWNuVVczb1gxdHFWR011dXgzaWxyblhMRXRXMjR6VnBZX2JRbmg4UTFRd0VoYjJmaFZFVU5sNkJjRHFVdVgzZDNUdGFUajZRdUEyZTQzYUozZE0zTXk4M3Z2c0NBY0pxM0Vja2c?oc=5,Alumni UBBG Risna Erita Kandidat Duta Perdamaian Global Mewakili ASEAN - aceHTrend.com,news.google.com,extraction_failed,2026-08-31 23:33:53
https://news.google.com/rss/articles/CBMimgFBVV95cUxQUkxZUVMxdVFQcTdURTRGV05RTDZNOER1dTltczdJOExpOG5WaVBIRGd1YkFyZE1zZXlxTlhkT3RTckZZNWFYSlBUUmM5V1h3VC1aaTlaRWpVT29Wa215LWtMVVg1RGU0LXZwam4tempUcjgtNTgzcDE5TTQ4S052aFlHejMzcjREaHdvYnQtdEY4dF9pNmJWQWl30gGfAUFVX3lxTE1WQnZvM2N0SERXbmtBOVZyZFUyaFN3X1VSTktMN0ZkTDFrS2N2SHBsZVlzZDd6djlrVFdoNlVaeExXZ3VPNzBmbGViS3BmbUNZWU5TTU1aTTZPUHhtZEphdVZqaGdsZ0dtZ0VLdE1PNVNCUWk0QmlTQXlzS0xqeU5zaFF1N1pzaTFaeUZZcjFrNnVPWjRkUDV0czBZNWVLVQ?oc=5,https://news.google.com/rss/articles/CBMimgFBVV95cUxQUkxZUVMxdVFQcTdURTRGV05RTDZNOER1dTltczdJOExpOG5WaVBIRGd1YkFyZE1zZXlxTlhkT3RTckZZNWFYSlBUUmM5V1h3VC1aaTlaRWpVT29Wa215LWtMVVg1RGU0LXZwam4tempUcjgtNTgzcDE5TTQ4S052aFlHejMzcjREaHdvYnQtdEY4dF9pNmJWQWl30gGfAUFVX3lxTE1WQnZvM2N0SERXbmtBOVZyZFUyaFN3X1VSTktMN0ZkTDFrS2N2SHBsZVlzZDd6djlrVFdoNlVaeExXZ3VPNzBmbGViS3BmbUNZWU5TTU1aTTZPUHhtZEphdVZqaGdsZ0dtZ0VLdE1PNVNCUWk0QmlTQXlzS0xqeU5zaFF1N1pzaTFaeUZZcjFrNnVPWjRkUDV0czBZNWVLVQ?oc=5,PGE Khitan 800 Anak Yatim dan Dhuafa di Aceh Utara dan Lhokseumawe » - dialeksis.com,news.google.com,extraction_failed,2026-08-31 23:33:53
https://news.google.com/rss/articles/CBMikgFBVV95cUxOcm1kYV9WUW5ub08xRnZmclpzNkFBRTAtOEZMTG93U1dTM3F2V0VRdVk1TVBHS2xGeE9xMXVNSVFheERCVkdGSGdwQ1lyVFBMd3ZHdlRxRVdyQllxb044WWIzVVNHVW1ETFB4X0RER3dpWmhMVWhaS2tNQzNYODlkZHJLVThrRWEweE0zN3ZxTW0tUQ?oc=5,https://news.google.com/rss/articles/CBMikgFBVV95cUxOcm1kYV9WUW5ub08xRnZmclpzNkFBRTAtOEZMTG93U1dTM3F2V0VRdVk1TVBHS2xGeE9xMXVNSVFheERCVkdGSGdwQ1lyVFBMd3ZHdlRxRVdyQllxb044WWIzVVNHVW1ETFB4X0RER3dpWmhMVWhaS2tNQzNYODlkZHJLVThrRWEweE0zN3ZxTW0tUQ?oc=5,Polisi Amankan Tiga Terduga Pelaku Pungli di Pulau Kapuk Lhoknga - rmolaceh,news.google.com,extraction_failed,2026-08-31 23:33:53
https://news.google.com/rss/articles/CBMikgFBVV95cUxQeWdncjZ5cy14a1VEdXZrdHZsQW5fWEhSaGlpYm1DVmhNWDR1N0ZGX0N0QzhZQjFSYTBmVXN2YVhFbFRfTExUZVQwR0twUjlodTNqcUJ5UV9tVGRkSmFQVkJ0NW5WVEhVYmVxZFRXbHJuREFDU2MxZkRPNWFsWTlXZ2xxY2VqQVJXUUVUVUpmc25GUdIBlwFBVV95cUxQMzBvdDhvVTVYTXJTVlNHZ2RLSS00X0l5MlNwNklHaVNXcnBhaTNsb1hmdC00ZFJiWkJLaXNBN3hOU0N6ckkxUUFsV1pvbU91OEhzajhBbV9vei00ZEU0cmdTaVpnTGRzZXpiVDF4WURVOTlxRjZkd2dHcTZza1JfbHA2LVpmTm8wUmJsWU9kWDFYUUdHcDNj?oc=5,https://news.google.com/rss/articles/CBMikgFBVV95cUxQeWdncjZ5cy14a1VEdXZrdHZsQW5fWEhSaGlpYm1DVmhNWDR1N0ZGX0N0QzhZQjFSYTBmVXN2YVhFbFRfTExUZVQwR0twUjlodTNqcUJ5UV9tVGRkSmFQVkJ0NW5WVEhVYmVxZFRXbHJuREFDU2MxZkRPNWFsWTlXZ2xxY2VqQVJXUUVUVUpmc25GUdIBlwFBVV95cUxQMzBvdDhvVTVYTXJTVlNHZ2RLSS00X0l5MlNwNklHaVNXcnBhaTNsb1hmdC00ZFJiWkJLaXNBN3hOU0N6ckkxUUFsV1pvbU91OEhzajhBbV9vei00ZEU0cmdTaVpnTGRzZXpiVDF4WURVOTlxRjZkd2dHcTZza1JfbHA2LVpmTm8wUmJsWU9kWDFYUUdHcDNj?oc=5,Mualem Segera Tetapkan Status Baru Pascabencana Aceh » - dialeksis.com,news.google.com,extraction_failed,2026-08-31 23:33:54
https://news.google.com/rss/articles/CBMingFBVV95cUxOcVpTdTh5b3FWYVgwencyT29xZ0gyMTZNTFVpb0pqelJqNXVneGRoMFdXbDBuQkNwamhQcy1nMFRhT3hlWXpGMWE4VTFoRHJnUDRlNWtvbzctUlI4Z3p6MHBOcUlFUUZpcDFOek0xTDk2akJoSDQ5WlFhTzBxSktMcVl6a2daMVgxb0thZjdtRVk0eWpJcXNZTzQyeW5uQdIBpAFBVV95cUxOOW0zSjVQc2IwMGV6ZzNNRG1vMFRCYWl4c3RvU3dhQUY4R0FoSkdNdlJaTDRWQ1M4b1NQS0ZncXJOQmJWRG9TdEkxYmpLSUFKc3RXLTVHazlWNEgyZUxwQmtBNGo1Y0o0Q3lFYlc0ZU5yODRoLW9DdFA0ZWFXZFVkdU5zVE5rUGNKTWJYUURhRWQ4eWVmdDN3LUtPOWY2UV9lZ0Vwbg?oc=5,https://news.google.com/rss/articles/CBMingFBVV95cUxOcVpTdTh5b3FWYVgwencyT29xZ0gyMTZNTFVpb0pqelJqNXVneGRoMFdXbDBuQkNwamhQcy1nMFRhT3hlWXpGMWE4VTFoRHJnUDRlNWtvbzctUlI4Z3p6MHBOcUlFUUZpcDFOek0xTDk2akJoSDQ5WlFhTzBxSktMcVl6a2daMVgxb0thZjdtRVk0eWpJcXNZTzQyeW5uQdIBpAFBVV95cUxOOW0zSjVQc2IwMGV6ZzNNRG1vMFRCYWl4c3RvU3dhQUY4R0FoSkdNdlJaTDRWQ1M4b1NQS0ZncXJOQmJWRG9TdEkxYmpLSUFKc3RXLTVHazlWNEgyZUxwQmtBNGo1Y0o0Q3lFYlc0ZU5yODRoLW9DdFA0ZWFXZFVkdU5zVE5rUGNKTWJYUURhRWQ4eWVmdDN3LUtPOWY2UV9lZ0Vwbg?oc=5,"Pria Putus Tangan di Aceh Besar, KontraS Desak Usut Pelaku Kekerasan » - dialeksis.com",news.google.com,extraction_failed,2026-08-31 23:33:54
https://news.google.com/rss/articles/CBMiogFBVV95cUxOYm1LcVFiaXlodHJSbmlPNVNRek5qOWZfRXRfdDNEMEQ4WTFKNXpOUU5HS3hMdG53OS1feXAzV2pfSC1CZ0FRSmM0M3JZelIyeU9ia1VNMWNTZzRvcEVsMTVWekl6TlN4THk1RHJyVGp4blVJc0V6bW9xUmVScTlkdE5RY0JkRjJKWWpBU0luSkNaeUpEd3JWSWZHdWJBNFY0YlE?oc=5,https://news.google.com/rss/articles/CBMiogFBVV95cUxOYm1LcVFiaXlodHJSbmlPNVNRek5qOWZfRXRfdDNEMEQ4WTFKNXpOUU5HS3hMdG53OS1feXAzV2pfSC1CZ0FRSmM0M3JZelIyeU9ia1VNMWNTZzRvcEVsMTVWekl6TlN4THk1RHJyVGp4blVJc0V6bW9xUmVScTlkdE5RY0JkRjJKWWpBU0luSkNaeUpEd3JWSWZHdWJBNFY0YlE?oc=5,Menteri UMKM: Marketplace yang Abaikan Produk Lokal akan Ditutup - Tempo.co,news.google.com,extraction_failed,2026-08-31 23:33:54
https://news.google.com/rss/articles/CBMiqAFBVV95cUxPa2xmZ0M3aHNmcDJCZHRhR25tLUFNcHM1cVExRVdXbDl5djVQbUtnaVh3QjBwXzBFRmxZZHdKRDNJUFpZaU1uUGx0cUxsbG5wSjMyTjUyNUFXQ0N3Wk01TUVjR0xnMDliVHZtQjhmT3ZOMm96b1VoSHpWM0VMc0hCR09JQUNUdVVXMFZ2V3RIMVJoNXExMEFNWFdfS01GNkQ5RmRfLW9uU0Q?oc=5,https://news.google.com/rss/articles/CBMiqAFBVV95cUxPa2xmZ0M3aHNmcDJCZHRhR25tLUFNcHM1cVExRVdXbDl5djVQbUtnaVh3QjBwXzBFRmxZZHdKRDNJUFpZaU1uUGx0cUxsbG5wSjMyTjUyNUFXQ0N3Wk01TUVjR0xnMDliVHZtQjhmT3ZOMm96b1VoSHpWM0VMc0hCR09JQUNUdVVXMFZ2V3RIMVJoNXExMEFNWFdfS01GNkQ5RmRfLW9uU0Q?oc=5,Pertamina Bekali UMKM Binaan dengan Pelatihan Fotografi Produk - ACEH BISNIS,news.google.com,extraction_failed,2026-08-31 23:33:54
https://news.google.com/rss/articles/CBMisAFBVV95cUxOY3ZLLVJ1TjVYVGhURzh1Wm5KQUhVQU1BMFFWbDF1T3c4Ml9EMTM4SkZJM1c3Q3NrN3ZLMWYyQ3AwRHBwSGMwRWpjVWt3S3psZXBJcGlNQlZBSzJnaGJ4dmdLa1ZPZ2laUzhEc0VCeDlqLXZlek1nZjdBT2lORTZ1MWlianpQQnBxOGZZaU1Wd1lsT21MUnZQY1RuMGw1dGF3RmNzMS1TZjFQNjE3cFJ0S9IBtgFBVV95cUxNNDFWS2VIQ05CM1Jfb1dNWUJvNW90QmdzUFZQTkJkWFNnSXZ6eDUzeXF5aklldlE2SURldWxvUFE2N29WTmhacWpqVFY4R25SRHQ5cHFrZ1I0SjBTNzR6d0llYTBLT1RrSFhxVjVmdkFPOE9yd3dPZVFHZ19FcG1sbFh6UGFoZDVWeXlWaFpPWjBBNVRjaHcxNW9xaXpMa2ptbmxfZGJpSUVUMUpHUWtqUURuaDFYQQ?oc=5,https://news.google.com/rss/articles/CBMisAFBVV95cUxOY3ZLLVJ1TjVYVGhURzh1Wm5KQUhVQU1BMFFWbDF1T3c4Ml9EMTM4SkZJM1c3Q3NrN3ZLMWYyQ3AwRHBwSGMwRWpjVWt3S3psZXBJcGlNQlZBSzJnaGJ4dmdLa1ZPZ2laUzhEc0VCeDlqLXZlek1nZjdBT2lORTZ1MWlianpQQnBxOGZZaU1Wd1lsT21MUnZQY1RuMGw1dGF3RmNzMS1TZjFQNjE3cFJ0S9IBtgFBVV95cUxNNDFWS2VIQ05CM1Jfb1dNWUJvNW90QmdzUFZQTkJkWFNnSXZ6eDUzeXF5aklldlE2SURldWxvUFE2N29WTmhacWpqVFY4R25SRHQ5cHFrZ1I0SjBTNzR6d0llYTBLT1RrSFhxVjVmdkFPOE9yd3dPZVFHZ19FcG1sbFh6UGFoZDVWeXlWaFpPWjBBNVRjaHcxNW9xaXpMa2ptbmxfZGJpSUVUMUpHUWtqUURuaDFYQQ?oc=5,"DJP: Aktivasi Coretax mencapai 16,7 juta dan SPT 8,8 juta per 24 Maret - Antara News jatim",news.google.com,extraction_failed,2026-08-31 23:33:54
https://news.google.com/rss/articles/CBMimAFBVV95cUxPNVM5ZTJqMTZIaVlGNWp6R3FEM3k4cHE4QUcxMFNiU1d3RXItaGxMbGNfQWpuV2JDYzM5UFpNT3VEc1pyWnJiU0hDY0RnSUhNd1ZRRjFyUHNWZnQzcU5RYVZhTmVHMjdhd0ZGbl83TkVlVF9zRVJ1LWpCRUtYX3RabFZFVVNNRzNXRG1jNnZGSXljRXpnQUR1ZtIBngFBVV95cUxQZWJJUWJ2ZnBUaVNOWk8wcC1ELUIyNmlmM2k2RXZLWUJxV3NmanZwRGlfd1VtSVc5Z096MDMzMmZlemFGQVFOc2lHUFZ2dVdGcVFBRmhSLXhoZVFNQm81TWJBQ1RDaWgwSlJrdkZSNUhob0trVWNzVDB5MG1PbE51dkRYSzNGVzZBUUROVDdjeG54YzM1NVVmb1ZxcTcwUQ?oc=5,https://news.google.com/rss/articles/CBMimAFBVV95cUxPNVM5ZTJqMTZIaVlGNWp6R3FEM3k4cHE4QUcxMFNiU1d3RXItaGxMbGNfQWpuV2JDYzM5UFpNT3VEc1pyWnJiU0hDY0RnSUhNd1ZRRjFyUHNWZnQzcU5RYVZhTmVHMjdhd0ZGbl83TkVlVF9zRVJ1LWpCRUtYX3RabFZFVVNNRzNXRG1jNnZGSXljRXpnQUR1ZtIBngFBVV95cUxQZWJJUWJ2ZnBUaVNOWk8wcC1ELUIyNmlmM2k2RXZLWUJxV3NmanZwRGlfd1VtSVc5Z096MDMzMmZlemFGQVFOc2lHUFZ2dVdGcVFBRmhSLXhoZVFNQm81TWJBQ1RDaWgwSlJrdkZSNUhob0trVWNzVDB5MG1PbE51dkRYSzNGVzZBUUROVDdjeG54YzM1NVVmb1ZxcTcwUQ?oc=5,Abu vulkanik erupsi Gunung Sinabung sampai ke Aceh - ANTARA News Sumatera Utara,news.google.com,extraction_failed,2026-08-31 23:33:55
https://news.google.com/rss/articles/CBMilgFBVV95cUxQVXhmY1k1aVl4UXRqeVBYdFlaRjFyeDlEbUxRRG80MmV4U2tTZnV0UWZqYWQtVGllUFFpSFlWUFd5ejNCb0JzcFI1Mkp5aFRhS3pQaFczUEZWYy15U0tMQ2pKZ2RtQi0xTWNpMm5pWWhHMWpuUG5TMk1fa2NLSGZyZF9NTmNiR3Y5Um1NMTl6YWFPd2xRd0HSAZsBQVVfeXFMTmlPcERFNDJVY2xfdGNuMG1aVGJ0blc3cVh6blA4SzRjeUowbDExejFVUjZHM2VoZTNwWDlJOEk3VTF4c2oySExOZFd4MUVJbUVNYV9UdGNvaG1BYjF1OEhfdW52WW9HSFNfR2dvYnl4TFViMXh2cWpjVEpZR3JNenhRWkNtOWpoNGdDYXRHbW1zaEVWVExpTGJpTlU?oc=5,https://news.google.com/rss/articles/CBMilgFBVV95cUxQVXhmY1k1aVl4UXRqeVBYdFlaRjFyeDlEbUxRRG80MmV4U2tTZnV0UWZqYWQtVGllUFFpSFlWUFd5ejNCb0JzcFI1Mkp5aFRhS3pQaFczUEZWYy15U0tMQ2pKZ2RtQi0xTWNpMm5pWWhHMWpuUG5TMk1fa2NLSGZyZF9NTmNiR3Y5Um1NMTl6YWFPd2xRd0HSAZsBQVVfeXFMTmlPcERFNDJVY2xfdGNuMG1aVGJ0blc3cVh6blA4SzRjeUowbDExejFVUjZHM2VoZTNwWDlJOEk3VTF4c2oySExOZFd4MUVJbUVNYV9UdGNvaG1BYjF1OEhfdW52WW9HSFNfR2dvYnl4TFViMXh2cWpjVEpZR3JNenhRWkNtOWpoNGdDYXRHbW1zaEVWVExpTGJpTlU?oc=5,"Hati-hati, Ini Modus Penipuan Belanja Online yang Sering Terjadi » - dialeksis.com",news.google.com,extraction_failed,2026-08-31 23:33:55
https://news.google.com/rss/articles/CBMiiAFBVV95cUxPTm44SVRoM2dFTGd6NDJVOHg0ZjkyZTB0cWJTN3lJTHdrOUhFc3BDX05PdE1pczlPWGxxS1VZSzZyNXcyRmVlUGNtMXRlbUR6VWN6UXhaSWdWdFZFc2hST3VrWEw5Wlgza3pRdUpyMlAzWWhmemlSUkc0djFqZk9YRWZERzJsc0dJ0gGOAUFVX3lxTE5hWWNsYnpvS3F3V1djMTdOSnVELXhqcHZiQWc2cm1pVmVmc19ZNzBfTlNiWXE2dW05dDQ3QTdXVUF3aVNUYTdHN0dKRGEzSDlVQkpkUFVrVFNoYnZJMzQ3ZDhkVnVadDNTdk4yT3dCTEFVeTM0dU01NndTUjItTGE0RDZfWU1qelNzREViNHc?oc=5,https://news.google.com/rss/articles/CBMiiAFBVV95cUxPTm44SVRoM2dFTGd6NDJVOHg0ZjkyZTB0cWJTN3lJTHdrOUhFc3BDX05PdE1pczlPWGxxS1VZSzZyNXcyRmVlUGNtMXRlbUR6VWN6UXhaSWdWdFZFc2hST3VrWEw5Wlgza3pRdUpyMlAzWWhmemlSUkc0djFqZk9YRWZERzJsc0dJ0gGOAUFVX3lxTE5hWWNsYnpvS3F3V1djMTdOSnVELXhqcHZiQWc2cm1pVmVmc19ZNzBfTlNiWXE2dW05dDQ3QTdXVUF3aVNUYTdHN0dKRGEzSDlVQkpkUFVrVFNoYnZJMzQ3ZDhkVnVadDNTdk4yT3dCTEFVeTM0dU01NndTUjItTGE0RDZfWU1qelNzREViNHc?oc=5,KontraS Aceh Ingatkan Bahaya TNI Awasi Urusan Pajak » - dialeksis.com,news.google.com,extraction_failed,2026-08-31 23:33:55
https://news.google.com/rss/articles/CBMilAFBVV95cUxNT19fbVByLUlwMGNLMjJkbDBTdFJXY3ltNllQWVNVbTFqZmRvMzZkRndNTDc4UkkwRkdFSVlOVHpPcTZ3VHp4ZEJrYUlvVUR2Rml1aVB6U2JTa1dtWEZKQ29NaktVak1kOE1qLThtRW9ReEQwOXJqcnFGbncwZ2pnTThPUmpfLUxmZTFWSWdVSHVhckdK0gGaAUFVX3lxTE9yenJIOWxnNUd4bVhwM1E2Q01TUzdBZV9uNzlUSmQtaUR3dkxuZk82b29kMlpkT1lULVRFRm1RZEdnZ1RJbTFveGJnUXhIbmltM0lZZEFxZ3g1ZFBkZUpqRnNVXzViMnhZOXU2bTRrU05vOWVlLWducVlYY1dLZS11dDh1SHRMdUlQWW1Bb0xWejBhNEFXdkNoYXc?oc=5,https://news.google.com/rss/articles/CBMilAFBVV95cUxNT19fbVByLUlwMGNLMjJkbDBTdFJXY3ltNllQWVNVbTFqZmRvMzZkRndNTDc4UkkwRkdFSVlOVHpPcTZ3VHp4ZEJrYUlvVUR2Rml1aVB6U2JTa1dtWEZKQ29NaktVak1kOE1qLThtRW9ReEQwOXJqcnFGbncwZ2pnTThPUmpfLUxmZTFWSWdVSHVhckdK0gGaAUFVX3lxTE9yenJIOWxnNUd4bVhwM1E2Q01TUzdBZV9uNzlUSmQtaUR3dkxuZk82b29kMlpkT1lULVRFRm1RZEdnZ1RJbTFveGJnUXhIbmltM0lZZEFxZ3g1ZFBkZUpqRnNVXzViMnhZOXU2bTRrU05vOWVlLWducVlYY1dLZS11dDh1SHRMdUlQWW1Bb0xWejBhNEFXdkNoYXc?oc=5,Pemerintah pastikan uji swab PCR di Aceh gratis - ANTARA News Sumatera Utara,news.google.com,extraction_failed,2026-08-31 23:33:55
https://news.google.com/rss/articles/CBMioAFBVV95cUxOdUNyNjU5U0ExanhHNG15T1FoQzlBazkwZUFYV01YWTBvT1JlRFYzS05jdm5teGQ1RUNGQnk5RzZweDFTWmR0R3RjTndqQXBqVUdHUXhzVVdvSjI3aTlDVjZLN0oxa01qWGNUNTNpeDA1YjRMMFFHdjFQRDdVUW5ZRFhfNWh6Z0dZLXAwb0h5ZmZSZ2FYOHdRd1VnUFQ4STBB0gGmAUFVX3lxTE80T3ZnNU5GNFBGWk9la0ExOUNNemtWQXV0OVdsclBndzl2emJKdXlObTNfeG9WbDBvc2xfbGVhdlc2RHR3QTg1bG9oajFCOWYyWURldmFCN0Z3ckJURWRLNldiZ01zLUpHZmZqcXJ2YXV1VXY3VmdQeExjODFkTFVtdWFDYno1b2VGdVlUY0dOdFBPUnJ6dFJaQnlZdWRPN2dxNld3NlE?oc=5,https://news.google.com/rss/articles/CBMioAFBVV95cUxOdUNyNjU5U0ExanhHNG15T1FoQzlBazkwZUFYV01YWTBvT1JlRFYzS05jdm5teGQ1RUNGQnk5RzZweDFTWmR0R3RjTndqQXBqVUdHUXhzVVdvSjI3aTlDVjZLN0oxa01qWGNUNTNpeDA1YjRMMFFHdjFQRDdVUW5ZRFhfNWh6Z0dZLXAwb0h5ZmZSZ2FYOHdRd1VnUFQ4STBB0gGmAUFVX3lxTE80T3ZnNU5GNFBGWk9la0ExOUNNemtWQXV0OVdsclBndzl2emJKdXlObTNfeG9WbDBvc2xfbGVhdlc2RHR3QTg1bG9oajFCOWYyWURldmFCN0Z3ckJURWRLNldiZ01zLUpHZmZqcXJ2YXV1VXY3VmdQeExjODFkTFVtdWFDYno1b2VGdVlUY0dOdFBPUnJ6dFJaQnlZdWRPN2dxNld3NlE?oc=5,"Banjir bandang rusakkan tujuh rumah di Bener Meriah, Aceh - ANTARA News Sumatera Utara",news.google.com,extraction_failed,2026-08-31 23:33:56
https://news.google.com/rss/articles/CBMihAFBVV95cUxNel9TUVBRZEYzSHpvZktFb1VRWU5WNUMxaG02MU96VTAyUXdzRlJ5YVNsb0dNd2ZFd1RRdk1ha3VRRlFGYURYZFEwSFUwcDFnN05CM3A0cjNwWldrN1FHNVliTVpZWUhjMTFaU1gyWTZGV1hYZkY1c19oRHJDaGdXZVgtT2U?oc=5,https://news.google.com/rss/articles/CBMihAFBVV95cUxNel9TUVBRZEYzSHpvZktFb1VRWU5WNUMxaG02MU96VTAyUXdzRlJ5YVNsb0dNd2ZFd1RRdk1ha3VRRlFGYURYZFEwSFUwcDFnN05CM3A0cjNwWldrN1FHNVliTVpZWUhjMTFaU1gyWTZGV1hYZkY1c19oRHJDaGdXZVgtT2U?oc=5,Semerbak Wangi Nilam Aceh Merambah Mancanegara - masakini.co,news.google.com,extraction_failed,2026-08-31 23:33:56
https://news.google.com/rss/articles/CBMipgFBVV95cUxQVEEwLWpoenJPQl8tNHVyRGJBODBnajBNbkxUdWVhYWgzcGltOThZYVJxVVVwaXVxN1QzSl9LckRDTVdIRmVoVGRGNDdtM1pqa0NORmt0Uk1lLXRXMWF6MUZJYjBOZnV0MDYzTTZkeXljUnkwVXFsWHRaQ3VqWVZfN0xmUlQyNjUySFQ4dENoSGdQd1NQZFdMUzYxVVc1MnNlb1IxWEJn0gGrAUFVX3lxTE5BdDRvTmhVZGFBS2NQVFJyb2J6QVNGdU9ZUVdBdmVXdE5ZODJ0QTZaSXdOelBkTDE3NGg3b1VuZXE0cEUzUWdEMENHcFFvMFlGendrU08tZlVGb3hFX2VFUW9PNUZRRHBJeHY0d2VZeGtucldzUlA0VmFSREtSMUp3Q2pkek9Delg0dTVXVkVrVFlwX1owQmNvekhRSU9FOXRJMEl6UjBzV3Yydw?oc=5,https://news.google.com/rss/articles/CBMipgFBVV95cUxQVEEwLWpoenJPQl8tNHVyRGJBODBnajBNbkxUdWVhYWgzcGltOThZYVJxVVVwaXVxN1QzSl9LckRDTVdIRmVoVGRGNDdtM1pqa0NORmt0Uk1lLXRXMWF6MUZJYjBOZnV0MDYzTTZkeXljUnkwVXFsWHRaQ3VqWVZfN0xmUlQyNjUySFQ4dENoSGdQd1NQZFdMUzYxVVc1MnNlb1IxWEJn0gGrAUFVX3lxTE5BdDRvTmhVZGFBS2NQVFJyb2J6QVNGdU9ZUVdBdmVXdE5ZODJ0QTZaSXdOelBkTDE3NGg3b1VuZXE0cEUzUWdEMENHcFFvMFlGendrU08tZlVGb3hFX2VFUW9PNUZRRHBJeHY0d2VZeGtucldzUlA0VmFSREtSMUp3Q2pkek9Delg0dTVXVkVrVFlwX1owQmNvekhRSU9FOXRJMEl6UjBzV3Yydw?oc=5,Gubernur Mualem dan SKK Migas Sepakat Bahas Revisi PoD Blok Andaman » - dialeksis.com,news.google.com,extraction_failed,2026-08-31 23:33:56
https://news.google.com/rss/articles/CBMirwFBVV95cUxOUVFwVkZ4b2cyOERFeXd0ZjA5RVpsTWZkMWx3X2dQb2pKQm1vUGthdWhWY0ZrU0tnYzJZZlpfWENGOF9PR0lpSW9uWHdjaU1pc2ItQ19JVW16NjRmZlpyZzhuZ3dCT25QcVN0dmQzX2JFT2NaMlJIUlpGOGxBTzdqWGs3a1dycnFyLUlGTXlNcUxPaDNpQk92d2ZnZUl4NE40NGl5c2dmeVFjN2VEYzk40gGvAUFVX3lxTE1MS29rYUJtU3dTQUp3M3kxdW9udUxXbm5xM0dSNHhtbXNLWlpLM0NGb1BpMVBub0twblV6MkxDYTdxSXpMV2RVckZON2NDSWhlekQyaXA3ck4zS2l6T3ZjVnRUcVppREpXamRJbWs3aHM1QUM5bUU1bldTY3lXR1Jiel80Y19URmRnMF9MaENjYkVyX3B5V1FBT1Q3Smx4aTdDeXlHaU5WMmEweElpMG8?oc=5,https://news.google.com/rss/articles/CBMirwFBVV95cUxOUVFwVkZ4b2cyOERFeXd0ZjA5RVpsTWZkMWx3X2dQb2pKQm1vUGthdWhWY0ZrU0tnYzJZZlpfWENGOF9PR0lpSW9uWHdjaU1pc2ItQ19JVW16NjRmZlpyZzhuZ3dCT25QcVN0dmQzX2JFT2NaMlJIUlpGOGxBTzdqWGs3a1dycnFyLUlGTXlNcUxPaDNpQk92d2ZnZUl4NE40NGl5c2dmeVFjN2VEYzk40gGvAUFVX3lxTE1MS29rYUJtU3dTQUp3M3kxdW9udUxXbm5xM0dSNHhtbXNLWlpLM0NGb1BpMVBub0twblV6MkxDYTdxSXpMV2RVckZON2NDSWhlekQyaXA3ck4zS2l6T3ZjVnRUcVppREpXamRJbWs3aHM1QUM5bUU1bldTY3lXR1Jiel80Y19URmRnMF9MaENjYkVyX3B5V1FBT1Q3Smx4aTdDeXlHaU5WMmEweElpMG8?oc=5,Perkembangan Kelulusan Masuk PTN Jalur Prestasi dan Tes Pelajar Aceh Memuaskan » - dialeksis.com,news.google.com,extraction_failed,2026-08-31 23:33:56
https://news.google.com/rss/articles/CBMiuAFBVV95cUxNR0RDUE1aOGF4VzBOck5ON2hKWnQ0QUFfczRyM2kzd3dXME9fQ21xMS1qSENkN0hWUjkxT3dLUGJkeEZWUno3SndrVUxsd0xZQURLRFVyb1lrVmNObUp1Q1EwM09MYzB6MEVXV1BudHoyVFBFNnY4ZXotbUN5VkpEbHdmZHRCa19jRHVzc25WUTJQN1NGOGxIaWYxR0xpbjNPS0lkZWtDcGhnRmlCS1pySjFkYWFBVkVI0gG-AUFVX3lxTE5WUjRlTGlQT1d1MFdKTnFDTlc5UXg0V0pXdDkxTzA3U2NvMUVRYlBZQWJlSFBnN3FQU0Z0dG5aTHJSN2lMTk5DME45aVBHckF6SG4xRktJeGtoS1NTSXBjTVRxZFpLTUVOSUd0YVdDaEo4V1lFRzJnd3Qyek5CSzEydkgyekJMT1M4RVk3SGMyUnFMZnJkVTJUdm5rRFlWMmc1UHdSSTgwaUdTa3d2MmRIVnN6UzdGazFQLUJCckE?oc=5,https://news.google.com/rss/articles/CBMiuAFBVV95cUxNR0RDUE1aOGF4VzBOck5ON2hKWnQ0QUFfczRyM2kzd3dXME9fQ21xMS1qSENkN0hWUjkxT3dLUGJkeEZWUno3SndrVUxsd0xZQURLRFVyb1lrVmNObUp1Q1EwM09MYzB6MEVXV1BudHoyVFBFNnY4ZXotbUN5VkpEbHdmZHRCa19jRHVzc25WUTJQN1NGOGxIaWYxR0xpbjNPS0lkZWtDcGhnRmlCS1pySjFkYWFBVkVI0gG-AUFVX3lxTE5WUjRlTGlQT1d1MFdKTnFDTlc5UXg0V0pXdDkxTzA3U2NvMUVRYlBZQWJlSFBnN3FQU0Z0dG5aTHJSN2lMTk5DME45aVBHckF6SG4xRktJeGtoS1NTSXBjTVRxZFpLTUVOSUd0YVdDaEo4V1lFRzJnd3Qyek5CSzEydkgyekJMT1M4RVk3SGMyUnFMZnJkVTJUdm5rRFlWMmc1UHdSSTgwaUdTa3d2MmRIVnN6UzdGazFQLUJCckE?oc=5,Aceh dan Iran Perkuat Hubungan Budaya Lewat Diskusi dan Pemutaran Film Khodaye Jang » - dialeksis.com,news.google.com,extraction_failed,2026-08-31 23:33:57
https://news.google.com/rss/articles/CBMiogFBVV95cUxNUnJJdHlCdDY1VEJ5YTZDTTdJeGxtZ1BYQ3ZGVEJwSjZmQnpCZlQ5N2dkTGQzSGRVbXBMZjZBeHZtT3hYalZtTXUtZzhVa1otWDBzeEx1dlF4amdPMHV5NGY1akZDYi1uQTdpY0JvWWZ3OVMtUUVjS1hSdWlUdjgwSUlSck4zU3h4bEV5b1RMdXJTZGE2ZVdIelFCVGZubDRtWVE?oc=5,https://news.google.com/rss/articles/CBMiogFBVV95cUxNUnJJdHlCdDY1VEJ5YTZDTTdJeGxtZ1BYQ3ZGVEJwSjZmQnpCZlQ5N2dkTGQzSGRVbXBMZjZBeHZtT3hYalZtTXUtZzhVa1otWDBzeEx1dlF4amdPMHV5NGY1akZDYi1uQTdpY0JvWWZ3OVMtUUVjS1hSdWlUdjgwSUlSck4zU3h4bEV5b1RMdXJTZGE2ZVdIelFCVGZubDRtWVE?oc=5,Manuskrip dan Mushaf Aceh Dipamerkan di Islamic Arts Museum Malaysia - masakini.co,news.google.com,extraction_failed,2026-08-31 23:33:57
https://news.google.com/rss/articles/CBMipwFBVV95cUxQTF9qeVo5XzlhYUc1cWtwWGZWRmZKbjJnMFBlZ0RwZnA1bURFUV9YNER1NW05Y1ZLdWZXWlJJa081Zlk3Q1VadXhsN2JKRlM2dTlWSzVPQ1JkNWhnMW4xeWdKeXZsdlJHdzhiZWdLbmphWUtYMWVpTzhjcmVacE5BSHhHUlBxNG81UmFvZWQ5a1NSUkNma29mNGc5MHdCclV0TGhPeU5FONIBpAFBVV95cUxOV2RoOFRtOHhNYnNEeWJXblRvLXhvaV8zX0pVNUYzZ0VKZmIyUzJlX1ljN2xQWlVFcUswUGVEcmM2QnJPQ0xxNHRmdU4ycjZtSlBsS21OR2hLRVRYLVBQVHUwcGhnUmtNT29rOEhVbjFLcjNQOFBHcFVnQnEyazZ5Sk52M2hYMlBZUHJoSkxUX0JqR3ZnNHN5VmVOb2NUZ2xMbVJULQ?oc=5,https://news.google.com/rss/articles/CBMipwFBVV95cUxQTF9qeVo5XzlhYUc1cWtwWGZWRmZKbjJnMFBlZ0RwZnA1bURFUV9YNER1NW05Y1ZLdWZXWlJJa081Zlk3Q1VadXhsN2JKRlM2dTlWSzVPQ1JkNWhnMW4xeWdKeXZsdlJHdzhiZWdLbmphWUtYMWVpTzhjcmVacE5BSHhHUlBxNG81UmFvZWQ5a1NSUkNma29mNGc5MHdCclV0TGhPeU5FONIBpAFBVV95cUxOV2RoOFRtOHhNYnNEeWJXblRvLXhvaV8zX0pVNUYzZ0VKZmIyUzJlX1ljN2xQWlVFcUswUGVEcmM2QnJPQ0xxNHRmdU4ycjZtSlBsS21OR2hLRVRYLVBQVHUwcGhnUmtNT29rOEhVbjFLcjNQOFBHcFVnQnEyazZ5Sk52M2hYMlBZUHJoSkxUX0JqR3ZnNHN5VmVOb2NUZ2xMbVJULQ?oc=5,Menkominfo Klaim TikTok Sudah Memiliki Izin sebagai E-commerce - Aceh Online,news.google.com,extraction_failed,2026-08-31 23:33:57
https://news.google.com/rss/articles/CBMitwFBVV95cUxOdE1XWUZEcEF0dmVKUmZYdUdQR0hMWlFLSkpWUXpwTU55MlZYWTdZVjRGVDJZdzIxNmlJMlRYcllVdVdvaVRnTHczRmptc0p4LVN0Y2NocDRNd3FuWEdwWEZoOEU2cTYyRE84RXNjbUNVUVpwRF9rY28xSlM5b3FEV1BxWFpzdF80cXQtckpvWU03VGtQNU9oU2ZZVFpCUHdST1VMaENYWkFoSTdsYS1JVmZHdVhaX0XSAbwBQVVfeXFMTXhISkt5cWstQTJkVTdFWjRkYzdHaWVmRVJvajMwMkxFanZsb0IzQUFBNEliUXNVNFF0WGc5Zkl1WmtiYmRmSm5zUnJPbWxXSWl1Tks2bm1NUzRSMEpGSmU2ZWd3MEtNWmJmQ0VEWEwxR0trVk4zQUJDVWxKcDFRSV9IVlNFREdhMjBVVWJXR2ZOZEU0ZnFFcjNqalpqRUhBV1pmcHdZWEJxMHRXLWVHZEVRb0ZYMHVQbzEzTHY?oc=5,https://news.google.com/rss/articles/CBMitwFBVV95cUxOdE1XWUZEcEF0dmVKUmZYdUdQR0hMWlFLSkpWUXpwTU55MlZYWTdZVjRGVDJZdzIxNmlJMlRYcllVdVdvaVRnTHczRmptc0p4LVN0Y2NocDRNd3FuWEdwWEZoOEU2cTYyRE84RXNjbUNVUVpwRF9rY28xSlM5b3FEV1BxWFpzdF80cXQtckpvWU03VGtQNU9oU2ZZVFpCUHdST1VMaENYWkFoSTdsYS1JVmZHdVhaX0XSAbwBQVVfeXFMTXhISkt5cWstQTJkVTdFWjRkYzdHaWVmRVJvajMwMkxFanZsb0IzQUFBNEliUXNVNFF0WGc5Zkl1WmtiYmRmSm5zUnJPbWxXSWl1Tks2bm1NUzRSMEpGSmU2ZWd3MEtNWmJmQ0VEWEwxR0trVk4zQUJDVWxKcDFRSV9IVlNFREdhMjBVVWJXR2ZOZEU0ZnFFcjNqalpqRUhBV1pmcHdZWEJxMHRXLWVHZEVRb0ZYMHVQbzEzTHY?oc=5,PJ Gubernur Aceh Minta Seluruh SKPA Percepat Pengadaan Barang/Jasa dan Realisasi Anggaran » - dialeksis.com,news.google.com,extraction_failed,2026-08-31 23:33:57
https://news.google.com/rss/articles/CBMirwFBVV95cUxONWtCbTBOSklHUER4X0VlNVY4MW1pbHlnLVE4SVBtUnJjdktPTUJpNEYzblZ2TnpCMlBuUjJ3ck5IYTBJdWItVURQczgtT0NseXhfbmNrQnpORWRTdzUtRFgxYmczWENfR0ZmMG9yNHE3bER3VG5zalZ5MTJQNU16YzAwZ1ZVaWF1ZXA5dDVaTEtiUjBhTEJ4VTY3SGx0LXJlZF9ZSklPbEphaHNKVXdn0gGvAUFVX3lxTE41a0JtME5KSUdQRHhfRWU1VjgxbWlseWctUThJUG1ScmN2S09NQmk0RjNuVnZOekIyUG5SMndyTkhhMEl1Yi1VRFBzOC1PQ2x5eF9uY2tCek5FZFN3NS1EWDFiZzNYQ19HRmYwb3I0cTdsRHdUbnNqVnkxMlA1TXpjMDBnVlVpYXVlcDl0NVpMS2JSMGFMQnhVNjdIbHQtcmVkX1lKSU9sSmFoc0pVd2c?oc=5,https://news.google.com/rss/articles/CBMirwFBVV95cUxONWtCbTBOSklHUER4X0VlNVY4MW1pbHlnLVE4SVBtUnJjdktPTUJpNEYzblZ2TnpCMlBuUjJ3ck5IYTBJdWItVURQczgtT0NseXhfbmNrQnpORWRTdzUtRFgxYmczWENfR0ZmMG9yNHE3bER3VG5zalZ5MTJQNU16YzAwZ1ZVaWF1ZXA5dDVaTEtiUjBhTEJ4VTY3SGx0LXJlZF9ZSklPbEphaHNKVXdn0gGvAUFVX3lxTE41a0JtME5KSUdQRHhfRWU1VjgxbWlseWctUThJUG1ScmN2S09NQmk0RjNuVnZOekIyUG5SMndyTkhhMEl1Yi1VRFBzOC1PQ2x5eF9uY2tCek5FZFN3NS1EWDFiZzNYQ19HRmYwb3I0cTdsRHdUbnNqVnkxMlA1TXpjMDBnVlVpYXVlcDl0NVpMS2JSMGFMQnhVNjdIbHQtcmVkX1lKSU9sSmFoc0pVd2c?oc=5,Ukurmah Suda : Memanfaatkan Marketplace Untuk Jualan Kerajinan Boneka Kayu - youngster.id,news.google.com,extraction_failed,2026-08-31 23:33:57
https://news.google.com/rss/articles/CBMickFVX3lxTE5QUXZtSXpIQnlsZzBYXzZxZUlRVHI1c2RLRFc1d1JFWDl6Snh0b3piOTZ3M1hXWFZpdVl3VU5WUlBubHdwWFQyR2pwTXlfWHp4Wi1ESFR6TVM3OXlPV3pqeC14UlB1QkgzSUpJeTVTcUU2d9IBd0FVX3lxTFBoQXFia1RDU3FHdy1aQ2t1Z09aWUNQc2ZIeHRORlJEWS10YjJqNlkwVkVja3pJN1J2ODZaa3Y2V3U5TlllcG5jQkY1ejlUX1pHWTJtdzZacW5qQzBCeURLRGFtN3ZJaHNDN1hQUTFTNHNJZEFqLV9r?oc=5,https://news.google.com/rss/articles/CBMickFVX3lxTE5QUXZtSXpIQnlsZzBYXzZxZUlRVHI1c2RLRFc1d1JFWDl6Snh0b3piOTZ3M1hXWFZpdVl3VU5WUlBubHdwWFQyR2pwTXlfWHp4Wi1ESFR6TVM3OXlPV3pqeC14UlB1QkgzSUpJeTVTcUU2d9IBd0FVX3lxTFBoQXFia1RDU3FHdy1aQ2t1Z09aWUNQc2ZIeHRORlJEWS10YjJqNlkwVkVja3pJN1J2ODZaa3Y2V3U5TlllcG5jQkY1ejlUX1pHWTJtdzZacW5qQzBCeURLRGFtN3ZJaHNDN1hQUTFTNHNJZEFqLV9r?oc=5,Telkom tutup Blanja.com - ANTARA News Aceh,news.google.com,extraction_failed,2026-08-31 23:33:58
https://news.google.com/rss/articles/CBMid0FVX3lxTE9OVHluMDdDZ2JVM2trQXljX2Z1eUpVR1BqUlp3dGNpamkwQUFlOWdGMk1UOXFnd1lsYWhnTVd3T19uSlU3OVJyM1hhOUxybzJTN2RKbXFheEZySGZPVjNZUnUtZXFPX1ZibFMxS0lWb3FBS3hJSVFN?oc=5,https://news.google.com/rss/articles/CBMid0FVX3lxTE9OVHluMDdDZ2JVM2trQXljX2Z1eUpVR1BqUlp3dGNpamkwQUFlOWdGMk1UOXFnd1lsYWhnTVd3T19uSlU3OVJyM1hhOUxybzJTN2RKbXFheEZySGZPVjNZUnUtZXFPX1ZibFMxS0lWb3FBS3hJSVFN?oc=5,Cara Berjualan di Shopee - acehstandar.com,news.google.com,extraction_failed,2026-08-31 23:33:58
https://news.google.com/rss/articles/CBMisgFBVV95cUxNQVZMdXo4aHY3X3h0cFE3NHNIa3dVU1JvYUE1aG1MTjAwU0U1QUdKbjRrNVhZRmFOX3pMclJtLUlYUjBLeGxlcEZ0cEJYXzJJSlFBLU1qR3Azbko1OHFJVldlekhJTTBQUHpSUmZrYldsdnRBaVNZS2wwZjk1VUxrRVJsQWt0eG85RFlkRm5nU01pY2c3Tjl1QWJSRXhRMlpteHBURG1JMHU0ZThCdlZuVDhn0gG3AUFVX3lxTE1MeS1qampjQ1pjNFQyTmxHV1FHdWd6YXNheTVaY1A3a1duRzFfUUp4NFVMSUcwbG9Fd1d1QWl2TF9Ga2wzVTFrb29fSE9TZTNSY0JicVBrWVExVDhfcXhkbWNGelVkMnIwVUlmcjVVd1paZUItS0xKOE5WT2xRclhMQkJaLUg3OVV0Wm5OTjJYTlVTUTRnd3U3SWVOMlZZMVQ5VTNkenVjS1ZiRXNBYTBKMV84eUJ4MA?oc=5,https://news.google.com/rss/articles/CBMisgFBVV95cUxNQVZMdXo4aHY3X3h0cFE3NHNIa3dVU1JvYUE1aG1MTjAwU0U1QUdKbjRrNVhZRmFOX3pMclJtLUlYUjBLeGxlcEZ0cEJYXzJJSlFBLU1qR3Azbko1OHFJVldlekhJTTBQUHpSUmZrYldsdnRBaVNZS2wwZjk1VUxrRVJsQWt0eG85RFlkRm5nU01pY2c3Tjl1QWJSRXhRMlpteHBURG1JMHU0ZThCdlZuVDhn0gG3AUFVX3lxTE1MeS1qampjQ1pjNFQyTmxHV1FHdWd6YXNheTVaY1A3a1duRzFfUUp4NFVMSUcwbG9Fd1d1QWl2TF9Ga2wzVTFrb29fSE9TZTNSY0JicVBrWVExVDhfcXhkbWNGelVkMnIwVUlmcjVVd1paZUItS0xKOE5WT2xRclhMQkJaLUg3OVV0Wm5OTjJYTlVTUTRnd3U3SWVOMlZZMVQ5VTNkenVjS1ZiRXNBYTBKMV84eUJ4MA?oc=5,"Bareskrim Polri Ungkap Peretasan Kartu Kredit di Jepang, Kerugian Capai Rp1,6 Miliar » - dialeksis.com",news.google.com,extraction_failed,2026-08-31 23:33:58
https://news.google.com/rss/articles/CBMipgFBVV95cUxPLXN6ckhZTTVXeVJZV2JkUVNqZHNoRGFDQ0o5ZGRSR2VkRUlmdU44d0xteVpTdktpMVZhWFRaUUtwMVBuaWI5Z2x4YUpuTmhIM2t5RTllTlFBOXNWWXhYbmNjS3d4QUYyNWFRa1o3bEZKRC04Y2F1Mm1fbld2blNlMjVPVUp0dWJTOTgzeGJ3cF9kYVUzdkVpVHhSNzhMUUY0eWloaTZn0gGrAUFVX3lxTE51cEJyeDlTMUFjaDVBQmtZSnJHcC1QdUMxem9LcThza0xxZXAxdUVTSlhUX0VFZk1ybnJNUzR1eXFqX2swVzc4VEFOYU0zMlFtVDhsR1dUTm56WDBqcWt6dUhsMFJaWHRhdmRUVTRkVEZOU0VQRDc2RlFnRUplRXdhVWNwYkFvdlNuN25ZZm1RT2c4cVgwbUlpNjhBZzB6X05hVDJGQjZVSjBPbw?oc=5,https://news.google.com/rss/articles/CBMipgFBVV95cUxPLXN6ckhZTTVXeVJZV2JkUVNqZHNoRGFDQ0o5ZGRSR2VkRUlmdU44d0xteVpTdktpMVZhWFRaUUtwMVBuaWI5Z2x4YUpuTmhIM2t5RTllTlFBOXNWWXhYbmNjS3d4QUYyNWFRa1o3bEZKRC04Y2F1Mm1fbld2blNlMjVPVUp0dWJTOTgzeGJ3cF9kYVUzdkVpVHhSNzhMUUY0eWloaTZn0gGrAUFVX3lxTE51cEJyeDlTMUFjaDVBQmtZSnJHcC1QdUMxem9LcThza0xxZXAxdUVTSlhUX0VFZk1ybnJNUzR1eXFqX2swVzc4VEFOYU0zMlFtVDhsR1dUTm56WDBqcWt6dUhsMFJaWHRhdmRUVTRkVEZOU0VQRDc2RlFnRUplRXdhVWNwYkFvdlNuN25ZZm1RT2c4cVgwbUlpNjhBZzB6X05hVDJGQjZVSjBPbw?oc=5,"Aceh Tengah Lakukan Simulasi Penguburan Jenazah Covid-19, APD Belum Sempurna » - dialeksis.com",news.google.com,extraction_failed,2026-08-31 23:33:58
https://news.google.com/rss/articles/CBMinwFBVV95cUxQZTAyVXo5U0QxMTZ1MENCWlJJYmUzWnFxX0FEVmF2bjBCaFd3NVhmYUxzVzNzd1dYMnRwWWxBNVM4SFV2akx0MkwxR0gtcFpKdHBwSmZBMHBOTVJEV2xMcFI5MHpOcXpyNVA3LUF0TE9MX21QUW1wRTRVVEROd2FTLVM4aC1qbi1uek05TmdHTVJwWHRYR2VjUFFOWHROeTA?oc=5,https://news.google.com/rss/articles/CBMinwFBVV95cUxQZTAyVXo5U0QxMTZ1MENCWlJJYmUzWnFxX0FEVmF2bjBCaFd3NVhmYUxzVzNzd1dYMnRwWWxBNVM4SFV2akx0MkwxR0gtcFpKdHBwSmZBMHBOTVJEV2xMcFI5MHpOcXpyNVA3LUF0TE9MX21QUW1wRTRVVEROd2FTLVM4aC1qbi1uek05TmdHTVJwWHRYR2VjUFFOWHROeTA?oc=5,Apa Itu Opensea NFT yang Buat Ghozali Everyday Tajir Mendadak - MODUS ACEH,news.google.com,extraction_failed,2026-08-31 23:33:58
https://news.google.com/rss/articles/CBMiZ0FVX3lxTE1ucDZIb25CQTJyTVA3YzFzM01UY3lDUnc5TXB2WDVBdTFaRWJaN055WVBWRzk3Q09EZzhCM0poZkZrSVMxbGh2T3pieUw0LXVFNWd3SUZiMTIwTUFmd0xMeV9uSEp1Z2fSAWxBVV95cUxOSWxsRS1GajZwM3RMdmk4Z25DdVFkR0paeEp0bEFkUXljcmw3MV9oQ0h4WFdkMDhyd1cwbjBiemh3d3ZuakZIWDdGemVOc3pjNkNwY21Nc2xFRjJTZ2MwZU0wNl9EcjUtSTF1aWI?oc=5,https://news.google.com/rss/articles/CBMiZ0FVX3lxTE1ucDZIb25CQTJyTVA3YzFzM01UY3lDUnc5TXB2WDVBdTFaRWJaN055WVBWRzk3Q09EZzhCM0poZkZrSVMxbGh2T3pieUw0LXVFNWd3SUZiMTIwTUFmd0xMeV9uSEp1Z2fSAWxBVV95cUxOSWxsRS1GajZwM3RMdmk4Z25DdVFkR0paeEp0bEFkUXljcmw3MV9oQ0h4WFdkMDhyd1cwbjBiemh3d3ZuakZIWDdGemVOc3pjNkNwY21Nc2xFRjJTZ2MwZU0wNl9EcjUtSTF1aWI?oc=5,Rp1 Miliar per Huruf - Pikiran Merdeka,news.google.com,extraction_failed,2026-08-31 23:33:59
https://news.google.com/rss/articles/CBMivAFBVV95cUxOSl9zd0FQczRKQW0wanU0TGhCUlVwSktzRkZKdHAyeDMzdVNrbFliWUt5NlduNnpla1I0b19Tdk9OX3BmVnp0Z0N1U0hfRnJoaFNsNDU3NEJ2V0NqMXlueGh2V2JjY1lEYUlHNk1kbjJVMHVUNFZmZm9ZdHp0UTBKSFJRU093UDVTQnl4YS0zVEY2LTZoUUNZWjB3T1pVZkVTdktlZ0R5UEV3Z291OHdIdU5qcUFGUnF3cjZ2dNIBugFBVV95cUxNRXBUeWpiLWVPUWxId2tENk02eE5RR1FFLWtMQVp3eHY1dGs0THhpWWp1YTZQUTZDNmlBM2s4QWY2RVhXbVRjRDB3WWQ1M05QRXI2NHBZRWIxY2d0OFFtc3lSUThJYlo1VHFOVC1wSjNyc0QxVHgtZWZvaVc1cGVYRktrQnFlRmh1SHR2RXRtVTFJVEZfZG9pV0hyLWFvazJBMk1JQTdhUkN2bEEwblNYUVEyVDNDTTMtV1E?oc=5,https://news.google.com/rss/articles/CBMivAFBVV95cUxOSl9zd0FQczRKQW0wanU0TGhCUlVwSktzRkZKdHAyeDMzdVNrbFliWUt5NlduNnpla1I0b19Tdk9OX3BmVnp0Z0N1U0hfRnJoaFNsNDU3NEJ2V0NqMXlueGh2V2JjY1lEYUlHNk1kbjJVMHVUNFZmZm9ZdHp0UTBKSFJRU093UDVTQnl4YS0zVEY2LTZoUUNZWjB3T1pVZkVTdktlZ0R5UEV3Z291OHdIdU5qcUFGUnF3cjZ2dNIBugFBVV95cUxNRXBUeWpiLWVPUWxId2tENk02eE5RR1FFLWtMQVp3eHY1dGs0THhpWWp1YTZQUTZDNmlBM2s4QWY2RVhXbVRjRDB3WWQ1M05QRXI2NHBZRWIxY2d0OFFtc3lSUThJYlo1VHFOVC1wSjNyc0QxVHgtZWZvaVc1cGVYRktrQnFlRmh1SHR2RXRtVTFJVEZfZG9pV0hyLWFvazJBMk1JQTdhUkN2bEEwblNYUVEyVDNDTTMtV1E?oc=5,"Anak di Banda Aceh Terlibat 20 Kasus Curanmor, Motor Curian Dijual di Marketplace - theacehpost.com",news.google.com,extraction_failed,2026-08-31 23:33:59
https://news.google.com/rss/articles/CBMiuAFBVV95cUxOWVAyREEzaFNwcEUxMWJHQW1WRjgtdVRDdWtoakp2a0haSldac250Q3NPaVh4RTdsZld1TmI0WG1wcDRaNlFSXzdrSGZJV1Bmb25OVGt5U3lMYjk5TmhwZ2tpZU9nQWJ1Unp4X1RremFRd2hmYVByblY0TF82dks3MmVoOTNfMGlQcDNVQ3Zub3lLWVNqWE9mUFlscWh1SDJyU2lwNnNQWUJJLUNYR0lJV1Nra2Y4aHRj?oc=5,https://news.google.com/rss/articles/CBMiuAFBVV95cUxOWVAyREEzaFNwcEUxMWJHQW1WRjgtdVRDdWtoakp2a0haSldac250Q3NPaVh4RTdsZld1TmI0WG1wcDRaNlFSXzdrSGZJV1Bmb25OVGt5U3lMYjk5TmhwZ2tpZU9nQWJ1Unp4X1RremFRd2hmYVByblY0TF82dks3MmVoOTNfMGlQcDNVQ3Zub3lLWVNqWE9mUFlscWh1SDJyU2lwNnNQWUJJLUNYR0lJV1Nra2Y4aHRj?oc=5,"Kegiatan PNM Mekaar Idi Rayeuk Berlangsung Sukses, 50 Ketua Kelompok Terima Paket Sembako - Bursa Kota",news.google.com,extraction_failed,2026-08-31 23:33:59
https://news.google.com/rss/articles/CBMilAFBVV95cUxPX3l2ZGZXRHlyVDJ0ZjZXOXJDS0gwMlR0WVA4ejlIZEpWVkp5ZnlqMktVQWtsdmh1Ulp2VUpTSkNsa1RaM3hVbjZRNFRiZTVOWkswZDcyRUlDeUVYZGVLcFFqeWVqT3JwMHgwdkx3ajVEX3k2czBVSDlRREhscWRheDdoZFVqT2xqQkNnQkoxODNfZWRL0gGSAUFVX3lxTFBkb1dOLXJ0ZVZfa3UwVE9HeTJZTU5BMUJqSGpadWNZTVpOTC04eTUzR2d2NF84Y1MyeUZHZUlIRnpDYk9oZUkwbkFkZjd2b3VVOFB1LXFhZE5MS0JRWDctLTRDVWtWbmVQQ1VKdWRWVDBZUG9HSS0xTHdzOUFiMmo1LS1yb3U1ZUthNlVvaHRFTkxB?oc=5,https://news.google.com/rss/articles/CBMilAFBVV95cUxPX3l2ZGZXRHlyVDJ0ZjZXOXJDS0gwMlR0WVA4ejlIZEpWVkp5ZnlqMktVQWtsdmh1Ulp2VUpTSkNsa1RaM3hVbjZRNFRiZTVOWkswZDcyRUlDeUVYZGVLcFFqeWVqT3JwMHgwdkx3ajVEX3k2czBVSDlRREhscWRheDdoZFVqT2xqQkNnQkoxODNfZWRL0gGSAUFVX3lxTFBkb1dOLXJ0ZVZfa3UwVE9HeTJZTU5BMUJqSGpadWNZTVpOTC04eTUzR2d2NF84Y1MyeUZHZUlIRnpDYk9oZUkwbkFkZjd2b3VVOFB1LXFhZE5MS0JRWDctLTRDVWtWbmVQQ1VKdWRWVDBZUG9HSS0xTHdzOUFiMmo1LS1yb3U1ZUthNlVvaHRFTkxB?oc=5,Pasutri Penadah Motor Curian di Banda Aceh Dibekuk - theacehpost.com,news.google.com,extraction_failed,2026-08-31 23:33:59
https://news.google.com/rss/articles/CBMijgFBVV95cUxQX3Bsd0F0MUdqeWxfcWVac2s5cEpLUnVPOHhpbUw5NlhPU1ZzVkRrNE14NE5FUmVQazZqOG8wYUVJTHIxd085RkphQWpUT25xTTV0YXJsdWFHVGxPZzB1NEg1UXprd2R2dV9lZm1BZ3FUMDFRNWNUUWVuYllmYjkzaDE2ZlN5SjFGa2loRVR3?oc=5,https://news.google.com/rss/articles/CBMijgFBVV95cUxQX3Bsd0F0MUdqeWxfcWVac2s5cEpLUnVPOHhpbUw5NlhPU1ZzVkRrNE14NE5FUmVQazZqOG8wYUVJTHIxd085RkphQWpUT25xTTV0YXJsdWFHVGxPZzB1NEg1UXprd2R2dV9lZm1BZ3FUMDFRNWNUUWVuYllmYjkzaDE2ZlN5SjFGa2loRVR3?oc=5,Disperindag Aceh Dukung Penuh UMK Jadi Raja di Marketplace Lokal - Pos Aceh,news.google.com,extraction_failed,2026-08-31 23:34:00
https://news.google.com/rss/articles/CBMihgFBVV95cUxQam9DMEtibDc0NjdqdE0wOWNSNC1VRm4tcGphVWRBcGs2MGJENFo4NTVGSElHYkw2dzFSREhpQkJ4R2pnMWV2RUVzdzM1LVlLQ3NUSVd3UlVFWUJqallFNDJxbDVQZ3c4Mm1Xdy1MSW0zTElSOEdDVVBVSEtWV2N1NmlzdExEUQ?oc=5,https://news.google.com/rss/articles/CBMihgFBVV95cUxQam9DMEtibDc0NjdqdE0wOWNSNC1VRm4tcGphVWRBcGs2MGJENFo4NTVGSElHYkw2dzFSREhpQkJ4R2pnMWV2RUVzdzM1LVlLQ3NUSVd3UlVFWUJqallFNDJxbDVQZ3c4Mm1Xdy1MSW0zTElSOEdDVVBVSEtWV2N1NmlzdExEUQ?oc=5,Aceh dan Amanah Indonesia Emas 2045 - Serambinews.com,news.google.com,extraction_failed,2026-08-31 23:34:00
https://news.google.com/rss/articles/CBMiugFBVV95cUxQcUxSNXEtYVRVdl91ajhSVjZUWWg3ZkpuWUtGdnBncTN6SGZPX2pKcUg4R2lpNUJIM3Jhdi1TcVRzc1BfenFwS0tMa0twVDZzSTFNUl9aZ05rckxyd203M1p1X281cU9ZaU9wcTVEdkRtQzVtMnJiUkpEYTRpUlNuRTBNT2poU0tSWHVTNEs3NVV6UUx1amRURUM5UEZGRVI4YkItWWFFQlEzbUF4S0lwVXBZdmY5bG9id1E?oc=5,https://news.google.com/rss/articles/CBMiugFBVV95cUxQcUxSNXEtYVRVdl91ajhSVjZUWWg3ZkpuWUtGdnBncTN6SGZPX2pKcUg4R2lpNUJIM3Jhdi1TcVRzc1BfenFwS0tMa0twVDZzSTFNUl9aZ05rckxyd203M1p1X281cU9ZaU9wcTVEdkRtQzVtMnJiUkpEYTRpUlNuRTBNT2poU0tSWHVTNEs3NVV6UUx1amRURUM5UEZGRVI4YkItWWFFQlEzbUF4S0lwVXBZdmY5bG9id1E?oc=5,Pemerintah Wajibkan Marketplace Beri Diskon Biaya Layanan 50 Persen untuk UMK - Serambinews.com,news.google.com,extraction_failed,2026-08-31 23:34:00
https://news.google.com/rss/articles/CBMi4wFBVV95cUxQekx2ZzVEVm0ySktSRzRqdDFmeUQyWkl5Yi1IVWFtaUF3QVlMZ01lWWVmalgxUThEbzhQeTBEenlKTnlMdWlWY1NtY2RuVXpNTTVuREQwSUMzTGFiMWNBa2JWMThXc3FieDZkZGxKN3J5aG51a1A2cTVkSmZLa3gwZlpKWTN1S2ZFenhvWWFjcXZfS3BtYXNuV2IteGd4X1F6MnltSGxlczEyLWx4azNxcDNUM0VRUDFlSW1QUS1XNUR3elNNaWZLaWxWdWM2eUc4cVhSUmRxV2ZKWlNDWHh4OE40ONIB6AFBVV95cUxNbmtnS003WXlDRl9QelpfM0E0WHFjWFZNSGxKVV9vYUdNT0haOUNnSzBqUXRwYk1vQWhkSHdBam0ybS1TRDZUMXdWNEE3ckIxcU9CTjhKYTctSUpyVTlCRWRUSjQ4UzFNVV9tdkEyV0Fxd2dRcE5xaXdldFZVVFQtSFVLWVBWWlNkUzFjcFE2eGd1MUNSTFhqUHctczdHTEI5VThDUUR2bjdGWTVZcnY0YTBIMEt0Yi15RXBvQThOcDNkV2x4YkR5ZlZSRWtTUjU4WHJoRzVYSmo0T1ZTal9ISEdfY0JHZ3Rw?oc=5,https://news.google.com/rss/articles/CBMi4wFBVV95cUxQekx2ZzVEVm0ySktSRzRqdDFmeUQyWkl5Yi1IVWFtaUF3QVlMZ01lWWVmalgxUThEbzhQeTBEenlKTnlMdWlWY1NtY2RuVXpNTTVuREQwSUMzTGFiMWNBa2JWMThXc3FieDZkZGxKN3J5aG51a1A2cTVkSmZLa3gwZlpKWTN1S2ZFenhvWWFjcXZfS3BtYXNuV2IteGd4X1F6MnltSGxlczEyLWx4azNxcDNUM0VRUDFlSW1QUS1XNUR3elNNaWZLaWxWdWM2eUc4cVhSUmRxV2ZKWlNDWHh4OE40ONIB6AFBVV95cUxNbmtnS003WXlDRl9QelpfM0E0WHFjWFZNSGxKVV9vYUdNT0haOUNnSzBqUXRwYk1vQWhkSHdBam0ybS1TRDZUMXdWNEE3ckIxcU9CTjhKYTctSUpyVTlCRWRUSjQ4UzFNVV9tdkEyV0Fxd2dRcE5xaXdldFZVVFQtSFVLWVBWWlNkUzFjcFE2eGd1MUNSTFhqUHctczdHTEI5VThDUUR2bjdGWTVZcnY0YTBIMEt0Yi15RXBvQThOcDNkV2x4YkR5ZlZSRWtTUjU4WHJoRzVYSmo0T1ZTal9ISEdfY0JHZ3Rw?oc=5,Bejat! Sopir Truk Diduga Perkosa Mahasiswi Penumpang di Tengah Kepungan Banjir Aceh Tamiang - Jakarta Kota - Pikiran-Rakyat.com,news.google.com,extraction_failed,2026-08-31 23:34:00
https://news.google.com/rss/articles/CBMixwFBVV95cUxOb2JRTEc1TW50eTdhN05zQkZVZGdCM1NDeEQ2QVZ2TDlxaFdOQzdyVGVyTDZmOTMwb3ZJR0lsYUZobkRjZkM3YlhDQThMN2REZzdFQW1mRmxxaEJValN2ZTgwSmwtYzl5X3VobmdqZWJSdG9OT29ES0JjZHV6UndsdXpINXY2clV1Zi1VNzBfSkQ5emhjZEM1bUhiRml6STJ2LXlLVzFvQUVjSHI2OGg1azlGS0tLRDY2cDI4ZXBoaDJsMzZyMExV?oc=5,https://news.google.com/rss/articles/CBMixwFBVV95cUxOb2JRTEc1TW50eTdhN05zQkZVZGdCM1NDeEQ2QVZ2TDlxaFdOQzdyVGVyTDZmOTMwb3ZJR0lsYUZobkRjZkM3YlhDQThMN2REZzdFQW1mRmxxaEJValN2ZTgwSmwtYzl5X3VobmdqZWJSdG9OT29ES0JjZHV6UndsdXpINXY2clV1Zi1VNzBfSkQ5emhjZEM1bUhiRml6STJ2LXlLVzFvQUVjSHI2OGg1azlGS0tLRDY2cDI4ZXBoaDJsMzZyMExV?oc=5,"Bukalapak Tutup Jualan Online Layanan Marketplace, Fokus Jualan Pulsa hingga Token Listrik - Serambinews.com",news.google.com,extraction_failed,2026-08-31 23:34:00
https://news.google.com/rss/articles/CBMisgFBVV95cUxPTmpqYlpGQjR6andSRG5LbWRrUE53MHhVSVFwMnZJb2k2eFR3bXhEUXB0S1VITFZlNThac0dGdmhNUkNnbGhzMnowS2hwTk9uSDYzbklNMmtJU1ItM1lSa2xwbl9RRDZ3LWJBajl6amZacWYtalBjaUd0ZTAyM3B3Y2wzWFNTR2NCOUFCeFhxQjhHeElqQ19VMUZ5dC1HX2RHdjc1YWgzNDlHXzBSQzBVVHJB0gGvAUFVX3lxTFBiNGFaS1owY3lxdURtZWJ5b1lmYThQX19COENMU1ZyRGU4dnVjbl9FcXhfWHVqTDFSZDNzNmJtb0g5N2FzeDliZXprN1o3MWhlUjV4dkFPMWo5VDVUYmVwN2ZtMXU0UlNCaFkwMDBMMl9DdjAtUS0tVXZmSmxYQkcyMFFWWGZUV19URFQ0cjJMdVpXUkJmQlFIUXFzYmlVY25QZHhrTThlZVp4ajU0b1E?oc=5,https://news.google.com/rss/articles/CBMisgFBVV95cUxPTmpqYlpGQjR6andSRG5LbWRrUE53MHhVSVFwMnZJb2k2eFR3bXhEUXB0S1VITFZlNThac0dGdmhNUkNnbGhzMnowS2hwTk9uSDYzbklNMmtJU1ItM1lSa2xwbl9RRDZ3LWJBajl6amZacWYtalBjaUd0ZTAyM3B3Y2wzWFNTR2NCOUFCeFhxQjhHeElqQ19VMUZ5dC1HX2RHdjc1YWgzNDlHXzBSQzBVVHJB0gGvAUFVX3lxTFBiNGFaS1owY3lxdURtZWJ5b1lmYThQX19COENMU1ZyRGU4dnVjbl9FcXhfWHVqTDFSZDNzNmJtb0g5N2FzeDliZXprN1o3MWhlUjV4dkFPMWo5VDVUYmVwN2ZtMXU0UlNCaFkwMDBMMl9DdjAtUS0tVXZmSmxYQkcyMFFWWGZUV19URFQ0cjJMdVpXUkJmQlFIUXFzYmlVY25QZHhrTThlZVp4ajU0b1E?oc=5,Baju Bangkok Masih Mendominasi Tren Fesyen Ramadan dan Lebaran 2025 di Aceh - BITHE.co,news.google.com,extraction_failed,2026-08-31 23:34:01
https://news.google.com/rss/articles/CBMi0wFBVV95cUxNRmZ4T2JVUUh1TnYyNUpTdUNzTS1hRTd4OGQ1TWh1QVFaNWl5QUE4UktZWGlSdDdIS0QxSzd0c1NYTHR4SURIQnJDQjltRFNNX2l2TWExUnFROVRZbGViVHI4QzFZaVMtSk9fMUtBNWRpZVlxNkRHN2Z2bkRwNENYUDJ1TkxXdzI5N0ptQVFUT3M2cVFtbjd2TjB0TFhGMmR6Qm5tVXBiaUZ1YndqSDZtc1EwU2ZNeXgtY1EzdWNhRDF5S2dnU2Z6b2ZkWXlVNW53YVE0?oc=5,https://news.google.com/rss/articles/CBMi0wFBVV95cUxNRmZ4T2JVUUh1TnYyNUpTdUNzTS1hRTd4OGQ1TWh1QVFaNWl5QUE4UktZWGlSdDdIS0QxSzd0c1NYTHR4SURIQnJDQjltRFNNX2l2TWExUnFROVRZbGViVHI4QzFZaVMtSk9fMUtBNWRpZVlxNkRHN2Z2bkRwNENYUDJ1TkxXdzI5N0ptQVFUT3M2cVFtbjd2TjB0TFhGMmR6Qm5tVXBiaUZ1YndqSDZtc1EwU2ZNeXgtY1EzdWNhRDF5S2dnU2Z6b2ZkWXlVNW53YVE0?oc=5,"Kisah Anton, Modal Rp200 Ribu FB Ads Kini Terima Orderan 11000 Paket/Bulan Jual Batik di Marketplace - Serambinews.com",news.google.com,extraction_failed,2026-08-31 23:34:01
https://news.google.com/rss/articles/CBMivwFBVV95cUxQZ0dhV1BOR3lkS2pieExGMllpaDlaYWp1M0JtTnVLQV9CdzllekF2bm5mS0R5N04xaUp5Y0VaZGpYdXQ1R0pTSzFuRks1RmpHUmtOY3huLVpsT0NSa3hNR1Jnd3F2YUtnZEhuQWQ2dW0wNlBmS1NSNW8yc216RXA2ZjRlMDRWb3pwSWFxTW5LOFJTMkFwaGl1NHRKUkFTejh0X3BSV0cwRmEtd1JTblRmWGZZb192UE53amRydGxnWQ?oc=5,https://news.google.com/rss/articles/CBMivwFBVV95cUxQZ0dhV1BOR3lkS2pieExGMllpaDlaYWp1M0JtTnVLQV9CdzllekF2bm5mS0R5N04xaUp5Y0VaZGpYdXQ1R0pTSzFuRks1RmpHUmtOY3huLVpsT0NSa3hNR1Jnd3F2YUtnZEhuQWQ2dW0wNlBmS1NSNW8yc216RXA2ZjRlMDRWb3pwSWFxTW5LOFJTMkFwaGl1NHRKUkFTejh0X3BSV0cwRmEtd1JTblRmWGZZb192UE53amRydGxnWQ?oc=5,"Kriteria Toko Online di Marketplace yang Kena atau Bebas Pajak 0,5 Persen, Siapa Saja? - Serambinews.com",news.google.com,extraction_failed,2026-08-31 23:34:01
https://news.google.com/rss/articles/CBMilgFBVV95cUxNeEppNXYxbi1yZU5kZ2hOcEpvd092UkhRQWZPVHpxRjNEWEQwTG5WeDJ4dFdDOFQ2dWZybmZsdTkxR08yLURmQlMyUHctTDdJZlBuUFVOWWRqSHgxVFZZR0Z5dEtJdDNzZVJ0bnBQNlMyVzRiWFJDZjZSSkowSzh0Ymg5YTdUMnJEaXJxMkczN1VHWkh6aHc?oc=5,https://news.google.com/rss/articles/CBMilgFBVV95cUxNeEppNXYxbi1yZU5kZ2hOcEpvd092UkhRQWZPVHpxRjNEWEQwTG5WeDJ4dFdDOFQ2dWZybmZsdTkxR08yLURmQlMyUHctTDdJZlBuUFVOWWRqSHgxVFZZR0Z5dEtJdDNzZVJ0bnBQNlMyVzRiWFJDZjZSSkowSzh0Ymg5YTdUMnJEaXJxMkczN1VHWkh6aHc?oc=5,Mengapa Usaha Online Didata dalam Sensus Ekonomi? - BeritaSatu.com,news.google.com,extraction_failed,2026-08-31 23:34:01
https://news.google.com/rss/articles/CBMirgFBVV95cUxQZEFiNzNDMnU3UWd4YVNocUpCMUo5LTlCLWxlU0h2d2VFaFlRZG12Z21jSlBRYVRycklIZG9rVGFDaWNqMjd6NnJNOWhURjh4c2YzX3JicDNoLXh5eHl1d2ltY3FQZTJyOFRNcE9ZTnRueldzc3BURHZnMGY5Z1RIUDA4dWcwNE05YmFrUHkzc3MtR1ZGQWdEYjNFeWxNRGUwRVhYbHY1R3NXcHh4d3c?oc=5,https://news.google.com/rss/articles/CBMirgFBVV95cUxQZEFiNzNDMnU3UWd4YVNocUpCMUo5LTlCLWxlU0h2d2VFaFlRZG12Z21jSlBRYVRycklIZG9rVGFDaWNqMjd6NnJNOWhURjh4c2YzX3JicDNoLXh5eHl1d2ltY3FQZTJyOFRNcE9ZTnRueldzc3BURHZnMGY5Z1RIUDA4dWcwNE05YmFrUHkzc3MtR1ZGQWdEYjNFeWxNRGUwRVhYbHY1R3NXcHh4d3c?oc=5,Muslem Yacob Terpilih Sebagai Ketua Umum KB PII Aceh - AnalisaDaily.com,news.google.com,extraction_failed,2026-08-31 23:34:02
https://news.google.com/rss/articles/CBMiqgFBVV95cUxNRllRelcyNkY4eHBOcU95RnhWQkkxd2dXZWVWS3pfdkRabjk2SVJfVkFxYVpzLUNpN096NkpRaFo3eFFoMmJuc0lxZjd6V2l0ZllHOHlaTE4wSnBkNDdTU3NsYW9EZ3RfN2g0M0ZvVEhXUTJlUFdIbUZOT3ZBS29jTDZ3d0Utb3dUa01McXBtLURGRjQ2b1pCSnY5b1d6RnlRelJoOFBBSXlxZw?oc=5,https://news.google.com/rss/articles/CBMiqgFBVV95cUxNRllRelcyNkY4eHBOcU95RnhWQkkxd2dXZWVWS3pfdkRabjk2SVJfVkFxYVpzLUNpN096NkpRaFo3eFFoMmJuc0lxZjd6V2l0ZllHOHlaTE4wSnBkNDdTU3NsYW9EZ3RfN2g0M0ZvVEhXUTJlUFdIbUZOT3ZBS29jTDZ3d0Utb3dUa01McXBtLURGRjQ2b1pCSnY5b1d6RnlRelJoOFBBSXlxZw?oc=5,Peunayan Salah Satu Desa Penghasil Kelapa di Nisam Aceh Utara - RRI.co.id,news.google.com,extraction_failed,2026-08-31 23:34:02
https://news.google.com/rss/articles/CBMiiAFBVV95cUxQa3kwcEtIbFZpcHdLOEVRZXBkYk5XVURFRWRfYUcycFZWdFFPcVp3WkxxeUZtWHVzNFRxRVhYTmo2MklKc2JNWmNUZzZjcVdmVjZHUFNTekQ5SkZhdG42UTJMREZJNVFoZE1QX3pVNUc1WEc0NV9IQi01ak9rdjFuQndVT2w2cWdv0gGGAUFVX3lxTFBaWGtDZzZXWDlDUWlCYm92eGg2c3ZSa1d1SlAtWkJfTzNNN0JON3pBakpSMENXRS1QaXJzbjkxOHJ6cjZKT1Jrc0o0SWZEZmVINlBLTjFqT0NnelVSZGN3aVU3eThTVGhMR25kNEotb1ZjaVRBeXNsMkFzRDBzNnYxTWl5X0V3?oc=5,https://news.google.com/rss/articles/CBMiiAFBVV95cUxQa3kwcEtIbFZpcHdLOEVRZXBkYk5XVURFRWRfYUcycFZWdFFPcVp3WkxxeUZtWHVzNFRxRVhYTmo2MklKc2JNWmNUZzZjcVdmVjZHUFNTekQ5SkZhdG42UTJMREZJNVFoZE1QX3pVNUc1WEc0NV9IQi01ak9rdjFuQndVT2w2cWdv0gGGAUFVX3lxTFBaWGtDZzZXWDlDUWlCYm92eGg2c3ZSa1d1SlAtWkJfTzNNN0JON3pBakpSMENXRS1QaXJzbjkxOHJ6cjZKT1Jrc0o0SWZEZmVINlBLTjFqT0NnelVSZGN3aVU3eThTVGhMR25kNEotb1ZjaVRBeXNsMkFzRDBzNnYxTWl5X0V3?oc=5,Bea Cukai Aceh Musnahkan 1 Juta Rokok Ilegal - BITHE.co,news.google.com,extraction_failed,2026-08-31 23:34:03
https://news.google.com/rss/articles/CBMiyAFBVV95cUxOR0ZTNDZ6cUt5bzZmX3N3VjZDLTlUN2dhLXhHaGN4eHBNejhzd1NPd1ZGbnpydTJ3bDBfRzMzUGZaeXdLcHlrdllDTnp2b0dzVHBQWjJ2X2lyOG5tbU1rN1l4VlJnM2hqX25NNUszNmVDYkplbVZtOEZsTEFKLURUNndDMHFZeWh1ZG53WngxcmtpMjl2ZmlLZUdyNnVhMWxZajdFbU01UVZYQzBNZWhNOGtJaTRnY3UwbkJJQkpLLTVpVUNMejYwUg?oc=5,https://news.google.com/rss/articles/CBMiyAFBVV95cUxOR0ZTNDZ6cUt5bzZmX3N3VjZDLTlUN2dhLXhHaGN4eHBNejhzd1NPd1ZGbnpydTJ3bDBfRzMzUGZaeXdLcHlrdllDTnp2b0dzVHBQWjJ2X2lyOG5tbU1rN1l4VlJnM2hqX25NNUszNmVDYkplbVZtOEZsTEFKLURUNndDMHFZeWh1ZG53WngxcmtpMjl2ZmlLZUdyNnVhMWxZajdFbU01UVZYQzBNZWhNOGtJaTRnY3UwbkJJQkpLLTVpVUNMejYwUg?oc=5,"Jembatan Putus, Warga Juli Aceh Terpaksa Menyeberang Sungai Pakai Perahu dan Ban Dalam - liputan6.com",news.google.com,extraction_failed,2026-08-31 23:34:03
https://news.google.com/rss/articles/CBMiuAFBVV95cUxNd2RSZUZxT0VKdy1TSlc3dmVvbllrWlhrRU54ZmFvM0pOSlA2RVAwR3NaNkx2UFBxU2VhcGNJY1h5TWF1ZTFJNUxETk8tZFRSdWptN0ctdERyTmdVNkFDOWxTRTZmR3Aza05LOGlhdThlUkhOS01vLVlmQmR1d05DSjgxU3pkQmFYRnhCR0RKbDZtWTNqY1ZETDVnS1k0Z0xOSzVUN1pXUHpxR2xKYVZBXzlya0JqbklK?oc=5,https://news.google.com/rss/articles/CBMiuAFBVV95cUxNd2RSZUZxT0VKdy1TSlc3dmVvbllrWlhrRU54ZmFvM0pOSlA2RVAwR3NaNkx2UFBxU2VhcGNJY1h5TWF1ZTFJNUxETk8tZFRSdWptN0ctdERyTmdVNkFDOWxTRTZmR3Aza05LOGlhdThlUkhOS01vLVlmQmR1d05DSjgxU3pkQmFYRnhCR0RKbDZtWTNqY1ZETDVnS1k0Z0xOSzVUN1pXUHpxR2xKYVZBXzlya0JqbklK?oc=5,Memantau Progres Penyambungan Kembali Salah Satu Jembatan di Bireuen Aceh - liputan6.com,news.google.com,extraction_failed,2026-08-31 23:34:03
https://news.google.com/rss/articles/CBMiswFBVV95cUxQb1pKLUFxcmtGSHpOZGRDT3pPRzRrSXA4bjZtT0E3cGRvUVJ2MXBrdUpvaExaSldra1VDWHFGV000YjR2cFdSMEp6SU41RUlOaTJCR2NKMm9fUWVUa2lwTWl1dFZpZXBocE5ydGpxc3JnSF9RTUJJWG56enh0Z3hvN2ljbTR6UHc4OVl5d25XT0o4Z01iQXpvUXVvQnRROFEwNEhNVlBIaktGZDd1bGd1TVp6TdIBsAFBVV95cUxPQkhUTlk3YlpENExBVmlSbzkzRVBQd25LUzhIUXozdDZJRVRkVk5QUzNIcUtxUEY3bWMxNy1rd0VsQ2IwSVI2TVhIZ3lVZ3Yzbkg0SFFfV0V3dDN3UGwzNXdxMGNET29CT3FjZVVQbXFnV25rVFZPME9TbURtb3Z5Z1dxSnZlR3d1Y1VWVFYwd2J6eFhYcUl4amxjLUhrcmJ1SkY3eTN4VTNUTDJxVHNJVQ?oc=5,https://news.google.com/rss/articles/CBMiswFBVV95cUxQb1pKLUFxcmtGSHpOZGRDT3pPRzRrSXA4bjZtT0E3cGRvUVJ2MXBrdUpvaExaSldra1VDWHFGV000YjR2cFdSMEp6SU41RUlOaTJCR2NKMm9fUWVUa2lwTWl1dFZpZXBocE5ydGpxc3JnSF9RTUJJWG56enh0Z3hvN2ljbTR6UHc4OVl5d25XT0o4Z01iQXpvUXVvQnRROFEwNEhNVlBIaktGZDd1bGd1TVp6TdIBsAFBVV95cUxPQkhUTlk3YlpENExBVmlSbzkzRVBQd25LUzhIUXozdDZJRVRkVk5QUzNIcUtxUEY3bWMxNy1rd0VsQ2IwSVI2TVhIZ3lVZ3Yzbkg0SFFfV0V3dDN3UGwzNXdxMGNET29CT3FjZVVQbXFnV25rVFZPME9TbURtb3Z5Z1dxSnZlR3d1Y1VWVFYwd2J6eFhYcUl4amxjLUhrcmJ1SkY3eTN4VTNUTDJxVHNJVQ?oc=5,Forum Koperasi Desa Banda Aceh Dorong Qanun Khusus Penguatan Ekonomi Gampong - AJNN.net,news.google.com,extraction_failed,2026-08-31 23:34:03
https://news.google.com/rss/articles/CBMipwFBVV95cUxNbVdSZVkwQVpOaHQtcVFYa3BiLUlXMDB5bW5BbndZSW94TjVGaDU2VDRGRXFVVmxyMU92NWs2c0NMeXRBM3VVZHJJVGVjamRKZGFWZWFkM0xiYnFxYllZc0lHeklWTzY3aU41UmRmaHZidkpIVGN3czIwb3U5VDZTR1ZQMmlCWFJWeW8ya1ZUSEFuUUxZa1lzOHZ3cVRGWWs4dkw5VVBXQQ?oc=5,https://news.google.com/rss/articles/CBMipwFBVV95cUxNbVdSZVkwQVpOaHQtcVFYa3BiLUlXMDB5bW5BbndZSW94TjVGaDU2VDRGRXFVVmxyMU92NWs2c0NMeXRBM3VVZHJJVGVjamRKZGFWZWFkM0xiYnFxYllZc0lHeklWTzY3aU41UmRmaHZidkpIVGN3czIwb3U5VDZTR1ZQMmlCWFJWeW8ya1ZUSEFuUUxZa1lzOHZ3cVRGWWs4dkw5VVBXQQ?oc=5,"Diskominfo Aceh Singkil Perkuat Sistem Digital, Server Pemerintahan Dioptimalkan - Ketikberita.com",news.google.com,extraction_failed,2026-08-31 23:34:04
https://news.google.com/rss/articles/CBMiogFBVV95cUxPblpINGxfRXFPeXozZWRGYmUzTHRCdm1ucmpIdWx1ckJzdkl2eDVuZUZiSDhuSGpka0o1UU5HOWZnZFVUSVkteU1LSTM3eVBKeGV6NnJxU2ZFQmJORlZJejlJUmcwUDd6a2tQSGtJZTR3RDVuZlFweF96bW1OQlpLUGEzWm5sU3N6cjJ3VGdoRDNvTEIzS1pqTHh6Z2NraHdLbGc?oc=5,https://news.google.com/rss/articles/CBMiogFBVV95cUxPblpINGxfRXFPeXozZWRGYmUzTHRCdm1ucmpIdWx1ckJzdkl2eDVuZUZiSDhuSGpka0o1UU5HOWZnZFVUSVkteU1LSTM3eVBKeGV6NnJxU2ZFQmJORlZJejlJUmcwUDd6a2tQSGtJZTR3RDVuZlFweF96bW1OQlpLUGEzWm5sU3N6cjJ3VGdoRDNvTEIzS1pqTHh6Z2NraHdLbGc?oc=5,50 Pelaku UMKM Aceh Besar Ikuti Pelatihan Peningkatan Strategi Penjualan Produk - Pos Aceh,news.google.com,extraction_failed,2026-08-31 23:34:04
https://news.google.com/rss/articles/CBMiygFBVV95cUxOdFNVQXBwUHVVZ2M4SXhpQzJ1UGtkQnNQa3ZqRkI3Y3o4NHFGb3dmTFBFYVRNVnRDRXpiUlNKZnNuNUl1b0dWQ05yUWtBMzRfMXppVTJlWGJjeGZCYkZhSVNDSUNvTW9zSnd2U0ZzblVtbS1zWWpFOE14QVJlWUxabzlBMkxRRUdBdzRtQWZQOTNoVUNPQ2dWZHcyRWptaUFDLUpkMV9BX3BKY3pwRG5ZdXl4eEtFSlNzNHJIaFh0SkVkaUs2OHlWU0t30gHPAUFVX3lxTE5lZXp0SHZUa2h2M3ZpWnpzbUVtR3BPZVA3a2JleHFCcmdmdXVjTUYyWVkwZDFHanFmQUlkd1JVNUgtSW0zZjlqazBwU0dORDhMWHJ4bm43RG1OZld0eURqV0VpMHZYbXI0RkNWVzg0LTJpbUFLYXdnZ0RuNFV6NW9VcmFFN1ZRRktjTDVXbEQzcTRfakdRZVgweEtCUkxub1dpMmpjOFFHOTdpREt2bllpVXRYWlFuNUZEbG1KNlM2dndOejQ0QWFSSlN2TmRSbw?oc=5,https://news.google.com/rss/articles/CBMiygFBVV95cUxOdFNVQXBwUHVVZ2M4SXhpQzJ1UGtkQnNQa3ZqRkI3Y3o4NHFGb3dmTFBFYVRNVnRDRXpiUlNKZnNuNUl1b0dWQ05yUWtBMzRfMXppVTJlWGJjeGZCYkZhSVNDSUNvTW9zSnd2U0ZzblVtbS1zWWpFOE14QVJlWUxabzlBMkxRRUdBdzRtQWZQOTNoVUNPQ2dWZHcyRWptaUFDLUpkMV9BX3BKY3pwRG5ZdXl4eEtFSlNzNHJIaFh0SkVkaUs2OHlWU0t30gHPAUFVX3lxTE5lZXp0SHZUa2h2M3ZpWnpzbUVtR3BPZVA3a2JleHFCcmdmdXVjTUYyWVkwZDFHanFmQUlkd1JVNUgtSW0zZjlqazBwU0dORDhMWHJ4bm43RG1OZld0eURqV0VpMHZYbXI0RkNWVzg0LTJpbUFLYXdnZ0RuNFV6NW9VcmFFN1ZRRktjTDVXbEQzcTRfakdRZVgweEtCUkxub1dpMmpjOFFHOTdpREt2bllpVXRYWlFuNUZEbG1KNlM2dndOejQ0QWFSSlN2TmRSbw?oc=5,"Intip rumah Shella Saukia dulu dan sekarang, kemewahan berbanding terbalik bak bumi dan langit - Hops ID - Hops ID",news.google.com,extraction_failed,2026-08-31 23:34:04
https://news.google.com/rss/articles/CBMikgFBVV95cUxQTi1OSXFmcjBKZmdxVHNTbFFwZnlKdWVSMjZZYWsxQTZfZmEtd1VwWU1GS2RrMjlYUktURWpsWDRNUUhYZFczdzg5M29qYXNBSGRkNVJhVW4zZnhkVk5wSkwtZC0zcXU1VEQ1Znc2M29wTWlTOUhTdDZXYTI2azNVd095U3A3QVZFTXZwOGE3bHlCdw?oc=5,https://news.google.com/rss/articles/CBMikgFBVV95cUxQTi1OSXFmcjBKZmdxVHNTbFFwZnlKdWVSMjZZYWsxQTZfZmEtd1VwWU1GS2RrMjlYUktURWpsWDRNUUhYZFczdzg5M29qYXNBSGRkNVJhVW4zZnhkVk5wSkwtZC0zcXU1VEQ1Znc2M29wTWlTOUhTdDZXYTI2azNVd095U3A3QVZFTXZwOGE3bHlCdw?oc=5,Pelajar Harus Bijak Memanfaatkan Teknologi - RRI.co.id,news.google.com,extraction_failed,2026-08-31 23:34:05
https://news.google.com/rss/articles/CBMingFBVV95cUxPTE9rYm4tZE5HSkdNdXlzSmFGUWY3dGJacEpmRmI2ODhCajViV2JsRkY2SS1reURCSFFYdG10ZmExOWNkWHhYdlJUTGdISHlnNlM0Mm9QQkxWS2tnRmlZTEx3RWhUTVlHZkd4Mi1jWWVMdW9CcDRMM0h6bXNLelZ2aVhidTRRTDkzamY2N1ZxWVNPbmZITnBPRE9sSW16UQ?oc=5,https://news.google.com/rss/articles/CBMingFBVV95cUxPTE9rYm4tZE5HSkdNdXlzSmFGUWY3dGJacEpmRmI2ODhCajViV2JsRkY2SS1reURCSFFYdG10ZmExOWNkWHhYdlJUTGdISHlnNlM0Mm9QQkxWS2tnRmlZTEx3RWhUTVlHZkd4Mi1jWWVMdW9CcDRMM0h6bXNLelZ2aVhidTRRTDkzamY2N1ZxWVNPbmZITnBPRE9sSW16UQ?oc=5,KPT Banda Aceh: Advokat Harus Kuasai Teknologi Informasi Aplikasi Peradilan - Waspada Online,news.google.com,extraction_failed,2026-08-31 23:34:05
https://news.google.com/rss/articles/CBMi8gFBVV95cUxPN0M1cWNPQ09QWGJJYVh4NXIyYktjczVLci1PSEVHT0wyN3gxM3M0d0NBbXI2UVZtbmJPTEZ6SzFEQTducWNZN2FlbGN5X0x0dzQ3RGFhaWNiWHR6dFhaYjhwU1V1eW0wYnJiZXlKRWhUQUlTNVF2cTBFekJQMmFNaWwzUFdyLVNDU0MwbE9JV1d6MXRqUWhRam5Tc01XNkJfUHhnWWVFeThyblYxSW5qRE5kNFhXLU5sekxhLUVTV0s4akNwTGVXUll6UlhLNHRJMkdnN3plaU9acXdkTG9UcjNOa2tXT2h2cDNlRGZyTV9JQQ?oc=5,https://news.google.com/rss/articles/CBMi8gFBVV95cUxPN0M1cWNPQ09QWGJJYVh4NXIyYktjczVLci1PSEVHT0wyN3gxM3M0d0NBbXI2UVZtbmJPTEZ6SzFEQTducWNZN2FlbGN5X0x0dzQ3RGFhaWNiWHR6dFhaYjhwU1V1eW0wYnJiZXlKRWhUQUlTNVF2cTBFekJQMmFNaWwzUFdyLVNDU0MwbE9JV1d6MXRqUWhRam5Tc01XNkJfUHhnWWVFeThyblYxSW5qRE5kNFhXLU5sekxhLUVTV0s4akNwTGVXUll6UlhLNHRJMkdnN3plaU9acXdkTG9UcjNOa2tXT2h2cDNlRGZyTV9JQQ?oc=5,Dinas PUPR Aceh Raih Peringkat II Kualifikasi Sangat Baik pada Monev Pelayanan Informasi Publik 2025 - Dinas Pekerjaan Umum dan Penataan Ruang Aceh,news.google.com,extraction_failed,2026-08-31 23:34:05
https://news.google.com/rss/articles/CBMirAFBVV95cUxNa29UWVp6MzVUMzZXVmhsNVhlNGprdVdiaTNTQ0hFeGtJZkxnMkxKWnVNekFuUDlBVlJTZ2dMMkxvdTVOazB5VDUwSjlnQ1Zxdk45QnZuUHhNNHhEVFRTOVBNUDdjeGFhQkNCNHdPdGR1d1hNbkVYS21xS182bi1QTm84Rk1tcWlwV21MQ1RPbDNGbmdhVkd6aHlueUZsZkozMk1OTnJna0hOd0830gGyAUFVX3lxTE04SU9wX3N3b1I3Yk5fUlJ5VDdHNng0TkR0eV9iV2xDalhSZjNTamVSZ0dMdUY0RFVlZ1dEQjJ3SmZRVVZDeDNLX2g4NGsxbld5Y1hhOHhiWnRIQTJKNVNkU080MDM4djE2R0Z5dVJ1Mk9RWEJGam1lbVBWR2s2RkxMYzlCRGh1YUxyYWdsb05kVFA2MVRtS0pJMzJMLU1LSF9NdWYyVGdvOWNBcVhVZUZCaUE?oc=5,https://news.google.com/rss/articles/CBMirAFBVV95cUxNa29UWVp6MzVUMzZXVmhsNVhlNGprdVdiaTNTQ0hFeGtJZkxnMkxKWnVNekFuUDlBVlJTZ2dMMkxvdTVOazB5VDUwSjlnQ1Zxdk45QnZuUHhNNHhEVFRTOVBNUDdjeGFhQkNCNHdPdGR1d1hNbkVYS21xS182bi1QTm84Rk1tcWlwV21MQ1RPbDNGbmdhVkd6aHlueUZsZkozMk1OTnJna0hOd0830gGyAUFVX3lxTE04SU9wX3N3b1I3Yk5fUlJ5VDdHNng0TkR0eV9iV2xDalhSZjNTamVSZ0dMdUY0RFVlZ1dEQjJ3SmZRVVZDeDNLX2g4NGsxbld5Y1hhOHhiWnRIQTJKNVNkU080MDM4djE2R0Z5dVJ1Mk9RWEJGam1lbVBWR2s2RkxMYzlCRGh1YUxyYWdsb05kVFA2MVRtS0pJMzJMLU1LSF9NdWYyVGdvOWNBcVhVZUZCaUE?oc=5,Polda Aceh siapkan akses internet pakai starlink di lokasi bencana - ANTARA News Aceh,news.google.com,extraction_failed,2026-08-31 23:34:06
https://news.google.com/rss/articles/CBMizwFBVV95cUxOTmNhZlhsOVFPWERvSzFVcEdnbVQ4bVMteUtPeEFVZHFQdDdOaDhzNlRQYnE3VExwQi14N29waVJBU0tuc2ctODB4cFItNVg3UDNyNk9NSTQyOFVmbV9aLWhERzFrbVlzQVFaaEVWdVJHTFdfNV9ZbzdYYlU0SzZoZ3ZtWHJZUHZ3UVJVVVVSaWdJUXZiSWdLZHFhUDdyM2xOMmU0SGUybnVQUlFXTF9JZmlZRTlDVmNfbVEwdWdySnc2N0JsM091REpIUEhNY3M?oc=5,https://news.google.com/rss/articles/CBMizwFBVV95cUxOTmNhZlhsOVFPWERvSzFVcEdnbVQ4bVMteUtPeEFVZHFQdDdOaDhzNlRQYnE3VExwQi14N29waVJBU0tuc2ctODB4cFItNVg3UDNyNk9NSTQyOFVmbV9aLWhERzFrbVlzQVFaaEVWdVJHTFdfNV9ZbzdYYlU0SzZoZ3ZtWHJZUHZ3UVJVVVVSaWdJUXZiSWdLZHFhUDdyM2xOMmU0SGUybnVQUlFXTF9JZmlZRTlDVmNfbVEwdWdySnc2N0JsM091REpIUEhNY3M?oc=5,SMAN 1 Baitussalam Aceh Besar Siapkan Tim Jurnalis untuk Menjawab Kemajuan Teknologi Informasi - AcehEkspres.com,news.google.com,extraction_failed,2026-08-31 23:34:06
https://news.google.com/rss/articles/CBMiqgFBVV95cUxQQXFHZEtXMng1alI5aGk4SlVaWWxPekladTdleG9NUTlibWtLOWpkYkR3N2Z0ZTlDMDZwLVhjRFFJU054VXZSV29rdEo5cUpQbG9DMHRoMHdHcHFETVVWb29fSjVPYU1tWUs1MVpUX0NHRWVqVTdjNlpfLUdxZ1JOeEVNNFBXWjZPWTFyQmNjYWhncVBGWWZIQ3RWcnVESkxESWoxTDFvVTdwQQ?oc=5,https://news.google.com/rss/articles/CBMiqgFBVV95cUxQQXFHZEtXMng1alI5aGk4SlVaWWxPekladTdleG9NUTlibWtLOWpkYkR3N2Z0ZTlDMDZwLVhjRFFJU054VXZSV29rdEo5cUpQbG9DMHRoMHdHcHFETVVWb29fSjVPYU1tWUs1MVpUX0NHRWVqVTdjNlpfLUdxZ1JOeEVNNFBXWjZPWTFyQmNjYWhncVBGWWZIQ3RWcnVESkxESWoxTDFvVTdwQQ?oc=5,Pancasila Diharapkan Menjadi Filter di Tengah Kemajuan Teknologi Informasi - Kantor Wilayah Kementerian Agama Provinsi Aceh,news.google.com,extraction_failed,2026-08-31 23:34:06
https://news.google.com/rss/articles/CBMi3wFBVV95cUxOOW8yWGFyV1RtYzB4SU1vZXlXYk9kc2M1ZUNuaWxIVDE5cXNhZXNFeUgyemU2d2NHc2dlQks1QVZyeXdsSkFTbVR1ckVZMC1HbjBWem5tMWpKN2pESHJiQmZGSTVIOEJ0WmtrTWY0VXJ4WGk1eFpqOG5ZZW9fTmxEMWFteUc4QnVJUHIxRGttR2hCSEJVdmpodnAwc0Q2WFBad2hqWjJlYldBbUI3clk0OGtwWUl2YU9KOGItbjNmTDNwYkhUVkxrLUgzTmtEbEdCN3VfR3NMa2JhNTZYNTJ3?oc=5,https://news.google.com/rss/articles/CBMi3wFBVV95cUxOOW8yWGFyV1RtYzB4SU1vZXlXYk9kc2M1ZUNuaWxIVDE5cXNhZXNFeUgyemU2d2NHc2dlQks1QVZyeXdsSkFTbVR1ckVZMC1HbjBWem5tMWpKN2pESHJiQmZGSTVIOEJ0WmtrTWY0VXJ4WGk1eFpqOG5ZZW9fTmxEMWFteUc4QnVJUHIxRGttR2hCSEJVdmpodnAwc0Q2WFBad2hqWjJlYldBbUI3clk0OGtwWUl2YU9KOGItbjNmTDNwYkhUVkxrLUgzTmtEbEdCN3VfR3NMa2JhNTZYNTJ3?oc=5,Berita Pemkab Aceh Besar Melalui Diskominfo Raih Anugerah Keterbukaan Informasi Publik Tahun 2025 - Pemkab Aceh Besar,news.google.com,extraction_failed,2026-08-31 23:34:06
https://news.google.com/rss/articles/CBMi0AFBVV95cUxQVEhWNlhKekFVTERac1FWMTFLUllHOEFwVE1DX0FtOGNpS0ZoLS1IeDZWNmVQMEplaEFrRFRIbWstdjhDNkJQLW5ZS2RTRkpNR1Z0aXNEX2FVN1piaDhpeWFuNEhaTU9ma0RmX201STdzY1RWcmw0S3BudFpVQmlucEEwV0drNzVlaEM0cU5fNTVOZGsyR3B0emhhX3ozdktIV1htd21NQlVXWmdKbHZyYVI3b3FBLXVUZWNzLXBtV2RvbUowaGViU0ZXNDFCYTc1?oc=5,https://news.google.com/rss/articles/CBMi0AFBVV95cUxQVEhWNlhKekFVTERac1FWMTFLUllHOEFwVE1DX0FtOGNpS0ZoLS1IeDZWNmVQMEplaEFrRFRIbWstdjhDNkJQLW5ZS2RTRkpNR1Z0aXNEX2FVN1piaDhpeWFuNEhaTU9ma0RmX201STdzY1RWcmw0S3BudFpVQmlucEEwV0drNzVlaEM0cU5fNTVOZGsyR3B0emhhX3ozdktIV1htd21NQlVXWmdKbHZyYVI3b3FBLXVUZWNzLXBtV2RvbUowaGViU0ZXNDFCYTc1?oc=5,Aceh Utara Ikut Pembinaan Pemerintah Digital dan Pemantauan SPBE 2025 - BKPSDM | Kab. Aceh Utara,news.google.com,extraction_failed,2026-08-31 23:34:06
https://news.google.com/rss/articles/CBMi1AFBVV95cUxQS2lqRmJSTWJielk0b2JXRDJpNFgxRm5lektGMUk3V2NHOExOX1YxMXJPenVOZGhHc1o5dmRfU3l2anhLWXhzYmFaNXFmWVBZdFhobEU2VkhTZUw2cEhGZENZRHBIWlhlY09UWWRjcWlWcEY5SmRmVXpBWXRYSFg2alpyVWFXckY4V19SV3oxWFdJTl9qN1JTRzFzdU0yM0EzR0tNT1VlaVJCY1FLd3pKZ0hROERXQ0tMTEFRNVJ2UzRJLWR0QVd3Ml9XRUVHN1ZJYjVJOA?oc=5,https://news.google.com/rss/articles/CBMi1AFBVV95cUxQS2lqRmJSTWJielk0b2JXRDJpNFgxRm5lektGMUk3V2NHOExOX1YxMXJPenVOZGhHc1o5dmRfU3l2anhLWXhzYmFaNXFmWVBZdFhobEU2VkhTZUw2cEhGZENZRHBIWlhlY09UWWRjcWlWcEY5SmRmVXpBWXRYSFg2alpyVWFXckY4V19SV3oxWFdJTl9qN1JTRzFzdU0yM0EzR0tNT1VlaVJCY1FLd3pKZ0hROERXQ0tMTEFRNVJ2UzRJLWR0QVd3Ml9XRUVHN1ZJYjVJOA?oc=5,Kepala BAST ANRI Tekankan Pentingnya Arsip dan Teknologi Informasi dalam Sistem Penanggulangan Bencana - Arsip Nasional Republik Indonesia,news.google.com,extraction_failed,2026-08-31 23:34:06
https://news.google.com/rss/articles/CBMirgFBVV95cUxQNTJja0pKOERYT2Y1YjNzVlJjZkJ5UFY2WWhvRmY2UnJHeFc2Wl9ReWJsZEN1d1Y5RnNpOF9pbUhWUC1aTDA5QkpjOG9GSG0xMDNMejdYR2lkRWh3ZjYyUW0wVTV5SHgyQ0RjVFk3OWNGSEV1SVFGZEc2clMtSW03LUhSeXRjUTN0cWktZ2kxNjlhWjNOV0xSLUh5Uld5QmFPczBsLXR0cUMtUjkyUFE?oc=5,https://news.google.com/rss/articles/CBMirgFBVV95cUxQNTJja0pKOERYT2Y1YjNzVlJjZkJ5UFY2WWhvRmY2UnJHeFc2Wl9ReWJsZEN1d1Y5RnNpOF9pbUhWUC1aTDA5QkpjOG9GSG0xMDNMejdYR2lkRWh3ZjYyUW0wVTV5SHgyQ0RjVFk3OWNGSEV1SVFGZEc2clMtSW03LUhSeXRjUTN0cWktZ2kxNjlhWjNOV0xSLUh5Uld5QmFPczBsLXR0cUMtUjkyUFE?oc=5,"Plt. Sekda Lantik Anggota Komisi Informasi Aceh - Dinas Komunikasi, Informatika dan Persandian Aceh",news.google.com,extraction_failed,2026-08-31 23:34:07
https://news.google.com/rss/articles/CBMiuAFBVV95cUxQWkRaQ00wUTJRQ2RYZTA0c0Z2ZDcyalI4c3VBeVRZb3dpUUlNRWFVdGkzOXA3R3VRZ3lXOXhhX0g1Q3Vycm5fY0s5U3UwWE1oNUVJNjlsOWVsNXhMSHNnRjBORS1DdU5jczhlUU5mMmgxMEtxZVRlVlp2MVY5VlFiMy10N243UHRxQ1Q1Tjd0OEs0Vk5FSDJPNmFNX3daM2FVbVExQ01CNmhZcVVHXzZZNnpZdUVCcGNF?oc=5,https://news.google.com/rss/articles/CBMiuAFBVV95cUxQWkRaQ00wUTJRQ2RYZTA0c0Z2ZDcyalI4c3VBeVRZb3dpUUlNRWFVdGkzOXA3R3VRZ3lXOXhhX0g1Q3Vycm5fY0s5U3UwWE1oNUVJNjlsOWVsNXhMSHNnRjBORS1DdU5jczhlUU5mMmgxMEtxZVRlVlp2MVY5VlFiMy10N243UHRxQ1Q1Tjd0OEs0Vk5FSDJPNmFNX3daM2FVbVExQ01CNmhZcVVHXzZZNnpZdUVCcGNF?oc=5,Berita Disnakertrans Aceh Besar Gelar Pelatihan Komputer Berbasis Kompetensi - Pemkab Aceh Besar,news.google.com,extraction_failed,2026-08-31 23:34:08
https://news.google.com/rss/articles/CBMijwFBVV95cUxNY0dJWEF4OXhOY3dTcFlXVGtlLXVWbUt2amQ5bmtSTzJ5bXBUd3BUN3I2b1FxNTdFd0VRSWFqN2hUdXBkNDJGOW91eFR1bHZGZTczbjU2a3JWV3M4N1VOb3BaSHRnM2JrUGFPand4cUVreUx3ZWU3dEVkSHlRN2h0TjNrdHNWREh2NUJLT0Fjcw?oc=5,https://news.google.com/rss/articles/CBMijwFBVV95cUxNY0dJWEF4OXhOY3dTcFlXVGtlLXVWbUt2amQ5bmtSTzJ5bXBUd3BUN3I2b1FxNTdFd0VRSWFqN2hUdXBkNDJGOW91eFR1bHZGZTczbjU2a3JWV3M4N1VOb3BaSHRnM2JrUGFPand4cUVreUx3ZWU3dEVkSHlRN2h0TjNrdHNWREh2NUJLT0Fjcw?oc=5,Teknologi Informasi dan Semangat Perubahan - UnimalNews,news.google.com,extraction_failed,2026-08-31 23:34:08
https://news.google.com/rss/articles/CBMiugFBVV95cUxQcGdrQUhHYUpieE1GLWRtdDJtZ09fSzUxeHVMOTZWX3FrSDNqanUtZlVuSzROcF9BQXF0N3pYeDIzcUNHRzJzdEhYSUlUbjZmVTlCdE1PQ0hfekZOVmtRRGVqdHYzdWxQeDBTZ1M2RkUwZmx5Nzlxa2Z2VFhmMGRmeFhHbWFveWFCb0R6eXZmcllEUVl3TXIxNlloZkduMTRPdUJYTnJWWkk3UU5CbVdDd0hYMmhxODVFamc?oc=5,https://news.google.com/rss/articles/CBMiugFBVV95cUxQcGdrQUhHYUpieE1GLWRtdDJtZ09fSzUxeHVMOTZWX3FrSDNqanUtZlVuSzROcF9BQXF0N3pYeDIzcUNHRzJzdEhYSUlUbjZmVTlCdE1PQ0hfekZOVmtRRGVqdHYzdWxQeDBTZ1M2RkUwZmx5Nzlxa2Z2VFhmMGRmeFhHbWFveWFCb0R6eXZmcllEUVl3TXIxNlloZkduMTRPdUJYTnJWWkk3UU5CbVdDd0hYMmhxODVFamc?oc=5,Berita Plt Kadisdikbud Aceh Besar Buka Computer Operating for Teacher - Pemkab Aceh Besar,news.google.com,extraction_failed,2026-08-31 23:34:08
https://news.google.com/rss/articles/CBMitgFBVV95cUxNS0NyUHF5TWFmTmt4amxZSnk1WGlVak1sblhhRnRTeEN0YVZQUm1ZWHZfUFhqTnk3TjlXYmhEaHVERE1aUWwyQi1RVVE5T25aeFA1cHRsMkVLT0k0d0VNT0dZSXcxUFhpWG5PT0hDUDZoSmdybmR4aGw2S0JMcU9tUFdhdFh3dEhuX2NDZENqWGhKVWM2OGtpdmdMVm5DTHBwWmJ3TGdYaXBGb2M0dVcyODFnMkhkQQ?oc=5,https://news.google.com/rss/articles/CBMitgFBVV95cUxNS0NyUHF5TWFmTmt4amxZSnk1WGlVak1sblhhRnRTeEN0YVZQUm1ZWHZfUFhqTnk3TjlXYmhEaHVERE1aUWwyQi1RVVE5T25aeFA1cHRsMkVLT0k0d0VNT0dZSXcxUFhpWG5PT0hDUDZoSmdybmR4aGw2S0JMcU9tUFdhdFh3dEhuX2NDZENqWGhKVWM2OGtpdmdMVm5DTHBwWmJ3TGdYaXBGb2M0dVcyODFnMkhkQQ?oc=5,Pengumuman Pendaftaran Calon Tenaga Profesional BMA 2026-2031 - Baitul Mal Aceh,news.google.com,extraction_failed,2026-08-31 23:34:08
https://news.google.com/rss/articles/CBMivAFBVV95cUxNVS1uNW9PbThSS21STE10R0twZVdXcmtTQUxSVTRYVWVtMDQ0azdOcG1SWjdMR1RDNEE0T3Q1WFRMYWlnOWxjbjBWMnpRSGJPNkxWclNoVDhRM0MxQkladWpINWV4MmRXVVFRaFA3cU92ejl1X0NpaGQtU3hGRWJyRVB1cFNuODNNd0w0UDRocndfSlNmbjdmelRpR1RyeGxsMHJEYjZaMHRzSlI4aEJTejB2d1l0amVCd0h2OQ?oc=5,https://news.google.com/rss/articles/CBMivAFBVV95cUxNVS1uNW9PbThSS21STE10R0twZVdXcmtTQUxSVTRYVWVtMDQ0azdOcG1SWjdMR1RDNEE0T3Q1WFRMYWlnOWxjbjBWMnpRSGJPNkxWclNoVDhRM0MxQkladWpINWV4MmRXVVFRaFA3cU92ejl1X0NpaGQtU3hGRWJyRVB1cFNuODNNd0w0UDRocndfSlNmbjdmelRpR1RyeGxsMHJEYjZaMHRzSlI4aEJTejB2d1l0amVCd0h2OQ?oc=5,Dinas Syariat Islam Aceh Raih Penghargaan Keterbukaan Informasi Publik - Dinas Syariat Islam Aceh,news.google.com,extraction_failed,2026-08-31 23:34:09
https://news.google.com/rss/articles/CBMitwFBVV95cUxOYjJvV2ViQjVSRG95ai1aTng5RkU2NWNSZ1JUSl9vUC1Oa000akNSbHJBbmNpTGNhNVZZOVRyMEdxZzktc2UyOTZNWk04cElRZXg1Qk1FRDViUm1nQTk2UnB0UEZYeVVjVjJ4YklvM1kxRk1tSXRmem1sY1R4SG1WOFJjWTZ5TFduX1ZFZVRBVl96ZWp5SFZHcy1TRVN2X2pVdmFxUXF5SmZmZjZqd1Y0OTNYOFZjOFk?oc=5,https://news.google.com/rss/articles/CBMitwFBVV95cUxOYjJvV2ViQjVSRG95ai1aTng5RkU2NWNSZ1JUSl9vUC1Oa000akNSbHJBbmNpTGNhNVZZOVRyMEdxZzktc2UyOTZNWk04cElRZXg1Qk1FRDViUm1nQTk2UnB0UEZYeVVjVjJ4YklvM1kxRk1tSXRmem1sY1R4SG1WOFJjWTZ5TFduX1ZFZVRBVl96ZWp5SFZHcy1TRVN2X2pVdmFxUXF5SmZmZjZqd1Y0OTNYOFZjOFk?oc=5,Dishub Aceh Gandeng Tim Peneliti USK Kembangkan Sistem Transportasi Cerdas - Pemerintahan Aceh,news.google.com,extraction_failed,2026-08-31 23:34:09
https://news.google.com/rss/articles/CBMiqAFBVV95cUxPZXpZNmJ4bUlJcXNLaVh3eEQ2U0RGUFFISl9DSTFTRkp5R2JfNU1UMDFfSEpUc0Y2NXZSc1hPaDNIa3VONUlOT3h4YnFLZnZwYnQyb2lIR3Noc3l6OEZWTW4yUFR2UzVWbTB2WmJ6Vl9LYklfcS1hWXBndWJFeVRhZjItM0NwRkdfYVpIMkE5Q2hoYWxaUUhmLWQwa1NDT1NGZlZiMm5MTHI?oc=5,https://news.google.com/rss/articles/CBMiqAFBVV95cUxPZXpZNmJ4bUlJcXNLaVh3eEQ2U0RGUFFISl9DSTFTRkp5R2JfNU1UMDFfSEpUc0Y2NXZSc1hPaDNIa3VONUlOT3h4YnFLZnZwYnQyb2lIR3Noc3l6OEZWTW4yUFR2UzVWbTB2WmJ6Vl9LYklfcS1hWXBndWJFeVRhZjItM0NwRkdfYVpIMkE5Q2hoYWxaUUhmLWQwa1NDT1NGZlZiMm5MTHI?oc=5,Menilik Keberhasilan Penerapan SPBE di Ujung Barat Indonesia - Kementerian Pendayagunaan Aparatur Negara dan Reformasi Birokrasi,news.google.com,extraction_failed,2026-08-31 23:34:09
https://news.google.com/rss/articles/CBMiygFBVV95cUxPZGctcGtlZmJHbUNMYUNZUnk0S0xncEV0Q3pSM1h1dlBXSlV0ODU3TlZPajRuN0hLa2pNNHN4NHhraThSZ08wRzNId1NtRHFua214dzA2TUw3LWNTODVpWVFGajJoUGFSZVFBcE5WZUlUSk5sdlJzVklCd3VDOGhqWjIyQndocmdYb1ozbnlKSWNBbU1meHBvMXNIS19nSnBKYjJ3MUNDSVU1V3dud0pKLTd6R0d4MDMyVWdha3ktdHNoWWh0S2JKeGpB0gHPAUFVX3lxTE8ydzNCSm5OVzBqRmJVNHFmUDVSMlpSeWNnOVRVTVk0UEhweTJTR0NVV1dFbHYtV29MdjVNTzFXdHFjeFZKYnhfMl9kMGVLMkVISWVYSWpoTWUySHl1UmdMVUxvT0tMVkhoVEdoTldTc3l5U2VJeFd6Z0pnZXdqNnVRVksxLTU1aTRFZDhuNHlFX3ZqT0VCR3RHS3pBTkV4RWJHQmt5YW0tYk1iZV9adXNCQzIxM1JXOXh5b0x3YXNfTWh3UkZ3cFJ3YTJ3b2xCVQ?oc=5,https://news.google.com/rss/articles/CBMiygFBVV95cUxPZGctcGtlZmJHbUNMYUNZUnk0S0xncEV0Q3pSM1h1dlBXSlV0ODU3TlZPajRuN0hLa2pNNHN4NHhraThSZ08wRzNId1NtRHFua214dzA2TUw3LWNTODVpWVFGajJoUGFSZVFBcE5WZUlUSk5sdlJzVklCd3VDOGhqWjIyQndocmdYb1ozbnlKSWNBbU1meHBvMXNIS19nSnBKYjJ3MUNDSVU1V3dud0pKLTd6R0d4MDMyVWdha3ktdHNoWWh0S2JKeGpB0gHPAUFVX3lxTE8ydzNCSm5OVzBqRmJVNHFmUDVSMlpSeWNnOVRVTVk0UEhweTJTR0NVV1dFbHYtV29MdjVNTzFXdHFjeFZKYnhfMl9kMGVLMkVISWVYSWpoTWUySHl1UmdMVUxvT0tMVkhoVEdoTldTc3l5U2VJeFd6Z0pnZXdqNnVRVksxLTU1aTRFZDhuNHlFX3ZqT0VCR3RHS3pBTkV4RWJHQmt5YW0tYk1iZV9adXNCQzIxM1JXOXh5b0x3YXNfTWh3UkZ3cFJ3YTJ3b2xCVQ?oc=5,"Pemerintah Aceh Gelar Lokakarya Komunikasi dan Informasi, SKALA Apresiasi Penguatan Data Terintegrasi - biro administrasi pimpinan setda aceh",news.google.com,extraction_failed,2026-08-31 23:34:09
https://news.google.com/rss/articles/CBMipgFBVV95cUxPaE9GNXFucTZ2dWpSSlVHZ183em9RNzdhNzc1QkNrdW9lTDJYMlU4M29MZV9uQ1VqclRBUXpJTmczYzNpbUN0TTdWendaZmUtUk1EdC1vek9reGJ6R1hrTGMxcG1NekU0RENjRmVBWTJHbHhyR0diVnJRa2FzbmpXODNVdkJ5VzRIY0xYOEJGb3pLWmtVbnNjSHpZa3V1cVNiUXhuUEVR?oc=5,https://news.google.com/rss/articles/CBMipgFBVV95cUxPaE9GNXFucTZ2dWpSSlVHZ183em9RNzdhNzc1QkNrdW9lTDJYMlU4M29MZV9uQ1VqclRBUXpJTmczYzNpbUN0TTdWendaZmUtUk1EdC1vek9reGJ6R1hrTGMxcG1NekU0RENjRmVBWTJHbHhyR0diVnJRa2FzbmpXODNVdkJ5VzRIY0xYOEJGb3pLWmtVbnNjSHpZa3V1cVNiUXhuUEVR?oc=5,"Wujudkan Badan Publik Informatif, Kemenag Aceh Gelar Pembinaan Kehumasan - Kantor Wilayah Kementerian Agama Provinsi Aceh",news.google.com,extraction_failed,2026-08-31 23:34:10
https://news.google.com/rss/articles/CBMirwFBVV95cUxOdGYyc0U3blVUNzE5aGhPMUk4eU92aElvRzh6WlBSMndBVzFidWhXSjNhdmhxbjh6OXJ0UFUtQndvb1RnZmNkUlpxSkQ5MTdLcXVtSVBselpkRlRvTU1yazc0LXBpRDRUbXFLSmVXUkx0UHM5NjN6aFFQc2twbGU0VXBHY1k1c2JZLTJOcnFsQUI4SzRtejJCazFaMTd4TjVWdXRPQjlQNDFETnRaY3Bj0gG0AUFVX3lxTE9ta3AycU9FU0Y5Q29ud01vaDd6LTVGdE9DY0YtdzgtVTU3ZmQxMEhfNTQtQ3VJMWpIcmEyVURoY3JvWFFHd3BuOTBGMGFNWjRyM1A3eHBMcVFha1A4b0xkSXVYRzA5R1dvSUxZblJESnFlVUtrOWxOU3dtSFF3czZDbWFOOHhZbkhHUHJzeGd1bm8tZHVKQTJReGRwLWJsaThvXzBTQmNvc0dLNTY3YXQybHMyMg?oc=5,https://news.google.com/rss/articles/CBMirwFBVV95cUxOdGYyc0U3blVUNzE5aGhPMUk4eU92aElvRzh6WlBSMndBVzFidWhXSjNhdmhxbjh6OXJ0UFUtQndvb1RnZmNkUlpxSkQ5MTdLcXVtSVBselpkRlRvTU1yazc0LXBpRDRUbXFLSmVXUkx0UHM5NjN6aFFQc2twbGU0VXBHY1k1c2JZLTJOcnFsQUI4SzRtejJCazFaMTd4TjVWdXRPQjlQNDFETnRaY3Bj0gG0AUFVX3lxTE9ta3AycU9FU0Y5Q29ud01vaDd6LTVGdE9DY0YtdzgtVTU3ZmQxMEhfNTQtQ3VJMWpIcmEyVURoY3JvWFFHd3BuOTBGMGFNWjRyM1A3eHBMcVFha1A4b0xkSXVYRzA5R1dvSUxZblJESnFlVUtrOWxOU3dtSFF3czZDbWFOOHhZbkhHUHJzeGd1bm8tZHVKQTJReGRwLWJsaThvXzBTQmNvc0dLNTY3YXQybHMyMg?oc=5,Balai Tekkomdik bantu sekolah kembangkan teknologi informasi di Aceh - ANTARA News Aceh,news.google.com,extraction_failed,2026-08-31 23:34:10
https://news.google.com/rss/articles/CBMiuAFBVV95cUxPTEtvcUs2NUdUV0JueDd4QWt4ckswNlZkWmNvLWtzSTRWaVpuOVlUcjZHS2tLbUgtMk51cmZaVlk1ZzZTTW82Z1ppU0V1YUhldnNoT19iN1VPcTBIX2RuQTVwcHY4U0EyYlo1Ri1ZeXF4R1RzMG1pbTZ3dU9aRjF6QWFUWUVjNXNWZkdBdDhJQ213WjlnUjlHNk9kV2o2QURaMFJmem1GcGVHbUs1UVhyVWNJNi16THFT0gG-AUFVX3lxTE0wN2g1VEdPMkJiTVA5MEdQSzM0WV9EbFAxMUU5WXlGQW5IcG8yWmJxbk1LNGVxd1dLRmpkN1drczlGeDdqaGxGVmhlNHNrV0pUOXl1LVItUDktYUtNUEk0ZUxNcnhIbGNVYUFXNVlIUlNaY1E3TmgzdnZQYTUwQjFha3NhalVDUXdiS1V5cmdORlRGWGl0S21UZ0xnbE5LRkp5SlhkbG5uWWVocUJxLUllZ2JJVVRjUnBQSjlkQWc?oc=5,https://news.google.com/rss/articles/CBMiuAFBVV95cUxPTEtvcUs2NUdUV0JueDd4QWt4ckswNlZkWmNvLWtzSTRWaVpuOVlUcjZHS2tLbUgtMk51cmZaVlk1ZzZTTW82Z1ppU0V1YUhldnNoT19iN1VPcTBIX2RuQTVwcHY4U0EyYlo1Ri1ZeXF4R1RzMG1pbTZ3dU9aRjF6QWFUWUVjNXNWZkdBdDhJQ213WjlnUjlHNk9kV2o2QURaMFJmem1GcGVHbUs1UVhyVWNJNi16THFT0gG-AUFVX3lxTE0wN2g1VEdPMkJiTVA5MEdQSzM0WV9EbFAxMUU5WXlGQW5IcG8yWmJxbk1LNGVxd1dLRmpkN1drczlGeDdqaGxGVmhlNHNrV0pUOXl1LVItUDktYUtNUEk0ZUxNcnhIbGNVYUFXNVlIUlNaY1E3TmgzdnZQYTUwQjFha3NhalVDUXdiS1V5cmdORlRGWGl0S21UZ0xnbE5LRkp5SlhkbG5uWWVocUJxLUllZ2JJVVRjUnBQSjlkQWc?oc=5,Disnakertrans Aceh Besar latih kemampuan komputer anak kawasan transmigrasi - ANTARA News Aceh,news.google.com,extraction_failed,2026-08-31 23:34:10
https://news.google.com/rss/articles/CBMixgFBVV95cUxObHdfdW1RenBSZmI3OE80cFFrNXZQQW5ZNEdRWGdESjd3NTRHNUNyWFg0dTNDM2tqVzE1Q1JsbkVtbHlKWHlpbzVuQnRicWRXbG5TNnlfRkc1anRncEFZSzgyMlU4UE9aNmxxVmFqVlNTcTMxWmhzUEEtOHVVNnhhdDFsOEVWejh5THdDUUVDMWdmLUdNOGVUQmtWaEZ5eUpMM01ScVB4dGd0Q1lQam1mVWNZOGlOQjc5WFZiMm5EcVJWd3VxMXc?oc=5,https://news.google.com/rss/articles/CBMixgFBVV95cUxObHdfdW1RenBSZmI3OE80cFFrNXZQQW5ZNEdRWGdESjd3NTRHNUNyWFg0dTNDM2tqVzE1Q1JsbkVtbHlKWHlpbzVuQnRicWRXbG5TNnlfRkc1anRncEFZSzgyMlU4UE9aNmxxVmFqVlNTcTMxWmhzUEEtOHVVNnhhdDFsOEVWejh5THdDUUVDMWdmLUdNOGVUQmtWaEZ5eUpMM01ScVB4dGd0Q1lQam1mVWNZOGlOQjc5WFZiMm5EcVJWd3VxMXc?oc=5,"Kembangkan Transformasi Digital, UIN Ar-Raniry Jalin Kerja Sama dengan Kementerian Kominfo - Kementerian Agama",news.google.com,extraction_failed,2026-08-31 23:34:11
https://news.google.com/rss/articles/CBMitgFBVV95cUxOYTY1NkxYWlpwUnhWMmhzUmlPWC05TmRtejNaZWotT1FCbFRaaFJQY0VTYlRRdzh5THBfQllyY1hza1VDb19Xc2NlQzl6TzFPSENKRzVYYllWRTU5UzBqZ0U0YkFQdWtXQjRxTVlzbVFYb3NMN1dWT2xZbUFEN2lRQy13aVE2aWx3T0ctUzhpaGJYLWM1X2lBWnRROW5GT1BFOUtmbnRYcXhmcjJRUHd2QW9mOVhFQdIBswFBVV95cUxPQk85a1VJenUyRm5KdnlsbVBtZ25EUnZHdFNSeGx6bGNVQ2ZIMHQ5MHJ4UjBVSUszcjdIb295NDhucTRSaFlHcEg5WDI4UkZ6eXRUTHhZR1o5NlhCU1NyNnRUam0xNDRlM3o2RnpDQ2pFeHhVY2Z0c3hEdWFRVnVOY0VBV1RXbFVwQUxESjVnVWRjaHNCV0VDS0lFUlF5TjItTDlqVXhLUXNaaEJJYXFDNFlpQQ?oc=5,https://news.google.com/rss/articles/CBMitgFBVV95cUxOYTY1NkxYWlpwUnhWMmhzUmlPWC05TmRtejNaZWotT1FCbFRaaFJQY0VTYlRRdzh5THBfQllyY1hza1VDb19Xc2NlQzl6TzFPSENKRzVYYllWRTU5UzBqZ0U0YkFQdWtXQjRxTVlzbVFYb3NMN1dWT2xZbUFEN2lRQy13aVE2aWx3T0ctUzhpaGJYLWM1X2lBWnRROW5GT1BFOUtmbnRYcXhmcjJRUHd2QW9mOVhFQdIBswFBVV95cUxPQk85a1VJenUyRm5KdnlsbVBtZ25EUnZHdFNSeGx6bGNVQ2ZIMHQ5MHJ4UjBVSUszcjdIb295NDhucTRSaFlHcEg5WDI4UkZ6eXRUTHhZR1o5NlhCU1NyNnRUam0xNDRlM3o2RnpDQ2pFeHhVY2Z0c3hEdWFRVnVOY0VBV1RXbFVwQUxESjVnVWRjaHNCV0VDS0lFUlF5TjItTDlqVXhLUXNaaEJJYXFDNFlpQQ?oc=5,Mahasiswa Pascasarjana Teknologi Informasi Unimal Bentuk Wadah Komunikasi - aceHTrend.com,news.google.com,extraction_failed,2026-08-31 23:34:11
https://news.google.com/rss/articles/CBMiqgFBVV95cUxQaHFXZmtGeHpDVmNDUEVGcElvRUpBZG9OanRiekxxT1RUVldYdlBvUENNaE5LS0kxTnM4cjR4aUF5djZpWWVyRV9vZUtERUhkRGhRWjRmSVl0UDk5ZGV5bUl5UVEzNDlLdVVSOGNvd2RNZUNKYjNRaFpZRVF5dkMwcXlqOVVCT3M4amxlRWNSTENVa3dsZDZOT2x5ZDJHaWZsaFVoTkNhVE1Pd9IBrwFBVV95cUxPVUM3SHFMNkR6V0xrdFhlWlRKZXdmUkJ6X0pVQkI4VGlTMm81VjY4SkQ3c3FWZG1vbnV1UUIzV1I2TkFPU0pxZ2pPTElGd0xDMTUwVmxWZTBzaE1PYm1UTERZQXVRNXIxcnBtSWhIdnhVWDIzT0c5VHc4YjF6QXFnS191QlJFUnlsVlc0Z2pUbGVJR1JkWmxUSkM5X3c1QkZ4dFZldGM1MlQzX3ZISm53?oc=5,https://news.google.com/rss/articles/CBMiqgFBVV95cUxQaHFXZmtGeHpDVmNDUEVGcElvRUpBZG9OanRiekxxT1RUVldYdlBvUENNaE5LS0kxTnM4cjR4aUF5djZpWWVyRV9vZUtERUhkRGhRWjRmSVl0UDk5ZGV5bUl5UVEzNDlLdVVSOGNvd2RNZUNKYjNRaFpZRVF5dkMwcXlqOVVCT3M4amxlRWNSTENVa3dsZDZOT2x5ZDJHaWZsaFVoTkNhVE1Pd9IBrwFBVV95cUxPVUM3SHFMNkR6V0xrdFhlWlRKZXdmUkJ6X0pVQkI4VGlTMm81VjY4SkQ3c3FWZG1vbnV1UUIzV1I2TkFPU0pxZ2pPTElGd0xDMTUwVmxWZTBzaE1PYm1UTERZQXVRNXIxcnBtSWhIdnhVWDIzT0c5VHc4YjF6QXFnS191QlJFUnlsVlc0Z2pUbGVJR1JkWmxUSkM5X3c1QkZ4dFZldGM1MlQzX3ZISm53?oc=5,"Perkuat transformasi teknologi, Nasabah BSI capai rekor tertinggi - ANTARA News Aceh",news.google.com,extraction_failed,2026-08-31 23:34:12
https://news.google.com/rss/articles/CBMiuAFBVV95cUxNRVVpUHMybUlzb0V0cDhjd0FqYVRtSm0tM0lERURZNzctTXVfMkVmYVpldDRlMDdLSUhPSUJfVklGUzJLZU9jMlFXVFVaX0JCblhpNE51STZtOHEtVkJ4Wm1RNXZUSU9xeDBjWlNUTXpUR3ZzX0k3Z3gtMXJsVUVOOUVRUUdWYjlMN0RSTzI3YW5JWEtQVG9Jbm9KOXgyb1l5ZjRrTlA1WnZJd01SS081N25TdFNiTDFz0gG-AUFVX3lxTFBMeDFISDlVYzNXd1VRd0w5dThMUTRUWVVCRHpOWlpjOVRKS0kxTE5fZVBuZ1BPdUtPTVlIUnMxaDNZRmx2d0dreXhiei1pTmZXVU84MzU4SnNSa2hqTjNseW9PSDhwUUgzTDdpekl5eUQySG84ZE1DMVJqdHlUcDhHTTJSRnhPcDhjLVdyM1VGTVpESzBJMllhTHZMc19SZDk4cTBsVHlnSUM2bkhrajdqOXNnVzNzUHBPNkpTUXc?oc=5,https://news.google.com/rss/articles/CBMiuAFBVV95cUxNRVVpUHMybUlzb0V0cDhjd0FqYVRtSm0tM0lERURZNzctTXVfMkVmYVpldDRlMDdLSUhPSUJfVklGUzJLZU9jMlFXVFVaX0JCblhpNE51STZtOHEtVkJ4Wm1RNXZUSU9xeDBjWlNUTXpUR3ZzX0k3Z3gtMXJsVUVOOUVRUUdWYjlMN0RSTzI3YW5JWEtQVG9Jbm9KOXgyb1l5ZjRrTlA1WnZJd01SS081N25TdFNiTDFz0gG-AUFVX3lxTFBMeDFISDlVYzNXd1VRd0w5dThMUTRUWVVCRHpOWlpjOVRKS0kxTE5fZVBuZ1BPdUtPTVlIUnMxaDNZRmx2d0dreXhiei1pTmZXVU84MzU4SnNSa2hqTjNseW9PSDhwUUgzTDdpekl5eUQySG84ZE1DMVJqdHlUcDhHTTJSRnhPcDhjLVdyM1VGTVpESzBJMllhTHZMc19SZDk4cTBsVHlnSUM2bkhrajdqOXNnVzNzUHBPNkpTUXc?oc=5,STMIK Indonesia Banda Aceh: Pilihan Terbaik untuk Pendidikan di Bidang Teknologi Informasi » - dialeksis.com,news.google.com,extraction_failed,2026-08-31 23:34:12
https://news.google.com/rss/articles/CBMiuwFBVV95cUxQcVJJcHJjSXJtQkhoWnJGTU1GYl9QckoyOW1IZUZVMERhUXJQR2NVZ3BsWlZ6Qlo1R1NSUlc1X1p3U2ZOSy1wUmFxV0FJempmT2treDFoQlRlZy1BZjVmTnBLbnIwb1pUdUFqU29uamc0U2FLWHhLQzdnR0FlVXEzWWZsM3VFay1aczFoWW1mRzVRTzVPMUFVcm5WVUVHMWNfU0hFTzZvZDhfRWM4NnJpNEc0djlXZXlhTUk0?oc=5,https://news.google.com/rss/articles/CBMiuwFBVV95cUxQcVJJcHJjSXJtQkhoWnJGTU1GYl9QckoyOW1IZUZVMERhUXJQR2NVZ3BsWlZ6Qlo1R1NSUlc1X1p3U2ZOSy1wUmFxV0FJempmT2treDFoQlRlZy1BZjVmTnBLbnIwb1pUdUFqU29uamc0U2FLWHhLQzdnR0FlVXEzWWZsM3VFay1aczFoWW1mRzVRTzVPMUFVcm5WVUVHMWNfU0hFTzZvZDhfRWM4NnJpNEc0djlXZXlhTUk0?oc=5,Walikota Luncurkan Aplikasi Digital ZISWAF Baitul Mal Banda Aceh - Pemerintah Kota Banda Aceh,news.google.com,extraction_failed,2026-08-31 23:34:12
https://news.google.com/rss/articles/CBMi0AFBVV95cUxPQWozdlU5cHhTaEpUaHU2UkdEVzlMRmVsaVk1MUw5Uy1MQzFKRkc3eFBwcHRxYlNoU2RqUmJTU2xxQndsTmlMWGFSd3RJZzdIMnM2NE9LeGdZb0psYVRaYTh1NzN5SjQ2NEpnU25jc1RjZjRKVEVycWRkZDdBZk8tNUM5cEdvclZJYml1ZVNwdW1Vbjg0T1F2Y2xFM0RXZkRscDlMQWJGOEpKUWphdEI4eUQ5TGkwenpITm5aQWthUFNwR3JTRzIyeldLV2w5SFhh?oc=5,https://news.google.com/rss/articles/CBMi0AFBVV95cUxPQWozdlU5cHhTaEpUaHU2UkdEVzlMRmVsaVk1MUw5Uy1MQzFKRkc3eFBwcHRxYlNoU2RqUmJTU2xxQndsTmlMWGFSd3RJZzdIMnM2NE9LeGdZb0psYVRaYTh1NzN5SjQ2NEpnU25jc1RjZjRKVEVycWRkZDdBZk8tNUM5cEdvclZJYml1ZVNwdW1Vbjg0T1F2Y2xFM0RXZkRscDlMQWJGOEpKUWphdEI4eUQ5TGkwenpITm5aQWthUFNwR3JTRzIyeldLV2w5SFhh?oc=5,Penmad Kanwil Kemenag Aceh; Digitalisasi Tata Kelola Madrasah Implementasi Asta Protas - Kantor Wilayah Kementerian Agama Provinsi Aceh,news.google.com,extraction_failed,2026-08-31 23:34:12
https://news.google.com/rss/articles/CBMiqAFBVV95cUxOLUFXcGV3X2xobzB6WG5yS0pFejVBRzZQY2MzaVIyR0Ytd1BTVzg2aEdUVWZVM0pDRThuN1Q4dDRhOHpTWEdza3BwSjZOU1VWajl4ZnA0YUhpaWNWU1FOTTN3RUlGMVZoaXU4dEk3a254WVdHd2xFNFNuVkoxMVlxVExUMWtCRmJZNXhuM2VlNEw5SjlvWXpDa1RxV2I4U19Rbnp3Tl9aQ07SAa4BQVVfeXFMUF9nZDh1WTNjSXlTdFQwSTNzNlFuRy1TUHJGQTM2ZnRJcjNDcDVHZE1WOElKTUVBQUhKVElDd0JOVkdKYVNpOFhPNi0wRmJRTVdyMnhCWGl4aVdyNVVzMHdKSzR0SWE4YnhvY1ZRMGRISUx6QVkyX29FekpmclhxNElvdXRReHg5eGN3b1NsU3FKWVZxcXdwQ3gzNlc0OTFIZ1lwam1OWGNiMll5aGRn?oc=5,https://news.google.com/rss/articles/CBMiqAFBVV95cUxOLUFXcGV3X2xobzB6WG5yS0pFejVBRzZQY2MzaVIyR0Ytd1BTVzg2aEdUVWZVM0pDRThuN1Q4dDRhOHpTWEdza3BwSjZOU1VWajl4ZnA0YUhpaWNWU1FOTTN3RUlGMVZoaXU4dEk3a254WVdHd2xFNFNuVkoxMVlxVExUMWtCRmJZNXhuM2VlNEw5SjlvWXpDa1RxV2I4U19Rbnp3Tl9aQ07SAa4BQVVfeXFMUF9nZDh1WTNjSXlTdFQwSTNzNlFuRy1TUHJGQTM2ZnRJcjNDcDVHZE1WOElKTUVBQUhKVElDd0JOVkdKYVNpOFhPNi0wRmJRTVdyMnhCWGl4aVdyNVVzMHdKSzR0SWE4YnhvY1ZRMGRISUx6QVkyX29FekpmclhxNElvdXRReHg5eGN3b1NsU3FKWVZxcXdwQ3gzNlc0OTFIZ1lwam1OWGNiMll5aGRn?oc=5,Pemkab Aceh Selatan perkuat perlindungan data pemerintah daerah - ANTARA News Aceh,news.google.com,extraction_failed,2026-08-31 23:34:12
https://news.google.com/rss/articles/CBMiowFBVV95cUxOSFFybUpiMHA0U1RuQ3MwY2pWelA4VmYwenFiN1hEeDUzbGtkX1RLeWl5Zkw3YXhhV3VWWkpDQmt1Yk5lNHlPTDIyVXNuZVpjMUpqSGNJd1p0SnBYakllejRrcGpucEtwamd2MTdtcEFoYkVaRGoxWXpsQjRsbHZCQzF3RmlNall0ZG1IdEE5UzkzczBKQXYxZHZ1SF96Z05seVVv0gGoAUFVX3lxTE53bUtSeWRPZ09iQmJqSjB3R1hLT1REWjI1THFWbUtBVEFQVDlxQ0pSS1VxbElGZzVvU0FRVUEtdzB0ekQwRThCY2M2dklpSHhFZzYwNnpLSmhpMWY2T2NzVV83djJ1cEJpUmJHbUh4bklDenprS0hTY3ZUX0NUdWxUZUVPRkRvNWl2UHFvV2pXejNhcWd3WXRuTUtWX3g4RWREYVh5elFqUw?oc=5,https://news.google.com/rss/articles/CBMiowFBVV95cUxOSFFybUpiMHA0U1RuQ3MwY2pWelA4VmYwenFiN1hEeDUzbGtkX1RLeWl5Zkw3YXhhV3VWWkpDQmt1Yk5lNHlPTDIyVXNuZVpjMUpqSGNJd1p0SnBYakllejRrcGpucEtwamd2MTdtcEFoYkVaRGoxWXpsQjRsbHZCQzF3RmlNall0ZG1IdEE5UzkzczBKQXYxZHZ1SF96Z05seVVv0gGoAUFVX3lxTE53bUtSeWRPZ09iQmJqSjB3R1hLT1REWjI1THFWbUtBVEFQVDlxQ0pSS1VxbElGZzVvU0FRVUEtdzB0ekQwRThCY2M2dklpSHhFZzYwNnpLSmhpMWY2T2NzVV83djJ1cEJpUmJHbUh4bklDenprS0hTY3ZUX0NUdWxUZUVPRkRvNWl2UHFvV2pXejNhcWd3WXRuTUtWX3g4RWREYVh5elFqUw?oc=5,Pemkab Aceh Selatan susun rencana induk program kota pintar - ANTARA News Aceh,news.google.com,extraction_failed,2026-08-31 23:34:13
https://news.google.com/rss/articles/CBMizgFBVV95cUxPU050SjFKdG9aT05EbHY1N0FKZTF6V2dlaVNBakZlMml6VGtid1A0Uk1mRVdkNFdydHJEdzdaMFdsZ2VyU0phWWFSWXZxTGJzd1dpSGkzeE5sYy14aXpzNnlQN3pPS3J3by12LXBJcGZ5RUNNQ0NwaE5hQWxUUEtGd2owaVdrWGpPRGNmbUVwUTQ2VlJiYk1BS1pONUxNZEdxTTZMSWJndkowQ2FTa0tBTmd0eDZhUEJfem5kWU9OT283Z2pDSU0wQW50UVp0Zw?oc=5,https://news.google.com/rss/articles/CBMizgFBVV95cUxPU050SjFKdG9aT05EbHY1N0FKZTF6V2dlaVNBakZlMml6VGtid1A0Uk1mRVdkNFdydHJEdzdaMFdsZ2VyU0phWWFSWXZxTGJzd1dpSGkzeE5sYy14aXpzNnlQN3pPS3J3by12LXBJcGZ5RUNNQ0NwaE5hQWxUUEtGd2owaVdrWGpPRGNmbUVwUTQ2VlJiYk1BS1pONUxNZEdxTTZMSWJndkowQ2FTa0tBTmd0eDZhUEJfem5kWU9OT283Z2pDSU0wQW50UVp0Zw?oc=5,Komnas HAM Perwakilan Aceh Bersama Kanwil KemenkumHAM A... - komnasham,news.google.com,extraction_failed,2026-08-31 23:34:13
https://news.google.com/rss/articles/CBMisgJBVV95cUxPMjRjbmJhWW0zRnd3Qy1Bc25DTEFQZHBPMGtQa3BQYjZHWU5OSXZGeklfZGlaaWpIbXEtVlRkV2tydGFlUTRoUk5lTmw3MzNfOTZHd08xUFBJQnR6RUI1ZXFOS0p1ZFFqNE43OFkwQ2dEMFczczRSTHY0Wjc0dDh1Nmw1N0RmUklsNGpJRldZNWtrcjVFbVVTbFlCVlUyQmlMM0FnRTdLbnRZZ0U5Wmx4M1U1Q3VENDVyX1FUZFZLOEQwSG9pbjJERldMZlVhRVhNQUJYTmt1NUNZR1AwNFgtUnI2QmNLd2E2UnY0NnJNdldpRV9VSE9Xek1HVGJocWtJMnVoZTJESWYyektSeGxfSGFCTGthMkNXMDVRMF81Y3F2Umd4aUdmZ2pmemRieDhPclE?oc=5,https://news.google.com/rss/articles/CBMisgJBVV95cUxPMjRjbmJhWW0zRnd3Qy1Bc25DTEFQZHBPMGtQa3BQYjZHWU5OSXZGeklfZGlaaWpIbXEtVlRkV2tydGFlUTRoUk5lTmw3MzNfOTZHd08xUFBJQnR6RUI1ZXFOS0p1ZFFqNE43OFkwQ2dEMFczczRSTHY0Wjc0dDh1Nmw1N0RmUklsNGpJRldZNWtrcjVFbVVTbFlCVlUyQmlMM0FnRTdLbnRZZ0U5Wmx4M1U1Q3VENDVyX1FUZFZLOEQwSG9pbjJERldMZlVhRVhNQUJYTmt1NUNZR1AwNFgtUnI2QmNLd2E2UnY0NnJNdldpRV9VSE9Xek1HVGJocWtJMnVoZTJESWYyektSeGxfSGFCTGthMkNXMDVRMF81Y3F2Umd4aUdmZ2pmemRieDhPclE?oc=5,Lulus Tanpa Skripsi? Naufal Maulana Mahasiswa Pendidikan Teknologi Informasi UIN Ar-Raniry Ini Buktikan Bisa Lulus Jalur Non-Skripsi - Kompasiana.com,news.google.com,extraction_failed,2026-08-31 23:34:14
https://news.google.com/rss/articles/CBMirAFBVV95cUxQdmZzem0xcFZuRU9Bc0h2MF9DUDVMRTBnelI3R211NGJic19YbEJDY184MkRHNzRWWDVvN3Vjc3hfbGIxbVUzNTJ0Slh2SzN0REdOWVNCSGk1TW42VkpqMGZTM0h6endMb0x1aEEyN002YU4wRHdUT3U5bU9ZOHdTd2RjdEduX3RaaU9BRzFRRDRfTVEzQ3NIWENEVWRySjZSMjNrOWRMXzdNMldu?oc=5,https://news.google.com/rss/articles/CBMirAFBVV95cUxQdmZzem0xcFZuRU9Bc0h2MF9DUDVMRTBnelI3R211NGJic19YbEJDY184MkRHNzRWWDVvN3Vjc3hfbGIxbVUzNTJ0Slh2SzN0REdOWVNCSGk1TW42VkpqMGZTM0h6endMb0x1aEEyN002YU4wRHdUT3U5bU9ZOHdTd2RjdEduX3RaaU9BRzFRRDRfTVEzQ3NIWENEVWRySjZSMjNrOWRMXzdNMldu?oc=5,Rektor UIN Ar-Raniry Berikan Satyalancana Karya Satya kepada 38 ASN pada Upacara HUT ke-80 RI - Laman 2 dari 2 - Warta Ar-Raniry,news.google.com,extraction_failed,2026-08-31 23:34:14
https://news.google.com/rss/articles/CBMijwFBVV95cUxOUmdxR2d6dU5tVWtUcFZrTnZ2YlgzRkNWQTNwbWRDN2ptYjViNlVCckRaR0RZclpSaHhhZk05SkFDeEtEOVc0NjN0QWlDLWZSejZERmJRWWZjblZFRlF1M1JRMEh0Yk4tbU85T2gtazdJd2xtQmVNS3l1bzNFN09veVd5SXV3SlgzdEJVekJpQQ?oc=5,https://news.google.com/rss/articles/CBMijwFBVV95cUxOUmdxR2d6dU5tVWtUcFZrTnZ2YlgzRkNWQTNwbWRDN2ptYjViNlVCckRaR0RZclpSaHhhZk05SkFDeEtEOVc0NjN0QWlDLWZSejZERmJRWWZjblZFRlF1M1JRMEh0Yk4tbU85T2gtazdJd2xtQmVNS3l1bzNFN09veVd5SXV3SlgzdEJVekJpQQ?oc=5,Bupati Terima Audiensi PT. Hallo Indonesia Teknologi - Prokopim Aceh Tengah,news.google.com,extraction_failed,2026-08-31 23:34:14
https://news.google.com/rss/articles/CBMitwFBVV95cUxPSGtzLVBReGJzSjVGdGdjRUhzZF9ncGxfNl9VeWFOWW5jcmU1d0tNVVgtcXBSdnJRcGRscF9wbC00QVVLdXZwSTRhQzFTZDFSVEhfRFZXWE1xLUdmaG5IX2taUXlaUFhLMXdGZWowSmZlMUMtb2J2a21ZOUZocWQyRFZEbEJ5N3VWdEVNMERGZTg0d01mV3U5QzhEZlVYbWhWZE82NS1ORFF1QklmYWdfemQyc1NsYXc?oc=5,https://news.google.com/rss/articles/CBMitwFBVV95cUxPSGtzLVBReGJzSjVGdGdjRUhzZF9ncGxfNl9VeWFOWW5jcmU1d0tNVVgtcXBSdnJRcGRscF9wbC00QVVLdXZwSTRhQzFTZDFSVEhfRFZXWE1xLUdmaG5IX2taUXlaUFhLMXdGZWowSmZlMUMtb2J2a21ZOUZocWQyRFZEbEJ5N3VWdEVNMERGZTg0d01mV3U5QzhEZlVYbWhWZE82NS1ORFF1QklmYWdfemQyc1NsYXc?oc=5,"Banda Aceh Raih Juara Umum LKS Aceh 2021, Aminullah Beri Apresiasi - Diskominfo Banda Aceh",news.google.com,extraction_failed,2026-08-31 23:34:14
https://news.google.com/rss/articles/CBMisAFBVV95cUxQZ01DY3AydHgycTQ2MmxBLVd5NUZCcFhkTUxfTEh6dGIwRmFFV2lacnNZd05helZxX2lUclh3bkF1NUdlSFVpa1ZvUVI3eTBiTzhnbVVEcXJYUWt4anRJZGZaX21BaWNKU0VNQ3g4UklnOWNBUXpmeGNYNU5nVWFKNmVPN1FIdkVsRWp1TDJ6NzV3UEIyVm5GQXI3NHFKN2xadXc2N0ZqVEhnZG5sTzhiRw?oc=5,https://news.google.com/rss/articles/CBMisAFBVV95cUxQZ01DY3AydHgycTQ2MmxBLVd5NUZCcFhkTUxfTEh6dGIwRmFFV2lacnNZd05helZxX2lUclh3bkF1NUdlSFVpa1ZvUVI3eTBiTzhnbVVEcXJYUWt4anRJZGZaX21BaWNKU0VNQ3g4UklnOWNBUXpmeGNYNU5nVWFKNmVPN1FIdkVsRWp1TDJ6NzV3UEIyVm5GQXI3NHFKN2xadXc2N0ZqVEhnZG5sTzhiRw?oc=5,Komisi Informasi Aceh Apresiasi Upaya Pemko Banda Aceh Tingkatkan Layanan Publik Digital - Waspada Online,news.google.com,extraction_failed,2026-08-31 23:34:15
https://news.google.com/rss/articles/CBMirwFBVV95cUxPTVJSTTJpNEpXVlBwWlFmclFwdm0wVDhqcWp1amVOVVpYYmFJTUFPNjRLQ0lfek9CQ1V0TXozLWFLdDVFWEFrald0OGh6QkFDT0hvLTdBa0NMRkNUeTJIRFJBalRrTDVXbDZXaWg1SFlwb3ZMLUhFUWprbVMwR3RtZ1dfWkxrMUxEbWZ5am41ZklxWFVkT0gtbFVxSFVhMXJtUjhvdm1TWUNtdWRkOWww?oc=5,https://news.google.com/rss/articles/CBMirwFBVV95cUxPTVJSTTJpNEpXVlBwWlFmclFwdm0wVDhqcWp1amVOVVpYYmFJTUFPNjRLQ0lfek9CQ1V0TXozLWFLdDVFWEFrald0OGh6QkFDT0hvLTdBa0NMRkNUeTJIRFJBalRrTDVXbDZXaWg1SFlwb3ZMLUhFUWprbVMwR3RtZ1dfWkxrMUxEbWZ5am41ZklxWFVkT0gtbFVxSFVhMXJtUjhvdm1TWUNtdWRkOWww?oc=5,Pemkab Aceh Barat Siapkan Announcement Room untuk Percepat SPBE dan Smart City Meulaboh - NOA.co.id,news.google.com,extraction_failed,2026-08-31 23:34:15
https://news.google.com/rss/articles/CBMinAFBVV95cUxOdGlud05ySUppVmY5SkZMUjN0TzZ3Z01NVVpHbzVvYjhXWk1kMjJiUmVvR2xha1hJWEtGRldnNGRvOWV3aUtMb2pFRGd4WnlfdlpzeEFxYlM1Z2ZiakJfY2U5eWJZaGFwRjZ2TUhzclU5WmdXYllDTS1aR19DaElkV0lIOE81bVVUUzJaSjBydFJ5aXNaX2J4YnIydVnSAaIBQVVfeXFMUEs4cHU3VGRtWFdvSFREREhkTVFNZUlKZHUza0ZKVWdZUGF5YTU4ekdqVkNKN2o5ZmZRWDlaN3d2UzFnb25VREFaX1pqNFo5Y0NTbXhVc25zam9Xekc5QUc3TUZqSjNFSmJhcFMzRVUxdFN0QXU4VGV4WG5hNjdpR21uN1dJT0RwYzJFcFBEQkEtRElrUXZNc19EazdoZUVWUmhn?oc=5,https://news.google.com/rss/articles/CBMinAFBVV95cUxOdGlud05ySUppVmY5SkZMUjN0TzZ3Z01NVVpHbzVvYjhXWk1kMjJiUmVvR2xha1hJWEtGRldnNGRvOWV3aUtMb2pFRGd4WnlfdlpzeEFxYlM1Z2ZiakJfY2U5eWJZaGFwRjZ2TUhzclU5WmdXYllDTS1aR19DaElkV0lIOE81bVVUUzJaSjBydFJ5aXNaX2J4YnIydVnSAaIBQVVfeXFMUEs4cHU3VGRtWFdvSFREREhkTVFNZUlKZHUza0ZKVWdZUGF5YTU4ekdqVkNKN2o5ZmZRWDlaN3d2UzFnb25VREFaX1pqNFo5Y0NTbXhVc25zam9Xekc5QUc3TUZqSjNFSmJhcFMzRVUxdFN0QXU4VGV4WG5hNjdpR21uN1dJT0RwYzJFcFBEQkEtRElrUXZNc19EazdoZUVWUmhn?oc=5,Thaliban Aceh: Banyak Dayah Berbasis Teknologi Informasi - ANTARA News Aceh,news.google.com,extraction_failed,2026-08-31 23:34:15
https://news.google.com/rss/articles/CBMinwFBVV95cUxNTUxFVnJDLVBnYVQ4OWJlaTRNb3RYOE55ODMyaEtPTFYtTnY3ZWFQN3RyTldpSEJaSlVWSDhWTDA3MkpNdGdIYVJUTTY1T08zT3pueVFaSTFWaUpSNVVMSzY0SG9EWm5ZWlZLLXByZ3JfMWF0VE9iVEREaWZwbVdDMFhza3dubjlwMF9rOEh1Y2s3QjA1M0RvaEV1UlJDOUXSAaQBQVVfeXFMTkU4TkxtZ0VJLWdadklpa2FVTUdNWGRCRURyOGJoRU9ET2NneDRIeGJmNE9CaUlkMW9KcGhXQ1dMTElQd3dBTGNHVlk5UlE1Sk9pY1N5NWVQTGNCRzFGUUVURENPTHFaelRoSUxjRVM0Z1NHUE5DX3cwQ0F5bktlNDFhNmstc0NUaGlaTmRpOHIzQ20wSUE4RS03WHlrdm5BM1A2cTU?oc=5,https://news.google.com/rss/articles/CBMinwFBVV95cUxNTUxFVnJDLVBnYVQ4OWJlaTRNb3RYOE55ODMyaEtPTFYtTnY3ZWFQN3RyTldpSEJaSlVWSDhWTDA3MkpNdGdIYVJUTTY1T08zT3pueVFaSTFWaUpSNVVMSzY0SG9EWm5ZWlZLLXByZ3JfMWF0VE9iVEREaWZwbVdDMFhza3dubjlwMF9rOEh1Y2s3QjA1M0RvaEV1UlJDOUXSAaQBQVVfeXFMTkU4TkxtZ0VJLWdadklpa2FVTUdNWGRCRURyOGJoRU9ET2NneDRIeGJmNE9CaUlkMW9KcGhXQ1dMTElQd3dBTGNHVlk5UlE1Sk9pY1N5NWVQTGNCRzFGUUVURENPTHFaelRoSUxjRVM0Z1NHUE5DX3cwQ0F5bktlNDFhNmstc0NUaGlaTmRpOHIzQ20wSUE4RS03WHlrdm5BM1A2cTU?oc=5,"DEM Aceh Resmi Luncurkan Website, Perluas Jangkauan dan Literasi Energi » - dialeksis.com",news.google.com,extraction_failed,2026-08-31 23:34:15
https://news.google.com/rss/articles/CBMitAFBVV95cUxPbFAtcmZqX2U4MGtCUFJhUE5pc0xVQ0poLUVyVEdSZXkzRzV1LXpyZ3JmZV8xN3ptcmhHQlNJUDZ5TWtRcU0wVHpieDRZS25QeTJqUmhrMmVXdVU5RkJyWjIzckRyZDM4bkhGWHVDV0RPOHZxbTlHendPazN1bFYwVjVKVktPRUd0UGdFeG04UUhSOEdpck9JeF9naTFVUUdFbmh6TWYxaHVvX2g2T2lvX1JZbVo?oc=5,https://news.google.com/rss/articles/CBMitAFBVV95cUxPbFAtcmZqX2U4MGtCUFJhUE5pc0xVQ0poLUVyVEdSZXkzRzV1LXpyZ3JmZV8xN3ptcmhHQlNJUDZ5TWtRcU0wVHpieDRZS25QeTJqUmhrMmVXdVU5RkJyWjIzckRyZDM4bkhGWHVDV0RPOHZxbTlHendPazN1bFYwVjVKVktPRUd0UGdFeG04UUhSOEdpck9JeF9naTFVUUdFbmh6TWYxaHVvX2g2T2lvX1JZbVo?oc=5,Kadisdik: Program Merdeka Belajar Bisa Jadi Solusi Peningkatan Kualitas Pendidikan di Aceh - Waspada Aceh,news.google.com,extraction_failed,2026-08-31 23:34:15
https://news.google.com/rss/articles/CBMirgFBVV95cUxPRUNhWV9XNzFNSXVySk45YVA4MXhOekRoQ2pPY05lZWdobGVKeTVYRWd3OWdKck01bVFfUUhjMkVPRk8wdThZYWJHamhSeVUxMDlBbGtwQUEyNTN4VlRzVXM0RWdVWWdQYlVxMHhYQU5jZ216QzNNU1NKSzUtR1kyTk5PZk1YeHJ0WWZoZF9wTnpzLUhRZC13R0VDMkVUZF9ZaUk2NlpsZXQ3amhBTUHSAbMBQVVfeXFMT1cyV3A4T0ZxX2F3Z0RyOXpqUWVENnY2VGVYNW1aV0plVGxnSDVNSXprUnBNSm9jR3RSVkdkdnFuc19sNG9iV05CenZsYXNubkFUQ1o3dlctanRoQS0yVzNmT2E1RVFqSU5pWjluclZ6YTZkNDZudGZNQVBxekhZNE12emVYbzJnVVpaYjkzSWFHN01oNUo0TlFSUUhKNHppdWx5a1VlR01CbjlwS1VwRVlBMUE?oc=5,https://news.google.com/rss/articles/CBMirgFBVV95cUxPRUNhWV9XNzFNSXVySk45YVA4MXhOekRoQ2pPY05lZWdobGVKeTVYRWd3OWdKck01bVFfUUhjMkVPRk8wdThZYWJHamhSeVUxMDlBbGtwQUEyNTN4VlRzVXM0RWdVWWdQYlVxMHhYQU5jZ216QzNNU1NKSzUtR1kyTk5PZk1YeHJ0WWZoZF9wTnpzLUhRZC13R0VDMkVUZF9ZaUk2NlpsZXQ3amhBTUHSAbMBQVVfeXFMT1cyV3A4T0ZxX2F3Z0RyOXpqUWVENnY2VGVYNW1aV0plVGxnSDVNSXprUnBNSm9jR3RSVkdkdnFuc19sNG9iV05CenZsYXNubkFUQ1o3dlctanRoQS0yVzNmT2E1RVFqSU5pWjluclZ6YTZkNDZudGZNQVBxekhZNE12emVYbzJnVVpaYjkzSWFHN01oNUo0TlFSUUhKNHppdWx5a1VlR01CbjlwS1VwRVlBMUE?oc=5,RTIK minta daerah di Aceh aktif edukasi literasi digital bagi warga - ANTARA News Aceh,news.google.com,extraction_failed,2026-08-31 23:34:16
https://news.google.com/rss/articles/CBMiggFBVV95cUxQUDZZZVVWZ1NVR2dlZkIxT19yTTFfYmY2U2htZEJpejB6dDZNd0VPUUJfVWJWMERCaEk4TGtqaU1ERk5mdXdURy1Ra2pSZUYwaExESkIzVVBMTFRsUWg0QjRDTkNvWFRmZlczaTZyZlhOM19aTVZ3djRsNnZlVlh0R2xB?oc=5,https://news.google.com/rss/articles/CBMiggFBVV95cUxQUDZZZVVWZ1NVR2dlZkIxT19yTTFfYmY2U2htZEJpejB6dDZNd0VPUUJfVWJWMERCaEk4TGtqaU1ERk5mdXdURy1Ra2pSZUYwaExESkIzVVBMTFRsUWg0QjRDTkNvWFRmZlczaTZyZlhOM19aTVZ3djRsNnZlVlh0R2xB?oc=5,Jubir Pemko Banda Aceh Jawab Isu Pemko Bayar Buzzer - Waspada Aceh,news.google.com,extraction_failed,2026-08-31 23:34:16
https://news.google.com/rss/articles/CBMimAFBVV95cUxNS0I0UVlmOUNpc1VEeldSZU5mcGFnSFRNUW5xR2VSbUR5ejkyckhxZ3dweFpaNUQ2X20zNXkwVTdYM0hxZ09IekQ2ZTk0WUlsb3kzNG9Lb3JIUUo3OGctN1EtU1laN3VVS1JSZGNkUUZ0akppLXJMZXlTMGRkWF9hMEhKNngyTVFHN1VfUmFoZzZsQmI3TGZvaNIBngFBVV95cUxQUGVYSnUxUkZxRHJSU1pxVGJnWUdxclBYNXlIVWpkazkzb2RJV1o5dlN5UXBMdVdaSTY0NXlHTE92bGJGb1RFdFJMU0RGaTViRHhNYTc0T3paOGtBbkVneVNyZ1ZoVEhzajN0VFozd3B4d3JwUmxLRTBUaXJOZ19DYTZER05RbDFSdGEtbkJvOXZQQzNUTTZ6bnFRb0xHZw?oc=5,https://news.google.com/rss/articles/CBMimAFBVV95cUxNS0I0UVlmOUNpc1VEeldSZU5mcGFnSFRNUW5xR2VSbUR5ejkyckhxZ3dweFpaNUQ2X20zNXkwVTdYM0hxZ09IekQ2ZTk0WUlsb3kzNG9Lb3JIUUo3OGctN1EtU1laN3VVS1JSZGNkUUZ0akppLXJMZXlTMGRkWF9hMEhKNngyTVFHN1VfUmFoZzZsQmI3TGZvaNIBngFBVV95cUxQUGVYSnUxUkZxRHJSU1pxVGJnWUdxclBYNXlIVWpkazkzb2RJV1o5dlN5UXBMdVdaSTY0NXlHTE92bGJGb1RFdFJMU0RGaTViRHhNYTc0T3paOGtBbkVneVNyZ1ZoVEhzajN0VFozd3B4d3JwUmxLRTBUaXJOZ19DYTZER05RbDFSdGEtbkJvOXZQQzNUTTZ6bnFRb0xHZw?oc=5,"Dipercayakan Mendagri, Mahyuzar Ditunjuk Jadi Pj Bupati Aceh Utara » - dialeksis.com",news.google.com,extraction_failed,2026-08-31 23:34:17
https://news.google.com/rss/articles/CBMitwFBVV95cUxOejJ3SGcwQ2UzTG1sb2k4ZzRRRGs4NHpQYkl4ZlUxY2tmSDNwQ0xaRFQ2SFlUSHJKWjdzVUNUaGtUODdoS0ZDc0N1ZmF0d0JpYWFiWUpKSm5qSFpvVjlidGtsT3habm5LRWZWbTF6dmNpVVEyMjIwVjJSem9DS1EwZzdLdDJjcS1zQVRkcE9LUl9KY3hKTFVDWmtVX1dyZ2hYUk1OanNJVUpQdU5yUXVMLVlqRmM0bmM?oc=5,https://news.google.com/rss/articles/CBMitwFBVV95cUxOejJ3SGcwQ2UzTG1sb2k4ZzRRRGs4NHpQYkl4ZlUxY2tmSDNwQ0xaRFQ2SFlUSHJKWjdzVUNUaGtUODdoS0ZDc0N1ZmF0d0JpYWFiWUpKSm5qSFpvVjlidGtsT3habm5LRWZWbTF6dmNpVVEyMjIwVjJSem9DS1EwZzdLdDJjcS1zQVRkcE9LUl9KY3hKTFVDWmtVX1dyZ2hYUk1OanNJVUpQdU5yUXVMLVlqRmM0bmM?oc=5,"Rakornis Digelar, Ini Harapan Kepala Dinas Perpustakaan dan Kearsipan Aceh - ACEH BISNIS",news.google.com,extraction_failed,2026-08-31 23:34:17
https://news.google.com/rss/articles/CBMi4wFBVV95cUxNRnJKVDh4ZGEzVWM0Mk9uN0JKdHlGNlg5WlB3cFFjeDhxQnNGQ0hSb0tLS0ZSUEJ0X1paTXJRZk9TTEFBSU1fTFNfYW5Lekl2OTFGUTNnR09jOEZZdVhBSHZzOXlTeVBpZl9SMl9zeG5KOXUxMFJVQ1cyWWN1UEFBZTlrSVNoUjdSUkg3M1RVQ1VmUFY0OEhMaF9aTjJKZmxrN1ExVUFZWjJsVnAxZ1QyQ3dELWRiSmN3Q1lYaEp5SGdmVXFUd29sRGVFUWFoUkdZcWF6VTZyTnVENzdUTXdBT2VpRQ?oc=5,https://news.google.com/rss/articles/CBMi4wFBVV95cUxNRnJKVDh4ZGEzVWM0Mk9uN0JKdHlGNlg5WlB3cFFjeDhxQnNGQ0hSb0tLS0ZSUEJ0X1paTXJRZk9TTEFBSU1fTFNfYW5Lekl2OTFGUTNnR09jOEZZdVhBSHZzOXlTeVBpZl9SMl9zeG5KOXUxMFJVQ1cyWWN1UEFBZTlrSVNoUjdSUkg3M1RVQ1VmUFY0OEhMaF9aTjJKZmxrN1ExVUFZWjJsVnAxZ1QyQ3dELWRiSmN3Q1lYaEp5SGdmVXFUd29sRGVFUWFoUkdZcWF6VTZyTnVENzdUTXdBT2VpRQ?oc=5,"Pengurus DPW MOI Aceh Resmi Dilantik, Ketum: Informasi Digital Terus Berkembang Berita Jurnalis Harus Valid - acehstandar.com",news.google.com,extraction_failed,2026-08-31 23:34:17
https://news.google.com/rss/articles/CBMiqAFBVV95cUxQYlhqcnY0aFhFUEo0T1M1bTd6VDJaeXNpTTBoSkVycTlSVE9BcVFvLThxSlJEcWJCZDZSVUxaZF92MFVZU0J6dmEweE51cUx1dWdqRFMxYkZBZzJ5b3BONk5mWXJDcFExQVNrUlpFS0d4c0JpdFFrUkVxNWhqQ3VBUWZuV1NjQUpma254NEphVTBpVUNJRzJfWjE4bXJTaGpJdGphQTlSd2zSAa4BQVVfeXFMT1c2WmRCcFkwNHpMcVg0MUtUUk14WDhLUngtN3NhSzBVQ0JvRTd2MnUzTlBudVFjUUM0eDNhSm9yZXFneTJ6UEdzNzhBVEdIOGxFaERLbnBiYUc4TXhQNXNCNkdrOUVPUFA4eHFfUVV4TjJzaTEwQkh3SDZxRF9IUG9Rck5lZU1HaGxJdDl3NEdMeEw4QVJZeTEtUW1YSGxadlFJVXlmLVB6Y2kyTHlB?oc=5,https://news.google.com/rss/articles/CBMiqAFBVV95cUxQYlhqcnY0aFhFUEo0T1M1bTd6VDJaeXNpTTBoSkVycTlSVE9BcVFvLThxSlJEcWJCZDZSVUxaZF92MFVZU0J6dmEweE51cUx1dWdqRFMxYkZBZzJ5b3BONk5mWXJDcFExQVNrUlpFS0d4c0JpdFFrUkVxNWhqQ3VBUWZuV1NjQUpma254NEphVTBpVUNJRzJfWjE4bXJTaGpJdGphQTlSd2zSAa4BQVVfeXFMT1c2WmRCcFkwNHpMcVg0MUtUUk14WDhLUngtN3NhSzBVQ0JvRTd2MnUzTlBudVFjUUM0eDNhSm9yZXFneTJ6UEdzNzhBVEdIOGxFaERLbnBiYUc4TXhQNXNCNkdrOUVPUFA4eHFfUVV4TjJzaTEwQkh3SDZxRF9IUG9Rck5lZU1HaGxJdDl3NEdMeEw4QVJZeTEtUW1YSGxadlFJVXlmLVB6Y2kyTHlB?oc=5,"Menyongsong Society 5.0, Kanwil Kemenag Aceh Lancarkan Program Madrasah Digital » - dialeksis.com",news.google.com,extraction_failed,2026-08-31 23:34:17
https://news.google.com/rss/articles/CBMilAFBVV95cUxOWFFESzZ2aTRKeEhZSkd1RTRESDZHaEtlcGNhTzZ0ellwWDVaSUtSMDFLZG9GMTNqSEx2VmxOV3FNWWx6V1hxVklzOVJSbDlJRlRqQVJwX0R4RWVBTHFMTUgwSHJUNU8zeGdwbkxHNmNyN2tlNlFyQVdEY0JmSFF1azFSNkJfWngzTFdqYVJWRFRzcFBP0gGaAUFVX3lxTE9QQmlxazRaOXdLS0lIb2VnUURkd1JkNUZVMVpvY0VHb1Rpcy1LSkFjRDduNFlydElxb0l4RkdZTS1McWRJSDZaeFhnNUI4VmllRHd3OThreEYxLVVqWkEwYkdWbG8zOW05VGxqVmtnczJoNlVHNko5TENYTEFVdUFoZkswZC1OUkI0MmNuT1RvSXdXalZ2VjloMGc?oc=5,https://news.google.com/rss/articles/CBMilAFBVV95cUxOWFFESzZ2aTRKeEhZSkd1RTRESDZHaEtlcGNhTzZ0ellwWDVaSUtSMDFLZG9GMTNqSEx2VmxOV3FNWWx6V1hxVklzOVJSbDlJRlRqQVJwX0R4RWVBTHFMTUgwSHJUNU8zeGdwbkxHNmNyN2tlNlFyQVdEY0JmSFF1azFSNkJfWngzTFdqYVJWRFRzcFBP0gGaAUFVX3lxTE9QQmlxazRaOXdLS0lIb2VnUURkd1JkNUZVMVpvY0VHb1Rpcy1LSkFjRDduNFlydElxb0l4RkdZTS1McWRJSDZaeFhnNUI4VmllRHd3OThreEYxLVVqWkEwYkdWbG8zOW05VGxqVmtnczJoNlVHNko5TENYTEFVdUFoZkswZC1OUkI0MmNuT1RvSXdXalZ2VjloMGc?oc=5,Pejabat Kemenkumham Aceh dilantik secara virtual - ANTARA News Aceh,news.google.com,extraction_failed,2026-08-31 23:34:18
https://news.google.com/rss/articles/CBMipwFBVV95cUxOd0tsN3AxSFMtY1NQU3lneS1rN1AyckM0LWhhWjlRTjVzbmxldXloRVZGdGZTXzlzZmNPeEExeGtqMGNaX1dwaS05MVJsdHdPVWItVkpBNjZoUWZZRGVUblBETHk5U1AxS1lsSC1ZY0pKdFRXRDBqWHBpU0tyWElaQ2lkV1NIUnp4dl9hUkhkVkdqV3RDemtnTlV3WEJ2azhzR1hWalZYdw?oc=5,https://news.google.com/rss/articles/CBMipwFBVV95cUxOd0tsN3AxSFMtY1NQU3lneS1rN1AyckM0LWhhWjlRTjVzbmxldXloRVZGdGZTXzlzZmNPeEExeGtqMGNaX1dwaS05MVJsdHdPVWItVkpBNjZoUWZZRGVUblBETHk5U1AxS1lsSC1ZY0pKdFRXRDBqWHBpU0tyWElaQ2lkV1NIUnp4dl9hUkhkVkdqV3RDemtnTlV3WEJ2azhzR1hWalZYdw?oc=5,"Kembangkan Sistem Informasi Masjid, DSI Gandeng IDEA - Dinas Syariat Islam Kota Banda Aceh",news.google.com,extraction_failed,2026-08-31 23:34:18
https://news.google.com/rss/articles/CBMiqgFBVV95cUxPdEd4UDk5MXZSUXdJck9NU0JUR0NVbjNneXFkY2ZWZENUd0ZqTDVOTVhWamZGV0JBV3hqTVlLYmJlako3QU5Wcnc3MTJIRFFkd2FBOWZsN04wajlRaXY1aVRQcjhMcUlWcW5EdzNMNGZ2eWIxbWdoLTlhWGFOb0lGRDhIOEV6dmhIc1k3Y3ZOd3pXaDc1bnRYTkl6RTdMLWZtSGNLYklMOUljUdIBpwFBVV95cUxNaEhnTjVpZEMwVVk0VWpMZFE5UkE0YjJpVUNGYmp3cU5wMDNvS1ZleEpTcHRFYUZldkNtczhyTnVwdHhuMktSek1iQWNMUlNtdEhGczJOQ25lOFNnNnBKSGZlXzQ1TjRRMXJ6eTlFRzRwUmNnZ2NPZE9QUHBUTkZIZWVDX09FekR1UGlZRVZpT1pzNTluZ0drc2Nqd2xVUXQzRVBGQzhQZw?oc=5,https://news.google.com/rss/articles/CBMiqgFBVV95cUxPdEd4UDk5MXZSUXdJck9NU0JUR0NVbjNneXFkY2ZWZENUd0ZqTDVOTVhWamZGV0JBV3hqTVlLYmJlako3QU5Wcnc3MTJIRFFkd2FBOWZsN04wajlRaXY1aVRQcjhMcUlWcW5EdzNMNGZ2eWIxbWdoLTlhWGFOb0lGRDhIOEV6dmhIc1k3Y3ZOd3pXaDc1bnRYTkl6RTdMLWZtSGNLYklMOUljUdIBpwFBVV95cUxNaEhnTjVpZEMwVVk0VWpMZFE5UkE0YjJpVUNGYmp3cU5wMDNvS1ZleEpTcHRFYUZldkNtczhyTnVwdHhuMktSek1iQWNMUlNtdEhGczJOQ25lOFNnNnBKSGZlXzQ1TjRRMXJ6eTlFRzRwUmNnZ2NPZE9QUHBUTkZIZWVDX09FekR1UGlZRVZpT1pzNTluZ0drc2Nqd2xVUXQzRVBGQzhQZw?oc=5,"Profil Mahyuzar, Sosok yang akan Dilantik jadi Pj Bupati Aceh Utara - theacehpost.com",news.google.com,extraction_failed,2026-08-31 23:34:18
https://news.google.com/rss/articles/CBMivAFBVV95cUxNQU9QdEF0LWQtUUxfdnVZMHFJa0t6Q1AwMmd0T0FCS3dKRndBdUtxU3JnZGExamRYd2RnOUdhbHNEUkJQbjA1ZnFnQVZXY1EzSnA2RlRXdktEdDBNLUVKa0lKdFNFWGt5UUpGM0dwNnlpWHV5THYyNHdRNGwxOUN2S0FhbGctRXgzX0cyVHF6Tk5fRlFRbXlMc0tuVUgxOTZoMFJNNU9EX0xVZ1NtNWc1SktzQVd1T0YyYnB6VdIBwgFBVV95cUxQWTgzaGpvRlV4bkRYWmk0QzVRQ3NZVWQwakxrc05sWTlVaGowbGNkaDJhV0hmS0M4Nlh1ZnV2NHROSUc5SUZwZXE2Z3hWc2tfcl9vemYzeENWWXFNTVVIODRkYmxrX1NQcmNsV25NTDdkRmFZOEQ0UjlJRnI4elJEbWhVd3VOY3dTTHNOYUJ2X1YzOWVKRmxtQVAtYmVVOEZjemd3d0FocFYzOWQyU2hHbkx4ZUVUZmZQT3ktd0hrVlNIZw?oc=5,https://news.google.com/rss/articles/CBMivAFBVV95cUxNQU9QdEF0LWQtUUxfdnVZMHFJa0t6Q1AwMmd0T0FCS3dKRndBdUtxU3JnZGExamRYd2RnOUdhbHNEUkJQbjA1ZnFnQVZXY1EzSnA2RlRXdktEdDBNLUVKa0lKdFNFWGt5UUpGM0dwNnlpWHV5THYyNHdRNGwxOUN2S0FhbGctRXgzX0cyVHF6Tk5fRlFRbXlMc0tuVUgxOTZoMFJNNU9EX0xVZ1NtNWc1SktzQVd1T0YyYnB6VdIBwgFBVV95cUxQWTgzaGpvRlV4bkRYWmk0QzVRQ3NZVWQwakxrc05sWTlVaGowbGNkaDJhV0hmS0M4Nlh1ZnV2NHROSUc5SUZwZXE2Z3hWc2tfcl9vemYzeENWWXFNTVVIODRkYmxrX1NQcmNsV25NTDdkRmFZOEQ0UjlJRnI4elJEbWhVd3VOY3dTTHNOYUJ2X1YzOWVKRmxtQVAtYmVVOEZjemd3d0FocFYzOWQyU2hHbkx4ZUVUZmZQT3ktd0hrVlNIZw?oc=5,"Desa Seuradeuk Aceh Barat Susah Sinyal, Aminullah Mohon Telkom Bangun Jaringan Telekomunikasi » - dialeksis.com",news.google.com,extraction_failed,2026-08-31 23:34:18
https://news.google.com/rss/articles/CBMicEFVX3lxTE8wamdOREVKU3BON2R2UlRwWnpKRnZURUJnNml6RHhGVTIxalJfREhuWkxjMFFLRDc1cmZPRk1ZZEhIZVpkT3FjWEl5ei0yUnRBWEtqYUZJc2lOQ0k3c2tZZDNidkFzTUpMMVhyOFdOc2PSAXZBVV95cUxPcmRFV0RaRG5IcnZYWnF2UUxmbHl5UlJZVjN6Zk1SLTloVTItWGt3MmRONW0xOVNKWDZtcUVyTXhBOGNOaDZFd0RfVnJjUlRYb3pkV2gxekVsbEZuRGM3SDI0WllIdVdUdENsbll6X3ZKaTJOZERn?oc=5,https://news.google.com/rss/articles/CBMicEFVX3lxTE8wamdOREVKU3BON2R2UlRwWnpKRnZURUJnNml6RHhGVTIxalJfREhuWkxjMFFLRDc1cmZPRk1ZZEhIZVpkT3FjWEl5ei0yUnRBWEtqYUZJc2lOQ0k3c2tZZDNidkFzTUpMMVhyOFdOc2PSAXZBVV95cUxPcmRFV0RaRG5IcnZYWnF2UUxmbHl5UlJZVjN6Zk1SLTloVTItWGt3MmRONW0xOVNKWDZtcUVyTXhBOGNOaDZFd0RfVnJjUlRYb3pkV2gxekVsbEZuRGM3SDI0WllIdVdUdENsbll6X3ZKaTJOZERn?oc=5,30 Guru Aceh Dilatih Bahan Ajar SAC » - dialeksis.com,news.google.com,extraction_failed,2026-08-31 23:34:18
https://news.google.com/rss/articles/CBMiggFBVV95cUxPSUNXM3dmVF85ZlYzcHU0eUVKbUQ4WVVvQk10TVpUd3ZmNVIyWUtNWXFBT0lIYW10NkZNamVOS1Y3Zi14Mk96RmRWZjZ1VjFYNGVRV1RLSi1Qend4dmJKd01JaTdzeHMyUEY1MTFNa1NGbF9FMEMxcnpqcGwyNFBZbm1B?oc=5,https://news.google.com/rss/articles/CBMiggFBVV95cUxPSUNXM3dmVF85ZlYzcHU0eUVKbUQ4WVVvQk10TVpUd3ZmNVIyWUtNWXFBT0lIYW10NkZNamVOS1Y3Zi14Mk96RmRWZjZ1VjFYNGVRV1RLSi1Qend4dmJKd01JaTdzeHMyUEY1MTFNa1NGbF9FMEMxcnpqcGwyNFBZbm1B?oc=5,Kemenag Aceh Gelar Rakor Kehumasan Se Aceh - lintas gayo,news.google.com,extraction_failed,2026-08-31 23:34:19
https://news.google.com/rss/articles/CBMiyAFBVV95cUxQY3JRd0dqaXZxcFVRYlNhZFptUnMwWVR3bjFncldyanI2RnlIOHQ2bjl4VUtfbUViSHc5dEp1Ukh3a2NZRWhYRmgyNExkX2lORGw0eWx6bWdnU3RCUjdvZUNjRmYwNnpDQlFsN2U1eWplNU1RbWgzeVJ4LWpMYi1jbGJVWkI3X0E3VHNFNy1DVElYZmRlaGxqNTBYT3BBNUtqZTd3MTlYbHQ0VVA5WEtfY25rWF9lMkE3Q1Y2VGFaSlctdkFuakxJWg?oc=5,https://news.google.com/rss/articles/CBMiyAFBVV95cUxQY3JRd0dqaXZxcFVRYlNhZFptUnMwWVR3bjFncldyanI2RnlIOHQ2bjl4VUtfbUViSHc5dEp1Ukh3a2NZRWhYRmgyNExkX2lORGw0eWx6bWdnU3RCUjdvZUNjRmYwNnpDQlFsN2U1eWplNU1RbWgzeVJ4LWpMYi1jbGJVWkI3X0E3VHNFNy1DVElYZmRlaGxqNTBYT3BBNUtqZTd3MTlYbHQ0VVA5WEtfY25rWF9lMkE3Q1Y2VGFaSlctdkFuakxJWg?oc=5,Aceh Barat Perkuat Keamanan Informasi untuk Dukung Transformasi Digital Pemerintahan - Serambinews.com,news.google.com,extraction_failed,2026-08-31 23:34:19
https://news.google.com/rss/articles/CBMi2AFBVV95cUxPV1FqX1ZvbHV6ZjNxZFFzVTcyVjVldVZXQ2lXYnFmVUNkVFJHNkVEOXNhekNjaExLTWtXVlZsUFJVZmRwZWhBTWlHeC05N3BveU1KZWZZNWcxY1JaVVMyRWZlTjZaTC1pczBfZ1ZyY0VibHFrdjV6eUpaR3B2a1J4a1dyQ2dzZEV0R2haaDBXMi1EOE5IT3FVZnNOSjNadVJGczIwREcxd2lyeW1LeXRiM2xRVk9KbGVwU21oVTJSM3JLZWJNT3hWZWdxcDR5UFJOR21FMGhwQ1A?oc=5,https://news.google.com/rss/articles/CBMi2AFBVV95cUxPV1FqX1ZvbHV6ZjNxZFFzVTcyVjVldVZXQ2lXYnFmVUNkVFJHNkVEOXNhekNjaExLTWtXVlZsUFJVZmRwZWhBTWlHeC05N3BveU1KZWZZNWcxY1JaVVMyRWZlTjZaTC1pczBfZ1ZyY0VibHFrdjV6eUpaR3B2a1J4a1dyQ2dzZEV0R2haaDBXMi1EOE5IT3FVZnNOSjNadVJGczIwREcxd2lyeW1LeXRiM2xRVk9KbGVwU21oVTJSM3JLZWJNT3hWZWdxcDR5UFJOR21FMGhwQ1A?oc=5,"Sekian Biaya Kuliah UIN Ar-Raniry, Referensi Kampus Negeri Banda Aceh - Kompasiana.com",news.google.com,extraction_failed,2026-08-31 23:34:19
https://news.google.com/rss/articles/CBMiywFBVV95cUxQTUN0bFZPU0tkclZHZUhIbFBKTjhuT1RZVElNemZFb1V2QWlQTWk3OVVTS2k2NngzNEVTWW1LSjZiSlpvclpXVE11VjBYb2V4UzNVbkN0TE1udUVkNXBKbjlmdU1rZDFmc05MT0pCMDZlYlJpZjZUUURveG5JQVU1NTVuVDVSRDVLNk9YRURNZS16RDhqS1ZHUTZLX1JXYVVHVG9ZTWtLbXh3Z3BHb0ZvS3pYLUgxZUlNc29pZXdMTzFLenVScFpsUlBsaw?oc=5,https://news.google.com/rss/articles/CBMiywFBVV95cUxQTUN0bFZPU0tkclZHZUhIbFBKTjhuT1RZVElNemZFb1V2QWlQTWk3OVVTS2k2NngzNEVTWW1LSjZiSlpvclpXVE11VjBYb2V4UzNVbkN0TE1udUVkNXBKbjlmdU1rZDFmc05MT0pCMDZlYlJpZjZUUURveG5JQVU1NTVuVDVSRDVLNk9YRURNZS16RDhqS1ZHUTZLX1JXYVVHVG9ZTWtLbXh3Z3BHb0ZvS3pYLUgxZUlNc29pZXdMTzFLenVScFpsUlBsaw?oc=5,Jurusan Teknologi Informasi Jadi Prodi Favorit pada PMB Reguler SSE UIN Ar-Raniry 2026 - Serambinews.com,news.google.com,extraction_failed,2026-08-31 23:34:20
https://news.google.com/rss/articles/CBMiugFBVV95cUxNRFVhc2w3dllfeG1jUmNXNnNIc1NRZDFjdy1fZFhwaGJ0d1JySGJTaURPTFN0dlhWOUhrQllJMEIyamdNYmViRzhRTlJJZTVQeTJLQk1RRWVYbVprZlRQdzd3NVpmaVBzekJrYUtmcUlkVXpkZGZOUUc1Q2JyR0k5MnJJZE8xc1hSOTJsUC1uTDlJX0ZDTTV2dnFrMmtsNW1CX3RCT0c5QzZUU3BocWtCS2I0eWdZX3BaTVE?oc=5,https://news.google.com/rss/articles/CBMiugFBVV95cUxNRFVhc2w3dllfeG1jUmNXNnNIc1NRZDFjdy1fZFhwaGJ0d1JySGJTaURPTFN0dlhWOUhrQllJMEIyamdNYmViRzhRTlJJZTVQeTJLQk1RRWVYbVprZlRQdzd3NVpmaVBzekJrYUtmcUlkVXpkZGZOUUc1Q2JyR0k5MnJJZE8xc1hSOTJsUC1uTDlJX0ZDTTV2dnFrMmtsNW1CX3RCT0c5QzZUU3BocWtCS2I0eWdZX3BaTVE?oc=5,"Lantik 21 Advokat Baru, KPT Banda Aceh Minta Advokat Wajib Melek Teknologi - Serambinews.com",news.google.com,extraction_failed,2026-08-31 23:34:20
https://news.google.com/rss/articles/CBMi0wFBVV95cUxPbElTNVl6SHZ2V25FMzU1eVpLc1daY0FjSjdxQ3lqd0lLM0VaX1NJcTZSQU1UVzFTS0pSZVdaWklyMHFZTE1IeTZMc1FSZTdTX1lDR19aX3JvS1VLSEhldUlmTld5c0JUOTVacmtHbVM0X0ZtZ0haREx2aEFsNUItSWNJVVpmaUxPSmpabTFRcGdrZ0RDdlRFSUNGT0ZwUklURmVJSFdZRG02TER5TlNTSGhzcFNVTUNJdmdwV3o3ZFVOZ2tVTVhpbXpKeFlGb1RrX1dF0gHQAUFVX3lxTE1jeW04UXJIX1JWNy04R0x1bXlUNmVsV3h5UTlrUVM3cEE0WXd1bUZybmcwb0dnSi1taEZDMzQwdXNHbjhPeHVWdnlZcVlKRnNKcmxWazU4d0NsZkNLSGpuNmJCcThwbVJxWmo2dTA5UWpGNUlWdDZJVTNVbGd0U0t6ZUVOV1EyQ3RrSVNFRWxTZDhvZWFNemZKaU01OFNoUG95Sm5UMlhIT3VXdFBjVFpGbHpSTkNXNU1POUh1T2dsTnFpM3NOMUNrUzhyelFPbGY?oc=5,https://news.google.com/rss/articles/CBMi0wFBVV95cUxPbElTNVl6SHZ2V25FMzU1eVpLc1daY0FjSjdxQ3lqd0lLM0VaX1NJcTZSQU1UVzFTS0pSZVdaWklyMHFZTE1IeTZMc1FSZTdTX1lDR19aX3JvS1VLSEhldUlmTld5c0JUOTVacmtHbVM0X0ZtZ0haREx2aEFsNUItSWNJVVpmaUxPSmpabTFRcGdrZ0RDdlRFSUNGT0ZwUklURmVJSFdZRG02TER5TlNTSGhzcFNVTUNJdmdwV3o3ZFVOZ2tVTVhpbXpKeFlGb1RrX1dF0gHQAUFVX3lxTE1jeW04UXJIX1JWNy04R0x1bXlUNmVsV3h5UTlrUVM3cEE0WXd1bUZybmcwb0dnSi1taEZDMzQwdXNHbjhPeHVWdnlZcVlKRnNKcmxWazU4d0NsZkNLSGpuNmJCcThwbVJxWmo2dTA5UWpGNUlWdDZJVTNVbGd0U0t6ZUVOV1EyQ3RrSVNFRWxTZDhvZWFNemZKaU01OFNoUG95Sm5UMlhIT3VXdFBjVFpGbHpSTkNXNU1POUh1T2dsTnFpM3NOMUNrUzhyelFPbGY?oc=5,PBNU Dorong PCNU Banda Aceh Perkuat Dakwah Kreatif Hadapi Disrupsi Informasi dan Persoalan Sosial - theacehpost.com,news.google.com,extraction_failed,2026-08-31 23:34:20
https://news.google.com/rss/articles/CBMifkFVX3lxTFBvWUNSSkxCYVhHM29CX3cwSnNZUjJoUERsRHhZTHRveW00ajkyalNGaFdnWTFDYVJPOHBpOXRUeVVrcWxQV19MSjlHV3dDdDdueG5CMVVidE9JNG5jVjg0N1V3RVVjWVVZV2ZObVRuN1FFMjJvUjlXMFpSZjhqUQ?oc=5,https://news.google.com/rss/articles/CBMifkFVX3lxTFBvWUNSSkxCYVhHM29CX3cwSnNZUjJoUERsRHhZTHRveW00ajkyalNGaFdnWTFDYVJPOHBpOXRUeVVrcWxQV19MSjlHV3dDdDdueG5CMVVidE9JNG5jVjg0N1V3RVVjWVVZV2ZObVRuN1FFMjJvUjlXMFpSZjhqUQ?oc=5,Anggota Komisi Informasi Aceh Dilantik - PORTALNUSA.com,news.google.com,extraction_failed,2026-08-31 23:34:20
https://news.google.com/rss/articles/CBMirAFBVV95cUxPTVdlNmZWd09rTzFDSDY1MWY0V3pqbUJtcG5NeGJjZzNYbE5CUk8waGtjeENkOXlIRnVSYjVGVFFpTzU2X1NQbVJ6bzlpcnlBRGNMVDdnWlRzQ01TWGM0b1ZCenJTRmJZZUREXzIwRlpsT1c0dTg4WE1nV1VSWFJXNlJKZzFCT09yb1FWazl1bTdueEtBbWs4WGZRNTlGcU9jVDU0ckRaam9JLWpo0gGqAUFVX3lxTFBTSkVZbXFUZDBwTFdSdUNMRWNUdUNUZ3Iwc1dHb0lyWmVDUndzdkRhd2pZYWpOTTJCUElXRGxaWEVOWjh3cGtpbXRodVNRUW1LWHhsZTBOa2hwU0F0ZE1QTVFCY3dMZ0xLd3ppTVR3RlY1QTdHWUhwbzlWeHp1Z194a0tHOENiRWtCSl9uYWYxcmlmdHc5TnBNVno4d0xrNXlCdzVSV2ozWFRR?oc=5,https://news.google.com/rss/articles/CBMirAFBVV95cUxPTVdlNmZWd09rTzFDSDY1MWY0V3pqbUJtcG5NeGJjZzNYbE5CUk8waGtjeENkOXlIRnVSYjVGVFFpTzU2X1NQbVJ6bzlpcnlBRGNMVDdnWlRzQ01TWGM0b1ZCenJTRmJZZUREXzIwRlpsT1c0dTg4WE1nV1VSWFJXNlJKZzFCT09yb1FWazl1bTdueEtBbWs4WGZRNTlGcU9jVDU0ckRaam9JLWpo0gGqAUFVX3lxTFBTSkVZbXFUZDBwTFdSdUNMRWNUdUNUZ3Iwc1dHb0lyWmVDUndzdkRhd2pZYWpOTTJCUElXRGxaWEVOWjh3cGtpbXRodVNRUW1LWHhsZTBOa2hwU0F0ZE1QTVFCY3dMZ0xLd3ppTVR3RlY1QTdHWUhwbzlWeHp1Z194a0tHOENiRWtCSl9uYWYxcmlmdHc5TnBNVno4d0xrNXlCdzVSV2ozWFRR?oc=5,"Anak Muda Aceh Ciptakan Aceh AI, Kenalkan Qanun dan UMKM Lewat Teknologi - AJNN.net",news.google.com,extraction_failed,2026-08-31 23:34:20
https://news.google.com/rss/articles/CBMirwFBVV95cUxNWFBvS2xqVUgxemJPZjNTbDE4aTl5d2RJbnRHbWZUTlh2aF92b0swQWJBSnd5VHlITnQxSWpTRmlPRTh5aXNNSmdGaGhWeTNRN0hjVk9FLVFyelJFaERId0pnMUg5ZWI5d2l2NXZ6Y2N6SlF2Z3BOSFpoMG9TanhQWlhuTUNLN3ZDUVE5QTF5UzhHa080bjk1dkV6Zk51a3VIaDR3QjY4THJ1S2Z1bVBr0gGsAUFVX3lxTE9nUFl0SDZKRXNtS1BrQWVXZDMtRG9XWGR3dm1MZnE5YkpBTXFHamVhQ0VUdDdlT1lFWjRYMXJtdzJWYkxYd2ZuSGdjbG9zZWNBTlJIeFZRRnFPZEgxYm9UUnlLMWFLNTliMy1VWXJVOGVtU1BQcUZkcmxBeXY1LXdWSmdLcF8yZmFxZTFwSW1Jd2tELUNTNW1XbEQ1a184dGd0TlhJLWxrMEZhU24?oc=5,https://news.google.com/rss/articles/CBMirwFBVV95cUxNWFBvS2xqVUgxemJPZjNTbDE4aTl5d2RJbnRHbWZUTlh2aF92b0swQWJBSnd5VHlITnQxSWpTRmlPRTh5aXNNSmdGaGhWeTNRN0hjVk9FLVFyelJFaERId0pnMUg5ZWI5d2l2NXZ6Y2N6SlF2Z3BOSFpoMG9TanhQWlhuTUNLN3ZDUVE5QTF5UzhHa080bjk1dkV6Zk51a3VIaDR3QjY4THJ1S2Z1bVBr0gGsAUFVX3lxTE9nUFl0SDZKRXNtS1BrQWVXZDMtRG9XWGR3dm1MZnE5YkpBTXFHamVhQ0VUdDdlT1lFWjRYMXJtdzJWYkxYd2ZuSGdjbG9zZWNBTlJIeFZRRnFPZEgxYm9UUnlLMWFLNTliMy1VWXJVOGVtU1BQcUZkcmxBeXY1LXdWSmdLcF8yZmFxZTFwSW1Jd2tELUNTNW1XbEQ1a184dGd0TlhJLWxrMEZhU24?oc=5,Aminullah Sebut E-SIAP Implementasi Teknologi Informasi Menuju Smart City - AJNN.net,news.google.com,extraction_failed,2026-08-31 23:34:21
https://news.google.com/rss/articles/CBMivgFBVV95cUxNdHU5d2RDNjlMdDJHcTRzN1VlQnhtSXd6NTN5V2hjNlJrb2tESzJLeUlrTHlEek9OQXNKQWlRWk9HeUJ5Y0hYYUtKdGJKTUc4ZVZpWGtsQ0FCMlo0SmxvNzd1czN1ZzIzNklpMzVuNko5Nk51ZVRZV2FMcG1mZVhQRzM2UTRhR3BVcHBlUWs3NFJNSGpfZlB1QXUzVFZpT3VtbkJnVVlvT1dWV29vYml3bHBtM1lUVDNoWXVMREFB?oc=5,https://news.google.com/rss/articles/CBMivgFBVV95cUxNdHU5d2RDNjlMdDJHcTRzN1VlQnhtSXd6NTN5V2hjNlJrb2tESzJLeUlrTHlEek9OQXNKQWlRWk9HeUJ5Y0hYYUtKdGJKTUc4ZVZpWGtsQ0FCMlo0SmxvNzd1czN1ZzIzNklpMzVuNko5Nk51ZVRZV2FMcG1mZVhQRzM2UTRhR3BVcHBlUWs3NFJNSGpfZlB1QXUzVFZpT3VtbkJnVVlvT1dWV29vYml3bHBtM1lUVDNoWXVMREFB?oc=5,Karang Taruna Aceh Utara Latih Remaja dan Pemuda Putus Sekolah Operasikan Komputer - Serambinews.com,news.google.com,extraction_failed,2026-08-31 23:34:21
https://news.google.com/rss/articles/CBMiwgFBVV95cUxPY0RCc2I4c0JzYTQ1MjVEbTkwaFNNcjBjNHV6Q3otY1FXSTZTek1sNjdrd21oLVRGU2tzWW52eVlPSDlvUVlEYm1oemZOUjJCZmFRTFA0MTA2czlkU0RzV2xSbHhteTF4WFF4TVA5cnVyRHdXWEUyM0owbklIdXp5VHZSUVNPRjZROFFTcC1VdVM2NFl3VGxkU1U2aUtDUDNRU202ZUkzS1R5Z2pGTlZfMXhJeUJSalNObDE1V0RHcWhPd9IBvwFBVV95cUxOQTNGZkphUUxrdlFNc3J5LUcyU19VdTBjVDc5Q3RuMmJUakpFMGtDVkgxR0RjUVVxSml5Ni1oVThmbjlIYzk2SHd2RDhXLWd6Y25kc2tuOHZsOTVia1N3R3M4MU13UkNLOEhqM2hXSjBkMGpXeE44NjRuNlROM3JSaHBLQ3hWV1RKTjQxeGtRMGhzSmY0enAxU0tVNF9Qd185RkU4amJ1ZTBRZzlVVVVqYjJOUU5TV0JWeGR2aS0xRQ?oc=5,https://news.google.com/rss/articles/CBMiwgFBVV95cUxPY0RCc2I4c0JzYTQ1MjVEbTkwaFNNcjBjNHV6Q3otY1FXSTZTek1sNjdrd21oLVRGU2tzWW52eVlPSDlvUVlEYm1oemZOUjJCZmFRTFA0MTA2czlkU0RzV2xSbHhteTF4WFF4TVA5cnVyRHdXWEUyM0owbklIdXp5VHZSUVNPRjZROFFTcC1VdVM2NFl3VGxkU1U2aUtDUDNRU202ZUkzS1R5Z2pGTlZfMXhJeUJSalNObDE1V0RHcWhPd9IBvwFBVV95cUxOQTNGZkphUUxrdlFNc3J5LUcyU19VdTBjVDc5Q3RuMmJUakpFMGtDVkgxR0RjUVVxSml5Ni1oVThmbjlIYzk2SHd2RDhXLWd6Y25kc2tuOHZsOTVia1N3R3M4MU13UkNLOEhqM2hXSjBkMGpXeE44NjRuNlROM3JSaHBLQ3hWV1RKTjQxeGtRMGhzSmY0enAxU0tVNF9Qd185RkU4amJ1ZTBRZzlVVVVqYjJOUU5TV0JWeGR2aS0xRQ?oc=5,"Kombes Pol Teguh Priyambodo Jadi Kapolresta Banda Aceh, Andi Kirana Dimutasi Pamen Yanma - BITHE.co",news.google.com,extraction_failed,2026-08-31 23:34:21
https://news.google.com/rss/articles/CBMigAFBVV95cUxNM0hsNXlwaDJXOEU5b01LMVg2N2hXNnp5WTBKMkNFd3hNTFpBZTN0Ykw0ZWtCNWFiMEVkVHdCd0tSaml4MWlHOGEzNGpUS2t2OTJqU0c1bWxCLTVtSDdyTkdaLXlqTXNKUHgzbS1DVlBod1Vnb1NvRV83alFYZ3htaw?oc=5,https://news.google.com/rss/articles/CBMigAFBVV95cUxNM0hsNXlwaDJXOEU5b01LMVg2N2hXNnp5WTBKMkNFd3hNTFpBZTN0Ykw0ZWtCNWFiMEVkVHdCd0tSaml4MWlHOGEzNGpUS2t2OTJqU0c1bWxCLTVtSDdyTkdaLXlqTXNKUHgzbS1DVlBod1Vnb1NvRV83alFYZ3htaw?oc=5,Pemkab Aceh Timur Luncurkan Aplikasi Digital Si Azis Baitul Mal - Gemarnews,news.google.com,extraction_failed,2026-08-31 23:34:22
https://news.google.com/rss/articles/CBMiigFBVV95cUxNS05vMVB6cFdySEVuVUNsa1Q5Z0ZWd2NqdUt6QXpZQVgwdkJjbktkY3ZnMFctR2x5TGJ5QjBDWVdzZjRfS1ZPb3NIRDRqT0ZOUjY2NGt4MWJraFViclE4Q0ZqQkFLYTd6cTM4cHpvUzhpRDZtVDdwX2o2azdZMmVuUDJQUEdhTE9TT2c?oc=5,https://news.google.com/rss/articles/CBMiigFBVV95cUxNS05vMVB6cFdySEVuVUNsa1Q5Z0ZWd2NqdUt6QXpZQVgwdkJjbktkY3ZnMFctR2x5TGJ5QjBDWVdzZjRfS1ZPb3NIRDRqT0ZOUjY2NGt4MWJraFViclE4Q0ZqQkFLYTd6cTM4cHpvUzhpRDZtVDdwX2o2azdZMmVuUDJQUEdhTE9TT2c?oc=5,UTU Buka Prodi Gizi dan Teknologi Informasi - Serambinews.com,news.google.com,extraction_failed,2026-08-31 23:34:22
https://news.google.com/rss/articles/CBMirwFBVV95cUxONjBMQ2RFam1BSF9zZjBVcUZVU1E3RVB5UExlVFhBeENYa1N3ZWhCN05PaGF3aU5YWFZCZExILTdVc0p0LXM1ZEUyN1FiQmdRT1JBSEhSQS1PeDFUZkJQODJxRzZpTU9tMVdDQzVLNklzeTBXWmJsX1h5Q1Q3YkFCa2g5bVRyS0hLejNsdVZWUlZuNG5XbzNfQVFuaG5qZ18tSGxHWjl6NTNIYTZsUTNN?oc=5,https://news.google.com/rss/articles/CBMirwFBVV95cUxONjBMQ2RFam1BSF9zZjBVcUZVU1E3RVB5UExlVFhBeENYa1N3ZWhCN05PaGF3aU5YWFZCZExILTdVc0p0LXM1ZEUyN1FiQmdRT1JBSEhSQS1PeDFUZkJQODJxRzZpTU9tMVdDQzVLNklzeTBXWmJsX1h5Q1Q3YkFCa2g5bVRyS0hLejNsdVZWUlZuNG5XbzNfQVFuaG5qZ18tSGxHWjl6NTNIYTZsUTNN?oc=5,"Lima Anggota Komisi Informasi Aceh Resmi Dilantik, Ini Nama dan Tugasnya - Serambinews.com",news.google.com,extraction_failed,2026-08-31 23:34:22
https://news.google.com/rss/articles/CBMikgFBVV95cUxOeXdpTDZickxnUTRiRjZOTTN0azRVVlhrUXNjdG56WF90VEpBUm8xbElzbFp3endKMllSMjRJRjB3U1YzRDNIdXpyZFVCbjdIZnBmdTUtRE5xTERmVHRHNDFXbmI4cmYxZ0hZajVKUjRNdVg2OGgwNzI4MGtoODZVbzMwaERwRTRXNUJOcndUX0F1UQ?oc=5,https://news.google.com/rss/articles/CBMikgFBVV95cUxOeXdpTDZickxnUTRiRjZOTTN0azRVVlhrUXNjdG56WF90VEpBUm8xbElzbFp3endKMllSMjRJRjB3U1YzRDNIdXpyZFVCbjdIZnBmdTUtRE5xTERmVHRHNDFXbmI4cmYxZ0hZajVKUjRNdVg2OGgwNzI4MGtoODZVbzMwaERwRTRXNUJOcndUX0F1UQ?oc=5,Telkom Siap Bantu USK Terkait Teknologi Informasi - Serambinews.com,news.google.com,extraction_failed,2026-08-31 23:34:22
https://news.google.com/rss/articles/CBMivwFBVV95cUxObVVmRHptaS1tdUoyUHVzVnpHaUNxeUh5Q0dvUlBSSnZTR2ZqazdfWXk3VnAyclZybnk2VFBIZUo5Z19CdTVFb2YyTFE1Q0tsYXo3VWpZUkQzVE14X3hKS19qTHpscFBqUkJSREIxdnpTOTBiU0xnak12Q29pRWg0UFVoTml6M2ZDQWdGcWc2R1QwM0Fiazc3WGV6TlhvSU9jNng5UEl5aXNXYlhXeEdCVEtRZmt3ZEVqUXJ3UkdYWQ?oc=5,https://news.google.com/rss/articles/CBMivwFBVV95cUxObVVmRHptaS1tdUoyUHVzVnpHaUNxeUh5Q0dvUlBSSnZTR2ZqazdfWXk3VnAyclZybnk2VFBIZUo5Z19CdTVFb2YyTFE1Q0tsYXo3VWpZUkQzVE14X3hKS19qTHpscFBqUkJSREIxdnpTOTBiU0xnak12Q29pRWg0UFVoTml6M2ZDQWdGcWc2R1QwM0Fiazc3WGV6TlhvSU9jNng5UEl5aXNXYlhXeEdCVEtRZmt3ZEVqUXJ3UkdYWQ?oc=5,YARA Ajukan Permohonan Dokumen ke PPID Terkait Pengadaan Teknologi Informasi Disdik - Serambinews.com,news.google.com,extraction_failed,2026-08-31 23:34:22
https://news.google.com/rss/articles/CBMiigFBVV95cUxNdXo1WkFhejRnZXhyY3dmS1o2by1iOWNSRWVNSGNpQm8xSXZqN0tpNk1uLXFTQW1XTDJyd0ZjRzJnZ0czVjI1RnczMHJDLUdKRkFMQWpoUU1kUFNJZTY0TjFGTkZidmlZR1pvbWdMNkQzWUxRRGViaGp4VUpRenZtcmtleVNiVFV5VWc?oc=5,https://news.google.com/rss/articles/CBMiigFBVV95cUxNdXo1WkFhejRnZXhyY3dmS1o2by1iOWNSRWVNSGNpQm8xSXZqN0tpNk1uLXFTQW1XTDJyd0ZjRzJnZ0czVjI1RnczMHJDLUdKRkFMQWpoUU1kUFNJZTY0TjFGTkZidmlZR1pvbWdMNkQzWUxRRGViaGp4VUpRenZtcmtleVNiVFV5VWc?oc=5,Lengkap! Daftar Jurusan Politeknik Aceh Terbaru - Narasi TV,news.google.com,extraction_failed,2026-08-31 23:34:23
https://news.google.com/rss/articles/CBMiqAFBVV95cUxNTnBCSkRXLVo1bnIxN0taVmdmTmZsTkxEY0VxTi1UenZ6MG9EeTlxYkhSYnk4b1hyaDAtMHp2X1RMa2dvOW1KTmZxbm1pYmN3aWZNNW1EcS1BbzgxV3dTMmYzLWtVRG04ZGpuWHV5R0VSODhEbDZiUnZtRS0zd0drQWswNE5BV2phUXAwSnIzWlhmd3YtRlNRamZGVURxMkVReTUzSzlEOG8?oc=5,https://news.google.com/rss/articles/CBMiqAFBVV95cUxNTnBCSkRXLVo1bnIxN0taVmdmTmZsTkxEY0VxTi1UenZ6MG9EeTlxYkhSYnk4b1hyaDAtMHp2X1RMa2dvOW1KTmZxbm1pYmN3aWZNNW1EcS1BbzgxV3dTMmYzLWtVRG04ZGpuWHV5R0VSODhEbDZiUnZtRS0zd0drQWswNE5BV2phUXAwSnIzWlhmd3YtRlNRamZGVURxMkVReTUzSzlEOG8?oc=5,Aceh Singkil Masuk 13 Besar Presentasi Keterbukaan Informasi Publik Tingkat Aceh - Gakorpan.com,news.google.com,extraction_failed,2026-08-31 23:34:23
https://news.google.com/rss/articles/CBMif0FVX3lxTFBLSUtQR0p5Y1lpd1M4V1h1UkRYSnJHTTVnSE5DdkdCazhkRWFScVlJWGhnTm1NRVlzdjlVeEVJQnczYkljSjc5TklmVDcwRW9YcGRrSjQwb1ZqZlllbEdlbTNvbVdmVEJFSDZKVlpmSjdRUkY1OEszWWtlT1QtXzjSAXxBVV95cUxQbmcwMXJtbzBDM2gtamliOFJLOVl4YWpZekVrSkV3Wjg4Q014YlF5dlNSdkdRSHFYeWpUYjE3YW83YUtPVGNPRzkxR2d6c2JJS0hHVnkyQjFiVjVaZTQtbG1xVVVuaGV0X0RRTU56NUJXUVVSTGpFNXFJT2F6?oc=5,https://news.google.com/rss/articles/CBMif0FVX3lxTFBLSUtQR0p5Y1lpd1M4V1h1UkRYSnJHTTVnSE5DdkdCazhkRWFScVlJWGhnTm1NRVlzdjlVeEVJQnczYkljSjc5TklmVDcwRW9YcGRrSjQwb1ZqZlllbEdlbTNvbVdmVEJFSDZKVlpmSjdRUkY1OEszWWtlT1QtXzjSAXxBVV95cUxQbmcwMXJtbzBDM2gtamliOFJLOVl4YWpZekVrSkV3Wjg4Q014YlF5dlNSdkdRSHFYeWpUYjE3YW83YUtPVGNPRzkxR2d6c2JJS0hHVnkyQjFiVjVaZTQtbG1xVVVuaGV0X0RRTU56NUJXUVVSTGpFNXFJT2F6?oc=5,Dishubkomintel Aceh Gelar Bimtek PPID - AJNN.net,news.google.com,extraction_failed,2026-08-31 23:34:23
https://news.google.com/rss/articles/CBMi2gFBVV95cUxOZlpOejJ6QUVwYWh0SHdpcFozWUpTM2xBb0I1cFQ3Y1BvVndqZGdpd0NwS1hscldVMXRlY1FFb2ZCYjZkUkxoUXJNakxSTEtHVTdaNWdxVl9rZlJqb010WWlVLVhLS1pLT2ZZbHZoRllBeDY5SXNzRThqN0Z0eTNJZEo2SmY1NUpkb3hrYXVZOG1SYzJZeEVPUnZWOEEyX2tzUXFHQ19mcEJBT2ZRUHl3QV9rYVVKdkZMaDcwNDkxendWSU9YUE1lUGJibWlxNUM2aDlSTEx2OWpqdw?oc=5,https://news.google.com/rss/articles/CBMi2gFBVV95cUxOZlpOejJ6QUVwYWh0SHdpcFozWUpTM2xBb0I1cFQ3Y1BvVndqZGdpd0NwS1hscldVMXRlY1FFb2ZCYjZkUkxoUXJNakxSTEtHVTdaNWdxVl9rZlJqb010WWlVLVhLS1pLT2ZZbHZoRllBeDY5SXNzRThqN0Z0eTNJZEo2SmY1NUpkb3hrYXVZOG1SYzJZeEVPUnZWOEEyX2tzUXFHQ19mcEJBT2ZRUHl3QV9rYVVKdkZMaDcwNDkxendWSU9YUE1lUGJibWlxNUM2aDlSTEx2OWpqdw?oc=5,"Kemenag Aceh Perkuat Transformasi Digital Pesantren, Dorong Penguatan Data dan Pelestarian Tradisi Kitab Kuning - Kantor Wilayah Kementerian Agama Provinsi Aceh",news.google.com,extraction_failed,2026-08-31 23:34:23
https://news.google.com/rss/articles/CBMisgFBVV95cUxQR2dMdW5yZW9reVgzbzROQV9jbEhZWFlLVmE2Um1aMXFiMmlEVVZ6RE5WRGFEY3phU3ZYZzRWcUl1djdGWktsWWdUT2o5akRaUGN5Zi13NDgzNllkRF9xOEZIY1VfQ3dTNWFXNVJ2YWJsblYwUHd4R2hkZGh2b25hQTJPeHM0SkNEeFNGeG1CUDg2M3RKdENDdTJJRTUxbUdFb0VGOWp2OFBab25LZWtYanZR?oc=5,https://news.google.com/rss/articles/CBMisgFBVV95cUxQR2dMdW5yZW9reVgzbzROQV9jbEhZWFlLVmE2Um1aMXFiMmlEVVZ6RE5WRGFEY3phU3ZYZzRWcUl1djdGWktsWWdUT2o5akRaUGN5Zi13NDgzNllkRF9xOEZIY1VfQ3dTNWFXNVJ2YWJsblYwUHd4R2hkZGh2b25hQTJPeHM0SkNEeFNGeG1CUDg2M3RKdENDdTJJRTUxbUdFb0VGOWp2OFBab25LZWtYanZR?oc=5,Diskominsa Aceh Barat Perkuat Transformasi Digital RSUD Cut Nyak Dhien Lewat Aktivasi TTE - NOA.co.id,news.google.com,extraction_failed,2026-08-31 23:34:24
https://news.google.com/rss/articles/CBMi0AFBVV95cUxNZlVEM1ZXMFZ1N193NkdCV193YWk5ejFXamFJM3FaRFNtVk5RY0lCS2NIQnQ5WWNCTWxPUXFodjNqSTJfMXplcVIxcnBWbnpKWVJsVDdKM1YzV0xnaGgxWGNyVWdQOFJfbzdSVWp2Ym1ueHNUdm1Wbmp1NFNLWkcxbmpuQ2J0LTQ3ckxCYTBOb2Rjb2pmdTM4d3N4X2t3dmEyR2JfQnNsWTM5ZUg1cnZTUEE3OVVGODRDTTZNeExCX01mWmlSTTJ4Y0h0LVlCamtl?oc=5,https://news.google.com/rss/articles/CBMi0AFBVV95cUxNZlVEM1ZXMFZ1N193NkdCV193YWk5ejFXamFJM3FaRFNtVk5RY0lCS2NIQnQ5WWNCTWxPUXFodjNqSTJfMXplcVIxcnBWbnpKWVJsVDdKM1YzV0xnaGgxWGNyVWdQOFJfbzdSVWp2Ym1ueHNUdm1Wbmp1NFNLWkcxbmpuQ2J0LTQ3ckxCYTBOb2Rjb2pmdTM4d3N4X2t3dmEyR2JfQnNsWTM5ZUg1cnZTUEE3OVVGODRDTTZNeExCX01mWmlSTTJ4Y0h0LVlCamtl?oc=5,Diskominfotik Banda Aceh Perkuat Transformasi Digital melalui Forum Komdigi APEKSI 2026 - InfoPublik,news.google.com,extraction_failed,2026-08-31 23:34:24
https://news.google.com/rss/articles/CBMiwAFBVV95cUxPbHlReWNiR2RXMUhTZmFDcFB3andYZzBocEVHMFY5dUlkWHV2QUY0eU1zbEVucEdpR1hFamNjSUNkZVRkeVM1cVp6WjYxSk5ZdXBIcUVOTXZFNWNrV0h3RFRvTzFhcHpLeDNyTFhrQ3pCWTVuQTdiZWZrOURfejZTM3RMVVpMeW5nalkzbWJsU2xBQ3dwOXRHVmRJMTBJY1M0ZFEtOGlDMFdROUFWMDFEdjRFeDF3dkVJMXdkbVJXcXY?oc=5,https://news.google.com/rss/articles/CBMiwAFBVV95cUxPbHlReWNiR2RXMUhTZmFDcFB3andYZzBocEVHMFY5dUlkWHV2QUY0eU1zbEVucEdpR1hFamNjSUNkZVRkeVM1cVp6WjYxSk5ZdXBIcUVOTXZFNWNrV0h3RFRvTzFhcHpLeDNyTFhrQ3pCWTVuQTdiZWZrOURfejZTM3RMVVpMeW5nalkzbWJsU2xBQ3dwOXRHVmRJMTBJY1M0ZFEtOGlDMFdROUFWMDFEdjRFeDF3dkVJMXdkbVJXcXY?oc=5,"Kakanwil Kemenag Aceh Dorong Pesantren Adaptif di Era Digital, Tetap Berakar pada Tradisi - Atjeh Watch",news.google.com,extraction_failed,2026-08-31 23:34:24
https://news.google.com/rss/articles/CBMi3gFBVV95cUxNdzFUelFMdi1pUnN3ZC1UQ1NHVXUwRGFKWHBpcFJnZ2hPVFRjTVdsVUlZTU1RRHhNakpRdkl4cV9PcjZqeGV6RXlCeFZ4bEJoblNOajRrbUtGZkJoRXRvRE5tc1Y4bHdTWVp5MFcydWowRlNXRDdtY3h5QzlFNy1XMVQ3aV94LXhNbzRoWE5Oakx3UDNJOUU2dzFuSlJwNGhVMGR1aFVqOVVYM1dOV2ZYMGh3R21Ecmo5ZU1rVXhUNHlCZ0M3b21obC1ZblB5bU1hbWVwUmt3MnNYTEJCc0E?oc=5,https://news.google.com/rss/articles/CBMi3gFBVV95cUxNdzFUelFMdi1pUnN3ZC1UQ1NHVXUwRGFKWHBpcFJnZ2hPVFRjTVdsVUlZTU1RRHhNakpRdkl4cV9PcjZqeGV6RXlCeFZ4bEJoblNOajRrbUtGZkJoRXRvRE5tc1Y4bHdTWVp5MFcydWowRlNXRDdtY3h5QzlFNy1XMVQ3aV94LXhNbzRoWE5Oakx3UDNJOUU2dzFuSlJwNGhVMGR1aFVqOVVYM1dOV2ZYMGh3R21Ecmo5ZU1rVXhUNHlCZ0M3b21obC1ZblB5bU1hbWVwUmt3MnNYTEJCc0E?oc=5,Gubernur Aceh Tekankan Penguatan Tata Kelola dan Transformasi Digital dalam RUPS Bank Aceh Syariah - Pemerintahan Aceh,news.google.com,extraction_failed,2026-08-31 23:34:25
https://news.google.com/rss/articles/CBMitwFBVV95cUxQWVB1ZTlhelJTWTJyQkd0Vmc4RERQLUxsR25mdmktdzJRQ3VhXzdORkxxNXpuVGlJeFVkRTZZOUgwQ0VYMnc0b1pONkJPSWVwV19uZUo3MmxfUGRiRjREaDItOTRQVmRkSWkzRmhyb1RCczNyZFF2V1N5XzZENDBNaEctZ2ptbjRQaUFjbDZwT1k2ZDU5SlJLT0JHSmdTaHdYYm1waUtpRDZvMXF2WHVnb2xKY3BFZEk?oc=5,https://news.google.com/rss/articles/CBMitwFBVV95cUxQWVB1ZTlhelJTWTJyQkd0Vmc4RERQLUxsR25mdmktdzJRQ3VhXzdORkxxNXpuVGlJeFVkRTZZOUgwQ0VYMnc0b1pONkJPSWVwV19uZUo3MmxfUGRiRjREaDItOTRQVmRkSWkzRmhyb1RCczNyZFF2V1N5XzZENDBNaEctZ2ptbjRQaUFjbDZwT1k2ZDU5SlJLT0JHSmdTaHdYYm1waUtpRDZvMXF2WHVnb2xKY3BFZEk?oc=5,Bank Aceh Syariah x PosSaku: Kolaborasi Digital yang Siap Naikan Level UMKM Aceh - thejurnal.id,news.google.com,extraction_failed,2026-08-31 23:34:25
https://news.google.com/rss/articles/CBMi1gFBVV95cUxQQmVrazlGQTZ4ZlBSTzFTWlNmeWpBbkVVRld4S2pycThYSy1aNXkycDNibkFCVnJvSGo4eFFwU1pjeDFrOVNGajdXSXA0SHo3dlVNVGZJZmFzRDZiN3pmVDBFd2QwS3o2bW52TGdmMnQ4OVRmR0dOLXFpb1lzZTR6WkptU281cWM4ZjI0eWJQY1RaMGVyc0FxRy03bDZRbDNZRER5cWJsaHlGMC05VGg0TXV6OFh2cWctU2l5N2FHOUthcTJpTHlxVXlPVm5ha2FiREh3a1pR?oc=5,https://news.google.com/rss/articles/CBMi1gFBVV95cUxQQmVrazlGQTZ4ZlBSTzFTWlNmeWpBbkVVRld4S2pycThYSy1aNXkycDNibkFCVnJvSGo4eFFwU1pjeDFrOVNGajdXSXA0SHo3dlVNVGZJZmFzRDZiN3pmVDBFd2QwS3o2bW52TGdmMnQ4OVRmR0dOLXFpb1lzZTR6WkptU281cWM4ZjI0eWJQY1RaMGVyc0FxRy03bDZRbDNZRER5cWJsaHlGMC05VGg0TXV6OFh2cWctU2l5N2FHOUthcTJpTHlxVXlPVm5ha2FiREh3a1pR?oc=5,"Dorong Transformasi Digital, BPSDM Aceh Latih Perencana SKPA Manfaatkan AI - BPSDM Aceh",news.google.com,extraction_failed,2026-08-31 23:34:25
https://news.google.com/rss/articles/CBMipAFBVV95cUxPSTVCSGF4dl9GQ3RUWTh5R1JmdFF5a1lJVENFTHJRU3hVNXlWa3pybjY2Nnl6WGE1WDFERW1ZMVlQTjNpdUZxUmt3VFpQWlBoV3RDVHRBM24wbFdObzZIVHdoZ2NBZWxHWHEtZWFuRVEzTERtV2RkZnJDMmtkMWlta1JOM25VcTBpVWoyTzQ3a3J6UkRIVHl4cnh0UmE1SmoxM0VKeA?oc=5,https://news.google.com/rss/articles/CBMipAFBVV95cUxPSTVCSGF4dl9GQ3RUWTh5R1JmdFF5a1lJVENFTHJRU3hVNXlWa3pybjY2Nnl6WGE1WDFERW1ZMVlQTjNpdUZxUmt3VFpQWlBoV3RDVHRBM24wbFdObzZIVHdoZ2NBZWxHWHEtZWFuRVEzTERtV2RkZnJDMmtkMWlta1JOM25VcTBpVWoyTzQ3a3J6UkRIVHl4cnh0UmE1SmoxM0VKeA?oc=5,"Pemkab Aceh Barat Perkuat Transformasi Digital, Susun Dokumen PEMDI Terintegrasi - NOA.co.id",news.google.com,extraction_failed,2026-08-31 23:34:25
https://news.google.com/rss/articles/CBMirwFBVV95cUxNWmt4ei1URzQ0T29BTHZ0aEt1b0o2LUNwVEQ4VmRwdU1DbnB2QWdORV9wcjFvNmw2R2JLbnJqQnRLd05zamxtZzgzTmhKSUh3VVdWTEV3VWJhcnpJRDlPMXhUMEJmVkZhb1k5LWtCZDB2bkxuSUxUU1V3cWJCUG5SdnJ5dTV6Mlg1LTc1d2Z2bklyUDJBTkdUWExRRnRVdVl1OXdnZ3c2UVpBazdQcjk0?oc=5,https://news.google.com/rss/articles/CBMirwFBVV95cUxNWmt4ei1URzQ0T29BTHZ0aEt1b0o2LUNwVEQ4VmRwdU1DbnB2QWdORV9wcjFvNmw2R2JLbnJqQnRLd05zamxtZzgzTmhKSUh3VVdWTEV3VWJhcnpJRDlPMXhUMEJmVkZhb1k5LWtCZDB2bkxuSUxUU1V3cWJCUG5SdnJ5dTV6Mlg1LTc1d2Z2bklyUDJBTkdUWExRRnRVdVl1OXdnZ3c2UVpBazdQcjk0?oc=5,"Illiza Lantik Zubir sebagai Kadiskominfotik Definitif, Perkuat Transformasi Digital Banda Aceh - Putaran.id",news.google.com,extraction_failed,2026-08-31 23:34:26
https://news.google.com/rss/articles/CBMixwFBVV95cUxPVUNrcUpkRkhtMndaRkJFRnh1VFYwdGVvNkNxeV95UEFyLW4zUzU2RWFpcDFCam9xRlFoa2lDUzBhdkkyTG0xbW5QUXUzWnhPbUdvS3hpRWItYm1PejVNVDN1OFYtUWpKSU94UEMweE01TjFDN1hqbnlQM0IyNF8zODFYZlVpUUEyY1VhRFJUYVdiNklvQjhpa1l6ZU10amJZZnpFcUhvWXlfVHM5ZGVmUGVvZnF4eWNKdWFxY3QyRW04UXNLbEZr0gHMAUFVX3lxTE5qU1ZEcU1rWlZaTWswWlVWMmJOWF9WdW9oeERyY0FZNzJrWnpDSGZHWGQ0ZVBRNHMtdFEyaVNZZDhzSWotTzJOSkg2ZzJ5UV9JeTdlLWlUenp4X3BfZnVGUkRrQWdGc3k1eFlydllObzVjS19URXN6RjRQYU1HTEdqY2toXzFhLURlRnN3TFllUnJDbE1hQklUWVVwZHQ3UVM4MXBZUHlJRzBETFVCSkVNSHVXdnp3Rnd3M3dLNHJCVzZKSE5Yb0hyeUMxVQ?oc=5,https://news.google.com/rss/articles/CBMixwFBVV95cUxPVUNrcUpkRkhtMndaRkJFRnh1VFYwdGVvNkNxeV95UEFyLW4zUzU2RWFpcDFCam9xRlFoa2lDUzBhdkkyTG0xbW5QUXUzWnhPbUdvS3hpRWItYm1PejVNVDN1OFYtUWpKSU94UEMweE01TjFDN1hqbnlQM0IyNF8zODFYZlVpUUEyY1VhRFJUYVdiNklvQjhpa1l6ZU10amJZZnpFcUhvWXlfVHM5ZGVmUGVvZnF4eWNKdWFxY3QyRW04UXNLbEZr0gHMAUFVX3lxTE5qU1ZEcU1rWlZaTWswWlVWMmJOWF9WdW9oeERyY0FZNzJrWnpDSGZHWGQ0ZVBRNHMtdFEyaVNZZDhzSWotTzJOSkg2ZzJ5UV9JeTdlLWlUenp4X3BfZnVGUkRrQWdGc3k1eFlydllObzVjS19URXN6RjRQYU1HTEdqY2toXzFhLURlRnN3TFllUnJDbE1hQklUWVVwZHQ3UVM4MXBZUHlJRzBETFVCSkVNSHVXdnp3Rnd3M3dLNHJCVzZKSE5Yb0hyeUMxVQ?oc=5,Politisi Gerindra soroti buruknya ruang digital Aceh saat bertemu Staf Khusus Presiden - ANTARA News Aceh,news.google.com,extraction_failed,2026-08-31 23:34:26
https://news.google.com/rss/articles/CBMi4wFBVV95cUxOcjZzeFMwMEdwYmxUZ1Etck01X3cxNEtWYU90bnVMTFlzcHF3am01dzZjblpXcm0tVUN3TjdMY0pZbGlxQWV3MXJpVk9SNWRIbVBSMmtyVHNMa0dOWjdEMWhEOWlhWElDSV9vVTVyMG1hTzZ3a1pEbjZHcTBlSHNpUkNzNzdIYlcxdHFQOTUybExhSVF0QVozRnl2WW5OVFVUbWZtSWh3d2JSanpXbG9CVldMN2Z4aW9RMlNkVGNvazFCZWJ2ekZpUUNiTHZ0eDVpemhPY0hiTUZxcnJacGxLNXpwWdIB6AFBVV95cUxPR05HMGNZb0VUbWc5MmJ5LW51RHEzQ0toNGdhSUo1RTdtTmtzQ2tPWjNBaUNZT0ZNaW84Yk50TGdOM2dRYTVXanc5aGc0MFRpUERFVDhJT080U2hVQ2lZYjhfZWNrV1RQcG5CTDBqSVROakF1V0xzenFxRGtTSjUtUmdvMUdkTHBTaTd0Q21DZHVIUUVGTThaQkZmcDBsbEdTMG9xVFpnSmxUX1Njbkk3aVhhWWEwSDNYWjllM08xTzhyZ1YwNHJueGl6eGpaVmFKRDE3UU5YM21ZcXF0UWphM21PWm9TaDJC?oc=5,https://news.google.com/rss/articles/CBMi4wFBVV95cUxOcjZzeFMwMEdwYmxUZ1Etck01X3cxNEtWYU90bnVMTFlzcHF3am01dzZjblpXcm0tVUN3TjdMY0pZbGlxQWV3MXJpVk9SNWRIbVBSMmtyVHNMa0dOWjdEMWhEOWlhWElDSV9vVTVyMG1hTzZ3a1pEbjZHcTBlSHNpUkNzNzdIYlcxdHFQOTUybExhSVF0QVozRnl2WW5OVFVUbWZtSWh3d2JSanpXbG9CVldMN2Z4aW9RMlNkVGNvazFCZWJ2ekZpUUNiTHZ0eDVpemhPY0hiTUZxcnJacGxLNXpwWdIB6AFBVV95cUxPR05HMGNZb0VUbWc5MmJ5LW51RHEzQ0toNGdhSUo1RTdtTmtzQ2tPWjNBaUNZT0ZNaW84Yk50TGdOM2dRYTVXanc5aGc0MFRpUERFVDhJT080U2hVQ2lZYjhfZWNrV1RQcG5CTDBqSVROakF1V0xzenFxRGtTSjUtUmdvMUdkTHBTaTd0Q21DZHVIUUVGTThaQkZmcDBsbEdTMG9xVFpnSmxUX1Njbkk3aVhhWWEwSDNYWjllM08xTzhyZ1YwNHJueGl6eGpaVmFKRDE3UU5YM21ZcXF0UWphM21PWm9TaDJC?oc=5,"Digdaya NU Jadi Kunci Transformasi Organisasi, Waketum PBNU Amin Said Husni Dorong PWNU Aceh Percepat Digitalisasi - NU Online",news.google.com,extraction_failed,2026-08-31 23:34:26
https://news.google.com/rss/articles/CBMizgFBVV95cUxNTFZsY0NTMFl2NlRjMDFzakpFeXoza0pWQVd6STduTHU1RV83Q3g2STR6cHJCZVdxRDhOdHhsaVN6ZWtpMUNaNmtMN1dlT0x2MnNVN2FlcVlRTEtTLWJqSGU5NUJ4VE9vUk9iVXJaeFhNRGdXdHFzTnV4T3lySGZFR01HOVltSlVJYWVybnJ5aFhrWnU0WW13ZHIybjFYal90bllOVlB6bHFlejVpUkpXVlFDQ3ItaWFKU2JPdl9vcnd1NEh4c2xBOHlNbmN2dw?oc=5,https://news.google.com/rss/articles/CBMizgFBVV95cUxNTFZsY0NTMFl2NlRjMDFzakpFeXoza0pWQVd6STduTHU1RV83Q3g2STR6cHJCZVdxRDhOdHhsaVN6ZWtpMUNaNmtMN1dlT0x2MnNVN2FlcVlRTEtTLWJqSGU5NUJ4VE9vUk9iVXJaeFhNRGdXdHFzTnV4T3lySGZFR01HOVltSlVJYWVybnJ5aFhrWnU0WW13ZHIybjFYal90bllOVlB6bHFlejVpUkpXVlFDQ3ItaWFKU2JPdl9vcnd1NEh4c2xBOHlNbmN2dw?oc=5,Politisi Gerindra Aceh dan Staf Khusus Presiden Soroti Memburuknya Ruang Digital di Aceh - harianrakyataceh.com,news.google.com,extraction_failed,2026-08-31 23:34:26
https://news.google.com/rss/articles/CBMirgFBVV95cUxQTEs2VFVhcUFMM2tES1ltLTFKc1dHMkZYQjdNVFhmeFFRUTBRTkV2OUl3eWY3UV9HcGpJb243WUd2RF9CcnkwTGVjMlNoUEU2aTNpUXZRMkxFMnNWUmQzdy0tQVZaY0tpSDFpQmppWVptVVYzemNNRi1kcHlITkNwWHJkQ2FIM1VNSFIzOS1aWVR5U2FLcU14Q1dqMEYwdXF1c2JrSUdaY3hLNEZERVHSAa4BQVVfeXFMTjY0RVpnaDFWcE9TN2ZCcnA1THVoLVREQ0l3bkVzU0NCWFJ5UTJWb0dkLUs4dzJsQ0ZWSXJYSVdKSEktZDBpWnFwQ1p1VTNCbHEzUndUV1NIdDJvYkNReFA2eUZWT2tIbzN4aHROU3d2MHg3YWd3Yjc4RUxPbWthR0xSTUVwa0lQNnFzeEgzbThxVUV2R1g5b3d5MnFMd0poOFhmMjU0NTlzbTlOel9B?oc=5,https://news.google.com/rss/articles/CBMirgFBVV95cUxQTEs2VFVhcUFMM2tES1ltLTFKc1dHMkZYQjdNVFhmeFFRUTBRTkV2OUl3eWY3UV9HcGpJb243WUd2RF9CcnkwTGVjMlNoUEU2aTNpUXZRMkxFMnNWUmQzdy0tQVZaY0tpSDFpQmppWVptVVYzemNNRi1kcHlITkNwWHJkQ2FIM1VNSFIzOS1aWVR5U2FLcU14Q1dqMEYwdXF1c2JrSUdaY3hLNEZERVHSAa4BQVVfeXFMTjY0RVpnaDFWcE9TN2ZCcnA1THVoLVREQ0l3bkVzU0NCWFJ5UTJWb0dkLUs4dzJsQ0ZWSXJYSVdKSEktZDBpWnFwQ1p1VTNCbHEzUndUV1NIdDJvYkNReFA2eUZWT2tIbzN4aHROU3d2MHg3YWd3Yjc4RUxPbWthR0xSTUVwa0lQNnFzeEgzbThxVUV2R1g5b3d5MnFMd0poOFhmMjU0NTlzbTlOel9B?oc=5,"1.241 Pengunjung selama Maret, Museum Aceh Siapkan Transformasi Digital Canggih » - dialeksis.com",news.google.com,extraction_failed,2026-08-31 23:34:26
https://news.google.com/rss/articles/CBMiwAFBVV95cUxOMEZYbWhUT1hlMDlJdHpxTFZiazVHUW9qbWUtZ2N3QUFtX0lscDJqV3NZS3pVNE5vcHFfeWFQV2p3ZS1CWGlndEhRVjMzSlZvSl9RWEtKdWs4MVAxVG9jVFhhSjhYdFhBN2N4cURPaHVvb2d2c3JsMERXeURORWY3WFQtdDI5OC1aQ0lCUnc1bkhkQUtOdEhCMkQxaWZBZjBKam1YajZUUWhjUlk5aGxqOVotUVdjQWMxcFZCalQwcm8?oc=5,https://news.google.com/rss/articles/CBMiwAFBVV95cUxOMEZYbWhUT1hlMDlJdHpxTFZiazVHUW9qbWUtZ2N3QUFtX0lscDJqV3NZS3pVNE5vcHFfeWFQV2p3ZS1CWGlndEhRVjMzSlZvSl9RWEtKdWs4MVAxVG9jVFhhSjhYdFhBN2N4cURPaHVvb2d2c3JsMERXeURORWY3WFQtdDI5OC1aQ0lCUnc1bkhkQUtOdEhCMkQxaWZBZjBKam1YajZUUWhjUlk5aGxqOVotUVdjQWMxcFZCalQwcm8?oc=5,Gubernur Aceh Tekankan Penguatan Tata Kelola dan Transformasi Digital dalam RUPS Bank Aceh Syariah - Waspada Aceh,news.google.com,extraction_failed,2026-08-31 23:34:27
https://news.google.com/rss/articles/CBMiowFBVV95cUxPb2t4SjRRd0tnbEd4VFVxTnRaUG9MS1A3RFZDNWwxYlpXT1p3YXFuaVBaTzI3TUt5RGk4N3BZc3JIQ1hkdlhkUnpFakZreWtvRTNGc0NNV1BoRl93OG1rMGRnRnV5cjBldkZaZHExVGxyNDJWZlVmbWZtd21TRlZMdWtvY1FQLWlvWVcxMVlCZVBycWFVc21kYnBmOGFQc1h6ME80?oc=5,https://news.google.com/rss/articles/CBMiowFBVV95cUxPb2t4SjRRd0tnbEd4VFVxTnRaUG9MS1A3RFZDNWwxYlpXT1p3YXFuaVBaTzI3TUt5RGk4N3BZc3JIQ1hkdlhkUnpFakZreWtvRTNGc0NNV1BoRl93OG1rMGRnRnV5cjBldkZaZHExVGxyNDJWZlVmbWZtd21TRlZMdWtvY1FQLWlvWVcxMVlCZVBycWFVc21kYnBmOGFQc1h6ME80?oc=5,RUPS Bank Aceh Tahun Buku 2025 : Mualem Dorong Transformasi Digital - KBA.ONE,news.google.com,extraction_failed,2026-08-31 23:34:27
https://news.google.com/rss/articles/CBMipgFBVV95cUxQUDRRN0FjRVI1NmZjcXE0Q2tNb0UyV3F6dzZQTndHaFEwYTlwbHhjbHlpS1M5R0FBQnloR1ZKRUZKMFV4ZVhCTFFNbEZ4VTNTQ2NNb21VSjhxeVVsSnhaRHVTTXNrR0kzTS02cmo5eXZHVlpnWlhKbmJUWE04UG9zbzQ4amgzYnJpSUFQczNuLVByOFpvWXBhQjcydmJBXzlLNHNqX0F3?oc=5,https://news.google.com/rss/articles/CBMipgFBVV95cUxQUDRRN0FjRVI1NmZjcXE0Q2tNb0UyV3F6dzZQTndHaFEwYTlwbHhjbHlpS1M5R0FBQnloR1ZKRUZKMFV4ZVhCTFFNbEZ4VTNTQ2NNb21VSjhxeVVsSnhaRHVTTXNrR0kzTS02cmo5eXZHVlpnWlhKbmJUWE04UG9zbzQ4amgzYnJpSUFQczNuLVByOFpvWXBhQjcydmJBXzlLNHNqX0F3?oc=5,"PWM Aceh Dorong Transformasi Pendidikan Berbasis Nilai, Digitalisasi, dan Kemandirian - nukilan.id",news.google.com,extraction_failed,2026-08-31 23:34:27
https://news.google.com/rss/articles/CBMiqAFBVV95cUxNalFxYndIV1FwU0dnWUVZSHU5NGc5TGt5dXlYRlJwYU5GbU42T2xqMGRpVnFsenJtV2NHRUQ5b0J3Sk8tTEEycmdkWENjSVJLZF80N0hxQ1k0SDNIVFc2amE3dlB3c3FoZEtNV2dFSmJ1djZkNG9tblVaNUlxakp3bGlXZTU5N3YwcW93LXZmazRTU2UtTVlDUVFET20tNC00Z2wzX2RkR07SAa4BQVVfeXFMTnUxZFEzblMycU9WZ2hEaXZ4OVdaQ19KNUtnN21sUUVkRTJjUE1Uam1IcHMwbVBkUTF5MVFWM3RGclZFMmh4VDkxaUlOZXd4dXUwV0x2bmRXU3FCRGVmLVpxaHNiTjdXMmdQRm4xeEhtbTlnV2d3RTNmTVhNcWYwVjlXbzh5U2FGbW1iblpOdzdheEMzek5ZSnBJMmJnOTJ1cHJHLUFtYjJkTFI1NkFn?oc=5,https://news.google.com/rss/articles/CBMiqAFBVV95cUxNalFxYndIV1FwU0dnWUVZSHU5NGc5TGt5dXlYRlJwYU5GbU42T2xqMGRpVnFsenJtV2NHRUQ5b0J3Sk8tTEEycmdkWENjSVJLZF80N0hxQ1k0SDNIVFc2amE3dlB3c3FoZEtNV2dFSmJ1djZkNG9tblVaNUlxakp3bGlXZTU5N3YwcW93LXZmazRTU2UtTVlDUVFET20tNC00Z2wzX2RkR07SAa4BQVVfeXFMTnUxZFEzblMycU9WZ2hEaXZ4OVdaQ19KNUtnN21sUUVkRTJjUE1Uam1IcHMwbVBkUTF5MVFWM3RGclZFMmh4VDkxaUlOZXd4dXUwV0x2bmRXU3FCRGVmLVpxaHNiTjdXMmdQRm4xeEhtbTlnV2d3RTNmTVhNcWYwVjlXbzh5U2FGbW1iblpOdzdheEMzek5ZSnBJMmJnOTJ1cHJHLUFtYjJkTFI1NkFn?oc=5,BSI perkuat literasi dan digitalisasi layanan aman dan inklusif - ANTARA News Aceh,news.google.com,extraction_failed,2026-08-31 23:34:27
https://news.google.com/rss/articles/CBMiwgFBVV95cUxORnFUSk1UYXhOT0xORUxncE1ra0NSQnNtQXBEWHBCMU5YUzdXY2RjVktBYlFGVjBCY1dyZ1NDZVozMWhBYUdTV283RWxvWjhOWm9Fc1VzRlFVdEVDcEdmLVZJM2l6TFEtUHJ3a0pjTkpDTXFTeFEzeGN5OXJ0VV9jeGx0LVhveVlYMTJfb0lTS0E5TlBlaDMxNW03RlFtTzdpY2wwWTdzRjJteW5aeENDbkVkbHQ2RmpqWXBrMWRleTVQUQ?oc=5,https://news.google.com/rss/articles/CBMiwgFBVV95cUxORnFUSk1UYXhOT0xORUxncE1ra0NSQnNtQXBEWHBCMU5YUzdXY2RjVktBYlFGVjBCY1dyZ1NDZVozMWhBYUdTV283RWxvWjhOWm9Fc1VzRlFVdEVDcEdmLVZJM2l6TFEtUHJ3a0pjTkpDTXFTeFEzeGN5OXJ0VV9jeGx0LVhveVlYMTJfb0lTS0E5TlBlaDMxNW03RlFtTzdpY2wwWTdzRjJteW5aeENDbkVkbHQ2RmpqWXBrMWRleTVQUQ?oc=5,"Transformasi Digital Melaju, Indosat Ingatkan Ancaman Siber di Indonesia Kian Mengkhawatirkan - masakini.co",news.google.com,extraction_failed,2026-08-31 23:34:28
https://news.google.com/rss/articles/CBMitgFBVV95cUxOS2lnUXI1X2pFaUpENWVISkFoYmVENm1SYlN4cGxFTVhPU2Jscm9aM3hsc21lQThQamZnMkRTeWp2Y3Y2Z1NMdVBRV2h4SnZTckgwSVRwY2dLUS1oYV81aUFSVnlTMXFKSXB6X1o0S0d2UlFoSDZJVHljVmloT3ZlNDdrRk5DUktoQlhFRUU3ck1ZbVBHdldIWEp1OXZocUFjTTFXMEo0eTI1aGxKZ1dZdDM2Z2p1QQ?oc=5,https://news.google.com/rss/articles/CBMitgFBVV95cUxOS2lnUXI1X2pFaUpENWVISkFoYmVENm1SYlN4cGxFTVhPU2Jscm9aM3hsc21lQThQamZnMkRTeWp2Y3Y2Z1NMdVBRV2h4SnZTckgwSVRwY2dLUS1oYV81aUFSVnlTMXFKSXB6X1o0S0d2UlFoSDZJVHljVmloT3ZlNDdrRk5DUktoQlhFRUU3ck1ZbVBHdldIWEp1OXZocUFjTTFXMEo0eTI1aGxKZ1dZdDM2Z2p1QQ?oc=5,Mualem Tekankan Tata Kelola Dan Transformasi Digital Dalam RUPS Bank Aceh Syariah - Habadaily,news.google.com,extraction_failed,2026-08-31 23:34:28
https://news.google.com/rss/articles/CBMi6gFBVV95cUxNS1g3c245Ym04NDJPUWJEUUU5TVVUOHRYNGtvQlROWVpVcnY1LWVWNGN3QThLaFdGc2NuTEt6V2FnZDlmanZPbkNzZTdqZzZtN1RRSGpqamxidFdHbWZkT2E2UnFnVUdDdmZoZGYwbWFxZnlrYlN3QmVFT2xRdUdBODdZMnIwNVc0dW9vLVJyWmNUWF82ejVleE9LQUk2bmZUNHdRRU4ybEZ5UTk5WTV2Yi15NjdxU0NKdVpTR3RkV29HRk43LVNxUWIta2J6TzI2d09vSG9wZ1pWdmZiQ3RDYk9pcWtJT091TlE?oc=5,https://news.google.com/rss/articles/CBMi6gFBVV95cUxNS1g3c245Ym04NDJPUWJEUUU5TVVUOHRYNGtvQlROWVpVcnY1LWVWNGN3QThLaFdGc2NuTEt6V2FnZDlmanZPbkNzZTdqZzZtN1RRSGpqamxidFdHbWZkT2E2UnFnVUdDdmZoZGYwbWFxZnlrYlN3QmVFT2xRdUdBODdZMnIwNVc0dW9vLVJyWmNUWF82ejVleE9LQUk2bmZUNHdRRU4ybEZ5UTk5WTV2Yi15NjdxU0NKdVpTR3RkV29HRk43LVNxUWIta2J6TzI2d09vSG9wZ1pWdmZiQ3RDYk9pcWtJT091TlE?oc=5,Gubernur Aceh Bentuk Aceh Corporate University - thejurnal.id,news.google.com,extraction_failed,2026-08-31 23:34:28
https://news.google.com/rss/articles/CBMi0wFBVV95cUxPVzhGWFhnYUJZM2NQNFVkeWVFbXVrV0JmOVl1TW9jRkRhaWxfMXlyZllhT09kWUlpM3hwRDNxUFo5SmJGN2FuZVpsaGdpYmNWclJkbFh2eVItRnBUdlNKR1pFTS1SVXBxcEVRRWFlREl3UE1ZUmdQcnNIZFVvWGJQa0cxYVdCa0c5S3Fsb2tGQTJNRFBGSjhCSjZ4RHpIcmN0ZGNQSzhVd2c5eGFCTXhuMkZoanU3aGJCMVp1M0NqLXN3SlR4RWFOZGpFR0k3ZEZhSzZZ?oc=5,https://news.google.com/rss/articles/CBMi0wFBVV95cUxPVzhGWFhnYUJZM2NQNFVkeWVFbXVrV0JmOVl1TW9jRkRhaWxfMXlyZllhT09kWUlpM3hwRDNxUFo5SmJGN2FuZVpsaGdpYmNWclJkbFh2eVItRnBUdlNKR1pFTS1SVXBxcEVRRWFlREl3UE1ZUmdQcnNIZFVvWGJQa0cxYVdCa0c5S3Fsb2tGQTJNRFBGSjhCSjZ4RHpIcmN0ZGNQSzhVd2c5eGFCTXhuMkZoanU3aGJCMVp1M0NqLXN3SlR4RWFOZGpFR0k3ZEZhSzZZ?oc=5,Fokus Illiza-Afdhal dalam Transformasi Digital: dari Smart Governance menuju Smart City - Diskominfo Banda Aceh,news.google.com,extraction_failed,2026-08-31 23:34:29
https://news.google.com/rss/articles/CBMixgFBVV95cUxNNk1mdlZZOXdzMTJINFd0cll1MVNEd0JIZl9tVlhOMmhGYVMxdVZSQS1TSi1QVTlreEdoeTVNVldwRy1lNllaOVBxdU5zalU1SzNJMmV5N3FfQzlhU0tscF9MT0tuc3YwUHAwUm04dDAzMkhjTC1HMUYwM05KYjZzVDBGSmJwNmJ4b2tjWGJwSXljUzU2djhrbVZ1QzdRMTNpUXRtbHVnQlV4NDladVk1RzhBa2xTMlpFc0JUOGNnX1A3bzlpdkE?oc=5,https://news.google.com/rss/articles/CBMixgFBVV95cUxNNk1mdlZZOXdzMTJINFd0cll1MVNEd0JIZl9tVlhOMmhGYVMxdVZSQS1TSi1QVTlreEdoeTVNVldwRy1lNllaOVBxdU5zalU1SzNJMmV5N3FfQzlhU0tscF9MT0tuc3YwUHAwUm04dDAzMkhjTC1HMUYwM05KYjZzVDBGSmJwNmJ4b2tjWGJwSXljUzU2djhrbVZ1QzdRMTNpUXRtbHVnQlV4NDladVk1RzhBa2xTMlpFc0JUOGNnX1A3bzlpdkE?oc=5,"Aceh Tengah Menuju Transformasi Digital, Bupati Tegaskan Komitmen Terapkan Satu Data dan SPBE - Prokopim Aceh Tengah",news.google.com,extraction_failed,2026-08-31 23:34:29
https://news.google.com/rss/articles/CBMiiwFBVV95cUxPczN1RzMzMG1lLXE5aVRnTFQwRWJXWUFWNWQyTTJxLWF2R3d0LWY4VDhmUl9XSDNJMm5uZlI2OWRGcDdZOTNOdXBNcHpkcE5NUWdzYmdmMkNkUkFQb0thTUdNVkxxRHhYejdrWm9JaFVxRElxT1NMV0Q5Q2Z1OGhMZWl2TWdOb05yTmdZ0gGQAUFVX3lxTE03RUNnenhKOWcyTXFLUENkN1NjMm1fMlJZdDNMRGNiLWJ1OGp4Q3ItZkd1eXBhcGx6LUtFdzA4emhGLUh4aVAwWUVScHlsZTRfaXpkUkZmQmNEMFYwWU9LbURZVHhoMFNsOHpXNDhleUpzZlRfd0dfa2h5WDgyVnNvTGVLbFBMbFdRQUZkaWotWQ?oc=5,https://news.google.com/rss/articles/CBMiiwFBVV95cUxPczN1RzMzMG1lLXE5aVRnTFQwRWJXWUFWNWQyTTJxLWF2R3d0LWY4VDhmUl9XSDNJMm5uZlI2OWRGcDdZOTNOdXBNcHpkcE5NUWdzYmdmMkNkUkFQb0thTUdNVkxxRHhYejdrWm9JaFVxRElxT1NMV0Q5Q2Z1OGhMZWl2TWdOb05yTmdZ0gGQAUFVX3lxTE03RUNnenhKOWcyTXFLUENkN1NjMm1fMlJZdDNMRGNiLWJ1OGp4Q3ItZkd1eXBhcGx6LUtFdzA4emhGLUh4aVAwWUVScHlsZTRfaXpkUkZmQmNEMFYwWU9LbURZVHhoMFNsOHpXNDhleUpzZlRfd0dfa2h5WDgyVnNvTGVLbFBMbFdRQUZkaWotWQ?oc=5,Transformasi digital Museum Tsunami Aceh - ANTARA Foto,news.google.com,extraction_failed,2026-08-31 23:34:29
https://news.google.com/rss/articles/CBMi6gFBVV95cUxOcUhSUmdXOTN4NDVtdXBHUGk3MzJfcVcxTTFENHdIZjVhWTlPVlJkWkRNLUFCdGZkbUtkdnJNZGRHOWtSemRmSmxhc0FweGRrZ1RqNGNFMTdrUVdob25id0VjOWVqWUc0UktLQThqTzYwekRDU25BYlZuRmNvaG4xRndRNW43b2pJZTRwNHlHWmU2ZWhmdkxqTDB0RXBqVFRTcUV1UW1EQl9SSGExdHNVcmJ1S3JNdWZlZms3OVhHUENFMzNvTVMyX29pVU1adzBheEtadEpDMGYyd0dEOHJ1VnZXN3JjUDA1d0E?oc=5,https://news.google.com/rss/articles/CBMi6gFBVV95cUxOcUhSUmdXOTN4NDVtdXBHUGk3MzJfcVcxTTFENHdIZjVhWTlPVlJkWkRNLUFCdGZkbUtkdnJNZGRHOWtSemRmSmxhc0FweGRrZ1RqNGNFMTdrUVdob25id0VjOWVqWUc0UktLQThqTzYwekRDU25BYlZuRmNvaG4xRndRNW43b2pJZTRwNHlHWmU2ZWhmdkxqTDB0RXBqVFRTcUV1UW1EQl9SSGExdHNVcmJ1S3JNdWZlZms3OVhHUENFMzNvTVMyX29pVU1adzBheEtadEpDMGYyd0dEOHJ1VnZXN3JjUDA1d0E?oc=5,"Presiden Prabowo Bahas Transformasi Digital dan E-Government bersama Menkomdigi Meutya Hafid - Dinas Komunikasi, Informatika dan Persandian Aceh",news.google.com,extraction_failed,2026-08-31 23:34:29
https://news.google.com/rss/articles/CBMivAFBVV95cUxNWUZ3S25UT3hxYXRBdWlFN2hzQUN3WFRMM0o2YXVwMER2REdoLXdwR2M1T1pWLWF6MXZFSFNaaEhlZDd3NUlXTnB0NFdCSlBESUdFMHRwWkFJekVPNW0yMmhGbjlBejlqR2lTLXFyMjFoZ1V1b3VRSmN5LXhzYVdBSmk3LUJUQlNHZ05UazhJYThDdlFHcW1tX0hnWFhWSVRqMFBURno4UWV4T2JmaWg5WVdndTU1WGpRNjJQTA?oc=5,https://news.google.com/rss/articles/CBMivAFBVV95cUxNWUZ3S25UT3hxYXRBdWlFN2hzQUN3WFRMM0o2YXVwMER2REdoLXdwR2M1T1pWLWF6MXZFSFNaaEhlZDd3NUlXTnB0NFdCSlBESUdFMHRwWkFJekVPNW0yMmhGbjlBejlqR2lTLXFyMjFoZ1V1b3VRSmN5LXhzYVdBSmk3LUJUQlNHZ05UazhJYThDdlFHcW1tX0hnWFhWSVRqMFBURno4UWV4T2JmaWg5WVdndTU1WGpRNjJQTA?oc=5,Berita MTQ XXXVII Provinsi Aceh di Pidie Jaya Diwarnai Seminar Al – Quran - Pemkab Aceh Besar,news.google.com,extraction_failed,2026-08-31 23:34:29
https://news.google.com/rss/articles/CBMiowFBVV95cUxNQVpMcEdEYWozbDJCeklZN2JpeFFqY0JmZnU5eFQwdjk1V1h5NGZjN1NJY3dWbzB3SGpqTVZ0RmZwTEZYYmNyVHVhcExoZ1JoVk1fNGNDei1SMElGMWFhZ3AwRGFYanFmdF9rQnZtTjdONC0zZlRjcDc0UkVhN090c21yRE1SVWgxczlyMXhfdmFyWnIzY2tYSWV4dDRhbXg3alVr?oc=5,https://news.google.com/rss/articles/CBMiowFBVV95cUxNQVpMcEdEYWozbDJCeklZN2JpeFFqY0JmZnU5eFQwdjk1V1h5NGZjN1NJY3dWbzB3SGpqTVZ0RmZwTEZYYmNyVHVhcExoZ1JoVk1fNGNDei1SMElGMWFhZ3AwRGFYanFmdF9rQnZtTjdONC0zZlRjcDc0UkVhN090c21yRE1SVWgxczlyMXhfdmFyWnIzY2tYSWV4dDRhbXg3alVr?oc=5,Bahas Sinergi Komunikasi Publik dan Transformasi Digital - harianrakyataceh.com,news.google.com,extraction_failed,2026-08-31 23:34:30
https://news.google.com/rss/articles/CBMi1wFBVV95cUxNRHZGN2ItX25CVjFwOVNBZWFsYXVsWFBMMWZuUGFhMUFFRThPd1RDbGlNSDdlYVpPRHZ3MzhmV25PWEJ3UjVwd0lETFcydll5MjdsUXU5c1FCelozQk8wb1hrUjRFQkNtdEFPNnpKZXhNdUVqN05lUEM5Y2RDM2dNaG93WUtiX1BNM25Qb3ViRTRpRDNPSVNNeEwyXzItWW9KVklNZWFkeGR4ekhrcXRfMVFCZnZKUkFUTndDVmVxUVMyRVEySEMzVVZTQnozLWZmRFF4cmZIQQ?oc=5,https://news.google.com/rss/articles/CBMi1wFBVV95cUxNRHZGN2ItX25CVjFwOVNBZWFsYXVsWFBMMWZuUGFhMUFFRThPd1RDbGlNSDdlYVpPRHZ3MzhmV25PWEJ3UjVwd0lETFcydll5MjdsUXU5c1FCelozQk8wb1hrUjRFQkNtdEFPNnpKZXhNdUVqN05lUEM5Y2RDM2dNaG93WUtiX1BNM25Qb3ViRTRpRDNPSVNNeEwyXzItWW9KVklNZWFkeGR4ekhrcXRfMVFCZnZKUkFUTndDVmVxUVMyRVEySEMzVVZTQnozLWZmRFF4cmZIQQ?oc=5,"Implementasi Percepatan Transformasi Digital, Diskominsa Aceh Kerja Sama dengan FMIPA USK - Pemerintahan Aceh",news.google.com,extraction_failed,2026-08-31 23:34:30
https://news.google.com/rss/articles/CBMi1AFBVV95cUxOel9lRFUtNEVMaXZma2tHcFpvbU1felYtNDJrb2NGOXhLRzlQZExJZHFmeHJ3N2dZUWdpdmlrNVg2b3FLR3NNbFAzM3dySjZPd0NHUzVNTW9BMzFjSGZZWHI2OFRJV3M1TDROZW1ZUUNCLWVtWlljMFE0bUc1R2YzVDZUR0N2ZDlrS0tfZjdVM3hDYl9icXQwQmhYbUIxRnhMYkVIaUlGa2dwa2hKRWdkekZfS0pvcEdnRE83aGgtbENyU2Z5YV9zckJIODZTM0pEckNRUg?oc=5,https://news.google.com/rss/articles/CBMi1AFBVV95cUxOel9lRFUtNEVMaXZma2tHcFpvbU1felYtNDJrb2NGOXhLRzlQZExJZHFmeHJ3N2dZUWdpdmlrNVg2b3FLR3NNbFAzM3dySjZPd0NHUzVNTW9BMzFjSGZZWHI2OFRJV3M1TDROZW1ZUUNCLWVtWlljMFE0bUc1R2YzVDZUR0N2ZDlrS0tfZjdVM3hDYl9icXQwQmhYbUIxRnhMYkVIaUlGa2dwa2hKRWdkekZfS0pvcEdnRE83aGgtbENyU2Z5YV9zckJIODZTM0pEckNRUg?oc=5,Pemerintah Kota Banda Aceh Raih Predikat “Sangat Baik” dalam Evaluasi SPBE Tahun 2024 - Pemerintah Kota Banda Aceh,news.google.com,extraction_failed,2026-08-31 23:34:30
https://news.google.com/rss/articles/CBMizAFBVV95cUxQdl9RQXg4dEhiQVVneEphQ1BUZHI3ZHZhQ0xnUUI1ZEZRS193dW5rWC04NmhObWxrVGM5d29wR09LSTJaM19YNTJleUhUZWhXM253NHNqaDRDUE54cXhVUGtnSXpRVElwUTdBOURhcUF3dmUxQlhOVmhkRHhrYTNQWGxqRFJvNUJCQzNEaVdkUjMwU0VXNzhoMUVKVlRtN3gyXzhzdW5xT1o1anBHYUFaZHdma1JEMjdCVHFwb2QxN1NhTDhxaFRsZnJiMXM?oc=5,https://news.google.com/rss/articles/CBMizAFBVV95cUxQdl9RQXg4dEhiQVVneEphQ1BUZHI3ZHZhQ0xnUUI1ZEZRS193dW5rWC04NmhObWxrVGM5d29wR09LSTJaM19YNTJleUhUZWhXM253NHNqaDRDUE54cXhVUGtnSXpRVElwUTdBOURhcUF3dmUxQlhOVmhkRHhrYTNQWGxqRFJvNUJCQzNEaVdkUjMwU0VXNzhoMUVKVlRtN3gyXzhzdW5xT1o1anBHYUFaZHdma1JEMjdCVHFwb2QxN1NhTDhxaFRsZnJiMXM?oc=5,Baznas Dorong Transformasi Digital untuk Optimalkan Pengelolaan Zakat Nasional - Baitul Mal Aceh,news.google.com,extraction_failed,2026-08-31 23:34:31
https://news.google.com/rss/articles/CBMizAFBVV95cUxNSTRWQ0t4UWFIeGtRMGJLMzdWdEVtZkVkMXNqRXA0cDFMQmN5azF0dW9rU0dUQ2VCZlBWdkR4MGhGNmVILUtLOHA0N25uWlF6MWpzcjJhWnJVcVZjRnk1YXBzeVdEckQ3YXZ4Tkc3anlXcmJ5OW50S0pFNENqenhzUnZ3eDlmVGFhTmU3ZXFhTXlJVFdqOUVHT0s3VGpVLW1vS215c19iTXdoQjB2cGpIUE4tVHdVRjl3VDJLamNhSEhuaVBIckhrVXl6d2I?oc=5,https://news.google.com/rss/articles/CBMizAFBVV95cUxNSTRWQ0t4UWFIeGtRMGJLMzdWdEVtZkVkMXNqRXA0cDFMQmN5azF0dW9rU0dUQ2VCZlBWdkR4MGhGNmVILUtLOHA0N25uWlF6MWpzcjJhWnJVcVZjRnk1YXBzeVdEckQ3YXZ4Tkc3anlXcmJ5OW50S0pFNENqenhzUnZ3eDlmVGFhTmU3ZXFhTXlJVFdqOUVHT0s3VGpVLW1vS215c19iTXdoQjB2cGpIUE4tVHdVRjl3VDJLamNhSEhuaVBIckhrVXl6d2I?oc=5,29 Fasilitas Kesehatan di Aceh Sabet Penghargaan Transformasi Digital dalam Program JKN - harianrakyataceh.com,news.google.com,extraction_failed,2026-08-31 23:34:31
https://news.google.com/rss/articles/CBMizwFBVV95cUxOOV9uRG5LS2xDMERqck1HY2JoaVZDZ3dyb3hBX0dNOVF2WmlObFA0SlFZLVpNTnRWTWRvalNISW5OdWI4aW1jc3Y2bE9vUWF5bnNRZVlXbUJyRHl3MnZJNk5xcU1nTDBYSEREN1A2YTlSZ3UxSGw1aGViN3RUTGFUaGYxUU5xYXBEc2Qydy1xQ2ZJN3ZvdWstVUNTNHFCS3M0ZHMxWjNKOWRTUllNQ0RFdlI2Z0tJQzVHRW1Ud3g3SGFxajRidG9fcWdDeEpDLVU?oc=5,https://news.google.com/rss/articles/CBMizwFBVV95cUxOOV9uRG5LS2xDMERqck1HY2JoaVZDZ3dyb3hBX0dNOVF2WmlObFA0SlFZLVpNTnRWTWRvalNISW5OdWI4aW1jc3Y2bE9vUWF5bnNRZVlXbUJyRHl3MnZJNk5xcU1nTDBYSEREN1A2YTlSZ3UxSGw1aGViN3RUTGFUaGYxUU5xYXBEc2Qydy1xQ2ZJN3ZvdWstVUNTNHFCS3M0ZHMxWjNKOWRTUllNQ0RFdlI2Z0tJQzVHRW1Ud3g3SGFxajRidG9fcWdDeEpDLVU?oc=5,Transformasi Digital Pengelolaan Arsip Mutlak Dilakukan - BPSDM Aceh,news.google.com,extraction_failed,2026-08-31 23:34:31
https://news.google.com/rss/articles/CBMi1AFBVV95cUxNai1LWmYzelJGdWY0dDNoaUtpaGwxNFRDclpvMThsQjRUSHd2R1NWQVBNTnF5V3ZJbTNlcWRnWm1BTWE2YjFsc3IzQi1fWmRCb3FFdXZFOEVtVnlIcTBSUmFDdEdaX2ZSV3ZPcXBfb2ZMb2NqWm9RTTNaSnZ3bGxPWC01MkpkOGVkLTAtTFpwRy02TGxvV1d3Vk1OdGZrdkVFUlZfaDBpREN4eFVBb05YZ1NCM29tZEZwT3NuUW1DTGNrYUpweGsweXFTdm1HN2ZMVEFIag?oc=5,https://news.google.com/rss/articles/CBMi1AFBVV95cUxNai1LWmYzelJGdWY0dDNoaUtpaGwxNFRDclpvMThsQjRUSHd2R1NWQVBNTnF5V3ZJbTNlcWRnWm1BTWE2YjFsc3IzQi1fWmRCb3FFdXZFOEVtVnlIcTBSUmFDdEdaX2ZSV3ZPcXBfb2ZMb2NqWm9RTTNaSnZ3bGxPWC01MkpkOGVkLTAtTFpwRy02TGxvV1d3Vk1OdGZrdkVFUlZfaDBpREN4eFVBb05YZ1NCM29tZEZwT3NuUW1DTGNrYUpweGsweXFTdm1HN2ZMVEFIag?oc=5,Berita Seminar Al-Qur’an MTQ Aceh XXXVII Bahas Internalisasi Nilai Qur’ani di Era Digital - Pemerintah Kabupaten Simeulue,news.google.com,extraction_failed,2026-08-31 23:34:31
https://news.google.com/rss/articles/CBMiqAFBVV95cUxQZHJ3ZjIyelZkbmdaNU1TREFyX3dIbW9TcGFjb0NpVmtzamt6U3o4NUJxMFR6SEVnY19oLTlxNFVSbzdFVThlU1NIcW52WmoxZjNWMHhVVFQ3ajA0SXU3VEFmbFV5RC1hWkZxbG9JQWpaR245eDNJNVRpa3BSYXU2VndMQzFJQjhxZVRQWVlQd2RBX2F2MEVNSkE2QlB6T1ZQUUFIRFR0ZHo?oc=5,https://news.google.com/rss/articles/CBMiqAFBVV95cUxQZHJ3ZjIyelZkbmdaNU1TREFyX3dIbW9TcGFjb0NpVmtzamt6U3o4NUJxMFR6SEVnY19oLTlxNFVSbzdFVThlU1NIcW52WmoxZjNWMHhVVFQ3ajA0SXU3VEFmbFV5RC1hWkZxbG9JQWpaR245eDNJNVRpa3BSYXU2VndMQzFJQjhxZVRQWVlQd2RBX2F2MEVNSkE2QlB6T1ZQUUFIRFR0ZHo?oc=5,DPKA Terus Dorong Transformasi Digital dalam Pengelolaan Arsip - ACEH BISNIS,news.google.com,extraction_failed,2026-08-31 23:34:31
https://news.google.com/rss/articles/CBMi3gFBVV95cUxPSWhZNld3ZmM4dHJrNjl2U2QtUnA4S0czMUZCd2xqVmJwWVA2a3p2Sl9lT2tqOG9qM05GLTNSc3dQcXFlZUd5RXRvVnNjMWdqLUlDN2h6eDgxcFVqZWt2MTJ2SWNKTFhzQ0U3c29QbjRFNWdtWVZzSGdURmYxT08yRzJOamc5TE5fNFlubjg0UDdMbVVzR2t6NlBzNUZfSDFKZ1o0M2RtWURBNTI4eHJnT3B3WFUyVUVtUUg5VzI1ZENjemVaN3JwYi1rcFRWakQyZENBSmMyMFdZLV9WaGc?oc=5,https://news.google.com/rss/articles/CBMi3gFBVV95cUxPSWhZNld3ZmM4dHJrNjl2U2QtUnA4S0czMUZCd2xqVmJwWVA2a3p2Sl9lT2tqOG9qM05GLTNSc3dQcXFlZUd5RXRvVnNjMWdqLUlDN2h6eDgxcFVqZWt2MTJ2SWNKTFhzQ0U3c29QbjRFNWdtWVZzSGdURmYxT08yRzJOamc5TE5fNFlubjg0UDdMbVVzR2t6NlBzNUZfSDFKZ1o0M2RtWURBNTI4eHJnT3B3WFUyVUVtUUg5VzI1ZENjemVaN3JwYi1rcFRWakQyZENBSmMyMFdZLV9WaGc?oc=5,Bupati Haili Yoga Bahas Program Aceh Tengah Satu Data dan Transformasi Digital bersama Amazon Web Services (AWS) - Prokopim Aceh Tengah,news.google.com,extraction_failed,2026-08-31 23:34:32
https://news.google.com/rss/articles/CBMi5wFBVV95cUxQbzRTaFFQTWpMaWx6aXBwZE0tUUh6WEFxbHY2WnZaNHF2RFlrQzdvM3dLejdrdkhSeHpmU0RmNG52b2p2UjlPSTJxTVhCbnJvaHY1QWR1ZG5HeG5lWW9aa2wybUt5X0RmQzZyN1N1b3ZMWUg5cmRPSUdDdTRSYmFzNnI5QnJpVnNPZFlOWDB5eUM0d1ZvajVBNU4wM0VGRTc2bTRsc3lpRGlMME1mN1JhNmR0MmF5b3NMRTNwSnNGYmJBaDUxX21RR1pVMUdPaEc2U0dlWFg1WC1sN3RIYlJ2bzNNc0RQdWs?oc=5,https://news.google.com/rss/articles/CBMi5wFBVV95cUxQbzRTaFFQTWpMaWx6aXBwZE0tUUh6WEFxbHY2WnZaNHF2RFlrQzdvM3dLejdrdkhSeHpmU0RmNG52b2p2UjlPSTJxTVhCbnJvaHY1QWR1ZG5HeG5lWW9aa2wybUt5X0RmQzZyN1N1b3ZMWUg5cmRPSUdDdTRSYmFzNnI5QnJpVnNPZFlOWDB5eUM0d1ZvajVBNU4wM0VGRTc2bTRsc3lpRGlMME1mN1JhNmR0MmF5b3NMRTNwSnNGYmJBaDUxX21RR1pVMUdPaEc2U0dlWFg1WC1sN3RIYlJ2bzNNc0RQdWs?oc=5,"Bupati Haili Yoga Temui Wakil Menteri Komendigi, Minta Dukungan Program Aceh Tengah Satu Data dan Transformasi Digital - Prokopim Aceh Tengah",news.google.com,extraction_failed,2026-08-31 23:34:32
https://news.google.com/rss/articles/CBMiygFBVV95cUxNNG1pOWstWjJMUV9naG1CeW9vNFJELXZvMVd0VndDeUlEQjZYQWFOcjd6N1BjUzJaN29KVmxpeWVLT1VYd1JSbmhXNVlrQU9vcjMyQXdsbldkR25qOC1vOXVjMHZadjRkUXVfM3QtS0wxOGltUUw2ZU03S2plazUwUlVsaGFEYUNVbVI0bjdPTlFzbHpNVWlIQ0E2T21fSGRKRHNfWWs1ZFl4YWd1YUZCSEZLRVMzczFvU04zREVwdWJVSmtoUFJQcWZn?oc=5,https://news.google.com/rss/articles/CBMiygFBVV95cUxNNG1pOWstWjJMUV9naG1CeW9vNFJELXZvMVd0VndDeUlEQjZYQWFOcjd6N1BjUzJaN29KVmxpeWVLT1VYd1JSbmhXNVlrQU9vcjMyQXdsbldkR25qOC1vOXVjMHZadjRkUXVfM3QtS0wxOGltUUw2ZU03S2plazUwUlVsaGFEYUNVbVI0bjdPTlFzbHpNVWlIQ0E2T21fSGRKRHNfWWs1ZFl4YWd1YUZCSEZLRVMzczFvU04zREVwdWJVSmtoUFJQcWZn?oc=5,DPMPTSP Hadiri Sosialisasi Arah Kebijakan Transformasi Digital Pelayanan Publik - Diskominfo Banda Aceh,news.google.com,extraction_failed,2026-08-31 23:34:33
https://news.google.com/rss/articles/CBMi7wFBVV95cUxPUnMxODItVG1rMkJKbHVTOEdjVWpFeWhPWUwycHJrZmJuTlBUUmdnNG1paHp1aURibzZXVndaYjR4YmFZVVlZU2xrVEZ3ZVowZWpkSFhaVHNxR1hHR3lORDRhQnJtS0RwU1JoVndVWDNiX0hvRXRpLUM2bGo0UFMzV1l2eXRXbi1MbmFTWVZjVk4xTTBwbExvVllneVZ1Z1hSUm1WRTNtTVZCcTlGdDZ2UmVxQzlGaDVSckN3Ym8tSUZldHIyQ1F5bUU1d3p6MjRYS2ZrX2lTclRXeGVCSTVtSjQ4ZWRaeVRQNUtqNHhjOA?oc=5,https://news.google.com/rss/articles/CBMi7wFBVV95cUxPUnMxODItVG1rMkJKbHVTOEdjVWpFeWhPWUwycHJrZmJuTlBUUmdnNG1paHp1aURibzZXVndaYjR4YmFZVVlZU2xrVEZ3ZVowZWpkSFhaVHNxR1hHR3lORDRhQnJtS0RwU1JoVndVWDNiX0hvRXRpLUM2bGo0UFMzV1l2eXRXbi1MbmFTWVZjVk4xTTBwbExvVllneVZ1Z1hSUm1WRTNtTVZCcTlGdDZ2UmVxQzlGaDVSckN3Ym8tSUZldHIyQ1F5bUU1d3p6MjRYS2ZrX2lTclRXeGVCSTVtSjQ4ZWRaeVRQNUtqNHhjOA?oc=5,BKPSDM Aceh Utara Gelar Bimtek SIAP Tinjut: Dorong Transformasi Digital Pelayanan Kepegawaian - BKPSDM | Kab. Aceh Utara,news.google.com,extraction_failed,2026-08-31 23:34:33
https://news.google.com/rss/articles/CBMi9wFBVV95cUxOWlZFdFFuTmRQcGtqN1RLV1ZpV3pXeFZfN052aTh3OWpoZFkxa1oxX3J3SnVSajhwRm9UWlhOM0ZCVkRvVmJnMjFWWVNFNGRMVnJLWmxVVnE5WkxHcTI1RlBNNkU5VGNQZmxweFJvS1hDT0JBaVVyX21SVzNiRnd2Vi1MZzRTSk5jbjBzc2VIRnAtMUUwQzUweUNoeW50aHVWOEV5dE10X1dTR0NxVzJ6U0pKNWNDNDJiYlh6Zy1WeUJjQ2FBS3F5Ri1pdlU4N2Vhd1hlSUVqWVM0aGI5bzEyZzBGelJGMFMwTVFFTUNnMGhERmF0QWQ0?oc=5,https://news.google.com/rss/articles/CBMi9wFBVV95cUxOWlZFdFFuTmRQcGtqN1RLV1ZpV3pXeFZfN052aTh3OWpoZFkxa1oxX3J3SnVSajhwRm9UWlhOM0ZCVkRvVmJnMjFWWVNFNGRMVnJLWmxVVnE5WkxHcTI1RlBNNkU5VGNQZmxweFJvS1hDT0JBaVVyX21SVzNiRnd2Vi1MZzRTSk5jbjBzc2VIRnAtMUUwQzUweUNoeW50aHVWOEV5dE10X1dTR0NxVzJ6U0pKNWNDNDJiYlh6Zy1WeUJjQ2FBS3F5Ri1pdlU4N2Vhd1hlSUVqWVM0aGI5bzEyZzBGelJGMFMwTVFFTUNnMGhERmF0QWQ0?oc=5,Aceh Timur dukung transformasi digital melalui Perjanjian Kerjasama Sertifikat Elektronik dengan BSSN - Pemkab Aceh Timur,news.google.com,extraction_failed,2026-08-31 23:34:33
https://news.google.com/rss/articles/CBMiowFBVV95cUxOYWQ5b3NwM2lVQUwxQVpWM05hNWtPUGZ0d0hEMDlXVW5pTEt6Z2NWRDZMTkY3UzVGbENMSEFCTVVvcmNVWnZUSUN1bjJGNXlYSy12WF9TbUdhbmQxV2xFb3NVQ0NfY1B5anZ0aEkxMlBWV3hFdHVybW1YTzk1RlVxaGhvOVNIb0Jmck0xQzlsRFF3UWszRk51Z2VoRVVrZi1XOG840gGgAUFVX3lxTFBsT280X1E1R05fMHhfWVVNeDFMYUtBVVl2VHltTlpaYjJCM2dzaEk4Y0JWY3dfQlZFeXVHX0JPdlNQZEZna2NaeHhwWTJVVXlRbFZaOXdjcm14U1VZSjByelVqeHFYUWQzNUk0NE1BeGZSZXpGWjl1SUpsaTV5VlcxeEtlZXZGZHVCVnRMQ2ZjNEFia0M0cHRYZDM5ZjhxOXg?oc=5,https://news.google.com/rss/articles/CBMiowFBVV95cUxOYWQ5b3NwM2lVQUwxQVpWM05hNWtPUGZ0d0hEMDlXVW5pTEt6Z2NWRDZMTkY3UzVGbENMSEFCTVVvcmNVWnZUSUN1bjJGNXlYSy12WF9TbUdhbmQxV2xFb3NVQ0NfY1B5anZ0aEkxMlBWV3hFdHVybW1YTzk1RlVxaGhvOVNIb0Jmck0xQzlsRFF3UWszRk51Z2VoRVVrZi1XOG840gGgAUFVX3lxTFBsT280X1E1R05fMHhfWVVNeDFMYUtBVVl2VHltTlpaYjJCM2dzaEk4Y0JWY3dfQlZFeXVHX0JPdlNQZEZna2NaeHhwWTJVVXlRbFZaOXdjcm14U1VZSjByelVqeHFYUWQzNUk0NE1BeGZSZXpGWjl1SUpsaTV5VlcxeEtlZXZGZHVCVnRMQ2ZjNEFia0M0cHRYZDM5ZjhxOXg?oc=5,Said Agil: Teknologi Tanpa Iman Bisa Melahirkan Krisis Moral - Aceh Online,news.google.com,extraction_failed,2026-08-31 23:34:33
https://news.google.com/rss/articles/CBMi6wFBVV95cUxOMEd4YTNGbFBRQmxfY0JqSERIVTdtTUVrLXZIdUxBUHRsNVV3Uk5GbmlVdkFaRnhFZWEtMS13WUdFNGVMM2hfQnpod0RualY4d2JZcjBVUmpwazFjZk0xNUxYa3c3TXFtU3dzRm0tSnhEdzFqRkVsRjF0YVQ2bE1aSHZSN0lNVDZQSkRWYkViaTFqOTN3SWxvTE1sS2luSVN5S2JPeTJBWG1GSWJMcW9ZaE5pNXlhREJDOXk4eXk3ZnhYQXNSR2lQTDRNUGN3a2NwbTh2WXRpTUtrMG5hN3N0eXNJMHpzTTBUZ0Mw?oc=5,https://news.google.com/rss/articles/CBMi6wFBVV95cUxOMEd4YTNGbFBRQmxfY0JqSERIVTdtTUVrLXZIdUxBUHRsNVV3Uk5GbmlVdkFaRnhFZWEtMS13WUdFNGVMM2hfQnpod0RualY4d2JZcjBVUmpwazFjZk0xNUxYa3c3TXFtU3dzRm0tSnhEdzFqRkVsRjF0YVQ2bE1aSHZSN0lNVDZQSkRWYkViaTFqOTN3SWxvTE1sS2luSVN5S2JPeTJBWG1GSWJMcW9ZaE5pNXlhREJDOXk4eXk3ZnhYQXNSR2lQTDRNUGN3a2NwbTh2WXRpTUtrMG5hN3N0eXNJMHpzTTBUZ0Mw?oc=5,"Wujudkan Reformasi Birokrasi, Pemerintah Aceh Siap Dukung Transformasi Digitalisasi Pemerintahan - DINAS PENGAIRAN ACEH",news.google.com,extraction_failed,2026-08-31 23:34:34
https://news.google.com/rss/articles/CBMisAFBVV95cUxNSzA4OUVpWVJxVVRYVFNhSFdiSUhDVXBDbXJxZ0Rfb1phQlFocmhtbThzS2hfLUViZVNrTFdIdzBLdGl4aDRTTTJsNkVfelAyMFFrRW1WZTZ1MEd4WjV4eVpMMW5lNTRKeWRfQXlQOHlLUm0xazNhamd2amRoNTIwZi03eDkyS3A5ekdlZWJITVpHcXdHamlDWnhRSm1renJ0VWhZdlRfbEl1OE0xcUNRMQ?oc=5,https://news.google.com/rss/articles/CBMisAFBVV95cUxNSzA4OUVpWVJxVVRYVFNhSFdiSUhDVXBDbXJxZ0Rfb1phQlFocmhtbThzS2hfLUViZVNrTFdIdzBLdGl4aDRTTTJsNkVfelAyMFFrRW1WZTZ1MEd4WjV4eVpMMW5lNTRKeWRfQXlQOHlLUm0xazNhamd2amRoNTIwZi03eDkyS3A5ekdlZWJITVpHcXdHamlDWnhRSm1renJ0VWhZdlRfbEl1OE0xcUNRMQ?oc=5,PLN UID Aceh Dorong Transformasi Digital PLTD Sabang untuk Dukung Kota Wisata Andal Listrik - Putaran.id,news.google.com,extraction_failed,2026-08-31 23:34:34
https://news.google.com/rss/articles/CBMiogFBVV95cUxNQW1OZDNMMFVoVzFvUzgtYzZhR1R3OHAzS2lxczhIeUFQY0lrVXZmYkVMTGpaOXNfeWhkTlFyTVpOd2lHMlU4ZUVsc1J1ZWl3X0xvMVFab05QOFREQWlYRzdrdFRobmI4dW1VVlRFSjZBMElfRGc5N0E4N0xuWjFEM1otM3Y2LXZBRGFLUHV2R1B5bVpEdVR1WkVVVVo4b292VFHSAacBQVVfeXFMUGJWcHpnWFhGb1h4c1A0VVR0Q01DTUoxejVBcjI0VUc1b1JnVGhDc3ZVdXpoZHNQbzI1QktjOW1heC1oeGgxVEQ3OXotdEZPTVd6M3VnRkZRWXlDZ2JuWUtBRGduZUJGWHZyeFFXbUF5QldxdlFFQXl1eE9IeVRhUG5uNE1ScWJYMW1sekI1UE1LQVRwX19INW92NERuLW9WYV9xMzR0Unc?oc=5,https://news.google.com/rss/articles/CBMiogFBVV95cUxNQW1OZDNMMFVoVzFvUzgtYzZhR1R3OHAzS2lxczhIeUFQY0lrVXZmYkVMTGpaOXNfeWhkTlFyTVpOd2lHMlU4ZUVsc1J1ZWl3X0xvMVFab05QOFREQWlYRzdrdFRobmI4dW1VVlRFSjZBMElfRGc5N0E4N0xuWjFEM1otM3Y2LXZBRGFLUHV2R1B5bVpEdVR1WkVVVVo4b292VFHSAacBQVVfeXFMUGJWcHpnWFhGb1h4c1A0VVR0Q01DTUoxejVBcjI0VUc1b1JnVGhDc3ZVdXpoZHNQbzI1QktjOW1heC1oeGgxVEQ3OXotdEZPTVd6M3VnRkZRWXlDZ2JuWUtBRGduZUJGWHZyeFFXbUF5QldxdlFFQXl1eE9IeVRhUG5uNE1ScWJYMW1sekI1UE1LQVRwX19INW92NERuLW9WYV9xMzR0Unc?oc=5,Rektor UIN: Transformasi digital jaga warisan budaya bangsa - ANTARA News Aceh,news.google.com,extraction_failed,2026-08-31 23:34:34
https://news.google.com/rss/articles/CBMi0gFBVV95cUxPbW1mMUFHc09sckZtNEg5UVRTUWZUQUxLb3NlYnc4WkJBNUVRNGJ2X2ozMnBzVFlnNTViS2RVVnJvTEpMeE1WYUNOVVByOG9ZSDdtaFNGWG5XRFZfXzVLaWZMeDc0QTJlWXVLOGRBZWcySWljaHJaZmtmVjFDN3BnOU44X1A0OC1wMkxfMEVhaFlOTl9RTkFzZWI4a3NQS2hUWVYxVEUzSXBIVDJWYU96akc1QVF0N1pKWFVZc0dGVnhkX0tVN1ZHTTJORHpSc004NEE?oc=5,https://news.google.com/rss/articles/CBMi0gFBVV95cUxPbW1mMUFHc09sckZtNEg5UVRTUWZUQUxLb3NlYnc4WkJBNUVRNGJ2X2ozMnBzVFlnNTViS2RVVnJvTEpMeE1WYUNOVVByOG9ZSDdtaFNGWG5XRFZfXzVLaWZMeDc0QTJlWXVLOGRBZWcySWljaHJaZmtmVjFDN3BnOU44X1A0OC1wMkxfMEVhaFlOTl9RTkFzZWI4a3NQS2hUWVYxVEUzSXBIVDJWYU96akc1QVF0N1pKWFVZc0dGVnhkX0tVN1ZHTTJORHpSc004NEE?oc=5,PLN UID Aceh Dorong Transformasi Digital PLTD Sabang untuk Dukung Kota Wisata Andal Listrik - harianrakyataceh.com,news.google.com,extraction_failed,2026-08-31 23:34:34
https://news.google.com/rss/articles/CBMivwFBVV95cUxPcXkwN3RCNkdIajdELXJXVTFZOUJqME95WURPWDA0MmdybkxIRnc2R2xWbHNhOVVwYXdDbVJ1bU1lbTIwVU9DRFA0dTE0QWlsOXVsc2FvRnBZbVdwWHI0Z3NteHpDTVNBSHAzTHJuSWlRRGUyaUJnbTlOSlZUR3locGh2VE1CdEhVN19zT01kWW9yT0pCMi01QzRDR0ppXzlzWkUwalBKRkk1SlFFV3FVM3p2SXZkbE1PbXlETjNuaw?oc=5,https://news.google.com/rss/articles/CBMivwFBVV95cUxPcXkwN3RCNkdIajdELXJXVTFZOUJqME95WURPWDA0MmdybkxIRnc2R2xWbHNhOVVwYXdDbVJ1bU1lbTIwVU9DRFA0dTE0QWlsOXVsc2FvRnBZbVdwWHI0Z3NteHpDTVNBSHAzTHJuSWlRRGUyaUJnbTlOSlZUR3locGh2VE1CdEhVN19zT01kWW9yT0pCMi01QzRDR0ppXzlzWkUwalBKRkk1SlFFV3FVM3p2SXZkbE1PbXlETjNuaw?oc=5,"Transformasi ke BSN, BTN Syariah Tambah Kantor Cabang di Aceh dan Siapkan Produk Digital Syariah - Stabilitas.id",news.google.com,extraction_failed,2026-08-31 23:34:34
https://news.google.com/rss/articles/CBMiugFBVV95cUxPb0MwMXJrSVZfYmFCT01HT1NfUUUyQjlCWTNuRG56WWlaTVNCN20xdEd0aFIwT1ktQngtb1VYVFY3bU45RUJLRlBXUjZuZUFfTHBHZGthM2Zjb1BQeEl4eHZDa0hza3hLblhHODAtTjNlcnBWdHpLbDY5ZWo4c0pnMk5MMXY4dGNtT1NsN19jdmo2eWdMUFB1dVR1QnlwdFB6VEZzVE9NZlpxWV9LbVRGX0Y3OWt3eFBlOUHSAbcBQVVfeXFMUG5QTTNYeFRuSzZhamp2SEJMUFJxZG1wcDBOR0RLcjdTd1dFQW1Xd0xVTm1NdkZDMDh1Z2x2QlNpMXROWk1NYzhuVnhwLVlQT1VBb2xwLU5WTGpUYnliMWxTaGJHSUxNempjNlZXX1VJNFhsWGplUGR4M3hkd1BNbmxraW9CNWVrMlYzUDZ5VmIwLXduS1NIUWZ4UUVNT3dsZzgxOHdsNzJwMWluQWpjUWE2RVBBREdB?oc=5,https://news.google.com/rss/articles/CBMiugFBVV95cUxPb0MwMXJrSVZfYmFCT01HT1NfUUUyQjlCWTNuRG56WWlaTVNCN20xdEd0aFIwT1ktQngtb1VYVFY3bU45RUJLRlBXUjZuZUFfTHBHZGthM2Zjb1BQeEl4eHZDa0hza3hLblhHODAtTjNlcnBWdHpLbDY5ZWo4c0pnMk5MMXY4dGNtT1NsN19jdmo2eWdMUFB1dVR1QnlwdFB6VEZzVE9NZlpxWV9LbVRGX0Y3OWt3eFBlOUHSAbcBQVVfeXFMUG5QTTNYeFRuSzZhamp2SEJMUFJxZG1wcDBOR0RLcjdTd1dFQW1Xd0xVTm1NdkZDMDh1Z2x2QlNpMXROWk1NYzhuVnhwLVlQT1VBb2xwLU5WTGpUYnliMWxTaGJHSUxNempjNlZXX1VJNFhsWGplUGR4M3hkd1BNbmxraW9CNWVrMlYzUDZ5VmIwLXduS1NIUWZ4UUVNT3dsZzgxOHdsNzJwMWluQWpjUWE2RVBBREdB?oc=5,Transformasi Komunikasi di Era Digital: Memahami Perubahan dan Tantangan Baru - aceHTrend.com,news.google.com,extraction_failed,2026-08-31 23:34:35
https://news.google.com/rss/articles/CBMixwFBVV95cUxNZ1NZbHVHM2xDcUtKZk5yUFJkUDRkQ2JCV0IyVHdUVHFRckk0UXoxOG1RajN5cURlRE93bzdKdjB3a0RjUGZCNGVDMDlsNDY3S1d5aVlNZXJPR1RlYnVrVy1tRHhzRXdRRG1rYzBmM3JNYUh0a2Mxb3VUUGlDejdNQ3lOVDE2Vm1uQmZkLUc5X0dQaWhaMHFzZDl1d3ZtTktRdjcxeEVPVzBSM01rWVRteFNSekstbjAyWEpJN21iZjc3cUpCMDdJ?oc=5,https://news.google.com/rss/articles/CBMixwFBVV95cUxNZ1NZbHVHM2xDcUtKZk5yUFJkUDRkQ2JCV0IyVHdUVHFRckk0UXoxOG1RajN5cURlRE93bzdKdjB3a0RjUGZCNGVDMDlsNDY3S1d5aVlNZXJPR1RlYnVrVy1tRHhzRXdRRG1rYzBmM3JNYUh0a2Mxb3VUUGlDejdNQ3lOVDE2Vm1uQmZkLUc5X0dQaWhaMHFzZDl1d3ZtTktRdjcxeEVPVzBSM01rWVRteFNSekstbjAyWEpJN21iZjc3cUpCMDdJ?oc=5,Sinergi Pengendalian Inflasi dan Transformasi Digital Wujudkan Aceh yang Maju dan Bermartabat - Sudut Berita,news.google.com,extraction_failed,2026-08-31 23:34:35
https://news.google.com/rss/articles/CBMirAFBVV95cUxPMXNsUXJHVHpvdkJZWXFncm9qd1hoYjdSX3FDejNSSklDTmMwc1UxMXNMeGY2akdHVGhzbkVuS3hsd3dzRVJvTlVia2pYUXA1R0JsRHFfTGxoWE95UUhxRnZCUHVwZVd3Tjh6dmdsTjlna0pqQmJKMmVKZExIMGphXzk1S3FrWjVqeVFpQnlBU29nN1FWb3Y5Y1Q3V2RFZ0xDRmlfM2ZJSkQ1dnJX?oc=5,https://news.google.com/rss/articles/CBMirAFBVV95cUxPMXNsUXJHVHpvdkJZWXFncm9qd1hoYjdSX3FDejNSSklDTmMwc1UxMXNMeGY2akdHVGhzbkVuS3hsd3dzRVJvTlVia2pYUXA1R0JsRHFfTGxoWE95UUhxRnZCUHVwZVd3Tjh6dmdsTjlna0pqQmJKMmVKZExIMGphXzk1S3FrWjVqeVFpQnlBU29nN1FWb3Y5Y1Q3V2RFZ0xDRmlfM2ZJSkQ1dnJX?oc=5,Kankemenag Aceh Timur Orientasi Perluasan Akses Madrasah Digital - RRI.co.id,news.google.com,extraction_failed,2026-08-31 23:34:36
https://news.google.com/rss/articles/CBMipAFBVV95cUxPMmhFdXl3eDlVY0hkSTRhUGlOamdyeVZCQVo3ZFpmN0JmQ2NCSTNiM2VIRHVFUjdGbVc0SnVjS1NYWXE2OWNhNVc3NnBadXF6QUhUQWdxd2dsNjEtM0xaaTRvSEFEZTNlbDZ3QVN0cXpLZ1FQdXR5M29jZTQ1N2VlT1dMcGxoSk5HX0FjSDktYndtd29reXYwVzhfUDNOdkRXVkpseg?oc=5,https://news.google.com/rss/articles/CBMipAFBVV95cUxPMmhFdXl3eDlVY0hkSTRhUGlOamdyeVZCQVo3ZFpmN0JmQ2NCSTNiM2VIRHVFUjdGbVc0SnVjS1NYWXE2OWNhNVc3NnBadXF6QUhUQWdxd2dsNjEtM0xaaTRvSEFEZTNlbDZ3QVN0cXpLZ1FQdXR5M29jZTQ1N2VlT1dMcGxoSk5HX0FjSDktYndtd29reXYwVzhfUDNOdkRXVkpseg?oc=5,"Sambot Muharram Raya, Momentum BI Aceh Percepat Transformasi Digital - Sudut Berita",news.google.com,extraction_failed,2026-08-31 23:34:36
https://news.google.com/rss/articles/CBMiwAFBVV95cUxPTklpbXRTal9IcDlzRnRIbENxOWJUeXNueFRKeXFBaDI4VWZ2ZVZpcU9zUVk5dkR6dnVvaEtNMjhVZ1dxcnRzMXI5aHd6a0dHYVc5WS1XZHlwOHhJU2NqMmpsNkZqaWwtVHBoZ1Q1UkZXcjNzajFjZ0VwYndxd2IxcENhMGpqZllmb3licjhCQ0RXYWlMRUdzZl82Y3FGQXRWMFJlR3ZrSE5KWVNJRlRWUVNjc2ZzZ09FOHlPemEyN3E?oc=5,https://news.google.com/rss/articles/CBMiwAFBVV95cUxPTklpbXRTal9IcDlzRnRIbENxOWJUeXNueFRKeXFBaDI4VWZ2ZVZpcU9zUVk5dkR6dnVvaEtNMjhVZ1dxcnRzMXI5aHd6a0dHYVc5WS1XZHlwOHhJU2NqMmpsNkZqaWwtVHBoZ1Q1UkZXcjNzajFjZ0VwYndxd2IxcENhMGpqZllmb3licjhCQ0RXYWlMRUdzZl82Y3FGQXRWMFJlR3ZrSE5KWVNJRlRWUVNjc2ZzZ09FOHlPemEyN3E?oc=5,Jelajah Ilmu Dorong Peningkatan Prestasi Anak Didik di Ratusan Madrasah di Aceh - acehstandar.com,news.google.com,extraction_failed,2026-08-31 23:34:36
https://news.google.com/rss/articles/CBMiqwFBVV95cUxOcFVYTzJtYk1fZzZWSWNIdlpZZTZ0Wm5qUEMwVDllbWJ6ZmhpMl90MXJvcGdPRkRsd3BUTVBFcm1uLXJDcnBybkh5amoyQ3ZEWGhzbGhHLWgyeERWT2E2eGdTNm92enAxbTVISjZwU1hSdjh0NXMxeGxucHVlR054dGp2Sjd6MXZqck9CUzNmcW0tU3NQVmV5V1gxWHp1Q1g3WFlhdXlwcm5lcUXSAbABQVVfeXFMTWJXWldEMGV0MFFoWkRjWVQxa2xoWUc2bG5DYl9SWldQUVlzNTBtcjRCR1pWeS1sblM0MzZTRlFPMnVSS3lQb3g1SU5PdHF5cEZtTWRJY0ZsQXRHSElDN0xLd09sRzZZb0VmVzdzZ0Jnd1VBenpkTGxaVkgwRlk5aW80RzQ5am81X20ybkJhSGxWb1l4Z0NHeWZGUy1wR01XRXBUVUgzdElpYmZLMFhlcmM?oc=5,https://news.google.com/rss/articles/CBMiqwFBVV95cUxOcFVYTzJtYk1fZzZWSWNIdlpZZTZ0Wm5qUEMwVDllbWJ6ZmhpMl90MXJvcGdPRkRsd3BUTVBFcm1uLXJDcnBybkh5amoyQ3ZEWGhzbGhHLWgyeERWT2E2eGdTNm92enAxbTVISjZwU1hSdjh0NXMxeGxucHVlR054dGp2Sjd6MXZqck9CUzNmcW0tU3NQVmV5V1gxWHp1Q1g3WFlhdXlwcm5lcUXSAbABQVVfeXFMTWJXWldEMGV0MFFoWkRjWVQxa2xoWUc2bG5DYl9SWldQUVlzNTBtcjRCR1pWeS1sblM0MzZTRlFPMnVSS3lQb3g1SU5PdHF5cEZtTWRJY0ZsQXRHSElDN0xLd09sRzZZb0VmVzdzZ0Jnd1VBenpkTGxaVkgwRlk5aW80RzQ5am81X20ybkJhSGxWb1l4Z0NHeWZGUy1wR01XRXBUVUgzdElpYmZLMFhlcmM?oc=5,"Perspektif Edi Yandra, Kadis Arpus Aceh: Transformasi Perpustakaan di Era Digital » - dialeksis.com",news.google.com,extraction_failed,2026-08-31 23:34:36
https://news.google.com/rss/articles/CBMingFBVV95cUxOaDM5N1RncHhyRm5XY2tIZXVUNk9TX2tRdG9xU2lEX1dTZEt0ZHV3aGtMeUx6ekNoUVlkc0phVDVPZzhfSkI1M2JQbHFSS1dyUUI5cTdfclJoNl9UdHR0bmhkRnoycFJ6ZDFnQm9qbzZkQ3VWMzZSY1hCZjZFajFXYmVfQkM1eVM1ZVRxNzJuSmVhZUlXSTBudFM3Y0xHZ9IBmwFBVV95cUxObHF6OHpkY2R4MUZrazA4djJiXzh1c2pDTHVyS0FzdFhTLTZyMkFpS05naDhtajhMY1N1c0VlSUFDS2RsR1BkTVpncnMxZnhjb1FWcnE1NTVENVp2bGdXYWo1b08xXzBMZkNTckJiREhmYUdOclNjSEE2U2M3M2JKLXhOclhxSDFUSkQwWmowMzlzNHFTNXpnVHAyQQ?oc=5,https://news.google.com/rss/articles/CBMingFBVV95cUxOaDM5N1RncHhyRm5XY2tIZXVUNk9TX2tRdG9xU2lEX1dTZEt0ZHV3aGtMeUx6ekNoUVlkc0phVDVPZzhfSkI1M2JQbHFSS1dyUUI5cTdfclJoNl9UdHR0bmhkRnoycFJ6ZDFnQm9qbzZkQ3VWMzZSY1hCZjZFajFXYmVfQkM1eVM1ZVRxNzJuSmVhZUlXSTBudFM3Y0xHZ9IBmwFBVV95cUxObHF6OHpkY2R4MUZrazA4djJiXzh1c2pDTHVyS0FzdFhTLTZyMkFpS05naDhtajhMY1N1c0VlSUFDS2RsR1BkTVpncnMxZnhjb1FWcnE1NTVENVp2bGdXYWo1b08xXzBMZkNTckJiREhmYUdOclNjSEE2U2M3M2JKLXhOclhxSDFUSkQwWmowMzlzNHFTNXpnVHAyQQ?oc=5,Aceh Besar Mulai Transformasi UPK Menjadi BUMDESMA - Kanalinspirasi.com,news.google.com,extraction_failed,2026-08-31 23:34:36
https://news.google.com/rss/articles/CBMi1gFBVV95cUxQaHh5NlN6cWRQTDNVMUF3TDJQNWdPSTN1c3NVeUhwcEkzclBEY0tfTGJDNThHeUNoXzFpTndORzhISVNvY0p0eGxRLUlNN1dYTHVWOTk1RGx1cUhNaE41cG9YQm80MjRsUlRLMjNreXNUVmRZNnVDU3NUblBEWXI0bHRCazNmNUlMTWVMMHQ1RzdZWXBiNnpXbWMwbWg0bnZFNjdZV1dFOHV6SHFTM2RCQnBPejJHZ0NEalNENlJwbmpuaWd0VVc2bVNkdlMxT3FGNmJUWmZn?oc=5,https://news.google.com/rss/articles/CBMi1gFBVV95cUxQaHh5NlN6cWRQTDNVMUF3TDJQNWdPSTN1c3NVeUhwcEkzclBEY0tfTGJDNThHeUNoXzFpTndORzhISVNvY0p0eGxRLUlNN1dYTHVWOTk1RGx1cUhNaE41cG9YQm80MjRsUlRLMjNreXNUVmRZNnVDU3NUblBEWXI0bHRCazNmNUlMTWVMMHQ1RzdZWXBiNnpXbWMwbWg0bnZFNjdZV1dFOHV6SHFTM2RCQnBPejJHZ0NEalNENlJwbmpuaWd0VVc2bVNkdlMxT3FGNmJUWmZn?oc=5,Azwar A Gani Kembali Nakhodai PW Ansor Aceh: Siap Wujudkan Pemuda Tangguh di Era Transformasi Digital - ruangberita.co,news.google.com,extraction_failed,2026-08-31 23:34:36
https://news.google.com/rss/articles/CBMiiwFBVV95cUxQblJBenJwVDFhWVZoXzl2b3l4eFBleEtOelJWalFIb0FVS01xaE9GVTBCNk11cFVoUUNHSkFTM2NFVlhwajBIdngzU0NRTjMtN19NcXY4ZDd0VUJfa2lWY0szYnAxYVNxUVdtRl9aQjRVZWx4cF9kSWZCSlpqaktmZ3VIX3dUSklwZ2Q00gGQAUFVX3lxTFBoTTgxVEFOQ1c0NWhVNk5mejVFczRtTklRS0ZkUlZhWGthVEJ1LU9lOHQ4M1hmWDdRTGxNTXVjd05mRUFtcFg2UExsb1hPak1wWW04RE9EYXFoTWZvOTQ2dWJJWXRNbHV2SUF1SFlrU2ROa0hkdGZPUTZEa2dwUDlvQVJJRW1wcHNYVW9yLWJTNg?oc=5,https://news.google.com/rss/articles/CBMiiwFBVV95cUxQblJBenJwVDFhWVZoXzl2b3l4eFBleEtOelJWalFIb0FVS01xaE9GVTBCNk11cFVoUUNHSkFTM2NFVlhwajBIdngzU0NRTjMtN19NcXY4ZDd0VUJfa2lWY0szYnAxYVNxUVdtRl9aQjRVZWx4cF9kSWZCSlpqaktmZ3VIX3dUSklwZ2Q00gGQAUFVX3lxTFBoTTgxVEFOQ1c0NWhVNk5mejVFczRtTklRS0ZkUlZhWGthVEJ1LU9lOHQ4M1hmWDdRTGxNTXVjd05mRUFtcFg2UExsb1hPak1wWW04RE9EYXFoTWZvOTQ2dWJJWXRNbHV2SUF1SFlrU2ROa0hkdGZPUTZEa2dwUDlvQVJJRW1wcHNYVW9yLWJTNg?oc=5,Tiga Madrasah di Aceh Barat Raih Juara Madrasah Digital » - dialeksis.com,news.google.com,extraction_failed,2026-08-31 23:34:37
https://news.google.com/rss/articles/CBMi1AFBVV95cUxPcFZGWDBpU3VEZzNwbWFCRWI1MFRCMlRRclZsbnNKYk1NWUd4X0pRelI0SDI1TzhEc21zZ1ZNM3hnZXpFN1ZuQ1c3Ym1QRi1ZSzFuYXZ1RnFleUlFeGRfVFU3VnlmN3prX0xRWGRfWXZLU3Q0TGEwZVNhdERnVmZlRDJXZ3piQVdSeHE5MzNVUlFzV2IyVW5EaVNJQXZOWTNZSm9OTV84d1BaNlFfeHl2anY4WkRZX3BQRFpWaTlSSmZtdE53eWlsTk5zM1dpR25xNF80SQ?oc=5,https://news.google.com/rss/articles/CBMi1AFBVV95cUxPcFZGWDBpU3VEZzNwbWFCRWI1MFRCMlRRclZsbnNKYk1NWUd4X0pRelI0SDI1TzhEc21zZ1ZNM3hnZXpFN1ZuQ1c3Ym1QRi1ZSzFuYXZ1RnFleUlFeGRfVFU3VnlmN3prX0xRWGRfWXZLU3Q0TGEwZVNhdERnVmZlRDJXZ3piQVdSeHE5MzNVUlFzV2IyVW5EaVNJQXZOWTNZSm9OTV84d1BaNlFfeHl2anY4WkRZX3BQRFpWaTlSSmZtdE53eWlsTk5zM1dpR25xNF80SQ?oc=5,"Akselerasi Layanan Digital, Gubernur Mualem Instruksikan Penyempurnaan Program Satu Data Aceh - Prohaba.co",news.google.com,extraction_failed,2026-08-31 23:34:37
https://news.google.com/rss/articles/CBMingFBVV95cUxOTFZaYXFXb2EzZm1pUHdrZGVsZ2tpUXRUYWx4cGlKa1VXZnVaY1BfVWFuOVF3R1E1VmtGVzFSanZtdjJoU0tBRUp0T1hicE50M190cHRkb24zZjRZTVpUNVBCWnEzUklyZFZGV0RSNllmT0lpaDhSRGx3MTNrdVN1cmVMN1RJbmhuTXp5MzRQNXFLYXQxNXAybzM3THhRZw?oc=5,https://news.google.com/rss/articles/CBMingFBVV95cUxOTFZaYXFXb2EzZm1pUHdrZGVsZ2tpUXRUYWx4cGlKa1VXZnVaY1BfVWFuOVF3R1E1VmtGVzFSanZtdjJoU0tBRUp0T1hicE50M190cHRkb24zZjRZTVpUNVBCWnEzUklyZFZGV0RSNllmT0lpaDhSRGx3MTNrdVN1cmVMN1RJbmhuTXp5MzRQNXFLYXQxNXAybzM3THhRZw?oc=5,PDAM Tirta Keumuneng Raih Digital Transformasi Award - harianrakyataceh.com,news.google.com,extraction_failed,2026-08-31 23:34:37
https://news.google.com/rss/articles/CBMivgFBVV95cUxOOC1tNnNOUXE5ZnBvNnh1Z2FCT1hHcXFmRTdONjZNZnplZnBpTVk5R1lMVS10MmFVbnZucTE3Mi0wNDZKVVdaanVfclRFdTh3eXRZSTdwbElnOWVFRTJOcFpCd05VdGRpVzVZVlFxVi1obWlpVG0yRWNaWkxaU0tYeFBYQzZSZ2hPUmZTR2ZILXBMOFlCTjNkVG5hczR6Mlp3RUZvS2RHdlFCN3p4MG5UOUMtOElFQjlIcmIyUnRn?oc=5,https://news.google.com/rss/articles/CBMivgFBVV95cUxOOC1tNnNOUXE5ZnBvNnh1Z2FCT1hHcXFmRTdONjZNZnplZnBpTVk5R1lMVS10MmFVbnZucTE3Mi0wNDZKVVdaanVfclRFdTh3eXRZSTdwbElnOWVFRTJOcFpCd05VdGRpVzVZVlFxVi1obWlpVG0yRWNaWkxaU0tYeFBYQzZSZ2hPUmZTR2ZILXBMOFlCTjNkVG5hczR6Mlp3RUZvS2RHdlFCN3p4MG5UOUMtOElFQjlIcmIyUnRn?oc=5,"HUT ke-53 Bank Aceh Syariah, Perkuat Amanah dan Transformasi Digital untuk Ekonomi Aceh - ORINEWS.id",news.google.com,extraction_failed,2026-08-31 23:34:38
https://news.google.com/rss/articles/CBMiugFBVV95cUxNOHFManlnN2VnRk1DTnhEb2xYUDFNdHhIMEpEUFNVRnIxLXk2WmpkZWRKeG1YaERjYjZQNmlJWkh5c21YQUpfeks4YktEeUlRS0w1b04yeTBFVjRSRnQwMWZZVHZTcnBtSFg1VGtJMHJERWF3bVVFRGJpLXZmVEVWTzlzV1N4YjNnLWlwUU5fTFlZbFN5RWFRRVI5Tk5XdVNmdm1EVzR6TldNb1BPbHNYSElSRjB0MXVSQXfSAbcBQVVfeXFMTjZHTWZlSEY3b28wMVFrLUU4aWI3QWFiRWxQNU9GX3pwS1FyODVFUDNWTkl1cXpDMWVFOVNiTXZTNUZ6ME9wZXZUMFA1WlZVdmZvTEY5NDV4MWpuSDJ4ZVA3SjdscnNPQWY5X2lrTkZZNElQU0dBS3ZlZ1VtcE8wa1NoTlM1S2Z6eUI0ZEdNdzBjei1VX0lEbXhPN0FsY0xRMDJjbGdqTlR6bnRISTVfdEd0R2RVTVJr?oc=5,https://news.google.com/rss/articles/CBMiugFBVV95cUxNOHFManlnN2VnRk1DTnhEb2xYUDFNdHhIMEpEUFNVRnIxLXk2WmpkZWRKeG1YaERjYjZQNmlJWkh5c21YQUpfeks4YktEeUlRS0w1b04yeTBFVjRSRnQwMWZZVHZTcnBtSFg1VGtJMHJERWF3bVVFRGJpLXZmVEVWTzlzV1N4YjNnLWlwUU5fTFlZbFN5RWFRRVI5Tk5XdVNmdm1EVzR6TldNb1BPbHNYSElSRjB0MXVSQXfSAbcBQVVfeXFMTjZHTWZlSEY3b28wMVFrLUU4aWI3QWFiRWxQNU9GX3pwS1FyODVFUDNWTkl1cXpDMWVFOVNiTXZTNUZ6ME9wZXZUMFA1WlZVdmZvTEY5NDV4MWpuSDJ4ZVA3SjdscnNPQWY5X2lrTkZZNElQU0dBS3ZlZ1VtcE8wa1NoTlM1S2Z6eUI0ZEdNdzBjei1VX0lEbXhPN0FsY0xRMDJjbGdqTlR6bnRISTVfdEd0R2RVTVJr?oc=5,Diskominfotiksa Sabang Dorong Transformasi Digital untuk Perkuat Pelayanan Publik - AJNN.net,news.google.com,extraction_failed,2026-08-31 23:34:38
https://news.google.com/rss/articles/CBMiqwFBVV95cUxPTFNKXzdweVlOZHV3VWpWeF9IYVg1N2d1QmFzbUlaMTZIVGFrem05SUVWZFlDdkJlSjJyN0gzN2RhVmJfeEdkVmY5eGFhaFdoVS1URHMwdzVJWUZLNng4QW9fSmVmb1dwMFdsQlNDYWRMR1VuYVV1Mk43QUJhc3VyR0tranpZWmNpbG9RY3VRenpwalBTMFdsN3pfZGkwcXNTNWtodmJZM1FDTk0?oc=5,https://news.google.com/rss/articles/CBMiqwFBVV95cUxPTFNKXzdweVlOZHV3VWpWeF9IYVg1N2d1QmFzbUlaMTZIVGFrem05SUVWZFlDdkJlSjJyN0gzN2RhVmJfeEdkVmY5eGFhaFdoVS1URHMwdzVJWUZLNng4QW9fSmVmb1dwMFdsQlNDYWRMR1VuYVV1Mk43QUJhc3VyR0tranpZWmNpbG9RY3VRenpwalBTMFdsN3pfZGkwcXNTNWtodmJZM1FDTk0?oc=5,Pendidikan Digital di Aceh: Transformasi atau Sekadar Digitalisasi? - Serambinews.com,news.google.com,extraction_failed,2026-08-31 23:34:38
https://news.google.com/rss/articles/CBMi1wFBVV95cUxNb3JDdlJDaG8yUF90TVNqREdfa2dwN3BUbUtpYUl3Z2dGLXVsdzg2ck1MX2IxZmI2UnpOb3lwQlJESWFVWjMyZ3NreXR2Q0d4UkFwblB4VWVRbGVmVWd5M19LbWd1cUNtWnAxRlVoOTNHVzVaMm9vblYzVzYtWk4tTXZmZ1RKdFIwLXZ0OGlsNGxodVpYOFRXUGRLeng4emZJVVlHY255YWZjMEdWcDhGazdhZF93ckRDbTFsRDViNF9MT3pXcjh0clNJU2dWeEZJOWltS1NDc9IB1AFBVV95cUxPSnk0V0NGc1RsOFNSeVdsU3Q4ZFl6WGREMjRLc0tLcWhIZEdfUUh6SDlxZVZOVURHUWZ1MWhMYXFJNDh3VXhFWUY4UWhBb1RiNmtEN01ua2xfSm5ieGp0bjBteU9iSlBzZU9DSWItQ0xSTFYyNkRFYk9OSVluRV9BV0Y0QVRoRi1nTFZObFFzXzJhWjV1UVJfZVMxd1pIelVOWFZ6Vmw5Y25KQWZLNkVZaDlDNVRyWE9YUm4tWW9ybFg2cGc3WjlobjllZzhDdGt2b0oxWQ?oc=5,https://news.google.com/rss/articles/CBMi1wFBVV95cUxNb3JDdlJDaG8yUF90TVNqREdfa2dwN3BUbUtpYUl3Z2dGLXVsdzg2ck1MX2IxZmI2UnpOb3lwQlJESWFVWjMyZ3NreXR2Q0d4UkFwblB4VWVRbGVmVWd5M19LbWd1cUNtWnAxRlVoOTNHVzVaMm9vblYzVzYtWk4tTXZmZ1RKdFIwLXZ0OGlsNGxodVpYOFRXUGRLeng4emZJVVlHY255YWZjMEdWcDhGazdhZF93ckRDbTFsRDViNF9MT3pXcjh0clNJU2dWeEZJOWltS1NDc9IB1AFBVV95cUxPSnk0V0NGc1RsOFNSeVdsU3Q4ZFl6WGREMjRLc0tLcWhIZEdfUUh6SDlxZVZOVURHUWZ1MWhMYXFJNDh3VXhFWUY4UWhBb1RiNmtEN01ua2xfSm5ieGp0bjBteU9iSlBzZU9DSWItQ0xSTFYyNkRFYk9OSVluRV9BV0Y0QVRoRi1nTFZObFFzXzJhWjV1UVJfZVMxd1pIelVOWFZ6Vmw5Y25KQWZLNkVZaDlDNVRyWE9YUm4tWW9ybFg2cGc3WjlobjllZzhDdGt2b0oxWQ?oc=5,Gubernur Aceh Tekankan Penguatan Tata Kelola dan Transformasi Digital dalam RUPS Bank Aceh Syariah - beritamerdeka.net,news.google.com,extraction_failed,2026-08-31 23:34:39
https://news.google.com/rss/articles/CBMi0wFBVV95cUxPS1BpREtHVU1fUGNzWURheTQtZG42SFlXSFVXUS05YVN4QU14TndWdDA4bHByT2pKZmRPa1dfY01BZENUcHRPYjE1UHpnVC1zTEdubkh4SldjcC1xNXJuY0hnRU5qbjEzUmZ5ekZEUkhNQkF2d3k2QnZ0YWx4SHFKbm4xTlByWi1yY2RMd3BvbzZOLUxTYnpuR2ZUZTRucjRsOXNaWUJCa1BZQVFvazNuSG5SWGZsTEFMcUxjbVVxSGZuanJDeXRUd2F3aU8xRktkQ2pF?oc=5,https://news.google.com/rss/articles/CBMi0wFBVV95cUxPS1BpREtHVU1fUGNzWURheTQtZG42SFlXSFVXUS05YVN4QU14TndWdDA4bHByT2pKZmRPa1dfY01BZENUcHRPYjE1UHpnVC1zTEdubkh4SldjcC1xNXJuY0hnRU5qbjEzUmZ5ekZEUkhNQkF2d3k2QnZ0YWx4SHFKbm4xTlByWi1yY2RMd3BvbzZOLUxTYnpuR2ZUZTRucjRsOXNaWUJCa1BZQVFvazNuSG5SWGZsTEFMcUxjbVVxSGZuanJDeXRUd2F3aU8xRktkQ2pF?oc=5,"Dilantik Ketua Umum PP, PW PERGUNU Aceh 2026–2031 Fokus Transformasi Digital dan Kualitas Guru - Serambinews.com",news.google.com,extraction_failed,2026-08-31 23:34:39
https://news.google.com/rss/articles/CBMivgFBVV95cUxOcjBCbHBKNjhwVW5WQU9sTjBwOUpqdlFzSHdublNrUGZzNERSZWxISnlVcGtCN0VPN0IyNjFtODhVVGs2UG9pUnYtLTg1dmdqMmxsLXRBX1VINlMtNTNuR1d1RDhUVmFoel9raTFDZDhvNVlhc0JTN3pCdFl0T09EX21fXzZ2YlptYnpwY2NENGh3X0ppX3RLWk9Gb3hYSnVmR0FVSWhrQ2p5cE05akRMX2o5WmFJcXpxX2htMThB0gG7AUFVX3lxTE92RmJFTDBYUlpjbWo4WmhYeDl6T1FJaVIxUHJNanVUVTBLS0hvbEJhNWxzRldvMjE3elFxTFZ0akN1WlF6Z3ZRYWZuQkJxSUZybFVzSlN2RnV3SGhBYTNONF80ZngyaFJtV3lYWUthNFpLel9DOW5yTks2TjRxTF9zQUJ6R3hibUVOQXRFOHpBLThiR0o1Um5lTzUwM0cyUzVxTzN6WHl6YlJuUmRxdWQ2MnN1X0xQZ1d1SXM?oc=5,https://news.google.com/rss/articles/CBMivgFBVV95cUxOcjBCbHBKNjhwVW5WQU9sTjBwOUpqdlFzSHdublNrUGZzNERSZWxISnlVcGtCN0VPN0IyNjFtODhVVGs2UG9pUnYtLTg1dmdqMmxsLXRBX1VINlMtNTNuR1d1RDhUVmFoel9raTFDZDhvNVlhc0JTN3pCdFl0T09EX21fXzZ2YlptYnpwY2NENGh3X0ppX3RLWk9Gb3hYSnVmR0FVSWhrQ2p5cE05akRMX2o5WmFJcXpxX2htMThB0gG7AUFVX3lxTE92RmJFTDBYUlpjbWo4WmhYeDl6T1FJaVIxUHJNanVUVTBLS0hvbEJhNWxzRldvMjE3elFxTFZ0akN1WlF6Z3ZRYWZuQkJxSUZybFVzSlN2RnV3SGhBYTNONF80ZngyaFJtV3lYWUthNFpLel9DOW5yTks2TjRxTF9zQUJ6R3hibUVOQXRFOHpBLThiR0o1Um5lTzUwM0cyUzVxTzN6WHl6YlJuUmRxdWQ2MnN1X0xQZ1d1SXM?oc=5,Diskominfo Aceh Singkil Diminta Perkuat Perlindungan Digital Anak dari Ancaman Judol - AJNN.net,news.google.com,extraction_failed,2026-08-31 23:34:39
https://news.google.com/rss/articles/CBMiugFBVV95cUxNMUtadDhEdy1xZWtwLUZlTGpteUZDZkxwWWNRM1ByWnM3UFFCQ2xZSHVXaXZscDc0Q2N5QlN6UzluZldrM3JtTkVScEZqTHRtNlUxWWN5YjZJSFY0eW9vbzl2VEVXRG1hNmppM2gxc2d3YmJ0V0J0YmJSbjhnUElDMUZDSDdXZTVwbVJ2RVQ4NkxYdkEzbXUxWGxEX3Z0alNaT0VFZl9oX0dKMXBDUU91ZmtUclNzSkpoV2fSAbcBQVVfeXFMTkhTT05JQktrRlR0cnk2aXhTSTVCMnQ2eDVGZHlVb3dBOUQ5THZKMGozTU9MVmktcmZPRl9kSlFVLXlvMlZWYmNDS3p0VDJzcF9lRUJuY2pCS1A0N0ZWVk1qS0tEbktjdVJzSU9odjljd2VnMm81QzVpMUZvUHJlbUJCYi1DQWVfYjdFdXpvOVJpTUFMZ281dXAzMG54eWhfWFVqemIyRmRFLXNOSTVHR3VpM0lxRm9R?oc=5,https://news.google.com/rss/articles/CBMiugFBVV95cUxNMUtadDhEdy1xZWtwLUZlTGpteUZDZkxwWWNRM1ByWnM3UFFCQ2xZSHVXaXZscDc0Q2N5QlN6UzluZldrM3JtTkVScEZqTHRtNlUxWWN5YjZJSFY0eW9vbzl2VEVXRG1hNmppM2gxc2d3YmJ0V0J0YmJSbjhnUElDMUZDSDdXZTVwbVJ2RVQ4NkxYdkEzbXUxWGxEX3Z0alNaT0VFZl9oX0dKMXBDUU91ZmtUclNzSkpoV2fSAbcBQVVfeXFMTkhTT05JQktrRlR0cnk2aXhTSTVCMnQ2eDVGZHlVb3dBOUQ5THZKMGozTU9MVmktcmZPRl9kSlFVLXlvMlZWYmNDS3p0VDJzcF9lRUJuY2pCS1A0N0ZWVk1qS0tEbktjdVJzSU9odjljd2VnMm81QzVpMUZvUHJlbUJCYi1DQWVfYjdFdXpvOVJpTUFMZ281dXAzMG54eWhfWFVqemIyRmRFLXNOSTVHR3VpM0lxRm9R?oc=5,Mualem Tekankan Transformasi Digital dan Tata Kelola Dalam RUPS Bank Aceh Syariah - AJNN.net,news.google.com,extraction_failed,2026-08-31 23:34:39
https://news.google.com/rss/articles/CBMixwFBVV95cUxOeVdnY01BRDhGR19PUnZGbW9QQ05RM1dNUHpMYlJYam92a2lhbHpPUXRrUzZBVVd6bDRrSHlnU2tnQWZCNFYyRFhaRHhZcVFWcnNxQVVjdGtXSVpDTzFBaWo3amFpX0t3NEE1b0hOYXhXQlkyNExzVHo0akFXQ0dUdEVYMzNjZFBiYTdQd1lnekpOVVF4S1dvV290ZHJJQjV5cURUWEtpOHdObGVaYV9LOEo0QWZwdElPeUtrWF9wSHVDUzJOU09r?oc=5,https://news.google.com/rss/articles/CBMixwFBVV95cUxOeVdnY01BRDhGR19PUnZGbW9QQ05RM1dNUHpMYlJYam92a2lhbHpPUXRrUzZBVVd6bDRrSHlnU2tnQWZCNFYyRFhaRHhZcVFWcnNxQVVjdGtXSVpDTzFBaWo3amFpX0t3NEE1b0hOYXhXQlkyNExzVHo0akFXQ0dUdEVYMzNjZFBiYTdQd1lnekpOVVF4S1dvV290ZHJJQjV5cURUWEtpOHdObGVaYV9LOEo0QWZwdElPeUtrWF9wSHVDUzJOU09r?oc=5,"RRI Meulaboh Hadirkan UMKM Corner, Wadah Promosi dan Inspirasi Pelaku Usaha Lokal - RRI.co.id",news.google.com,extraction_failed,2026-08-31 23:34:39
https://news.google.com/rss/articles/CBMifkFVX3lxTE5IMWxuT3BfUlUzQVpPZU80cFhWZlVPVDRIQ0lSdmsyVlN2NE1GRWpjemUzcE1KdGt5aXh1aG5aM2tvSHdNQWNsQ3NxdHRIX1UxN182MGhOdW1ORlFXNGNja0IxVU91bkpVcVBLWUktU1ZzY1puZDFCZUVjNTJoQQ?oc=5,https://news.google.com/rss/articles/CBMifkFVX3lxTE5IMWxuT3BfUlUzQVpPZU80cFhWZlVPVDRIQ0lSdmsyVlN2NE1GRWpjemUzcE1KdGt5aXh1aG5aM2tvSHdNQWNsQ3NxdHRIX1UxN182MGhOdW1ORlFXNGNja0IxVU91bkpVcVBLWUktU1ZzY1puZDFCZUVjNTJoQQ?oc=5,Pesantren Dorong Kemenag Aceh Adaptif di Era Digital - Pos Aceh,news.google.com,extraction_failed,2026-08-31 23:34:39
https://news.google.com/rss/articles/CBMihgFBVV95cUxPWVlEOVByS3JoZktnaXV1ZzMwSEd6cExWRGMwUzhtX0pUbk5NM1JzaWQxMl9fWEJPRGJsZWN2NnM0aWgwRkE1TXpDS1ZGd1lCWGE2UjNVYjVid0JpSG8tcHN5dURyNmEwY3N6SDdhTFZBTzc2eXlRSThYN05oTFF1aVdTSmJadw?oc=5,https://news.google.com/rss/articles/CBMihgFBVV95cUxPWVlEOVByS3JoZktnaXV1ZzMwSEd6cExWRGMwUzhtX0pUbk5NM1JzaWQxMl9fWEJPRGJsZWN2NnM0aWgwRkE1TXpDS1ZGd1lCWGE2UjNVYjVid0JpSG8tcHN5dURyNmEwY3N6SDdhTFZBTzc2eXlRSThYN05oTFF1aVdTSmJadw?oc=5,Bank Aceh dan PosSaku Perkuat Digitalisasi UMKM di Aceh - Beritalima.com,news.google.com,extraction_failed,2026-08-31 23:34:40
https://news.google.com/rss/articles/CBMipAFBVV95cUxNb2gzT0pkeDVKS0tHbmxaS2ZvUVF1Ym9qODlKQzFCMlh1c0VrYVdlaWdrdWVuT1I0RVAwLTR2dE9BZHYzdXlkcFN4a1E4MlZRbkRVbGQ4aWxuT3pJT0pDajJrSXl5ZFFsY2JfOTlXdXFPZFJfWEUwQlJ6d0dkQU0yRTRrUUI0eGJwcGdMRHVPeTB4SVZ2VE80V21hSF8waGZpMENBbg?oc=5,https://news.google.com/rss/articles/CBMipAFBVV95cUxNb2gzT0pkeDVKS0tHbmxaS2ZvUVF1Ym9qODlKQzFCMlh1c0VrYVdlaWdrdWVuT1I0RVAwLTR2dE9BZHYzdXlkcFN4a1E4MlZRbkRVbGQ4aWxuT3pJT0pDajJrSXl5ZFFsY2JfOTlXdXFPZFJfWEUwQlJ6d0dkQU0yRTRrUUI0eGJwcGdMRHVPeTB4SVZ2VE80V21hSF8waGZpMENBbg?oc=5,Kemenag Aceh Tingkatkan Transformasi Humas untuk Kepercayaan Publik - Headline.co.id,news.google.com,extraction_failed,2026-08-31 23:34:40
https://news.google.com/rss/articles/CBMiwwFBVV95cUxOUEtSenVqZ0gtdFQ2Z09mRWhjTDdwd2hQMzJhak9lTll4LWdvZHhxRzYwN2RzeXdOMHFmV1BJUmYwWWRCczlJU0lEYzFpaFhfLV9YbkJpTkRRZl9ZdlBaWi13QVc5N0xCQ0ZSVGk3dnJfYS1SQTVndFQxT2JfZnRWS3dLOU9oSlIwNEFwZGN1U0ZiUkRyUzJoNVBtc1pkSC1wbEpXb2RmMjI4MVdhQ1VSbjN4NWJUYWhNbUJMeVpFUXd6TlXSAcABQVVfeXFMTVJOYzQzSFlYVk5PN0h1Y2szY2FaZ0FncWZFY2hMcXJfN0Yta3JGTUVuMkFacUMyVHhxaEdVNVVfaDNFVUk2MEpwSXgtbHYtaDdvLW5pVlFqOG93dWNXai1tSm0zUXNTaC1fUWxKR1JxN2lnZkFrdVFaVFpHSkpNRXQ3RXpaSkZfOGIxTTBhR2xfVjhqRlNNTmtqXzFmSTVsMnh6U3VoMHUyMlRURUdOTWdWZ29WbE9SeWIxXzQ5b1dC?oc=5,https://news.google.com/rss/articles/CBMiwwFBVV95cUxOUEtSenVqZ0gtdFQ2Z09mRWhjTDdwd2hQMzJhak9lTll4LWdvZHhxRzYwN2RzeXdOMHFmV1BJUmYwWWRCczlJU0lEYzFpaFhfLV9YbkJpTkRRZl9ZdlBaWi13QVc5N0xCQ0ZSVGk3dnJfYS1SQTVndFQxT2JfZnRWS3dLOU9oSlIwNEFwZGN1U0ZiUkRyUzJoNVBtc1pkSC1wbEpXb2RmMjI4MVdhQ1VSbjN4NWJUYWhNbUJMeVpFUXd6TlXSAcABQVVfeXFMTVJOYzQzSFlYVk5PN0h1Y2szY2FaZ0FncWZFY2hMcXJfN0Yta3JGTUVuMkFacUMyVHhxaEdVNVVfaDNFVUk2MEpwSXgtbHYtaDdvLW5pVlFqOG93dWNXai1tSm0zUXNTaC1fUWxKR1JxN2lnZkFrdVFaVFpHSkpNRXQ3RXpaSkZfOGIxTTBhR2xfVjhqRlNNTmtqXzFmSTVsMnh6U3VoMHUyMlRURUdOTWdWZ29WbE9SeWIxXzQ5b1dC?oc=5,Plt Kadisdikbud Aceh Singkil Diminta Perkuat Tata Kelola dan Dorong Transformasi Digital - AJNN.net,news.google.com,extraction_failed,2026-08-31 23:34:40
https://news.google.com/rss/articles/CBMimgFBVV95cUxQSGVMYU5GSHJueFpqS0VkSnFYVnExTlhacFNDd1VZOFozR2tFNTRPbHRfRWU4Y1dSSFRJLXdIYTEzS2xmZmQ3VGY1ZUw0X3JDVHRCam5GaWpiUEx0aE56QkRlM2FkMWZzVHJqOER2MHZxcmJDQzk2SjJPRWNvTE9OUmozV0M0eDZiVkFmeVZQQkkxVGs2XzZRZE9n?oc=5,https://news.google.com/rss/articles/CBMimgFBVV95cUxQSGVMYU5GSHJueFpqS0VkSnFYVnExTlhacFNDd1VZOFozR2tFNTRPbHRfRWU4Y1dSSFRJLXdIYTEzS2xmZmQ3VGY1ZUw0X3JDVHRCam5GaWpiUEx0aE56QkRlM2FkMWZzVHJqOER2MHZxcmJDQzk2SjJPRWNvTE9OUmozV0M0eDZiVkFmeVZQQkkxVGs2XzZRZE9n?oc=5,Transformasi SDM Banda Aceh di Era Digital: Siapkah Kita? - Serambinews.com,news.google.com,extraction_failed,2026-08-31 23:34:41
https://news.google.com/rss/articles/CBMihgFBVV95cUxPNXp6ZWl1S0lBemVLQmJaLVJiMFpUVWdMQ0R0MmxJTXZVY0cyTzJNTENqdEJTZXFrQ05kM1lHUWJRV3JSUllFZDhzUU9fN1QyMVR0emFYZ0o3a1NvRlg1X3ZxaTNjX1RKQVNqRFZpYlJlUmdhLWJyZzNma245elpMb0w2dlF6Zw?oc=5,https://news.google.com/rss/articles/CBMihgFBVV95cUxPNXp6ZWl1S0lBemVLQmJaLVJiMFpUVWdMQ0R0MmxJTXZVY0cyTzJNTENqdEJTZXFrQ05kM1lHUWJRV3JSUllFZDhzUU9fN1QyMVR0emFYZ0o3a1NvRlg1X3ZxaTNjX1RKQVNqRFZpYlJlUmdhLWJyZzNma245elpMb0w2dlF6Zw?oc=5,"PosSaku, Cerita Digitalisasi UMKM Aceh - RRI.co.id",news.google.com,extraction_failed,2026-08-31 23:34:41
https://news.google.com/rss/articles/CBMisgFBVV95cUxNdDBSRDlEOTBScHJsUEdvck9PbHNIdEZaaUVBbV9Ncl9lZE1oTlpYMWJyaG5MY2J4OEY2LXVOcXJUTngzUFJVaFl4ZTBEelhlUzhjZGdERnlQNC1VZjlpOUlwbkUxRFQ1XzNELXoxTWVtTGtaOEhtT0RHV2ZaRGxhNTAyN2xTYzFNUUJGZ0w5dFRPWlFYTW9OYUtNMkNEOGI0V3UyeEVLQnhUMkJKSThZUVJB0gGwAUFVX3lxTE1GOUxRY2hQSkdRa3BJeHNvRmhjcXc0a2M4N3pQMXZCOFdpRU8zVzM2ZVVJc3VIWnRtcTFSaDg5WWE1VGlsdG4xdURIY2gyTGhxZlh0eU43S2FQSzJPa0JkclRTN1I1NDhsNWZvaVhlaF8xZ1U5aGt0d2lhaXAtaXFPZGV0c2FvQXhzUEVtcGJKY2NIZGtmek1lWEpxS2VPVEk1OWc1dm5XRWpJNTRpVUs0?oc=5,https://news.google.com/rss/articles/CBMisgFBVV95cUxNdDBSRDlEOTBScHJsUEdvck9PbHNIdEZaaUVBbV9Ncl9lZE1oTlpYMWJyaG5MY2J4OEY2LXVOcXJUTngzUFJVaFl4ZTBEelhlUzhjZGdERnlQNC1VZjlpOUlwbkUxRFQ1XzNELXoxTWVtTGtaOEhtT0RHV2ZaRGxhNTAyN2xTYzFNUUJGZ0w5dFRPWlFYTW9OYUtNMkNEOGI0V3UyeEVLQnhUMkJKSThZUVJB0gGwAUFVX3lxTE1GOUxRY2hQSkdRa3BJeHNvRmhjcXc0a2M4N3pQMXZCOFdpRU8zVzM2ZVVJc3VIWnRtcTFSaDg5WWE1VGlsdG4xdURIY2gyTGhxZlh0eU43S2FQSzJPa0JkclRTN1I1NDhsNWZvaVhlaF8xZ1U5aGt0d2lhaXAtaXFPZGV0c2FvQXhzUEVtcGJKY2NIZGtmek1lWEpxS2VPVEk1OWc1dm5XRWpJNTRpVUs0?oc=5,Pemprov DKI dan Pemkot Banda Aceh Tandatangani Mou Kolaborasi Transformasi Digital - disway.id - Disway,news.google.com,extraction_failed,2026-08-31 23:34:41
https://news.google.com/rss/articles/CBMi3gFBVV95cUxOalVoMlBlZHFPUzBuZFhnSzVLeHlCUWlDM2RkaGc2dUtISWhaTHNMckpaY0Z6QXNCd3BJWTAtUlZIZ0Z2a2VBNGhKand4UElNNDg3c0J2NmgxS0xyVzhKNGJzVjBGbmxWU2FXYUo2aEN5b1Zab0pyQ0lUVThlUm5mLUQ5NU9oX19WaU1LSVRQVVF4SE4wSkI0VzdJdlMxTkxqYVhCUDVSSlJQU3NvZ0xkdlhNVlV5cEJyNGVMRFRZLWR4UnZ5ZDdCbXdhR05od1dNSzllYUdSLWJXSmMwdUHSAeMBQVVfeXFMTVhsVHRTUy1ZTnBiVWc3LWczYVJ1cW5yS2ZLRzJTMUpjRkptdGZCVXBBUUpxdUV6V0JEZHpBWUprOEVmVXVwcGZRbTNEZDlhaWk3Qmx5RzdrMG5OUk80b3QzLVctbUt4ckpzUks4a0NqU25pU2JJdVhPUFpkaWNpUlRMMjZLV1VDSWxlaEYxYUJKa2FydWVJaVk0Wm45NUpoZzA2dzlGemRHa05jUnhuM0hES3k1NkNJMzU5WnF5d3JQaFZhaExUZlp4NjdXWGZoaXdSU1FQMXhtalRlVXlTTVNlWWM?oc=5,https://news.google.com/rss/articles/CBMi3gFBVV95cUxOalVoMlBlZHFPUzBuZFhnSzVLeHlCUWlDM2RkaGc2dUtISWhaTHNMckpaY0Z6QXNCd3BJWTAtUlZIZ0Z2a2VBNGhKand4UElNNDg3c0J2NmgxS0xyVzhKNGJzVjBGbmxWU2FXYUo2aEN5b1Zab0pyQ0lUVThlUm5mLUQ5NU9oX19WaU1LSVRQVVF4SE4wSkI0VzdJdlMxTkxqYVhCUDVSSlJQU3NvZ0xkdlhNVlV5cEJyNGVMRFRZLWR4UnZ5ZDdCbXdhR05od1dNSzllYUdSLWJXSmMwdUHSAeMBQVVfeXFMTVhsVHRTUy1ZTnBiVWc3LWczYVJ1cW5yS2ZLRzJTMUpjRkptdGZCVXBBUUpxdUV6V0JEZHpBWUprOEVmVXVwcGZRbTNEZDlhaWk3Qmx5RzdrMG5OUk80b3QzLVctbUt4ckpzUks4a0NqU25pU2JJdVhPUFpkaWNpUlRMMjZLV1VDSWxlaEYxYUJKa2FydWVJaVk0Wm45NUpoZzA2dzlGemRHa05jUnhuM0hES3k1NkNJMzU5WnF5d3JQaFZhaExUZlp4NjdXWGZoaXdSU1FQMXhtalRlVXlTTVNlWWM?oc=5,Viral! Wajah Baru Museum Tsunami Aceh Kini Serba Digital: Makin Instagramable dan Edukatif - Jurnal Aceh - Jurnal Aceh,news.google.com,extraction_failed,2026-08-31 23:34:41
https://news.google.com/rss/articles/CBMipwFBVV95cUxNZG91RWw0Z3ZCaEhaLTJmek9mWHc1X2Z0YnRmaldORHZTOTgta19hUGVLRmpNaXVydTVZRGZOQ0EwMzVVSXJwaUFnejBLVGx0T0VuSF9oLVU3eW9ld3FDSEg2UUctWDdIWGtIcWRTVG9GdlcxLVVmQVpwdDZFUkRjOVM2Z2RnbVBqdTVVSGNMMEJxUTBwZkNqb3REbEd0WWlPRXhkell5Z9IBpAFBVV95cUxPX2tnSWFfQ0JlUzRCSEN4Y00xNGxGOW9TQWJlYkpZdTFDY2o5NndobGxRX2JIc3dlMTh4cGlORy1JMVFxOGVlZUdtUGd6Z2pzbHNYbTd1S0Y1MHdXMFREZFJGcXV3UVF0RG42QUYtYTVQRW9GUlVVN2p2N0FENzJDRTI3Nm1QRTl4MUFqMEJvQjRJQ1k3M2xzOGViR1ozVmd0cDlaTg?oc=5,https://news.google.com/rss/articles/CBMipwFBVV95cUxNZG91RWw0Z3ZCaEhaLTJmek9mWHc1X2Z0YnRmaldORHZTOTgta19hUGVLRmpNaXVydTVZRGZOQ0EwMzVVSXJwaUFnejBLVGx0T0VuSF9oLVU3eW9ld3FDSEg2UUctWDdIWGtIcWRTVG9GdlcxLVVmQVpwdDZFUkRjOVM2Z2RnbVBqdTVVSGNMMEJxUTBwZkNqb3REbEd0WWlPRXhkell5Z9IBpAFBVV95cUxPX2tnSWFfQ0JlUzRCSEN4Y00xNGxGOW9TQWJlYkpZdTFDY2o5NndobGxRX2JIc3dlMTh4cGlORy1JMVFxOGVlZUdtUGd6Z2pzbHNYbTd1S0Y1MHdXMFREZFJGcXV3UVF0RG42QUYtYTVQRW9GUlVVN2p2N0FENzJDRTI3Nm1QRTl4MUFqMEJvQjRJQ1k3M2xzOGViR1ozVmd0cDlaTg?oc=5,"Transformasi ke BSN, BTN Syariah Akan Tambah Dua Kantor Baru di Aceh - AJNN.net",news.google.com,extraction_failed,2026-08-31 23:34:41
https://news.google.com/rss/articles/CBMizAFBVV95cUxOVTduOGNZUUtyWG1acERVa1dYTk5NdWJkTUFQOGo2enZSWjU2Mkpkb1BvNzRSREJGNlp1dUFSbGprNkFIcDdNaEtER3ViM2R6VE1sc1RHclBycUc2MTlYaDVEUkgwT3phc05WTnlpeUdLbWRzLTVHaGRva2ZCWFJEZVFfaWtvdkY4Wi1IR2hKd2RZZloxNzlfWFRydEZwcWo3cklMd1lGRmZVTlJyODNpeVJrVVctdU00OEJqdEs1OUE2dldYSUl1MUsyZUbSAcoBQVVfeXFMT3Y1bjg0Y09ndllxa2lBM3RHSnF5SmRjV0FUNVBDN1NIdGZDWThnem9hclBVMkg4QzE1S212X3VRdXRGUGw3aEtWYTI1T3lGeF9RaURSQ2x6bkh3VEZjUUc3YjdQbUdUOE9oUjdQOG5GclBmYUJ1cTdkT2k1cVNVeFR3M0s5N2ZJY2JjOEplQTJOX1cyZWlCZEwtV3hDdTR3Ql9OcV9WcGNzYU0yT2RRZ2h0Ukl2Ynd2ZFluazNhall1OHRRNjhuaVgzdw?oc=5,https://news.google.com/rss/articles/CBMizAFBVV95cUxOVTduOGNZUUtyWG1acERVa1dYTk5NdWJkTUFQOGo2enZSWjU2Mkpkb1BvNzRSREJGNlp1dUFSbGprNkFIcDdNaEtER3ViM2R6VE1sc1RHclBycUc2MTlYaDVEUkgwT3phc05WTnlpeUdLbWRzLTVHaGRva2ZCWFJEZVFfaWtvdkY4Wi1IR2hKd2RZZloxNzlfWFRydEZwcWo3cklMd1lGRmZVTlJyODNpeVJrVVctdU00OEJqdEs1OUE2dldYSUl1MUsyZUbSAcoBQVVfeXFMT3Y1bjg0Y09ndllxa2lBM3RHSnF5SmRjV0FUNVBDN1NIdGZDWThnem9hclBVMkg4QzE1S212X3VRdXRGUGw3aEtWYTI1T3lGeF9RaURSQ2x6bkh3VEZjUUc3YjdQbUdUOE9oUjdQOG5GclBmYUJ1cTdkT2k1cVNVeFR3M0s5N2ZJY2JjOEplQTJOX1cyZWlCZEwtV3hDdTR3Ql9OcV9WcGNzYU0yT2RRZ2h0Ukl2Ynd2ZFluazNhall1OHRRNjhuaVgzdw?oc=5,Webinar Literasi Digital di SMP Aceh Besar Bekali Pendidikan Karakter Gen Z di Era Digital - beritamerdeka.net,news.google.com,extraction_failed,2026-08-31 23:34:42
https://news.google.com/rss/articles/CBMixwFBVV95cUxOcmo4RUg2ZHd0eV8weTFZd0JtRzNtSEV0VEt1Q2dUZ2h1STQtR3NLWVJHa0hkLUZtTFh2cEJoc1djSTJfTDNwY1oxNVU3UTZ3UXVUZzVBYkUyXzcwTzU5VnNBVmw4dk41Zm5CUUtnRWkzOXVaclp3OExYcEVKOF83SW50MUh1dUdDZFBTRVFFdXpUM2VHcFh6M28tZjJ6S2ZEeVFUankzMGpyLWhGQWIxZkJiUlI1WFVWNjE2N28wT2czd29KY2xr0gHPAUFVX3lxTE0xOUFjMVI0c1dGOEhLZnAyOUZ0ZW5XQWEwRXBJeFlWUDdIWl9obXBDNXBRaWZRbmFkTmdnckR0SmVEd0JRQTdIV1pGSnpnemE3ZHVZWno1SER4VEJJWWxPR2NlR0lqdEg5ZHRhYzR1b3kySkIxd3kyWmRDMW54TmVGUUxUTTJYV1dYVlZDRnJnZmJRTWNwY0tLVXNMaUlwVUl2bU9fMFNhQ0tvcHhXMVdtSjdBQWY1NW9PdFhNZF92RHlqRVZUR2FORmNwVmZsWQ?oc=5,https://news.google.com/rss/articles/CBMixwFBVV95cUxOcmo4RUg2ZHd0eV8weTFZd0JtRzNtSEV0VEt1Q2dUZ2h1STQtR3NLWVJHa0hkLUZtTFh2cEJoc1djSTJfTDNwY1oxNVU3UTZ3UXVUZzVBYkUyXzcwTzU5VnNBVmw4dk41Zm5CUUtnRWkzOXVaclp3OExYcEVKOF83SW50MUh1dUdDZFBTRVFFdXpUM2VHcFh6M28tZjJ6S2ZEeVFUankzMGpyLWhGQWIxZkJiUlI1WFVWNjE2N28wT2czd29KY2xr0gHPAUFVX3lxTE0xOUFjMVI0c1dGOEhLZnAyOUZ0ZW5XQWEwRXBJeFlWUDdIWl9obXBDNXBRaWZRbmFkTmdnckR0SmVEd0JRQTdIV1pGSnpnemE3ZHVZWno1SER4VEJJWWxPR2NlR0lqdEg5ZHRhYzR1b3kySkIxd3kyWmRDMW54TmVGUUxUTTJYV1dYVlZDRnJnZmJRTWNwY0tLVXNMaUlwVUl2bU9fMFNhQ0tvcHhXMVdtSjdBQWY1NW9PdFhNZF92RHlqRVZUR2FORmNwVmZsWQ?oc=5,Rizqon Halal Syah Aji Beberkan Kiat Sukses Transformasi Digital di STISNU ACEH - kumparan.com - Kumparan.com,news.google.com,extraction_failed,2026-08-31 23:34:42
https://news.google.com/rss/articles/CBMi5wFBVV95cUxQZG9obzJoRlhwZzdXNjNWX0o3akswS2VOd2Z5Vlotd09hU0pveExmeVJjeFVkdlRjODQ1UmQ0aTlRdmVBOGQ2Z1ZURlYwNVdIYXpBUElpTHFpemhITkYtaWQwLUFMSnJxZDJQQ2FKLW81ZXVaNjZRdGRtZ2ZRS0duTDZ1VlRWMm1aM0dvTDE5VFo2TkxTZjEtdEFiWjR1dVJtRi14VlBiczlWLU1oN0M2cW1WTENsSlFEVWZmZnpSV09HWTItLVR1eEFhSFRtMjY0RnNHMXFYLVNjWlI1LUhQcW9EOG94cnM?oc=5,https://diskominfo.acehprov.go.id/berita/kategori/pemerintah-aceh/perkuat-ekosistem-usaha-rintisan-wamenkominfo-luncurkan-markas-startup-digital-di-aceh,"Perkuat Ekosistem Usaha Rintisan, Wamenkominfo Luncurkan Markas Startup Digital di Aceh - Dinas Komunikasi, Informatika dan Persandian Aceh",diskominfo.acehprov.go.id,extraction_failed,2026-09-12 11:00:33
https://news.google.com/rss/articles/CBMi3gFBVV95cUxQVU85TjVXWVNQU2VXQnNsTEw0MzlmbmxsSFpSWG9XVDlrYm5QMENwNkZ2T2t3UmtVNllnY2VTM0YzMDdrZEMyWWhRZUlpY2wwQ05yeEE3Z2xhVzUtMlJRQ1BvVl9nTUo3YzZYa1d4Q1BhYklZSDNDQ2lEMGtrWW5FVzJxZkc1M0FzN19aZkJjajVvZ0lhUVVxd0VDLUVvUUk5M1J0LVQyeWFwRklYRVo4ZzVQR3N2N3FtRE5XOFc5YXpWUkJ4NFd0TUxjRFk1azdHdVJiUDlGWG5FYVZFeVE?oc=5,https://diskominfo.acehprov.go.id/berita/kategori/kementerian/perkuat-digital-kerja-sama-indonesia-australia-wamenkominfo-dukung-ekspansi-startup,"Perkuat Digital Kerja Sama Indonesia-Australia, Wamenkominfo Dukung Ekspansi Startup - Dinas Komunikasi, Informatika dan Persandian Aceh",diskominfo.acehprov.go.id,extraction_failed,2026-09-12 11:00:35
https://news.google.com/rss/articles/CBMizwFBVV95cUxOQ1BCS1NzMFlxYlJnamg0cl93OTUtVEYyRk9IX0p4T2xlYUV1WEpzUmhjMk5JSnRjM1FmdjBTVGFZY3dqSVljX3lKUVM5S3ZZcWo2cUhFOTdIRm1mRC1qaG05M1ViWTlzTGtiT2ptS2RQOTh2WHRxdG1xbkpZQXlONTdGNHhsUWlFdEZ5Q0N4Ykd6d193Z3E1SVY2TDMzZDRibTlvRVJkZUhGN0FtZ0JybVd0clpsUEEycDdybWR6Qnh0bHhQcVlIZVp1VE9OSHc?oc=5,https://diskominfo.acehprov.go.id/berita/kategori/kementerian/start-up-inovatif-berbasis-teknologi-percepat-indonesia-jadi-negara-maju,"Start Up Inovatif Berbasis Teknologi Percepat Indonesia Jadi Negara Maju - Dinas Komunikasi, Informatika dan Persandian Aceh",diskominfo.acehprov.go.id,extraction_failed,2026-09-12 11:00:36
https://news.google.com/rss/articles/CBMivwFBVV95cUxQQTkta2FJRnB2QlhnX1Zpa3VFWUlLU3JCaTBSX2g4VlZZS1poVnpueFoxVTdXOS1JcUJIamJMdWdna2EtM0IyRW5vRDRneWFMQ3g4QXMyazEzUTl6a29EdmpzcW9uNFJKb0tkQzVEd2xaUW9FUExpUmlVZU1jS2U5RHEwVF9OblBJd1ZXeURFN0dQWFoxVExfUFhZLXg2bW80S0YzZ0FaTnVNRUxRZ3pqSEozZXpuajdiX1pKWmp1QQ?oc=5,https://www.acehprov.go.id/berita/kategori/pendidikan-pelatihan/founder-binar-academy-edukasi-mahasiswa-usk-geluti-startup,Founder Binar Academy Edukasi Mahasiswa USK Geluti Startup - Pemerintahan Aceh,acehprov.go.id,extraction_failed,2026-09-12 11:00:36
https://news.google.com/rss/articles/CBMi3AFBVV95cUxOMVByb0NmUGt1bDh1eHhKSi1Yck5fa2R2aUl2ZU9keWZ6SHlHU2p1M2RHX1VxZllrZ2JCNUNHSnVtaWZJYzg2T2p6bmpOb2xLbGkteDBBRzRyVmZTQW1nNmhsTXEzb0M4bHVxSVlBMWtJYXpLVHozcjNUeWE1b09wWlhTSmlPa3d3SmJGOUoycVNKTmoxQ3gyUEgyUy02RDRiaUJoa09rMkhiM2puTW9WZHRkbUhycGNZSWpsNUVqZHdHb3FrSDZnUVhEM2t2cU5JTzVEcnAxREpna0RT?oc=5,https://acehbaratdayakab.go.id/berita/kategori/pemerintahan/sambut-era-digital-diskominsa-abdya-siap-gandeng-rtik-aceh-tingkatkan-kompetensi-sdm,"Sambut Era Digital, Diskominsa Abdya Siap Gandeng RTIK Aceh Tingkatkan Kompetensi SDM - Pemerintah Kabupaten Aceh Barat Daya",acehbaratdayakab.go.id,extraction_failed,2026-09-12 11:00:37
https://news.google.com/rss/articles/CBMiqAFBVV95cUxNUmdGQW1zYUZfZkd1QlNWZ2tfMXNxNUdhUzctdnVjRDV2czhBUG4tSWd3TzhKZG02NURsTy1ndWlUMlhMZDUzdTNPSFluYURpWTRhSFQ5R1RvTjllS2FIQzlGREFHTmNxZFFCY3dwZEswZEhfWU9UZWpkSVNoQjdwekV5RnU4b1QtN201SGxoT2VWNjJsb1lqQUk1RXVvUkRRUWlqcDBjVXXSAagBQVVfeXFMTVJnRkFtc2FGX2ZHdUJTVmdrXzFzcTVHYVM3LXZ1Y0Q1dnM4QVBuLUlnd084SmRtNjVEbE8tZ3VpVDJYTGQ1M3UzT0hZbmFEaVk0YUhUOUdUb045ZUthSEM5RkRBR05jcWRRQmN3cGRLMGRIX1lPVGVqZElTaEI3cHpFeUZ1OG9ULTdtNUhsaE9lVjYybG9ZakFJNUV1b1JEUVFpanAwY1V1?oc=5,https://aceh.antaranews.com/amp/berita/347604/tujuh-tips-tingkatkan-produktivitas-sales-via-mekari-qontak,Tujuh tips tingkatkan produktivitas 'sales' via Mekari Qontak - ANTARA News Aceh,aceh.antaranews.com,extraction_failed,2026-09-12 11:00:37
https://news.google.com/rss/articles/CBMi0wFBVV95cUxNR0lkZTJHdG1zNU9tNnJhYXVJQVNBNWFzQkl1NmljalFxWEIxRXRoRmFVeUU2SlhvM1VBV1R6Q2pkakVtSVFCUklPblRtT0lPaGhJazR1Q053ZXBYTFlmNTNSWGZuZUhkUTN2QVdMU1ZqLThxdmNHOURuNnl4ZW5NOWx5WDV6ODhkTlRseFk1bW9kVDRLSUVFLU1RTFNSVnc2LWNraFRBSGpyYk9SNFVWZWZVTzhKamdYWWtabFI4SmR2WEo5cFhyVXhTOURVdkdLOWpr?oc=5,https://acehprov.go.id/berita/kategori/iptek-sains/perkuat-ekosistem-usaha-rintisan-wamenkominfo-luncurkan-markas-startup-digital-di-aceh,"Perkuat Ekosistem Usaha Rintisan, Wamenkominfo Luncurkan Markas Startup Digital di Aceh - Pemerintahan Aceh",acehprov.go.id,extraction_failed,2026-09-12 11:00:37
https://news.google.com/rss/articles/CBMizAFBVV95cUxNTzBhOE5JMUJ1U29mWFI3SHZ4MV9uc21WZ1UxdlVyUVZDZVVjS3p5QklRanRZaEgxUS1ldzFXVzdXODk3WDJrTEYtRnI1Q1A3VDVsSDRpNVBDZWFhZFlubUdUYVdiY1U2aFZOcTh6NUd4ZEVzUUxpbmpKOVA0QnRsY0tvM1daZTRlaldtOXRHMHY2SjNsWUZQU0RhUjJDYlhsN1dEblRMbnJOMG5pV3l2ODZfd0QwWHp6dE4tU3lNbjhVZko0TWR5WmJVV2o?oc=5,https://www.acehprov.go.id/berita/kategori/pemerintahan/uin-ar-raniry-kemkominfo-bahas-kerja-sama-pengembangan-sdm-di-bidang-digital,UIN Ar-Raniry-Kemkominfo Bahas Kerja Sama Pengembangan SDM di Bidang Digital - Pemerintahan Aceh,acehprov.go.id,extraction_failed,2026-09-12 11:00:38
https://news.google.com/rss/articles/CBMi1AFBVV95cUxPM1VMZzR4bTdlU2JBdmVOcEJ1R3VZUWlsbWxIc2xCZzZFUE02NC02cUlndHdrcEIyZ3NDQk0ya1lqaGl3c0xWeS1aM0lBRU82MVNGQ1d4N3RRNHRKMXZzdGU1MnBWRHJCOFN0OHk5WGlZT05IYjJpZVZQODVSM0k5azI2d1ZkMXUtbTZ6NnlhM0ZydVVDR3NoQXBvUV9zSkVObkxiSFZSbDZWSUVuMnJPMkJGVk50STY5WmdTZ1gxRFhTVVJXLUJqTFZpMVpBRGlBWmRmVA?oc=5,https://diskominfo.acehprov.go.id/berita/kategori/daerah/marlina-usman-hadiri-pembukaan-kki-2026-di-jakarta-ajak-umkm-aceh-berdaya-bersama,"Marlina Usman Hadiri Pembukaan KKI 2026 di Jakarta, Ajak UMKM Aceh Berdaya Bersama - Dinas Komunikasi, Informatika dan Persandian Aceh",diskominfo.acehprov.go.id,extraction_failed,2026-09-12 11:00:39
https://news.google.com/rss/articles/CBMiiwJBVV95cUxNM0J3bEFHajNjWVRxSzVWU21STjhWRWVJN3hLMEZNNzJYa3AxcXNQT0JER2NWc1IyTWs4anZDYjlNQ3pZdVctS1JJNDZSbWp0SzRUOVdTMDIyTHVFbzBqNEF2OU4zaEdzbUdYTlNuVXE4MFlSbUNjR2tjblYzODM5MFdDRVFEQTNDay1NYm5oRDBFeV9pckZXQmtITGpVZDR5RWlmWVo5blpYZHVrVEp3TEdiWVp4UWMwOFg3OFpyaG5zMXpQaXgzdGlUalBQcFktdWRuTTRqX3k5aEZ0ZWg5VGVhVEZTeDZfSURYZE40TTVuUmtVeGpMaFJWRjFvelJ6dFNic3Iyd3BvRzA?oc=5,https://www.acehprov.go.id/berita/kategori/ekonomi/wagub-aceh-hadiri-sinergi-ekonomi-kerakyatan-dan-dorong-pemberdayaan-umkm-koperasi-bumdes-untuk-dukung-program-mbg-pasca-bencana,"WAGUB ACEH HADIRI SINERGI EKONOMI KERAKYATAN DAN DORONG PEMBERDAYAAN UMKM, KOPERASI, BUMDES UNTUK DUKUNG PROGRAM MBG PASCA BENCANA - Pemerintahan Aceh",acehprov.go.id,extraction_failed,2026-09-12 11:00:39
https://news.google.com/rss/articles/CBMivgFBVV95cUxPME9xWElpcVFGcEVOb05YdHVmTXNMNHBBWnF4eTNydWoyaW1KZzU3N3Jwc1BhNHRHR3JJdnkxOVBSWTlrRTVxSy1GZmVSVHVDeW4xa3hZU2JNWE50WTRkREhXSzBZQU83RTd1c3FKTFBkTmRnZ0QweEtVc19wVXJESUdic1JvNVZIUXRuUENRdWNIYXk1QXBfQXBjUktUOXdXTFNMZEV4R21PTXdIa3ViX0VFelRxZGswTnlkUV9R?oc=5,https://acehbesarkab.go.id/berita/kategori/ekonomi/pemkab-aceh-besar-dorong-inovasi-umkm-sebagai-penggerak-ekonomi-daerah,Berita Pemkab Aceh Besar Dorong Inovasi UMKM sebagai Penggerak Ekonomi Daerah - Pemkab Aceh Besar,acehbesarkab.go.id,extraction_failed,2026-09-12 11:00:40
https://news.google.com/rss/articles/CBMi8gFBVV95cUxONzFLeUREOUpRTnNsUEtKWFR3dXVPY0ZYdGFZNExJZjlEUG1OV0tvWm80M29Ra05lRDlIZXBycWdveWtDeE9ldmVnTFhCaENmT1dITHljX1ZCdmlERWFVdm9tRlpsXzZodzdhWWdnRUhVOV9CeDNJZHVEVVpKLVI2cDNJODJsOXY3Wk5rdXV5c24tT19GLU1oclhfYjNUNW5fekM2TzRhcG9kOWpYRHFxOEpfeUlNWFV0UlZHZ2ltZW9BUUFxMDgxdzgtOUEzNHRnMXRVUDBvajNMdm9qaFplMjE4cUJjZUhscWJuTXhsU2pWUQ?oc=5,https://diskominfo.acehprov.go.id/berita/kategori/pemerintah-aceh/pj-gubernur-aceh-mendorong-digitalisasi-umkm-dan-koperasi-melalui-e-catalog-lokal-aceh-e-coach,"Pj Gubernur Aceh Mendorong Digitalisasi UMKM dan Koperasi Melalui e-Catalog Lokal Aceh (e-Coach) - Dinas Komunikasi, Informatika dan Persandian Aceh",diskominfo.acehprov.go.id,extraction_failed,2026-09-12 11:00:40
https://news.google.com/rss/articles/CBMimAFBVV95cUxNaGFYbmpLd0JIeHlTVHJ3bXZjRmRUNl9GOHplSEZQaG1TWTdWZFJURldGRzBHNnJnSzBwaHJoeW01MXdnTnRoUTlZTThTX1JnNlhOWUlocjZiMGw2VlBVeFlqNFRjXzNmcGgtalhzQ2RJNXpITWFHU0hQUlhGMEhWdFU0ajBKRW5xN0dZMElVUTZra1Z1LW1MbA?oc=5,https://acehbesarkab.go.id/berita/kategori/umum/produk-umkm-aceh-besar-merambah-pasar-digital,Berita Produk UMKM Aceh Besar Merambah Pasar Digital - Pemkab Aceh Besar,acehbesarkab.go.id,extraction_failed,2026-09-12 11:00:41
https://news.google.com/rss/articles/CBMirwFBVV95cUxPVi1wandmdldONHpyMDlmd0FLX3FkUG9fWjBXbmdQSEFlZldWdTliQzVRR3FDV2M0WHFOeWwxRnJNdldWVVJ3NTN3a1JWU0NucFZUYlJJc21QX2IzR3hlcXRVSFZlbHVnYl9yXzJZcU1rSExHTG5yODhZRFVKX3BKYVB2OWVndjFJODlZRElVUkhHVGJMTUdKTlJFSk1CUS1oOENjSXN3djVUeEpualVF?oc=5,https://acehbesarkab.go.id/berita/kategori/ekonomi/pemkab-aceh-besar-dukung-pemasaran-digital-bagi-pelaku-umkm,Berita Pemkab Aceh Besar Dukung Pemasaran Digital Bagi Pelaku UMKM - Pemkab Aceh Besar,acehbesarkab.go.id,extraction_failed,2026-09-12 11:00:42
https://news.google.com/rss/articles/CBMiwAFBVV95cUxQdGlmSkVmNzdOZklQYm5wSHJXcW13dGxiUlEwZVozcmFfOHl2TWFxaVlYYjhsc0dZU0JzS0IwWHdXWGJKeHp6ZzZUM211SktmYUJETHhMUXJDTmtlWHpfelZPLVd2NWVIakNFYk1rUHhUSmxMRlBxdk1ZeHQ2ZXY3bk5BTjZUZ29TQzhxWlRtcUY5cGVNSUtzWDNGQ2RFR2FaSk9kVVMwNG5rUzNRZnFoVHVMdlhMVTZoZDBCUGxWWUU?oc=5,https://www.acehprov.go.id/berita/kategori/seni-budaya-hiburan/umkm-aceh-besar-siap-meriahkan-pon-xxi-dengan-produk-terbaik,UMKM Aceh Besar Siap Meriahkan PON XXI dengan Produk Terbaik - Pemerintahan Aceh,acehprov.go.id,extraction_failed,2026-09-12 11:00:43
https://news.google.com/rss/articles/CBMiwAFBVV95cUxPWHdoTHFhQnd0QW1yRFQ0WGxtWnZlWmdWSm9oMktfOFhIZ2NRUXhDcTFRSVUtNklhZ2UyRHd2Mm9GVy0xNnBHc1JHR0VlclZqNFVxUUNHcmFIS3RIWExkM1oxYk5PTG9TakFvSDFXckJMekM3bjVCakF5YXRSVUlGQlc0QzdYdm9XR1YyVFhNSUZCdWNlTWJrNm85VnNVYUdpaVJhb0dNdGI5MWxoc2Zjc0VJUUpXcFQwSUJhNTBwMWU?oc=5,https://acehbesarkab.go.id/berita/kategori/skpd/lebih-66-umkm-binaan-diskopukmdag-aceh-besar-siap-sukseskan-gelaran-pon-xxi,Berita Lebih 66 UMKM Binaan Diskopukmdag Aceh Besar Siap Sukseskan Gelaran PON XXI - Pemkab Aceh Besar,acehbesarkab.go.id,extraction_failed,2026-09-12 11:00:43
https://news.google.com/rss/articles/CBMivAFBVV95cUxQb2JzOWtHTVoyamJaZklzdW1sdHRWSWRVSFdqdEFHX0Y2WVl1bnNISUFxZnBSOFAwOE1SVkVhX2pZRDlYVk9Bb3pkZEJWRXktb2FMUUZndWd2djVnYUVoclRZRHkySGloakRFS2xxcWVwcENOOEtMN0lKVEhpYUdlYS1acG8tZk11WWJaclFERGYzZnJZTTJRSGRCMnZtUFN4LWJTVlBpWkhyUDVBck5YXzJBZUpUS0h6aU5NQw?oc=5,https://acehprov.go.id/berita/kategori/ekonomi/sekda-aceh-tekankan-sinergi-pengendalian-inflasi-dan-digitalisasi-ekonomi,Sekda Aceh Tekankan Sinergi Pengendalian Inflasi dan Digitalisasi Ekonomi - Pemerintahan Aceh,acehprov.go.id,extraction_failed,2026-09-12 11:00:44
https://news.google.com/rss/articles/CBMizAFBVV95cUxPdnFvejBfSFk4X2psMGVqWUM3cWpMOThNU0w2NEtCak9RUDFjLWw4cGdWV19pRXNNb2JRMU1fV1FLRkNnUWJhUVU5N3VMRkRwN1NyY3dZZjU1TGFCSm40MXZ3Q21yWkRUekxqaFNkS1MxbkphVG1SS294cGRkdUF0QXNMd3NucDZlNDVFZmtBWXM3UHhpN2hJWEhpT1JlUmRadGh0UU9zRnhoSzhkV1ByRGsyYWpXRWwzNlNiYm4tNWt1eGtxdHNoNWg1eXI?oc=5,https://www.acehjayakab.go.id/berita/kategori/ekonomi/pemkab-aceh-jaya-raih-penghargaan-inovasi-digital-di-serambi-ekraf-awards-2025,Berita Pemkab Aceh Jaya Raih Penghargaan Inovasi Digital di Serambi Ekraf Awards 2025 - PEMERINTAH KABUPATEN ACEH JAYA,acehjayakab.go.id,extraction_failed,2026-09-12 11:00:45
https://news.google.com/rss/articles/CBMivAFBVV95cUxOS2JKYXpmQUVVMmNRLXE3NGJPVGVSVjJ3aWVSQTdBdEUwRHFVTmYwRlk1M3QyUFJubVV0SXhQQ0ZXZmkzQjdvUXU0ZnE5cUFLT0tsdll3T0Z2ZER3VHVmcTdNdksxWHFpMzhHem9WcmFBckxnX2hjMnVSek5BS3dJc1pBOE9lLWRtVGwyZFpJX3ZUV1pBaUpnSEJEZ09hVXRTeFZhY0xBazF2RE1TNGIwbHZNLTQ4NmZ5dmNFWQ?oc=5,https://baitulmal.acehprov.go.id/berita/kategori/pemberdayaan/inkubator-usaha-dari-sekolah-msbs-tumbuhkan-wirausaha-muda,Inkubator Usaha dari Sekolah: MSBS Tumbuhkan Wirausaha Muda - Baitul Mal Aceh,baitulmal.acehprov.go.id,extraction_failed,2026-09-12 11:00:45
https://news.google.com/rss/articles/CBMiygFBVV95cUxNcXFPX2R3SGVKSTA0WEExU0dMaXhuY3NnM0hoYUNITE5PdU1wWnJSbF9UMENyYndEZjdHVWxSOHdoOF9FQWd6YnhmdGxmcmtFRnFmZk5lWVVPVk81YkNVQUFXRnVJRU5LdHhabm5RRnpEMEVWSERQTW82TnY5cnhwZVN0VkxIZW9MUE15MENIdllBSWhjWm53SjRUdHZZbkhvbEtTLWVaUHNnenhhcGJTREkxN0JzY09xbE91R2RUTUpSbUtHTndlcjZB?oc=5,https://acehprov.go.id/berita/kategori/pendidikan-pelatihan/jumlah-nasabah-umkm-bsi-di-aceh-108029-total-penyaluran-rp8-43-triliun,"Jumlah Nasabah UMKM BSI di Aceh 108.029, Total Penyaluran Rp8,43 Triliun - Pemerintahan Aceh",acehprov.go.id,extraction_failed,2026-09-12 11:00:46
https://news.google.com/rss/articles/CBMitwFBVV95cUxNaEF1bXVEcDBJcFRGN2JYNTVaNWZDM3dVb0tXVVlTTDl6SEpTTkpZWG0tenhBYVdFXzlCNzUtd1VuVlg2cDNuUFUyMHEzYmo0TVdQOC1GeVVlN0FBQUJ6QzluRVVFTHgzUWNWMXN3ZzJzTHM1c1BNVUd1RWFheEticEFlcTBmak1YcTBaUXJVTkVQNWk0TnlJbkU5YU92MVFhelRpbEMyTFdkRW90SkMxY3BLWXk1UUE?oc=5,https://www.acehprov.go.id/berita/kategori/umum/pj-gubernur-bustami-buka-aceh-entrepreneur-expo-2024-di-subulussalam,Pj Gubernur Bustami Buka ‘Aceh Entrepreneur Expo 2024’ di Subulussalam - Pemerintahan Aceh,acehprov.go.id,extraction_failed,2026-09-12 11:00:47
https://news.google.com/rss/articles/CBMi6AFBVV95cUxOSlFVZHcyNHV2VHY2X3BIWFZwM3JrSEFyaHlmaHR0SFNxQlVlOTlsdDdQVFRXeExyUEZhb3BQZGtwOHBuWjdfVGZrQmd4aUtPeEppTWhkRG5WT09KOHRJR1RSRFRuVzk0SngycnB3ZWZ6U0dURkZmdE5ib2duNTN4QlVZT1g1RTE2cmNSS3JoLVhoRE5QT2l3cXpBUWJjRzNCeWl1Zk5tcWs1ZXZkWDUyM0tnM1JwWnNSeEdzWkVYZUczZVd5TWpmQ3FkbkhOM0FzblhENksybUZnSDhqVlVUV0RQN1BrMGFs0gHuAUFVX3lxTE9PV1E4YmdyUlFQbEVxSFBfMFFzTnRWVnJ0clZLTzFNMXFUblUzMGVhN3hjVGkxUERRamZuVlYxb2EydzBSc0tNN19GNjR0OFpaU3MxNnZIMVR0dzFIdVBBU3R4cXNuUEdKazUzX3pIQjl5UHR3SEl2dzlkNy1tWDJEX2pvRFAtUllBdHVaemo5eGVVdlo0X2tJQ1NCWHh2VWJyWERmOEJBRnB0MGM1S1p6VW1BeENDdGVTMHZHNDJ4d2xiOE9GUUJTdVRqWV9MeTdPdmJFV2RvX0E5d2xTYkFPN2M2UGVUcFpvTG5yOWc?oc=5,https://radarbali.jawapos.com/perbankan/2310130033/bsi-dukung-pengembangan-ekosistem-kewirausahaan-lewat-talenta-wirausaha-bsi-dan-bsi-aceh-muslimpreneur,BSI Dukung Pengembangan Ekosistem Kewirausahaan lewat Talenta Wirausaha BSI dan BSI Aceh Muslimpreneur - Radar Bali,radarbali.jawapos.com,extraction_failed,2026-09-12 11:00:47
https://news.google.com/rss/articles/CBMi2AFBVV95cUxPX2ZJZjRBRjVqY2ZQaGJIazhIYndleEJTYXNkamtoWURmeHd0SzkyQ1FOVzd4ZkNzcG1GbjRlRmtRaTBocEdrQ0NhUnNQLXBIVjladk5yUnQ3UWtWaWpMWDItY0tUWVFlTHFCZ09Qb3laLW85Rm5pdzhYLWREdnRqSWZzRGo5c1d2TGIycm1uZzFzRE9OaU9IRjNZSTV1UWs2MFNzTDBFdnFabHdtSUk5ZzJOUTJsMDdySkJNVXRfR24xQTNBZEVLZWF3X0pFbzVCckJQdVpSUkrSAd4BQVVfeXFMUEVoYWVBS1B3RmEtUkJSWFBwU0YyS2tlNXAwQlB4VGFsbGY5YWhIcWJoWmhWdnI3cGNLNVBqeHZuZjd4UmZqZTFoeTdrdzhzSjYzOTNMZ255UzJ3M3k0cUY0ZDhPeERVVHVuWWVNLXJyODliajBPNlZtMUNudFRwOS1aRmk0aHI4WnQwbFgtbUgwLWVQMFprZzBWSXVwdnBGLUE2eXYtanpybVR0akxpMzVxOXlhdGZaUHUtd0pzTy1Bam9jR0tHWVF5dnVaYmVmVXVrLXl3S1JWTlR5U1ZR?oc=5,https://radarmadiun.jawapos.com/nasional/2310130021/kembangkan-ekosistem-kewirausahaan-lewat-talenta-wirausaha-bsi-dan-bsi-aceh-muslimpreneur,Kembangkan Ekosistem Kewirausahaan lewat Talenta Wirausaha BSI dan BSI Aceh Muslimpreneur - Radar Madiun,radarmadiun.jawapos.com,extraction_failed,2026-09-12 11:00:48
https://news.google.com/rss/articles/CBMizgFBVV95cUxONDExMUJSUEJwVDE4MVlqQVBwa2gyNWt0TFFUdmkyak5wUXNMUzlDSlhrNmRsUWtTYkVZd19vb05yb1hHVThuVm55VTZHUUF3MFg2Q1lDb0lHdXBSaUN3VnZjVXRxVnNyZHNoWGhtcVNYdTQ5M3JObHVMcTRDZ3Jpck55T291UkNwdHl4encxazZURzdDRFJFOGNBdWpqUXZ1aU5hc2JfR1dJbF9laV9zYVBYejZzdmllWmhFXzVEcjZKd1dJazZGd3lDNDA0d9IB0wFBVV95cUxPM0Zuam1xTHhvVnZ2aExxWk9ueU1paTBaVjY3X21ld2RuWXNNWURrNXRGb0JMcVU5UnZ6Z3AwQjVaVFY5ZGRxTUFvUG1oeXoweEJkSlRpQXNER0E5YzhfWVNzUVF2MlN6UTNjV19YNTNaX3YxanltVUlZWWdIOFVrVG1JVnBXeWViNThRMm5qUzg1TnhISFhkeklxdkE3VmNnalFHVzBfOUR3VDFGWnNyQTRJUk45cWhacjRxaUhCRTRDWEhjQ095TnBlNEJfLUtlbXdV?oc=5,https://baliexpress.jawapos.com/kolom/2410030021/amanah-aceh-dorong-ekonomi-lokal-dengan-program-kreatif-selaras-visi-presiden-jokowi,"AMANAH Aceh Dorong Ekonomi Lokal dengan Program Kreatif, Selaras Visi Presiden Jokowi - Bali Express",baliexpress.jawapos.com,extraction_failed,2026-09-12 11:00:49
https://news.google.com/rss/articles/CBMimwFBVV95cUxObUlHckZPWkdWSHl1ekVWQkhWdmhLd3c0RnU5VWItN3R0UTV5QnBSWFgzUEgzV3ZVclF0Qlk2bTZrUGJRNW9mWlRrakdwdUNsX2x1UUZ0VjdJbm90VHV1MTVfWExtZXJpNF9lZzVjVVI2RmYxRnhQNEhBOWZ2clJkc3NwUHVjbkRVNTRvSnQ0cW5NZEZjX05sUk1HQdIBoAFBVV95cUxPdWtqZnMzdmJqcXlRbjFMZmF0eUo0MThNeV8tTVliaXhtUTlDeDdhdGxTenZtVkJrNW9aLUExeEdaQXlHTWVBRnNYTHVEN0hhclNmYWsxWXRpR3VIMXo4M2cyZVZoY0xoMy1tREpBV2paQ091c0xLSG8zc3JpWXZmNDBHVVpxYzlmdk05X1g2ZTZwOE1PaVh1VGFwREl6cUtQ?oc=5,https://manadopost.jawapos.com/ekbis/2410270020/bsi-lahirkan-bibit-wirausaha-muda-unggulan-aceh,BSI Lahirkan Bibit Wirausaha Muda Unggulan Aceh - Manado Post,manadopost.jawapos.com,extraction_failed,2026-09-12 11:00:50
https://news.google.com/rss/articles/CBMiygFBVV95cUxOT19iOHdBRG1mYnc4S3pxeFFmOERBZW5KZ2p4VlVlSjNEa0JPMFNxX2tHc292OVBSYzdTNW95a3hxN051QS1uZnFmQ3dxNXBYNWhVcl9xRE5mV0FTaG1JeTZ4NXdCaTQtZXFHUmJDZlJFSDl5WUQzWkpLZFRkVUw1Z2h0MDhpaXVtZFBKR05jRjkyWVZoV2lIallJRjh1Szk3S2lGUzlCWW5hckJiNDZ1aEhGdmNXVlhXSUtKZUtIWmNBaU9rNFNjS0JB?oc=5,https://disnakermobduk.acehprov.go.id/berita/kategori/naker-lat/kemnaker-terapkan-peran-inkubator-bisnis-di-sejumlah-blk-komunitas,Kemnaker Terapkan Peran Inkubator Bisnis di Sejumlah BLK Komunitas - Dinas Tenaga Kerja dan Mobilitas Penduduk Aceh,disnakermobduk.acehprov.go.id,extraction_failed,2026-09-12 11:00:50
https://news.google.com/rss/articles/CBMisAFBVV95cUxNelNzdWlWZzZERmJlTnkxVGkzaDZUV25DWFpqWUU4azZJNTBzRkMwUXp2eEdENGd1WTlteXBHb2cxSm5oU3c5WmoydFNuUDJEbUk5YjBTUW5haFU1SEFOVUZGRWZrMW1zUGVkcWxJR1VuNlFPZXhqLVBOMlVWeEtXOVo0QmhKTHh6WFI2STZuYlV1RjEwejV1b1JYT3dsNm5HUWtMNUpmSkhsVlF5cl9ZTA?oc=5,https://www.acehprov.go.id/berita/kategori/pendidikan-pelatihan/prof-apridar-pimpin-inkubator-bisnis-kahmi-aceh,Prof. Apridar Pimpin Inkubator Bisnis KAHMI Aceh - Pemerintahan Aceh,acehprov.go.id,extraction_failed,2026-09-12 11:00:50
https://news.google.com/rss/articles/CBMizAFBVV95cUxPdDF2LXl4eVlmQkZreFN5dWRiaF9BV2RDVXJ2QnBadjd3dmRmXzBsRGNDZ3dSaDNsWWU1aXN3WTRrWkJRQ3FEdG9SZzktMV9YTmhFN2lXdlY4Q2d3ZS1uWFl0RC1rY0VDMDhncWk3ZzY2UUVWeFpCYzc1MmJEQlByZUtKaHZha0pqQjV5bFNOTE1YelM0aE1CQXRMaUt3S2lRbmp2UE5ibExMYWdfTHkydEVkc1FBZVNSb0hRNkU3QzZmQ2daOVdPRFlWNFo?oc=5,https://disnakermobduk.acehprov.go.id/berita/kategori/jab-fung/rumah-produksi-madu-pengembangan-usaha-dan-perluasan-kesempatan-kerja,Rumah Produksi Madu: Pengembangan Usaha dan Perluasan Kesempatan Kerja - Dinas Tenaga Kerja dan Mobilitas Penduduk Aceh,disnakermobduk.acehprov.go.id,extraction_failed,2026-09-12 11:00:51
https://news.google.com/rss/articles/CBMizwFBVV95cUxQeTEyeVU4aHFrNFdoZlEtSXdzQmRfT1ozSUhibHlXamp2MnpTQVRROS15azRSVzA4bzZFQWVGWlk4TVloakExdVBqbGxsWjFuY2JpQUhRVDBNV3EzN2RfUFM5MVhVcnVUX3dtZ1VJX0ZRZHRhUm1sa3R0WHZoSnJfT1RrWmFFRTJqc1pQNTN0OXAtX01yOGZ4RTlibGt3MjVWUl9sQ25ZOTJtQVlCZVZCdlR5c3R0Q0hhN3FuTkw1cER4bDBOMHVFeU1qZk55cm8?oc=5,https://disnakermobduk.acehprov.go.id/berita/kategori/jab-fung/uib-disnakermobduk-aceh-pamerkan-beragam-jenis-madu-asli-hasil-peternak,UIB Disnakermobduk Aceh Pamerkan Beragam Jenis Madu Asli Hasil Peternak - Dinas Tenaga Kerja dan Mobilitas Penduduk Aceh,disnakermobduk.acehprov.go.id,extraction_failed,2026-09-12 11:00:52
https://news.google.com/rss/articles/CBMiwAFBVV95cUxNQmFKclFXcjNiVXVrMzBpVFJOSzFIQUNhY21MaXJoZ3YtcU9Hdy1PcnpIN0F2RGlhRTJmckNRMVgzQW1pU241R1lIUjJ6eXNMUXJGcVBZclZaSXFTRHlzYzZlSkhZd0JXcG45U3RjQnJPM184UW9jWFo1UTVQUFZLay1qNnlrTm0wVmROaEtDdFIwd3lMaVF6RGpLTy13MUE2NU0xeFhFYjlFRXVBME5ZaUpXeVF1Wlh2czJRU25Rcko?oc=5,https://acehbesarkab.go.id/berita/kategori/ekonomi/pelatihan-digital-marketing-di-kawasan-transmigrasi-jantho-resmi-ditutup,Berita Pelatihan Digital Marketing di Kawasan Transmigrasi Jantho Resmi Ditutup - Pemkab Aceh Besar,acehbesarkab.go.id,extraction_failed,2026-09-12 11:00:52
https://news.google.com/rss/articles/CBMizwFBVV95cUxNcDY4SFZkZlpTNUJmcHdzWl9iNXpvc2hwTjRVVG9EVXI2YlN1d2lRRU5VWS1HeHA5LW9zUEpNdUpSb1AzX0pwNlFSbVg2ZjhtUzFLSmtuTUVUWDk5bmNtdlJmWTl0MUJ6b1o1RFVDdlhQXzFFM3RqLXN3TF9Hbnc4bTdlVGhXc2tuQ0VETXVROER4c2IzRFAtcFZjblBDSHdubzRycnZRM0dCazFKRjlFZG9obkl5LWlUdWVoMk5CQ2VpQlh0d1hkSDJLaDRFOGc?oc=5,https://acehbesarkab.go.id/berita/kategori/pemerintahan/sekda-aceh-besar-apresiasi-pelatihan-digital-marketing-di-kawasan-transmigrasi,Berita Sekda Aceh Besar Apresiasi Pelatihan Digital Marketing di Kawasan Transmigrasi - Pemkab Aceh Besar,acehbesarkab.go.id,extraction_failed,2026-09-12 11:00:53
https://news.google.com/rss/articles/CBMi3AFBVV95cUxNWTRRUEc5dEJJOVZIVHp4Tks2eUdGLWlYeHpqTDliRUx2M2FGLXFwNU9hUGNCRmdHUy03MGppanBoQm16eTFobXpBUmRqVnJrdjBZSEJ1dGZ5bHNldG10QnJUWTNjNHFlOS1VMmc1cUtNaWJGalhoNXhKT3BYNWpwcjcxZ2tqYUxZMVAzN2Zzb3hZMzRnQlRXamxkQW9YRl8xVk5faVRBNmdWSlZwZy1CVzlTLWdtRVdIb3FBcWd0dkxuV1BCOEE4bFk0Rl9rUkR2dmZzSGh0OWlMS21Z?oc=5,https://bpsdm.acehprov.go.id/berita/kategori/sosial-kemasyarakatan/bpsdm-aceh-perkuat-kompetensi-digital-asn-melalui-pelatihan-google-notebooklm,BPSDM Aceh Perkuat Kompetensi Digital ASN melalui Pelatihan Google NotebookLM - BPSDM Aceh,bpsdm.acehprov.go.id,extraction_failed,2026-09-12 11:00:53
https://news.google.com/rss/articles/CBMiwAFBVV95cUxPRzd6dXU0LVVMUDE2UlpIaVA2VlhQSVNCMXE3Y0l4cEQ1TUhOLUMwRUcyVHZpcUZMSVlVWlI0aGZkQVItZGRUUG5Hd3Z0OS1yci03UF9XYXpfUzdaWmozMWRuYlVibnktTDhBSDRJc2dJQjQzTXNmNy02SDF0LTlyUWJBUXZSNGNhWVI1WDZmcWZtem5lOEVwTi01S29IMTI5T0NucE1hSVRKLVdQWWcwQURqczZRdWx1Q0NxWExiQnU?oc=5,https://bpsdm.acehprov.go.id/berita/kategori/sosial-kemasyarakatan/optimalisasi-konten-digital-bpsdm-aceh-dengan-geo-dan-ai,“BPSDM Aceh Perkuat Literasi Digital Pegawai melalui Pelatihan Optimalisasi Konten dengan GEO dan AI - BPSDM Aceh,bpsdm.acehprov.go.id,extraction_failed,2026-09-12 11:00:54
https://news.google.com/rss/articles/CBMiyAFBVV95cUxPNUF3eEs3LWZscm1ydGlONVRzbnlNbTBUamxoMHIyUUZWOTdEUFhLcVZlQmRUbVZGcW81WkxsazctSU1VaWpCNmJNT0dZcnhsMmhQVmtMMzVDOTR2SE5XWGhSamRJdlkzcTdoZTl1Tkx4bmItX3lYOThkZTh3WXpmY24ybWZFaWVHMWFPSmxCQmdHclI5NjBxZlE4blhxckZaSk5jSEhKdjVTdnV0amJONy02cEZnbEd5YkYxWWFoZlBqU2YwaWJwYw?oc=5,https://acehtengahkab.go.id/berita/kategori/pelatihan/pemkab-aceh-tengah-pertegas-komitmen-peningkatan-talenta-digital-masyarakat,Berita Pemkab Aceh Tengah Pertegas Komitmen Peningkatan Talenta Digital Masyarakat - Pemerintah Kabupaten Aceh Tengah,acehtengahkab.go.id,extraction_failed,2026-09-12 11:00:55
https://news.google.com/rss/articles/CBMi_wFBVV95cUxOd2ZTMXByTTJRblNpN2dvSEdURjJVZGhPYkZOcFRIM0FUQ1RxODFqMXB3aGtIX3VmN0JhdFRpeUNwTWRXZHNoMnVubElzV2s2VExYTGVVUkluRHM1MTBvajNCMDFXQmNabHFTSUR5MzhUcjdzeHdObmpiUUNlVWhieFJIOW1JNTlmOXhFajVZcEM4VEdjWEpzYUVtUmZpRktPUmJlaVQ4RlFPc0hfWlJCQVpvT3hfNURiOHZKaHYyT2doLTJabGxVcG1FRzQwTXNjVXVFT2FEeUZVWm91X0o1SV81RENsWVZMM3dIcXpsaUVWYVMxR0l0ZVZlUXo1dDA?oc=5,https://www.acehjayakab.go.id/berita/kategori/pendidikan-pelatihan/aceh-jaya-luncurkan-pusat-talenta-digital-hadirkan-peluang-pendidikan-dan-pelatihan-teknologi-informasi,"Aceh Jaya Luncurkan Pusat Talenta Digital, Hadirkan Peluang Pendidikan dan Pelatihan Teknologi Informasi - PEMERINTAH KABUPATEN ACEH JAYA",acehjayakab.go.id,extraction_failed,2026-09-12 11:00:55
https://news.google.com/rss/articles/CBMipAFBVV95cUxPT08xWFRjcHBCTDJKU05nLUF2M2EwTHB6MkI3X3ZHUGN2cC1xYkdOX1lHU3lmTFdJTzdkZXZQY2lYY0FnNWkxeC1RV0J3bUtGaVBROWpNZmRDS0VMUktHVDdJQVBRTUhqT3RMUE56VURtMlVXWU5BNVFRYmlhVGRTdF90Z19KcjY2LWdQTFRGUm5lTV9Wb3BGeC1HNUxDMmYxR05Ddg?oc=5,https://pidiejayakab.go.id/berita/kategori/berita/pelatihan-digital-talent-scholarship-pidie-jaya-2025,Pelatihan Digital Talent Scholarship Pidie Jaya 2025 - Pemkab Pidie Jaya,pidiejayakab.go.id,extraction_failed,2026-09-12 11:00:55
https://news.google.com/rss/articles/CBMixAFBVV95cUxOSlkzT3JFVDF5Z0J6YXJ3bFc5Rk9ZaWVXSFZrSFBCZG82VUZrTFRJQ1VBaGpQTkRRM1ZRRGMta2tBb1BYUm1OMUhObG0wbzZNU2VJLUNxWmVhMzJTR1FDdmhZdVJsQi1XSG1SLUp4eW1MOFRjenRqcE15LUZWa3BWQlliaVhvLWVTTTFLYUNpUFktRnY2U0lFWG9tbXJQc1pIaENURWlYTTFXeWZqUzBubE92VVZ1N2dSRGJHMm1JMzhONjl4?oc=5,https://acehtimurkab.go.id/berita/kategori/berita-dinas/pemasaran-digital-dasar-online-kabupaten-aceh-timur-24-25-oktober-2023,Pelatihan Pemasaran Digital Dasar “Online” Kabupaten Aceh Timur 24 -25 Oktober 2023 - Pemkab Aceh Timur,acehtimurkab.go.id,extraction_failed,2026-09-12 11:00:56
https://news.google.com/rss/articles/CBMi5AFBVV95cUxPOW5Mb2hIdnp3UVNZNTRzLWViSERUUzFqRU45RTN0SnVKXzdMLVcxM2ZnZ0UtN0QyVF8wTVB4bktHZkNQSWxWa3VsS2VpUF9jM2ZJOGxqTmJaZ2JnRUtoWmN3TldpQWhWRVFndTNIN0Q5ZUhIVHladWl4Q3k2d19jT0NCMnNUMXBkb19hSHZ1cDBZU0FSY0poeGxUczVoWWRrVnVxakY0RHd0aHpZSzlGNE52RkI1dkpGdXM0YmIya0VjcHRyM3MzaVNEZzVJZWV5WW1NY0xPUE00TDRYaTNjZE5ORkY?oc=5,https://www.acehprov.go.id/berita/kategori/pendidikan-pelatihan/mahasiswa-aceh-lolos-program-international-holistic-digital-security-training-di-nepal,Mahasiswa Aceh Lolos Program International Holistic & Digital Security Training di Nepal - Pemerintahan Aceh,acehprov.go.id,extraction_failed,2026-09-12 11:00:56
https://news.google.com/rss/articles/CBMi0wFBVV95cUxPcGRfcmVLWUVkcUNwdHhhN3R1ZWJ4cnRCeEtkRXAzMzg1YUhQS3FlU0JXSVJ4b0pjNUJZZER1UjZBb01Xay1ib1FreTktT3h4YzhRckI5alR2Rmh5aHF6YjlkWXVtMFlsdGxfcGlpVThNOHc1U01QVHpKRlNUal9PNUhDUjA0MllyODlMMFhZbTdIdTM5VG1IdEJ6VVFVT0M1cS11LWt2TFRBVXpwTDFmaTJpVlk2Sy12eXRpRTJjY2pmc1JkdmpjU0hCbElhaTVSbnk0?oc=5,https://acehprov.go.id/berita/kategori/pendidikan-pelatihan/mafindo-aceh-gandeng-mpu-adakan-akademi-digital-lansia-dan-sekolah-kebangsaan,Mafindo Aceh Gandeng MPU Adakan Akademi Digital Lansia dan Sekolah Kebangsaan - Pemerintahan Aceh,acehprov.go.id,extraction_failed,2026-09-12 11:00:57
https://news.google.com/rss/articles/CBMingFBVV95cUxQY2x5RjYtU0Y0cTl2X0RmTjVSTlhocDJZZ0tfbEdkdkdwVHYxRjVvUmtOMUNHQkpkbnRUbFlqYjJMZ3dzakI4M3psVGtDUUs4cmNGUW1ZcjBKWExSRUhVZ1U2R3lFdHN1cXFMMjRSZHZGSVo4aWlTWm1tYmgzVlNDRVRWMlUwU2xHd2ZtcG5UcEFZN0NfZ0lIbndxWlQ3QQ?oc=5,https://dpmg.acehprov.go.id/berita/kategori/bidang-ksdattg/gelar-ttg-aceh-tahun-2025-resmi-dibuka,Gelar TTG Aceh Tahun 2025 Resmi Dibuka - DPMG Aceh,dpmg.acehprov.go.id,extraction_failed,2026-09-12 11:00:57
https://news.google.com/rss/articles/CBMilgFBVV95cUxPVE1jeHByWElSdjVxX0FNZXFfM2xpNnhlVkFFNkFFaWk2MzktSXQ1ODl6bXVDYUtQa25yTnIzaXpITmF0TGg0Nml3aUVFdXhlbTJOcENzVHV0ZUtqX3hBRFVNd3RqVU1DbjJmNnF1LVNXTW05WGNiZGNEQzVKbTJiT3lRQUZZVGpTaGd3U1ZyRzMwVEJmN3fSAZgBQVVfeXFMTjR5S19UT2xGbnpuc0xBSlRMRlpiazgxQmhyZ3dVS1JmOEU1Q1Y2RHE5X0lndkpDcEl4bHFKOHZjUl9zVmlBZHpYTDNiMnV2dXhZd2tOX0VGazItOTI2MXVtS3V3ek5fSnV1ZkpadGhpcjZQaVM5NFF0TkZEN0xnU3dkbUlfYmZubHhvaFdqUFY2cmFIVUVLWXc?oc=5,https://www.jpnn.com/news/pemprov-aceh-bakal-gunalan-teknologi-rdf-untuk-pengelolaan-sampah,Pemprov Aceh Bakal Gunakan Teknologi RDF untuk Pengelolaan Sampah - JPNN.com,jpnn.com,extraction_failed,2026-09-12 11:00:58
https://news.google.com/rss/articles/CBMibEFVX3lxTFBTaFF4NXloSXpzWFdCUTJpVWhraHhxVmQ3WHRwc3RYSkRmb3VvVk05azRsaVNJZUpKWmVnUi1RU2x6WEhXSk5tYWtvT3dCenhydkZiTkhKUERRQkpjSzBiVkRlVmI0cV9NZGtTQtIBckFVX3lxTE1LM3l0Rm9hN1FRMUtFZjlKYlkzZGtuVXZSV3dFOGVUTDhaMlBqdF9ZZkRKMkNDOG11elkydzFuRFlNeGJhYWpkcE5sY0t2OVNpS0l5eV9kUE5Uby1TWkdRYU1XZi1ZWWNIbnU2US1kSHVjZw?oc=5,https://www.indotelko.com/read/1514956125/telkom-dilo-padang,Telkom kebut pembangunan DILo di Padang - indotelko.com,indotelko.com,extraction_failed,2026-09-12 11:01:10
https://news.google.com/rss/articles/CBMi8gFBVV95cUxOU21LeExmZVBGazBONk83NU5XSWJNamRmVjJGYkpXWHdhVmRYU2NCQy03eUw2WnR1MDYwak0wRGlpOWdvY094eGlVWWJzSmlQVkJLU2FQeEpnNW9FVEtzakhpLW1JazhnYXJuQm9rR3N1UlRsaVlDaGQySGdLT1B6MVBMSU9lR0lHV0VBQmhURnptZGV1Z3FWNzNEU2JxR3V0a1d0NmpGMjVtMEYySzE5MGtPUmhiakhRNTYyT081cjZzSm15QmpUdGJkSWRNTnJCb056SnlRQ2FrakxySWs1a2JBak1NSklrcU1TWTFRaTFDQQ?oc=5,https://www.komdigi.go.id/berita/pengumuman/detail/siaran-pers-no-240-hm-kominfo-03-2024-tentang-kominfo-siapkan-markas-aceh-jadi-pusat-kreatif-digital-milenial,Siaran Pers No. 240/HM/KOMINFO/03/2024 tentang Kominfo Siapkan Markas Aceh Jadi Pusat Kreatif Digital Milenial - Kementerian Komunikasi dan Digital,komdigi.go.id,extraction_failed,2026-09-12 11:01:49
https://news.google.com/rss/articles/CBMivgFBVV95cUxOTE9mekpvMG9vNTFidDQtTW45a2FXVjBmbEl2NU1oZDJIbmdnR2xGZ0hiNXZOYlgtcmh3a3hmODBVcnlxSHd5QlJQeWxfaG03ZXJMbmk0cDg2enZkeUZDXzV6SGZ0NHU0SHFoMzdWc2xpOFN6RlpObC1DVW5oNko0aFJDQkRBTHIzMFRucTVfem9yZkEyTkJKOXR6aXpMcUpTcjVaTHVheGFZTWJObW1yUFNpM0V6SnFGNXhRVjV3?oc=5,https://www.komdigi.go.id/berita/siaran-pers/detail/banda-aceh-academy-jadi-pusat-baru-ekosistem-digital-di-tanah-rencong,Banda Aceh Academy Jadi Pusat Baru Ekosistem Digital di Tanah Rencong - Kementerian Komunikasi dan Digital,komdigi.go.id,extraction_failed,2026-09-12 11:01:53
https://news.google.com/rss/articles/CBMisgFBVV95cUxOXzFETzBEaDloQUozWWZESXFoSmpudkpPcVJHSjlPWl8tNnd6U0ZUYnVnQXBZMFd1ZHprVEJ2MmNDemd2dEZwUmFBMGVRdlhfQ2pNT1laSFlHQTJidDI1cEJtblJkU1dDbnRnNDdaNERzam1jb2tldEZ3dXNDSUZXcF9QbmRrYmdhRmw2eUpHeXo3dHVCMDBDdU5JOS0yT19Gb19PVkZKUnA5WUZGOVZkcnhR?oc=5,https://acehprov.go.id/berita/kategori/ekonomi/sekda-aceh-sambut-rencana-investasi-pabrik-metanol-di-lhokseumawe,Sekda Aceh Sambut Rencana Investasi Pabrik Metanol di Lhokseumawe - Pemerintahan Aceh,acehprov.go.id,extraction_failed,2026-09-12 11:01:53
https://news.google.com/rss/articles/CBMi8gFBVV95cUxPNHlMWkdLdEh6dGVmeFk4Y3Myemk5TWFON2tWT2gya1h3eXpwWGI0MEl3SGhvTWl4bHZvalpVSXVTbktwXy1PR1kzNlVwOEZmdmtiTjJTOHlXM0E2VDRDS3I2akhWeVhHaHhxRmltcWN4RUJUZXBIQ0g1Qnh5VHhleVpWWVEwbHRqblcxUkx0ZWZSZzFCNmpBMnZvRHlySkxjMVZvdTdUZW1RYUhlVmpxUEFPSFRjaXhTV1pTRE9ibV84eWROWmNpUzRaRjg4Q3B4bEt5WDhFLWUza1Atajg1cTFqcl9ESkNYSV9pazctU21rQQ?oc=5,https://www.komdigi.go.id/berita/pengumuman/detail/siaran-pers-no-160-hm-kominfo-02-2024-tentang-wamenkominfo-dorong-anak-muda-aceh-berani-bikin-startup-digital,Kementerian Komunikasi dan Digital - Kementerian Komunikasi dan Digital,komdigi.go.id,extraction_failed,2026-09-12 11:01:54
https://news.google.com/rss/articles/CBMivAFBVV95cUxQWjVfcXB0WFY0MWFpNURialY1dkkxSlFIUG1jeV9OdURiVzZrcHRzSXRSeXpGNlpHNjNVMHRzZHQxQUFUWVhqWDJiVF9mQjIwTjZ0ckFJLWdBOU1VaXltdnVRR0hZN255eWV0WVhfVkI2QTVpNlBrb3dTbnU2MkpUZ0szRGpESFdpc1BIR20tc0U3TzNyanhXcGszQ3IzLWpPdFJIRUIzeHdqdjdZbjdOQmJqa0l1alZwNy02Qg?oc=5,https://acehprov.go.id/berita/kategori/pemerintahan/soal-blok-andaman-kapolda-pastikan-investasi-di-aceh-aman-dan-nyaman,"Soal Blok Andaman, Kapolda Pastikan Investasi di Aceh Aman dan Nyaman - Pemerintahan Aceh",acehprov.go.id,extraction_failed,2026-09-12 11:01:55
https://news.google.com/rss/articles/CBMihAJBVV95cUxQSUpXeExKbjEzbmprSUhqbDdDLXBySG96TmZmTFdmcHY2YU1YdGlsejhOWUFhbFFzY2pGdEpWUlVxRGNzX1QzVGRUemlqNHdTWUktMzdsYTYySjJFU2ZWTWtNOVhCUFBnNkc5WGJXLXRpcnEtbG0xQXpleVdUSW9Xd2dsVjgwS3VMZ1ZqWjhLUUxqdWhsR2Q5SmljV2JwWlc3bVQ4dmttX05xWDd0Y0xIejdoQzRQeTVvMVNTTFFFMnZrQzc3bFY1OHQwY0R1UXMzWWtuVWlCdkdQYkJzdXRYU0ZScmZoWlVqN2ZpOHB5WUJlUHkwNEV2VHlzMVk3TmRMUUY3YQ?oc=5,https://www.komdigi.go.id/berita/siaran-pers/detail/siaran-pers-no-239-hm-kominfo-03-2024-tentang-kembangkan-ekosistem-digital-wamen-nezar-patria-resmikan-markas-startup-aceh,Kementerian Komunikasi dan Digital RI - Kementerian Komunikasi dan Digital,komdigi.go.id,extraction_failed,2026-09-12 11:01:55
https://news.google.com/rss/articles/CBMiygFBVV95cUxQRE9MdjZBVHZVSmNCVGpfaUxZdENCWUFFOXVKU0lsdThaZzNBZzdZMDZ2WjJycngxM0ZXUWNRbkItWmJINFlFd1lBSUlFOTkwbkRKYVBRLVBsVE01bDVfV2c2TzdTV2lkRzVRc2R3d1diaVBlSFhwcDhRSnMybU1QeG9rZTdkN29lQUo4TlFvQnM1LWczSXFtellEbS1lbmpVWUhyYmgxUWpieTh3TjdBZUtCRHY4Q19NZDVXQTZHcWJ1T0FzTlJ3MTV3?oc=5,https://pengairan.acehprov.go.id/berita/kategori/pemerintah/bahas-rencana-kerja-perekonomian-sekda-aceh-bidik-investasi-dari-rusia,"Bahas Rencana Kerja Perekonomian, Sekda Aceh Bidik Investasi dari Rusia - DINAS PENGAIRAN ACEH",pengairan.acehprov.go.id,extraction_failed,2026-09-12 11:01:55
https://news.google.com/rss/articles/CBMirgFBVV95cUxONFNCRE4xRmxycm9vVnRybXYtS1FFUUplVFA3aFFwRnVsUl8taTliUkVxazZFeUpNTjRyYnJGd2wydHZ5d29vMUhJV0pRY2RsbWZlRzB0VWZNVU5xbXlxOEdrcVBUMnloZlVicFFvRm9aeHZBNExMSmxscVRRSTBwOTdycTRtUG9ObnRPN1VOMUlMWEpnZk9fUDV1eVZIVWFvMVJ6U1QwUldoX053QXc?oc=5,https://www.acehprov.go.id/berita/kategori/ekonomi/aceh-catat-investasi-rp4-16-triliun-pada-triwulan-iii-2025,"Aceh Catat Investasi Rp4,16 Triliun pada Triwulan III 2025 - Pemerintahan Aceh",acehprov.go.id,extraction_failed,2026-09-12 11:01:56
https://news.google.com/rss/articles/CBMizwFBVV95cUxPWmpKQ1pndjV0dTdXSnFLNlJkZFFpRXNqcGVVV29MU2R0QUxWd2RsVl93XzlCeWw2VGlkZHJwSFNkRFV5ZHRLbmFfeDJFT0puNUVkOGRQV2d6Wm5ScFloaDNvYVl3MjRKOFJ4M043TGU2N3JaUGd5RTFPNkEwRHJfZ2VhUEdVOU5NUmZTVVVIeG5wS3ZrWlNVMVA0RHd6WTF2alNqYW5LakdKRWNLby1TUTB2ZUR4bnAxRFMwQWVZV05PNFN3TDA5OFozSjNIclk?oc=5,https://acehtengahkab.go.id/berita/kategori/keuangan/didukung-bei-dan-rhb-sekuritas-kampung-paya-tumpi-i-gelar-bursa-investasi-digital,"Berita Didukung BEI dan RHB Sekuritas, Kampung Paya Tumpi I Gelar Bursa Investasi Digital - Pemerintah Kabupaten Aceh Tengah",acehtengahkab.go.id,extraction_failed,2026-09-12 11:01:56
https://news.google.com/rss/articles/CBMiiwFBVV95cUxPSVJPbE55T0Q1WXNUZDl4cWRJSE4yLTdaZTZfNW9uMTRQUGdOSUdKNTRBMWNNZ3ZwdFc4RHZScEE4TW1wblNER0JEcWd2OFE1VHRIdmdBNlFnaUNyeUFmYU9lQVl4UURxemlfSklyRlN5a3kwWGZKd0tETW1sNXYxSnZhSzVvRE5JalpB?oc=5,https://www.acehprov.go.id/berita/kategori/umum/menjadikan-aceh-destinasi-investasi,Menjadikan Aceh Destinasi Investasi - Pemerintahan Aceh,acehprov.go.id,extraction_failed,2026-09-12 11:01:57
https://news.google.com/rss/articles/CBMikAJBVV95cUxQVTVhUENHdmFsWVN3bmV6VXFDd1Q3aXg4MllybzZSMUdCcDFaTGRYdFZCNHY4dHdPNUpNM3RkWGFEVm9SWXhQRS1qcEpYbTZYcDVyR1QyVmxBV082Y1YwWlhVa1JFem5NNkpEWndiUWZ2eFdGdjlvTE1UUUZ3NEs1ZDBMQV93WGQ1d0VqSU8zUnpsSEN4aGlIOTF5SjlyUENSOXZ3VWZNcmVfLW1sR0laZ1IyTjVRV3BtVFk0NnZLQmRBTHNMcXhjNzdIWjhXcF9vMFVRc2VnaUlVMm5Mb2NXN25tOVFjUmRqMTFJY1pLU3lvd2NUZkxHNDFHVUFVM0lOeTZ0Uy1mUkFhR0hybjZzTw?oc=5,https://bpsdm.acehprov.go.id/berita/kategori/aksiperubahanpka/optimalisasi-layanan-konsultasi-online-investasi-koin-kek-pada-uptd-administrator-kawasan-ekonomi-khusus-arun-lhokseumawe,OPTIMALISASI LAYANAN KONSULTASI ONLINE INVESTASI (KOIN) KEK PADA UPTD ADMINISTRATOR KAWASAN EKONOMI KHUSUS ARUN LHOKSEUMAWE - BPSDM Aceh,bpsdm.acehprov.go.id,extraction_failed,2026-09-12 11:01:59
https://news.google.com/rss/articles/CBMirwFBVV95cUxNZVMxaGJ3Yi1tYUtqSF9xTFY2WGg3aFBOMnZLdzBiZnFUcElYOG1nSHRCRjhJUFdCWTgyXzdFMW5LX1pUM3lrWklOcFMwQmh0WVpxT1dzSmF1RkRHOWVwR1pfUWFvS0dKaDFpZl9LWUc0UE9kbmxjckRuWVFiWFd1cTdXZHZQVGlOcmVvamU3NFphcmF3dFRNVGN3NXFIRUVfcERPWERUd2puWUd5MEVj?oc=5,https://acehprov.go.id/berita/kategori/ekonomi/investor-malaysia-tertarik-kembangkan-sektor-peternakan-di-aceh,Investor Malaysia Tertarik Kembangkan Sektor Peternakan di Aceh - Pemerintahan Aceh,acehprov.go.id,extraction_failed,2026-09-12 11:01:59
https://news.google.com/rss/articles/CBMiywFBVV95cUxOZnUzOVhxYzJtQklPMHlqQmVXNG54eDQwYThoMU1nZmtqLXp6NE1CdnkwbzJ4ZmRUSzZXWXZ2SV9CdzJMSER0emhMY05KeS1ackkweWh1MFM3dWxYbGQ5VG9hNGhfa3pYZXJiVUNiNWdzcy00RFZ3VEd0YkFObWhXcjRoNnUtVURsUVBzRGJCWUhnU255Rnc5bGxkUktlcEFiOHA1bkxKRFBxS1ZIbGJPdDN2YU54MGtDQ2FQcktFZnFaS19UVEhPT3d3TQ?oc=5,https://diskominfo.acehprov.go.id/berita/kategori/pemerintah-aceh/gubernur-mualem-paparkan-potensi-investasi-di-forum-aseantiongkok,"Gubernur Mualem Paparkan Potensi Investasi di Forum ASEAN–Tiongkok - Dinas Komunikasi, Informatika dan Persandian Aceh",diskominfo.acehprov.go.id,extraction_failed,2026-09-12 11:01:59
https://news.google.com/rss/articles/CBMixAFBVV95cUxQcDJ3Y0w3cFpYVDlqQkd4aDFtUnB0eWJsVzF5ZzJ4MkQyNUFDaEJCQXlaNTQ4aURYSkdGUjNHalVvSzl2eWJSTkh3OHRDSEpVSlpkbjhaLThnZ2t5ZmhvY29YanRnR3R4cjZ3VWQ2SnR5U19UWDVtby1kckNZc0NMcmpJVTVFYUxncU41Z2tfRTBBa2tBcDNaZ2xibUxzRjFmZFJpLUFxT1JOUGF0UkJZSjdzV0I1OS1qYlFJbEt4YUVEZ3Vt?oc=5,https://www.acehprov.go.id/berita/kategori/pemerintahan/pemerintah-aceh-dorong-investasi-melalui-blueprint-dan-insentif-bisnis,Pemerintah Aceh Dorong Investasi Melalui Blueprint dan Insentif Bisnis - Pemerintahan Aceh,acehprov.go.id,extraction_failed,2026-09-12 11:02:01
https://news.google.com/rss/articles/CBMiswFBVV95cUxPdnJUZERfVGpxN3AyM2tlZDhJdGx0LWhPRUFjeUQtem80Mi15R0JTalgtMmFvR0gzak5vZ2VzSFpnX0RnYkRsLXViSThzb01nYVdDWHNuaXo5TXFVektSSjhYQWhOMTlGNUQyZVB2d2h6cW1JQlZ5WjY0SHVrSFdpVlJ6c2Z1emVFRlpOcXVhakNhLUlyTnFxbEkxZ0wtVjRjNDRnanhvUkYzcTZEUFpWY2IxMA?oc=5,https://www.acehprov.go.id/berita/kategori/ekonomi/investasi-faktor-penting-untuk-dukung-pertumbuhan-ekonomi-aceh,investasi Faktor Penting untuk Dukung Pertumbuhan Ekonomi Aceh - Pemerintahan Aceh,acehprov.go.id,extraction_failed,2026-09-12 11:02:02
https://news.google.com/rss/articles/CBMivAFBVV95cUxQUS1Nc01lUk1tY042QTJydFZPZHNMVnJBSURhdFpZbjUzSkFrYklHRllYMWdQaWF1SklydkRpNGV0S0xZYi0yUU0xMkh6RndaYXMycHo0cUg5U2xPVkNFNzZPdEV5SDJLZ1VKTERmRklacnUtN0E2NVFPVXd6eWhySy1Jakp5RVhZamxFMFF1RDlnaEU5STE2cVE0eVdhZmUtUGZUMi1IRU13RE5Od3JQblhnMDdWMGJyZk1HWA?oc=5,https://dlhk.acehprov.go.id/berita/kategori/berita-aceh-terkini/konsorsium-arab-minati-beberapa-sektor-investasi-di-aceh,Konsorsium Arab Minati Beberapa Sektor Investasi di Aceh - DLHK Aceh,dlhk.acehprov.go.id,extraction_failed,2026-09-12 11:02:03
https://news.google.com/rss/articles/CBMi4AFBVV95cUxQVmI4ME5GRGRKRVJZLWZ5WUx3cEw5ampmaDZqUWFTaWE0TXZNdmNDek9penJyTUFXSVBsd2Q4LVRWbDhXYXdKMHJjM3o5M1k2VmVDMW8tQ0xZeEVVSjRVY2NMZk9xS3FQVW5ybWpFbWRwSm94aU9wQkZPMnIxd3c2TnFKWHJfbzBwMXplNlRKRUFQbks4cko2Z0JJNjhab2YxVGo3NHNqOFVYNTVWZnhZMmtQRzNEeG1zTmhLYWJFUFdVN1pRbV9Fel90QkJpZ0xxWFdrUGlUMUdBLUZZRURBRA?oc=5,https://dlhk.acehprov.go.id/berita/kategori/berita-aceh-terkini/pemerintah-aceh-dan-pt-flora-agung-bahas-potensi-investasi-sektor-strategis-di-aceh,Pemerintah Aceh dan PT Flora Agung Bahas Potensi Investasi Sektor Strategis di Aceh - DLHK Aceh,dlhk.acehprov.go.id,extraction_failed,2026-09-12 11:02:03
https://news.google.com/rss/articles/CBMi4gFBVV95cUxNcFNDbUhjeDkzX3lVa0ZXNHFIMlZzNDhCSjhZSmRRdWhKc2RhQjlJWUNyeHlHckZITm5wWm5NVnB6bktzdUVDelctYUlnb1hLSzNUSFZFbUVaSnJDbkg1ZldxZWdOLUpBWVFVMWlFNWs4T2hKcVcxZHI1SFMzbDI1bmRpblVvM3JYLWlraGQ3a1pKQ2tFaS15MmdacjRuQTdRMm9zc05ETkhRWkEwZTdiNEVnYkZXYmEzcGF0UWp1WHIyMDJRdUVRMW1kNm9wdUxSV3NvRl9GLWxqcGJpU0lzOUZR?oc=5,https://www.acehprov.go.id/berita/kategori/pemerintahan/wagub-fadhlullah-buka-musrenbang-rkpa-tahun-2026-dan-forum-konsultasi-publik-rpjma-2025-2029,Wagub Fadhlullah Buka Musrenbang RKPA Tahun 2026 dan Forum Konsultasi Publik RPJMA 2025-2029 - Pemerintahan Aceh,acehprov.go.id,extraction_failed,2026-09-12 11:02:04
https://news.google.com/rss/articles/CBMijAFBVV95cUxNc1hmczVOV1N3NG9hVm9YTHF0OER4ZlJMVmdhT0dJbkxLMUxoXzVibm82cHRJVEtYQ2xzN1NFLVd5eHQxc0lYcHFoYWxCdm0zWnZYdkFvX211ZVJ0dDQ5X0pva1RjNVc0Szk5Nm01XzBSSDRXWWIwU2ZYUHhESkY5MzhGbDhGT1B0YTR3VQ?oc=5,https://minanews.net/kopijan-kedai-kopi-keliling-milik-pengusaha-muda-di-pidie-aceh/,"Kopijan, Kedai Kopi Keliling Milik Pengusaha Muda di Pidie Aceh - Minanews.net",minanews.net,extraction_failed,2026-09-12 11:02:05
https://news.google.com/rss/articles/CBMi5gFBVV95cUxPQ2FDOGkyNVBOSmpBUjFuaHJOVzhaN0ZCSHhzRGNrTXA1ZU5UazlZWWVZdWxtTkpqWXE1TmR0MEtSNklYSHFTUHlfd2Iyb1pvN2h2aG5VV0hoMHV1SFlDWEhNN2NFVDhheU51S19ORk53aFQtZkdsZy1iOXJWeFlVbnBrLVdjbmhLczhuZFhzcDhjbkUwbEdmNUNHVVNlVWRYZFFTVVBpM3VXeUFvSzUyZVZ6X1FLRnc0VmlORFhId3did1hsUERocWJBRHFyOGU4dkJwRno4MGdSMDU2OU9HOHlZX3ZrQQ?oc=5,https://www.acehprov.go.id/berita/kategori/ekonomi/gubernur-sambut-dubes-uea-dan-direktur-mubadala-energy-di-meuligoe-bahas-kerjasama-investasi-di-aceh,"Gubernur Sambut Dubes UEA dan Direktur Mubadala Energy di Meuligoe, Bahas Kerjasama Investasi di Aceh - Pemerintahan Aceh",acehprov.go.id,extraction_failed,2026-09-12 11:02:05
https://news.google.com/rss/articles/CBMiowFBVV95cUxPSWwyazQ4UkhTRVdYbElSZWZHRllpYlRobWVYQ3MyVFl6dUNaRkhhRm51SFNjZzF4UkNvbXhKeGNiSkxwZS0tWml4bEFMSFRLUk5KN2hKUW8yb3lCaVFhOXFkYmluVnBYbm5NaGZnSkhIdVJvRTNtTWpFVVFiMUYzZkUtbmFkelN2X0VidHFkZlRBa0pvMFVrM2Fmb1BqemF6VHNz?oc=5,https://acehprov.go.id/berita/kategori/ekonomi/investasi-ternak-sapi-di-aceh-besar-sangat-menjanjikan,Investasi Ternak Sapi Di Aceh Besar Sangat Menjanjikan - Pemerintahan Aceh,acehprov.go.id,extraction_failed,2026-09-12 11:02:06
https://news.google.com/rss/articles/CBMisgFBVV95cUxPeUNsblB6T0o2VGdfQ1hpYlgxZTBNc2JFTzJ1cW8zRUR5bnp5akF4ZTAyd1dhN0VyMmcyQUg2RFpxRVBHYUlVRUFRT0VCYlJCZk5hSTJjYUtMeDJhU0E1b0FFR0lHZC1qMkk4SzV0a3FHUU1mSVRfc1FNaDdxR3M3aUpkYjc2UG9XMGR1bHppYmgzeXVPUXBzMHIta01jZFBvSWp6TkpTV2taLTd0LXk2Y0R3?oc=5,https://bpsdm.acehprov.go.id/berita/kategori/sosial-kemasyarakatan/bpsdm-aceh-raih-penghargaan-mitra-berprestasi,BPSDM Aceh Raih Penghargaan Mitra Berprestasi - BPSDM Aceh,bpsdm.acehprov.go.id,extraction_failed,2026-09-12 11:02:19
https://news.google.com/rss/articles/CBMigwJBVV95cUxNRFlvNkYxVnRZeEhxajJPOWxEcVR5TnNBX19aaTdKUU56aFpXMl92QzdYUWFnTHBPWldIWDNvNHRpQ2hmWjFxQk8tekktYmhtaDNBYUprUWMyZFptTzh2OGNLeDNVYmNHSkdNX1JnQTNYc25NaVFUbGd1VVJWc0ViWUI1TXQzaGFLd0QxdWtpdkJ0cUZmdlJka0FidHJGclVLODd6bHNUY3ItRnRhMm9OQlZJaTdFUHZMQ0oyWGpUZ2VKWmU0NU5Udkl6XzRxVUxrRFNMSmdmMjZROUFPSURTbFEyQ1dHRW04M1dtZG9Kb0hnMDF6ZkZ5ZXIzWmVjMkxCeU13?oc=5,https://acehbaratdayakab.go.id/berita/kategori/pendidikan/kementerian-komunikasi-dan-informatika-menyelenggarakan-program-digital-talent-scholarship-dts-untuk-fresh-graduate,Kementerian Komunikasi dan Informatika menyelenggarakan Program Digital Talent Scholarship (DTS) untuk Fresh Graduate - Pemerintah Kabupaten Aceh Barat Daya,acehbaratdayakab.go.id,extraction_failed,2026-09-12 11:02:20
https://news.google.com/rss/articles/CBMiZ0FVX3lxTE42QVI3aVl5d0l5SS1qc01JdExxdGFITUJZOUREVElSdDdBN2ZDaFNib2ZBYl9PSTFPcHB0cS1Fd1BTajVnN0M0UTBULXlPREFmVWkxaFRUTERvbGY5LS04UmZBMENhS3M?oc=5,https://coinvestasi.com/berita/web3-university-tour-aceh,Tokocrypto dan Binance Academy Dorong Literasi Blockchain Melalui Web3 University Tour Aceh - Coinvestasi,coinvestasi.com,extraction_failed,2026-09-12 11:02:20
https://news.google.com/rss/articles/CBMiwgFBVV95cUxQT2ZDeTR6RjB3SWl0ZjdyaEJibFhMTG1uand2WWVGREdtN1o5ejB3UmpoUXg1OXptWFZPVXp5eno1OXNjR2RBamplMlM1VGZaN3pScEZ0bG5Bejd6emQ0OWh1d0tnRkxTUUdkX1I3ZEZqRWlRa2RjQVM3WHZBWGFDMU9zcXFhaFlyOVcxeG8tdlc5TERMMGdsSDlkOWhac1o5NzItWDNqMjNuTFhEUFo1cmMtbXBuNjhtTGQwTkhSWE81QQ?oc=5,https://diskominfo.acehprov.go.id/berita/kategori/pemerintah-aceh/pemerintah-siapkan-tiga-fase-transformasi-digital-nasional,"Pemerintah Siapkan Tiga Fase Transformasi Digital Nasional - Dinas Komunikasi, Informatika dan Persandian Aceh",diskominfo.acehprov.go.id,extraction_failed,2026-09-12 11:02:21
https://news.google.com/rss/articles/CBMitgFBVV95cUxPY214SVFVZ3BDbWdyNUhudW9XYnNlQVA4ZW1kNUFka1RHaVpQWnhQc0JEWmlaMDRkSi0zbkluMmdfbGYtV0ZFczdJcmNPUnZ2Yk5CTy1FQXhyUGdRbm1zQ0pLNDQ2ZzdpYmFUTGhPWktseUFEXzluOXBlUWp5d2JmdTl0Ul9iOVg2OF9qaG1SUjJvZmVGbEQxTklmX0xvUnV2ckU5U3diTmdaUjJKYUNna1h4dUd4UdIBvAFBVV95cUxQR0txM1dLNkdtUmpXMHMzVUNuSlJjNWFiYVVaMEpOLXZYSmg3dVpmdzZoNk84NFhkRWthV3RvekE1QWVVOFZISURlVnVFcjZRYllhNUhYalRGNmpaX2JCcHh3aGFhb01fM3BMMWlXQXdPWXJnSmlsMmtKd3pmRVZOZlB2d1lkUlRob0lHcDJCaXdmcXMyOHgtWVJqSWg4VTJzc19uQW5xb2NTZWlwUzgyb0hSaVlyZGtRU2E3UQ?oc=5,https://www.mobil123.com/berita/bus-trans-koetaradja-aceh-pakai-teknologi-canggih-transjakarta-kapan-menyusul/67416,"Bus Trans Koetaradja Aceh Pakai Teknologi Canggih, TransJakarta Kapan Menyusul? - Berita Otomotif | Mobil123 - mobil123.com",mobil123.com,extraction_failed,2026-09-12 11:02:21
https://news.google.com/rss/articles/CBMitgFBVV95cUxPUVc3ckRjby00dktKOTJ6RFA2eU9IOGdLa2IxUzBqbHA0bHlPa2ZOeUZpVEdaaXhSeU1LTi1haE04WGNvNVVMMXlnWWRnOUpzeXVpX2Vxa3p0NWFoRGVKbmcwOTFFbzl1UlVDSl9Xa2E4dEhFdnpvU1RjbjVBMnR3Ml8tNHVtbUFBX0xaSWtYeWNTVUlQWTFCRDVGR2NaMVA3SUJnTzE1QnBfVzM0RXZncERjVTBTQQ?oc=5,https://diskominfo.acehprov.go.id/berita/kategori/pemerintah-aceh/wamenkominfo-ri-beri-kuliah-umum-di-uin-ar-raniry,"Wamenkominfo RI Beri Kuliah Umum di UIN Ar-Raniry - Dinas Komunikasi, Informatika dan Persandian Aceh",diskominfo.acehprov.go.id,extraction_failed,2026-09-12 11:02:22
https://news.google.com/rss/articles/CBMixAFBVV95cUxPLTYtNDNmSHZTVV9adVhtWmtoX0FpX0xqZkI5UnZuQ0tlYVZmOTFFaS1ZT0xrUkZWeTBOOXdGOEZrQ0k3R3NDZFp3SzNPSGthS1MxN09sWEh1TGpHQlk0UzVWTlJ1Y2ItQUh5T3AzU2stUTZIUm83WndaYWc0b3JiVms4ejVfay1IUGFlN0QwcFVzVUJqR0dLcGRHU3RsN0lUWkdFWHg2NXd4U3h4ZkNFVnB0YTNzVzRhVHRmckxTMVEtcS1F?oc=5,https://www.acehprov.go.id/berita/kategori/pendidikan-pelatihan/kemenkominfo-ri-laksanakan-roadshow-di-universitas-syiah-kuala,Kemenkominfo RI Laksanakan Roadshow di Universitas Syiah Kuala - Pemerintahan Aceh,acehprov.go.id,extraction_failed,2026-09-12 11:02:23
https://news.google.com/rss/articles/CBMizAFBVV95cUxPZEFTMEdZbmtya3hWNGFzNTN4ajZzeERyYzUwbjAtUmFYT1JSYzZzNF9JNk1CU3hLRk9US09EZW5McGhlUDgtdFpvQ183ZTVHMFFJa1F0SEJvdXZDbXZtUVR6RWRKSmhtamtDMzFtV3ZhWGFsYWY4UjFCR3M0VkdZUGtMalJvMHJOd3loX2R1eVRUdGp2N0pEeUhZOFYyandUV0Ntdjd2dWVKc1dLN1JQNmJtZHdTcW0xdVU5dXF1VFBweU1UYnFPdjRmWjg?oc=5,https://diskominfo.acehprov.go.id/berita/kategori/siaran-pers/press-rilis-organisasi-digital-nasional-pertama-resmi-dilantik-di-aceh,"Press Rilis : Organisasi Digital Nasional Pertama Resmi dilantik di Aceh - Dinas Komunikasi, Informatika dan Persandian Aceh",diskominfo.acehprov.go.id,extraction_failed,2026-09-12 11:02:24
https://news.google.com/rss/articles/CBMi0wFBVV95cUxOOFpZSk85ZUZsLTkxSFlWclVWSEFxUGFTejNpcnF4TVB1X0RqVUFmeGZlWTQ0NHVaUERXc3NQcHJ0cmpaS190YmFQeGRfYmdob0hjcDZJRTF6aXpqREVfNHFiLVIyRkRIZHdhYW1yLW1PcGtiZzlqRmZoQWQ1R0ZWN0ZLVlQyMGJUVnNjRnVYR3NQODg1cXpSeE9CaHlqS3lrRXh4bi1tN2VUWGI5SDl1TFdQdDZPQUx3eGpaZjRGNldZb05wVFBOMGpfZmxEVG5wYXVj?oc=5,https://acehprov.go.id/berita/kategori/pendidikan-pelatihan/nayla-muthia-ramadhani-azzahra-juara-i-anugerah-kihajar-tingkat-provinsi-aceh,Nayla Muthia Ramadhani Azzahra Juara I Anugerah Kihajar Tingkat Provinsi Aceh - Pemerintahan Aceh,acehprov.go.id,extraction_failed,2026-09-12 11:02:31
https://news.google.com/rss/articles/CBMitgFBVV95cUxQU1FxSkZfY3I1VVd2QU1EaHBodXBUTVhHcWxJbTRJN2psWFhDZXJNbm1fWHNWNDYwVjZOTmNmTmFzTzQ0YXJKaHZ3eWFVbWwyVDFqMk9ZUDMyczhQS2dqTmNhaF9FejViSmNEbHdYbGhvdG1DX3liczFiemVyWEQ4cGd6V1NOd0ZCN25MdGFGSUg5TmlqQW11U0lYUHhnS1Q1ZUVHMHo1N25ZNVE5Z3RwMEs2X0I2dw?oc=5,https://herald.id/2024/11/13/menteri-abdul-muti-siap-rekrut-tenaga-baru-untuk-ajarkan-mapel-coding-kepada-siswa-sd/,Menteri Abdul Mu'ti Siap Rekrut Tenaga Baru untuk Ajarkan Mapel Coding Kepada Siswa SD - Herald ID,herald.id,extraction_failed,2026-09-12 11:02:47
https://news.google.com/rss/articles/CBMimAFBVV95cUxPcE5PTUlDVm9yMTJkOF95ZjhLSGhMQUwzaU1xUm5vejk0V0VCZmtndlNMdEJKUEt0NURUUnV6QlNGUzZ3VzdRTDlmTHJDQnd5cFVOVnl3QmJRbTdVXzR4bW1NZV9XSlFjdGFKMXR5VXk1a2dBN3NrN3B1RU1fTnV3WW5pcDN5b0t4R3N2ckd0Zk1yNXdmcGxfZtIBmAFBVV95cUxPanUzeXVQdWN6cVFlMVlBeFc0TzRKbVpCTW9OcUlIRlBudmgxaURpUWtSQWdRZzduR1MwOWptcldVZEQtM2MySks0TTQ4V1I0TDViYWhJRUNsM1hOVG5pd240NnQ1aDN1WllhTVk4bHBnZVcyRGxWeUZnX3J4TzBxQkI5bEVlZWJrQmtlemR3Sjk5UjNMemxtMQ?oc=5,https://ftp.dialeksis.com/aceh/185-fresh-graduate-raih-digital-talent-scholarship-di-unsyiah/,185 Fresh Graduate Raih Digital Talent Scholarship di Unsyiah » - dialeksis.com,ftp.dialeksis.com,extraction_failed,2026-09-12 11:02:58
https://news.google.com/rss/articles/CBMi2gFBVV95cUxNcnNPbkRpa3prWER3RmFaMzh0VkpWRTlGUU1OelAyU09PdTd6dzF6Z1NnLXo0eGVOdE5nU0F1ZG40WGZSSzNYT0lGTzRSdUNJM1pUbzUwRnhyU3FJVWNNVjNENkl2NWVGanFiUTFJT19zUk1IU0U0Ry0wQmIyQmxCTHhfMjhZX25rS2RhbXlTLXV0T3hlOGR1VTJrRFlDS2hpb3VkLVROdjJRMXFvZUo1Slp3WGFPNGhOaklFR0h4bTEwVHRmczlWVVllenR6ZVo5RXcxVHNrdTB2dw?oc=5,https://www.hukumonline.com/berita/a/sesuai-mandat-mou-helsinki--jusuf-kalla-usul-ruu-pemerintahan-aceh-perpanjang-dana-otsus-lt68c399763f82e/,"Sesuai Mandat MoU Helsinki, Jusuf Kalla Usul RUU Pemerintahan Aceh Perpanjang Dana Otsus - hukumonline.com",hukumonline.com,extraction_failed,2026-09-12 11:03:12
https://news.google.com/rss/articles/CBMisgFBVV95cUxOZzFMVUQyNkswbHJVMm1Fbnhna01uejRmaWxsVGE5UkdyMDdzalQyLWxMZGh1ekNyUy13UHBhMnJDNWRZTGVOa2xVcUlHZTNqcDR0TXdFTlQ0MHg4UGtJTVRFUmJpNEQ5Ykk2RE8zVHliRzhncjJob0xBQnUzb0FURWFmSVd1M0I5NzRPZkFoUEk4czFkakJpdmNIZzZ2SXlLcHo4V3ZjNlgtbURMZjU2TVNn0gG0AUFVX3lxTE9mS281YmF4MG1DZFBRRTFNUzFYTUxlekdWb0xfb3VpSENiTlhfakk3SnFRV3ZkNVFkSmMwODZNdUJxMS14TDd6eDFTT0M2NEQtc2ZmanVudlNvTXBDUmRpd0p4Y1BTM0JkVWhNbDEySl9aWE1salV4QzhiQnFsdDZIdXl0ei14bHlrVjFyQjlYNk1DcklvdzlIR1FKNDVFVm92Qk42UlNDWXJwczZTWHpBSHR2cw?oc=5,https://www.jpnn.com/news/fokus-dorong-ekosistem-perumahan-syariah-bsn-jadikan-developer-mitra-kunci-pertumbuhan,"Fokus Dorong Ekosistem Perumahan Syariah, BSN Jadikan Developer Mitra Kunci Pertumbuhan - JPNN.com",jpnn.com,extraction_failed,2026-09-12 11:03:19
https://news.google.com/rss/articles/CBMiqAFBVV95cUxNUFZjWWlwRjBLR2t1NXVYS2ZIN1dlYzdneU5MRENWcmgwRE93U0ZuSTVVSXB2bVk3Rm9iWTh4UVlweWFjYWpTUmQtaE9RZmdZbWRDSDNoZWNIRjBjWUhQX1lybzM0RThDZ28tWXA2MFdCcVpfWE1TRGVHTFlhSnlmVmc0eEVrLUpLSk5hREE4TlpVcDJ6TlVMOW16dnQyNFNGMlJ4YUFodXk?oc=5,https://www.hukumonline.com/berita/a/kpk-sayangkan-dana-otsus-aceh-jadi-bancakan-korupsi-lt5b3d1921089f5/,KPK Sayangkan Dana Otsus Aceh Jadi ‘Bancakan’ Korupsi - hukumonline.com,hukumonline.com,extraction_failed,2026-09-12 11:03:23
https://news.google.com/rss/articles/CBMioAFBVV95cUxQMFE5aFEyYndWTURUS1g5ZUJCa29CWW1MeE16QlY3U3pPbllNYXhVY1AwN0lwQW5QWVRldXowWGZ1bzEyUDVldlFpbUhvWXgtX2ZIcXdwVkxXMFJzYVFOazNhSVJXWldfX1JtaS1wbFg4N1hkdkFxUGZzZDdOb0Jid2puNkFrcE1sUGx2bEJTTmpNX25LSUFIMXdiQWZnSm9l?oc=5,https://www.komdigi.go.id/berita/pengumuman/detail/ratusan-anak-muda-aceh-dilatih-wirausaha-digital,Ratusan Anak Muda Aceh Dilatih Wirausaha Digital - Kementerian Komunikasi dan Digital,komdigi.go.id,extraction_failed,2026-09-12 11:03:42
https://news.google.com/rss/articles/CBMirwFBVV95cUxPVTBGTVZXUEVXQUxHTXV5YzhmQl9QTUNSMjhpQnRKeGpsSHh5d2ZMUWhDYkx1T2Z2bEVLMGE2LWNLQnFzcENWcU1rSmZmblRSeDFkOTJNRW1VS1lRMDF4TC1HZ2x2UzYxcngwRWRLS2RyV2hfMjl5cllIRklGMlN2R1pvajZWcjJSRVVxelZZam9aa0lCMm5OZjZtai1maFVPQVBoTVB1WkQwRWFUMFNN?oc=5,https://acehprov.go.id/berita/kategori/ekonomi/lhokseumawe-siap-promosi-produk-unggulan-umkm-di-level-nasional,Lhokseumawe Siap Promosi Produk Unggulan UMKM di Level Nasional - Pemerintahan Aceh,acehprov.go.id,extraction_failed,2026-09-12 11:04:09
https://news.google.com/rss/articles/CBMiygFBVV95cUxQN1FVdHUzdngwNHhsQkJhLVVlY285ZGdfVEJtYml2WVlqU3o2cm8yUjIxUnFVVzhVV1lQR0pjUlY0SjU2bjVlZUo1cTBJZkN3amgtSGdwRHhjUmQ3Tzc4MnpUeFF5dFJ5RnJLWTUyQmdTWnh1RHVPT0VGM0Y5RlA1VlFsbFd1Q042QVFBSWJORjhDRE1VdXRmV2FxTmxrN2hXM19YMklpZ2ZxLXdnLUdMSllvbXQtMXh4aGctR2lxUE1NTjRTcFlNX2Nn?oc=5,https://diskominfo.acehprov.go.id/berita/kategori/pemerintah-aceh/pedagang-umkm-lhokseumawe-antusias-sambut-penjabat-gubernur-aceh,"Pedagang UMKM Lhokseumawe Antusias Sambut Penjabat Gubernur Aceh - Dinas Komunikasi, Informatika dan Persandian Aceh",diskominfo.acehprov.go.id,extraction_failed,2026-09-12 11:04:12
https://news.google.com/rss/articles/CBMitAFBVV95cUxOM2d3cS1FZk1hNzJwTXVCd3NGNzJJVzRzbjZneDZ6UmpHd0xoNU01clc1cTJZM250Z3pBbDhpSHVnNWN3UzJuSDdYOWtFb3FoNUNKVkRjQWh2eE5lWDc1MllGa0dvRFRHVm1jQ25qX0ZSZ1E4OEd5cjJqQ01JRXV5YVdackJZdTdkM2RYamY1R1BSMWd0N1ZrbXQ3S29TT285aWRocG9TT0dSei1UdTlCeXJSaWI?oc=5,https://www.acehprov.go.id/berita/kategori/pemerintahan/kajari-lhokseumawe-disperindagkop-teken-mou-pembinaan-umkm,Kajari Lhokseumawe - Disperindagkop Teken MoU Pembinaan UMKM - Pemerintahan Aceh,acehprov.go.id,extraction_failed,2026-09-12 11:04:14
https://news.google.com/rss/articles/CBMiugFBVV95cUxOZkxGZUxVaUhpQktXU1h4OWphRzhRc3ZCc3l0dGpmUjY5SkNLbmdXT3RUMjI0TnREQ3BxbzBIT1A3SXhFbVB3a2d5QnUtX0hKemxkcTVNbElGWTA3TnMzYXJVNWV0dTQxYlFfZVFwcndtUHZaNktxT2JUa19YclpCQjB2cjNFWVRuWC16aU1hTG9vVDFyQ3BrR0kyUlptT3JhX1pxZHpnV2dFc3RIZWt6Y0xCRmRzY240M1E?oc=5,https://acehprov.go.id/berita/kategori/pendidikan-pelatihan/pelaku-ukm-di-kota-lhokseumawe-dibekali-ilmu-kewirausahaan,Pelaku UKM di Kota Lhokseumawe Dibekali Ilmu Kewirausahaan - Pemerintahan Aceh,acehprov.go.id,extraction_failed,2026-09-12 11:04:16
https://news.google.com/rss/articles/CBMi3gFBVV95cUxQTEZnTU5obnBnSHhON1NHcXhCRGVnZkR1bGtmbURGTko2QWhXUFNXem9iQWtleW5ha29xeDlkLUg0elZVbmw3bThEV1diTkEtU0x4MVRVYXVXa0NoWl9ZempwRzM4R1JselM3aDVhWTRaeXhKMVFwN1JMbXFILWpvRlJaZDBjbTdMbDM2eWYzTUNXVTVYLWlhRndRcjJKRDJlZHpBcERhbEhEYmdHd2lLcWlPcFJfNlFScm5sb3UwMDNrU1VIQjdsZXBnM3J2cmhVa2ZrTldNSzZjTXR6TUE?oc=5,https://www.acehprov.go.id/berita/kategori/ekonomi/pj-wali-kota-lhokseumawe-promosikan-bordir-khas-daerah-pada-ajang-fashion-show-korwil-i-apeksi,Pj Wali Kota Lhokseumawe Promosikan Bordir Khas Daerah pada Ajang Fashion Show Korwil I Apeksi - Pemerintahan Aceh,acehprov.go.id,extraction_failed,2026-09-12 11:04:17
https://news.google.com/rss/articles/CBMiwwFBVV95cUxPcm83QmJlWTZYeHdSOE5MUmJBbG5INmNnM1FXUGw0bXdRejBRUkZjc2JaSG5LZDJ0alNOcXhSaGl4dkRjMGM2MEo1WnBVQUlob256eng0R0l0ZTNncllpWHFuemljQ2dTZFp3SW82T0RwQmFEekVoQVc5YlpyY2NfaXAtQVVPUXExanM0aXpXT25CTjJNaWhTRlhEZ212LXhVVGdpVVE2WDBUTUFjSGkwUmgtbV9TeDlqY0s1ZWhGUm05bkE?oc=5,https://acehtengahkab.go.id/berita/kategori/keuangan/perwakilan-bi-lhokseumawe-sosialisasikan-qris-kepada-umkm-di-aceh-tengah,Berita Perwakilan BI Lhokseumawe Sosialisasikan QRIS Kepada UMKM di Aceh Tengah - Pemerintah Kabupaten Aceh Tengah,acehtengahkab.go.id,extraction_failed,2026-09-12 11:04:24
https://news.google.com/rss/articles/CBMiekFVX3lxTFBnMkpVcTBzd0xYYmdkY1NYZ2Z0R0ZuXzZSV1pJMUhxcUU2OUtHSEtXckI1OFNKYjZBMzFtclpjMzVIRU1WVFJSRDJ2VkMzdzlKdGF6M2t1TjhpSHo5bFgwTlQtbl81Q19LOHdPbG1CSDdZLVg5M0NreWln?oc=5,https://www.juangnews.com/2025/08/ketua-apui-lhokseumawe-80-tahun.html,"Ketua APUI Lhokseumawe: 80 Tahun Indonesia Merdeka, Laju Pertumbuhan Ekonomi Aceh dan Lhokseumawe Masih Terpuruk - JuangNews",juangnews.com,extraction_failed,2026-09-12 11:04:30
https://news.google.com/rss/articles/CBMihAFBVV95cUxQWG5KSHdXQWxzYVk3d3lQaHYwcDBSZDd5UmtaR0E3akRZR1lFU1FJX1pwU2p0emg2aXQyMEEwMWhwSUEyN0pMZ1FJU2d2bDBCVGRQdk1WM2dtNnNMU1Noc29VVmEyMGpqWVBwcG0ydXE4aGJMQll3WXNBVkhzc3dfazNDaUI?oc=5,https://www.juangnews.com/2022/11/unimal-dan-unsri-gelar-fgd-pengembangan.html,Unimal dan Unsri Gelar FGD Pengembangan Sentra IKM Bidang Perikanan Kota Lhokseumawe melalui Program Pengabdian Kosabangsa - JuangNews,juangnews.com,extraction_failed,2026-09-12 11:04:32
https://news.google.com/rss/articles/CBMitAFBVV95cUxQMVpVdlZBelgtTE1sTk5LNG5Fc1ZuZ0E5OTE4TkVtS2tHRjY4ZWJOVkd6WVM3YmYzT3FoNHBiWUZDNlAzMGtZTEJDbGJpUzh6blZGU0cwVDMyU285WHk4Q3doU0xYVXgyZlhoS282eUkyNEZwbXBaQjZrQk5oZGY1RlpaaFRtTlBXX0pyekxVaGFWanBMQjFvNHhwLUJZc3A3MXUwXzRkUTlhXzVoa0N2NGtPa20?oc=5,https://www.acehprov.go.id/berita/kategori/pemerintahan/japnas-aceh-ajak-pengusaha-manfaatkan-ekosistem-e-commerce,Japnas Aceh Ajak Pengusaha Manfaatkan Ekosistem E-Commerce - Pemerintahan Aceh,acehprov.go.id,extraction_failed,2026-09-12 11:04:49
https://news.google.com/rss/articles/CBMiXEFVX3lxTFBZWEM4eWt0UGhtODFpbUV3VjBMbFh5ZFp5SWl2WjZSSkJaREZqU3pfRWF6OFctVWF5VWxKSkY3cUtueHVkbncxVjczeEFLVUxfSFBrU2NhVnpTRldJ?oc=5,https://umkm.go.id/news/qqtsr5klbh6wx9uozmpnfsdr,Kementerian UMKM Hadirkan Layanan Belanja Produk UMKM Terdampak Bencana Sumatera Via E-commerce - Kementerian UMKM,umkm.go.id,extraction_failed,2026-09-12 11:04:49
https://news.google.com/rss/articles/CBMitAFBVV95cUxOSmEzVTd5b2doYXRxUllmMlFKa0IyYzFpZHBpdXlTbkllWko1R1N6SkpXN3p6M01HSWV0ekhWRk1GeFJRaFhHQWhVX3VnZkZrbnE5WnBHbVJubVg3ZG1heVRXY1FPbXdfLTBDWXVhU2k4bERRUzlVZ1NiM0ZkZFl6cHNBVnNzMzFVVUZTT0p1Z3pfWEYyNWxzVHBET0R1THRkQkRTTUFZT2RrNUhEOGNtMEJfMUs?oc=5,https://warta.ar-raniry.ac.id/2026/03/lsp-uin-ar-raniry-kantongi-lisensi-bnsp-siap-uji-kompetensi-9-skema-profesi/,"LSP UIN Ar-Raniry Kantongi Lisensi BNSP, Siap Uji Kompetensi 9 Skema Profesi - Warta Ar-Raniry",warta.ar-raniry.ac.id,extraction_failed,2026-09-12 11:04:51
https://news.google.com/rss/articles/CBMiqgFBVV95cUxNbUdOZlhRSFc3cmxBVE9odWFoX2xEQmZmM2dfLVBBeTlFOEhQb2h2YkxXM0h2QTdQNzA3d1pMVXhRSmRDRE1lbDFSX09vVHhScW5FV2kxY2hqQ21NRHlfVE1ITkQ4SDhlTWk1RTNoczc5cFhwSzNvbktXdFRQa0dMSlMxcDlJbGRrT3dhOWowWmFIbjNkU2NRQVVUUGpDdGpxMnM3bnp1bUFwdw?oc=5,https://acehbesarkab.go.id/berita/kategori/pemerintahan/warga-aceh-besar-yuk-bayar-pbb-sebelum-jatuh-tempo,"Berita Warga Aceh Besar, Yuk Bayar PBB Sebelum Jatuh Tempo - Pemkab Aceh Besar",acehbesarkab.go.id,extraction_failed,2026-09-12 11:05:01
https://news.google.com/rss/articles/CBMi3AFBVV95cUxPaXI1bW5sdFFyVGZxRlpyRHBfeFFpckhScWtPQVJlS0xya2pFV1hFYV8zQjhFSUpOdk1ENE9mMVBLeTY3RDVmMDJZd0hfUEV1MlRZQTVJTTdfWnhVVjdDRWt0TlNTVFFsVWtYcWtadmhFS3hpYTh3MWdvUEIzRTlCREtsUmxWd2FHNjBYaXZobHNZLVFmcGlsa0txSVM5Y1AyTGNzb09Rdk1aLVBCRDRxWWlJRzRFWG9CakVPbHRPTmt6blYxbGVRd1o5elc2TExPRjZ0dVMydEVlcFli?oc=5,https://www.facebook.com/medandailynews/posts/direktur-utama-pt-pln-persero-darmawan-prasodjo-menyampaikan-permohonan-maaf-kep/1431729702320957/,"Direktur Utama PT PLN (Persero), Darmawan Prasodjo, menyampaikan permohonan maaf kepada masyarakat atas gangguan sistem kelistrikan yang menyebabkan pemadaman listrik massal di sejumlah wilayah Sumatera. Gangguan yang terjadi sejak Jum - facebook.com",facebook.com,extraction_failed,2026-09-12 11:05:01
https://news.google.com/rss/articles/CBMiwAFBVV95cUxNVGxaYTlTOVpEY1Y3OVBaMWlmSG9KUHZhVDE4MTRwZEtScXV1NjZiLTRRRVoyMEY5Mnd3U0NZUzNxa3ZsZ202VEJHSUEwWWtSTWVwbE03MFJmclVXS0d0aktKeFlMNGwwYVAwZ1BHQTAzX1ZoTXlLVDRpUzNuMjVBcjZWTGxLdEplS24ydVVqNGlwUGxONUZFTjFEUlhNWHlpdVNCWmFUQ2UyWi1fOFJjdnl6QS00V2VKYUZQVFNvV0w?oc=5,https://acehbesarkab.go.id/berita/kategori/pemerintahan/pelaku-umkm-aceh-besar-ikut-sosialisasi-pamanfaatan-inaproc-versi-6,Berita Pelaku UMKM Aceh Besar Ikut Sosialisasi Pamanfaatan INAPROC Versi 6 - Pemkab Aceh Besar,acehbesarkab.go.id,extraction_failed,2026-09-12 11:05:01
https://news.google.com/rss/articles/CBMimgFBVV95cUxQR0QxTDRmOUU0NjVEZ3g4dlc1U3pKNHcwUGp5RXJJRlVDUnJRM3FHWE8zVHJZaDhZejA4ZHU1ZXkya01FblhpdkVPeGx5UmExYVpWNnFUYU90c1NaYkFDT0VIT1p3ZW1yMFFKZzdTTmhxQmlaV2xJQi1RU25Gek5MWW13SE53VkZOUDZZUVp0R18yY0RxdXUyeUNn0gGfAUFVX3lxTFB0aDZnMGdOTXhqUVpSaVY4ek5wX29zMDMwWUE3dE9BX09DUjNvdG5hbk9PRW1RQjJyc2RQMkhiblI2ZWVoZk51dGpJZWJSUjZyZFgwaGlvRm5scllNQXpwZXBLdm9iajVpWU1KSUZwb3V5MV9HY2M3WnpONlFhMjNFdVh2Q1JNLVpIU2k5TEpiVGhsUzh3NUY3dmZkVWJqOA?oc=5,https://www.pajak.com/pajak/bea-cukai-aceh-musnahkan-248-ribu-rokok-ilegal-senilai-rp365-juta/,Bea Cukai Aceh Musnahkan 248 Ribu Rokok Ilegal Senilai Rp365 Juta - Pajak.com,pajak.com,extraction_failed,2026-09-12 11:05:02
https://news.google.com/rss/articles/CBMiogFBVV95cUxPWkU2YTJvZEdzMjZtb1lHYjRETVYxREdBeVpSQUlzS3FneFZwQmo5ekNMME1VSThXT3pBWWZ2cFAzLU9xdTMyOFE5XzhlUEFiZ0M2cUJFbXl1OHhJclIxS2dZRHcydlBDbE9NOUFqTTV0NHZGSklyU2hJa29NV1NrUXF6a1Z0V0dvVE0taDdKLThNVHdLeC1CSzZwcE9TUllrSlE?oc=5,https://acehprov.go.id/berita/kategori/umum/jubir-tak-ditemukan-lokasi-produksi-dendeng-babi-di-aceh,"Jubir : Tak Ditemukan Lokasi Produksi ‘Dendeng Babi’, di Aceh - Pemerintahan Aceh",acehprov.go.id,extraction_failed,2026-09-12 11:05:06
https://news.google.com/rss/articles/CBMi8gFBVV95cUxPN0M1cWNPQ09QWGJJYVh4NXIyYktjczVLci1PSEVHT0wyN3gxM3M0d0NBbXI2UVZtbmJPTEZ6SzFEQTducWNZN2FlbGN5X0x0dzQ3RGFhaWNiWHR6dFhaYjhwU1V1eW0wYnJiZXlKRWhUQUlTNVF2cTBFekJQMmFNaWwzUFdyLVNDU0MwbE9JV1d6MXRqUWhRam5Tc01XNkJfUHhnWWVFeThyblYxSW5qRE5kNFhXLU5sekxhLUVTV0s4akNwTGVXUll6UlhLNHRJMkdnN3plaU9acXdkTG9UcjNOa2tXT2h2cDNlRGZyTV9JQQ?oc=5,https://pupr.acehprov.go.id/berita/kategori/dinas-pupr-aceh/dinas-pupr-aceh-raih-peringkat-ii-kualifikasi-sangat-baik-pada-monev-pelayanan-informasi-publik-2025,Dinas PUPR Aceh Raih Peringkat II Kualifikasi Sangat Baik pada Monev Pelayanan Informasi Publik 2025 - Dinas Pekerjaan Umum dan Penataan Ruang Aceh,pupr.acehprov.go.id,extraction_failed,2026-09-12 11:05:24
https://news.google.com/rss/articles/CBMi3wFBVV95cUxOOW8yWGFyV1RtYzB4SU1vZXlXYk9kc2M1ZUNuaWxIVDE5cXNhZXNFeUgyemU2d2NHc2dlQks1QVZyeXdsSkFTbVR1ckVZMC1HbjBWem5tMWpKN2pESHJiQmZGSTVIOEJ0WmtrTWY0VXJ4WGk1eFpqOG5ZZW9fTmxEMWFteUc4QnVJUHIxRGttR2hCSEJVdmpodnAwc0Q2WFBad2hqWjJlYldBbUI3clk0OGtwWUl2YU9KOGItbjNmTDNwYkhUVkxrLUgzTmtEbEdCN3VfR3NMa2JhNTZYNTJ3?oc=5,https://acehbesarkab.go.id/berita/kategori/pemerintahan/pemkab-aceh-besar-melalui-diskominfo-raih-anugerah-keterbukaan-informasi-publik-tahun-2025,Berita Pemkab Aceh Besar Melalui Diskominfo Raih Anugerah Keterbukaan Informasi Publik Tahun 2025 - Pemkab Aceh Besar,acehbesarkab.go.id,extraction_failed,2026-09-12 11:05:25
https://news.google.com/rss/articles/CBMi0AFBVV95cUxQVEhWNlhKekFVTERac1FWMTFLUllHOEFwVE1DX0FtOGNpS0ZoLS1IeDZWNmVQMEplaEFrRFRIbWstdjhDNkJQLW5ZS2RTRkpNR1Z0aXNEX2FVN1piaDhpeWFuNEhaTU9ma0RmX201STdzY1RWcmw0S3BudFpVQmlucEEwV0drNzVlaEM0cU5fNTVOZGsyR3B0emhhX3ozdktIV1htd21NQlVXWmdKbHZyYVI3b3FBLXVUZWNzLXBtV2RvbUowaGViU0ZXNDFCYTc1?oc=5,https://kepegawaian.acehutara.go.id/berita/kategori/kabar-terkini/aceh-utara-ikut-pembinaan-pemerintah-digital-dan-pemantauan-spbe-2025,Aceh Utara Ikut Pembinaan Pemerintah Digital dan Pemantauan SPBE 2025 - BKPSDM | Kab. Aceh Utara,kepegawaian.acehutara.go.id,extraction_failed,2026-09-12 11:05:25
https://news.google.com/rss/articles/CBMirgFBVV95cUxQNTJja0pKOERYT2Y1YjNzVlJjZkJ5UFY2WWhvRmY2UnJHeFc2Wl9ReWJsZEN1d1Y5RnNpOF9pbUhWUC1aTDA5QkpjOG9GSG0xMDNMejdYR2lkRWh3ZjYyUW0wVTV5SHgyQ0RjVFk3OWNGSEV1SVFGZEc2clMtSW03LUhSeXRjUTN0cWktZ2kxNjlhWjNOV0xSLUh5Uld5QmFPczBsLXR0cUMtUjkyUFE?oc=5,https://diskominfo.acehprov.go.id/berita/kategori/pemerintahan/plt-sekda-lantik-anggota-komisi-informasi-aceh,"Plt. Sekda Lantik Anggota Komisi Informasi Aceh - Dinas Komunikasi, Informatika dan Persandian Aceh",diskominfo.acehprov.go.id,extraction_failed,2026-09-12 11:05:26
https://news.google.com/rss/articles/CBMiuAFBVV95cUxQWkRaQ00wUTJRQ2RYZTA0c0Z2ZDcyalI4c3VBeVRZb3dpUUlNRWFVdGkzOXA3R3VRZ3lXOXhhX0g1Q3Vycm5fY0s5U3UwWE1oNUVJNjlsOWVsNXhMSHNnRjBORS1DdU5jczhlUU5mMmgxMEtxZVRlVlp2MVY5VlFiMy10N243UHRxQ1Q1Tjd0OEs0Vk5FSDJPNmFNX3daM2FVbVExQ01CNmhZcVVHXzZZNnpZdUVCcGNF?oc=5,https://acehbesarkab.go.id/berita/kategori/umum/disnakertrans-aceh-besar-gelar-pelatihan-komputer-berbasis-kompetensi,Berita Disnakertrans Aceh Besar Gelar Pelatihan Komputer Berbasis Kompetensi - Pemkab Aceh Besar,acehbesarkab.go.id,extraction_failed,2026-09-12 11:05:26
https://news.google.com/rss/articles/CBMitgFBVV95cUxNS0NyUHF5TWFmTmt4amxZSnk1WGlVak1sblhhRnRTeEN0YVZQUm1ZWHZfUFhqTnk3TjlXYmhEaHVERE1aUWwyQi1RVVE5T25aeFA1cHRsMkVLT0k0d0VNT0dZSXcxUFhpWG5PT0hDUDZoSmdybmR4aGw2S0JMcU9tUFdhdFh3dEhuX2NDZENqWGhKVWM2OGtpdmdMVm5DTHBwWmJ3TGdYaXBGb2M0dVcyODFnMkhkQQ?oc=5,https://baitulmal.acehprov.go.id/berita/kategori/umum/pengumuman-pendaftaran-calon-tenaga-profesional-bma-2026-2031,Pengumuman Pendaftaran Calon Tenaga Profesional BMA 2026-2031 - Baitul Mal Aceh,baitulmal.acehprov.go.id,extraction_failed,2026-09-12 11:05:26
https://news.google.com/rss/articles/CBMiugFBVV95cUxQcGdrQUhHYUpieE1GLWRtdDJtZ09fSzUxeHVMOTZWX3FrSDNqanUtZlVuSzROcF9BQXF0N3pYeDIzcUNHRzJzdEhYSUlUbjZmVTlCdE1PQ0hfekZOVmtRRGVqdHYzdWxQeDBTZ1M2RkUwZmx5Nzlxa2Z2VFhmMGRmeFhHbWFveWFCb0R6eXZmcllEUVl3TXIxNlloZkduMTRPdUJYTnJWWkk3UU5CbVdDd0hYMmhxODVFamc?oc=5,https://acehbesarkab.go.id/berita/kategori/pemerintahan/plt-kadisdikbud-aceh-besar-buka-computer-operating-for-teacher,Berita Plt Kadisdikbud Aceh Besar Buka Computer Operating for Teacher - Pemkab Aceh Besar,acehbesarkab.go.id,extraction_failed,2026-09-12 11:05:27
https://news.google.com/rss/articles/CBMivAFBVV95cUxNVS1uNW9PbThSS21STE10R0twZVdXcmtTQUxSVTRYVWVtMDQ0azdOcG1SWjdMR1RDNEE0T3Q1WFRMYWlnOWxjbjBWMnpRSGJPNkxWclNoVDhRM0MxQkladWpINWV4MmRXVVFRaFA3cU92ejl1X0NpaGQtU3hGRWJyRVB1cFNuODNNd0w0UDRocndfSlNmbjdmelRpR1RyeGxsMHJEYjZaMHRzSlI4aEJTejB2d1l0amVCd0h2OQ?oc=5,https://dsi.acehprov.go.id/berita/kategori/berita/dinas-syariat-islam-aceh-raih-penghargaan-keterbukaan-informasi-publik,Dinas Syariat Islam Aceh Raih Penghargaan Keterbukaan Informasi Publik - Dinas Syariat Islam Aceh,dsi.acehprov.go.id,extraction_failed,2026-09-12 11:05:27
https://news.google.com/rss/articles/CBMixgFBVV95cUxObHdfdW1RenBSZmI3OE80cFFrNXZQQW5ZNEdRWGdESjd3NTRHNUNyWFg0dTNDM2tqVzE1Q1JsbkVtbHlKWHlpbzVuQnRicWRXbG5TNnlfRkc1anRncEFZSzgyMlU4UE9aNmxxVmFqVlNTcTMxWmhzUEEtOHVVNnhhdDFsOEVWejh5THdDUUVDMWdmLUdNOGVUQmtWaEZ5eUpMM01ScVB4dGd0Q1lQam1mVWNZOGlOQjc5WFZiMm5EcVJWd3VxMXc?oc=5,https://kemenag.go.id/ar/daerah/kembangkan-transformasi-digital-uin-ar-raniry-jalin-kerja-sama-dengan-kementerian-kominfo-JuEyo,"Kembangkan Transformasi Digital, UIN Ar-Raniry Jalin Kerja Sama dengan Kementerian Kominfo - Kementerian Agama",kemenag.go.id,extraction_failed,2026-09-12 11:05:29
https://news.google.com/rss/articles/CBMivgFBVV95cUxPZEVES1dfajdWbzQ4eFJQVEtoWXluVnZfcXRUSTRtR1k1Y0d1UUNPQkE5UHlkTEFpNUpUUzE5bUE2Qlhsb25VMF9LeVQ1Uy1VTWhPREtKT2RSY0QtU2QyVW5wRkxlQTlXYXJmbFhOU29VOXNtaTQ5SWRiN3pYdW16RlBpcm13cTZHYWxJUmozZE9BTnNfQXpVcnhXOWx0MDR4azRtaW1YMnBHeE11bFg1UzV4RTJ6TzFiclgwN1RB?oc=5,https://medialiterasi.id/webinar-literasi-digital-aceh-utara-angkat-tema-pemanfaatan-marketplace-yang-aman-dan-produktif/,Webinar Literasi Digital Aceh Utara Angkat Tema Pemanfaatan Marketplace yang Aman dan Produktif - Media Literasi,medialiterasi.id,extraction_failed,2026-09-12 11:06:05
https://news.google.com/rss/articles/CBMi3gFBVV95cUxNdzFUelFMdi1pUnN3ZC1UQ1NHVXUwRGFKWHBpcFJnZ2hPVFRjTVdsVUlZTU1RRHhNakpRdkl4cV9PcjZqeGV6RXlCeFZ4bEJoblNOajRrbUtGZkJoRXRvRE5tc1Y4bHdTWVp5MFcydWowRlNXRDdtY3h5QzlFNy1XMVQ3aV94LXhNbzRoWE5Oakx3UDNJOUU2dzFuSlJwNGhVMGR1aFVqOVVYM1dOV2ZYMGh3R21Ecmo5ZU1rVXhUNHlCZ0M3b21obC1ZblB5bU1hbWVwUmt3MnNYTEJCc0E?oc=5,https://acehprov.go.id/berita/kategori/ekonomi/gubernur-aceh-tekankan-penguatan-tata-kelola-dan-transformasi-digital-dalam-rups-bank-aceh-syariah,Gubernur Aceh Tekankan Penguatan Tata Kelola dan Transformasi Digital dalam RUPS Bank Aceh Syariah - Pemerintahan Aceh,acehprov.go.id,extraction_failed,2026-09-12 11:06:09
https://news.google.com/rss/articles/CBMi1gFBVV95cUxQQmVrazlGQTZ4ZlBSTzFTWlNmeWpBbkVVRld4S2pycThYSy1aNXkycDNibkFCVnJvSGo4eFFwU1pjeDFrOVNGajdXSXA0SHo3dlVNVGZJZmFzRDZiN3pmVDBFd2QwS3o2bW52TGdmMnQ4OVRmR0dOLXFpb1lzZTR6WkptU281cWM4ZjI0eWJQY1RaMGVyc0FxRy03bDZRbDNZRER5cWJsaHlGMC05VGg0TXV6OFh2cWctU2l5N2FHOUthcTJpTHlxVXlPVm5ha2FiREh3a1pR?oc=5,https://bpsdm.acehprov.go.id/berita/kategori/pendidikan-pelatihan/dorong-transformasi-digital-bpsdm-aceh-latih-perencana-skpa-manfaatkan-ai,"Dorong Transformasi Digital, BPSDM Aceh Latih Perencana SKPA Manfaatkan AI - BPSDM Aceh",bpsdm.acehprov.go.id,extraction_failed,2026-09-12 11:06:10
https://news.google.com/rss/articles/CBMi6gFBVV95cUxOcUhSUmdXOTN4NDVtdXBHUGk3MzJfcVcxTTFENHdIZjVhWTlPVlJkWkRNLUFCdGZkbUtkdnJNZGRHOWtSemRmSmxhc0FweGRrZ1RqNGNFMTdrUVdob25id0VjOWVqWUc0UktLQThqTzYwekRDU25BYlZuRmNvaG4xRndRNW43b2pJZTRwNHlHWmU2ZWhmdkxqTDB0RXBqVFRTcUV1UW1EQl9SSGExdHNVcmJ1S3JNdWZlZms3OVhHUENFMzNvTVMyX29pVU1adzBheEtadEpDMGYyd0dEOHJ1VnZXN3JjUDA1d0E?oc=5,https://diskominfo.acehprov.go.id/berita/kategori/kementerian/presiden-prabowo-bahas-transformasi-digital-dan-e-government-bersama-menkomdigi-meutya-hafid,"Presiden Prabowo Bahas Transformasi Digital dan E-Government bersama Menkomdigi Meutya Hafid - Dinas Komunikasi, Informatika dan Persandian Aceh",diskominfo.acehprov.go.id,extraction_failed,2026-09-12 11:06:14
https://news.google.com/rss/articles/CBMivAFBVV95cUxNWUZ3S25UT3hxYXRBdWlFN2hzQUN3WFRMM0o2YXVwMER2REdoLXdwR2M1T1pWLWF6MXZFSFNaaEhlZDd3NUlXTnB0NFdCSlBESUdFMHRwWkFJekVPNW0yMmhGbjlBejlqR2lTLXFyMjFoZ1V1b3VRSmN5LXhzYVdBSmk3LUJUQlNHZ05UazhJYThDdlFHcW1tX0hnWFhWSVRqMFBURno4UWV4T2JmaWg5WVdndTU1WGpRNjJQTA?oc=5,https://acehbesarkab.go.id/berita/kategori/pemerintahan/mtq-xxxvii-provinsi-aceh-di-pidie-jaya-diwarnai-seminar-al-quran,Berita MTQ XXXVII Provinsi Aceh di Pidie Jaya Diwarnai Seminar Al – Quran - Pemkab Aceh Besar,acehbesarkab.go.id,extraction_failed,2026-09-12 11:06:14
https://news.google.com/rss/articles/CBMi1wFBVV95cUxNRHZGN2ItX25CVjFwOVNBZWFsYXVsWFBMMWZuUGFhMUFFRThPd1RDbGlNSDdlYVpPRHZ3MzhmV25PWEJ3UjVwd0lETFcydll5MjdsUXU5c1FCelozQk8wb1hrUjRFQkNtdEFPNnpKZXhNdUVqN05lUEM5Y2RDM2dNaG93WUtiX1BNM25Qb3ViRTRpRDNPSVNNeEwyXzItWW9KVklNZWFkeGR4ekhrcXRfMVFCZnZKUkFUTndDVmVxUVMyRVEySEMzVVZTQnozLWZmRFF4cmZIQQ?oc=5,https://acehprov.go.id/berita/kategori/pemerintahan/implementasi-percepatan-transformasi-digital-diskominsa-aceh-kerja-sama-dengan-fmipa-usk,"Implementasi Percepatan Transformasi Digital, Diskominsa Aceh Kerja Sama dengan FMIPA USK - Pemerintahan Aceh",acehprov.go.id,extraction_failed,2026-09-12 11:06:15
https://news.google.com/rss/articles/CBMizwFBVV95cUxOOV9uRG5LS2xDMERqck1HY2JoaVZDZ3dyb3hBX0dNOVF2WmlObFA0SlFZLVpNTnRWTWRvalNISW5OdWI4aW1jc3Y2bE9vUWF5bnNRZVlXbUJyRHl3MnZJNk5xcU1nTDBYSEREN1A2YTlSZ3UxSGw1aGViN3RUTGFUaGYxUU5xYXBEc2Qydy1xQ2ZJN3ZvdWstVUNTNHFCS3M0ZHMxWjNKOWRTUllNQ0RFdlI2Z0tJQzVHRW1Ud3g3SGFxajRidG9fcWdDeEpDLVU?oc=5,https://bpsdm.acehprov.go.id/berita/kategori/pendidikan-pelatihan/kabpsdm-aceh-transformasi-digital-pengelolaan-arsip-mutlak-dilakukan,Transformasi Digital Pengelolaan Arsip Mutlak Dilakukan - BPSDM Aceh,bpsdm.acehprov.go.id,extraction_failed,2026-09-12 11:06:16
https://news.google.com/rss/articles/CBMizAFBVV95cUxQdl9RQXg4dEhiQVVneEphQ1BUZHI3ZHZhQ0xnUUI1ZEZRS193dW5rWC04NmhObWxrVGM5d29wR09LSTJaM19YNTJleUhUZWhXM253NHNqaDRDUE54cXhVUGtnSXpRVElwUTdBOURhcUF3dmUxQlhOVmhkRHhrYTNQWGxqRFJvNUJCQzNEaVdkUjMwU0VXNzhoMUVKVlRtN3gyXzhzdW5xT1o1anBHYUFaZHdma1JEMjdCVHFwb2QxN1NhTDhxaFRsZnJiMXM?oc=5,https://baitulmal.acehprov.go.id/berita/kategori/umum/baznas-dorong-transformasi-digital-untuk-optimalkan-pengelolaan-zakat-nasional,Baznas Dorong Transformasi Digital untuk Optimalkan Pengelolaan Zakat Nasional - Baitul Mal Aceh,baitulmal.acehprov.go.id,extraction_failed,2026-09-12 11:06:16
https://news.google.com/rss/articles/CBMi7wFBVV95cUxPUnMxODItVG1rMkJKbHVTOEdjVWpFeWhPWUwycHJrZmJuTlBUUmdnNG1paHp1aURibzZXVndaYjR4YmFZVVlZU2xrVEZ3ZVowZWpkSFhaVHNxR1hHR3lORDRhQnJtS0RwU1JoVndVWDNiX0hvRXRpLUM2bGo0UFMzV1l2eXRXbi1MbmFTWVZjVk4xTTBwbExvVllneVZ1Z1hSUm1WRTNtTVZCcTlGdDZ2UmVxQzlGaDVSckN3Ym8tSUZldHIyQ1F5bUU1d3p6MjRYS2ZrX2lTclRXeGVCSTVtSjQ4ZWRaeVRQNUtqNHhjOA?oc=5,https://kepegawaian.acehutara.go.id/berita/kategori/kabar-terkini/bkpsdm-aceh-utara-gelar-bimtek-siap-tinjut-dorong-transformasi-digital-pelayanan-kepegawaian,BKPSDM Aceh Utara Gelar Bimtek SIAP Tinjut: Dorong Transformasi Digital Pelayanan Kepegawaian - BKPSDM | Kab. Aceh Utara,kepegawaian.acehutara.go.id,extraction_failed,2026-09-12 11:06:17
https://news.google.com/rss/articles/CBMi9wFBVV95cUxOWlZFdFFuTmRQcGtqN1RLV1ZpV3pXeFZfN052aTh3OWpoZFkxa1oxX3J3SnVSajhwRm9UWlhOM0ZCVkRvVmJnMjFWWVNFNGRMVnJLWmxVVnE5WkxHcTI1RlBNNkU5VGNQZmxweFJvS1hDT0JBaVVyX21SVzNiRnd2Vi1MZzRTSk5jbjBzc2VIRnAtMUUwQzUweUNoeW50aHVWOEV5dE10X1dTR0NxVzJ6U0pKNWNDNDJiYlh6Zy1WeUJjQ2FBS3F5Ri1pdlU4N2Vhd1hlSUVqWVM0aGI5bzEyZzBGelJGMFMwTVFFTUNnMGhERmF0QWQ0?oc=5,https://acehtimurkab.go.id/berita/kategori/berita-pemerintahan/aceh-timur-dukung-transformasi-digital-melalui-perjanjian-kerjasama-sertifikat-elektronik-dengan-bssn,Aceh Timur dukung transformasi digital melalui Perjanjian Kerjasama Sertifikat Elektronik dengan BSSN - Pemkab Aceh Timur,acehtimurkab.go.id,extraction_failed,2026-09-12 11:06:18
https://news.google.com/rss/articles/CBMi6wFBVV95cUxOMEd4YTNGbFBRQmxfY0JqSERIVTdtTUVrLXZIdUxBUHRsNVV3Uk5GbmlVdkFaRnhFZWEtMS13WUdFNGVMM2hfQnpod0RualY4d2JZcjBVUmpwazFjZk0xNUxYa3c3TXFtU3dzRm0tSnhEdzFqRkVsRjF0YVQ2bE1aSHZSN0lNVDZQSkRWYkViaTFqOTN3SWxvTE1sS2luSVN5S2JPeTJBWG1GSWJMcW9ZaE5pNXlhREJDOXk4eXk3ZnhYQXNSR2lQTDRNUGN3a2NwbTh2WXRpTUtrMG5hN3N0eXNJMHpzTTBUZ0Mw?oc=5,https://pengairan.acehprov.go.id/berita/kategori/pemerintah/wujudkan-reformasi-birokrasi-pemerintah-aceh-siap-dukung-transformasi-digitalisasi-pemerintahan,"Wujudkan Reformasi Birokrasi, Pemerintah Aceh Siap Dukung Transformasi Digitalisasi Pemerintahan - DINAS PENGAIRAN ACEH",pengairan.acehprov.go.id,extraction_failed,2026-09-12 11:06:19
https://news.google.com/rss/articles/CBMi1AFBVV95cUxNai1LWmYzelJGdWY0dDNoaUtpaGwxNFRDclpvMThsQjRUSHd2R1NWQVBNTnF5V3ZJbTNlcWRnWm1BTWE2YjFsc3IzQi1fWmRCb3FFdXZFOEVtVnlIcTBSUmFDdEdaX2ZSV3ZPcXBfb2ZMb2NqWm9RTTNaSnZ3bGxPWC01MkpkOGVkLTAtTFpwRy02TGxvV1d3Vk1OdGZrdkVFUlZfaDBpREN4eFVBb05YZ1NCM29tZEZwT3NuUW1DTGNrYUpweGsweXFTdm1HN2ZMVEFIag?oc=5,https://simeuluekab.go.id/berita/kategori/pemerintah-aceh/seminar-al-quran-mtq-aceh-xxxvii-bahas-internalisasi-nilai-qurani-di-era-digital,Berita Seminar Al-Qur’an MTQ Aceh XXXVII Bahas Internalisasi Nilai Qur’ani di Era Digital - Pemerintah Kabupaten Simeulue,simeuluekab.go.id,extraction_failed,2026-09-12 11:06:19
https://news.google.com/rss/articles/CBMivwFBVV95cUxPcXkwN3RCNkdIajdELXJXVTFZOUJqME95WURPWDA0MmdybkxIRnc2R2xWbHNhOVVwYXdDbVJ1bU1lbTIwVU9DRFA0dTE0QWlsOXVsc2FvRnBZbVdwWHI0Z3NteHpDTVNBSHAzTHJuSWlRRGUyaUJnbTlOSlZUR3locGh2VE1CdEhVN19zT01kWW9yT0pCMi01QzRDR0ppXzlzWkUwalBKRkk1SlFFV3FVM3p2SXZkbE1PbXlETjNuaw?oc=5,https://www.stabilitas.id/transformasi-ke-bsn-btn-syariah-tambah-kantor-cabang-di-aceh-dan-siapkan-produk-digital-syariah/,"Transformasi ke BSN, BTN Syariah Tambah Kantor Cabang di Aceh dan Siapkan Produk Digital Syariah - Stabilitas.id",stabilitas.id,extraction_failed,2026-09-12 11:06:53
https://news.google.com/rss/articles/CBMizgFBVV95cUxPU050SjFKdG9aT05EbHY1N0FKZTF6V2dlaVNBakZlMml6VGtid1A0Uk1mRVdkNFdydHJEdzdaMFdsZ2VyU0phWWFSWXZxTGJzd1dpSGkzeE5sYy14aXpzNnlQN3pPS3J3by12LXBJcGZ5RUNNQ0NwaE5hQWxUUEtGd2owaVdrWGpPRGNmbUVwUTQ2VlJiYk1BS1pONUxNZEdxTTZMSWJndkowQ2FTa0tBTmd0eDZhUEJfem5kWU9OT283Z2pDSU0wQW50UVp0Zw?oc=5,https://www.komnasham.go.id/komnas-ham-perwakilan-aceh-bersama-kanwil-kemenkumham-aceh-lakukan-monitoring-lanjutan-di-lapas-dan-bapas,Komnas HAM Perwakilan Aceh Bersama Kanwil KemenkumHAM A... - komnasham,komnasham.go.id,extraction_failed,2026-09-12 11:10:44
https://news.google.com/rss/articles/CBMirAFBVV95cUxQdmZzem0xcFZuRU9Bc0h2MF9DUDVMRTBnelI3R211NGJic19YbEJDY184MkRHNzRWWDVvN3Vjc3hfbGIxbVUzNTJ0Slh2SzN0REdOWVNCSGk1TW42VkpqMGZTM0h6endMb0x1aEEyN002YU4wRHdUT3U5bU9ZOHdTd2RjdEduX3RaaU9BRzFRRDRfTVEzQ3NIWENEVWRySjZSMjNrOWRMXzdNMldu?oc=5,https://warta.ar-raniry.ac.id/2025/08/rektor-uin-ar-raniry-berikan-satyalancana-karya-satya-kepada-38-asn/2/,Rektor UIN Ar-Raniry Berikan Satyalancana Karya Satya kepada 38 ASN pada Upacara HUT ke-80 RI - Laman 2 dari 2 - Warta Ar-Raniry,warta.ar-raniry.ac.id,extraction_failed,2026-09-12 11:10:50
https://news.google.com/rss/articles/CBMiswFBVV95cUxPM21Sa21mSWlCdUV0bDlJeTB0Tk1nNXJxOU1Ja2RMN2pvNFpSTHlhRzNLMHY2bmFKb3pDQVdGTmVib0pLUExvRGFmcUE3RjRnd1BKLUcweUhJV3MtbktzTUY5bVJrVU85aXY4MTNGdlpuckJfVGcxTU5ZaVAySXhxOXBOTFZndjA5eG1WUS1XdHFtTUdVWWtKaGtydnF4X2F1cHQ3VHVmYjdtZHFyX0FfcjJDa9IBqwFBVV95cUxOLVBvdzlYTUhobzU2OXhFcTA2dUNreDNZaWluZGg4d2NCN2xEakdOdF9RdkdVcVg3VXdKZndLLWVjR0xISEhCQmFLc1NFYl9iclJ4TzBDNWdrS29qVWozVGpqTkZ2QzgtdVFnVmtObE9YOE05U21iMmd3N1FGWFJFNlFDYXJRUEVLRUxZaThLTFFYc0Y5aFZtT2lIdE5FdmdPdktiS2Rkb0N0NEk?oc=5,https://voi.id/teknologi/541360/harbolnas-2025-tetap-bidik-transaksi-rp35-triliun-di-tengah-bencana-aceh-sumatera,Harbolnas 2025 Tetap Bidik Transaksi Rp35 Triliun di Tengah Bencana Aceh–Sumatera - VOI.ID,voi.id,extraction_failed,2026-09-12 11:11:36
